solid OpenSCAD_Model
  facet normal 1 0 0
    outer loop
      vertex 15 13 12
      vertex 15 -13 12
      vertex 15 13 7
    endloop
  endfacet
  facet normal 1 -0 0
    outer loop
      vertex 15 13 7
      vertex 15 16 0
      vertex 15 16 7
    endloop
  endfacet
  facet normal 1 0 0
    outer loop
      vertex 15 -13 7
      vertex 15 13 7
      vertex 15 -13 12
    endloop
  endfacet
  facet normal 1 0 0
    outer loop
      vertex 15 13 7
      vertex 15 -13 7
      vertex 15 16 0
    endloop
  endfacet
  facet normal 1 0 0
    outer loop
      vertex 15 -16 0
      vertex 15 -13 7
      vertex 15 -16 7
    endloop
  endfacet
  facet normal 1 0 0
    outer loop
      vertex 15 -13 7
      vertex 15 -16 0
      vertex 15 16 0
    endloop
  endfacet
  facet normal -0 0 1
    outer loop
      vertex -3.34835 2.34835 12
      vertex -1.72022 1.20451 12
      vertex -3.12733 2.58955 12
    endloop
  endfacet
  facet normal 0 0 1
    outer loop
      vertex -2.1 0 12
      vertex -2.26427 -4.67317 12
      vertex -2.25 -5 12
    endloop
  endfacet
  facet normal 0 0 1
    outer loop
      vertex -1.72022 1.20451 12
      vertex -3.34835 2.34835 12
      vertex -1.81865 1.05 12
    endloop
  endfacet
  facet normal 0 0 1
    outer loop
      vertex -2.1 0 12
      vertex -2.30697 -4.34882 12
      vertex -2.26427 -4.67317 12
    endloop
  endfacet
  facet normal -0 0 1
    outer loop
      vertex -3.58955 2.12733 12
      vertex -1.81865 1.05 12
      vertex -3.34835 2.34835 12
    endloop
  endfacet
  facet normal 0 0 1
    outer loop
      vertex -2.1 0 12
      vertex -2.37778 -4.02943 12
      vertex -2.30697 -4.34882 12
    endloop
  endfacet
  facet normal 0 0 1
    outer loop
      vertex -1.81865 1.05 12
      vertex -3.58955 2.12733 12
      vertex -1.90325 0.887498 12
    endloop
  endfacet
  facet normal 0 0 1
    outer loop
      vertex -2.1 0 12
      vertex -2.47615 -3.71742 12
      vertex -2.37778 -4.02943 12
    endloop
  endfacet
  facet normal 0 0 1
    outer loop
      vertex -1.90325 0.887498 12
      vertex -3.58955 2.12733 12
      vertex -1.97335 0.718242 12
    endloop
  endfacet
  facet normal 0 0 1
    outer loop
      vertex -2.1 0 12
      vertex -2.60135 -3.41518 12
      vertex -2.47615 -3.71742 12
    endloop
  endfacet
  facet normal -0 0 1
    outer loop
      vertex -3.84909 1.92818 12
      vertex -1.97335 0.718242 12
      vertex -3.58955 2.12733 12
    endloop
  endfacet
  facet normal 0 0 1
    outer loop
      vertex -2.1 0 12
      vertex -2.7524 -3.125 12
      vertex -2.60135 -3.41518 12
    endloop
  endfacet
  facet normal 0 0 1
    outer loop
      vertex -1.97335 0.718242 12
      vertex -3.84909 1.92818 12
      vertex -2.02844 0.54352 12
    endloop
  endfacet
  facet normal 0 0 1
    outer loop
      vertex -2.1 0 12
      vertex -2.92818 -2.84909 12
      vertex -2.7524 -3.125 12
    endloop
  endfacet
  facet normal -0 0 1
    outer loop
      vertex -4.125 1.7524 12
      vertex -2.02844 0.54352 12
      vertex -3.84909 1.92818 12
    endloop
  endfacet
  facet normal 0 0 1
    outer loop
      vertex -2.1 0 12
      vertex -3.12733 -2.58955 12
      vertex -2.92818 -2.84909 12
    endloop
  endfacet
  facet normal 0 0 1
    outer loop
      vertex -2.02844 0.54352 12
      vertex -4.125 1.7524 12
      vertex -2.0681 0.36466 12
    endloop
  endfacet
  facet normal 0 0 1
    outer loop
      vertex -2.1 0 12
      vertex -3.34835 -2.34835 12
      vertex -3.12733 -2.58955 12
    endloop
  endfacet
  facet normal 0 0 1
    outer loop
      vertex -2.0681 0.36466 12
      vertex -4.125 1.7524 12
      vertex -2.09201 0.183026 12
    endloop
  endfacet
  facet normal 0 0 1
    outer loop
      vertex -2.1 0 12
      vertex -3.58955 -2.12733 12
      vertex -3.34835 -2.34835 12
    endloop
  endfacet
  facet normal -0 0 1
    outer loop
      vertex -4.41518 1.60135 12
      vertex -2.09201 0.183026 12
      vertex -4.125 1.7524 12
    endloop
  endfacet
  facet normal 0 0 1
    outer loop
      vertex -2.1 0 12
      vertex -3.84909 -1.92818 12
      vertex -3.58955 -2.12733 12
    endloop
  endfacet
  facet normal 0 0 1
    outer loop
      vertex -2.09201 0.183026 12
      vertex -4.41518 1.60135 12
      vertex -2.1 0 12
    endloop
  endfacet
  facet normal 0 0 1
    outer loop
      vertex -2.1 0 12
      vertex -4.125 -1.7524 12
      vertex -3.84909 -1.92818 12
    endloop
  endfacet
  facet normal 0 0 1
    outer loop
      vertex -4.41518 -1.60135 12
      vertex -2.1 0 12
      vertex -4.41518 1.60135 12
    endloop
  endfacet
  facet normal 0 0 1
    outer loop
      vertex -2.1 0 12
      vertex -4.41518 -1.60135 12
      vertex -4.125 -1.7524 12
    endloop
  endfacet
  facet normal -0 0 1
    outer loop
      vertex -4.71742 1.47615 12
      vertex -4.41518 -1.60135 12
      vertex -4.41518 1.60135 12
    endloop
  endfacet
  facet normal 0 0 1
    outer loop
      vertex -4.71742 1.47615 12
      vertex -4.71742 -1.47615 12
      vertex -4.41518 -1.60135 12
    endloop
  endfacet
  facet normal -0 0 1
    outer loop
      vertex -5.02943 1.37778 12
      vertex -4.71742 -1.47615 12
      vertex -4.71742 1.47615 12
    endloop
  endfacet
  facet normal 0 0 1
    outer loop
      vertex -5.02943 1.37778 12
      vertex -5.02943 -1.37778 12
      vertex -4.71742 -1.47615 12
    endloop
  endfacet
  facet normal -0 0 1
    outer loop
      vertex -5.34882 1.30697 12
      vertex -5.02943 -1.37778 12
      vertex -5.02943 1.37778 12
    endloop
  endfacet
  facet normal 0 0 1
    outer loop
      vertex -5.34882 1.30697 12
      vertex -5.34882 -1.30697 12
      vertex -5.02943 -1.37778 12
    endloop
  endfacet
  facet normal -0 0 1
    outer loop
      vertex -5.67317 1.26427 12
      vertex -5.34882 -1.30697 12
      vertex -5.34882 1.30697 12
    endloop
  endfacet
  facet normal 0 0 1
    outer loop
      vertex -5.67317 1.26427 12
      vertex -5.67317 -1.26427 12
      vertex -5.34882 -1.30697 12
    endloop
  endfacet
  facet normal -0 0 1
    outer loop
      vertex -6 1.25 12
      vertex -5.67317 -1.26427 12
      vertex -5.67317 1.26427 12
    endloop
  endfacet
  facet normal 0 0 1
    outer loop
      vertex -6 1.25 12
      vertex -6 -1.25 12
      vertex -5.67317 -1.26427 12
    endloop
  endfacet
  facet normal 0 0 1
    outer loop
      vertex -6.32683 1.26427 12
      vertex -6 -1.25 12
      vertex -6 1.25 12
    endloop
  endfacet
  facet normal 0 0 1
    outer loop
      vertex -6.32683 1.26427 12
      vertex -6.32683 -1.26427 12
      vertex -6 -1.25 12
    endloop
  endfacet
  facet normal 0 0 1
    outer loop
      vertex -6.65118 1.30697 12
      vertex -6.32683 -1.26427 12
      vertex -6.32683 1.26427 12
    endloop
  endfacet
  facet normal 0 0 1
    outer loop
      vertex -6.65118 1.30697 12
      vertex -6.65118 -1.30697 12
      vertex -6.32683 -1.26427 12
    endloop
  endfacet
  facet normal 0 0 1
    outer loop
      vertex -6.97057 1.37778 12
      vertex -6.65118 -1.30697 12
      vertex -6.65118 1.30697 12
    endloop
  endfacet
  facet normal 0 0 1
    outer loop
      vertex -6.97057 1.37778 12
      vertex -6.97057 -1.37778 12
      vertex -6.65118 -1.30697 12
    endloop
  endfacet
  facet normal 0 0 1
    outer loop
      vertex -7.28257 1.47615 12
      vertex -6.97057 -1.37778 12
      vertex -6.97057 1.37778 12
    endloop
  endfacet
  facet normal 0 0 1
    outer loop
      vertex -7.28257 1.47615 12
      vertex -7.28257 -1.47615 12
      vertex -6.97057 -1.37778 12
    endloop
  endfacet
  facet normal 0 0 1
    outer loop
      vertex -7.58482 1.60135 12
      vertex -7.28257 -1.47615 12
      vertex -7.28257 1.47615 12
    endloop
  endfacet
  facet normal 0 0 1
    outer loop
      vertex -7.58482 1.60135 12
      vertex -7.58482 -1.60135 12
      vertex -7.28257 -1.47615 12
    endloop
  endfacet
  facet normal 0 0 1
    outer loop
      vertex -7.875 1.7524 12
      vertex -7.58482 -1.60135 12
      vertex -7.58482 1.60135 12
    endloop
  endfacet
  facet normal 0 0 1
    outer loop
      vertex -7.875 1.7524 12
      vertex -7.875 -1.7524 12
      vertex -7.58482 -1.60135 12
    endloop
  endfacet
  facet normal 0 0 1
    outer loop
      vertex -8.15091 1.92818 12
      vertex -7.875 -1.7524 12
      vertex -7.875 1.7524 12
    endloop
  endfacet
  facet normal 0 0 1
    outer loop
      vertex -8.15091 1.92818 12
      vertex -8.15091 -1.92818 12
      vertex -7.875 -1.7524 12
    endloop
  endfacet
  facet normal 0 0 1
    outer loop
      vertex -8.41045 2.12733 12
      vertex -8.15091 -1.92818 12
      vertex -8.15091 1.92818 12
    endloop
  endfacet
  facet normal 0 0 1
    outer loop
      vertex -8.41045 2.12733 12
      vertex -8.41045 -2.12733 12
      vertex -8.15091 -1.92818 12
    endloop
  endfacet
  facet normal 0 0 1
    outer loop
      vertex -8.65165 2.34835 12
      vertex -8.41045 -2.12733 12
      vertex -8.41045 2.12733 12
    endloop
  endfacet
  facet normal 0 0 1
    outer loop
      vertex -8.65165 2.34835 12
      vertex -8.65165 -2.34835 12
      vertex -8.41045 -2.12733 12
    endloop
  endfacet
  facet normal 0 0 1
    outer loop
      vertex -8.87267 2.58955 12
      vertex -8.65165 -2.34835 12
      vertex -8.65165 2.34835 12
    endloop
  endfacet
  facet normal 0 0 1
    outer loop
      vertex -8.87267 2.58955 12
      vertex -8.87267 -2.58955 12
      vertex -8.65165 -2.34835 12
    endloop
  endfacet
  facet normal 0 0 1
    outer loop
      vertex -9.07182 2.84909 12
      vertex -8.87267 -2.58955 12
      vertex -8.87267 2.58955 12
    endloop
  endfacet
  facet normal 0 0 1
    outer loop
      vertex -9.07182 2.84909 12
      vertex -9.07182 -2.84909 12
      vertex -8.87267 -2.58955 12
    endloop
  endfacet
  facet normal 0 0 1
    outer loop
      vertex -9.24759 3.125 12
      vertex -9.07182 -2.84909 12
      vertex -9.07182 2.84909 12
    endloop
  endfacet
  facet normal 0 0 1
    outer loop
      vertex -9.24759 3.125 12
      vertex -9.24759 -3.125 12
      vertex -9.07182 -2.84909 12
    endloop
  endfacet
  facet normal 0 0 1
    outer loop
      vertex -9.39865 3.41518 12
      vertex -9.24759 -3.125 12
      vertex -9.24759 3.125 12
    endloop
  endfacet
  facet normal 0 0 1
    outer loop
      vertex -9.39865 3.41518 12
      vertex -9.39865 -3.41518 12
      vertex -9.24759 -3.125 12
    endloop
  endfacet
  facet normal 0 0 1
    outer loop
      vertex -9.52385 3.71742 12
      vertex -9.39865 -3.41518 12
      vertex -9.39865 3.41518 12
    endloop
  endfacet
  facet normal 0 0 1
    outer loop
      vertex -9.52385 3.71742 12
      vertex -9.52385 -3.71742 12
      vertex -9.39865 -3.41518 12
    endloop
  endfacet
  facet normal 0 0 1
    outer loop
      vertex -9.62222 4.02943 12
      vertex -9.52385 -3.71742 12
      vertex -9.52385 3.71742 12
    endloop
  endfacet
  facet normal 0 0 1
    outer loop
      vertex -9.62222 4.02943 12
      vertex -9.62222 -4.02943 12
      vertex -9.52385 -3.71742 12
    endloop
  endfacet
  facet normal 0 0 1
    outer loop
      vertex -15 13 12
      vertex -9.62222 4.02943 12
      vertex -9.69303 4.34882 12
    endloop
  endfacet
  facet normal 0 0 1
    outer loop
      vertex -9.62222 4.02943 12
      vertex -15 13 12
      vertex -9.62222 -4.02943 12
    endloop
  endfacet
  facet normal 0 0 1
    outer loop
      vertex -15 13 12
      vertex -9.69303 4.34882 12
      vertex -9.73573 4.67317 12
    endloop
  endfacet
  facet normal 0 0 1
    outer loop
      vertex -15 -13 12
      vertex -9.62222 -4.02943 12
      vertex -15 13 12
    endloop
  endfacet
  facet normal 0 0 1
    outer loop
      vertex -15 13 12
      vertex -9.73573 4.67317 12
      vertex -9.75 5 12
    endloop
  endfacet
  facet normal 0 0 1
    outer loop
      vertex -9.62222 -4.02943 12
      vertex -15 -13 12
      vertex -9.69303 -4.34882 12
    endloop
  endfacet
  facet normal 0 0 1
    outer loop
      vertex 9.62222 4.02943 12
      vertex 15 13 12
      vertex 9.69303 4.34882 12
    endloop
  endfacet
  facet normal 0 0 1
    outer loop
      vertex 15 -13 12
      vertex 9.73573 -4.67317 12
      vertex 9.75 -5 12
    endloop
  endfacet
  facet normal 0 0 1
    outer loop
      vertex 15 13 12
      vertex 9.62222 4.02943 12
      vertex 15 -13 12
    endloop
  endfacet
  facet normal 0 0 1
    outer loop
      vertex 15 -13 12
      vertex 9.69303 -4.34882 12
      vertex 9.73573 -4.67317 12
    endloop
  endfacet
  facet normal -0 0 1
    outer loop
      vertex 9.62222 -4.02943 12
      vertex 15 -13 12
      vertex 9.62222 4.02943 12
    endloop
  endfacet
  facet normal 0 0 1
    outer loop
      vertex 15 -13 12
      vertex 9.62222 -4.02943 12
      vertex 9.69303 -4.34882 12
    endloop
  endfacet
  facet normal -0 0 1
    outer loop
      vertex 9.52385 3.71742 12
      vertex 9.62222 -4.02943 12
      vertex 9.62222 4.02943 12
    endloop
  endfacet
  facet normal 0 0 1
    outer loop
      vertex 9.52385 3.71742 12
      vertex 9.52385 -3.71742 12
      vertex 9.62222 -4.02943 12
    endloop
  endfacet
  facet normal -0 0 1
    outer loop
      vertex 9.39865 3.41518 12
      vertex 9.52385 -3.71742 12
      vertex 9.52385 3.71742 12
    endloop
  endfacet
  facet normal 0 0 1
    outer loop
      vertex 9.39865 3.41518 12
      vertex 9.39865 -3.41518 12
      vertex 9.52385 -3.71742 12
    endloop
  endfacet
  facet normal -0 0 1
    outer loop
      vertex 9.24759 3.125 12
      vertex 9.39865 -3.41518 12
      vertex 9.39865 3.41518 12
    endloop
  endfacet
  facet normal 0 0 1
    outer loop
      vertex 9.24759 3.125 12
      vertex 9.24759 -3.125 12
      vertex 9.39865 -3.41518 12
    endloop
  endfacet
  facet normal -0 0 1
    outer loop
      vertex 9.07182 2.84909 12
      vertex 9.24759 -3.125 12
      vertex 9.24759 3.125 12
    endloop
  endfacet
  facet normal 0 0 1
    outer loop
      vertex 9.07182 2.84909 12
      vertex 9.07182 -2.84909 12
      vertex 9.24759 -3.125 12
    endloop
  endfacet
  facet normal -0 0 1
    outer loop
      vertex 8.87267 2.58955 12
      vertex 9.07182 -2.84909 12
      vertex 9.07182 2.84909 12
    endloop
  endfacet
  facet normal 0 0 1
    outer loop
      vertex 8.87267 2.58955 12
      vertex 8.87267 -2.58955 12
      vertex 9.07182 -2.84909 12
    endloop
  endfacet
  facet normal -0 0 1
    outer loop
      vertex 8.65165 2.34835 12
      vertex 8.87267 -2.58955 12
      vertex 8.87267 2.58955 12
    endloop
  endfacet
  facet normal 0 0 1
    outer loop
      vertex 8.65165 2.34835 12
      vertex 8.65165 -2.34835 12
      vertex 8.87267 -2.58955 12
    endloop
  endfacet
  facet normal -0 0 1
    outer loop
      vertex 8.41045 2.12733 12
      vertex 8.65165 -2.34835 12
      vertex 8.65165 2.34835 12
    endloop
  endfacet
  facet normal 0 0 1
    outer loop
      vertex 8.41045 2.12733 12
      vertex 8.41045 -2.12733 12
      vertex 8.65165 -2.34835 12
    endloop
  endfacet
  facet normal -0 0 1
    outer loop
      vertex 8.15091 1.92818 12
      vertex 8.41045 -2.12733 12
      vertex 8.41045 2.12733 12
    endloop
  endfacet
  facet normal 0 0 1
    outer loop
      vertex 8.15091 1.92818 12
      vertex 8.15091 -1.92818 12
      vertex 8.41045 -2.12733 12
    endloop
  endfacet
  facet normal -0 0 1
    outer loop
      vertex 7.875 1.7524 12
      vertex 8.15091 -1.92818 12
      vertex 8.15091 1.92818 12
    endloop
  endfacet
  facet normal 0 0 1
    outer loop
      vertex 7.875 1.7524 12
      vertex 7.875 -1.7524 12
      vertex 8.15091 -1.92818 12
    endloop
  endfacet
  facet normal -0 0 1
    outer loop
      vertex 7.58482 1.60135 12
      vertex 7.875 -1.7524 12
      vertex 7.875 1.7524 12
    endloop
  endfacet
  facet normal 0 0 1
    outer loop
      vertex 7.58482 1.60135 12
      vertex 7.58482 -1.60135 12
      vertex 7.875 -1.7524 12
    endloop
  endfacet
  facet normal -0 0 1
    outer loop
      vertex 7.28257 1.47615 12
      vertex 7.58482 -1.60135 12
      vertex 7.58482 1.60135 12
    endloop
  endfacet
  facet normal 0 0 1
    outer loop
      vertex 7.28257 1.47615 12
      vertex 7.28257 -1.47615 12
      vertex 7.58482 -1.60135 12
    endloop
  endfacet
  facet normal -0 0 1
    outer loop
      vertex 6.97057 1.37778 12
      vertex 7.28257 -1.47615 12
      vertex 7.28257 1.47615 12
    endloop
  endfacet
  facet normal 0 0 1
    outer loop
      vertex 6.97057 1.37778 12
      vertex 6.97057 -1.37778 12
      vertex 7.28257 -1.47615 12
    endloop
  endfacet
  facet normal -0 0 1
    outer loop
      vertex 6.65118 1.30697 12
      vertex 6.97057 -1.37778 12
      vertex 6.97057 1.37778 12
    endloop
  endfacet
  facet normal 0 0 1
    outer loop
      vertex 6.65118 1.30697 12
      vertex 6.65118 -1.30697 12
      vertex 6.97057 -1.37778 12
    endloop
  endfacet
  facet normal -0 0 1
    outer loop
      vertex 6.32683 1.26427 12
      vertex 6.65118 -1.30697 12
      vertex 6.65118 1.30697 12
    endloop
  endfacet
  facet normal 0 0 1
    outer loop
      vertex 6.32683 1.26427 12
      vertex 6.32683 -1.26427 12
      vertex 6.65118 -1.30697 12
    endloop
  endfacet
  facet normal -0 0 1
    outer loop
      vertex 6 1.25 12
      vertex 6.32683 -1.26427 12
      vertex 6.32683 1.26427 12
    endloop
  endfacet
  facet normal 0 0 1
    outer loop
      vertex 6 1.25 12
      vertex 6 -1.25 12
      vertex 6.32683 -1.26427 12
    endloop
  endfacet
  facet normal 0 0 1
    outer loop
      vertex 5.67317 1.26427 12
      vertex 6 -1.25 12
      vertex 6 1.25 12
    endloop
  endfacet
  facet normal 0 0 1
    outer loop
      vertex 5.67317 1.26427 12
      vertex 5.67317 -1.26427 12
      vertex 6 -1.25 12
    endloop
  endfacet
  facet normal 0 0 1
    outer loop
      vertex 5.34882 1.30697 12
      vertex 5.67317 -1.26427 12
      vertex 5.67317 1.26427 12
    endloop
  endfacet
  facet normal 0 0 1
    outer loop
      vertex 5.34882 1.30697 12
      vertex 5.34882 -1.30697 12
      vertex 5.67317 -1.26427 12
    endloop
  endfacet
  facet normal 0 0 1
    outer loop
      vertex 5.02943 1.37778 12
      vertex 5.34882 -1.30697 12
      vertex 5.34882 1.30697 12
    endloop
  endfacet
  facet normal 0 0 1
    outer loop
      vertex 5.02943 1.37778 12
      vertex 5.02943 -1.37778 12
      vertex 5.34882 -1.30697 12
    endloop
  endfacet
  facet normal 0 0 1
    outer loop
      vertex 4.71742 1.47615 12
      vertex 5.02943 -1.37778 12
      vertex 5.02943 1.37778 12
    endloop
  endfacet
  facet normal 0 0 1
    outer loop
      vertex 4.71742 1.47615 12
      vertex 4.71742 -1.47615 12
      vertex 5.02943 -1.37778 12
    endloop
  endfacet
  facet normal 0 0 1
    outer loop
      vertex 4.41518 1.60135 12
      vertex 4.71742 -1.47615 12
      vertex 4.71742 1.47615 12
    endloop
  endfacet
  facet normal 0 0 1
    outer loop
      vertex 4.41518 1.60135 12
      vertex 4.41518 -1.60135 12
      vertex 4.71742 -1.47615 12
    endloop
  endfacet
  facet normal 0 0 1
    outer loop
      vertex 2.09201 0.183026 12
      vertex 4.41518 1.60135 12
      vertex 4.125 1.7524 12
    endloop
  endfacet
  facet normal 0 0 1
    outer loop
      vertex 4.41518 1.60135 12
      vertex 2.1 0 12
      vertex 4.41518 -1.60135 12
    endloop
  endfacet
  facet normal 0 0 1
    outer loop
      vertex 2.02844 0.54352 12
      vertex 4.125 1.7524 12
      vertex 3.84909 1.92818 12
    endloop
  endfacet
  facet normal -0 0 1
    outer loop
      vertex 2.09201 -0.183026 12
      vertex 4.41518 -1.60135 12
      vertex 2.1 0 12
    endloop
  endfacet
  facet normal 0 0 1
    outer loop
      vertex 1.97335 0.718242 12
      vertex 3.84909 1.92818 12
      vertex 3.58955 2.12733 12
    endloop
  endfacet
  facet normal 0 0 1
    outer loop
      vertex 4.41518 -1.60135 12
      vertex 2.09201 -0.183026 12
      vertex 4.125 -1.7524 12
    endloop
  endfacet
  facet normal 0 0 1
    outer loop
      vertex 1.81865 1.05 12
      vertex 3.58955 2.12733 12
      vertex 3.34835 2.34835 12
    endloop
  endfacet
  facet normal -0 0 1
    outer loop
      vertex 2.0681 -0.36466 12
      vertex 4.125 -1.7524 12
      vertex 2.09201 -0.183026 12
    endloop
  endfacet
  facet normal 0 0 1
    outer loop
      vertex 1.72022 1.20451 12
      vertex 3.34835 2.34835 12
      vertex 3.12733 2.58955 12
    endloop
  endfacet
  facet normal -0 0 1
    outer loop
      vertex 2.02844 -0.54352 12
      vertex 4.125 -1.7524 12
      vertex 2.0681 -0.36466 12
    endloop
  endfacet
  facet normal 0 0 1
    outer loop
      vertex 1.48492 1.48492 12
      vertex 3.12733 2.58955 12
      vertex 2.92818 2.84909 12
    endloop
  endfacet
  facet normal 0 0 1
    outer loop
      vertex 4.125 -1.7524 12
      vertex 2.02844 -0.54352 12
      vertex 3.84909 -1.92818 12
    endloop
  endfacet
  facet normal 0 0 1
    outer loop
      vertex 1.34985 1.60869 12
      vertex 2.92818 2.84909 12
      vertex 2.7524 3.125 12
    endloop
  endfacet
  facet normal -0 0 1
    outer loop
      vertex 1.97335 -0.718242 12
      vertex 3.84909 -1.92818 12
      vertex 2.02844 -0.54352 12
    endloop
  endfacet
  facet normal 0 0 1
    outer loop
      vertex 1.05 1.81865 12
      vertex 2.7524 3.125 12
      vertex 2.60135 3.41518 12
    endloop
  endfacet
  facet normal 0 0 1
    outer loop
      vertex 3.84909 -1.92818 12
      vertex 1.97335 -0.718242 12
      vertex 3.58955 -2.12733 12
    endloop
  endfacet
  facet normal 0 0 1
    outer loop
      vertex 0.887498 1.90325 12
      vertex 2.60135 3.41518 12
      vertex 2.47615 3.71742 12
    endloop
  endfacet
  facet normal -0 0 1
    outer loop
      vertex 1.90325 -0.887498 12
      vertex 3.58955 -2.12733 12
      vertex 1.97335 -0.718242 12
    endloop
  endfacet
  facet normal 0 0 1
    outer loop
      vertex 0.54352 2.02844 12
      vertex 2.47615 3.71742 12
      vertex 2.37778 4.02943 12
    endloop
  endfacet
  facet normal -0 0 1
    outer loop
      vertex 1.81865 -1.05 12
      vertex 3.58955 -2.12733 12
      vertex 1.90325 -0.887498 12
    endloop
  endfacet
  facet normal 0 0 1
    outer loop
      vertex 0.36466 2.0681 12
      vertex 2.37778 4.02943 12
      vertex 2.30697 4.34882 12
    endloop
  endfacet
  facet normal 0 0 1
    outer loop
      vertex 3.58955 -2.12733 12
      vertex 1.81865 -1.05 12
      vertex 3.34835 -2.34835 12
    endloop
  endfacet
  facet normal 0 0 1
    outer loop
      vertex 0.183026 2.09201 12
      vertex 2.30697 4.34882 12
      vertex 2.26427 4.67317 12
    endloop
  endfacet
  facet normal -0 0 1
    outer loop
      vertex 1.72022 -1.20451 12
      vertex 3.34835 -2.34835 12
      vertex 1.81865 -1.05 12
    endloop
  endfacet
  facet normal -0 0 1
    outer loop
      vertex -2.25 5 12
      vertex 2.26427 4.67317 12
      vertex 2.25 5 12
    endloop
  endfacet
  facet normal 0 0 1
    outer loop
      vertex 3.34835 -2.34835 12
      vertex 1.72022 -1.20451 12
      vertex 3.12733 -2.58955 12
    endloop
  endfacet
  facet normal 0 0 1
    outer loop
      vertex 9.73573 4.67317 12
      vertex 15 13 12
      vertex 9.75 5 12
    endloop
  endfacet
  facet normal 0 0 1
    outer loop
      vertex 15 13 12
      vertex 9.73573 5.32683 12
      vertex 9.75 5 12
    endloop
  endfacet
  facet normal 0 0 1
    outer loop
      vertex 15 13 12
      vertex 9.69303 5.65118 12
      vertex 9.73573 5.32683 12
    endloop
  endfacet
  facet normal 0 0 1
    outer loop
      vertex 15 13 12
      vertex 9.62222 5.97057 12
      vertex 9.69303 5.65118 12
    endloop
  endfacet
  facet normal 0 0 1
    outer loop
      vertex 15 13 12
      vertex 9.52385 6.28257 12
      vertex 9.62222 5.97057 12
    endloop
  endfacet
  facet normal 0 0 1
    outer loop
      vertex 15 13 12
      vertex 9.39865 6.58482 12
      vertex 9.52385 6.28257 12
    endloop
  endfacet
  facet normal 0 0 1
    outer loop
      vertex 15 13 12
      vertex 9.24759 6.875 12
      vertex 9.39865 6.58482 12
    endloop
  endfacet
  facet normal 0 0 1
    outer loop
      vertex 15 13 12
      vertex 9.07182 7.15091 12
      vertex 9.24759 6.875 12
    endloop
  endfacet
  facet normal 0 0 1
    outer loop
      vertex 15 13 12
      vertex 8.87267 7.41045 12
      vertex 9.07182 7.15091 12
    endloop
  endfacet
  facet normal 0 0 1
    outer loop
      vertex 15 13 12
      vertex 8.65165 7.65165 12
      vertex 8.87267 7.41045 12
    endloop
  endfacet
  facet normal 0 0 1
    outer loop
      vertex 15 13 12
      vertex 8.41045 7.87267 12
      vertex 8.65165 7.65165 12
    endloop
  endfacet
  facet normal 0 0 1
    outer loop
      vertex 15 13 12
      vertex 8.15091 8.07182 12
      vertex 8.41045 7.87267 12
    endloop
  endfacet
  facet normal 0 0 1
    outer loop
      vertex 15 13 12
      vertex 7.875 8.24759 12
      vertex 8.15091 8.07182 12
    endloop
  endfacet
  facet normal 0 0 1
    outer loop
      vertex 15 13 12
      vertex 7.58482 8.39865 12
      vertex 7.875 8.24759 12
    endloop
  endfacet
  facet normal 0 0 1
    outer loop
      vertex 15 13 12
      vertex 7.28257 8.52385 12
      vertex 7.58482 8.39865 12
    endloop
  endfacet
  facet normal 0 0 1
    outer loop
      vertex 15 13 12
      vertex 6.97057 8.62222 12
      vertex 7.28257 8.52385 12
    endloop
  endfacet
  facet normal 0 0 1
    outer loop
      vertex 15 13 12
      vertex 6.65118 8.69303 12
      vertex 6.97057 8.62222 12
    endloop
  endfacet
  facet normal 0 0 1
    outer loop
      vertex 15 13 12
      vertex 6.32683 8.73573 12
      vertex 6.65118 8.69303 12
    endloop
  endfacet
  facet normal 0 0 1
    outer loop
      vertex 15 13 12
      vertex 6 8.75 12
      vertex 6.32683 8.73573 12
    endloop
  endfacet
  facet normal 0 0 1
    outer loop
      vertex 15 13 12
      vertex 5.67317 8.73573 12
      vertex 6 8.75 12
    endloop
  endfacet
  facet normal 0 0 1
    outer loop
      vertex 15 13 12
      vertex 5.34882 8.69303 12
      vertex 5.67317 8.73573 12
    endloop
  endfacet
  facet normal 0 0 1
    outer loop
      vertex -5.34882 8.69303 12
      vertex 5.34882 8.69303 12
      vertex 15 13 12
    endloop
  endfacet
  facet normal 0 0 1
    outer loop
      vertex 5.34882 8.69303 12
      vertex -5.34882 8.69303 12
      vertex 5.02943 8.62222 12
    endloop
  endfacet
  facet normal 0 0 1
    outer loop
      vertex 5.02943 8.62222 12
      vertex -5.02943 8.62222 12
      vertex 4.71742 8.52385 12
    endloop
  endfacet
  facet normal -0 0 1
    outer loop
      vertex 1.60869 -1.34985 12
      vertex 3.12733 -2.58955 12
      vertex 1.72022 -1.20451 12
    endloop
  endfacet
  facet normal 0 0 1
    outer loop
      vertex 4.41518 1.60135 12
      vertex 2.09201 0.183026 12
      vertex 2.1 0 12
    endloop
  endfacet
  facet normal 0 0 1
    outer loop
      vertex 4.125 1.7524 12
      vertex 2.0681 0.36466 12
      vertex 2.09201 0.183026 12
    endloop
  endfacet
  facet normal 0 0 1
    outer loop
      vertex 4.125 1.7524 12
      vertex 2.02844 0.54352 12
      vertex 2.0681 0.36466 12
    endloop
  endfacet
  facet normal 0 0 1
    outer loop
      vertex -2.25 5 12
      vertex 2.25 5 12
      vertex 2.26427 5.32683 12
    endloop
  endfacet
  facet normal 0 0 1
    outer loop
      vertex 3.84909 1.92818 12
      vertex 1.97335 0.718242 12
      vertex 2.02844 0.54352 12
    endloop
  endfacet
  facet normal 0 0 1
    outer loop
      vertex 3.58955 2.12733 12
      vertex 1.90325 0.887498 12
      vertex 1.97335 0.718242 12
    endloop
  endfacet
  facet normal 0 0 1
    outer loop
      vertex 3.58955 2.12733 12
      vertex 1.81865 1.05 12
      vertex 1.90325 0.887498 12
    endloop
  endfacet
  facet normal 0 0 1
    outer loop
      vertex 3.34835 2.34835 12
      vertex 1.72022 1.20451 12
      vertex 1.81865 1.05 12
    endloop
  endfacet
  facet normal 0 0 1
    outer loop
      vertex -2.26427 5.32683 12
      vertex 2.26427 5.32683 12
      vertex 2.30697 5.65118 12
    endloop
  endfacet
  facet normal 0 0 1
    outer loop
      vertex 3.12733 2.58955 12
      vertex 1.60869 1.34985 12
      vertex 1.72022 1.20451 12
    endloop
  endfacet
  facet normal 0 0 1
    outer loop
      vertex 3.12733 2.58955 12
      vertex 1.48492 1.48492 12
      vertex 1.60869 1.34985 12
    endloop
  endfacet
  facet normal 0 0 1
    outer loop
      vertex 2.92818 2.84909 12
      vertex 1.34985 1.60869 12
      vertex 1.48492 1.48492 12
    endloop
  endfacet
  facet normal 0 0 1
    outer loop
      vertex -2.30697 5.65118 12
      vertex 2.30697 5.65118 12
      vertex 2.37778 5.97057 12
    endloop
  endfacet
  facet normal 0 0 1
    outer loop
      vertex 2.7524 3.125 12
      vertex 1.20451 1.72022 12
      vertex 1.34985 1.60869 12
    endloop
  endfacet
  facet normal 0 0 1
    outer loop
      vertex 2.7524 3.125 12
      vertex 1.05 1.81865 12
      vertex 1.20451 1.72022 12
    endloop
  endfacet
  facet normal 0 0 1
    outer loop
      vertex -2.37778 5.97057 12
      vertex 2.37778 5.97057 12
      vertex 2.47615 6.28257 12
    endloop
  endfacet
  facet normal 0 0 1
    outer loop
      vertex 2.60135 3.41518 12
      vertex 0.887498 1.90325 12
      vertex 1.05 1.81865 12
    endloop
  endfacet
  facet normal 0 0 1
    outer loop
      vertex 2.47615 3.71742 12
      vertex 0.718242 1.97335 12
      vertex 0.887498 1.90325 12
    endloop
  endfacet
  facet normal 0 0 1
    outer loop
      vertex 2.47615 3.71742 12
      vertex 0.54352 2.02844 12
      vertex 0.718242 1.97335 12
    endloop
  endfacet
  facet normal 0 0 1
    outer loop
      vertex -2.47615 6.28257 12
      vertex 2.47615 6.28257 12
      vertex 2.60135 6.58482 12
    endloop
  endfacet
  facet normal 0 0 1
    outer loop
      vertex 2.37778 4.02943 12
      vertex 0.36466 2.0681 12
      vertex 0.54352 2.02844 12
    endloop
  endfacet
  facet normal 0 0 1
    outer loop
      vertex 2.30697 4.34882 12
      vertex 0.183026 2.09201 12
      vertex 0.36466 2.0681 12
    endloop
  endfacet
  facet normal 0 0 1
    outer loop
      vertex -2.60135 6.58482 12
      vertex 2.60135 6.58482 12
      vertex 2.7524 6.875 12
    endloop
  endfacet
  facet normal 0 0 1
    outer loop
      vertex -2.26427 4.67317 12
      vertex 2.26427 4.67317 12
      vertex -2.25 5 12
    endloop
  endfacet
  facet normal 0 0 1
    outer loop
      vertex 2.26427 4.67317 12
      vertex 0 2.1 12
      vertex 0.183026 2.09201 12
    endloop
  endfacet
  facet normal 0 0 1
    outer loop
      vertex 2.26427 4.67317 12
      vertex -2.26427 4.67317 12
      vertex 0 2.1 12
    endloop
  endfacet
  facet normal 0 0 1
    outer loop
      vertex -2.7524 6.875 12
      vertex 2.7524 6.875 12
      vertex 2.92818 7.15091 12
    endloop
  endfacet
  facet normal 0 0 1
    outer loop
      vertex 0 2.1 12
      vertex -2.26427 4.67317 12
      vertex -0.183026 2.09201 12
    endloop
  endfacet
  facet normal -0 0 1
    outer loop
      vertex -2.30697 4.34882 12
      vertex -0.183026 2.09201 12
      vertex -2.26427 4.67317 12
    endloop
  endfacet
  facet normal 0 0 1
    outer loop
      vertex -0.183026 2.09201 12
      vertex -2.30697 4.34882 12
      vertex -0.36466 2.0681 12
    endloop
  endfacet
  facet normal -0 0 1
    outer loop
      vertex -2.37778 4.02943 12
      vertex -0.36466 2.0681 12
      vertex -2.30697 4.34882 12
    endloop
  endfacet
  facet normal 0 0 1
    outer loop
      vertex -0.36466 2.0681 12
      vertex -2.37778 4.02943 12
      vertex -0.54352 2.02844 12
    endloop
  endfacet
  facet normal -0 0 1
    outer loop
      vertex -2.47615 3.71742 12
      vertex -0.54352 2.02844 12
      vertex -2.37778 4.02943 12
    endloop
  endfacet
  facet normal 0 0 1
    outer loop
      vertex -2.92818 7.15091 12
      vertex 2.92818 7.15091 12
      vertex 3.12733 7.41045 12
    endloop
  endfacet
  facet normal 0 0 1
    outer loop
      vertex -0.54352 2.02844 12
      vertex -2.47615 3.71742 12
      vertex -0.718242 1.97335 12
    endloop
  endfacet
  facet normal 0 0 1
    outer loop
      vertex -0.718242 1.97335 12
      vertex -2.47615 3.71742 12
      vertex -0.887498 1.90325 12
    endloop
  endfacet
  facet normal 0 0 1
    outer loop
      vertex -1.48492 1.48492 12
      vertex -3.12733 2.58955 12
      vertex -1.60869 1.34985 12
    endloop
  endfacet
  facet normal -0 0 1
    outer loop
      vertex -3.12733 2.58955 12
      vertex -1.48492 1.48492 12
      vertex -2.92818 2.84909 12
    endloop
  endfacet
  facet normal 0 0 1
    outer loop
      vertex -1.34985 1.60869 12
      vertex -2.92818 2.84909 12
      vertex -1.48492 1.48492 12
    endloop
  endfacet
  facet normal -0 0 1
    outer loop
      vertex -2.92818 2.84909 12
      vertex -1.34985 1.60869 12
      vertex -2.7524 3.125 12
    endloop
  endfacet
  facet normal 0 0 1
    outer loop
      vertex -1.20451 1.72022 12
      vertex -2.7524 3.125 12
      vertex -1.34985 1.60869 12
    endloop
  endfacet
  facet normal 0 0 1
    outer loop
      vertex -1.05 1.81865 12
      vertex -2.7524 3.125 12
      vertex -1.20451 1.72022 12
    endloop
  endfacet
  facet normal -0 0 1
    outer loop
      vertex -2.7524 3.125 12
      vertex -1.05 1.81865 12
      vertex -2.60135 3.41518 12
    endloop
  endfacet
  facet normal 0 0 1
    outer loop
      vertex -0.887498 1.90325 12
      vertex -2.60135 3.41518 12
      vertex -1.05 1.81865 12
    endloop
  endfacet
  facet normal -0 0 1
    outer loop
      vertex -2.60135 3.41518 12
      vertex -0.887498 1.90325 12
      vertex -2.47615 3.71742 12
    endloop
  endfacet
  facet normal 0 0 1
    outer loop
      vertex -3.12733 7.41045 12
      vertex 3.12733 7.41045 12
      vertex 3.34835 7.65165 12
    endloop
  endfacet
  facet normal 0 0 1
    outer loop
      vertex -3.34835 7.65165 12
      vertex 3.34835 7.65165 12
      vertex 3.58955 7.87267 12
    endloop
  endfacet
  facet normal 0 0 1
    outer loop
      vertex -3.58955 7.87267 12
      vertex 3.58955 7.87267 12
      vertex 3.84909 8.07182 12
    endloop
  endfacet
  facet normal 0 0 1
    outer loop
      vertex -3.84909 8.07182 12
      vertex 3.84909 8.07182 12
      vertex 4.125 8.24759 12
    endloop
  endfacet
  facet normal 0 0 1
    outer loop
      vertex -4.125 8.24759 12
      vertex 4.125 8.24759 12
      vertex 4.41518 8.39865 12
    endloop
  endfacet
  facet normal 0 0 1
    outer loop
      vertex 2.26427 5.32683 12
      vertex -2.26427 5.32683 12
      vertex -2.25 5 12
    endloop
  endfacet
  facet normal 0 0 1
    outer loop
      vertex 2.30697 5.65118 12
      vertex -2.30697 5.65118 12
      vertex -2.26427 5.32683 12
    endloop
  endfacet
  facet normal 0 -0 1
    outer loop
      vertex -4.71742 8.52385 12
      vertex 4.71742 8.52385 12
      vertex -5.02943 8.62222 12
    endloop
  endfacet
  facet normal 0 0 1
    outer loop
      vertex 2.37778 5.97057 12
      vertex -2.37778 5.97057 12
      vertex -2.30697 5.65118 12
    endloop
  endfacet
  facet normal 0 0 1
    outer loop
      vertex 2.47615 6.28257 12
      vertex -2.47615 6.28257 12
      vertex -2.37778 5.97057 12
    endloop
  endfacet
  facet normal 0 0 1
    outer loop
      vertex 2.60135 6.58482 12
      vertex -2.60135 6.58482 12
      vertex -2.47615 6.28257 12
    endloop
  endfacet
  facet normal 0 0 1
    outer loop
      vertex 2.7524 6.875 12
      vertex -2.7524 6.875 12
      vertex -2.60135 6.58482 12
    endloop
  endfacet
  facet normal 0 0 1
    outer loop
      vertex 2.92818 7.15091 12
      vertex -2.92818 7.15091 12
      vertex -2.7524 6.875 12
    endloop
  endfacet
  facet normal 0 0 1
    outer loop
      vertex 3.12733 7.41045 12
      vertex -3.12733 7.41045 12
      vertex -2.92818 7.15091 12
    endloop
  endfacet
  facet normal 0 0 1
    outer loop
      vertex 3.34835 7.65165 12
      vertex -3.34835 7.65165 12
      vertex -3.12733 7.41045 12
    endloop
  endfacet
  facet normal 0 0 1
    outer loop
      vertex 3.58955 7.87267 12
      vertex -3.58955 7.87267 12
      vertex -3.34835 7.65165 12
    endloop
  endfacet
  facet normal 0 0 1
    outer loop
      vertex 3.84909 8.07182 12
      vertex -3.84909 8.07182 12
      vertex -3.58955 7.87267 12
    endloop
  endfacet
  facet normal 0 0 1
    outer loop
      vertex 4.125 8.24759 12
      vertex -4.125 8.24759 12
      vertex -3.84909 8.07182 12
    endloop
  endfacet
  facet normal 0 0 1
    outer loop
      vertex 4.41518 8.39865 12
      vertex -4.41518 8.39865 12
      vertex -4.125 8.24759 12
    endloop
  endfacet
  facet normal 0 0 1
    outer loop
      vertex 4.41518 8.39865 12
      vertex -4.71742 8.52385 12
      vertex -4.41518 8.39865 12
    endloop
  endfacet
  facet normal 0 0 1
    outer loop
      vertex 4.71742 8.52385 12
      vertex -4.71742 8.52385 12
      vertex 4.41518 8.39865 12
    endloop
  endfacet
  facet normal 0 0 1
    outer loop
      vertex 5.02943 8.62222 12
      vertex -5.34882 8.69303 12
      vertex -5.02943 8.62222 12
    endloop
  endfacet
  facet normal -0 0 1
    outer loop
      vertex -15 13 12
      vertex -5.34882 8.69303 12
      vertex 15 13 12
    endloop
  endfacet
  facet normal 0 0 1
    outer loop
      vertex -5.34882 8.69303 12
      vertex -15 13 12
      vertex -5.67317 8.73573 12
    endloop
  endfacet
  facet normal 0 0 1
    outer loop
      vertex -5.67317 8.73573 12
      vertex -15 13 12
      vertex -6 8.75 12
    endloop
  endfacet
  facet normal 0 0 1
    outer loop
      vertex -6 8.75 12
      vertex -15 13 12
      vertex -6.32683 8.73573 12
    endloop
  endfacet
  facet normal 0 0 1
    outer loop
      vertex -9.69303 -4.34882 12
      vertex -15 -13 12
      vertex -9.73573 -4.67317 12
    endloop
  endfacet
  facet normal 0 0 1
    outer loop
      vertex -9.73573 5.32683 12
      vertex -15 13 12
      vertex -9.75 5 12
    endloop
  endfacet
  facet normal 0 0 1
    outer loop
      vertex -9.69303 5.65118 12
      vertex -15 13 12
      vertex -9.73573 5.32683 12
    endloop
  endfacet
  facet normal 0 0 1
    outer loop
      vertex -9.62222 5.97057 12
      vertex -15 13 12
      vertex -9.69303 5.65118 12
    endloop
  endfacet
  facet normal 0 0 1
    outer loop
      vertex -9.52385 6.28257 12
      vertex -15 13 12
      vertex -9.62222 5.97057 12
    endloop
  endfacet
  facet normal 0 0 1
    outer loop
      vertex -9.39865 6.58482 12
      vertex -15 13 12
      vertex -9.52385 6.28257 12
    endloop
  endfacet
  facet normal 0 0 1
    outer loop
      vertex -9.24759 6.875 12
      vertex -15 13 12
      vertex -9.39865 6.58482 12
    endloop
  endfacet
  facet normal 0 0 1
    outer loop
      vertex -9.07182 7.15091 12
      vertex -15 13 12
      vertex -9.24759 6.875 12
    endloop
  endfacet
  facet normal 0 0 1
    outer loop
      vertex -8.87267 7.41045 12
      vertex -15 13 12
      vertex -9.07182 7.15091 12
    endloop
  endfacet
  facet normal 0 0 1
    outer loop
      vertex -8.65165 7.65165 12
      vertex -15 13 12
      vertex -8.87267 7.41045 12
    endloop
  endfacet
  facet normal 0 0 1
    outer loop
      vertex -8.41045 7.87267 12
      vertex -15 13 12
      vertex -8.65165 7.65165 12
    endloop
  endfacet
  facet normal 0 0 1
    outer loop
      vertex -8.15091 8.07182 12
      vertex -15 13 12
      vertex -8.41045 7.87267 12
    endloop
  endfacet
  facet normal 0 0 1
    outer loop
      vertex -7.875 8.24759 12
      vertex -15 13 12
      vertex -8.15091 8.07182 12
    endloop
  endfacet
  facet normal 0 0 1
    outer loop
      vertex -7.58482 8.39865 12
      vertex -15 13 12
      vertex -7.875 8.24759 12
    endloop
  endfacet
  facet normal 0 0 1
    outer loop
      vertex -7.28257 8.52385 12
      vertex -15 13 12
      vertex -7.58482 8.39865 12
    endloop
  endfacet
  facet normal 0 0 1
    outer loop
      vertex -6.97057 8.62222 12
      vertex -15 13 12
      vertex -7.28257 8.52385 12
    endloop
  endfacet
  facet normal 0 0 1
    outer loop
      vertex -6.65118 8.69303 12
      vertex -15 13 12
      vertex -6.97057 8.62222 12
    endloop
  endfacet
  facet normal 0 0 1
    outer loop
      vertex -6.32683 8.73573 12
      vertex -15 13 12
      vertex -6.65118 8.69303 12
    endloop
  endfacet
  facet normal 0 0 1
    outer loop
      vertex 9.69303 4.34882 12
      vertex 15 13 12
      vertex 9.73573 4.67317 12
    endloop
  endfacet
  facet normal -0 0 1
    outer loop
      vertex 9.73573 -5.32683 12
      vertex 15 -13 12
      vertex 9.75 -5 12
    endloop
  endfacet
  facet normal -0 0 1
    outer loop
      vertex 9.69303 -5.65118 12
      vertex 15 -13 12
      vertex 9.73573 -5.32683 12
    endloop
  endfacet
  facet normal -0 0 1
    outer loop
      vertex 9.62222 -5.97057 12
      vertex 15 -13 12
      vertex 9.69303 -5.65118 12
    endloop
  endfacet
  facet normal -0 0 1
    outer loop
      vertex 9.52385 -6.28257 12
      vertex 15 -13 12
      vertex 9.62222 -5.97057 12
    endloop
  endfacet
  facet normal -0 0 1
    outer loop
      vertex 9.39865 -6.58482 12
      vertex 15 -13 12
      vertex 9.52385 -6.28257 12
    endloop
  endfacet
  facet normal -0 0 1
    outer loop
      vertex 9.24759 -6.875 12
      vertex 15 -13 12
      vertex 9.39865 -6.58482 12
    endloop
  endfacet
  facet normal -0 0 1
    outer loop
      vertex 9.07182 -7.15091 12
      vertex 15 -13 12
      vertex 9.24759 -6.875 12
    endloop
  endfacet
  facet normal -0 0 1
    outer loop
      vertex 8.87267 -7.41045 12
      vertex 15 -13 12
      vertex 9.07182 -7.15091 12
    endloop
  endfacet
  facet normal -0 0 1
    outer loop
      vertex 8.65165 -7.65165 12
      vertex 15 -13 12
      vertex 8.87267 -7.41045 12
    endloop
  endfacet
  facet normal -0 0 1
    outer loop
      vertex 8.41045 -7.87267 12
      vertex 15 -13 12
      vertex 8.65165 -7.65165 12
    endloop
  endfacet
  facet normal -0 0 1
    outer loop
      vertex 8.15091 -8.07182 12
      vertex 15 -13 12
      vertex 8.41045 -7.87267 12
    endloop
  endfacet
  facet normal -0 0 1
    outer loop
      vertex 7.875 -8.24759 12
      vertex 15 -13 12
      vertex 8.15091 -8.07182 12
    endloop
  endfacet
  facet normal -0 0 1
    outer loop
      vertex 7.58482 -8.39865 12
      vertex 15 -13 12
      vertex 7.875 -8.24759 12
    endloop
  endfacet
  facet normal -0 0 1
    outer loop
      vertex 7.28257 -8.52385 12
      vertex 15 -13 12
      vertex 7.58482 -8.39865 12
    endloop
  endfacet
  facet normal -0 0 1
    outer loop
      vertex 6.97057 -8.62222 12
      vertex 15 -13 12
      vertex 7.28257 -8.52385 12
    endloop
  endfacet
  facet normal -0 0 1
    outer loop
      vertex 6.65118 -8.69303 12
      vertex 15 -13 12
      vertex 6.97057 -8.62222 12
    endloop
  endfacet
  facet normal -0 0 1
    outer loop
      vertex 6.32683 -8.73573 12
      vertex 15 -13 12
      vertex 6.65118 -8.69303 12
    endloop
  endfacet
  facet normal -0 0 1
    outer loop
      vertex 6 -8.75 12
      vertex 15 -13 12
      vertex 6.32683 -8.73573 12
    endloop
  endfacet
  facet normal 0 0 1
    outer loop
      vertex 5.67317 -8.73573 12
      vertex 15 -13 12
      vertex 6 -8.75 12
    endloop
  endfacet
  facet normal 0 0 1
    outer loop
      vertex 5.34882 -8.69303 12
      vertex 15 -13 12
      vertex 5.67317 -8.73573 12
    endloop
  endfacet
  facet normal 0 0 1
    outer loop
      vertex -5.34882 -8.69303 12
      vertex 5.34882 -8.69303 12
      vertex 5.02943 -8.62222 12
    endloop
  endfacet
  facet normal 0 0 1
    outer loop
      vertex -5.02943 -8.62222 12
      vertex 5.02943 -8.62222 12
      vertex 4.71742 -8.52385 12
    endloop
  endfacet
  facet normal 0 0 1
    outer loop
      vertex -4.71742 -8.52385 12
      vertex 4.71742 -8.52385 12
      vertex 4.41518 -8.39865 12
    endloop
  endfacet
  facet normal -0 0 1
    outer loop
      vertex 1.48492 -1.48492 12
      vertex 3.12733 -2.58955 12
      vertex 1.60869 -1.34985 12
    endloop
  endfacet
  facet normal 0 0 1
    outer loop
      vertex 3.12733 -2.58955 12
      vertex 1.48492 -1.48492 12
      vertex 2.92818 -2.84909 12
    endloop
  endfacet
  facet normal -0 0 1
    outer loop
      vertex 1.34985 -1.60869 12
      vertex 2.92818 -2.84909 12
      vertex 1.48492 -1.48492 12
    endloop
  endfacet
  facet normal 0 0 1
    outer loop
      vertex 2.92818 -2.84909 12
      vertex 1.34985 -1.60869 12
      vertex 2.7524 -3.125 12
    endloop
  endfacet
  facet normal -0 0 1
    outer loop
      vertex 1.20451 -1.72022 12
      vertex 2.7524 -3.125 12
      vertex 1.34985 -1.60869 12
    endloop
  endfacet
  facet normal -0 0 1
    outer loop
      vertex 1.05 -1.81865 12
      vertex 2.7524 -3.125 12
      vertex 1.20451 -1.72022 12
    endloop
  endfacet
  facet normal 0 0 1
    outer loop
      vertex 2.7524 -3.125 12
      vertex 1.05 -1.81865 12
      vertex 2.60135 -3.41518 12
    endloop
  endfacet
  facet normal -0 0 1
    outer loop
      vertex 0.887498 -1.90325 12
      vertex 2.60135 -3.41518 12
      vertex 1.05 -1.81865 12
    endloop
  endfacet
  facet normal 0 0 1
    outer loop
      vertex 2.60135 -3.41518 12
      vertex 0.887498 -1.90325 12
      vertex 2.47615 -3.71742 12
    endloop
  endfacet
  facet normal -0 0 1
    outer loop
      vertex 0.718242 -1.97335 12
      vertex 2.47615 -3.71742 12
      vertex 0.887498 -1.90325 12
    endloop
  endfacet
  facet normal -0 0 1
    outer loop
      vertex 0.54352 -2.02844 12
      vertex 2.47615 -3.71742 12
      vertex 0.718242 -1.97335 12
    endloop
  endfacet
  facet normal 0 0 1
    outer loop
      vertex 2.47615 -3.71742 12
      vertex 0.54352 -2.02844 12
      vertex 2.37778 -4.02943 12
    endloop
  endfacet
  facet normal -0 0 1
    outer loop
      vertex 0.36466 -2.0681 12
      vertex 2.37778 -4.02943 12
      vertex 0.54352 -2.02844 12
    endloop
  endfacet
  facet normal 0 0 1
    outer loop
      vertex 2.37778 -4.02943 12
      vertex 0.36466 -2.0681 12
      vertex 2.30697 -4.34882 12
    endloop
  endfacet
  facet normal -0 0 1
    outer loop
      vertex 0.183026 -2.09201 12
      vertex 2.30697 -4.34882 12
      vertex 0.36466 -2.0681 12
    endloop
  endfacet
  facet normal 0 0 1
    outer loop
      vertex 2.30697 -4.34882 12
      vertex 0.183026 -2.09201 12
      vertex 2.26427 -4.67317 12
    endloop
  endfacet
  facet normal -0 0 1
    outer loop
      vertex 0 -2.1 12
      vertex 2.26427 -4.67317 12
      vertex 0.183026 -2.09201 12
    endloop
  endfacet
  facet normal 0 0 1
    outer loop
      vertex -2.25 -5 12
      vertex 2.26427 -4.67317 12
      vertex 0 -2.1 12
    endloop
  endfacet
  facet normal 0 0 1
    outer loop
      vertex 2.26427 -4.67317 12
      vertex -2.25 -5 12
      vertex 2.25 -5 12
    endloop
  endfacet
  facet normal 0 0 1
    outer loop
      vertex 2.25 -5 12
      vertex -2.25 -5 12
      vertex 2.26427 -5.32683 12
    endloop
  endfacet
  facet normal 0 0 1
    outer loop
      vertex 2.26427 -5.32683 12
      vertex -2.26427 -5.32683 12
      vertex 2.30697 -5.65118 12
    endloop
  endfacet
  facet normal 0 0 1
    outer loop
      vertex -2.30697 -5.65118 12
      vertex 2.30697 -5.65118 12
      vertex -2.26427 -5.32683 12
    endloop
  endfacet
  facet normal 0 0 1
    outer loop
      vertex 2.30697 -5.65118 12
      vertex -2.30697 -5.65118 12
      vertex 2.37778 -5.97057 12
    endloop
  endfacet
  facet normal 0 0 1
    outer loop
      vertex -2.26427 -5.32683 12
      vertex 2.26427 -5.32683 12
      vertex -2.25 -5 12
    endloop
  endfacet
  facet normal 0 0 1
    outer loop
      vertex -2.25 -5 12
      vertex 0 -2.1 12
      vertex -0.183026 -2.09201 12
    endloop
  endfacet
  facet normal 0 0 1
    outer loop
      vertex -2.25 -5 12
      vertex -0.183026 -2.09201 12
      vertex -0.36466 -2.0681 12
    endloop
  endfacet
  facet normal 0 0 1
    outer loop
      vertex -2.37778 -5.97057 12
      vertex 2.37778 -5.97057 12
      vertex -2.30697 -5.65118 12
    endloop
  endfacet
  facet normal 0 0 1
    outer loop
      vertex -2.25 -5 12
      vertex -0.36466 -2.0681 12
      vertex -0.54352 -2.02844 12
    endloop
  endfacet
  facet normal 0 0 1
    outer loop
      vertex -2.25 -5 12
      vertex -0.54352 -2.02844 12
      vertex -0.718242 -1.97335 12
    endloop
  endfacet
  facet normal 0 0 1
    outer loop
      vertex -2.25 -5 12
      vertex -0.718242 -1.97335 12
      vertex -0.887498 -1.90325 12
    endloop
  endfacet
  facet normal 0 0 1
    outer loop
      vertex -2.25 -5 12
      vertex -0.887498 -1.90325 12
      vertex -1.05 -1.81865 12
    endloop
  endfacet
  facet normal 0 0 1
    outer loop
      vertex -2.25 -5 12
      vertex -1.05 -1.81865 12
      vertex -1.20451 -1.72022 12
    endloop
  endfacet
  facet normal 0 0 1
    outer loop
      vertex -2.25 -5 12
      vertex -1.20451 -1.72022 12
      vertex -1.34985 -1.60869 12
    endloop
  endfacet
  facet normal 0 0 1
    outer loop
      vertex 2.37778 -5.97057 12
      vertex -2.37778 -5.97057 12
      vertex 2.47615 -6.28257 12
    endloop
  endfacet
  facet normal 0 0 1
    outer loop
      vertex -2.25 -5 12
      vertex -1.34985 -1.60869 12
      vertex -1.48492 -1.48492 12
    endloop
  endfacet
  facet normal 0 0 1
    outer loop
      vertex -2.25 -5 12
      vertex -1.48492 -1.48492 12
      vertex -1.60869 -1.34985 12
    endloop
  endfacet
  facet normal 0 0 1
    outer loop
      vertex -1.60869 1.34985 12
      vertex -3.12733 2.58955 12
      vertex -1.72022 1.20451 12
    endloop
  endfacet
  facet normal 0 0 1
    outer loop
      vertex -2.25 -5 12
      vertex -2.09201 -0.183026 12
      vertex -2.1 0 12
    endloop
  endfacet
  facet normal 0 0 1
    outer loop
      vertex -2.25 -5 12
      vertex -2.0681 -0.36466 12
      vertex -2.09201 -0.183026 12
    endloop
  endfacet
  facet normal 0 0 1
    outer loop
      vertex -2.25 -5 12
      vertex -2.02844 -0.54352 12
      vertex -2.0681 -0.36466 12
    endloop
  endfacet
  facet normal 0 0 1
    outer loop
      vertex -2.25 -5 12
      vertex -1.97335 -0.718242 12
      vertex -2.02844 -0.54352 12
    endloop
  endfacet
  facet normal 0 0 1
    outer loop
      vertex -2.25 -5 12
      vertex -1.90325 -0.887498 12
      vertex -1.97335 -0.718242 12
    endloop
  endfacet
  facet normal 0 0 1
    outer loop
      vertex -2.25 -5 12
      vertex -1.81865 -1.05 12
      vertex -1.90325 -0.887498 12
    endloop
  endfacet
  facet normal 0 0 1
    outer loop
      vertex -2.25 -5 12
      vertex -1.72022 -1.20451 12
      vertex -1.81865 -1.05 12
    endloop
  endfacet
  facet normal 0 0 1
    outer loop
      vertex -2.25 -5 12
      vertex -1.60869 -1.34985 12
      vertex -1.72022 -1.20451 12
    endloop
  endfacet
  facet normal 0 0 1
    outer loop
      vertex -2.47615 -6.28257 12
      vertex 2.47615 -6.28257 12
      vertex -2.37778 -5.97057 12
    endloop
  endfacet
  facet normal 0 0 1
    outer loop
      vertex 2.47615 -6.28257 12
      vertex -2.47615 -6.28257 12
      vertex 2.60135 -6.58482 12
    endloop
  endfacet
  facet normal 0 0 1
    outer loop
      vertex -2.60135 -6.58482 12
      vertex 2.60135 -6.58482 12
      vertex -2.47615 -6.28257 12
    endloop
  endfacet
  facet normal 0 0 1
    outer loop
      vertex 2.60135 -6.58482 12
      vertex -2.60135 -6.58482 12
      vertex 2.7524 -6.875 12
    endloop
  endfacet
  facet normal 0 0 1
    outer loop
      vertex -2.7524 -6.875 12
      vertex 2.7524 -6.875 12
      vertex -2.60135 -6.58482 12
    endloop
  endfacet
  facet normal 0 0 1
    outer loop
      vertex 2.7524 -6.875 12
      vertex -2.7524 -6.875 12
      vertex 2.92818 -7.15091 12
    endloop
  endfacet
  facet normal 0 0 1
    outer loop
      vertex -2.92818 -7.15091 12
      vertex 2.92818 -7.15091 12
      vertex -2.7524 -6.875 12
    endloop
  endfacet
  facet normal 0 0 1
    outer loop
      vertex 2.92818 -7.15091 12
      vertex -2.92818 -7.15091 12
      vertex 3.12733 -7.41045 12
    endloop
  endfacet
  facet normal 0 0 1
    outer loop
      vertex -3.12733 -7.41045 12
      vertex 3.12733 -7.41045 12
      vertex -2.92818 -7.15091 12
    endloop
  endfacet
  facet normal 0 0 1
    outer loop
      vertex 3.12733 -7.41045 12
      vertex -3.12733 -7.41045 12
      vertex 3.34835 -7.65165 12
    endloop
  endfacet
  facet normal 0 0 1
    outer loop
      vertex -3.34835 -7.65165 12
      vertex 3.34835 -7.65165 12
      vertex -3.12733 -7.41045 12
    endloop
  endfacet
  facet normal 0 0 1
    outer loop
      vertex 3.34835 -7.65165 12
      vertex -3.34835 -7.65165 12
      vertex 3.58955 -7.87267 12
    endloop
  endfacet
  facet normal 0 0 1
    outer loop
      vertex -3.58955 -7.87267 12
      vertex 3.58955 -7.87267 12
      vertex -3.34835 -7.65165 12
    endloop
  endfacet
  facet normal 0 0 1
    outer loop
      vertex 3.58955 -7.87267 12
      vertex -3.58955 -7.87267 12
      vertex 3.84909 -8.07182 12
    endloop
  endfacet
  facet normal 0 0 1
    outer loop
      vertex -3.84909 -8.07182 12
      vertex 3.84909 -8.07182 12
      vertex -3.58955 -7.87267 12
    endloop
  endfacet
  facet normal 0 0 1
    outer loop
      vertex 3.84909 -8.07182 12
      vertex -3.84909 -8.07182 12
      vertex 4.125 -8.24759 12
    endloop
  endfacet
  facet normal 0 0 1
    outer loop
      vertex -4.125 -8.24759 12
      vertex 4.125 -8.24759 12
      vertex -3.84909 -8.07182 12
    endloop
  endfacet
  facet normal 0 0 1
    outer loop
      vertex 4.125 -8.24759 12
      vertex -4.125 -8.24759 12
      vertex 4.41518 -8.39865 12
    endloop
  endfacet
  facet normal 0 0 1
    outer loop
      vertex -4.41518 -8.39865 12
      vertex 4.41518 -8.39865 12
      vertex -4.125 -8.24759 12
    endloop
  endfacet
  facet normal 0 0 1
    outer loop
      vertex -4.71742 -8.52385 12
      vertex 4.41518 -8.39865 12
      vertex -4.41518 -8.39865 12
    endloop
  endfacet
  facet normal 0 0 1
    outer loop
      vertex 4.71742 -8.52385 12
      vertex -4.71742 -8.52385 12
      vertex -5.02943 -8.62222 12
    endloop
  endfacet
  facet normal 0 0 1
    outer loop
      vertex -5.34882 -8.69303 12
      vertex 5.02943 -8.62222 12
      vertex -5.02943 -8.62222 12
    endloop
  endfacet
  facet normal 0 0 1
    outer loop
      vertex 5.34882 -8.69303 12
      vertex -5.34882 -8.69303 12
      vertex 15 -13 12
    endloop
  endfacet
  facet normal 0 0 1
    outer loop
      vertex -15 -13 12
      vertex -5.34882 -8.69303 12
      vertex -5.67317 -8.73573 12
    endloop
  endfacet
  facet normal 0 0 1
    outer loop
      vertex -15 -13 12
      vertex -5.67317 -8.73573 12
      vertex -6 -8.75 12
    endloop
  endfacet
  facet normal 0 0 1
    outer loop
      vertex -15 -13 12
      vertex -6 -8.75 12
      vertex -6.32683 -8.73573 12
    endloop
  endfacet
  facet normal 0 0 1
    outer loop
      vertex -15 -13 12
      vertex -6.32683 -8.73573 12
      vertex -6.65118 -8.69303 12
    endloop
  endfacet
  facet normal 0 0 1
    outer loop
      vertex -9.73573 -4.67317 12
      vertex -15 -13 12
      vertex -9.75 -5 12
    endloop
  endfacet
  facet normal 0 0 1
    outer loop
      vertex -9.75 -5 12
      vertex -15 -13 12
      vertex -9.73573 -5.32683 12
    endloop
  endfacet
  facet normal 0 0 1
    outer loop
      vertex -9.73573 -5.32683 12
      vertex -15 -13 12
      vertex -9.69303 -5.65118 12
    endloop
  endfacet
  facet normal 0 0 1
    outer loop
      vertex -5.34882 -8.69303 12
      vertex -15 -13 12
      vertex 15 -13 12
    endloop
  endfacet
  facet normal 0 0 1
    outer loop
      vertex -6.97057 -8.62222 12
      vertex -15 -13 12
      vertex -6.65118 -8.69303 12
    endloop
  endfacet
  facet normal 0 0 1
    outer loop
      vertex -7.28257 -8.52385 12
      vertex -15 -13 12
      vertex -6.97057 -8.62222 12
    endloop
  endfacet
  facet normal 0 0 1
    outer loop
      vertex -7.58482 -8.39865 12
      vertex -15 -13 12
      vertex -7.28257 -8.52385 12
    endloop
  endfacet
  facet normal 0 0 1
    outer loop
      vertex -7.875 -8.24759 12
      vertex -15 -13 12
      vertex -7.58482 -8.39865 12
    endloop
  endfacet
  facet normal 0 0 1
    outer loop
      vertex -8.15091 -8.07182 12
      vertex -15 -13 12
      vertex -7.875 -8.24759 12
    endloop
  endfacet
  facet normal 0 0 1
    outer loop
      vertex -8.41045 -7.87267 12
      vertex -15 -13 12
      vertex -8.15091 -8.07182 12
    endloop
  endfacet
  facet normal 0 0 1
    outer loop
      vertex -8.65165 -7.65165 12
      vertex -15 -13 12
      vertex -8.41045 -7.87267 12
    endloop
  endfacet
  facet normal 0 0 1
    outer loop
      vertex -8.87267 -7.41045 12
      vertex -15 -13 12
      vertex -8.65165 -7.65165 12
    endloop
  endfacet
  facet normal 0 0 1
    outer loop
      vertex -9.07182 -7.15091 12
      vertex -15 -13 12
      vertex -8.87267 -7.41045 12
    endloop
  endfacet
  facet normal 0 0 1
    outer loop
      vertex -9.24759 -6.875 12
      vertex -15 -13 12
      vertex -9.07182 -7.15091 12
    endloop
  endfacet
  facet normal 0 0 1
    outer loop
      vertex -9.39865 -6.58482 12
      vertex -15 -13 12
      vertex -9.24759 -6.875 12
    endloop
  endfacet
  facet normal 0 0 1
    outer loop
      vertex -9.52385 -6.28257 12
      vertex -15 -13 12
      vertex -9.39865 -6.58482 12
    endloop
  endfacet
  facet normal 0 0 1
    outer loop
      vertex -9.62222 -5.97057 12
      vertex -15 -13 12
      vertex -9.52385 -6.28257 12
    endloop
  endfacet
  facet normal 0 0 1
    outer loop
      vertex -9.69303 -5.65118 12
      vertex -15 -13 12
      vertex -9.62222 -5.97057 12
    endloop
  endfacet
  facet normal 0 0 -1
    outer loop
      vertex -15 -16 0
      vertex -11 -13 0
      vertex -11 -16 0
    endloop
  endfacet
  facet normal -0 0 -1
    outer loop
      vertex -11 -13 0
      vertex -15 -16 0
      vertex -11 13 0
    endloop
  endfacet
  facet normal 0 0 -1
    outer loop
      vertex -15 16 0
      vertex -11 13 0
      vertex -15 -16 0
    endloop
  endfacet
  facet normal 0 0 -1
    outer loop
      vertex -11 13 0
      vertex -15 16 0
      vertex -11 16 0
    endloop
  endfacet
  facet normal 0 0 -1
    outer loop
      vertex 11 -13 0
      vertex 2.1 0 0
      vertex 11 13 0
    endloop
  endfacet
  facet normal 0 0 -1
    outer loop
      vertex 11 -13 0
      vertex 2.09201 -0.183026 0
      vertex 2.1 0 0
    endloop
  endfacet
  facet normal 0 0 -1
    outer loop
      vertex 11 -13 0
      vertex 2.0681 -0.36466 0
      vertex 2.09201 -0.183026 0
    endloop
  endfacet
  facet normal 0 0 -1
    outer loop
      vertex 11 -13 0
      vertex 2.02844 -0.54352 0
      vertex 2.0681 -0.36466 0
    endloop
  endfacet
  facet normal 0 0 -1
    outer loop
      vertex 11 -13 0
      vertex 1.97335 -0.718242 0
      vertex 2.02844 -0.54352 0
    endloop
  endfacet
  facet normal 0 0 -1
    outer loop
      vertex 11 -13 0
      vertex 1.90325 -0.887498 0
      vertex 1.97335 -0.718242 0
    endloop
  endfacet
  facet normal 0 0 -1
    outer loop
      vertex 11 -13 0
      vertex 1.81865 -1.05 0
      vertex 1.90325 -0.887498 0
    endloop
  endfacet
  facet normal 0 0 -1
    outer loop
      vertex 11 -13 0
      vertex 1.72022 -1.20451 0
      vertex 1.81865 -1.05 0
    endloop
  endfacet
  facet normal 0 0 -1
    outer loop
      vertex 11 -13 0
      vertex 1.60869 -1.34985 0
      vertex 1.72022 -1.20451 0
    endloop
  endfacet
  facet normal 0 0 -1
    outer loop
      vertex 11 -13 0
      vertex 1.48492 -1.48492 0
      vertex 1.60869 -1.34985 0
    endloop
  endfacet
  facet normal 0 0 -1
    outer loop
      vertex 11 -13 0
      vertex 1.34985 -1.60869 0
      vertex 1.48492 -1.48492 0
    endloop
  endfacet
  facet normal 0 0 -1
    outer loop
      vertex 11 -13 0
      vertex 1.20451 -1.72022 0
      vertex 1.34985 -1.60869 0
    endloop
  endfacet
  facet normal 0 0 -1
    outer loop
      vertex 11 -13 0
      vertex 1.05 -1.81865 0
      vertex 1.20451 -1.72022 0
    endloop
  endfacet
  facet normal 0 0 -1
    outer loop
      vertex 11 -13 0
      vertex 0.887498 -1.90325 0
      vertex 1.05 -1.81865 0
    endloop
  endfacet
  facet normal 0 0 -1
    outer loop
      vertex 11 -13 0
      vertex 0.718242 -1.97335 0
      vertex 0.887498 -1.90325 0
    endloop
  endfacet
  facet normal 0 0 -1
    outer loop
      vertex 11 -13 0
      vertex 0.54352 -2.02844 0
      vertex 0.718242 -1.97335 0
    endloop
  endfacet
  facet normal 0 0 -1
    outer loop
      vertex 11 -13 0
      vertex 0.36466 -2.0681 0
      vertex 0.54352 -2.02844 0
    endloop
  endfacet
  facet normal 0 0 -1
    outer loop
      vertex 11 -13 0
      vertex 0.183026 -2.09201 0
      vertex 0.36466 -2.0681 0
    endloop
  endfacet
  facet normal 0 0 -1
    outer loop
      vertex 11 -13 0
      vertex 0 -2.1 0
      vertex 0.183026 -2.09201 0
    endloop
  endfacet
  facet normal 0 0 -1
    outer loop
      vertex -11 -13 0
      vertex 0 -2.1 0
      vertex 11 -13 0
    endloop
  endfacet
  facet normal -0 0 -1
    outer loop
      vertex 0 -2.1 0
      vertex -11 -13 0
      vertex -0.183026 -2.09201 0
    endloop
  endfacet
  facet normal -0 0 -1
    outer loop
      vertex -0.183026 -2.09201 0
      vertex -11 -13 0
      vertex -0.36466 -2.0681 0
    endloop
  endfacet
  facet normal -0 0 -1
    outer loop
      vertex -0.36466 -2.0681 0
      vertex -11 -13 0
      vertex -0.54352 -2.02844 0
    endloop
  endfacet
  facet normal -0 0 -1
    outer loop
      vertex -0.54352 -2.02844 0
      vertex -11 -13 0
      vertex -0.718242 -1.97335 0
    endloop
  endfacet
  facet normal -0 0 -1
    outer loop
      vertex -0.718242 -1.97335 0
      vertex -11 -13 0
      vertex -0.887498 -1.90325 0
    endloop
  endfacet
  facet normal -0 0 -1
    outer loop
      vertex -0.887498 -1.90325 0
      vertex -11 -13 0
      vertex -1.05 -1.81865 0
    endloop
  endfacet
  facet normal -0 0 -1
    outer loop
      vertex -1.05 -1.81865 0
      vertex -11 -13 0
      vertex -1.20451 -1.72022 0
    endloop
  endfacet
  facet normal -0 0 -1
    outer loop
      vertex -1.20451 -1.72022 0
      vertex -11 -13 0
      vertex -1.34985 -1.60869 0
    endloop
  endfacet
  facet normal -0 0 -1
    outer loop
      vertex -2.09201 -0.183026 0
      vertex -11 -13 0
      vertex -2.1 0 0
    endloop
  endfacet
  facet normal -0 0 -1
    outer loop
      vertex -2.0681 -0.36466 0
      vertex -11 -13 0
      vertex -2.09201 -0.183026 0
    endloop
  endfacet
  facet normal -0 0 -1
    outer loop
      vertex -2.02844 -0.54352 0
      vertex -11 -13 0
      vertex -2.0681 -0.36466 0
    endloop
  endfacet
  facet normal -0 0 -1
    outer loop
      vertex -1.97335 -0.718242 0
      vertex -11 -13 0
      vertex -2.02844 -0.54352 0
    endloop
  endfacet
  facet normal -0 0 -1
    outer loop
      vertex -1.90325 -0.887498 0
      vertex -11 -13 0
      vertex -1.97335 -0.718242 0
    endloop
  endfacet
  facet normal -0 0 -1
    outer loop
      vertex -1.81865 -1.05 0
      vertex -11 -13 0
      vertex -1.90325 -0.887498 0
    endloop
  endfacet
  facet normal -0 0 -1
    outer loop
      vertex -1.72022 -1.20451 0
      vertex -11 -13 0
      vertex -1.81865 -1.05 0
    endloop
  endfacet
  facet normal -0 0 -1
    outer loop
      vertex -1.60869 -1.34985 0
      vertex -11 -13 0
      vertex -1.72022 -1.20451 0
    endloop
  endfacet
  facet normal -0 0 -1
    outer loop
      vertex -1.48492 -1.48492 0
      vertex -11 -13 0
      vertex -1.60869 -1.34985 0
    endloop
  endfacet
  facet normal -0 0 -1
    outer loop
      vertex -1.34985 -1.60869 0
      vertex -11 -13 0
      vertex -1.48492 -1.48492 0
    endloop
  endfacet
  facet normal 0 0 -1
    outer loop
      vertex 11 -13 0
      vertex 15 -16 0
      vertex 11 -16 0
    endloop
  endfacet
  facet normal 0 0 -1
    outer loop
      vertex 15 -16 0
      vertex 11 -13 0
      vertex 15 16 0
    endloop
  endfacet
  facet normal 0 0 -1
    outer loop
      vertex 11 13 0
      vertex 15 16 0
      vertex 11 -13 0
    endloop
  endfacet
  facet normal -0 0 -1
    outer loop
      vertex 15 16 0
      vertex 11 13 0
      vertex 11 16 0
    endloop
  endfacet
  facet normal 0 0 -1
    outer loop
      vertex 2.09201 0.183026 0
      vertex 11 13 0
      vertex 2.1 0 0
    endloop
  endfacet
  facet normal 0 0 -1
    outer loop
      vertex 2.0681 0.36466 0
      vertex 11 13 0
      vertex 2.09201 0.183026 0
    endloop
  endfacet
  facet normal 0 0 -1
    outer loop
      vertex 2.02844 0.54352 0
      vertex 11 13 0
      vertex 2.0681 0.36466 0
    endloop
  endfacet
  facet normal 0 0 -1
    outer loop
      vertex 1.97335 0.718242 0
      vertex 11 13 0
      vertex 2.02844 0.54352 0
    endloop
  endfacet
  facet normal 0 0 -1
    outer loop
      vertex 1.90325 0.887498 0
      vertex 11 13 0
      vertex 1.97335 0.718242 0
    endloop
  endfacet
  facet normal 0 0 -1
    outer loop
      vertex 1.81865 1.05 0
      vertex 11 13 0
      vertex 1.90325 0.887498 0
    endloop
  endfacet
  facet normal 0 0 -1
    outer loop
      vertex 1.72022 1.20451 0
      vertex 11 13 0
      vertex 1.81865 1.05 0
    endloop
  endfacet
  facet normal 0 0 -1
    outer loop
      vertex 1.60869 1.34985 0
      vertex 11 13 0
      vertex 1.72022 1.20451 0
    endloop
  endfacet
  facet normal 0 0 -1
    outer loop
      vertex 1.48492 1.48492 0
      vertex 11 13 0
      vertex 1.60869 1.34985 0
    endloop
  endfacet
  facet normal 0 0 -1
    outer loop
      vertex 1.34985 1.60869 0
      vertex 11 13 0
      vertex 1.48492 1.48492 0
    endloop
  endfacet
  facet normal 0 0 -1
    outer loop
      vertex 1.20451 1.72022 0
      vertex 11 13 0
      vertex 1.34985 1.60869 0
    endloop
  endfacet
  facet normal 0 0 -1
    outer loop
      vertex 1.05 1.81865 0
      vertex 11 13 0
      vertex 1.20451 1.72022 0
    endloop
  endfacet
  facet normal 0 0 -1
    outer loop
      vertex 0.887498 1.90325 0
      vertex 11 13 0
      vertex 1.05 1.81865 0
    endloop
  endfacet
  facet normal 0 0 -1
    outer loop
      vertex 0.718242 1.97335 0
      vertex 11 13 0
      vertex 0.887498 1.90325 0
    endloop
  endfacet
  facet normal 0 0 -1
    outer loop
      vertex 0.54352 2.02844 0
      vertex 11 13 0
      vertex 0.718242 1.97335 0
    endloop
  endfacet
  facet normal 0 0 -1
    outer loop
      vertex 0.36466 2.0681 0
      vertex 11 13 0
      vertex 0.54352 2.02844 0
    endloop
  endfacet
  facet normal 0 0 -1
    outer loop
      vertex 0.183026 2.09201 0
      vertex 11 13 0
      vertex 0.36466 2.0681 0
    endloop
  endfacet
  facet normal 0 0 -1
    outer loop
      vertex 0 2.1 0
      vertex 11 13 0
      vertex 0.183026 2.09201 0
    endloop
  endfacet
  facet normal 0 0 -1
    outer loop
      vertex -11 13 0
      vertex 0 2.1 0
      vertex -0.183026 2.09201 0
    endloop
  endfacet
  facet normal 0 0 -1
    outer loop
      vertex -11 13 0
      vertex -0.183026 2.09201 0
      vertex -0.36466 2.0681 0
    endloop
  endfacet
  facet normal 0 0 -1
    outer loop
      vertex -11 13 0
      vertex -0.36466 2.0681 0
      vertex -0.54352 2.02844 0
    endloop
  endfacet
  facet normal 0 0 -1
    outer loop
      vertex -11 13 0
      vertex -0.54352 2.02844 0
      vertex -0.718242 1.97335 0
    endloop
  endfacet
  facet normal 0 0 -1
    outer loop
      vertex -11 13 0
      vertex -0.718242 1.97335 0
      vertex -0.887498 1.90325 0
    endloop
  endfacet
  facet normal 0 0 -1
    outer loop
      vertex -11 13 0
      vertex -0.887498 1.90325 0
      vertex -1.05 1.81865 0
    endloop
  endfacet
  facet normal 0 0 -1
    outer loop
      vertex -11 13 0
      vertex -1.05 1.81865 0
      vertex -1.20451 1.72022 0
    endloop
  endfacet
  facet normal 0 0 -1
    outer loop
      vertex -11 13 0
      vertex -1.20451 1.72022 0
      vertex -1.34985 1.60869 0
    endloop
  endfacet
  facet normal 0 0 -1
    outer loop
      vertex -11 13 0
      vertex -1.34985 1.60869 0
      vertex -1.48492 1.48492 0
    endloop
  endfacet
  facet normal 0 0 -1
    outer loop
      vertex -11 13 0
      vertex -2.1 0 0
      vertex -11 -13 0
    endloop
  endfacet
  facet normal 0 0 -1
    outer loop
      vertex -2.1 0 0
      vertex -11 13 0
      vertex -2.09201 0.183026 0
    endloop
  endfacet
  facet normal 0 0 -1
    outer loop
      vertex -2.09201 0.183026 0
      vertex -11 13 0
      vertex -2.0681 0.36466 0
    endloop
  endfacet
  facet normal 0 0 -1
    outer loop
      vertex -2.0681 0.36466 0
      vertex -11 13 0
      vertex -2.02844 0.54352 0
    endloop
  endfacet
  facet normal 0 0 -1
    outer loop
      vertex -2.02844 0.54352 0
      vertex -11 13 0
      vertex -1.97335 0.718242 0
    endloop
  endfacet
  facet normal 0 0 -1
    outer loop
      vertex -1.97335 0.718242 0
      vertex -11 13 0
      vertex -1.90325 0.887498 0
    endloop
  endfacet
  facet normal 0 0 -1
    outer loop
      vertex -1.90325 0.887498 0
      vertex -11 13 0
      vertex -1.81865 1.05 0
    endloop
  endfacet
  facet normal 0 0 -1
    outer loop
      vertex 0 2.1 0
      vertex -11 13 0
      vertex 11 13 0
    endloop
  endfacet
  facet normal 0 0 -1
    outer loop
      vertex -1.60869 1.34985 0
      vertex -11 13 0
      vertex -1.48492 1.48492 0
    endloop
  endfacet
  facet normal 0 0 -1
    outer loop
      vertex -1.72022 1.20451 0
      vertex -11 13 0
      vertex -1.60869 1.34985 0
    endloop
  endfacet
  facet normal 0 0 -1
    outer loop
      vertex -1.81865 1.05 0
      vertex -11 13 0
      vertex -1.72022 1.20451 0
    endloop
  endfacet
  facet normal -1 0 0
    outer loop
      vertex -15 16 0
      vertex -15 13 7
      vertex -15 16 7
    endloop
  endfacet
  facet normal -1 0 0
    outer loop
      vertex -15 13 7
      vertex -15 -13 7
      vertex -15 13 12
    endloop
  endfacet
  facet normal -1 0 0
    outer loop
      vertex -15 16 0
      vertex -15 -13 7
      vertex -15 13 7
    endloop
  endfacet
  facet normal -1 0 0
    outer loop
      vertex -15 -16 0
      vertex -15 -13 7
      vertex -15 16 0
    endloop
  endfacet
  facet normal -1 -0 0
    outer loop
      vertex -15 -13 7
      vertex -15 -16 0
      vertex -15 -16 7
    endloop
  endfacet
  facet normal -1 -0 0
    outer loop
      vertex -15 13 12
      vertex -15 -13 7
      vertex -15 -13 12
    endloop
  endfacet
  facet normal 0 1 -0
    outer loop
      vertex 11 13 0
      vertex -11 13 7
      vertex 11 13 7
    endloop
  endfacet
  facet normal 0 1 0
    outer loop
      vertex -11 13 7
      vertex 11 13 0
      vertex -11 13 0
    endloop
  endfacet
  facet normal 0 1 0
    outer loop
      vertex 11 13 7
      vertex 15 13 12
      vertex 15 13 7
    endloop
  endfacet
  facet normal 0 1 0
    outer loop
      vertex 15 13 12
      vertex 11 13 7
      vertex -15 13 12
    endloop
  endfacet
  facet normal 0 1 -0
    outer loop
      vertex -11 13 7
      vertex -15 13 12
      vertex 11 13 7
    endloop
  endfacet
  facet normal 0 1 0
    outer loop
      vertex -15 13 12
      vertex -11 13 7
      vertex -15 13 7
    endloop
  endfacet
  facet normal 0 -1 0
    outer loop
      vertex -11 -13 0
      vertex 11 -13 7
      vertex -11 -13 7
    endloop
  endfacet
  facet normal 0 -1 -0
    outer loop
      vertex 11 -13 7
      vertex -11 -13 0
      vertex 11 -13 0
    endloop
  endfacet
  facet normal 0 -1 0
    outer loop
      vertex -11 -13 7
      vertex -15 -13 12
      vertex -15 -13 7
    endloop
  endfacet
  facet normal 0 -1 0
    outer loop
      vertex -15 -13 12
      vertex -11 -13 7
      vertex 15 -13 12
    endloop
  endfacet
  facet normal 0 -1 0
    outer loop
      vertex 11 -13 7
      vertex 15 -13 12
      vertex -11 -13 7
    endloop
  endfacet
  facet normal 0 -1 -0
    outer loop
      vertex 15 -13 12
      vertex 11 -13 7
      vertex 15 -13 7
    endloop
  endfacet
  facet normal 1 -0 0
    outer loop
      vertex -11 13 7
      vertex -11 16 0
      vertex -11 16 7
    endloop
  endfacet
  facet normal 1 0 0
    outer loop
      vertex -11 16 0
      vertex -11 13 7
      vertex -11 13 0
    endloop
  endfacet
  facet normal 1 -0 0
    outer loop
      vertex -11 -16 7
      vertex -11 -13 0
      vertex -11 -13 7
    endloop
  endfacet
  facet normal 1 0 0
    outer loop
      vertex -11 -13 0
      vertex -11 -16 7
      vertex -11 -16 0
    endloop
  endfacet
  facet normal -0 0 1
    outer loop
      vertex -15 16 7
      vertex -11 13 7
      vertex -11 16 7
    endloop
  endfacet
  facet normal 0 0 1
    outer loop
      vertex -11 13 7
      vertex -15 16 7
      vertex -15 13 7
    endloop
  endfacet
  facet normal -0 0 1
    outer loop
      vertex -15 -13 7
      vertex -11 -16 7
      vertex -11 -13 7
    endloop
  endfacet
  facet normal 0 0 1
    outer loop
      vertex -11 -16 7
      vertex -15 -13 7
      vertex -15 -16 7
    endloop
  endfacet
  facet normal 0 1 -0
    outer loop
      vertex -11 16 0
      vertex -15 16 7
      vertex -11 16 7
    endloop
  endfacet
  facet normal 0 1 0
    outer loop
      vertex -15 16 7
      vertex -11 16 0
      vertex -15 16 0
    endloop
  endfacet
  facet normal 0 -1 0
    outer loop
      vertex -15 -16 0
      vertex -11 -16 7
      vertex -15 -16 7
    endloop
  endfacet
  facet normal 0 -1 -0
    outer loop
      vertex -11 -16 7
      vertex -15 -16 0
      vertex -11 -16 0
    endloop
  endfacet
  facet normal -0 0 1
    outer loop
      vertex 11 16 7
      vertex 15 13 7
      vertex 15 16 7
    endloop
  endfacet
  facet normal 0 0 1
    outer loop
      vertex 15 13 7
      vertex 11 16 7
      vertex 11 13 7
    endloop
  endfacet
  facet normal -0 0 1
    outer loop
      vertex 11 -13 7
      vertex 15 -16 7
      vertex 15 -13 7
    endloop
  endfacet
  facet normal 0 0 1
    outer loop
      vertex 15 -16 7
      vertex 11 -13 7
      vertex 11 -16 7
    endloop
  endfacet
  facet normal -1 0 0
    outer loop
      vertex 11 13 0
      vertex 11 16 7
      vertex 11 16 0
    endloop
  endfacet
  facet normal -1 -0 0
    outer loop
      vertex 11 16 7
      vertex 11 13 0
      vertex 11 13 7
    endloop
  endfacet
  facet normal -1 0 0
    outer loop
      vertex 11 -16 0
      vertex 11 -13 7
      vertex 11 -13 0
    endloop
  endfacet
  facet normal -1 -0 0
    outer loop
      vertex 11 -13 7
      vertex 11 -16 0
      vertex 11 -16 7
    endloop
  endfacet
  facet normal 0 1 -0
    outer loop
      vertex 15 16 0
      vertex 11 16 7
      vertex 15 16 7
    endloop
  endfacet
  facet normal 0 1 0
    outer loop
      vertex 11 16 7
      vertex 15 16 0
      vertex 11 16 0
    endloop
  endfacet
  facet normal 0 -1 0
    outer loop
      vertex 11 -16 0
      vertex 15 -16 7
      vertex 11 -16 7
    endloop
  endfacet
  facet normal 0 -1 -0
    outer loop
      vertex 15 -16 7
      vertex 11 -16 0
      vertex 15 -16 0
    endloop
  endfacet
  facet normal 0.887009 0.461753 0
    outer loop
      vertex -9.24759 -6.875 12
      vertex -9.39865 -6.58482 2
      vertex -9.39865 -6.58482 12
    endloop
  endfacet
  facet normal 0.887009 0.461753 0
    outer loop
      vertex -9.39865 -6.58482 2
      vertex -9.24759 -6.875 12
      vertex -9.24759 -6.875 2
    endloop
  endfacet
  facet normal -0.991445 -0.130522 0
    outer loop
      vertex -2.26427 -4.67317 2
      vertex -2.30697 -4.34882 12
      vertex -2.30697 -4.34882 2
    endloop
  endfacet
  facet normal -0.991445 -0.130522 0
    outer loop
      vertex -2.30697 -4.34882 12
      vertex -2.26427 -4.67317 2
      vertex -2.26427 -4.67317 12
    endloop
  endfacet
  facet normal -0.999048 -0.0436203 0
    outer loop
      vertex -2.25 -5 2
      vertex -2.26427 -4.67317 12
      vertex -2.26427 -4.67317 2
    endloop
  endfacet
  facet normal -0.999048 -0.0436203 0
    outer loop
      vertex -2.26427 -4.67317 12
      vertex -2.25 -5 2
      vertex -2.25 -5 12
    endloop
  endfacet
  facet normal -0.976294 -0.216448 0
    outer loop
      vertex -2.30697 -4.34882 2
      vertex -2.37778 -4.02943 12
      vertex -2.37778 -4.02943 2
    endloop
  endfacet
  facet normal -0.976294 -0.216448 0
    outer loop
      vertex -2.37778 -4.02943 12
      vertex -2.30697 -4.34882 2
      vertex -2.30697 -4.34882 12
    endloop
  endfacet
  facet normal 0.843397 0.537291 0
    outer loop
      vertex -9.07182 -7.15091 12
      vertex -9.24759 -6.875 2
      vertex -9.24759 -6.875 12
    endloop
  endfacet
  facet normal 0.843397 0.537291 0
    outer loop
      vertex -9.24759 -6.875 2
      vertex -9.07182 -7.15091 12
      vertex -9.07182 -7.15091 2
    endloop
  endfacet
  facet normal 0.300697 -0.95372 0
    outer loop
      vertex -7.28257 -1.47615 2
      vertex -6.97057 -1.37778 12
      vertex -7.28257 -1.47615 12
    endloop
  endfacet
  facet normal 0.300697 -0.95372 0
    outer loop
      vertex -6.97057 -1.37778 12
      vertex -7.28257 -1.47615 2
      vertex -6.97057 -1.37778 2
    endloop
  endfacet
  facet normal -0.130522 0.991445 0
    outer loop
      vertex -5.34882 -8.69303 2
      vertex -5.67317 -8.73573 12
      vertex -5.34882 -8.69303 12
    endloop
  endfacet
  facet normal -0.130522 0.991445 0
    outer loop
      vertex -5.67317 -8.73573 12
      vertex -5.34882 -8.69303 2
      vertex -5.67317 -8.73573 2
    endloop
  endfacet
  facet normal -0.300688 0.953723 0
    outer loop
      vertex -4.71742 -8.52385 2
      vertex -5.02943 -8.62222 12
      vertex -4.71742 -8.52385 12
    endloop
  endfacet
  facet normal -0.300688 0.953723 0
    outer loop
      vertex -5.02943 -8.62222 12
      vertex -4.71742 -8.52385 2
      vertex -5.02943 -8.62222 2
    endloop
  endfacet
  facet normal -0.608757 0.793356 0
    outer loop
      vertex -3.58955 -7.87267 2
      vertex -3.84909 -8.07182 12
      vertex -3.58955 -7.87267 12
    endloop
  endfacet
  facet normal -0.608757 0.793356 0
    outer loop
      vertex -3.84909 -8.07182 12
      vertex -3.58955 -7.87267 2
      vertex -3.84909 -8.07182 2
    endloop
  endfacet
  facet normal -0.737276 -0.675592 0
    outer loop
      vertex -3.12733 -2.58955 2
      vertex -3.34835 -2.34835 12
      vertex -3.34835 -2.34835 2
    endloop
  endfacet
  facet normal -0.737276 -0.675592 0
    outer loop
      vertex -3.34835 -2.34835 12
      vertex -3.12733 -2.58955 2
      vertex -3.12733 -2.58955 12
    endloop
  endfacet
  facet normal -0.887021 -0.461729 0
    outer loop
      vertex -2.60135 -3.41518 2
      vertex -2.7524 -3.125 12
      vertex -2.7524 -3.125 2
    endloop
  endfacet
  facet normal -0.887021 -0.461729 0
    outer loop
      vertex -2.7524 -3.125 12
      vertex -2.60135 -3.41518 2
      vertex -2.60135 -3.41518 12
    endloop
  endfacet
  facet normal 0.976294 -0.216448 0
    outer loop
      vertex -9.69303 -4.34882 12
      vertex -9.62222 -4.02943 2
      vertex -9.62222 -4.02943 12
    endloop
  endfacet
  facet normal 0.976294 -0.216448 0
    outer loop
      vertex -9.62222 -4.02943 2
      vertex -9.69303 -4.34882 12
      vertex -9.69303 -4.34882 2
    endloop
  endfacet
  facet normal -0.300688 -0.953723 0
    outer loop
      vertex -5.02943 -1.37778 2
      vertex -4.71742 -1.47615 12
      vertex -5.02943 -1.37778 12
    endloop
  endfacet
  facet normal -0.300688 -0.953723 -0
    outer loop
      vertex -4.71742 -1.47615 12
      vertex -5.02943 -1.37778 2
      vertex -4.71742 -1.47615 2
    endloop
  endfacet
  facet normal -0.999048 0.0436203 0
    outer loop
      vertex -2.26427 -5.32683 2
      vertex -2.25 -5 12
      vertex -2.25 -5 2
    endloop
  endfacet
  facet normal -0.999048 0.0436203 0
    outer loop
      vertex -2.25 -5 12
      vertex -2.26427 -5.32683 2
      vertex -2.26427 -5.32683 12
    endloop
  endfacet
  facet normal -0.608757 -0.793356 0
    outer loop
      vertex -3.84909 -1.92818 2
      vertex -3.58955 -2.12733 12
      vertex -3.84909 -1.92818 12
    endloop
  endfacet
  facet normal -0.608757 -0.793356 -0
    outer loop
      vertex -3.58955 -2.12733 12
      vertex -3.84909 -1.92818 2
      vertex -3.58955 -2.12733 2
    endloop
  endfacet
  facet normal 0.0436203 -0.999048 0
    outer loop
      vertex -6.32683 -1.26427 2
      vertex -6 -1.25 12
      vertex -6.32683 -1.26427 12
    endloop
  endfacet
  facet normal 0.0436203 -0.999048 0
    outer loop
      vertex -6 -1.25 12
      vertex -6.32683 -1.26427 2
      vertex -6 -1.25 2
    endloop
  endfacet
  facet normal 0.923875 0.382694 0
    outer loop
      vertex -9.39865 -6.58482 12
      vertex -9.52385 -6.28257 2
      vertex -9.52385 -6.28257 12
    endloop
  endfacet
  facet normal 0.923875 0.382694 0
    outer loop
      vertex -9.52385 -6.28257 2
      vertex -9.39865 -6.58482 12
      vertex -9.39865 -6.58482 2
    endloop
  endfacet
  facet normal -0.737276 0.675592 0
    outer loop
      vertex -3.34835 -7.65165 2
      vertex -3.12733 -7.41045 12
      vertex -3.12733 -7.41045 2
    endloop
  endfacet
  facet normal -0.737276 0.675592 0
    outer loop
      vertex -3.12733 -7.41045 12
      vertex -3.34835 -7.65165 2
      vertex -3.34835 -7.65165 12
    endloop
  endfacet
  facet normal -0.793356 -0.608757 0
    outer loop
      vertex -2.92818 -2.84909 2
      vertex -3.12733 -2.58955 12
      vertex -3.12733 -2.58955 2
    endloop
  endfacet
  facet normal -0.793356 -0.608757 0
    outer loop
      vertex -3.12733 -2.58955 12
      vertex -2.92818 -2.84909 2
      vertex -2.92818 -2.84909 12
    endloop
  endfacet
  facet normal -0.793356 0.608757 0
    outer loop
      vertex -3.12733 -7.41045 2
      vertex -2.92818 -7.15091 12
      vertex -2.92818 -7.15091 2
    endloop
  endfacet
  facet normal -0.793356 0.608757 0
    outer loop
      vertex -2.92818 -7.15091 12
      vertex -3.12733 -7.41045 2
      vertex -3.12733 -7.41045 12
    endloop
  endfacet
  facet normal -0.216448 -0.976294 0
    outer loop
      vertex -5.34882 -1.30697 2
      vertex -5.02943 -1.37778 12
      vertex -5.34882 -1.30697 12
    endloop
  endfacet
  facet normal -0.216448 -0.976294 -0
    outer loop
      vertex -5.02943 -1.37778 12
      vertex -5.34882 -1.30697 2
      vertex -5.02943 -1.37778 2
    endloop
  endfacet
  facet normal 0.737276 -0.675592 0
    outer loop
      vertex -8.87267 -2.58955 12
      vertex -8.65165 -2.34835 2
      vertex -8.65165 -2.34835 12
    endloop
  endfacet
  facet normal 0.737276 -0.675592 0
    outer loop
      vertex -8.65165 -2.34835 2
      vertex -8.87267 -2.58955 12
      vertex -8.87267 -2.58955 2
    endloop
  endfacet
  facet normal -0.976294 0.216448 0
    outer loop
      vertex -2.37778 -5.97057 2
      vertex -2.30697 -5.65118 12
      vertex -2.30697 -5.65118 2
    endloop
  endfacet
  facet normal -0.976294 0.216448 0
    outer loop
      vertex -2.30697 -5.65118 12
      vertex -2.37778 -5.97057 2
      vertex -2.37778 -5.97057 12
    endloop
  endfacet
  facet normal 0.537313 -0.843383 0
    outer loop
      vertex -8.15091 -1.92818 2
      vertex -7.875 -1.7524 12
      vertex -8.15091 -1.92818 12
    endloop
  endfacet
  facet normal 0.537313 -0.843383 0
    outer loop
      vertex -7.875 -1.7524 12
      vertex -8.15091 -1.92818 2
      vertex -7.875 -1.7524 2
    endloop
  endfacet
  facet normal 0.793356 0.608757 0
    outer loop
      vertex -8.87267 -7.41045 12
      vertex -9.07182 -7.15091 2
      vertex -9.07182 -7.15091 12
    endloop
  endfacet
  facet normal 0.793356 0.608757 0
    outer loop
      vertex -9.07182 -7.15091 2
      vertex -8.87267 -7.41045 12
      vertex -8.87267 -7.41045 2
    endloop
  endfacet
  facet normal -0.461729 -0.887021 0
    outer loop
      vertex -4.41518 -1.60135 2
      vertex -4.125 -1.7524 12
      vertex -4.41518 -1.60135 12
    endloop
  endfacet
  facet normal -0.461729 -0.887021 -0
    outer loop
      vertex -4.125 -1.7524 12
      vertex -4.41518 -1.60135 2
      vertex -4.125 -1.7524 2
    endloop
  endfacet
  facet normal -0.537313 -0.843383 0
    outer loop
      vertex -4.125 -1.7524 2
      vertex -3.84909 -1.92818 12
      vertex -4.125 -1.7524 12
    endloop
  endfacet
  facet normal -0.537313 -0.843383 -0
    outer loop
      vertex -3.84909 -1.92818 12
      vertex -4.125 -1.7524 2
      vertex -3.84909 -1.92818 2
    endloop
  endfacet
  facet normal 0.923871 -0.382705 0
    outer loop
      vertex -9.52385 -3.71742 12
      vertex -9.39865 -3.41518 2
      vertex -9.39865 -3.41518 12
    endloop
  endfacet
  facet normal 0.923871 -0.382705 0
    outer loop
      vertex -9.39865 -3.41518 2
      vertex -9.52385 -3.71742 12
      vertex -9.52385 -3.71742 2
    endloop
  endfacet
  facet normal 0.608757 -0.793356 0
    outer loop
      vertex -8.41045 -2.12733 2
      vertex -8.15091 -1.92818 12
      vertex -8.41045 -2.12733 12
    endloop
  endfacet
  facet normal 0.608757 -0.793356 0
    outer loop
      vertex -8.15091 -1.92818 12
      vertex -8.41045 -2.12733 2
      vertex -8.15091 -1.92818 2
    endloop
  endfacet
  facet normal -0.953723 -0.300688 0
    outer loop
      vertex -2.37778 -4.02943 2
      vertex -2.47615 -3.71742 12
      vertex -2.47615 -3.71742 2
    endloop
  endfacet
  facet normal -0.953723 -0.300688 0
    outer loop
      vertex -2.47615 -3.71742 12
      vertex -2.37778 -4.02943 2
      vertex -2.37778 -4.02943 12
    endloop
  endfacet
  facet normal 0.537291 0.843397 -0
    outer loop
      vertex -7.875 -8.24759 2
      vertex -8.15091 -8.07182 12
      vertex -7.875 -8.24759 12
    endloop
  endfacet
  facet normal 0.537291 0.843397 0
    outer loop
      vertex -8.15091 -8.07182 12
      vertex -7.875 -8.24759 2
      vertex -8.15091 -8.07182 2
    endloop
  endfacet
  facet normal -0.923875 0.382694 0
    outer loop
      vertex -2.60135 -6.58482 2
      vertex -2.47615 -6.28257 12
      vertex -2.47615 -6.28257 2
    endloop
  endfacet
  facet normal -0.923875 0.382694 0
    outer loop
      vertex -2.47615 -6.28257 12
      vertex -2.60135 -6.58482 2
      vertex -2.60135 -6.58482 12
    endloop
  endfacet
  facet normal -0.382705 -0.923871 0
    outer loop
      vertex -4.71742 -1.47615 2
      vertex -4.41518 -1.60135 12
      vertex -4.71742 -1.47615 12
    endloop
  endfacet
  facet normal -0.382705 -0.923871 -0
    outer loop
      vertex -4.41518 -1.60135 12
      vertex -4.71742 -1.47615 2
      vertex -4.41518 -1.60135 2
    endloop
  endfacet
  facet normal 0.953723 -0.300688 0
    outer loop
      vertex -9.62222 -4.02943 12
      vertex -9.52385 -3.71742 2
      vertex -9.52385 -3.71742 12
    endloop
  endfacet
  facet normal 0.953723 -0.300688 0
    outer loop
      vertex -9.52385 -3.71742 2
      vertex -9.62222 -4.02943 12
      vertex -9.62222 -4.02943 2
    endloop
  endfacet
  facet normal 0.991445 -0.130522 0
    outer loop
      vertex -9.73573 -4.67317 12
      vertex -9.69303 -4.34882 2
      vertex -9.69303 -4.34882 12
    endloop
  endfacet
  facet normal 0.991445 -0.130522 0
    outer loop
      vertex -9.69303 -4.34882 2
      vertex -9.73573 -4.67317 12
      vertex -9.73573 -4.67317 2
    endloop
  endfacet
  facet normal -0.216448 0.976294 0
    outer loop
      vertex -5.02943 -8.62222 2
      vertex -5.34882 -8.69303 12
      vertex -5.02943 -8.62222 12
    endloop
  endfacet
  facet normal -0.216448 0.976294 0
    outer loop
      vertex -5.34882 -8.69303 12
      vertex -5.02943 -8.62222 2
      vertex -5.34882 -8.69303 2
    endloop
  endfacet
  facet normal -0.537291 0.843397 0
    outer loop
      vertex -3.84909 -8.07182 2
      vertex -4.125 -8.24759 12
      vertex -3.84909 -8.07182 12
    endloop
  endfacet
  facet normal -0.537291 0.843397 0
    outer loop
      vertex -4.125 -8.24759 12
      vertex -3.84909 -8.07182 2
      vertex -4.125 -8.24759 2
    endloop
  endfacet
  facet normal 0.461753 0.887009 -0
    outer loop
      vertex -7.58482 -8.39865 2
      vertex -7.875 -8.24759 12
      vertex -7.58482 -8.39865 12
    endloop
  endfacet
  facet normal 0.461753 0.887009 0
    outer loop
      vertex -7.875 -8.24759 12
      vertex -7.58482 -8.39865 2
      vertex -7.875 -8.24759 2
    endloop
  endfacet
  facet normal -0.461753 0.887009 0
    outer loop
      vertex -4.125 -8.24759 2
      vertex -4.41518 -8.39865 12
      vertex -4.125 -8.24759 12
    endloop
  endfacet
  facet normal -0.461753 0.887009 0
    outer loop
      vertex -4.41518 -8.39865 12
      vertex -4.125 -8.24759 2
      vertex -4.41518 -8.39865 2
    endloop
  endfacet
  facet normal -0.843383 0.537313 0
    outer loop
      vertex -2.92818 -7.15091 2
      vertex -2.7524 -6.875 12
      vertex -2.7524 -6.875 2
    endloop
  endfacet
  facet normal -0.843383 0.537313 0
    outer loop
      vertex -2.7524 -6.875 12
      vertex -2.92818 -7.15091 2
      vertex -2.92818 -7.15091 12
    endloop
  endfacet
  facet normal 0.675592 0.737276 -0
    outer loop
      vertex -8.41045 -7.87267 2
      vertex -8.65165 -7.65165 12
      vertex -8.41045 -7.87267 12
    endloop
  endfacet
  facet normal 0.675592 0.737276 0
    outer loop
      vertex -8.65165 -7.65165 12
      vertex -8.41045 -7.87267 2
      vertex -8.65165 -7.65165 2
    endloop
  endfacet
  facet normal -0.0436203 0.999048 0
    outer loop
      vertex -5.67317 -8.73573 2
      vertex -6 -8.75 12
      vertex -5.67317 -8.73573 12
    endloop
  endfacet
  facet normal -0.0436203 0.999048 0
    outer loop
      vertex -6 -8.75 12
      vertex -5.67317 -8.73573 2
      vertex -6 -8.75 2
    endloop
  endfacet
  facet normal -0.95372 0.300697 0
    outer loop
      vertex -2.47615 -6.28257 2
      vertex -2.37778 -5.97057 12
      vertex -2.37778 -5.97057 2
    endloop
  endfacet
  facet normal -0.95372 0.300697 0
    outer loop
      vertex -2.37778 -5.97057 12
      vertex -2.47615 -6.28257 2
      vertex -2.47615 -6.28257 12
    endloop
  endfacet
  facet normal 0.793356 -0.608757 0
    outer loop
      vertex -9.07182 -2.84909 12
      vertex -8.87267 -2.58955 2
      vertex -8.87267 -2.58955 12
    endloop
  endfacet
  facet normal 0.793356 -0.608757 0
    outer loop
      vertex -8.87267 -2.58955 2
      vertex -9.07182 -2.84909 12
      vertex -9.07182 -2.84909 2
    endloop
  endfacet
  facet normal 0.216448 -0.976294 0
    outer loop
      vertex -6.97057 -1.37778 2
      vertex -6.65118 -1.30697 12
      vertex -6.97057 -1.37778 12
    endloop
  endfacet
  facet normal 0.216448 -0.976294 0
    outer loop
      vertex -6.65118 -1.30697 12
      vertex -6.97057 -1.37778 2
      vertex -6.65118 -1.30697 2
    endloop
  endfacet
  facet normal -0.923871 -0.382705 0
    outer loop
      vertex -2.47615 -3.71742 2
      vertex -2.60135 -3.41518 12
      vertex -2.60135 -3.41518 2
    endloop
  endfacet
  facet normal -0.923871 -0.382705 0
    outer loop
      vertex -2.60135 -3.41518 12
      vertex -2.47615 -3.71742 2
      vertex -2.47615 -3.71742 12
    endloop
  endfacet
  facet normal 0 0 1
    outer loop
      vertex -2.26427 -4.67317 2
      vertex -2.26427 -5.32683 2
      vertex -2.25 -5 2
    endloop
  endfacet
  facet normal 0 0 1
    outer loop
      vertex -2.30697 -4.34882 2
      vertex -2.26427 -5.32683 2
      vertex -2.26427 -4.67317 2
    endloop
  endfacet
  facet normal 0 0 1
    outer loop
      vertex -2.30697 -4.34882 2
      vertex -2.30697 -5.65118 2
      vertex -2.26427 -5.32683 2
    endloop
  endfacet
  facet normal 0 0 1
    outer loop
      vertex -2.37778 -4.02943 2
      vertex -2.30697 -5.65118 2
      vertex -2.30697 -4.34882 2
    endloop
  endfacet
  facet normal 0 0 1
    outer loop
      vertex -2.37778 -4.02943 2
      vertex -2.37778 -5.97057 2
      vertex -2.30697 -5.65118 2
    endloop
  endfacet
  facet normal 0 0 1
    outer loop
      vertex -2.47615 -3.71742 2
      vertex -2.37778 -5.97057 2
      vertex -2.37778 -4.02943 2
    endloop
  endfacet
  facet normal 0 0 1
    outer loop
      vertex -2.47615 -3.71742 2
      vertex -2.47615 -6.28257 2
      vertex -2.37778 -5.97057 2
    endloop
  endfacet
  facet normal 0 0 1
    outer loop
      vertex -2.60135 -3.41518 2
      vertex -2.47615 -6.28257 2
      vertex -2.47615 -3.71742 2
    endloop
  endfacet
  facet normal 0 0 1
    outer loop
      vertex -2.60135 -3.41518 2
      vertex -2.60135 -6.58482 2
      vertex -2.47615 -6.28257 2
    endloop
  endfacet
  facet normal 0 0 1
    outer loop
      vertex -2.7524 -3.125 2
      vertex -2.60135 -6.58482 2
      vertex -2.60135 -3.41518 2
    endloop
  endfacet
  facet normal 0 0 1
    outer loop
      vertex -2.7524 -3.125 2
      vertex -2.7524 -6.875 2
      vertex -2.60135 -6.58482 2
    endloop
  endfacet
  facet normal 0 0 1
    outer loop
      vertex -2.92818 -2.84909 2
      vertex -2.7524 -6.875 2
      vertex -2.7524 -3.125 2
    endloop
  endfacet
  facet normal 0 0 1
    outer loop
      vertex -2.92818 -2.84909 2
      vertex -2.92818 -7.15091 2
      vertex -2.7524 -6.875 2
    endloop
  endfacet
  facet normal 0 0 1
    outer loop
      vertex -3.12733 -2.58955 2
      vertex -2.92818 -7.15091 2
      vertex -2.92818 -2.84909 2
    endloop
  endfacet
  facet normal 0 0 1
    outer loop
      vertex -3.12733 -2.58955 2
      vertex -3.12733 -7.41045 2
      vertex -2.92818 -7.15091 2
    endloop
  endfacet
  facet normal 0 0 1
    outer loop
      vertex -3.34835 -2.34835 2
      vertex -3.12733 -7.41045 2
      vertex -3.12733 -2.58955 2
    endloop
  endfacet
  facet normal 0 0 1
    outer loop
      vertex -3.34835 -2.34835 2
      vertex -3.34835 -7.65165 2
      vertex -3.12733 -7.41045 2
    endloop
  endfacet
  facet normal 0 0 1
    outer loop
      vertex -3.58955 -2.12733 2
      vertex -3.34835 -7.65165 2
      vertex -3.34835 -2.34835 2
    endloop
  endfacet
  facet normal 0 0 1
    outer loop
      vertex -3.58955 -2.12733 2
      vertex -3.58955 -7.87267 2
      vertex -3.34835 -7.65165 2
    endloop
  endfacet
  facet normal 0 0 1
    outer loop
      vertex -3.84909 -1.92818 2
      vertex -3.58955 -7.87267 2
      vertex -3.58955 -2.12733 2
    endloop
  endfacet
  facet normal 0 0 1
    outer loop
      vertex -3.84909 -1.92818 2
      vertex -3.84909 -8.07182 2
      vertex -3.58955 -7.87267 2
    endloop
  endfacet
  facet normal 0 0 1
    outer loop
      vertex -4.125 -1.7524 2
      vertex -3.84909 -8.07182 2
      vertex -3.84909 -1.92818 2
    endloop
  endfacet
  facet normal 0 0 1
    outer loop
      vertex -4.125 -1.7524 2
      vertex -4.125 -8.24759 2
      vertex -3.84909 -8.07182 2
    endloop
  endfacet
  facet normal 0 0 1
    outer loop
      vertex -4.41518 -1.60135 2
      vertex -4.125 -8.24759 2
      vertex -4.125 -1.7524 2
    endloop
  endfacet
  facet normal 0 0 1
    outer loop
      vertex -4.41518 -1.60135 2
      vertex -4.41518 -8.39865 2
      vertex -4.125 -8.24759 2
    endloop
  endfacet
  facet normal 0 0 1
    outer loop
      vertex -4.71742 -1.47615 2
      vertex -4.41518 -8.39865 2
      vertex -4.41518 -1.60135 2
    endloop
  endfacet
  facet normal 0 0 1
    outer loop
      vertex -4.71742 -1.47615 2
      vertex -4.71742 -8.52385 2
      vertex -4.41518 -8.39865 2
    endloop
  endfacet
  facet normal 0 0 1
    outer loop
      vertex -5.02943 -1.37778 2
      vertex -4.71742 -8.52385 2
      vertex -4.71742 -1.47615 2
    endloop
  endfacet
  facet normal 0 0 1
    outer loop
      vertex -5.02943 -1.37778 2
      vertex -5.02943 -8.62222 2
      vertex -4.71742 -8.52385 2
    endloop
  endfacet
  facet normal 0 0 1
    outer loop
      vertex -5.34882 -1.30697 2
      vertex -5.02943 -8.62222 2
      vertex -5.02943 -1.37778 2
    endloop
  endfacet
  facet normal 0 0 1
    outer loop
      vertex -5.34882 -1.30697 2
      vertex -5.34882 -8.69303 2
      vertex -5.02943 -8.62222 2
    endloop
  endfacet
  facet normal 0 0 1
    outer loop
      vertex -5.67317 -1.26427 2
      vertex -5.34882 -8.69303 2
      vertex -5.34882 -1.30697 2
    endloop
  endfacet
  facet normal 0 0 1
    outer loop
      vertex -5.67317 -1.26427 2
      vertex -5.67317 -8.73573 2
      vertex -5.34882 -8.69303 2
    endloop
  endfacet
  facet normal 0 0 1
    outer loop
      vertex -6 -1.25 2
      vertex -5.67317 -8.73573 2
      vertex -5.67317 -1.26427 2
    endloop
  endfacet
  facet normal 0 0 1
    outer loop
      vertex -6 -1.25 2
      vertex -6 -8.75 2
      vertex -5.67317 -8.73573 2
    endloop
  endfacet
  facet normal -0 0 1
    outer loop
      vertex -6.32683 -1.26427 2
      vertex -6 -8.75 2
      vertex -6 -1.25 2
    endloop
  endfacet
  facet normal 0 0 1
    outer loop
      vertex -6.32683 -1.26427 2
      vertex -6.32683 -8.73573 2
      vertex -6 -8.75 2
    endloop
  endfacet
  facet normal -0 0 1
    outer loop
      vertex -6.65118 -1.30697 2
      vertex -6.32683 -8.73573 2
      vertex -6.32683 -1.26427 2
    endloop
  endfacet
  facet normal 0 0 1
    outer loop
      vertex -6.65118 -1.30697 2
      vertex -6.65118 -8.69303 2
      vertex -6.32683 -8.73573 2
    endloop
  endfacet
  facet normal -0 0 1
    outer loop
      vertex -6.97057 -1.37778 2
      vertex -6.65118 -8.69303 2
      vertex -6.65118 -1.30697 2
    endloop
  endfacet
  facet normal 0 0 1
    outer loop
      vertex -6.97057 -1.37778 2
      vertex -6.97057 -8.62222 2
      vertex -6.65118 -8.69303 2
    endloop
  endfacet
  facet normal -0 0 1
    outer loop
      vertex -7.28257 -1.47615 2
      vertex -6.97057 -8.62222 2
      vertex -6.97057 -1.37778 2
    endloop
  endfacet
  facet normal 0 0 1
    outer loop
      vertex -7.28257 -1.47615 2
      vertex -7.28257 -8.52385 2
      vertex -6.97057 -8.62222 2
    endloop
  endfacet
  facet normal -0 0 1
    outer loop
      vertex -7.58482 -1.60135 2
      vertex -7.28257 -8.52385 2
      vertex -7.28257 -1.47615 2
    endloop
  endfacet
  facet normal 0 0 1
    outer loop
      vertex -7.58482 -1.60135 2
      vertex -7.58482 -8.39865 2
      vertex -7.28257 -8.52385 2
    endloop
  endfacet
  facet normal -0 0 1
    outer loop
      vertex -7.875 -1.7524 2
      vertex -7.58482 -8.39865 2
      vertex -7.58482 -1.60135 2
    endloop
  endfacet
  facet normal 0 0 1
    outer loop
      vertex -7.875 -1.7524 2
      vertex -7.875 -8.24759 2
      vertex -7.58482 -8.39865 2
    endloop
  endfacet
  facet normal -0 0 1
    outer loop
      vertex -8.15091 -1.92818 2
      vertex -7.875 -8.24759 2
      vertex -7.875 -1.7524 2
    endloop
  endfacet
  facet normal 0 0 1
    outer loop
      vertex -8.15091 -1.92818 2
      vertex -8.15091 -8.07182 2
      vertex -7.875 -8.24759 2
    endloop
  endfacet
  facet normal -0 0 1
    outer loop
      vertex -8.41045 -2.12733 2
      vertex -8.15091 -8.07182 2
      vertex -8.15091 -1.92818 2
    endloop
  endfacet
  facet normal 0 0 1
    outer loop
      vertex -8.41045 -2.12733 2
      vertex -8.41045 -7.87267 2
      vertex -8.15091 -8.07182 2
    endloop
  endfacet
  facet normal -0 0 1
    outer loop
      vertex -8.65165 -2.34835 2
      vertex -8.41045 -7.87267 2
      vertex -8.41045 -2.12733 2
    endloop
  endfacet
  facet normal 0 0 1
    outer loop
      vertex -8.65165 -2.34835 2
      vertex -8.65165 -7.65165 2
      vertex -8.41045 -7.87267 2
    endloop
  endfacet
  facet normal -0 0 1
    outer loop
      vertex -8.87267 -2.58955 2
      vertex -8.65165 -7.65165 2
      vertex -8.65165 -2.34835 2
    endloop
  endfacet
  facet normal 0 0 1
    outer loop
      vertex -8.87267 -2.58955 2
      vertex -8.87267 -7.41045 2
      vertex -8.65165 -7.65165 2
    endloop
  endfacet
  facet normal -0 0 1
    outer loop
      vertex -9.07182 -2.84909 2
      vertex -8.87267 -7.41045 2
      vertex -8.87267 -2.58955 2
    endloop
  endfacet
  facet normal 0 0 1
    outer loop
      vertex -9.07182 -2.84909 2
      vertex -9.07182 -7.15091 2
      vertex -8.87267 -7.41045 2
    endloop
  endfacet
  facet normal -0 0 1
    outer loop
      vertex -9.24759 -3.125 2
      vertex -9.07182 -7.15091 2
      vertex -9.07182 -2.84909 2
    endloop
  endfacet
  facet normal 0 0 1
    outer loop
      vertex -9.24759 -3.125 2
      vertex -9.24759 -6.875 2
      vertex -9.07182 -7.15091 2
    endloop
  endfacet
  facet normal -0 0 1
    outer loop
      vertex -9.39865 -3.41518 2
      vertex -9.24759 -6.875 2
      vertex -9.24759 -3.125 2
    endloop
  endfacet
  facet normal 0 0 1
    outer loop
      vertex -9.39865 -3.41518 2
      vertex -9.39865 -6.58482 2
      vertex -9.24759 -6.875 2
    endloop
  endfacet
  facet normal -0 0 1
    outer loop
      vertex -9.52385 -3.71742 2
      vertex -9.39865 -6.58482 2
      vertex -9.39865 -3.41518 2
    endloop
  endfacet
  facet normal 0 0 1
    outer loop
      vertex -9.52385 -3.71742 2
      vertex -9.52385 -6.28257 2
      vertex -9.39865 -6.58482 2
    endloop
  endfacet
  facet normal -0 0 1
    outer loop
      vertex -9.62222 -4.02943 2
      vertex -9.52385 -6.28257 2
      vertex -9.52385 -3.71742 2
    endloop
  endfacet
  facet normal 0 0 1
    outer loop
      vertex -9.62222 -4.02943 2
      vertex -9.62222 -5.97057 2
      vertex -9.52385 -6.28257 2
    endloop
  endfacet
  facet normal -0 0 1
    outer loop
      vertex -9.69303 -4.34882 2
      vertex -9.62222 -5.97057 2
      vertex -9.62222 -4.02943 2
    endloop
  endfacet
  facet normal 0 0 1
    outer loop
      vertex -9.69303 -4.34882 2
      vertex -9.69303 -5.65118 2
      vertex -9.62222 -5.97057 2
    endloop
  endfacet
  facet normal -0 0 1
    outer loop
      vertex -9.73573 -4.67317 2
      vertex -9.69303 -5.65118 2
      vertex -9.69303 -4.34882 2
    endloop
  endfacet
  facet normal 0 0 1
    outer loop
      vertex -9.73573 -4.67317 2
      vertex -9.73573 -5.32683 2
      vertex -9.69303 -5.65118 2
    endloop
  endfacet
  facet normal 0 -0 1
    outer loop
      vertex -9.73573 -5.32683 2
      vertex -9.73573 -4.67317 2
      vertex -9.75 -5 2
    endloop
  endfacet
  facet normal 0.608757 0.793356 -0
    outer loop
      vertex -8.15091 -8.07182 2
      vertex -8.41045 -7.87267 12
      vertex -8.15091 -8.07182 12
    endloop
  endfacet
  facet normal 0.608757 0.793356 0
    outer loop
      vertex -8.41045 -7.87267 12
      vertex -8.15091 -8.07182 2
      vertex -8.41045 -7.87267 2
    endloop
  endfacet
  facet normal -0.991445 0.130522 0
    outer loop
      vertex -2.30697 -5.65118 2
      vertex -2.26427 -5.32683 12
      vertex -2.26427 -5.32683 2
    endloop
  endfacet
  facet normal -0.991445 0.130522 0
    outer loop
      vertex -2.26427 -5.32683 12
      vertex -2.30697 -5.65118 2
      vertex -2.30697 -5.65118 12
    endloop
  endfacet
  facet normal 0.0436203 0.999048 -0
    outer loop
      vertex -6 -8.75 2
      vertex -6.32683 -8.73573 12
      vertex -6 -8.75 12
    endloop
  endfacet
  facet normal 0.0436203 0.999048 0
    outer loop
      vertex -6.32683 -8.73573 12
      vertex -6 -8.75 2
      vertex -6.32683 -8.73573 2
    endloop
  endfacet
  facet normal 0.675592 -0.737276 0
    outer loop
      vertex -8.65165 -2.34835 2
      vertex -8.41045 -2.12733 12
      vertex -8.65165 -2.34835 12
    endloop
  endfacet
  facet normal 0.675592 -0.737276 0
    outer loop
      vertex -8.41045 -2.12733 12
      vertex -8.65165 -2.34835 2
      vertex -8.41045 -2.12733 2
    endloop
  endfacet
  facet normal 0.216448 0.976294 -0
    outer loop
      vertex -6.65118 -8.69303 2
      vertex -6.97057 -8.62222 12
      vertex -6.65118 -8.69303 12
    endloop
  endfacet
  facet normal 0.216448 0.976294 0
    outer loop
      vertex -6.97057 -8.62222 12
      vertex -6.65118 -8.69303 2
      vertex -6.97057 -8.62222 2
    endloop
  endfacet
  facet normal 0.461729 -0.887021 0
    outer loop
      vertex -7.875 -1.7524 2
      vertex -7.58482 -1.60135 12
      vertex -7.875 -1.7524 12
    endloop
  endfacet
  facet normal 0.461729 -0.887021 0
    outer loop
      vertex -7.58482 -1.60135 12
      vertex -7.875 -1.7524 2
      vertex -7.58482 -1.60135 2
    endloop
  endfacet
  facet normal 0.976294 0.216448 0
    outer loop
      vertex -9.62222 -5.97057 12
      vertex -9.69303 -5.65118 2
      vertex -9.69303 -5.65118 12
    endloop
  endfacet
  facet normal 0.976294 0.216448 0
    outer loop
      vertex -9.69303 -5.65118 2
      vertex -9.62222 -5.97057 12
      vertex -9.62222 -5.97057 2
    endloop
  endfacet
  facet normal 0.382694 -0.923875 0
    outer loop
      vertex -7.58482 -1.60135 2
      vertex -7.28257 -1.47615 12
      vertex -7.58482 -1.60135 12
    endloop
  endfacet
  facet normal 0.382694 -0.923875 0
    outer loop
      vertex -7.28257 -1.47615 12
      vertex -7.58482 -1.60135 2
      vertex -7.28257 -1.47615 2
    endloop
  endfacet
  facet normal 0.999048 0.0436203 0
    outer loop
      vertex -9.73573 -5.32683 12
      vertex -9.75 -5 2
      vertex -9.75 -5 12
    endloop
  endfacet
  facet normal 0.999048 0.0436203 0
    outer loop
      vertex -9.75 -5 2
      vertex -9.73573 -5.32683 12
      vertex -9.73573 -5.32683 2
    endloop
  endfacet
  facet normal 0.130522 -0.991445 0
    outer loop
      vertex -6.65118 -1.30697 2
      vertex -6.32683 -1.26427 12
      vertex -6.65118 -1.30697 12
    endloop
  endfacet
  facet normal 0.130522 -0.991445 0
    outer loop
      vertex -6.32683 -1.26427 12
      vertex -6.65118 -1.30697 2
      vertex -6.32683 -1.26427 2
    endloop
  endfacet
  facet normal -0.382705 0.923871 0
    outer loop
      vertex -4.41518 -8.39865 2
      vertex -4.71742 -8.52385 12
      vertex -4.41518 -8.39865 12
    endloop
  endfacet
  facet normal -0.382705 0.923871 0
    outer loop
      vertex -4.71742 -8.52385 12
      vertex -4.41518 -8.39865 2
      vertex -4.71742 -8.52385 2
    endloop
  endfacet
  facet normal 0.737276 0.675592 0
    outer loop
      vertex -8.65165 -7.65165 12
      vertex -8.87267 -7.41045 2
      vertex -8.87267 -7.41045 12
    endloop
  endfacet
  facet normal 0.737276 0.675592 0
    outer loop
      vertex -8.87267 -7.41045 2
      vertex -8.65165 -7.65165 12
      vertex -8.65165 -7.65165 2
    endloop
  endfacet
  facet normal -0.675592 -0.737276 0
    outer loop
      vertex -3.58955 -2.12733 2
      vertex -3.34835 -2.34835 12
      vertex -3.58955 -2.12733 12
    endloop
  endfacet
  facet normal -0.675592 -0.737276 -0
    outer loop
      vertex -3.34835 -2.34835 12
      vertex -3.58955 -2.12733 2
      vertex -3.34835 -2.34835 2
    endloop
  endfacet
  facet normal 0.991445 0.130522 0
    outer loop
      vertex -9.69303 -5.65118 12
      vertex -9.73573 -5.32683 2
      vertex -9.73573 -5.32683 12
    endloop
  endfacet
  facet normal 0.991445 0.130522 0
    outer loop
      vertex -9.73573 -5.32683 2
      vertex -9.69303 -5.65118 12
      vertex -9.69303 -5.65118 2
    endloop
  endfacet
  facet normal -0.887021 0.461729 0
    outer loop
      vertex -2.7524 -6.875 2
      vertex -2.60135 -6.58482 12
      vertex -2.60135 -6.58482 2
    endloop
  endfacet
  facet normal -0.887021 0.461729 0
    outer loop
      vertex -2.60135 -6.58482 12
      vertex -2.7524 -6.875 2
      vertex -2.7524 -6.875 12
    endloop
  endfacet
  facet normal -0.0436203 -0.999048 0
    outer loop
      vertex -6 -1.25 2
      vertex -5.67317 -1.26427 12
      vertex -6 -1.25 12
    endloop
  endfacet
  facet normal -0.0436203 -0.999048 -0
    outer loop
      vertex -5.67317 -1.26427 12
      vertex -6 -1.25 2
      vertex -5.67317 -1.26427 2
    endloop
  endfacet
  facet normal -0.843383 -0.537313 0
    outer loop
      vertex -2.7524 -3.125 2
      vertex -2.92818 -2.84909 12
      vertex -2.92818 -2.84909 2
    endloop
  endfacet
  facet normal -0.843383 -0.537313 0
    outer loop
      vertex -2.92818 -2.84909 12
      vertex -2.7524 -3.125 2
      vertex -2.7524 -3.125 12
    endloop
  endfacet
  facet normal 0.95372 0.300697 0
    outer loop
      vertex -9.52385 -6.28257 12
      vertex -9.62222 -5.97057 2
      vertex -9.62222 -5.97057 12
    endloop
  endfacet
  facet normal 0.95372 0.300697 0
    outer loop
      vertex -9.62222 -5.97057 2
      vertex -9.52385 -6.28257 12
      vertex -9.52385 -6.28257 2
    endloop
  endfacet
  facet normal 0.887009 -0.461753 0
    outer loop
      vertex -9.39865 -3.41518 12
      vertex -9.24759 -3.125 2
      vertex -9.24759 -3.125 12
    endloop
  endfacet
  facet normal 0.887009 -0.461753 0
    outer loop
      vertex -9.24759 -3.125 2
      vertex -9.39865 -3.41518 12
      vertex -9.39865 -3.41518 2
    endloop
  endfacet
  facet normal 0.999048 -0.0436203 0
    outer loop
      vertex -9.75 -5 12
      vertex -9.73573 -4.67317 2
      vertex -9.73573 -4.67317 12
    endloop
  endfacet
  facet normal 0.999048 -0.0436203 0
    outer loop
      vertex -9.73573 -4.67317 2
      vertex -9.75 -5 12
      vertex -9.75 -5 2
    endloop
  endfacet
  facet normal 0.382694 0.923875 -0
    outer loop
      vertex -7.28257 -8.52385 2
      vertex -7.58482 -8.39865 12
      vertex -7.28257 -8.52385 12
    endloop
  endfacet
  facet normal 0.382694 0.923875 0
    outer loop
      vertex -7.58482 -8.39865 12
      vertex -7.28257 -8.52385 2
      vertex -7.58482 -8.39865 2
    endloop
  endfacet
  facet normal 0.130522 0.991445 -0
    outer loop
      vertex -6.32683 -8.73573 2
      vertex -6.65118 -8.69303 12
      vertex -6.32683 -8.73573 12
    endloop
  endfacet
  facet normal 0.130522 0.991445 0
    outer loop
      vertex -6.65118 -8.69303 12
      vertex -6.32683 -8.73573 2
      vertex -6.65118 -8.69303 2
    endloop
  endfacet
  facet normal -0.675592 0.737276 0
    outer loop
      vertex -3.34835 -7.65165 2
      vertex -3.58955 -7.87267 12
      vertex -3.34835 -7.65165 12
    endloop
  endfacet
  facet normal -0.675592 0.737276 0
    outer loop
      vertex -3.58955 -7.87267 12
      vertex -3.34835 -7.65165 2
      vertex -3.58955 -7.87267 2
    endloop
  endfacet
  facet normal 0.843397 -0.537291 0
    outer loop
      vertex -9.24759 -3.125 12
      vertex -9.07182 -2.84909 2
      vertex -9.07182 -2.84909 12
    endloop
  endfacet
  facet normal 0.843397 -0.537291 0
    outer loop
      vertex -9.07182 -2.84909 2
      vertex -9.24759 -3.125 12
      vertex -9.24759 -3.125 2
    endloop
  endfacet
  facet normal -0.130522 -0.991445 0
    outer loop
      vertex -5.67317 -1.26427 2
      vertex -5.34882 -1.30697 12
      vertex -5.67317 -1.26427 12
    endloop
  endfacet
  facet normal -0.130522 -0.991445 -0
    outer loop
      vertex -5.34882 -1.30697 12
      vertex -5.67317 -1.26427 2
      vertex -5.34882 -1.30697 2
    endloop
  endfacet
  facet normal 0.300697 0.95372 -0
    outer loop
      vertex -6.97057 -8.62222 2
      vertex -7.28257 -8.52385 12
      vertex -6.97057 -8.62222 12
    endloop
  endfacet
  facet normal 0.300697 0.95372 0
    outer loop
      vertex -7.28257 -8.52385 12
      vertex -6.97057 -8.62222 2
      vertex -7.28257 -8.52385 2
    endloop
  endfacet
  facet normal -0.991445 -0.130522 0
    outer loop
      vertex -2.26427 5.32683 2
      vertex -2.30697 5.65118 12
      vertex -2.30697 5.65118 2
    endloop
  endfacet
  facet normal -0.991445 -0.130522 0
    outer loop
      vertex -2.30697 5.65118 12
      vertex -2.26427 5.32683 2
      vertex -2.26427 5.32683 12
    endloop
  endfacet
  facet normal -0.999048 -0.0436203 0
    outer loop
      vertex -2.25 5 2
      vertex -2.26427 5.32683 12
      vertex -2.26427 5.32683 2
    endloop
  endfacet
  facet normal -0.999048 -0.0436203 0
    outer loop
      vertex -2.26427 5.32683 12
      vertex -2.25 5 2
      vertex -2.25 5 12
    endloop
  endfacet
  facet normal -0.976294 -0.216448 0
    outer loop
      vertex -2.30697 5.65118 2
      vertex -2.37778 5.97057 12
      vertex -2.37778 5.97057 2
    endloop
  endfacet
  facet normal -0.976294 -0.216448 0
    outer loop
      vertex -2.37778 5.97057 12
      vertex -2.30697 5.65118 2
      vertex -2.30697 5.65118 12
    endloop
  endfacet
  facet normal -0.793356 0.608757 0
    outer loop
      vertex -3.12733 2.58955 2
      vertex -2.92818 2.84909 12
      vertex -2.92818 2.84909 2
    endloop
  endfacet
  facet normal -0.793356 0.608757 0
    outer loop
      vertex -2.92818 2.84909 12
      vertex -3.12733 2.58955 2
      vertex -3.12733 2.58955 12
    endloop
  endfacet
  facet normal 0.130522 -0.991445 0
    outer loop
      vertex -6.65118 8.69303 2
      vertex -6.32683 8.73573 12
      vertex -6.65118 8.69303 12
    endloop
  endfacet
  facet normal 0.130522 -0.991445 0
    outer loop
      vertex -6.32683 8.73573 12
      vertex -6.65118 8.69303 2
      vertex -6.32683 8.73573 2
    endloop
  endfacet
  facet normal -0.537313 0.843383 0
    outer loop
      vertex -3.84909 1.92818 2
      vertex -4.125 1.7524 12
      vertex -3.84909 1.92818 12
    endloop
  endfacet
  facet normal -0.537313 0.843383 0
    outer loop
      vertex -4.125 1.7524 12
      vertex -3.84909 1.92818 2
      vertex -4.125 1.7524 2
    endloop
  endfacet
  facet normal 0.537291 -0.843397 0
    outer loop
      vertex -8.15091 8.07182 2
      vertex -7.875 8.24759 12
      vertex -8.15091 8.07182 12
    endloop
  endfacet
  facet normal 0.537291 -0.843397 0
    outer loop
      vertex -7.875 8.24759 12
      vertex -8.15091 8.07182 2
      vertex -7.875 8.24759 2
    endloop
  endfacet
  facet normal -0.537291 -0.843397 0
    outer loop
      vertex -4.125 8.24759 2
      vertex -3.84909 8.07182 12
      vertex -4.125 8.24759 12
    endloop
  endfacet
  facet normal -0.537291 -0.843397 -0
    outer loop
      vertex -3.84909 8.07182 12
      vertex -4.125 8.24759 2
      vertex -3.84909 8.07182 2
    endloop
  endfacet
  facet normal 0.737276 0.675592 0
    outer loop
      vertex -8.65165 2.34835 12
      vertex -8.87267 2.58955 2
      vertex -8.87267 2.58955 12
    endloop
  endfacet
  facet normal 0.737276 0.675592 0
    outer loop
      vertex -8.87267 2.58955 2
      vertex -8.65165 2.34835 12
      vertex -8.65165 2.34835 2
    endloop
  endfacet
  facet normal -0.999048 0.0436203 0
    outer loop
      vertex -2.26427 4.67317 2
      vertex -2.25 5 12
      vertex -2.25 5 2
    endloop
  endfacet
  facet normal -0.999048 0.0436203 0
    outer loop
      vertex -2.25 5 12
      vertex -2.26427 4.67317 2
      vertex -2.26427 4.67317 12
    endloop
  endfacet
  facet normal 0.976294 0.216448 0
    outer loop
      vertex -9.62222 4.02943 12
      vertex -9.69303 4.34882 2
      vertex -9.69303 4.34882 12
    endloop
  endfacet
  facet normal 0.976294 0.216448 0
    outer loop
      vertex -9.69303 4.34882 2
      vertex -9.62222 4.02943 12
      vertex -9.62222 4.02943 2
    endloop
  endfacet
  facet normal 0.382694 0.923875 -0
    outer loop
      vertex -7.28257 1.47615 2
      vertex -7.58482 1.60135 12
      vertex -7.28257 1.47615 12
    endloop
  endfacet
  facet normal 0.382694 0.923875 0
    outer loop
      vertex -7.58482 1.60135 12
      vertex -7.28257 1.47615 2
      vertex -7.58482 1.60135 2
    endloop
  endfacet
  facet normal -0.843383 -0.537313 0
    outer loop
      vertex -2.7524 6.875 2
      vertex -2.92818 7.15091 12
      vertex -2.92818 7.15091 2
    endloop
  endfacet
  facet normal -0.843383 -0.537313 0
    outer loop
      vertex -2.92818 7.15091 12
      vertex -2.7524 6.875 2
      vertex -2.7524 6.875 12
    endloop
  endfacet
  facet normal 0.537313 0.843383 -0
    outer loop
      vertex -7.875 1.7524 2
      vertex -8.15091 1.92818 12
      vertex -7.875 1.7524 12
    endloop
  endfacet
  facet normal 0.537313 0.843383 0
    outer loop
      vertex -8.15091 1.92818 12
      vertex -7.875 1.7524 2
      vertex -8.15091 1.92818 2
    endloop
  endfacet
  facet normal -0.608757 -0.793356 0
    outer loop
      vertex -3.84909 8.07182 2
      vertex -3.58955 7.87267 12
      vertex -3.84909 8.07182 12
    endloop
  endfacet
  facet normal -0.608757 -0.793356 -0
    outer loop
      vertex -3.58955 7.87267 12
      vertex -3.84909 8.07182 2
      vertex -3.58955 7.87267 2
    endloop
  endfacet
  facet normal -0.675592 0.737276 0
    outer loop
      vertex -3.34835 2.34835 2
      vertex -3.58955 2.12733 12
      vertex -3.34835 2.34835 12
    endloop
  endfacet
  facet normal -0.675592 0.737276 0
    outer loop
      vertex -3.58955 2.12733 12
      vertex -3.34835 2.34835 2
      vertex -3.58955 2.12733 2
    endloop
  endfacet
  facet normal 0.843397 -0.537291 0
    outer loop
      vertex -9.24759 6.875 12
      vertex -9.07182 7.15091 2
      vertex -9.07182 7.15091 12
    endloop
  endfacet
  facet normal 0.843397 -0.537291 0
    outer loop
      vertex -9.07182 7.15091 2
      vertex -9.24759 6.875 12
      vertex -9.24759 6.875 2
    endloop
  endfacet
  facet normal -0.976294 0.216448 0
    outer loop
      vertex -2.37778 4.02943 2
      vertex -2.30697 4.34882 12
      vertex -2.30697 4.34882 2
    endloop
  endfacet
  facet normal -0.976294 0.216448 0
    outer loop
      vertex -2.30697 4.34882 12
      vertex -2.37778 4.02943 2
      vertex -2.37778 4.02943 12
    endloop
  endfacet
  facet normal 0.953723 0.300688 0
    outer loop
      vertex -9.52385 3.71742 12
      vertex -9.62222 4.02943 2
      vertex -9.62222 4.02943 12
    endloop
  endfacet
  facet normal 0.953723 0.300688 0
    outer loop
      vertex -9.62222 4.02943 2
      vertex -9.52385 3.71742 12
      vertex -9.52385 3.71742 2
    endloop
  endfacet
  facet normal -0.793356 -0.608757 0
    outer loop
      vertex -2.92818 7.15091 2
      vertex -3.12733 7.41045 12
      vertex -3.12733 7.41045 2
    endloop
  endfacet
  facet normal -0.793356 -0.608757 0
    outer loop
      vertex -3.12733 7.41045 12
      vertex -2.92818 7.15091 2
      vertex -2.92818 7.15091 12
    endloop
  endfacet
  facet normal -0.95372 -0.300697 0
    outer loop
      vertex -2.37778 5.97057 2
      vertex -2.47615 6.28257 12
      vertex -2.47615 6.28257 2
    endloop
  endfacet
  facet normal -0.95372 -0.300697 0
    outer loop
      vertex -2.47615 6.28257 12
      vertex -2.37778 5.97057 2
      vertex -2.37778 5.97057 12
    endloop
  endfacet
  facet normal 0.382694 -0.923875 0
    outer loop
      vertex -7.58482 8.39865 2
      vertex -7.28257 8.52385 12
      vertex -7.58482 8.39865 12
    endloop
  endfacet
  facet normal 0.382694 -0.923875 0
    outer loop
      vertex -7.28257 8.52385 12
      vertex -7.58482 8.39865 2
      vertex -7.28257 8.52385 2
    endloop
  endfacet
  facet normal 0.461753 -0.887009 0
    outer loop
      vertex -7.875 8.24759 2
      vertex -7.58482 8.39865 12
      vertex -7.875 8.24759 12
    endloop
  endfacet
  facet normal 0.461753 -0.887009 0
    outer loop
      vertex -7.58482 8.39865 12
      vertex -7.875 8.24759 2
      vertex -7.58482 8.39865 2
    endloop
  endfacet
  facet normal 0.793356 0.608757 0
    outer loop
      vertex -8.87267 2.58955 12
      vertex -9.07182 2.84909 2
      vertex -9.07182 2.84909 12
    endloop
  endfacet
  facet normal 0.793356 0.608757 0
    outer loop
      vertex -9.07182 2.84909 2
      vertex -8.87267 2.58955 12
      vertex -8.87267 2.58955 2
    endloop
  endfacet
  facet normal 0.0436203 -0.999048 0
    outer loop
      vertex -6.32683 8.73573 2
      vertex -6 8.75 12
      vertex -6.32683 8.73573 12
    endloop
  endfacet
  facet normal 0.0436203 -0.999048 0
    outer loop
      vertex -6 8.75 12
      vertex -6.32683 8.73573 2
      vertex -6 8.75 2
    endloop
  endfacet
  facet normal -0.675592 -0.737276 0
    outer loop
      vertex -3.58955 7.87267 2
      vertex -3.34835 7.65165 12
      vertex -3.58955 7.87267 12
    endloop
  endfacet
  facet normal -0.675592 -0.737276 -0
    outer loop
      vertex -3.34835 7.65165 12
      vertex -3.58955 7.87267 2
      vertex -3.34835 7.65165 2
    endloop
  endfacet
  facet normal 0.608757 -0.793356 0
    outer loop
      vertex -8.41045 7.87267 2
      vertex -8.15091 8.07182 12
      vertex -8.41045 7.87267 12
    endloop
  endfacet
  facet normal 0.608757 -0.793356 0
    outer loop
      vertex -8.15091 8.07182 12
      vertex -8.41045 7.87267 2
      vertex -8.15091 8.07182 2
    endloop
  endfacet
  facet normal -0.991445 0.130522 0
    outer loop
      vertex -2.30697 4.34882 2
      vertex -2.26427 4.67317 12
      vertex -2.26427 4.67317 2
    endloop
  endfacet
  facet normal -0.991445 0.130522 0
    outer loop
      vertex -2.26427 4.67317 12
      vertex -2.30697 4.34882 2
      vertex -2.30697 4.34882 12
    endloop
  endfacet
  facet normal 0.923871 0.382705 0
    outer loop
      vertex -9.39865 3.41518 12
      vertex -9.52385 3.71742 2
      vertex -9.52385 3.71742 12
    endloop
  endfacet
  facet normal 0.923871 0.382705 0
    outer loop
      vertex -9.52385 3.71742 2
      vertex -9.39865 3.41518 12
      vertex -9.39865 3.41518 2
    endloop
  endfacet
  facet normal -0.923871 0.382705 0
    outer loop
      vertex -2.60135 3.41518 2
      vertex -2.47615 3.71742 12
      vertex -2.47615 3.71742 2
    endloop
  endfacet
  facet normal -0.923871 0.382705 0
    outer loop
      vertex -2.47615 3.71742 12
      vertex -2.60135 3.41518 2
      vertex -2.60135 3.41518 12
    endloop
  endfacet
  facet normal 0.216448 -0.976294 0
    outer loop
      vertex -6.97057 8.62222 2
      vertex -6.65118 8.69303 12
      vertex -6.97057 8.62222 12
    endloop
  endfacet
  facet normal 0.216448 -0.976294 0
    outer loop
      vertex -6.65118 8.69303 12
      vertex -6.97057 8.62222 2
      vertex -6.65118 8.69303 2
    endloop
  endfacet
  facet normal 0.675592 0.737276 -0
    outer loop
      vertex -8.41045 2.12733 2
      vertex -8.65165 2.34835 12
      vertex -8.41045 2.12733 12
    endloop
  endfacet
  facet normal 0.675592 0.737276 0
    outer loop
      vertex -8.65165 2.34835 12
      vertex -8.41045 2.12733 2
      vertex -8.65165 2.34835 2
    endloop
  endfacet
  facet normal 0.0436203 0.999048 -0
    outer loop
      vertex -6 1.25 2
      vertex -6.32683 1.26427 12
      vertex -6 1.25 12
    endloop
  endfacet
  facet normal 0.0436203 0.999048 0
    outer loop
      vertex -6.32683 1.26427 12
      vertex -6 1.25 2
      vertex -6.32683 1.26427 2
    endloop
  endfacet
  facet normal -0.887021 0.461729 0
    outer loop
      vertex -2.7524 3.125 2
      vertex -2.60135 3.41518 12
      vertex -2.60135 3.41518 2
    endloop
  endfacet
  facet normal -0.887021 0.461729 0
    outer loop
      vertex -2.60135 3.41518 12
      vertex -2.7524 3.125 2
      vertex -2.7524 3.125 12
    endloop
  endfacet
  facet normal 0.923875 -0.382694 0
    outer loop
      vertex -9.52385 6.28257 12
      vertex -9.39865 6.58482 2
      vertex -9.39865 6.58482 12
    endloop
  endfacet
  facet normal 0.923875 -0.382694 0
    outer loop
      vertex -9.39865 6.58482 2
      vertex -9.52385 6.28257 12
      vertex -9.52385 6.28257 2
    endloop
  endfacet
  facet normal -0.300688 0.953723 0
    outer loop
      vertex -4.71742 1.47615 2
      vertex -5.02943 1.37778 12
      vertex -4.71742 1.47615 12
    endloop
  endfacet
  facet normal -0.300688 0.953723 0
    outer loop
      vertex -5.02943 1.37778 12
      vertex -4.71742 1.47615 2
      vertex -5.02943 1.37778 2
    endloop
  endfacet
  facet normal -0.461753 -0.887009 0
    outer loop
      vertex -4.41518 8.39865 2
      vertex -4.125 8.24759 12
      vertex -4.41518 8.39865 12
    endloop
  endfacet
  facet normal -0.461753 -0.887009 -0
    outer loop
      vertex -4.125 8.24759 12
      vertex -4.41518 8.39865 2
      vertex -4.125 8.24759 2
    endloop
  endfacet
  facet normal -0.0436203 -0.999048 0
    outer loop
      vertex -6 8.75 2
      vertex -5.67317 8.73573 12
      vertex -6 8.75 12
    endloop
  endfacet
  facet normal -0.0436203 -0.999048 -0
    outer loop
      vertex -5.67317 8.73573 12
      vertex -6 8.75 2
      vertex -5.67317 8.73573 2
    endloop
  endfacet
  facet normal 0.608757 0.793356 -0
    outer loop
      vertex -8.15091 1.92818 2
      vertex -8.41045 2.12733 12
      vertex -8.15091 1.92818 12
    endloop
  endfacet
  facet normal 0.608757 0.793356 0
    outer loop
      vertex -8.41045 2.12733 12
      vertex -8.15091 1.92818 2
      vertex -8.41045 2.12733 2
    endloop
  endfacet
  facet normal -0.923875 -0.382694 0
    outer loop
      vertex -2.47615 6.28257 2
      vertex -2.60135 6.58482 12
      vertex -2.60135 6.58482 2
    endloop
  endfacet
  facet normal -0.923875 -0.382694 0
    outer loop
      vertex -2.60135 6.58482 12
      vertex -2.47615 6.28257 2
      vertex -2.47615 6.28257 12
    endloop
  endfacet
  facet normal 0.999048 0.0436203 0
    outer loop
      vertex -9.73573 4.67317 12
      vertex -9.75 5 2
      vertex -9.75 5 12
    endloop
  endfacet
  facet normal 0.999048 0.0436203 0
    outer loop
      vertex -9.75 5 2
      vertex -9.73573 4.67317 12
      vertex -9.73573 4.67317 2
    endloop
  endfacet
  facet normal -0.382705 0.923871 0
    outer loop
      vertex -4.41518 1.60135 2
      vertex -4.71742 1.47615 12
      vertex -4.41518 1.60135 12
    endloop
  endfacet
  facet normal -0.382705 0.923871 0
    outer loop
      vertex -4.71742 1.47615 12
      vertex -4.41518 1.60135 2
      vertex -4.71742 1.47615 2
    endloop
  endfacet
  facet normal -0.130522 0.991445 0
    outer loop
      vertex -5.34882 1.30697 2
      vertex -5.67317 1.26427 12
      vertex -5.34882 1.30697 12
    endloop
  endfacet
  facet normal -0.130522 0.991445 0
    outer loop
      vertex -5.67317 1.26427 12
      vertex -5.34882 1.30697 2
      vertex -5.67317 1.26427 2
    endloop
  endfacet
  facet normal -0.737276 0.675592 0
    outer loop
      vertex -3.34835 2.34835 2
      vertex -3.12733 2.58955 12
      vertex -3.12733 2.58955 2
    endloop
  endfacet
  facet normal -0.737276 0.675592 0
    outer loop
      vertex -3.12733 2.58955 12
      vertex -3.34835 2.34835 2
      vertex -3.34835 2.34835 12
    endloop
  endfacet
  facet normal 0.300697 0.95372 -0
    outer loop
      vertex -6.97057 1.37778 2
      vertex -7.28257 1.47615 12
      vertex -6.97057 1.37778 12
    endloop
  endfacet
  facet normal 0.300697 0.95372 0
    outer loop
      vertex -7.28257 1.47615 12
      vertex -6.97057 1.37778 2
      vertex -7.28257 1.47615 2
    endloop
  endfacet
  facet normal 0.843397 0.537291 0
    outer loop
      vertex -9.07182 2.84909 12
      vertex -9.24759 3.125 2
      vertex -9.24759 3.125 12
    endloop
  endfacet
  facet normal 0.843397 0.537291 0
    outer loop
      vertex -9.24759 3.125 2
      vertex -9.07182 2.84909 12
      vertex -9.07182 2.84909 2
    endloop
  endfacet
  facet normal -0.887021 -0.461729 0
    outer loop
      vertex -2.60135 6.58482 2
      vertex -2.7524 6.875 12
      vertex -2.7524 6.875 2
    endloop
  endfacet
  facet normal -0.887021 -0.461729 0
    outer loop
      vertex -2.7524 6.875 12
      vertex -2.60135 6.58482 2
      vertex -2.60135 6.58482 12
    endloop
  endfacet
  facet normal 0.675592 -0.737276 0
    outer loop
      vertex -8.65165 7.65165 2
      vertex -8.41045 7.87267 12
      vertex -8.65165 7.65165 12
    endloop
  endfacet
  facet normal 0.675592 -0.737276 0
    outer loop
      vertex -8.41045 7.87267 12
      vertex -8.65165 7.65165 2
      vertex -8.41045 7.87267 2
    endloop
  endfacet
  facet normal -0.0436203 0.999048 0
    outer loop
      vertex -5.67317 1.26427 2
      vertex -6 1.25 12
      vertex -5.67317 1.26427 12
    endloop
  endfacet
  facet normal -0.0436203 0.999048 0
    outer loop
      vertex -6 1.25 12
      vertex -5.67317 1.26427 2
      vertex -6 1.25 2
    endloop
  endfacet
  facet normal -0.843383 0.537313 0
    outer loop
      vertex -2.92818 2.84909 2
      vertex -2.7524 3.125 12
      vertex -2.7524 3.125 2
    endloop
  endfacet
  facet normal -0.843383 0.537313 0
    outer loop
      vertex -2.7524 3.125 12
      vertex -2.92818 2.84909 2
      vertex -2.92818 2.84909 12
    endloop
  endfacet
  facet normal -0.130522 -0.991445 0
    outer loop
      vertex -5.67317 8.73573 2
      vertex -5.34882 8.69303 12
      vertex -5.67317 8.73573 12
    endloop
  endfacet
  facet normal -0.130522 -0.991445 -0
    outer loop
      vertex -5.34882 8.69303 12
      vertex -5.67317 8.73573 2
      vertex -5.34882 8.69303 2
    endloop
  endfacet
  facet normal 0.300697 -0.95372 0
    outer loop
      vertex -7.28257 8.52385 2
      vertex -6.97057 8.62222 12
      vertex -7.28257 8.52385 12
    endloop
  endfacet
  facet normal 0.300697 -0.95372 0
    outer loop
      vertex -6.97057 8.62222 12
      vertex -7.28257 8.52385 2
      vertex -6.97057 8.62222 2
    endloop
  endfacet
  facet normal 0.976294 -0.216448 0
    outer loop
      vertex -9.69303 5.65118 12
      vertex -9.62222 5.97057 2
      vertex -9.62222 5.97057 12
    endloop
  endfacet
  facet normal 0.976294 -0.216448 0
    outer loop
      vertex -9.62222 5.97057 2
      vertex -9.69303 5.65118 12
      vertex -9.69303 5.65118 2
    endloop
  endfacet
  facet normal -0.953723 0.300688 0
    outer loop
      vertex -2.47615 3.71742 2
      vertex -2.37778 4.02943 12
      vertex -2.37778 4.02943 2
    endloop
  endfacet
  facet normal -0.953723 0.300688 0
    outer loop
      vertex -2.37778 4.02943 12
      vertex -2.47615 3.71742 2
      vertex -2.47615 3.71742 12
    endloop
  endfacet
  facet normal -0.382705 -0.923871 0
    outer loop
      vertex -4.71742 8.52385 2
      vertex -4.41518 8.39865 12
      vertex -4.71742 8.52385 12
    endloop
  endfacet
  facet normal -0.382705 -0.923871 -0
    outer loop
      vertex -4.41518 8.39865 12
      vertex -4.71742 8.52385 2
      vertex -4.41518 8.39865 2
    endloop
  endfacet
  facet normal -0.737276 -0.675592 0
    outer loop
      vertex -3.12733 7.41045 2
      vertex -3.34835 7.65165 12
      vertex -3.34835 7.65165 2
    endloop
  endfacet
  facet normal -0.737276 -0.675592 0
    outer loop
      vertex -3.34835 7.65165 12
      vertex -3.12733 7.41045 2
      vertex -3.12733 7.41045 12
    endloop
  endfacet
  facet normal 0.887009 -0.461753 0
    outer loop
      vertex -9.39865 6.58482 12
      vertex -9.24759 6.875 2
      vertex -9.24759 6.875 12
    endloop
  endfacet
  facet normal 0.887009 -0.461753 0
    outer loop
      vertex -9.24759 6.875 2
      vertex -9.39865 6.58482 12
      vertex -9.39865 6.58482 2
    endloop
  endfacet
  facet normal 0.991445 0.130522 0
    outer loop
      vertex -9.69303 4.34882 12
      vertex -9.73573 4.67317 2
      vertex -9.73573 4.67317 12
    endloop
  endfacet
  facet normal 0.991445 0.130522 0
    outer loop
      vertex -9.73573 4.67317 2
      vertex -9.69303 4.34882 12
      vertex -9.69303 4.34882 2
    endloop
  endfacet
  facet normal 0.461729 0.887021 -0
    outer loop
      vertex -7.58482 1.60135 2
      vertex -7.875 1.7524 12
      vertex -7.58482 1.60135 12
    endloop
  endfacet
  facet normal 0.461729 0.887021 0
    outer loop
      vertex -7.875 1.7524 12
      vertex -7.58482 1.60135 2
      vertex -7.875 1.7524 2
    endloop
  endfacet
  facet normal 0.793356 -0.608757 0
    outer loop
      vertex -9.07182 7.15091 12
      vertex -8.87267 7.41045 2
      vertex -8.87267 7.41045 12
    endloop
  endfacet
  facet normal 0.793356 -0.608757 0
    outer loop
      vertex -8.87267 7.41045 2
      vertex -9.07182 7.15091 12
      vertex -9.07182 7.15091 2
    endloop
  endfacet
  facet normal -0.461729 0.887021 0
    outer loop
      vertex -4.125 1.7524 2
      vertex -4.41518 1.60135 12
      vertex -4.125 1.7524 12
    endloop
  endfacet
  facet normal -0.461729 0.887021 0
    outer loop
      vertex -4.41518 1.60135 12
      vertex -4.125 1.7524 2
      vertex -4.41518 1.60135 2
    endloop
  endfacet
  facet normal 0 0 1
    outer loop
      vertex -2.26427 5.32683 2
      vertex -2.26427 4.67317 2
      vertex -2.25 5 2
    endloop
  endfacet
  facet normal 0 0 1
    outer loop
      vertex -2.30697 5.65118 2
      vertex -2.26427 4.67317 2
      vertex -2.26427 5.32683 2
    endloop
  endfacet
  facet normal 0 0 1
    outer loop
      vertex -2.30697 5.65118 2
      vertex -2.30697 4.34882 2
      vertex -2.26427 4.67317 2
    endloop
  endfacet
  facet normal 0 0 1
    outer loop
      vertex -2.37778 5.97057 2
      vertex -2.30697 4.34882 2
      vertex -2.30697 5.65118 2
    endloop
  endfacet
  facet normal 0 0 1
    outer loop
      vertex -2.37778 5.97057 2
      vertex -2.37778 4.02943 2
      vertex -2.30697 4.34882 2
    endloop
  endfacet
  facet normal 0 0 1
    outer loop
      vertex -2.47615 6.28257 2
      vertex -2.37778 4.02943 2
      vertex -2.37778 5.97057 2
    endloop
  endfacet
  facet normal 0 0 1
    outer loop
      vertex -2.47615 6.28257 2
      vertex -2.47615 3.71742 2
      vertex -2.37778 4.02943 2
    endloop
  endfacet
  facet normal 0 0 1
    outer loop
      vertex -2.60135 6.58482 2
      vertex -2.47615 3.71742 2
      vertex -2.47615 6.28257 2
    endloop
  endfacet
  facet normal 0 0 1
    outer loop
      vertex -2.60135 6.58482 2
      vertex -2.60135 3.41518 2
      vertex -2.47615 3.71742 2
    endloop
  endfacet
  facet normal 0 0 1
    outer loop
      vertex -2.7524 6.875 2
      vertex -2.60135 3.41518 2
      vertex -2.60135 6.58482 2
    endloop
  endfacet
  facet normal 0 0 1
    outer loop
      vertex -2.7524 6.875 2
      vertex -2.7524 3.125 2
      vertex -2.60135 3.41518 2
    endloop
  endfacet
  facet normal 0 0 1
    outer loop
      vertex -2.92818 7.15091 2
      vertex -2.7524 3.125 2
      vertex -2.7524 6.875 2
    endloop
  endfacet
  facet normal 0 0 1
    outer loop
      vertex -2.92818 7.15091 2
      vertex -2.92818 2.84909 2
      vertex -2.7524 3.125 2
    endloop
  endfacet
  facet normal 0 0 1
    outer loop
      vertex -3.12733 7.41045 2
      vertex -2.92818 2.84909 2
      vertex -2.92818 7.15091 2
    endloop
  endfacet
  facet normal 0 0 1
    outer loop
      vertex -3.12733 7.41045 2
      vertex -3.12733 2.58955 2
      vertex -2.92818 2.84909 2
    endloop
  endfacet
  facet normal 0 0 1
    outer loop
      vertex -3.34835 7.65165 2
      vertex -3.12733 2.58955 2
      vertex -3.12733 7.41045 2
    endloop
  endfacet
  facet normal 0 0 1
    outer loop
      vertex -3.34835 7.65165 2
      vertex -3.34835 2.34835 2
      vertex -3.12733 2.58955 2
    endloop
  endfacet
  facet normal 0 0 1
    outer loop
      vertex -3.58955 7.87267 2
      vertex -3.34835 2.34835 2
      vertex -3.34835 7.65165 2
    endloop
  endfacet
  facet normal 0 0 1
    outer loop
      vertex -3.58955 7.87267 2
      vertex -3.58955 2.12733 2
      vertex -3.34835 2.34835 2
    endloop
  endfacet
  facet normal 0 0 1
    outer loop
      vertex -3.84909 8.07182 2
      vertex -3.58955 2.12733 2
      vertex -3.58955 7.87267 2
    endloop
  endfacet
  facet normal 0 0 1
    outer loop
      vertex -3.84909 8.07182 2
      vertex -3.84909 1.92818 2
      vertex -3.58955 2.12733 2
    endloop
  endfacet
  facet normal 0 0 1
    outer loop
      vertex -4.125 8.24759 2
      vertex -3.84909 1.92818 2
      vertex -3.84909 8.07182 2
    endloop
  endfacet
  facet normal 0 0 1
    outer loop
      vertex -4.125 8.24759 2
      vertex -4.125 1.7524 2
      vertex -3.84909 1.92818 2
    endloop
  endfacet
  facet normal 0 0 1
    outer loop
      vertex -4.41518 8.39865 2
      vertex -4.125 1.7524 2
      vertex -4.125 8.24759 2
    endloop
  endfacet
  facet normal 0 0 1
    outer loop
      vertex -4.41518 8.39865 2
      vertex -4.41518 1.60135 2
      vertex -4.125 1.7524 2
    endloop
  endfacet
  facet normal 0 0 1
    outer loop
      vertex -4.71742 8.52385 2
      vertex -4.41518 1.60135 2
      vertex -4.41518 8.39865 2
    endloop
  endfacet
  facet normal 0 0 1
    outer loop
      vertex -4.71742 8.52385 2
      vertex -4.71742 1.47615 2
      vertex -4.41518 1.60135 2
    endloop
  endfacet
  facet normal 0 0 1
    outer loop
      vertex -5.02943 8.62222 2
      vertex -4.71742 1.47615 2
      vertex -4.71742 8.52385 2
    endloop
  endfacet
  facet normal 0 0 1
    outer loop
      vertex -5.02943 8.62222 2
      vertex -5.02943 1.37778 2
      vertex -4.71742 1.47615 2
    endloop
  endfacet
  facet normal 0 0 1
    outer loop
      vertex -5.34882 8.69303 2
      vertex -5.02943 1.37778 2
      vertex -5.02943 8.62222 2
    endloop
  endfacet
  facet normal 0 0 1
    outer loop
      vertex -5.34882 8.69303 2
      vertex -5.34882 1.30697 2
      vertex -5.02943 1.37778 2
    endloop
  endfacet
  facet normal 0 0 1
    outer loop
      vertex -5.67317 8.73573 2
      vertex -5.34882 1.30697 2
      vertex -5.34882 8.69303 2
    endloop
  endfacet
  facet normal 0 0 1
    outer loop
      vertex -5.67317 8.73573 2
      vertex -5.67317 1.26427 2
      vertex -5.34882 1.30697 2
    endloop
  endfacet
  facet normal 0 0 1
    outer loop
      vertex -6 8.75 2
      vertex -5.67317 1.26427 2
      vertex -5.67317 8.73573 2
    endloop
  endfacet
  facet normal 0 0 1
    outer loop
      vertex -6 8.75 2
      vertex -6 1.25 2
      vertex -5.67317 1.26427 2
    endloop
  endfacet
  facet normal -0 0 1
    outer loop
      vertex -6.32683 8.73573 2
      vertex -6 1.25 2
      vertex -6 8.75 2
    endloop
  endfacet
  facet normal 0 0 1
    outer loop
      vertex -6.32683 8.73573 2
      vertex -6.32683 1.26427 2
      vertex -6 1.25 2
    endloop
  endfacet
  facet normal -0 0 1
    outer loop
      vertex -6.65118 8.69303 2
      vertex -6.32683 1.26427 2
      vertex -6.32683 8.73573 2
    endloop
  endfacet
  facet normal 0 0 1
    outer loop
      vertex -6.65118 8.69303 2
      vertex -6.65118 1.30697 2
      vertex -6.32683 1.26427 2
    endloop
  endfacet
  facet normal -0 0 1
    outer loop
      vertex -6.97057 8.62222 2
      vertex -6.65118 1.30697 2
      vertex -6.65118 8.69303 2
    endloop
  endfacet
  facet normal 0 0 1
    outer loop
      vertex -6.97057 8.62222 2
      vertex -6.97057 1.37778 2
      vertex -6.65118 1.30697 2
    endloop
  endfacet
  facet normal -0 0 1
    outer loop
      vertex -7.28257 8.52385 2
      vertex -6.97057 1.37778 2
      vertex -6.97057 8.62222 2
    endloop
  endfacet
  facet normal 0 0 1
    outer loop
      vertex -7.28257 8.52385 2
      vertex -7.28257 1.47615 2
      vertex -6.97057 1.37778 2
    endloop
  endfacet
  facet normal -0 0 1
    outer loop
      vertex -7.58482 8.39865 2
      vertex -7.28257 1.47615 2
      vertex -7.28257 8.52385 2
    endloop
  endfacet
  facet normal 0 0 1
    outer loop
      vertex -7.58482 8.39865 2
      vertex -7.58482 1.60135 2
      vertex -7.28257 1.47615 2
    endloop
  endfacet
  facet normal -0 0 1
    outer loop
      vertex -7.875 8.24759 2
      vertex -7.58482 1.60135 2
      vertex -7.58482 8.39865 2
    endloop
  endfacet
  facet normal 0 0 1
    outer loop
      vertex -7.875 8.24759 2
      vertex -7.875 1.7524 2
      vertex -7.58482 1.60135 2
    endloop
  endfacet
  facet normal -0 0 1
    outer loop
      vertex -8.15091 8.07182 2
      vertex -7.875 1.7524 2
      vertex -7.875 8.24759 2
    endloop
  endfacet
  facet normal 0 0 1
    outer loop
      vertex -8.15091 8.07182 2
      vertex -8.15091 1.92818 2
      vertex -7.875 1.7524 2
    endloop
  endfacet
  facet normal -0 0 1
    outer loop
      vertex -8.41045 7.87267 2
      vertex -8.15091 1.92818 2
      vertex -8.15091 8.07182 2
    endloop
  endfacet
  facet normal 0 0 1
    outer loop
      vertex -8.41045 7.87267 2
      vertex -8.41045 2.12733 2
      vertex -8.15091 1.92818 2
    endloop
  endfacet
  facet normal -0 0 1
    outer loop
      vertex -8.65165 7.65165 2
      vertex -8.41045 2.12733 2
      vertex -8.41045 7.87267 2
    endloop
  endfacet
  facet normal 0 0 1
    outer loop
      vertex -8.65165 7.65165 2
      vertex -8.65165 2.34835 2
      vertex -8.41045 2.12733 2
    endloop
  endfacet
  facet normal -0 0 1
    outer loop
      vertex -8.87267 7.41045 2
      vertex -8.65165 2.34835 2
      vertex -8.65165 7.65165 2
    endloop
  endfacet
  facet normal 0 0 1
    outer loop
      vertex -8.87267 7.41045 2
      vertex -8.87267 2.58955 2
      vertex -8.65165 2.34835 2
    endloop
  endfacet
  facet normal -0 0 1
    outer loop
      vertex -9.07182 7.15091 2
      vertex -8.87267 2.58955 2
      vertex -8.87267 7.41045 2
    endloop
  endfacet
  facet normal 0 0 1
    outer loop
      vertex -9.07182 7.15091 2
      vertex -9.07182 2.84909 2
      vertex -8.87267 2.58955 2
    endloop
  endfacet
  facet normal -0 0 1
    outer loop
      vertex -9.24759 6.875 2
      vertex -9.07182 2.84909 2
      vertex -9.07182 7.15091 2
    endloop
  endfacet
  facet normal 0 0 1
    outer loop
      vertex -9.24759 6.875 2
      vertex -9.24759 3.125 2
      vertex -9.07182 2.84909 2
    endloop
  endfacet
  facet normal -0 0 1
    outer loop
      vertex -9.39865 6.58482 2
      vertex -9.24759 3.125 2
      vertex -9.24759 6.875 2
    endloop
  endfacet
  facet normal 0 0 1
    outer loop
      vertex -9.39865 6.58482 2
      vertex -9.39865 3.41518 2
      vertex -9.24759 3.125 2
    endloop
  endfacet
  facet normal -0 0 1
    outer loop
      vertex -9.52385 6.28257 2
      vertex -9.39865 3.41518 2
      vertex -9.39865 6.58482 2
    endloop
  endfacet
  facet normal 0 0 1
    outer loop
      vertex -9.52385 6.28257 2
      vertex -9.52385 3.71742 2
      vertex -9.39865 3.41518 2
    endloop
  endfacet
  facet normal -0 0 1
    outer loop
      vertex -9.62222 5.97057 2
      vertex -9.52385 3.71742 2
      vertex -9.52385 6.28257 2
    endloop
  endfacet
  facet normal 0 0 1
    outer loop
      vertex -9.62222 5.97057 2
      vertex -9.62222 4.02943 2
      vertex -9.52385 3.71742 2
    endloop
  endfacet
  facet normal -0 0 1
    outer loop
      vertex -9.69303 5.65118 2
      vertex -9.62222 4.02943 2
      vertex -9.62222 5.97057 2
    endloop
  endfacet
  facet normal 0 0 1
    outer loop
      vertex -9.69303 5.65118 2
      vertex -9.69303 4.34882 2
      vertex -9.62222 4.02943 2
    endloop
  endfacet
  facet normal -0 0 1
    outer loop
      vertex -9.73573 5.32683 2
      vertex -9.69303 4.34882 2
      vertex -9.69303 5.65118 2
    endloop
  endfacet
  facet normal 0 0 1
    outer loop
      vertex -9.73573 5.32683 2
      vertex -9.73573 4.67317 2
      vertex -9.69303 4.34882 2
    endloop
  endfacet
  facet normal 0 -0 1
    outer loop
      vertex -9.73573 4.67317 2
      vertex -9.73573 5.32683 2
      vertex -9.75 5 2
    endloop
  endfacet
  facet normal -0.300688 -0.953723 0
    outer loop
      vertex -5.02943 8.62222 2
      vertex -4.71742 8.52385 12
      vertex -5.02943 8.62222 12
    endloop
  endfacet
  facet normal -0.300688 -0.953723 -0
    outer loop
      vertex -4.71742 8.52385 12
      vertex -5.02943 8.62222 2
      vertex -4.71742 8.52385 2
    endloop
  endfacet
  facet normal 0.991445 -0.130522 0
    outer loop
      vertex -9.73573 5.32683 12
      vertex -9.69303 5.65118 2
      vertex -9.69303 5.65118 12
    endloop
  endfacet
  facet normal 0.991445 -0.130522 0
    outer loop
      vertex -9.69303 5.65118 2
      vertex -9.73573 5.32683 12
      vertex -9.73573 5.32683 2
    endloop
  endfacet
  facet normal 0.999048 -0.0436203 0
    outer loop
      vertex -9.75 5 12
      vertex -9.73573 5.32683 2
      vertex -9.73573 5.32683 12
    endloop
  endfacet
  facet normal 0.999048 -0.0436203 0
    outer loop
      vertex -9.73573 5.32683 2
      vertex -9.75 5 12
      vertex -9.75 5 2
    endloop
  endfacet
  facet normal 0.887009 0.461753 0
    outer loop
      vertex -9.24759 3.125 12
      vertex -9.39865 3.41518 2
      vertex -9.39865 3.41518 12
    endloop
  endfacet
  facet normal 0.887009 0.461753 0
    outer loop
      vertex -9.39865 3.41518 2
      vertex -9.24759 3.125 12
      vertex -9.24759 3.125 2
    endloop
  endfacet
  facet normal 0.737276 -0.675592 0
    outer loop
      vertex -8.87267 7.41045 12
      vertex -8.65165 7.65165 2
      vertex -8.65165 7.65165 12
    endloop
  endfacet
  facet normal 0.737276 -0.675592 0
    outer loop
      vertex -8.65165 7.65165 2
      vertex -8.87267 7.41045 12
      vertex -8.87267 7.41045 2
    endloop
  endfacet
  facet normal -0.216448 0.976294 0
    outer loop
      vertex -5.02943 1.37778 2
      vertex -5.34882 1.30697 12
      vertex -5.02943 1.37778 12
    endloop
  endfacet
  facet normal -0.216448 0.976294 0
    outer loop
      vertex -5.34882 1.30697 12
      vertex -5.02943 1.37778 2
      vertex -5.34882 1.30697 2
    endloop
  endfacet
  facet normal 0.95372 -0.300697 0
    outer loop
      vertex -9.62222 5.97057 12
      vertex -9.52385 6.28257 2
      vertex -9.52385 6.28257 12
    endloop
  endfacet
  facet normal 0.95372 -0.300697 0
    outer loop
      vertex -9.52385 6.28257 2
      vertex -9.62222 5.97057 12
      vertex -9.62222 5.97057 2
    endloop
  endfacet
  facet normal 0.216448 0.976294 -0
    outer loop
      vertex -6.65118 1.30697 2
      vertex -6.97057 1.37778 12
      vertex -6.65118 1.30697 12
    endloop
  endfacet
  facet normal 0.216448 0.976294 0
    outer loop
      vertex -6.97057 1.37778 12
      vertex -6.65118 1.30697 2
      vertex -6.97057 1.37778 2
    endloop
  endfacet
  facet normal 0.130522 0.991445 -0
    outer loop
      vertex -6.32683 1.26427 2
      vertex -6.65118 1.30697 12
      vertex -6.32683 1.26427 12
    endloop
  endfacet
  facet normal 0.130522 0.991445 0
    outer loop
      vertex -6.65118 1.30697 12
      vertex -6.32683 1.26427 2
      vertex -6.65118 1.30697 2
    endloop
  endfacet
  facet normal -0.608757 0.793356 0
    outer loop
      vertex -3.58955 2.12733 2
      vertex -3.84909 1.92818 12
      vertex -3.58955 2.12733 12
    endloop
  endfacet
  facet normal -0.608757 0.793356 0
    outer loop
      vertex -3.84909 1.92818 12
      vertex -3.58955 2.12733 2
      vertex -3.84909 1.92818 2
    endloop
  endfacet
  facet normal -0.216448 -0.976294 0
    outer loop
      vertex -5.34882 8.69303 2
      vertex -5.02943 8.62222 12
      vertex -5.34882 8.69303 12
    endloop
  endfacet
  facet normal -0.216448 -0.976294 -0
    outer loop
      vertex -5.02943 8.62222 12
      vertex -5.34882 8.69303 2
      vertex -5.02943 8.62222 2
    endloop
  endfacet
  facet normal 0.999048 -0.0436203 0
    outer loop
      vertex 2.25 -5 12
      vertex 2.26427 -4.67317 2
      vertex 2.26427 -4.67317 12
    endloop
  endfacet
  facet normal 0.999048 -0.0436203 0
    outer loop
      vertex 2.26427 -4.67317 2
      vertex 2.25 -5 12
      vertex 2.25 -5 2
    endloop
  endfacet
  facet normal -0.991445 -0.130522 0
    outer loop
      vertex 9.73573 -4.67317 2
      vertex 9.69303 -4.34882 12
      vertex 9.69303 -4.34882 2
    endloop
  endfacet
  facet normal -0.991445 -0.130522 0
    outer loop
      vertex 9.69303 -4.34882 12
      vertex 9.73573 -4.67317 2
      vertex 9.73573 -4.67317 12
    endloop
  endfacet
  facet normal -0.999048 -0.0436203 0
    outer loop
      vertex 9.75 -5 2
      vertex 9.73573 -4.67317 12
      vertex 9.73573 -4.67317 2
    endloop
  endfacet
  facet normal -0.999048 -0.0436203 0
    outer loop
      vertex 9.73573 -4.67317 12
      vertex 9.75 -5 2
      vertex 9.75 -5 12
    endloop
  endfacet
  facet normal -0.976294 -0.216448 0
    outer loop
      vertex 9.69303 -4.34882 2
      vertex 9.62222 -4.02943 12
      vertex 9.62222 -4.02943 2
    endloop
  endfacet
  facet normal -0.976294 -0.216448 0
    outer loop
      vertex 9.62222 -4.02943 12
      vertex 9.69303 -4.34882 2
      vertex 9.69303 -4.34882 12
    endloop
  endfacet
  facet normal 0.216448 -0.976294 0
    outer loop
      vertex 5.02943 -1.37778 2
      vertex 5.34882 -1.30697 12
      vertex 5.02943 -1.37778 12
    endloop
  endfacet
  facet normal 0.216448 -0.976294 0
    outer loop
      vertex 5.34882 -1.30697 12
      vertex 5.02943 -1.37778 2
      vertex 5.34882 -1.30697 2
    endloop
  endfacet
  facet normal -0.0436203 -0.999048 0
    outer loop
      vertex 6 -1.25 2
      vertex 6.32683 -1.26427 12
      vertex 6 -1.25 12
    endloop
  endfacet
  facet normal -0.0436203 -0.999048 -0
    outer loop
      vertex 6.32683 -1.26427 12
      vertex 6 -1.25 2
      vertex 6.32683 -1.26427 2
    endloop
  endfacet
  facet normal -0.461729 -0.887021 0
    outer loop
      vertex 7.58482 -1.60135 2
      vertex 7.875 -1.7524 12
      vertex 7.58482 -1.60135 12
    endloop
  endfacet
  facet normal -0.461729 -0.887021 -0
    outer loop
      vertex 7.875 -1.7524 12
      vertex 7.58482 -1.60135 2
      vertex 7.875 -1.7524 2
    endloop
  endfacet
  facet normal 0.991445 -0.130522 0
    outer loop
      vertex 2.26427 -4.67317 12
      vertex 2.30697 -4.34882 2
      vertex 2.30697 -4.34882 12
    endloop
  endfacet
  facet normal 0.991445 -0.130522 0
    outer loop
      vertex 2.30697 -4.34882 2
      vertex 2.26427 -4.67317 12
      vertex 2.26427 -4.67317 2
    endloop
  endfacet
  facet normal -0.216448 0.976294 0
    outer loop
      vertex 6.97057 -8.62222 2
      vertex 6.65118 -8.69303 12
      vertex 6.97057 -8.62222 12
    endloop
  endfacet
  facet normal -0.216448 0.976294 0
    outer loop
      vertex 6.65118 -8.69303 12
      vertex 6.97057 -8.62222 2
      vertex 6.65118 -8.69303 2
    endloop
  endfacet
  facet normal 0.0436203 0.999048 -0
    outer loop
      vertex 6 -8.75 2
      vertex 5.67317 -8.73573 12
      vertex 6 -8.75 12
    endloop
  endfacet
  facet normal 0.0436203 0.999048 0
    outer loop
      vertex 5.67317 -8.73573 12
      vertex 6 -8.75 2
      vertex 5.67317 -8.73573 2
    endloop
  endfacet
  facet normal 0.461753 0.887009 -0
    outer loop
      vertex 4.41518 -8.39865 2
      vertex 4.125 -8.24759 12
      vertex 4.41518 -8.39865 12
    endloop
  endfacet
  facet normal 0.461753 0.887009 0
    outer loop
      vertex 4.125 -8.24759 12
      vertex 4.41518 -8.39865 2
      vertex 4.125 -8.24759 2
    endloop
  endfacet
  facet normal 0.976294 -0.216448 0
    outer loop
      vertex 2.30697 -4.34882 12
      vertex 2.37778 -4.02943 2
      vertex 2.37778 -4.02943 12
    endloop
  endfacet
  facet normal 0.976294 -0.216448 0
    outer loop
      vertex 2.37778 -4.02943 2
      vertex 2.30697 -4.34882 12
      vertex 2.30697 -4.34882 2
    endloop
  endfacet
  facet normal 0.608757 0.793356 -0
    outer loop
      vertex 3.84909 -8.07182 2
      vertex 3.58955 -7.87267 12
      vertex 3.84909 -8.07182 12
    endloop
  endfacet
  facet normal 0.608757 0.793356 0
    outer loop
      vertex 3.58955 -7.87267 12
      vertex 3.84909 -8.07182 2
      vertex 3.58955 -7.87267 2
    endloop
  endfacet
  facet normal -0.300697 -0.95372 0
    outer loop
      vertex 6.97057 -1.37778 2
      vertex 7.28257 -1.47615 12
      vertex 6.97057 -1.37778 12
    endloop
  endfacet
  facet normal -0.300697 -0.95372 -0
    outer loop
      vertex 7.28257 -1.47615 12
      vertex 6.97057 -1.37778 2
      vertex 7.28257 -1.47615 2
    endloop
  endfacet
  facet normal -0.976294 0.216448 0
    outer loop
      vertex 9.62222 -5.97057 2
      vertex 9.69303 -5.65118 12
      vertex 9.69303 -5.65118 2
    endloop
  endfacet
  facet normal -0.976294 0.216448 0
    outer loop
      vertex 9.69303 -5.65118 12
      vertex 9.62222 -5.97057 2
      vertex 9.62222 -5.97057 12
    endloop
  endfacet
  facet normal -0.608757 0.793356 0
    outer loop
      vertex 8.41045 -7.87267 2
      vertex 8.15091 -8.07182 12
      vertex 8.41045 -7.87267 12
    endloop
  endfacet
  facet normal -0.608757 0.793356 0
    outer loop
      vertex 8.15091 -8.07182 12
      vertex 8.41045 -7.87267 2
      vertex 8.15091 -8.07182 2
    endloop
  endfacet
  facet normal -0.300697 0.95372 0
    outer loop
      vertex 7.28257 -8.52385 2
      vertex 6.97057 -8.62222 12
      vertex 7.28257 -8.52385 12
    endloop
  endfacet
  facet normal -0.300697 0.95372 0
    outer loop
      vertex 6.97057 -8.62222 12
      vertex 7.28257 -8.52385 2
      vertex 6.97057 -8.62222 2
    endloop
  endfacet
  facet normal 0.130522 -0.991445 0
    outer loop
      vertex 5.34882 -1.30697 2
      vertex 5.67317 -1.26427 12
      vertex 5.34882 -1.30697 12
    endloop
  endfacet
  facet normal 0.130522 -0.991445 0
    outer loop
      vertex 5.67317 -1.26427 12
      vertex 5.34882 -1.30697 2
      vertex 5.67317 -1.26427 2
    endloop
  endfacet
  facet normal 0.382705 -0.923871 0
    outer loop
      vertex 4.41518 -1.60135 2
      vertex 4.71742 -1.47615 12
      vertex 4.41518 -1.60135 12
    endloop
  endfacet
  facet normal 0.382705 -0.923871 0
    outer loop
      vertex 4.71742 -1.47615 12
      vertex 4.41518 -1.60135 2
      vertex 4.71742 -1.47615 2
    endloop
  endfacet
  facet normal 0.0436203 -0.999048 0
    outer loop
      vertex 5.67317 -1.26427 2
      vertex 6 -1.25 12
      vertex 5.67317 -1.26427 12
    endloop
  endfacet
  facet normal 0.0436203 -0.999048 0
    outer loop
      vertex 6 -1.25 12
      vertex 5.67317 -1.26427 2
      vertex 6 -1.25 2
    endloop
  endfacet
  facet normal 0.887021 0.461729 0
    outer loop
      vertex 2.7524 -6.875 12
      vertex 2.60135 -6.58482 2
      vertex 2.60135 -6.58482 12
    endloop
  endfacet
  facet normal 0.887021 0.461729 0
    outer loop
      vertex 2.60135 -6.58482 2
      vertex 2.7524 -6.875 12
      vertex 2.7524 -6.875 2
    endloop
  endfacet
  facet normal -0.991445 0.130522 0
    outer loop
      vertex 9.69303 -5.65118 2
      vertex 9.73573 -5.32683 12
      vertex 9.73573 -5.32683 2
    endloop
  endfacet
  facet normal -0.991445 0.130522 0
    outer loop
      vertex 9.73573 -5.32683 12
      vertex 9.69303 -5.65118 2
      vertex 9.69303 -5.65118 12
    endloop
  endfacet
  facet normal -0.737276 0.675592 0
    outer loop
      vertex 8.65165 -7.65165 2
      vertex 8.87267 -7.41045 12
      vertex 8.87267 -7.41045 2
    endloop
  endfacet
  facet normal -0.737276 0.675592 0
    outer loop
      vertex 8.87267 -7.41045 12
      vertex 8.65165 -7.65165 2
      vertex 8.65165 -7.65165 12
    endloop
  endfacet
  facet normal 0.300688 -0.953723 0
    outer loop
      vertex 4.71742 -1.47615 2
      vertex 5.02943 -1.37778 12
      vertex 4.71742 -1.47615 12
    endloop
  endfacet
  facet normal 0.300688 -0.953723 0
    outer loop
      vertex 5.02943 -1.37778 12
      vertex 4.71742 -1.47615 2
      vertex 5.02943 -1.37778 2
    endloop
  endfacet
  facet normal -0.537313 -0.843383 0
    outer loop
      vertex 7.875 -1.7524 2
      vertex 8.15091 -1.92818 12
      vertex 7.875 -1.7524 12
    endloop
  endfacet
  facet normal -0.537313 -0.843383 -0
    outer loop
      vertex 8.15091 -1.92818 12
      vertex 7.875 -1.7524 2
      vertex 8.15091 -1.92818 2
    endloop
  endfacet
  facet normal -0.793356 0.608757 0
    outer loop
      vertex 8.87267 -7.41045 2
      vertex 9.07182 -7.15091 12
      vertex 9.07182 -7.15091 2
    endloop
  endfacet
  facet normal -0.793356 0.608757 0
    outer loop
      vertex 9.07182 -7.15091 12
      vertex 8.87267 -7.41045 2
      vertex 8.87267 -7.41045 12
    endloop
  endfacet
  facet normal 0.675592 -0.737276 0
    outer loop
      vertex 3.34835 -2.34835 2
      vertex 3.58955 -2.12733 12
      vertex 3.34835 -2.34835 12
    endloop
  endfacet
  facet normal 0.675592 -0.737276 0
    outer loop
      vertex 3.58955 -2.12733 12
      vertex 3.34835 -2.34835 2
      vertex 3.58955 -2.12733 2
    endloop
  endfacet
  facet normal 0.216448 0.976294 -0
    outer loop
      vertex 5.34882 -8.69303 2
      vertex 5.02943 -8.62222 12
      vertex 5.34882 -8.69303 12
    endloop
  endfacet
  facet normal 0.216448 0.976294 0
    outer loop
      vertex 5.02943 -8.62222 12
      vertex 5.34882 -8.69303 2
      vertex 5.02943 -8.62222 2
    endloop
  endfacet
  facet normal -0.999048 0.0436203 0
    outer loop
      vertex 9.73573 -5.32683 2
      vertex 9.75 -5 12
      vertex 9.75 -5 2
    endloop
  endfacet
  facet normal -0.999048 0.0436203 0
    outer loop
      vertex 9.75 -5 12
      vertex 9.73573 -5.32683 2
      vertex 9.73573 -5.32683 12
    endloop
  endfacet
  facet normal -0.130522 0.991445 0
    outer loop
      vertex 6.65118 -8.69303 2
      vertex 6.32683 -8.73573 12
      vertex 6.65118 -8.69303 12
    endloop
  endfacet
  facet normal -0.130522 0.991445 0
    outer loop
      vertex 6.32683 -8.73573 12
      vertex 6.65118 -8.69303 2
      vertex 6.32683 -8.73573 2
    endloop
  endfacet
  facet normal -0.461753 0.887009 0
    outer loop
      vertex 7.875 -8.24759 2
      vertex 7.58482 -8.39865 12
      vertex 7.875 -8.24759 12
    endloop
  endfacet
  facet normal -0.461753 0.887009 0
    outer loop
      vertex 7.58482 -8.39865 12
      vertex 7.875 -8.24759 2
      vertex 7.58482 -8.39865 2
    endloop
  endfacet
  facet normal -0.887009 -0.461753 0
    outer loop
      vertex 9.39865 -3.41518 2
      vertex 9.24759 -3.125 12
      vertex 9.24759 -3.125 2
    endloop
  endfacet
  facet normal -0.887009 -0.461753 0
    outer loop
      vertex 9.24759 -3.125 12
      vertex 9.39865 -3.41518 2
      vertex 9.39865 -3.41518 12
    endloop
  endfacet
  facet normal 0.537313 -0.843383 0
    outer loop
      vertex 3.84909 -1.92818 2
      vertex 4.125 -1.7524 12
      vertex 3.84909 -1.92818 12
    endloop
  endfacet
  facet normal 0.537313 -0.843383 0
    outer loop
      vertex 4.125 -1.7524 12
      vertex 3.84909 -1.92818 2
      vertex 4.125 -1.7524 2
    endloop
  endfacet
  facet normal 0.130522 0.991445 -0
    outer loop
      vertex 5.67317 -8.73573 2
      vertex 5.34882 -8.69303 12
      vertex 5.67317 -8.73573 12
    endloop
  endfacet
  facet normal 0.130522 0.991445 0
    outer loop
      vertex 5.34882 -8.69303 12
      vertex 5.67317 -8.73573 2
      vertex 5.34882 -8.69303 2
    endloop
  endfacet
  facet normal -0.0436203 0.999048 0
    outer loop
      vertex 6.32683 -8.73573 2
      vertex 6 -8.75 12
      vertex 6.32683 -8.73573 12
    endloop
  endfacet
  facet normal -0.0436203 0.999048 0
    outer loop
      vertex 6 -8.75 12
      vertex 6.32683 -8.73573 2
      vertex 6 -8.75 2
    endloop
  endfacet
  facet normal -0.382694 -0.923875 0
    outer loop
      vertex 7.28257 -1.47615 2
      vertex 7.58482 -1.60135 12
      vertex 7.28257 -1.47615 12
    endloop
  endfacet
  facet normal -0.382694 -0.923875 -0
    outer loop
      vertex 7.58482 -1.60135 12
      vertex 7.28257 -1.47615 2
      vertex 7.58482 -1.60135 2
    endloop
  endfacet
  facet normal 0.608757 -0.793356 0
    outer loop
      vertex 3.58955 -2.12733 2
      vertex 3.84909 -1.92818 12
      vertex 3.58955 -2.12733 12
    endloop
  endfacet
  facet normal 0.608757 -0.793356 0
    outer loop
      vertex 3.84909 -1.92818 12
      vertex 3.58955 -2.12733 2
      vertex 3.84909 -1.92818 2
    endloop
  endfacet
  facet normal -0.887009 0.461753 0
    outer loop
      vertex 9.24759 -6.875 2
      vertex 9.39865 -6.58482 12
      vertex 9.39865 -6.58482 2
    endloop
  endfacet
  facet normal -0.887009 0.461753 0
    outer loop
      vertex 9.39865 -6.58482 12
      vertex 9.24759 -6.875 2
      vertex 9.24759 -6.875 12
    endloop
  endfacet
  facet normal 0.923875 0.382694 0
    outer loop
      vertex 2.60135 -6.58482 12
      vertex 2.47615 -6.28257 2
      vertex 2.47615 -6.28257 12
    endloop
  endfacet
  facet normal 0.923875 0.382694 0
    outer loop
      vertex 2.47615 -6.28257 2
      vertex 2.60135 -6.58482 12
      vertex 2.60135 -6.58482 2
    endloop
  endfacet
  facet normal -0.953723 -0.300688 0
    outer loop
      vertex 9.62222 -4.02943 2
      vertex 9.52385 -3.71742 12
      vertex 9.52385 -3.71742 2
    endloop
  endfacet
  facet normal -0.953723 -0.300688 0
    outer loop
      vertex 9.52385 -3.71742 12
      vertex 9.62222 -4.02943 2
      vertex 9.62222 -4.02943 12
    endloop
  endfacet
  facet normal -0.793356 -0.608757 0
    outer loop
      vertex 9.07182 -2.84909 2
      vertex 8.87267 -2.58955 12
      vertex 8.87267 -2.58955 2
    endloop
  endfacet
  facet normal -0.793356 -0.608757 0
    outer loop
      vertex 8.87267 -2.58955 12
      vertex 9.07182 -2.84909 2
      vertex 9.07182 -2.84909 12
    endloop
  endfacet
  facet normal -0.608757 -0.793356 0
    outer loop
      vertex 8.15091 -1.92818 2
      vertex 8.41045 -2.12733 12
      vertex 8.15091 -1.92818 12
    endloop
  endfacet
  facet normal -0.608757 -0.793356 -0
    outer loop
      vertex 8.41045 -2.12733 12
      vertex 8.15091 -1.92818 2
      vertex 8.41045 -2.12733 2
    endloop
  endfacet
  facet normal 0.843383 0.537313 0
    outer loop
      vertex 2.92818 -7.15091 12
      vertex 2.7524 -6.875 2
      vertex 2.7524 -6.875 12
    endloop
  endfacet
  facet normal 0.843383 0.537313 0
    outer loop
      vertex 2.7524 -6.875 2
      vertex 2.92818 -7.15091 12
      vertex 2.92818 -7.15091 2
    endloop
  endfacet
  facet normal -0.923871 -0.382705 0
    outer loop
      vertex 9.52385 -3.71742 2
      vertex 9.39865 -3.41518 12
      vertex 9.39865 -3.41518 2
    endloop
  endfacet
  facet normal -0.923871 -0.382705 0
    outer loop
      vertex 9.39865 -3.41518 12
      vertex 9.52385 -3.71742 2
      vertex 9.52385 -3.71742 12
    endloop
  endfacet
  facet normal 0.382705 0.923871 -0
    outer loop
      vertex 4.71742 -8.52385 2
      vertex 4.41518 -8.39865 12
      vertex 4.71742 -8.52385 12
    endloop
  endfacet
  facet normal 0.382705 0.923871 0
    outer loop
      vertex 4.41518 -8.39865 12
      vertex 4.71742 -8.52385 2
      vertex 4.41518 -8.39865 2
    endloop
  endfacet
  facet normal 0.976294 0.216448 0
    outer loop
      vertex 2.37778 -5.97057 12
      vertex 2.30697 -5.65118 2
      vertex 2.30697 -5.65118 12
    endloop
  endfacet
  facet normal 0.976294 0.216448 0
    outer loop
      vertex 2.30697 -5.65118 2
      vertex 2.37778 -5.97057 12
      vertex 2.37778 -5.97057 2
    endloop
  endfacet
  facet normal -0.675592 -0.737276 0
    outer loop
      vertex 8.41045 -2.12733 2
      vertex 8.65165 -2.34835 12
      vertex 8.41045 -2.12733 12
    endloop
  endfacet
  facet normal -0.675592 -0.737276 -0
    outer loop
      vertex 8.65165 -2.34835 12
      vertex 8.41045 -2.12733 2
      vertex 8.65165 -2.34835 2
    endloop
  endfacet
  facet normal 0.537291 0.843397 -0
    outer loop
      vertex 4.125 -8.24759 2
      vertex 3.84909 -8.07182 12
      vertex 4.125 -8.24759 12
    endloop
  endfacet
  facet normal 0.537291 0.843397 0
    outer loop
      vertex 3.84909 -8.07182 12
      vertex 4.125 -8.24759 2
      vertex 3.84909 -8.07182 2
    endloop
  endfacet
  facet normal 0.793356 -0.608757 0
    outer loop
      vertex 2.92818 -2.84909 12
      vertex 3.12733 -2.58955 2
      vertex 3.12733 -2.58955 12
    endloop
  endfacet
  facet normal 0.793356 -0.608757 0
    outer loop
      vertex 3.12733 -2.58955 2
      vertex 2.92818 -2.84909 12
      vertex 2.92818 -2.84909 2
    endloop
  endfacet
  facet normal 0.737276 -0.675592 0
    outer loop
      vertex 3.12733 -2.58955 12
      vertex 3.34835 -2.34835 2
      vertex 3.34835 -2.34835 12
    endloop
  endfacet
  facet normal 0.737276 -0.675592 0
    outer loop
      vertex 3.34835 -2.34835 2
      vertex 3.12733 -2.58955 12
      vertex 3.12733 -2.58955 2
    endloop
  endfacet
  facet normal -0.843397 0.537291 0
    outer loop
      vertex 9.07182 -7.15091 2
      vertex 9.24759 -6.875 12
      vertex 9.24759 -6.875 2
    endloop
  endfacet
  facet normal -0.843397 0.537291 0
    outer loop
      vertex 9.24759 -6.875 12
      vertex 9.07182 -7.15091 2
      vertex 9.07182 -7.15091 12
    endloop
  endfacet
  facet normal -0.95372 0.300697 0
    outer loop
      vertex 9.52385 -6.28257 2
      vertex 9.62222 -5.97057 12
      vertex 9.62222 -5.97057 2
    endloop
  endfacet
  facet normal -0.95372 0.300697 0
    outer loop
      vertex 9.62222 -5.97057 12
      vertex 9.52385 -6.28257 2
      vertex 9.52385 -6.28257 12
    endloop
  endfacet
  facet normal -0.923875 0.382694 0
    outer loop
      vertex 9.39865 -6.58482 2
      vertex 9.52385 -6.28257 12
      vertex 9.52385 -6.28257 2
    endloop
  endfacet
  facet normal -0.923875 0.382694 0
    outer loop
      vertex 9.52385 -6.28257 12
      vertex 9.39865 -6.58482 2
      vertex 9.39865 -6.58482 12
    endloop
  endfacet
  facet normal 0.737276 0.675592 0
    outer loop
      vertex 3.34835 -7.65165 12
      vertex 3.12733 -7.41045 2
      vertex 3.12733 -7.41045 12
    endloop
  endfacet
  facet normal 0.737276 0.675592 0
    outer loop
      vertex 3.12733 -7.41045 2
      vertex 3.34835 -7.65165 12
      vertex 3.34835 -7.65165 2
    endloop
  endfacet
  facet normal -0.537291 0.843397 0
    outer loop
      vertex 8.15091 -8.07182 2
      vertex 7.875 -8.24759 12
      vertex 8.15091 -8.07182 12
    endloop
  endfacet
  facet normal -0.537291 0.843397 0
    outer loop
      vertex 7.875 -8.24759 12
      vertex 8.15091 -8.07182 2
      vertex 7.875 -8.24759 2
    endloop
  endfacet
  facet normal 0.991445 0.130522 0
    outer loop
      vertex 2.30697 -5.65118 12
      vertex 2.26427 -5.32683 2
      vertex 2.26427 -5.32683 12
    endloop
  endfacet
  facet normal 0.991445 0.130522 0
    outer loop
      vertex 2.26427 -5.32683 2
      vertex 2.30697 -5.65118 12
      vertex 2.30697 -5.65118 2
    endloop
  endfacet
  facet normal -0.382694 0.923875 0
    outer loop
      vertex 7.58482 -8.39865 2
      vertex 7.28257 -8.52385 12
      vertex 7.58482 -8.39865 12
    endloop
  endfacet
  facet normal -0.382694 0.923875 0
    outer loop
      vertex 7.28257 -8.52385 12
      vertex 7.58482 -8.39865 2
      vertex 7.28257 -8.52385 2
    endloop
  endfacet
  facet normal 0.95372 0.300697 0
    outer loop
      vertex 2.47615 -6.28257 12
      vertex 2.37778 -5.97057 2
      vertex 2.37778 -5.97057 12
    endloop
  endfacet
  facet normal 0.95372 0.300697 0
    outer loop
      vertex 2.37778 -5.97057 2
      vertex 2.47615 -6.28257 12
      vertex 2.47615 -6.28257 2
    endloop
  endfacet
  facet normal -0.737276 -0.675592 0
    outer loop
      vertex 8.87267 -2.58955 2
      vertex 8.65165 -2.34835 12
      vertex 8.65165 -2.34835 2
    endloop
  endfacet
  facet normal -0.737276 -0.675592 0
    outer loop
      vertex 8.65165 -2.34835 12
      vertex 8.87267 -2.58955 2
      vertex 8.87267 -2.58955 12
    endloop
  endfacet
  facet normal 0.953723 -0.300688 0
    outer loop
      vertex 2.37778 -4.02943 12
      vertex 2.47615 -3.71742 2
      vertex 2.47615 -3.71742 12
    endloop
  endfacet
  facet normal 0.953723 -0.300688 0
    outer loop
      vertex 2.47615 -3.71742 2
      vertex 2.37778 -4.02943 12
      vertex 2.37778 -4.02943 2
    endloop
  endfacet
  facet normal -0.675592 0.737276 0
    outer loop
      vertex 8.65165 -7.65165 2
      vertex 8.41045 -7.87267 12
      vertex 8.65165 -7.65165 12
    endloop
  endfacet
  facet normal -0.675592 0.737276 0
    outer loop
      vertex 8.41045 -7.87267 12
      vertex 8.65165 -7.65165 2
      vertex 8.41045 -7.87267 2
    endloop
  endfacet
  facet normal -0.843397 -0.537291 0
    outer loop
      vertex 9.24759 -3.125 2
      vertex 9.07182 -2.84909 12
      vertex 9.07182 -2.84909 2
    endloop
  endfacet
  facet normal -0.843397 -0.537291 0
    outer loop
      vertex 9.07182 -2.84909 12
      vertex 9.24759 -3.125 2
      vertex 9.24759 -3.125 12
    endloop
  endfacet
  facet normal 0.675592 0.737276 -0
    outer loop
      vertex 3.58955 -7.87267 2
      vertex 3.34835 -7.65165 12
      vertex 3.58955 -7.87267 12
    endloop
  endfacet
  facet normal 0.675592 0.737276 0
    outer loop
      vertex 3.34835 -7.65165 12
      vertex 3.58955 -7.87267 2
      vertex 3.34835 -7.65165 2
    endloop
  endfacet
  facet normal 0.300688 0.953723 -0
    outer loop
      vertex 5.02943 -8.62222 2
      vertex 4.71742 -8.52385 12
      vertex 5.02943 -8.62222 12
    endloop
  endfacet
  facet normal 0.300688 0.953723 0
    outer loop
      vertex 4.71742 -8.52385 12
      vertex 5.02943 -8.62222 2
      vertex 4.71742 -8.52385 2
    endloop
  endfacet
  facet normal -0.130522 -0.991445 0
    outer loop
      vertex 6.32683 -1.26427 2
      vertex 6.65118 -1.30697 12
      vertex 6.32683 -1.26427 12
    endloop
  endfacet
  facet normal -0.130522 -0.991445 -0
    outer loop
      vertex 6.65118 -1.30697 12
      vertex 6.32683 -1.26427 2
      vertex 6.65118 -1.30697 2
    endloop
  endfacet
  facet normal 0.887021 -0.461729 0
    outer loop
      vertex 2.60135 -3.41518 12
      vertex 2.7524 -3.125 2
      vertex 2.7524 -3.125 12
    endloop
  endfacet
  facet normal 0.887021 -0.461729 0
    outer loop
      vertex 2.7524 -3.125 2
      vertex 2.60135 -3.41518 12
      vertex 2.60135 -3.41518 2
    endloop
  endfacet
  facet normal 0.999048 0.0436203 0
    outer loop
      vertex 2.26427 -5.32683 12
      vertex 2.25 -5 2
      vertex 2.25 -5 12
    endloop
  endfacet
  facet normal 0.999048 0.0436203 0
    outer loop
      vertex 2.25 -5 2
      vertex 2.26427 -5.32683 12
      vertex 2.26427 -5.32683 2
    endloop
  endfacet
  facet normal 0 0 1
    outer loop
      vertex 9.73573 -4.67317 2
      vertex 9.73573 -5.32683 2
      vertex 9.75 -5 2
    endloop
  endfacet
  facet normal 0 0 1
    outer loop
      vertex 9.69303 -4.34882 2
      vertex 9.73573 -5.32683 2
      vertex 9.73573 -4.67317 2
    endloop
  endfacet
  facet normal 0 0 1
    outer loop
      vertex 9.69303 -4.34882 2
      vertex 9.69303 -5.65118 2
      vertex 9.73573 -5.32683 2
    endloop
  endfacet
  facet normal 0 0 1
    outer loop
      vertex 9.62222 -4.02943 2
      vertex 9.69303 -5.65118 2
      vertex 9.69303 -4.34882 2
    endloop
  endfacet
  facet normal 0 0 1
    outer loop
      vertex 9.62222 -4.02943 2
      vertex 9.62222 -5.97057 2
      vertex 9.69303 -5.65118 2
    endloop
  endfacet
  facet normal 0 0 1
    outer loop
      vertex 9.52385 -3.71742 2
      vertex 9.62222 -5.97057 2
      vertex 9.62222 -4.02943 2
    endloop
  endfacet
  facet normal 0 0 1
    outer loop
      vertex 9.52385 -3.71742 2
      vertex 9.52385 -6.28257 2
      vertex 9.62222 -5.97057 2
    endloop
  endfacet
  facet normal 0 0 1
    outer loop
      vertex 9.39865 -3.41518 2
      vertex 9.52385 -6.28257 2
      vertex 9.52385 -3.71742 2
    endloop
  endfacet
  facet normal 0 0 1
    outer loop
      vertex 9.39865 -3.41518 2
      vertex 9.39865 -6.58482 2
      vertex 9.52385 -6.28257 2
    endloop
  endfacet
  facet normal 0 0 1
    outer loop
      vertex 9.24759 -3.125 2
      vertex 9.39865 -6.58482 2
      vertex 9.39865 -3.41518 2
    endloop
  endfacet
  facet normal 0 0 1
    outer loop
      vertex 9.24759 -3.125 2
      vertex 9.24759 -6.875 2
      vertex 9.39865 -6.58482 2
    endloop
  endfacet
  facet normal 0 0 1
    outer loop
      vertex 9.07182 -2.84909 2
      vertex 9.24759 -6.875 2
      vertex 9.24759 -3.125 2
    endloop
  endfacet
  facet normal 0 0 1
    outer loop
      vertex 9.07182 -2.84909 2
      vertex 9.07182 -7.15091 2
      vertex 9.24759 -6.875 2
    endloop
  endfacet
  facet normal 0 0 1
    outer loop
      vertex 8.87267 -2.58955 2
      vertex 9.07182 -7.15091 2
      vertex 9.07182 -2.84909 2
    endloop
  endfacet
  facet normal 0 0 1
    outer loop
      vertex 8.87267 -2.58955 2
      vertex 8.87267 -7.41045 2
      vertex 9.07182 -7.15091 2
    endloop
  endfacet
  facet normal 0 0 1
    outer loop
      vertex 8.65165 -2.34835 2
      vertex 8.87267 -7.41045 2
      vertex 8.87267 -2.58955 2
    endloop
  endfacet
  facet normal 0 0 1
    outer loop
      vertex 8.65165 -2.34835 2
      vertex 8.65165 -7.65165 2
      vertex 8.87267 -7.41045 2
    endloop
  endfacet
  facet normal 0 0 1
    outer loop
      vertex 8.41045 -2.12733 2
      vertex 8.65165 -7.65165 2
      vertex 8.65165 -2.34835 2
    endloop
  endfacet
  facet normal 0 0 1
    outer loop
      vertex 8.41045 -2.12733 2
      vertex 8.41045 -7.87267 2
      vertex 8.65165 -7.65165 2
    endloop
  endfacet
  facet normal 0 0 1
    outer loop
      vertex 8.15091 -1.92818 2
      vertex 8.41045 -7.87267 2
      vertex 8.41045 -2.12733 2
    endloop
  endfacet
  facet normal 0 0 1
    outer loop
      vertex 8.15091 -1.92818 2
      vertex 8.15091 -8.07182 2
      vertex 8.41045 -7.87267 2
    endloop
  endfacet
  facet normal 0 0 1
    outer loop
      vertex 7.875 -1.7524 2
      vertex 8.15091 -8.07182 2
      vertex 8.15091 -1.92818 2
    endloop
  endfacet
  facet normal 0 0 1
    outer loop
      vertex 7.875 -1.7524 2
      vertex 7.875 -8.24759 2
      vertex 8.15091 -8.07182 2
    endloop
  endfacet
  facet normal 0 0 1
    outer loop
      vertex 7.58482 -1.60135 2
      vertex 7.875 -8.24759 2
      vertex 7.875 -1.7524 2
    endloop
  endfacet
  facet normal 0 0 1
    outer loop
      vertex 7.58482 -1.60135 2
      vertex 7.58482 -8.39865 2
      vertex 7.875 -8.24759 2
    endloop
  endfacet
  facet normal 0 0 1
    outer loop
      vertex 7.28257 -1.47615 2
      vertex 7.58482 -8.39865 2
      vertex 7.58482 -1.60135 2
    endloop
  endfacet
  facet normal 0 0 1
    outer loop
      vertex 7.28257 -1.47615 2
      vertex 7.28257 -8.52385 2
      vertex 7.58482 -8.39865 2
    endloop
  endfacet
  facet normal 0 0 1
    outer loop
      vertex 6.97057 -1.37778 2
      vertex 7.28257 -8.52385 2
      vertex 7.28257 -1.47615 2
    endloop
  endfacet
  facet normal 0 0 1
    outer loop
      vertex 6.97057 -1.37778 2
      vertex 6.97057 -8.62222 2
      vertex 7.28257 -8.52385 2
    endloop
  endfacet
  facet normal 0 0 1
    outer loop
      vertex 6.65118 -1.30697 2
      vertex 6.97057 -8.62222 2
      vertex 6.97057 -1.37778 2
    endloop
  endfacet
  facet normal 0 0 1
    outer loop
      vertex 6.65118 -1.30697 2
      vertex 6.65118 -8.69303 2
      vertex 6.97057 -8.62222 2
    endloop
  endfacet
  facet normal 0 0 1
    outer loop
      vertex 6.32683 -1.26427 2
      vertex 6.65118 -8.69303 2
      vertex 6.65118 -1.30697 2
    endloop
  endfacet
  facet normal 0 0 1
    outer loop
      vertex 6.32683 -1.26427 2
      vertex 6.32683 -8.73573 2
      vertex 6.65118 -8.69303 2
    endloop
  endfacet
  facet normal 0 0 1
    outer loop
      vertex 6 -1.25 2
      vertex 6.32683 -8.73573 2
      vertex 6.32683 -1.26427 2
    endloop
  endfacet
  facet normal 0 0 1
    outer loop
      vertex 6 -1.25 2
      vertex 6 -8.75 2
      vertex 6.32683 -8.73573 2
    endloop
  endfacet
  facet normal -0 0 1
    outer loop
      vertex 5.67317 -1.26427 2
      vertex 6 -8.75 2
      vertex 6 -1.25 2
    endloop
  endfacet
  facet normal 0 0 1
    outer loop
      vertex 5.67317 -1.26427 2
      vertex 5.67317 -8.73573 2
      vertex 6 -8.75 2
    endloop
  endfacet
  facet normal -0 0 1
    outer loop
      vertex 5.34882 -1.30697 2
      vertex 5.67317 -8.73573 2
      vertex 5.67317 -1.26427 2
    endloop
  endfacet
  facet normal 0 0 1
    outer loop
      vertex 5.34882 -1.30697 2
      vertex 5.34882 -8.69303 2
      vertex 5.67317 -8.73573 2
    endloop
  endfacet
  facet normal -0 0 1
    outer loop
      vertex 5.02943 -1.37778 2
      vertex 5.34882 -8.69303 2
      vertex 5.34882 -1.30697 2
    endloop
  endfacet
  facet normal 0 0 1
    outer loop
      vertex 5.02943 -1.37778 2
      vertex 5.02943 -8.62222 2
      vertex 5.34882 -8.69303 2
    endloop
  endfacet
  facet normal -0 0 1
    outer loop
      vertex 4.71742 -1.47615 2
      vertex 5.02943 -8.62222 2
      vertex 5.02943 -1.37778 2
    endloop
  endfacet
  facet normal 0 0 1
    outer loop
      vertex 4.71742 -1.47615 2
      vertex 4.71742 -8.52385 2
      vertex 5.02943 -8.62222 2
    endloop
  endfacet
  facet normal -0 0 1
    outer loop
      vertex 4.41518 -1.60135 2
      vertex 4.71742 -8.52385 2
      vertex 4.71742 -1.47615 2
    endloop
  endfacet
  facet normal 0 0 1
    outer loop
      vertex 4.41518 -1.60135 2
      vertex 4.41518 -8.39865 2
      vertex 4.71742 -8.52385 2
    endloop
  endfacet
  facet normal -0 0 1
    outer loop
      vertex 4.125 -1.7524 2
      vertex 4.41518 -8.39865 2
      vertex 4.41518 -1.60135 2
    endloop
  endfacet
  facet normal 0 0 1
    outer loop
      vertex 4.125 -1.7524 2
      vertex 4.125 -8.24759 2
      vertex 4.41518 -8.39865 2
    endloop
  endfacet
  facet normal -0 0 1
    outer loop
      vertex 3.84909 -1.92818 2
      vertex 4.125 -8.24759 2
      vertex 4.125 -1.7524 2
    endloop
  endfacet
  facet normal 0 0 1
    outer loop
      vertex 3.84909 -1.92818 2
      vertex 3.84909 -8.07182 2
      vertex 4.125 -8.24759 2
    endloop
  endfacet
  facet normal -0 0 1
    outer loop
      vertex 3.58955 -2.12733 2
      vertex 3.84909 -8.07182 2
      vertex 3.84909 -1.92818 2
    endloop
  endfacet
  facet normal 0 0 1
    outer loop
      vertex 3.58955 -2.12733 2
      vertex 3.58955 -7.87267 2
      vertex 3.84909 -8.07182 2
    endloop
  endfacet
  facet normal -0 0 1
    outer loop
      vertex 3.34835 -2.34835 2
      vertex 3.58955 -7.87267 2
      vertex 3.58955 -2.12733 2
    endloop
  endfacet
  facet normal 0 0 1
    outer loop
      vertex 3.34835 -2.34835 2
      vertex 3.34835 -7.65165 2
      vertex 3.58955 -7.87267 2
    endloop
  endfacet
  facet normal -0 0 1
    outer loop
      vertex 3.12733 -2.58955 2
      vertex 3.34835 -7.65165 2
      vertex 3.34835 -2.34835 2
    endloop
  endfacet
  facet normal 0 0 1
    outer loop
      vertex 3.12733 -2.58955 2
      vertex 3.12733 -7.41045 2
      vertex 3.34835 -7.65165 2
    endloop
  endfacet
  facet normal -0 0 1
    outer loop
      vertex 2.92818 -2.84909 2
      vertex 3.12733 -7.41045 2
      vertex 3.12733 -2.58955 2
    endloop
  endfacet
  facet normal 0 0 1
    outer loop
      vertex 2.92818 -2.84909 2
      vertex 2.92818 -7.15091 2
      vertex 3.12733 -7.41045 2
    endloop
  endfacet
  facet normal -0 0 1
    outer loop
      vertex 2.7524 -3.125 2
      vertex 2.92818 -7.15091 2
      vertex 2.92818 -2.84909 2
    endloop
  endfacet
  facet normal 0 0 1
    outer loop
      vertex 2.7524 -3.125 2
      vertex 2.7524 -6.875 2
      vertex 2.92818 -7.15091 2
    endloop
  endfacet
  facet normal -0 0 1
    outer loop
      vertex 2.60135 -3.41518 2
      vertex 2.7524 -6.875 2
      vertex 2.7524 -3.125 2
    endloop
  endfacet
  facet normal 0 0 1
    outer loop
      vertex 2.60135 -3.41518 2
      vertex 2.60135 -6.58482 2
      vertex 2.7524 -6.875 2
    endloop
  endfacet
  facet normal -0 0 1
    outer loop
      vertex 2.47615 -3.71742 2
      vertex 2.60135 -6.58482 2
      vertex 2.60135 -3.41518 2
    endloop
  endfacet
  facet normal 0 0 1
    outer loop
      vertex 2.47615 -3.71742 2
      vertex 2.47615 -6.28257 2
      vertex 2.60135 -6.58482 2
    endloop
  endfacet
  facet normal -0 0 1
    outer loop
      vertex 2.37778 -4.02943 2
      vertex 2.47615 -6.28257 2
      vertex 2.47615 -3.71742 2
    endloop
  endfacet
  facet normal 0 0 1
    outer loop
      vertex 2.37778 -4.02943 2
      vertex 2.37778 -5.97057 2
      vertex 2.47615 -6.28257 2
    endloop
  endfacet
  facet normal -0 0 1
    outer loop
      vertex 2.30697 -4.34882 2
      vertex 2.37778 -5.97057 2
      vertex 2.37778 -4.02943 2
    endloop
  endfacet
  facet normal 0 0 1
    outer loop
      vertex 2.30697 -4.34882 2
      vertex 2.30697 -5.65118 2
      vertex 2.37778 -5.97057 2
    endloop
  endfacet
  facet normal -0 0 1
    outer loop
      vertex 2.26427 -4.67317 2
      vertex 2.30697 -5.65118 2
      vertex 2.30697 -4.34882 2
    endloop
  endfacet
  facet normal 0 0 1
    outer loop
      vertex 2.26427 -4.67317 2
      vertex 2.26427 -5.32683 2
      vertex 2.30697 -5.65118 2
    endloop
  endfacet
  facet normal 0 -0 1
    outer loop
      vertex 2.26427 -5.32683 2
      vertex 2.26427 -4.67317 2
      vertex 2.25 -5 2
    endloop
  endfacet
  facet normal 0.461729 -0.887021 0
    outer loop
      vertex 4.125 -1.7524 2
      vertex 4.41518 -1.60135 12
      vertex 4.125 -1.7524 12
    endloop
  endfacet
  facet normal 0.461729 -0.887021 0
    outer loop
      vertex 4.41518 -1.60135 12
      vertex 4.125 -1.7524 2
      vertex 4.41518 -1.60135 2
    endloop
  endfacet
  facet normal 0.793356 0.608757 0
    outer loop
      vertex 3.12733 -7.41045 12
      vertex 2.92818 -7.15091 2
      vertex 2.92818 -7.15091 12
    endloop
  endfacet
  facet normal 0.793356 0.608757 0
    outer loop
      vertex 2.92818 -7.15091 2
      vertex 3.12733 -7.41045 12
      vertex 3.12733 -7.41045 2
    endloop
  endfacet
  facet normal 0.843383 -0.537313 0
    outer loop
      vertex 2.7524 -3.125 12
      vertex 2.92818 -2.84909 2
      vertex 2.92818 -2.84909 12
    endloop
  endfacet
  facet normal 0.843383 -0.537313 0
    outer loop
      vertex 2.92818 -2.84909 2
      vertex 2.7524 -3.125 12
      vertex 2.7524 -3.125 2
    endloop
  endfacet
  facet normal 0.923871 -0.382705 0
    outer loop
      vertex 2.47615 -3.71742 12
      vertex 2.60135 -3.41518 2
      vertex 2.60135 -3.41518 12
    endloop
  endfacet
  facet normal 0.923871 -0.382705 0
    outer loop
      vertex 2.60135 -3.41518 2
      vertex 2.47615 -3.71742 12
      vertex 2.47615 -3.71742 2
    endloop
  endfacet
  facet normal -0.216448 -0.976294 0
    outer loop
      vertex 6.65118 -1.30697 2
      vertex 6.97057 -1.37778 12
      vertex 6.65118 -1.30697 12
    endloop
  endfacet
  facet normal -0.216448 -0.976294 -0
    outer loop
      vertex 6.97057 -1.37778 12
      vertex 6.65118 -1.30697 2
      vertex 6.97057 -1.37778 2
    endloop
  endfacet
  facet normal -0.976294 -0.216448 0
    outer loop
      vertex 9.69303 5.65118 2
      vertex 9.62222 5.97057 12
      vertex 9.62222 5.97057 2
    endloop
  endfacet
  facet normal -0.976294 -0.216448 0
    outer loop
      vertex 9.62222 5.97057 12
      vertex 9.69303 5.65118 2
      vertex 9.69303 5.65118 12
    endloop
  endfacet
  facet normal -0.991445 -0.130522 0
    outer loop
      vertex 9.73573 5.32683 2
      vertex 9.69303 5.65118 12
      vertex 9.69303 5.65118 2
    endloop
  endfacet
  facet normal -0.991445 -0.130522 0
    outer loop
      vertex 9.69303 5.65118 12
      vertex 9.73573 5.32683 2
      vertex 9.73573 5.32683 12
    endloop
  endfacet
  facet normal -0.999048 -0.0436203 0
    outer loop
      vertex 9.75 5 2
      vertex 9.73573 5.32683 12
      vertex 9.73573 5.32683 2
    endloop
  endfacet
  facet normal -0.999048 -0.0436203 0
    outer loop
      vertex 9.73573 5.32683 12
      vertex 9.75 5 2
      vertex 9.75 5 12
    endloop
  endfacet
  facet normal -0.130522 -0.991445 0
    outer loop
      vertex 6.32683 8.73573 2
      vertex 6.65118 8.69303 12
      vertex 6.32683 8.73573 12
    endloop
  endfacet
  facet normal -0.130522 -0.991445 -0
    outer loop
      vertex 6.65118 8.69303 12
      vertex 6.32683 8.73573 2
      vertex 6.65118 8.69303 2
    endloop
  endfacet
  facet normal -0.737276 -0.675592 0
    outer loop
      vertex 8.87267 7.41045 2
      vertex 8.65165 7.65165 12
      vertex 8.65165 7.65165 2
    endloop
  endfacet
  facet normal -0.737276 -0.675592 0
    outer loop
      vertex 8.65165 7.65165 12
      vertex 8.87267 7.41045 2
      vertex 8.87267 7.41045 12
    endloop
  endfacet
  facet normal 0.0436203 0.999048 -0
    outer loop
      vertex 6 1.25 2
      vertex 5.67317 1.26427 12
      vertex 6 1.25 12
    endloop
  endfacet
  facet normal 0.0436203 0.999048 0
    outer loop
      vertex 5.67317 1.26427 12
      vertex 6 1.25 2
      vertex 5.67317 1.26427 2
    endloop
  endfacet
  facet normal 0.300688 -0.953723 0
    outer loop
      vertex 4.71742 8.52385 2
      vertex 5.02943 8.62222 12
      vertex 4.71742 8.52385 12
    endloop
  endfacet
  facet normal 0.300688 -0.953723 0
    outer loop
      vertex 5.02943 8.62222 12
      vertex 4.71742 8.52385 2
      vertex 5.02943 8.62222 2
    endloop
  endfacet
  facet normal -0.95372 -0.300697 0
    outer loop
      vertex 9.62222 5.97057 2
      vertex 9.52385 6.28257 12
      vertex 9.52385 6.28257 2
    endloop
  endfacet
  facet normal -0.95372 -0.300697 0
    outer loop
      vertex 9.52385 6.28257 12
      vertex 9.62222 5.97057 2
      vertex 9.62222 5.97057 12
    endloop
  endfacet
  facet normal 0.999048 -0.0436203 0
    outer loop
      vertex 2.25 5 12
      vertex 2.26427 5.32683 2
      vertex 2.26427 5.32683 12
    endloop
  endfacet
  facet normal 0.999048 -0.0436203 0
    outer loop
      vertex 2.26427 5.32683 2
      vertex 2.25 5 12
      vertex 2.25 5 2
    endloop
  endfacet
  facet normal -0.608757 -0.793356 0
    outer loop
      vertex 8.15091 8.07182 2
      vertex 8.41045 7.87267 12
      vertex 8.15091 8.07182 12
    endloop
  endfacet
  facet normal -0.608757 -0.793356 -0
    outer loop
      vertex 8.41045 7.87267 12
      vertex 8.15091 8.07182 2
      vertex 8.41045 7.87267 2
    endloop
  endfacet
  facet normal 0.608757 0.793356 -0
    outer loop
      vertex 3.84909 1.92818 2
      vertex 3.58955 2.12733 12
      vertex 3.84909 1.92818 12
    endloop
  endfacet
  facet normal 0.608757 0.793356 0
    outer loop
      vertex 3.58955 2.12733 12
      vertex 3.84909 1.92818 2
      vertex 3.58955 2.12733 2
    endloop
  endfacet
  facet normal 0.923871 0.382705 0
    outer loop
      vertex 2.60135 3.41518 12
      vertex 2.47615 3.71742 2
      vertex 2.47615 3.71742 12
    endloop
  endfacet
  facet normal 0.923871 0.382705 0
    outer loop
      vertex 2.47615 3.71742 2
      vertex 2.60135 3.41518 12
      vertex 2.60135 3.41518 2
    endloop
  endfacet
  facet normal -0.793356 0.608757 0
    outer loop
      vertex 8.87267 2.58955 2
      vertex 9.07182 2.84909 12
      vertex 9.07182 2.84909 2
    endloop
  endfacet
  facet normal -0.793356 0.608757 0
    outer loop
      vertex 9.07182 2.84909 12
      vertex 8.87267 2.58955 2
      vertex 8.87267 2.58955 12
    endloop
  endfacet
  facet normal -0.793356 -0.608757 0
    outer loop
      vertex 9.07182 7.15091 2
      vertex 8.87267 7.41045 12
      vertex 8.87267 7.41045 2
    endloop
  endfacet
  facet normal -0.793356 -0.608757 0
    outer loop
      vertex 8.87267 7.41045 12
      vertex 9.07182 7.15091 2
      vertex 9.07182 7.15091 12
    endloop
  endfacet
  facet normal 0.843383 0.537313 0
    outer loop
      vertex 2.92818 2.84909 12
      vertex 2.7524 3.125 2
      vertex 2.7524 3.125 12
    endloop
  endfacet
  facet normal 0.843383 0.537313 0
    outer loop
      vertex 2.7524 3.125 2
      vertex 2.92818 2.84909 12
      vertex 2.92818 2.84909 2
    endloop
  endfacet
  facet normal 0.991445 -0.130522 0
    outer loop
      vertex 2.26427 5.32683 12
      vertex 2.30697 5.65118 2
      vertex 2.30697 5.65118 12
    endloop
  endfacet
  facet normal 0.991445 -0.130522 0
    outer loop
      vertex 2.30697 5.65118 2
      vertex 2.26427 5.32683 12
      vertex 2.26427 5.32683 2
    endloop
  endfacet
  facet normal -0.976294 0.216448 0
    outer loop
      vertex 9.62222 4.02943 2
      vertex 9.69303 4.34882 12
      vertex 9.69303 4.34882 2
    endloop
  endfacet
  facet normal -0.976294 0.216448 0
    outer loop
      vertex 9.69303 4.34882 12
      vertex 9.62222 4.02943 2
      vertex 9.62222 4.02943 12
    endloop
  endfacet
  facet normal 0.737276 0.675592 0
    outer loop
      vertex 3.34835 2.34835 12
      vertex 3.12733 2.58955 2
      vertex 3.12733 2.58955 12
    endloop
  endfacet
  facet normal 0.737276 0.675592 0
    outer loop
      vertex 3.12733 2.58955 2
      vertex 3.34835 2.34835 12
      vertex 3.34835 2.34835 2
    endloop
  endfacet
  facet normal -0.461753 -0.887009 0
    outer loop
      vertex 7.58482 8.39865 2
      vertex 7.875 8.24759 12
      vertex 7.58482 8.39865 12
    endloop
  endfacet
  facet normal -0.461753 -0.887009 -0
    outer loop
      vertex 7.875 8.24759 12
      vertex 7.58482 8.39865 2
      vertex 7.875 8.24759 2
    endloop
  endfacet
  facet normal 0.843383 -0.537313 0
    outer loop
      vertex 2.7524 6.875 12
      vertex 2.92818 7.15091 2
      vertex 2.92818 7.15091 12
    endloop
  endfacet
  facet normal 0.843383 -0.537313 0
    outer loop
      vertex 2.92818 7.15091 2
      vertex 2.7524 6.875 12
      vertex 2.7524 6.875 2
    endloop
  endfacet
  facet normal -0.675592 -0.737276 0
    outer loop
      vertex 8.41045 7.87267 2
      vertex 8.65165 7.65165 12
      vertex 8.41045 7.87267 12
    endloop
  endfacet
  facet normal -0.675592 -0.737276 -0
    outer loop
      vertex 8.65165 7.65165 12
      vertex 8.41045 7.87267 2
      vertex 8.65165 7.65165 2
    endloop
  endfacet
  facet normal -0.537291 -0.843397 0
    outer loop
      vertex 7.875 8.24759 2
      vertex 8.15091 8.07182 12
      vertex 7.875 8.24759 12
    endloop
  endfacet
  facet normal -0.537291 -0.843397 -0
    outer loop
      vertex 8.15091 8.07182 12
      vertex 7.875 8.24759 2
      vertex 8.15091 8.07182 2
    endloop
  endfacet
  facet normal 0.675592 -0.737276 0
    outer loop
      vertex 3.34835 7.65165 2
      vertex 3.58955 7.87267 12
      vertex 3.34835 7.65165 12
    endloop
  endfacet
  facet normal 0.675592 -0.737276 0
    outer loop
      vertex 3.58955 7.87267 12
      vertex 3.34835 7.65165 2
      vertex 3.58955 7.87267 2
    endloop
  endfacet
  facet normal -0.923875 -0.382694 0
    outer loop
      vertex 9.52385 6.28257 2
      vertex 9.39865 6.58482 12
      vertex 9.39865 6.58482 2
    endloop
  endfacet
  facet normal -0.923875 -0.382694 0
    outer loop
      vertex 9.39865 6.58482 12
      vertex 9.52385 6.28257 2
      vertex 9.52385 6.28257 12
    endloop
  endfacet
  facet normal -0.300697 0.95372 0
    outer loop
      vertex 7.28257 1.47615 2
      vertex 6.97057 1.37778 12
      vertex 7.28257 1.47615 12
    endloop
  endfacet
  facet normal -0.300697 0.95372 0
    outer loop
      vertex 6.97057 1.37778 12
      vertex 7.28257 1.47615 2
      vertex 6.97057 1.37778 2
    endloop
  endfacet
  facet normal -0.923871 0.382705 0
    outer loop
      vertex 9.39865 3.41518 2
      vertex 9.52385 3.71742 12
      vertex 9.52385 3.71742 2
    endloop
  endfacet
  facet normal -0.923871 0.382705 0
    outer loop
      vertex 9.52385 3.71742 12
      vertex 9.39865 3.41518 2
      vertex 9.39865 3.41518 12
    endloop
  endfacet
  facet normal 0.461753 -0.887009 0
    outer loop
      vertex 4.125 8.24759 2
      vertex 4.41518 8.39865 12
      vertex 4.125 8.24759 12
    endloop
  endfacet
  facet normal 0.461753 -0.887009 0
    outer loop
      vertex 4.41518 8.39865 12
      vertex 4.125 8.24759 2
      vertex 4.41518 8.39865 2
    endloop
  endfacet
  facet normal -0.382694 -0.923875 0
    outer loop
      vertex 7.28257 8.52385 2
      vertex 7.58482 8.39865 12
      vertex 7.28257 8.52385 12
    endloop
  endfacet
  facet normal -0.382694 -0.923875 -0
    outer loop
      vertex 7.58482 8.39865 12
      vertex 7.28257 8.52385 2
      vertex 7.58482 8.39865 2
    endloop
  endfacet
  facet normal -0.300697 -0.95372 0
    outer loop
      vertex 6.97057 8.62222 2
      vertex 7.28257 8.52385 12
      vertex 6.97057 8.62222 12
    endloop
  endfacet
  facet normal -0.300697 -0.95372 -0
    outer loop
      vertex 7.28257 8.52385 12
      vertex 6.97057 8.62222 2
      vertex 7.28257 8.52385 2
    endloop
  endfacet
  facet normal -0.999048 0.0436203 0
    outer loop
      vertex 9.73573 4.67317 2
      vertex 9.75 5 12
      vertex 9.75 5 2
    endloop
  endfacet
  facet normal -0.999048 0.0436203 0
    outer loop
      vertex 9.75 5 12
      vertex 9.73573 4.67317 2
      vertex 9.73573 4.67317 12
    endloop
  endfacet
  facet normal 0.382705 0.923871 -0
    outer loop
      vertex 4.71742 1.47615 2
      vertex 4.41518 1.60135 12
      vertex 4.71742 1.47615 12
    endloop
  endfacet
  facet normal 0.382705 0.923871 0
    outer loop
      vertex 4.41518 1.60135 12
      vertex 4.71742 1.47615 2
      vertex 4.41518 1.60135 2
    endloop
  endfacet
  facet normal 0.130522 0.991445 -0
    outer loop
      vertex 5.67317 1.26427 2
      vertex 5.34882 1.30697 12
      vertex 5.67317 1.26427 12
    endloop
  endfacet
  facet normal 0.130522 0.991445 0
    outer loop
      vertex 5.34882 1.30697 12
      vertex 5.67317 1.26427 2
      vertex 5.34882 1.30697 2
    endloop
  endfacet
  facet normal -0.608757 0.793356 0
    outer loop
      vertex 8.41045 2.12733 2
      vertex 8.15091 1.92818 12
      vertex 8.41045 2.12733 12
    endloop
  endfacet
  facet normal -0.608757 0.793356 0
    outer loop
      vertex 8.15091 1.92818 12
      vertex 8.41045 2.12733 2
      vertex 8.15091 1.92818 2
    endloop
  endfacet
  facet normal 0.537291 -0.843397 0
    outer loop
      vertex 3.84909 8.07182 2
      vertex 4.125 8.24759 12
      vertex 3.84909 8.07182 12
    endloop
  endfacet
  facet normal 0.537291 -0.843397 0
    outer loop
      vertex 4.125 8.24759 12
      vertex 3.84909 8.07182 2
      vertex 4.125 8.24759 2
    endloop
  endfacet
  facet normal -0.537313 0.843383 0
    outer loop
      vertex 8.15091 1.92818 2
      vertex 7.875 1.7524 12
      vertex 8.15091 1.92818 12
    endloop
  endfacet
  facet normal -0.537313 0.843383 0
    outer loop
      vertex 7.875 1.7524 12
      vertex 8.15091 1.92818 2
      vertex 7.875 1.7524 2
    endloop
  endfacet
  facet normal -0.130522 0.991445 0
    outer loop
      vertex 6.65118 1.30697 2
      vertex 6.32683 1.26427 12
      vertex 6.65118 1.30697 12
    endloop
  endfacet
  facet normal -0.130522 0.991445 0
    outer loop
      vertex 6.32683 1.26427 12
      vertex 6.65118 1.30697 2
      vertex 6.32683 1.26427 2
    endloop
  endfacet
  facet normal -0.953723 0.300688 0
    outer loop
      vertex 9.52385 3.71742 2
      vertex 9.62222 4.02943 12
      vertex 9.62222 4.02943 2
    endloop
  endfacet
  facet normal -0.953723 0.300688 0
    outer loop
      vertex 9.62222 4.02943 12
      vertex 9.52385 3.71742 2
      vertex 9.52385 3.71742 12
    endloop
  endfacet
  facet normal -0.843397 0.537291 0
    outer loop
      vertex 9.07182 2.84909 2
      vertex 9.24759 3.125 12
      vertex 9.24759 3.125 2
    endloop
  endfacet
  facet normal -0.843397 0.537291 0
    outer loop
      vertex 9.24759 3.125 12
      vertex 9.07182 2.84909 2
      vertex 9.07182 2.84909 12
    endloop
  endfacet
  facet normal 0.793356 0.608757 0
    outer loop
      vertex 3.12733 2.58955 12
      vertex 2.92818 2.84909 2
      vertex 2.92818 2.84909 12
    endloop
  endfacet
  facet normal 0.793356 0.608757 0
    outer loop
      vertex 2.92818 2.84909 2
      vertex 3.12733 2.58955 12
      vertex 3.12733 2.58955 2
    endloop
  endfacet
  facet normal 0.216448 -0.976294 0
    outer loop
      vertex 5.02943 8.62222 2
      vertex 5.34882 8.69303 12
      vertex 5.02943 8.62222 12
    endloop
  endfacet
  facet normal 0.216448 -0.976294 0
    outer loop
      vertex 5.34882 8.69303 12
      vertex 5.02943 8.62222 2
      vertex 5.34882 8.69303 2
    endloop
  endfacet
  facet normal 0.95372 -0.300697 0
    outer loop
      vertex 2.37778 5.97057 12
      vertex 2.47615 6.28257 2
      vertex 2.47615 6.28257 12
    endloop
  endfacet
  facet normal 0.95372 -0.300697 0
    outer loop
      vertex 2.47615 6.28257 2
      vertex 2.37778 5.97057 12
      vertex 2.37778 5.97057 2
    endloop
  endfacet
  facet normal 0.976294 -0.216448 0
    outer loop
      vertex 2.30697 5.65118 12
      vertex 2.37778 5.97057 2
      vertex 2.37778 5.97057 12
    endloop
  endfacet
  facet normal 0.976294 -0.216448 0
    outer loop
      vertex 2.37778 5.97057 2
      vertex 2.30697 5.65118 12
      vertex 2.30697 5.65118 2
    endloop
  endfacet
  facet normal -0.675592 0.737276 0
    outer loop
      vertex 8.65165 2.34835 2
      vertex 8.41045 2.12733 12
      vertex 8.65165 2.34835 12
    endloop
  endfacet
  facet normal -0.675592 0.737276 0
    outer loop
      vertex 8.41045 2.12733 12
      vertex 8.65165 2.34835 2
      vertex 8.41045 2.12733 2
    endloop
  endfacet
  facet normal -0.0436203 0.999048 0
    outer loop
      vertex 6.32683 1.26427 2
      vertex 6 1.25 12
      vertex 6.32683 1.26427 12
    endloop
  endfacet
  facet normal -0.0436203 0.999048 0
    outer loop
      vertex 6 1.25 12
      vertex 6.32683 1.26427 2
      vertex 6 1.25 2
    endloop
  endfacet
  facet normal 0.953723 0.300688 0
    outer loop
      vertex 2.47615 3.71742 12
      vertex 2.37778 4.02943 2
      vertex 2.37778 4.02943 12
    endloop
  endfacet
  facet normal 0.953723 0.300688 0
    outer loop
      vertex 2.37778 4.02943 2
      vertex 2.47615 3.71742 12
      vertex 2.47615 3.71742 2
    endloop
  endfacet
  facet normal -0.887009 -0.461753 0
    outer loop
      vertex 9.39865 6.58482 2
      vertex 9.24759 6.875 12
      vertex 9.24759 6.875 2
    endloop
  endfacet
  facet normal -0.887009 -0.461753 0
    outer loop
      vertex 9.24759 6.875 12
      vertex 9.39865 6.58482 2
      vertex 9.39865 6.58482 12
    endloop
  endfacet
  facet normal 0.608757 -0.793356 0
    outer loop
      vertex 3.58955 7.87267 2
      vertex 3.84909 8.07182 12
      vertex 3.58955 7.87267 12
    endloop
  endfacet
  facet normal 0.608757 -0.793356 0
    outer loop
      vertex 3.84909 8.07182 12
      vertex 3.58955 7.87267 2
      vertex 3.84909 8.07182 2
    endloop
  endfacet
  facet normal -0.843397 -0.537291 0
    outer loop
      vertex 9.24759 6.875 2
      vertex 9.07182 7.15091 12
      vertex 9.07182 7.15091 2
    endloop
  endfacet
  facet normal -0.843397 -0.537291 0
    outer loop
      vertex 9.07182 7.15091 12
      vertex 9.24759 6.875 2
      vertex 9.24759 6.875 12
    endloop
  endfacet
  facet normal 0.887021 -0.461729 0
    outer loop
      vertex 2.60135 6.58482 12
      vertex 2.7524 6.875 2
      vertex 2.7524 6.875 12
    endloop
  endfacet
  facet normal 0.887021 -0.461729 0
    outer loop
      vertex 2.7524 6.875 2
      vertex 2.60135 6.58482 12
      vertex 2.60135 6.58482 2
    endloop
  endfacet
  facet normal 0.737276 -0.675592 0
    outer loop
      vertex 3.12733 7.41045 12
      vertex 3.34835 7.65165 2
      vertex 3.34835 7.65165 12
    endloop
  endfacet
  facet normal 0.737276 -0.675592 0
    outer loop
      vertex 3.34835 7.65165 2
      vertex 3.12733 7.41045 12
      vertex 3.12733 7.41045 2
    endloop
  endfacet
  facet normal 0.382705 -0.923871 0
    outer loop
      vertex 4.41518 8.39865 2
      vertex 4.71742 8.52385 12
      vertex 4.41518 8.39865 12
    endloop
  endfacet
  facet normal 0.382705 -0.923871 0
    outer loop
      vertex 4.71742 8.52385 12
      vertex 4.41518 8.39865 2
      vertex 4.71742 8.52385 2
    endloop
  endfacet
  facet normal 0.991445 0.130522 0
    outer loop
      vertex 2.30697 4.34882 12
      vertex 2.26427 4.67317 2
      vertex 2.26427 4.67317 12
    endloop
  endfacet
  facet normal 0.991445 0.130522 0
    outer loop
      vertex 2.26427 4.67317 2
      vertex 2.30697 4.34882 12
      vertex 2.30697 4.34882 2
    endloop
  endfacet
  facet normal 0.216448 0.976294 -0
    outer loop
      vertex 5.34882 1.30697 2
      vertex 5.02943 1.37778 12
      vertex 5.34882 1.30697 12
    endloop
  endfacet
  facet normal 0.216448 0.976294 0
    outer loop
      vertex 5.02943 1.37778 12
      vertex 5.34882 1.30697 2
      vertex 5.02943 1.37778 2
    endloop
  endfacet
  facet normal 0.130522 -0.991445 0
    outer loop
      vertex 5.34882 8.69303 2
      vertex 5.67317 8.73573 12
      vertex 5.34882 8.69303 12
    endloop
  endfacet
  facet normal 0.130522 -0.991445 0
    outer loop
      vertex 5.67317 8.73573 12
      vertex 5.34882 8.69303 2
      vertex 5.67317 8.73573 2
    endloop
  endfacet
  facet normal -0.461729 0.887021 0
    outer loop
      vertex 7.875 1.7524 2
      vertex 7.58482 1.60135 12
      vertex 7.875 1.7524 12
    endloop
  endfacet
  facet normal -0.461729 0.887021 0
    outer loop
      vertex 7.58482 1.60135 12
      vertex 7.875 1.7524 2
      vertex 7.58482 1.60135 2
    endloop
  endfacet
  facet normal -0.382694 0.923875 0
    outer loop
      vertex 7.58482 1.60135 2
      vertex 7.28257 1.47615 12
      vertex 7.58482 1.60135 12
    endloop
  endfacet
  facet normal -0.382694 0.923875 0
    outer loop
      vertex 7.28257 1.47615 12
      vertex 7.58482 1.60135 2
      vertex 7.28257 1.47615 2
    endloop
  endfacet
  facet normal 0.0436203 -0.999048 0
    outer loop
      vertex 5.67317 8.73573 2
      vertex 6 8.75 12
      vertex 5.67317 8.73573 12
    endloop
  endfacet
  facet normal 0.0436203 -0.999048 0
    outer loop
      vertex 6 8.75 12
      vertex 5.67317 8.73573 2
      vertex 6 8.75 2
    endloop
  endfacet
  facet normal 0.675592 0.737276 -0
    outer loop
      vertex 3.58955 2.12733 2
      vertex 3.34835 2.34835 12
      vertex 3.58955 2.12733 12
    endloop
  endfacet
  facet normal 0.675592 0.737276 0
    outer loop
      vertex 3.34835 2.34835 12
      vertex 3.58955 2.12733 2
      vertex 3.34835 2.34835 2
    endloop
  endfacet
  facet normal -0.991445 0.130522 0
    outer loop
      vertex 9.69303 4.34882 2
      vertex 9.73573 4.67317 12
      vertex 9.73573 4.67317 2
    endloop
  endfacet
  facet normal -0.991445 0.130522 0
    outer loop
      vertex 9.73573 4.67317 12
      vertex 9.69303 4.34882 2
      vertex 9.69303 4.34882 12
    endloop
  endfacet
  facet normal 0.976294 0.216448 0
    outer loop
      vertex 2.37778 4.02943 12
      vertex 2.30697 4.34882 2
      vertex 2.30697 4.34882 12
    endloop
  endfacet
  facet normal 0.976294 0.216448 0
    outer loop
      vertex 2.30697 4.34882 2
      vertex 2.37778 4.02943 12
      vertex 2.37778 4.02943 2
    endloop
  endfacet
  facet normal 0.793356 -0.608757 0
    outer loop
      vertex 2.92818 7.15091 12
      vertex 3.12733 7.41045 2
      vertex 3.12733 7.41045 12
    endloop
  endfacet
  facet normal 0.793356 -0.608757 0
    outer loop
      vertex 3.12733 7.41045 2
      vertex 2.92818 7.15091 12
      vertex 2.92818 7.15091 2
    endloop
  endfacet
  facet normal -0.216448 -0.976294 0
    outer loop
      vertex 6.65118 8.69303 2
      vertex 6.97057 8.62222 12
      vertex 6.65118 8.69303 12
    endloop
  endfacet
  facet normal -0.216448 -0.976294 -0
    outer loop
      vertex 6.97057 8.62222 12
      vertex 6.65118 8.69303 2
      vertex 6.97057 8.62222 2
    endloop
  endfacet
  facet normal -0.887009 0.461753 0
    outer loop
      vertex 9.24759 3.125 2
      vertex 9.39865 3.41518 12
      vertex 9.39865 3.41518 2
    endloop
  endfacet
  facet normal -0.887009 0.461753 0
    outer loop
      vertex 9.39865 3.41518 12
      vertex 9.24759 3.125 2
      vertex 9.24759 3.125 12
    endloop
  endfacet
  facet normal -0.216448 0.976294 0
    outer loop
      vertex 6.97057 1.37778 2
      vertex 6.65118 1.30697 12
      vertex 6.97057 1.37778 12
    endloop
  endfacet
  facet normal -0.216448 0.976294 0
    outer loop
      vertex 6.65118 1.30697 12
      vertex 6.97057 1.37778 2
      vertex 6.65118 1.30697 2
    endloop
  endfacet
  facet normal -0.0436203 -0.999048 0
    outer loop
      vertex 6 8.75 2
      vertex 6.32683 8.73573 12
      vertex 6 8.75 12
    endloop
  endfacet
  facet normal -0.0436203 -0.999048 -0
    outer loop
      vertex 6.32683 8.73573 12
      vertex 6 8.75 2
      vertex 6.32683 8.73573 2
    endloop
  endfacet
  facet normal 0.999048 0.0436203 0
    outer loop
      vertex 2.26427 4.67317 12
      vertex 2.25 5 2
      vertex 2.25 5 12
    endloop
  endfacet
  facet normal 0.999048 0.0436203 0
    outer loop
      vertex 2.25 5 2
      vertex 2.26427 4.67317 12
      vertex 2.26427 4.67317 2
    endloop
  endfacet
  facet normal 0.887021 0.461729 0
    outer loop
      vertex 2.7524 3.125 12
      vertex 2.60135 3.41518 2
      vertex 2.60135 3.41518 12
    endloop
  endfacet
  facet normal 0.887021 0.461729 0
    outer loop
      vertex 2.60135 3.41518 2
      vertex 2.7524 3.125 12
      vertex 2.7524 3.125 2
    endloop
  endfacet
  facet normal 0.300688 0.953723 -0
    outer loop
      vertex 5.02943 1.37778 2
      vertex 4.71742 1.47615 12
      vertex 5.02943 1.37778 12
    endloop
  endfacet
  facet normal 0.300688 0.953723 0
    outer loop
      vertex 4.71742 1.47615 12
      vertex 5.02943 1.37778 2
      vertex 4.71742 1.47615 2
    endloop
  endfacet
  facet normal 0.537313 0.843383 -0
    outer loop
      vertex 4.125 1.7524 2
      vertex 3.84909 1.92818 12
      vertex 4.125 1.7524 12
    endloop
  endfacet
  facet normal 0.537313 0.843383 0
    outer loop
      vertex 3.84909 1.92818 12
      vertex 4.125 1.7524 2
      vertex 3.84909 1.92818 2
    endloop
  endfacet
  facet normal -0.737276 0.675592 0
    outer loop
      vertex 8.65165 2.34835 2
      vertex 8.87267 2.58955 12
      vertex 8.87267 2.58955 2
    endloop
  endfacet
  facet normal -0.737276 0.675592 0
    outer loop
      vertex 8.87267 2.58955 12
      vertex 8.65165 2.34835 2
      vertex 8.65165 2.34835 12
    endloop
  endfacet
  facet normal 0.461729 0.887021 -0
    outer loop
      vertex 4.41518 1.60135 2
      vertex 4.125 1.7524 12
      vertex 4.41518 1.60135 12
    endloop
  endfacet
  facet normal 0.461729 0.887021 0
    outer loop
      vertex 4.125 1.7524 12
      vertex 4.41518 1.60135 2
      vertex 4.125 1.7524 2
    endloop
  endfacet
  facet normal 0.923875 -0.382694 0
    outer loop
      vertex 2.47615 6.28257 12
      vertex 2.60135 6.58482 2
      vertex 2.60135 6.58482 12
    endloop
  endfacet
  facet normal 0.923875 -0.382694 0
    outer loop
      vertex 2.60135 6.58482 2
      vertex 2.47615 6.28257 12
      vertex 2.47615 6.28257 2
    endloop
  endfacet
  facet normal 0 0 1
    outer loop
      vertex 9.73573 5.32683 2
      vertex 9.73573 4.67317 2
      vertex 9.75 5 2
    endloop
  endfacet
  facet normal 0 0 1
    outer loop
      vertex 9.69303 5.65118 2
      vertex 9.73573 4.67317 2
      vertex 9.73573 5.32683 2
    endloop
  endfacet
  facet normal 0 0 1
    outer loop
      vertex 9.69303 5.65118 2
      vertex 9.69303 4.34882 2
      vertex 9.73573 4.67317 2
    endloop
  endfacet
  facet normal 0 0 1
    outer loop
      vertex 9.62222 5.97057 2
      vertex 9.69303 4.34882 2
      vertex 9.69303 5.65118 2
    endloop
  endfacet
  facet normal 0 0 1
    outer loop
      vertex 9.62222 5.97057 2
      vertex 9.62222 4.02943 2
      vertex 9.69303 4.34882 2
    endloop
  endfacet
  facet normal 0 0 1
    outer loop
      vertex 9.52385 6.28257 2
      vertex 9.62222 4.02943 2
      vertex 9.62222 5.97057 2
    endloop
  endfacet
  facet normal 0 0 1
    outer loop
      vertex 9.52385 6.28257 2
      vertex 9.52385 3.71742 2
      vertex 9.62222 4.02943 2
    endloop
  endfacet
  facet normal 0 0 1
    outer loop
      vertex 9.39865 6.58482 2
      vertex 9.52385 3.71742 2
      vertex 9.52385 6.28257 2
    endloop
  endfacet
  facet normal 0 0 1
    outer loop
      vertex 9.39865 6.58482 2
      vertex 9.39865 3.41518 2
      vertex 9.52385 3.71742 2
    endloop
  endfacet
  facet normal 0 0 1
    outer loop
      vertex 9.24759 6.875 2
      vertex 9.39865 3.41518 2
      vertex 9.39865 6.58482 2
    endloop
  endfacet
  facet normal 0 0 1
    outer loop
      vertex 9.24759 6.875 2
      vertex 9.24759 3.125 2
      vertex 9.39865 3.41518 2
    endloop
  endfacet
  facet normal 0 0 1
    outer loop
      vertex 9.07182 7.15091 2
      vertex 9.24759 3.125 2
      vertex 9.24759 6.875 2
    endloop
  endfacet
  facet normal 0 0 1
    outer loop
      vertex 9.07182 7.15091 2
      vertex 9.07182 2.84909 2
      vertex 9.24759 3.125 2
    endloop
  endfacet
  facet normal 0 0 1
    outer loop
      vertex 8.87267 7.41045 2
      vertex 9.07182 2.84909 2
      vertex 9.07182 7.15091 2
    endloop
  endfacet
  facet normal 0 0 1
    outer loop
      vertex 8.87267 7.41045 2
      vertex 8.87267 2.58955 2
      vertex 9.07182 2.84909 2
    endloop
  endfacet
  facet normal 0 0 1
    outer loop
      vertex 8.65165 7.65165 2
      vertex 8.87267 2.58955 2
      vertex 8.87267 7.41045 2
    endloop
  endfacet
  facet normal 0 0 1
    outer loop
      vertex 8.65165 7.65165 2
      vertex 8.65165 2.34835 2
      vertex 8.87267 2.58955 2
    endloop
  endfacet
  facet normal 0 0 1
    outer loop
      vertex 8.41045 7.87267 2
      vertex 8.65165 2.34835 2
      vertex 8.65165 7.65165 2
    endloop
  endfacet
  facet normal 0 0 1
    outer loop
      vertex 8.41045 7.87267 2
      vertex 8.41045 2.12733 2
      vertex 8.65165 2.34835 2
    endloop
  endfacet
  facet normal 0 0 1
    outer loop
      vertex 8.15091 8.07182 2
      vertex 8.41045 2.12733 2
      vertex 8.41045 7.87267 2
    endloop
  endfacet
  facet normal 0 0 1
    outer loop
      vertex 8.15091 8.07182 2
      vertex 8.15091 1.92818 2
      vertex 8.41045 2.12733 2
    endloop
  endfacet
  facet normal 0 0 1
    outer loop
      vertex 7.875 8.24759 2
      vertex 8.15091 1.92818 2
      vertex 8.15091 8.07182 2
    endloop
  endfacet
  facet normal 0 0 1
    outer loop
      vertex 7.875 8.24759 2
      vertex 7.875 1.7524 2
      vertex 8.15091 1.92818 2
    endloop
  endfacet
  facet normal 0 0 1
    outer loop
      vertex 7.58482 8.39865 2
      vertex 7.875 1.7524 2
      vertex 7.875 8.24759 2
    endloop
  endfacet
  facet normal 0 0 1
    outer loop
      vertex 7.58482 8.39865 2
      vertex 7.58482 1.60135 2
      vertex 7.875 1.7524 2
    endloop
  endfacet
  facet normal 0 0 1
    outer loop
      vertex 7.28257 8.52385 2
      vertex 7.58482 1.60135 2
      vertex 7.58482 8.39865 2
    endloop
  endfacet
  facet normal 0 0 1
    outer loop
      vertex 7.28257 8.52385 2
      vertex 7.28257 1.47615 2
      vertex 7.58482 1.60135 2
    endloop
  endfacet
  facet normal 0 0 1
    outer loop
      vertex 6.97057 8.62222 2
      vertex 7.28257 1.47615 2
      vertex 7.28257 8.52385 2
    endloop
  endfacet
  facet normal 0 0 1
    outer loop
      vertex 6.97057 8.62222 2
      vertex 6.97057 1.37778 2
      vertex 7.28257 1.47615 2
    endloop
  endfacet
  facet normal 0 0 1
    outer loop
      vertex 6.65118 8.69303 2
      vertex 6.97057 1.37778 2
      vertex 6.97057 8.62222 2
    endloop
  endfacet
  facet normal 0 0 1
    outer loop
      vertex 6.65118 8.69303 2
      vertex 6.65118 1.30697 2
      vertex 6.97057 1.37778 2
    endloop
  endfacet
  facet normal 0 0 1
    outer loop
      vertex 6.32683 8.73573 2
      vertex 6.65118 1.30697 2
      vertex 6.65118 8.69303 2
    endloop
  endfacet
  facet normal 0 0 1
    outer loop
      vertex 6.32683 8.73573 2
      vertex 6.32683 1.26427 2
      vertex 6.65118 1.30697 2
    endloop
  endfacet
  facet normal 0 0 1
    outer loop
      vertex 6 8.75 2
      vertex 6.32683 1.26427 2
      vertex 6.32683 8.73573 2
    endloop
  endfacet
  facet normal 0 0 1
    outer loop
      vertex 6 8.75 2
      vertex 6 1.25 2
      vertex 6.32683 1.26427 2
    endloop
  endfacet
  facet normal -0 0 1
    outer loop
      vertex 5.67317 8.73573 2
      vertex 6 1.25 2
      vertex 6 8.75 2
    endloop
  endfacet
  facet normal 0 0 1
    outer loop
      vertex 5.67317 8.73573 2
      vertex 5.67317 1.26427 2
      vertex 6 1.25 2
    endloop
  endfacet
  facet normal -0 0 1
    outer loop
      vertex 5.34882 8.69303 2
      vertex 5.67317 1.26427 2
      vertex 5.67317 8.73573 2
    endloop
  endfacet
  facet normal 0 0 1
    outer loop
      vertex 5.34882 8.69303 2
      vertex 5.34882 1.30697 2
      vertex 5.67317 1.26427 2
    endloop
  endfacet
  facet normal -0 0 1
    outer loop
      vertex 5.02943 8.62222 2
      vertex 5.34882 1.30697 2
      vertex 5.34882 8.69303 2
    endloop
  endfacet
  facet normal 0 0 1
    outer loop
      vertex 5.02943 8.62222 2
      vertex 5.02943 1.37778 2
      vertex 5.34882 1.30697 2
    endloop
  endfacet
  facet normal -0 0 1
    outer loop
      vertex 4.71742 8.52385 2
      vertex 5.02943 1.37778 2
      vertex 5.02943 8.62222 2
    endloop
  endfacet
  facet normal 0 0 1
    outer loop
      vertex 4.71742 8.52385 2
      vertex 4.71742 1.47615 2
      vertex 5.02943 1.37778 2
    endloop
  endfacet
  facet normal -0 0 1
    outer loop
      vertex 4.41518 8.39865 2
      vertex 4.71742 1.47615 2
      vertex 4.71742 8.52385 2
    endloop
  endfacet
  facet normal 0 0 1
    outer loop
      vertex 4.41518 8.39865 2
      vertex 4.41518 1.60135 2
      vertex 4.71742 1.47615 2
    endloop
  endfacet
  facet normal -0 0 1
    outer loop
      vertex 4.125 8.24759 2
      vertex 4.41518 1.60135 2
      vertex 4.41518 8.39865 2
    endloop
  endfacet
  facet normal 0 0 1
    outer loop
      vertex 4.125 8.24759 2
      vertex 4.125 1.7524 2
      vertex 4.41518 1.60135 2
    endloop
  endfacet
  facet normal -0 0 1
    outer loop
      vertex 3.84909 8.07182 2
      vertex 4.125 1.7524 2
      vertex 4.125 8.24759 2
    endloop
  endfacet
  facet normal 0 0 1
    outer loop
      vertex 3.84909 8.07182 2
      vertex 3.84909 1.92818 2
      vertex 4.125 1.7524 2
    endloop
  endfacet
  facet normal -0 0 1
    outer loop
      vertex 3.58955 7.87267 2
      vertex 3.84909 1.92818 2
      vertex 3.84909 8.07182 2
    endloop
  endfacet
  facet normal 0 0 1
    outer loop
      vertex 3.58955 7.87267 2
      vertex 3.58955 2.12733 2
      vertex 3.84909 1.92818 2
    endloop
  endfacet
  facet normal -0 0 1
    outer loop
      vertex 3.34835 7.65165 2
      vertex 3.58955 2.12733 2
      vertex 3.58955 7.87267 2
    endloop
  endfacet
  facet normal 0 0 1
    outer loop
      vertex 3.34835 7.65165 2
      vertex 3.34835 2.34835 2
      vertex 3.58955 2.12733 2
    endloop
  endfacet
  facet normal -0 0 1
    outer loop
      vertex 3.12733 7.41045 2
      vertex 3.34835 2.34835 2
      vertex 3.34835 7.65165 2
    endloop
  endfacet
  facet normal 0 0 1
    outer loop
      vertex 3.12733 7.41045 2
      vertex 3.12733 2.58955 2
      vertex 3.34835 2.34835 2
    endloop
  endfacet
  facet normal -0 0 1
    outer loop
      vertex 2.92818 7.15091 2
      vertex 3.12733 2.58955 2
      vertex 3.12733 7.41045 2
    endloop
  endfacet
  facet normal 0 0 1
    outer loop
      vertex 2.92818 7.15091 2
      vertex 2.92818 2.84909 2
      vertex 3.12733 2.58955 2
    endloop
  endfacet
  facet normal -0 0 1
    outer loop
      vertex 2.7524 6.875 2
      vertex 2.92818 2.84909 2
      vertex 2.92818 7.15091 2
    endloop
  endfacet
  facet normal 0 0 1
    outer loop
      vertex 2.7524 6.875 2
      vertex 2.7524 3.125 2
      vertex 2.92818 2.84909 2
    endloop
  endfacet
  facet normal -0 0 1
    outer loop
      vertex 2.60135 6.58482 2
      vertex 2.7524 3.125 2
      vertex 2.7524 6.875 2
    endloop
  endfacet
  facet normal 0 0 1
    outer loop
      vertex 2.60135 6.58482 2
      vertex 2.60135 3.41518 2
      vertex 2.7524 3.125 2
    endloop
  endfacet
  facet normal -0 0 1
    outer loop
      vertex 2.47615 6.28257 2
      vertex 2.60135 3.41518 2
      vertex 2.60135 6.58482 2
    endloop
  endfacet
  facet normal 0 0 1
    outer loop
      vertex 2.47615 6.28257 2
      vertex 2.47615 3.71742 2
      vertex 2.60135 3.41518 2
    endloop
  endfacet
  facet normal -0 0 1
    outer loop
      vertex 2.37778 5.97057 2
      vertex 2.47615 3.71742 2
      vertex 2.47615 6.28257 2
    endloop
  endfacet
  facet normal 0 0 1
    outer loop
      vertex 2.37778 5.97057 2
      vertex 2.37778 4.02943 2
      vertex 2.47615 3.71742 2
    endloop
  endfacet
  facet normal -0 0 1
    outer loop
      vertex 2.30697 5.65118 2
      vertex 2.37778 4.02943 2
      vertex 2.37778 5.97057 2
    endloop
  endfacet
  facet normal 0 0 1
    outer loop
      vertex 2.30697 5.65118 2
      vertex 2.30697 4.34882 2
      vertex 2.37778 4.02943 2
    endloop
  endfacet
  facet normal -0 0 1
    outer loop
      vertex 2.26427 5.32683 2
      vertex 2.30697 4.34882 2
      vertex 2.30697 5.65118 2
    endloop
  endfacet
  facet normal 0 0 1
    outer loop
      vertex 2.26427 5.32683 2
      vertex 2.26427 4.67317 2
      vertex 2.30697 4.34882 2
    endloop
  endfacet
  facet normal 0 -0 1
    outer loop
      vertex 2.26427 4.67317 2
      vertex 2.26427 5.32683 2
      vertex 2.25 5 2
    endloop
  endfacet
  facet normal -0.991447 -0.130512 0
    outer loop
      vertex 2.09201 0.183026 0
      vertex 2.0681 0.36466 12
      vertex 2.0681 0.36466 0
    endloop
  endfacet
  facet normal -0.991447 -0.130512 0
    outer loop
      vertex 2.0681 0.36466 12
      vertex 2.09201 0.183026 0
      vertex 2.09201 0.183026 12
    endloop
  endfacet
  facet normal -0.999048 -0.0436135 0
    outer loop
      vertex 2.1 0 0
      vertex 2.09201 0.183026 12
      vertex 2.09201 0.183026 0
    endloop
  endfacet
  facet normal -0.999048 -0.0436135 0
    outer loop
      vertex 2.09201 0.183026 12
      vertex 2.1 0 0
      vertex 2.1 0 12
    endloop
  endfacet
  facet normal 0.923895 0.382646 0
    outer loop
      vertex -1.90325 -0.887498 12
      vertex -1.97335 -0.718242 0
      vertex -1.97335 -0.718242 12
    endloop
  endfacet
  facet normal 0.923895 0.382646 0
    outer loop
      vertex -1.97335 -0.718242 0
      vertex -1.90325 -0.887498 12
      vertex -1.90325 -0.887498 0
    endloop
  endfacet
  facet normal -0.793336 0.608784 0
    outer loop
      vertex 1.60869 -1.34985 0
      vertex 1.72022 -1.20451 12
      vertex 1.72022 -1.20451 0
    endloop
  endfacet
  facet normal -0.793336 0.608784 0
    outer loop
      vertex 1.72022 -1.20451 12
      vertex 1.60869 -1.34985 0
      vertex 1.60869 -1.34985 12
    endloop
  endfacet
  facet normal -0.0436135 -0.999048 0
    outer loop
      vertex 0 2.1 0
      vertex 0.183026 2.09201 12
      vertex 0 2.1 12
    endloop
  endfacet
  facet normal -0.0436135 -0.999048 -0
    outer loop
      vertex 0.183026 2.09201 12
      vertex 0 2.1 0
      vertex 0.183026 2.09201 0
    endloop
  endfacet
  facet normal -0.953716 -0.300708 0
    outer loop
      vertex 2.02844 0.54352 0
      vertex 1.97335 0.718242 12
      vertex 1.97335 0.718242 0
    endloop
  endfacet
  facet normal -0.953716 -0.300708 0
    outer loop
      vertex 1.97335 0.718242 12
      vertex 2.02844 0.54352 0
      vertex 2.02844 0.54352 12
    endloop
  endfacet
  facet normal -0.737274 -0.675594 0
    outer loop
      vertex 1.60869 1.34985 0
      vertex 1.48492 1.48492 12
      vertex 1.48492 1.48492 0
    endloop
  endfacet
  facet normal -0.737274 -0.675594 0
    outer loop
      vertex 1.48492 1.48492 12
      vertex 1.60869 1.34985 0
      vertex 1.60869 1.34985 12
    endloop
  endfacet
  facet normal -0.537285 -0.843401 0
    outer loop
      vertex 1.05 1.81865 0
      vertex 1.20451 1.72022 12
      vertex 1.05 1.81865 12
    endloop
  endfacet
  facet normal -0.537285 -0.843401 -0
    outer loop
      vertex 1.20451 1.72022 12
      vertex 1.05 1.81865 0
      vertex 1.20451 1.72022 0
    endloop
  endfacet
  facet normal -0.793336 -0.608784 0
    outer loop
      vertex 1.72022 1.20451 0
      vertex 1.60869 1.34985 12
      vertex 1.60869 1.34985 0
    endloop
  endfacet
  facet normal -0.793336 -0.608784 0
    outer loop
      vertex 1.60869 1.34985 12
      vertex 1.72022 1.20451 0
      vertex 1.72022 1.20451 12
    endloop
  endfacet
  facet normal -0.382646 0.923895 0
    outer loop
      vertex 0.887498 -1.90325 0
      vertex 0.718242 -1.97335 12
      vertex 0.887498 -1.90325 12
    endloop
  endfacet
  facet normal -0.382646 0.923895 0
    outer loop
      vertex 0.718242 -1.97335 12
      vertex 0.887498 -1.90325 0
      vertex 0.718242 -1.97335 0
    endloop
  endfacet
  facet normal 0.382646 0.923895 -0
    outer loop
      vertex -0.718242 -1.97335 0
      vertex -0.887498 -1.90325 12
      vertex -0.718242 -1.97335 12
    endloop
  endfacet
  facet normal 0.382646 0.923895 0
    outer loop
      vertex -0.887498 -1.90325 12
      vertex -0.718242 -1.97335 0
      vertex -0.887498 -1.90325 0
    endloop
  endfacet
  facet normal -0.886996 0.461778 0
    outer loop
      vertex 1.81865 -1.05 0
      vertex 1.90325 -0.887498 12
      vertex 1.90325 -0.887498 0
    endloop
  endfacet
  facet normal -0.886996 0.461778 0
    outer loop
      vertex 1.90325 -0.887498 12
      vertex 1.81865 -1.05 0
      vertex 1.81865 -1.05 12
    endloop
  endfacet
  facet normal -0.953716 0.300708 0
    outer loop
      vertex 1.97335 -0.718242 0
      vertex 2.02844 -0.54352 12
      vertex 2.02844 -0.54352 0
    endloop
  endfacet
  facet normal -0.953716 0.300708 0
    outer loop
      vertex 2.02844 -0.54352 12
      vertex 1.97335 -0.718242 0
      vertex 1.97335 -0.718242 12
    endloop
  endfacet
  facet normal 0.0436135 -0.999048 0
    outer loop
      vertex -0.183026 2.09201 0
      vertex 0 2.1 12
      vertex -0.183026 2.09201 12
    endloop
  endfacet
  facet normal 0.0436135 -0.999048 0
    outer loop
      vertex 0 2.1 12
      vertex -0.183026 2.09201 0
      vertex 0 2.1 0
    endloop
  endfacet
  facet normal -0.130512 -0.991447 0
    outer loop
      vertex 0.183026 2.09201 0
      vertex 0.36466 2.0681 12
      vertex 0.183026 2.09201 12
    endloop
  endfacet
  facet normal -0.130512 -0.991447 -0
    outer loop
      vertex 0.36466 2.0681 12
      vertex 0.183026 2.09201 0
      vertex 0.36466 2.0681 0
    endloop
  endfacet
  facet normal -0.382646 -0.923895 0
    outer loop
      vertex 0.718242 1.97335 0
      vertex 0.887498 1.90325 12
      vertex 0.718242 1.97335 12
    endloop
  endfacet
  facet normal -0.382646 -0.923895 -0
    outer loop
      vertex 0.887498 1.90325 12
      vertex 0.718242 1.97335 0
      vertex 0.887498 1.90325 0
    endloop
  endfacet
  facet normal 0.737274 0.675594 0
    outer loop
      vertex -1.48492 -1.48492 12
      vertex -1.60869 -1.34985 0
      vertex -1.60869 -1.34985 12
    endloop
  endfacet
  facet normal 0.737274 0.675594 0
    outer loop
      vertex -1.60869 -1.34985 0
      vertex -1.48492 -1.48492 12
      vertex -1.48492 -1.48492 0
    endloop
  endfacet
  facet normal -0.886996 -0.461778 0
    outer loop
      vertex 1.90325 0.887498 0
      vertex 1.81865 1.05 12
      vertex 1.81865 1.05 0
    endloop
  endfacet
  facet normal -0.886996 -0.461778 0
    outer loop
      vertex 1.81865 1.05 12
      vertex 1.90325 0.887498 0
      vertex 1.90325 0.887498 12
    endloop
  endfacet
  facet normal -0.976287 -0.21648 0
    outer loop
      vertex 2.0681 0.36466 0
      vertex 2.02844 0.54352 12
      vertex 2.02844 0.54352 0
    endloop
  endfacet
  facet normal -0.976287 -0.21648 0
    outer loop
      vertex 2.02844 0.54352 12
      vertex 2.0681 0.36466 0
      vertex 2.0681 0.36466 12
    endloop
  endfacet
  facet normal 0.461778 0.886996 -0
    outer loop
      vertex -0.887498 -1.90325 0
      vertex -1.05 -1.81865 12
      vertex -0.887498 -1.90325 12
    endloop
  endfacet
  facet normal 0.461778 0.886996 0
    outer loop
      vertex -1.05 -1.81865 12
      vertex -0.887498 -1.90325 0
      vertex -1.05 -1.81865 0
    endloop
  endfacet
  facet normal 0.999048 0.0436135 0
    outer loop
      vertex -2.09201 -0.183026 12
      vertex -2.1 0 0
      vertex -2.1 0 12
    endloop
  endfacet
  facet normal 0.999048 0.0436135 0
    outer loop
      vertex -2.1 0 0
      vertex -2.09201 -0.183026 12
      vertex -2.09201 -0.183026 0
    endloop
  endfacet
  facet normal 0.608784 0.793336 -0
    outer loop
      vertex -1.20451 -1.72022 0
      vertex -1.34985 -1.60869 12
      vertex -1.20451 -1.72022 12
    endloop
  endfacet
  facet normal 0.608784 0.793336 0
    outer loop
      vertex -1.34985 -1.60869 12
      vertex -1.20451 -1.72022 0
      vertex -1.34985 -1.60869 0
    endloop
  endfacet
  facet normal 0.537285 -0.843401 0
    outer loop
      vertex -1.20451 1.72022 0
      vertex -1.05 1.81865 12
      vertex -1.20451 1.72022 12
    endloop
  endfacet
  facet normal 0.537285 -0.843401 0
    outer loop
      vertex -1.05 1.81865 12
      vertex -1.20451 1.72022 0
      vertex -1.05 1.81865 0
    endloop
  endfacet
  facet normal -0.999048 0.0436135 0
    outer loop
      vertex 2.09201 -0.183026 0
      vertex 2.1 0 12
      vertex 2.1 0 0
    endloop
  endfacet
  facet normal -0.999048 0.0436135 0
    outer loop
      vertex 2.1 0 12
      vertex 2.09201 -0.183026 0
      vertex 2.09201 -0.183026 12
    endloop
  endfacet
  facet normal -0.21648 0.976287 0
    outer loop
      vertex 0.54352 -2.02844 0
      vertex 0.36466 -2.0681 12
      vertex 0.54352 -2.02844 12
    endloop
  endfacet
  facet normal -0.21648 0.976287 0
    outer loop
      vertex 0.36466 -2.0681 12
      vertex 0.54352 -2.02844 0
      vertex 0.36466 -2.0681 0
    endloop
  endfacet
  facet normal -0.991447 0.130512 0
    outer loop
      vertex 2.0681 -0.36466 0
      vertex 2.09201 -0.183026 12
      vertex 2.09201 -0.183026 0
    endloop
  endfacet
  facet normal -0.991447 0.130512 0
    outer loop
      vertex 2.09201 -0.183026 12
      vertex 2.0681 -0.36466 0
      vertex 2.0681 -0.36466 12
    endloop
  endfacet
  facet normal -0.608784 -0.793336 0
    outer loop
      vertex 1.20451 1.72022 0
      vertex 1.34985 1.60869 12
      vertex 1.20451 1.72022 12
    endloop
  endfacet
  facet normal -0.608784 -0.793336 -0
    outer loop
      vertex 1.34985 1.60869 12
      vertex 1.20451 1.72022 0
      vertex 1.34985 1.60869 0
    endloop
  endfacet
  facet normal 0.300708 -0.953716 0
    outer loop
      vertex -0.718242 1.97335 0
      vertex -0.54352 2.02844 12
      vertex -0.718242 1.97335 12
    endloop
  endfacet
  facet normal 0.300708 -0.953716 0
    outer loop
      vertex -0.54352 2.02844 12
      vertex -0.718242 1.97335 0
      vertex -0.54352 2.02844 0
    endloop
  endfacet
  facet normal 0.886996 -0.461778 0
    outer loop
      vertex -1.90325 0.887498 12
      vertex -1.81865 1.05 0
      vertex -1.81865 1.05 12
    endloop
  endfacet
  facet normal 0.886996 -0.461778 0
    outer loop
      vertex -1.81865 1.05 0
      vertex -1.90325 0.887498 12
      vertex -1.90325 0.887498 0
    endloop
  endfacet
  facet normal 0.382646 -0.923895 0
    outer loop
      vertex -0.887498 1.90325 0
      vertex -0.718242 1.97335 12
      vertex -0.887498 1.90325 12
    endloop
  endfacet
  facet normal 0.382646 -0.923895 0
    outer loop
      vertex -0.718242 1.97335 12
      vertex -0.887498 1.90325 0
      vertex -0.718242 1.97335 0
    endloop
  endfacet
  facet normal 0.675594 -0.737274 0
    outer loop
      vertex -1.48492 1.48492 0
      vertex -1.34985 1.60869 12
      vertex -1.48492 1.48492 12
    endloop
  endfacet
  facet normal 0.675594 -0.737274 0
    outer loop
      vertex -1.34985 1.60869 12
      vertex -1.48492 1.48492 0
      vertex -1.34985 1.60869 0
    endloop
  endfacet
  facet normal 0.953716 0.300708 0
    outer loop
      vertex -1.97335 -0.718242 12
      vertex -2.02844 -0.54352 0
      vertex -2.02844 -0.54352 12
    endloop
  endfacet
  facet normal 0.953716 0.300708 0
    outer loop
      vertex -2.02844 -0.54352 0
      vertex -1.97335 -0.718242 12
      vertex -1.97335 -0.718242 0
    endloop
  endfacet
  facet normal -0.923895 -0.382646 0
    outer loop
      vertex 1.97335 0.718242 0
      vertex 1.90325 0.887498 12
      vertex 1.90325 0.887498 0
    endloop
  endfacet
  facet normal -0.923895 -0.382646 0
    outer loop
      vertex 1.90325 0.887498 12
      vertex 1.97335 0.718242 0
      vertex 1.97335 0.718242 12
    endloop
  endfacet
  facet normal 0.793336 -0.608784 0
    outer loop
      vertex -1.72022 1.20451 12
      vertex -1.60869 1.34985 0
      vertex -1.60869 1.34985 12
    endloop
  endfacet
  facet normal 0.793336 -0.608784 0
    outer loop
      vertex -1.60869 1.34985 0
      vertex -1.72022 1.20451 12
      vertex -1.72022 1.20451 0
    endloop
  endfacet
  facet normal 0.537285 0.843401 -0
    outer loop
      vertex -1.05 -1.81865 0
      vertex -1.20451 -1.72022 12
      vertex -1.05 -1.81865 12
    endloop
  endfacet
  facet normal 0.537285 0.843401 0
    outer loop
      vertex -1.20451 -1.72022 12
      vertex -1.05 -1.81865 0
      vertex -1.20451 -1.72022 0
    endloop
  endfacet
  facet normal 0.843401 0.537285 0
    outer loop
      vertex -1.72022 -1.20451 12
      vertex -1.81865 -1.05 0
      vertex -1.81865 -1.05 12
    endloop
  endfacet
  facet normal 0.843401 0.537285 0
    outer loop
      vertex -1.81865 -1.05 0
      vertex -1.72022 -1.20451 12
      vertex -1.72022 -1.20451 0
    endloop
  endfacet
  facet normal -0.300708 0.953716 0
    outer loop
      vertex 0.718242 -1.97335 0
      vertex 0.54352 -2.02844 12
      vertex 0.718242 -1.97335 12
    endloop
  endfacet
  facet normal -0.300708 0.953716 0
    outer loop
      vertex 0.54352 -2.02844 12
      vertex 0.718242 -1.97335 0
      vertex 0.54352 -2.02844 0
    endloop
  endfacet
  facet normal 0.608784 -0.793336 0
    outer loop
      vertex -1.34985 1.60869 0
      vertex -1.20451 1.72022 12
      vertex -1.34985 1.60869 12
    endloop
  endfacet
  facet normal 0.608784 -0.793336 0
    outer loop
      vertex -1.20451 1.72022 12
      vertex -1.34985 1.60869 0
      vertex -1.20451 1.72022 0
    endloop
  endfacet
  facet normal 0.300708 0.953716 -0
    outer loop
      vertex -0.54352 -2.02844 0
      vertex -0.718242 -1.97335 12
      vertex -0.54352 -2.02844 12
    endloop
  endfacet
  facet normal 0.300708 0.953716 0
    outer loop
      vertex -0.718242 -1.97335 12
      vertex -0.54352 -2.02844 0
      vertex -0.718242 -1.97335 0
    endloop
  endfacet
  facet normal 0.991447 -0.130512 0
    outer loop
      vertex -2.09201 0.183026 12
      vertex -2.0681 0.36466 0
      vertex -2.0681 0.36466 12
    endloop
  endfacet
  facet normal 0.991447 -0.130512 0
    outer loop
      vertex -2.0681 0.36466 0
      vertex -2.09201 0.183026 12
      vertex -2.09201 0.183026 0
    endloop
  endfacet
  facet normal 0.675594 0.737274 -0
    outer loop
      vertex -1.34985 -1.60869 0
      vertex -1.48492 -1.48492 12
      vertex -1.34985 -1.60869 12
    endloop
  endfacet
  facet normal 0.675594 0.737274 0
    outer loop
      vertex -1.48492 -1.48492 12
      vertex -1.34985 -1.60869 0
      vertex -1.48492 -1.48492 0
    endloop
  endfacet
  facet normal 0.21648 -0.976287 0
    outer loop
      vertex -0.54352 2.02844 0
      vertex -0.36466 2.0681 12
      vertex -0.54352 2.02844 12
    endloop
  endfacet
  facet normal 0.21648 -0.976287 0
    outer loop
      vertex -0.36466 2.0681 12
      vertex -0.54352 2.02844 0
      vertex -0.36466 2.0681 0
    endloop
  endfacet
  facet normal -0.461778 -0.886996 0
    outer loop
      vertex 0.887498 1.90325 0
      vertex 1.05 1.81865 12
      vertex 0.887498 1.90325 12
    endloop
  endfacet
  facet normal -0.461778 -0.886996 -0
    outer loop
      vertex 1.05 1.81865 12
      vertex 0.887498 1.90325 0
      vertex 1.05 1.81865 0
    endloop
  endfacet
  facet normal -0.300708 -0.953716 0
    outer loop
      vertex 0.54352 2.02844 0
      vertex 0.718242 1.97335 12
      vertex 0.54352 2.02844 12
    endloop
  endfacet
  facet normal -0.300708 -0.953716 -0
    outer loop
      vertex 0.718242 1.97335 12
      vertex 0.54352 2.02844 0
      vertex 0.718242 1.97335 0
    endloop
  endfacet
  facet normal -0.843401 -0.537285 0
    outer loop
      vertex 1.81865 1.05 0
      vertex 1.72022 1.20451 12
      vertex 1.72022 1.20451 0
    endloop
  endfacet
  facet normal -0.843401 -0.537285 0
    outer loop
      vertex 1.72022 1.20451 12
      vertex 1.81865 1.05 0
      vertex 1.81865 1.05 12
    endloop
  endfacet
  facet normal -0.843401 0.537285 0
    outer loop
      vertex 1.72022 -1.20451 0
      vertex 1.81865 -1.05 12
      vertex 1.81865 -1.05 0
    endloop
  endfacet
  facet normal -0.843401 0.537285 0
    outer loop
      vertex 1.81865 -1.05 12
      vertex 1.72022 -1.20451 0
      vertex 1.72022 -1.20451 12
    endloop
  endfacet
  facet normal -0.923895 0.382646 0
    outer loop
      vertex 1.90325 -0.887498 0
      vertex 1.97335 -0.718242 12
      vertex 1.97335 -0.718242 0
    endloop
  endfacet
  facet normal -0.923895 0.382646 0
    outer loop
      vertex 1.97335 -0.718242 12
      vertex 1.90325 -0.887498 0
      vertex 1.90325 -0.887498 12
    endloop
  endfacet
  facet normal 0.793336 0.608784 0
    outer loop
      vertex -1.60869 -1.34985 12
      vertex -1.72022 -1.20451 0
      vertex -1.72022 -1.20451 12
    endloop
  endfacet
  facet normal 0.793336 0.608784 0
    outer loop
      vertex -1.72022 -1.20451 0
      vertex -1.60869 -1.34985 12
      vertex -1.60869 -1.34985 0
    endloop
  endfacet
  facet normal -0.675594 0.737274 0
    outer loop
      vertex 1.48492 -1.48492 0
      vertex 1.34985 -1.60869 12
      vertex 1.48492 -1.48492 12
    endloop
  endfacet
  facet normal -0.675594 0.737274 0
    outer loop
      vertex 1.34985 -1.60869 12
      vertex 1.48492 -1.48492 0
      vertex 1.34985 -1.60869 0
    endloop
  endfacet
  facet normal 0.737274 -0.675594 0
    outer loop
      vertex -1.60869 1.34985 12
      vertex -1.48492 1.48492 0
      vertex -1.48492 1.48492 12
    endloop
  endfacet
  facet normal 0.737274 -0.675594 0
    outer loop
      vertex -1.48492 1.48492 0
      vertex -1.60869 1.34985 12
      vertex -1.60869 1.34985 0
    endloop
  endfacet
  facet normal -0.130512 0.991447 0
    outer loop
      vertex 0.36466 -2.0681 0
      vertex 0.183026 -2.09201 12
      vertex 0.36466 -2.0681 12
    endloop
  endfacet
  facet normal -0.130512 0.991447 0
    outer loop
      vertex 0.183026 -2.09201 12
      vertex 0.36466 -2.0681 0
      vertex 0.183026 -2.09201 0
    endloop
  endfacet
  facet normal -0.976287 0.21648 0
    outer loop
      vertex 2.02844 -0.54352 0
      vertex 2.0681 -0.36466 12
      vertex 2.0681 -0.36466 0
    endloop
  endfacet
  facet normal -0.976287 0.21648 0
    outer loop
      vertex 2.0681 -0.36466 12
      vertex 2.02844 -0.54352 0
      vertex 2.02844 -0.54352 12
    endloop
  endfacet
  facet normal 0.461778 -0.886996 0
    outer loop
      vertex -1.05 1.81865 0
      vertex -0.887498 1.90325 12
      vertex -1.05 1.81865 12
    endloop
  endfacet
  facet normal 0.461778 -0.886996 0
    outer loop
      vertex -0.887498 1.90325 12
      vertex -1.05 1.81865 0
      vertex -0.887498 1.90325 0
    endloop
  endfacet
  facet normal 0.130512 -0.991447 0
    outer loop
      vertex -0.36466 2.0681 0
      vertex -0.183026 2.09201 12
      vertex -0.36466 2.0681 12
    endloop
  endfacet
  facet normal 0.130512 -0.991447 0
    outer loop
      vertex -0.183026 2.09201 12
      vertex -0.36466 2.0681 0
      vertex -0.183026 2.09201 0
    endloop
  endfacet
  facet normal -0.461778 0.886996 0
    outer loop
      vertex 1.05 -1.81865 0
      vertex 0.887498 -1.90325 12
      vertex 1.05 -1.81865 12
    endloop
  endfacet
  facet normal -0.461778 0.886996 0
    outer loop
      vertex 0.887498 -1.90325 12
      vertex 1.05 -1.81865 0
      vertex 0.887498 -1.90325 0
    endloop
  endfacet
  facet normal 0.0436135 0.999048 -0
    outer loop
      vertex 0 -2.1 0
      vertex -0.183026 -2.09201 12
      vertex 0 -2.1 12
    endloop
  endfacet
  facet normal 0.0436135 0.999048 0
    outer loop
      vertex -0.183026 -2.09201 12
      vertex 0 -2.1 0
      vertex -0.183026 -2.09201 0
    endloop
  endfacet
  facet normal -0.737274 0.675594 0
    outer loop
      vertex 1.48492 -1.48492 0
      vertex 1.60869 -1.34985 12
      vertex 1.60869 -1.34985 0
    endloop
  endfacet
  facet normal -0.737274 0.675594 0
    outer loop
      vertex 1.60869 -1.34985 12
      vertex 1.48492 -1.48492 0
      vertex 1.48492 -1.48492 12
    endloop
  endfacet
  facet normal 0.976287 0.21648 0
    outer loop
      vertex -2.02844 -0.54352 12
      vertex -2.0681 -0.36466 0
      vertex -2.0681 -0.36466 12
    endloop
  endfacet
  facet normal 0.976287 0.21648 0
    outer loop
      vertex -2.0681 -0.36466 0
      vertex -2.02844 -0.54352 12
      vertex -2.02844 -0.54352 0
    endloop
  endfacet
  facet normal -0.0436135 0.999048 0
    outer loop
      vertex 0.183026 -2.09201 0
      vertex 0 -2.1 12
      vertex 0.183026 -2.09201 12
    endloop
  endfacet
  facet normal -0.0436135 0.999048 0
    outer loop
      vertex 0 -2.1 12
      vertex 0.183026 -2.09201 0
      vertex 0 -2.1 0
    endloop
  endfacet
  facet normal -0.21648 -0.976287 0
    outer loop
      vertex 0.36466 2.0681 0
      vertex 0.54352 2.02844 12
      vertex 0.36466 2.0681 12
    endloop
  endfacet
  facet normal -0.21648 -0.976287 -0
    outer loop
      vertex 0.54352 2.02844 12
      vertex 0.36466 2.0681 0
      vertex 0.54352 2.02844 0
    endloop
  endfacet
  facet normal 0.923895 -0.382646 0
    outer loop
      vertex -1.97335 0.718242 12
      vertex -1.90325 0.887498 0
      vertex -1.90325 0.887498 12
    endloop
  endfacet
  facet normal 0.923895 -0.382646 0
    outer loop
      vertex -1.90325 0.887498 0
      vertex -1.97335 0.718242 12
      vertex -1.97335 0.718242 0
    endloop
  endfacet
  facet normal 0.953716 -0.300708 0
    outer loop
      vertex -2.02844 0.54352 12
      vertex -1.97335 0.718242 0
      vertex -1.97335 0.718242 12
    endloop
  endfacet
  facet normal 0.953716 -0.300708 0
    outer loop
      vertex -1.97335 0.718242 0
      vertex -2.02844 0.54352 12
      vertex -2.02844 0.54352 0
    endloop
  endfacet
  facet normal 0.976287 -0.21648 0
    outer loop
      vertex -2.0681 0.36466 12
      vertex -2.02844 0.54352 0
      vertex -2.02844 0.54352 12
    endloop
  endfacet
  facet normal 0.976287 -0.21648 0
    outer loop
      vertex -2.02844 0.54352 0
      vertex -2.0681 0.36466 12
      vertex -2.0681 0.36466 0
    endloop
  endfacet
  facet normal -0.675594 -0.737274 0
    outer loop
      vertex 1.34985 1.60869 0
      vertex 1.48492 1.48492 12
      vertex 1.34985 1.60869 12
    endloop
  endfacet
  facet normal -0.675594 -0.737274 -0
    outer loop
      vertex 1.48492 1.48492 12
      vertex 1.34985 1.60869 0
      vertex 1.48492 1.48492 0
    endloop
  endfacet
  facet normal 0.21648 0.976287 -0
    outer loop
      vertex -0.36466 -2.0681 0
      vertex -0.54352 -2.02844 12
      vertex -0.36466 -2.0681 12
    endloop
  endfacet
  facet normal 0.21648 0.976287 0
    outer loop
      vertex -0.54352 -2.02844 12
      vertex -0.36466 -2.0681 0
      vertex -0.54352 -2.02844 0
    endloop
  endfacet
  facet normal -0.608784 0.793336 0
    outer loop
      vertex 1.34985 -1.60869 0
      vertex 1.20451 -1.72022 12
      vertex 1.34985 -1.60869 12
    endloop
  endfacet
  facet normal -0.608784 0.793336 0
    outer loop
      vertex 1.20451 -1.72022 12
      vertex 1.34985 -1.60869 0
      vertex 1.20451 -1.72022 0
    endloop
  endfacet
  facet normal -0.537285 0.843401 0
    outer loop
      vertex 1.20451 -1.72022 0
      vertex 1.05 -1.81865 12
      vertex 1.20451 -1.72022 12
    endloop
  endfacet
  facet normal -0.537285 0.843401 0
    outer loop
      vertex 1.05 -1.81865 12
      vertex 1.20451 -1.72022 0
      vertex 1.05 -1.81865 0
    endloop
  endfacet
  facet normal 0.130512 0.991447 -0
    outer loop
      vertex -0.183026 -2.09201 0
      vertex -0.36466 -2.0681 12
      vertex -0.183026 -2.09201 12
    endloop
  endfacet
  facet normal 0.130512 0.991447 0
    outer loop
      vertex -0.36466 -2.0681 12
      vertex -0.183026 -2.09201 0
      vertex -0.36466 -2.0681 0
    endloop
  endfacet
  facet normal 0.991447 0.130512 0
    outer loop
      vertex -2.0681 -0.36466 12
      vertex -2.09201 -0.183026 0
      vertex -2.09201 -0.183026 12
    endloop
  endfacet
  facet normal 0.991447 0.130512 0
    outer loop
      vertex -2.09201 -0.183026 0
      vertex -2.0681 -0.36466 12
      vertex -2.0681 -0.36466 0
    endloop
  endfacet
  facet normal 0.999048 -0.0436135 0
    outer loop
      vertex -2.1 0 12
      vertex -2.09201 0.183026 0
      vertex -2.09201 0.183026 12
    endloop
  endfacet
  facet normal 0.999048 -0.0436135 0
    outer loop
      vertex -2.09201 0.183026 0
      vertex -2.1 0 12
      vertex -2.1 0 0
    endloop
  endfacet
  facet normal 0.886996 0.461778 0
    outer loop
      vertex -1.81865 -1.05 12
      vertex -1.90325 -0.887498 0
      vertex -1.90325 -0.887498 12
    endloop
  endfacet
  facet normal 0.886996 0.461778 0
    outer loop
      vertex -1.90325 -0.887498 0
      vertex -1.81865 -1.05 12
      vertex -1.81865 -1.05 0
    endloop
  endfacet
  facet normal 0.843401 -0.537285 0
    outer loop
      vertex -1.81865 1.05 12
      vertex -1.72022 1.20451 0
      vertex -1.72022 1.20451 12
    endloop
  endfacet
  facet normal 0.843401 -0.537285 0
    outer loop
      vertex -1.72022 1.20451 0
      vertex -1.81865 1.05 12
      vertex -1.81865 1.05 0
    endloop
  endfacet
endsolid OpenSCAD_Model
