solid OpenSCAD_Model
  facet normal 0.991449 0.130492 0
    outer loop
      vertex 24.3059 2.90119 6
      vertex 24.2286 3.4885 0
      vertex 24.2286 3.4885 6
    endloop
  endfacet
  facet normal 0.991449 0.130492 0
    outer loop
      vertex 24.2286 3.4885 0
      vertex 24.3059 2.90119 6
      vertex 24.3059 2.90119 0
    endloop
  endfacet
  facet normal 0.999051 0.0435552 0
    outer loop
      vertex 24.4663 0.77176 6
      vertex 24.4405 1.36355 0
      vertex 24.4405 1.36355 6
    endloop
  endfacet
  facet normal 0.999051 0.0435552 0
    outer loop
      vertex 24.4405 1.36355 0
      vertex 24.4663 0.77176 6
      vertex 24.4663 0.77176 0
    endloop
  endfacet
  facet normal 0.976301 0.216419 0
    outer loop
      vertex 23.9606 5.00855 6
      vertex 23.8324 5.58688 0
      vertex 23.8324 5.58688 6
    endloop
  endfacet
  facet normal 0.976301 0.216419 0
    outer loop
      vertex 23.8324 5.58688 0
      vertex 23.9606 5.00855 6
      vertex 23.9606 5.00855 0
    endloop
  endfacet
  facet normal -0.608797 -0.793326 0
    outer loop
      vertex -15.1354 -19.2384 0
      vertex -14.6655 -19.599 6
      vertex -15.1354 -19.2384 6
    endloop
  endfacet
  facet normal -0.608797 -0.793326 -0
    outer loop
      vertex -14.6655 -19.599 6
      vertex -15.1354 -19.2384 0
      vertex -14.6655 -19.599 0
    endloop
  endfacet
  facet normal -0.737322 0.675541 0
    outer loop
      vertex -18.2462 16.3178 0
      vertex -17.846 16.7546 6
      vertex -17.846 16.7546 0
    endloop
  endfacet
  facet normal -0.737322 0.675541 0
    outer loop
      vertex -17.846 16.7546 6
      vertex -18.2462 16.3178 0
      vertex -18.2462 16.3178 6
    endloop
  endfacet
  facet normal -0.843376 -0.537323 0
    outer loop
      vertex -20.4843 -13.4011 0
      vertex -20.8026 -12.9015 6
      vertex -20.8026 -12.9015 0
    endloop
  endfacet
  facet normal -0.843376 -0.537323 0
    outer loop
      vertex -20.8026 -12.9015 6
      vertex -20.4843 -13.4011 0
      vertex -20.4843 -13.4011 6
    endloop
  endfacet
  facet normal -0.675541 -0.737322 0
    outer loop
      vertex -16.7546 -17.846 0
      vertex -16.3178 -18.2462 6
      vertex -16.7546 -17.846 6
    endloop
  endfacet
  facet normal -0.675541 -0.737322 -0
    outer loop
      vertex -16.3178 -18.2462 6
      vertex -16.7546 -17.846 0
      vertex -16.3178 -18.2462 0
    endloop
  endfacet
  facet normal -0.216419 0.976301 0
    outer loop
      vertex -5.00855 23.9606 0
      vertex -5.58688 23.8324 6
      vertex -5.00855 23.9606 6
    endloop
  endfacet
  facet normal -0.216419 0.976301 0
    outer loop
      vertex -5.58688 23.8324 6
      vertex -5.00855 23.9606 0
      vertex -5.58688 23.8324 0
    endloop
  endfacet
  facet normal 0.382553 -0.923934 0
    outer loop
      vertex 9.09318 -22.7268 0
      vertex 9.64046 -22.5002 6
      vertex 9.09318 -22.7268 6
    endloop
  endfacet
  facet normal 0.382553 -0.923934 0
    outer loop
      vertex 9.64046 -22.5002 6
      vertex 9.09318 -22.7268 0
      vertex 9.64046 -22.5002 0
    endloop
  endfacet
  facet normal 0.130492 -0.991449 0
    outer loop
      vertex 2.90119 -24.3059 0
      vertex 3.4885 -24.2286 6
      vertex 2.90119 -24.3059 6
    endloop
  endfacet
  facet normal 0.130492 -0.991449 0
    outer loop
      vertex 3.4885 -24.2286 6
      vertex 2.90119 -24.3059 0
      vertex 3.4885 -24.2286 0
    endloop
  endfacet
  facet normal -0.923934 -0.382553 0
    outer loop
      vertex -22.5002 -9.64046 0
      vertex -22.7268 -9.09318 6
      vertex -22.7268 -9.09318 0
    endloop
  endfacet
  facet normal -0.923934 -0.382553 0
    outer loop
      vertex -22.7268 -9.09318 6
      vertex -22.5002 -9.64046 0
      vertex -22.5002 -9.64046 6
    endloop
  endfacet
  facet normal 0.675541 0.737322 -0
    outer loop
      vertex 16.7546 17.846 0
      vertex 16.3178 18.2462 6
      vertex 16.7546 17.846 6
    endloop
  endfacet
  facet normal 0.675541 0.737322 0
    outer loop
      vertex 16.3178 18.2462 6
      vertex 16.7546 17.846 0
      vertex 16.3178 18.2462 0
    endloop
  endfacet
  facet normal 0 0 -1
    outer loop
      vertex 11.5648 -21.5743 0
      vertex 8.69707 -16.2793 0
      vertex 8.97916 -16.1625 0
    endloop
  endfacet
  facet normal 0 0 -1
    outer loop
      vertex 8.56363 -24.5517 0
      vertex 9.09318 -22.7268 0
      vertex 9.22141 -24.3123 0
    endloop
  endfacet
  facet normal 0 0 -1
    outer loop
      vertex 7.64275 -23.2548 0
      vertex 9.09318 -22.7268 0
      vertex 8.56363 -24.5517 0
    endloop
  endfacet
  facet normal 0 0 -1
    outer loop
      vertex 7.5 -16.4904 0
      vertex 9.09318 -22.7268 0
      vertex 7.64275 -23.2548 0
    endloop
  endfacet
  facet normal 0 0 -1
    outer loop
      vertex 9.64046 -22.5002 0
      vertex 8.40587 -16.3711 0
      vertex 8.69707 -16.2793 0
    endloop
  endfacet
  facet normal 0 0 -1
    outer loop
      vertex 9.64046 -22.5002 0
      vertex 8.10777 -16.4372 0
      vertex 8.40587 -16.3711 0
    endloop
  endfacet
  facet normal 0 0 -1
    outer loop
      vertex 9.64046 -22.5002 0
      vertex 7.80504 -16.4771 0
      vertex 8.10777 -16.4372 0
    endloop
  endfacet
  facet normal 0 0 -1
    outer loop
      vertex 9.09318 -22.7268 0
      vertex 7.5 -16.4904 0
      vertex 7.80504 -16.4771 0
    endloop
  endfacet
  facet normal 0 0 -1
    outer loop
      vertex 7.64275 -23.2548 0
      vertex 7.19495 -16.4771 0
      vertex 7.5 -16.4904 0
    endloop
  endfacet
  facet normal 0 0 -1
    outer loop
      vertex 6.89223 -16.4372 0
      vertex 7.64275 -23.2548 0
      vertex 7.0778 -23.4329 0
    endloop
  endfacet
  facet normal 0 0 -1
    outer loop
      vertex 7.64275 -23.2548 0
      vertex 6.89223 -16.4372 0
      vertex 7.19495 -16.4771 0
    endloop
  endfacet
  facet normal 0 0 -1
    outer loop
      vertex 5.58688 -23.8324 0
      vertex 7.0778 -23.4329 0
      vertex 7.06735 -25.0235 0
    endloop
  endfacet
  facet normal 0 -0 -1
    outer loop
      vertex 6.59413 -16.3711 0
      vertex 7.0778 -23.4329 0
      vertex 5.58688 -23.8324 0
    endloop
  endfacet
  facet normal 0 0 -1
    outer loop
      vertex 5.58688 -23.8324 0
      vertex 7.06735 -25.0235 0
      vertex 6.39122 -25.2047 0
    endloop
  endfacet
  facet normal 0 0 -1
    outer loop
      vertex 7.0778 -23.4329 0
      vertex 6.59413 -16.3711 0
      vertex 6.89223 -16.4372 0
    endloop
  endfacet
  facet normal -0 0 -1
    outer loop
      vertex 6.59413 -16.3711 0
      vertex 5.58688 -23.8324 0
      vertex 6.30293 -16.2793 0
    endloop
  endfacet
  facet normal -0 0 -1
    outer loop
      vertex 6.30293 -16.2793 0
      vertex 5.58688 -23.8324 0
      vertex 6.02084 -16.1625 0
    endloop
  endfacet
  facet normal 0 0 -1
    outer loop
      vertex 5.00855 -23.9606 0
      vertex 6.02084 -16.1625 0
      vertex 5.58688 -23.8324 0
    endloop
  endfacet
  facet normal -0 0 -1
    outer loop
      vertex 6.02084 -16.1625 0
      vertex 5.00855 -23.9606 0
      vertex 5.75 -16.0215 0
    endloop
  endfacet
  facet normal 0 0 -1
    outer loop
      vertex 3.4885 -24.2286 0
      vertex 5.75 -16.0215 0
      vertex 5.00855 -23.9606 0
    endloop
  endfacet
  facet normal -0 0 -1
    outer loop
      vertex 5.75 -16.0215 0
      vertex 3.4885 -24.2286 0
      vertex 5.49248 -15.8574 0
    endloop
  endfacet
  facet normal 0 0 -1
    outer loop
      vertex 2.90119 -24.3059 0
      vertex 5.49248 -15.8574 0
      vertex 3.4885 -24.2286 0
    endloop
  endfacet
  facet normal 0 0 -1
    outer loop
      vertex 3.4885 -24.2286 0
      vertex 5.00855 -23.9606 0
      vertex 4.85951 -25.5442 0
    endloop
  endfacet
  facet normal -0 0 -1
    outer loop
      vertex 5.49248 -15.8574 0
      vertex 2.90119 -24.3059 0
      vertex 5.25024 -15.6715 0
    endloop
  endfacet
  facet normal -0 0 -1
    outer loop
      vertex 5.25024 -15.6715 0
      vertex 2.90119 -24.3059 0
      vertex 5.02513 -15.4653 0
    endloop
  endfacet
  facet normal 0 0 -1
    outer loop
      vertex 1.36355 -24.4405 0
      vertex 5.02513 -15.4653 0
      vertex 2.90119 -24.3059 0
    endloop
  endfacet
  facet normal -0 0 -1
    outer loop
      vertex 5.02513 -15.4653 0
      vertex 1.36355 -24.4405 0
      vertex 4.81884 -15.2401 0
    endloop
  endfacet
  facet normal 0 0 -1
    outer loop
      vertex 0.77176 -24.4663 0
      vertex 4.81884 -15.2401 0
      vertex 1.36355 -24.4405 0
    endloop
  endfacet
  facet normal 0 0 -1
    outer loop
      vertex 3.4885 -24.2286 0
      vertex 4.85951 -25.5442 0
      vertex 4.17017 -25.6658 0
    endloop
  endfacet
  facet normal -0 0 -1
    outer loop
      vertex 4.81884 -15.2401 0
      vertex 0.77176 -24.4663 0
      vertex 4.63297 -14.9979 0
    endloop
  endfacet
  facet normal 0 0 -1
    outer loop
      vertex -4.63297 -14.9979 0
      vertex 4.63297 -14.9979 0
      vertex 0.77176 -24.4663 0
    endloop
  endfacet
  facet normal 0 0 -1
    outer loop
      vertex 4.63297 -14.9979 0
      vertex -4.63297 -14.9979 0
      vertex 4.46891 -14.7404 0
    endloop
  endfacet
  facet normal 0 -0 -1
    outer loop
      vertex -4.46891 -14.7404 0
      vertex 4.46891 -14.7404 0
      vertex -4.63297 -14.9979 0
    endloop
  endfacet
  facet normal 0 0 -1
    outer loop
      vertex 6.89223 -9.54355 0
      vertex 3.64169 -3.64169 0
      vertex 3.94524 -3.31044 0
    endloop
  endfacet
  facet normal 0 0 -1
    outer loop
      vertex 4.46891 -14.7404 0
      vertex -4.46891 -14.7404 0
      vertex 4.32792 -14.4695 0
    endloop
  endfacet
  facet normal 0 -0 -1
    outer loop
      vertex -4.32792 -14.4695 0
      vertex 4.32792 -14.4695 0
      vertex -4.46891 -14.7404 0
    endloop
  endfacet
  facet normal 0 0 -1
    outer loop
      vertex 4.01332 -12.6853 0
      vertex 3.31044 -3.94524 0
      vertex 3.64169 -3.64169 0
    endloop
  endfacet
  facet normal 0 0 -1
    outer loop
      vertex 4.01332 -12.6853 0
      vertex 2.95399 -4.21873 0
      vertex 3.31044 -3.94524 0
    endloop
  endfacet
  facet normal 0 0 -1
    outer loop
      vertex 4.32792 -14.4695 0
      vertex -4.32792 -14.4695 0
      vertex 4.21108 -14.1875 0
    endloop
  endfacet
  facet normal 0 0 -1
    outer loop
      vertex 1.36355 -24.4405 0
      vertex 2.90119 -24.3059 0
      vertex 2.6147 -25.8705 0
    endloop
  endfacet
  facet normal 0 -0 -1
    outer loop
      vertex -4.21108 -14.1875 0
      vertex 4.21108 -14.1875 0
      vertex -4.32792 -14.4695 0
    endloop
  endfacet
  facet normal 0 0 -1
    outer loop
      vertex 4.01332 -12.6853 0
      vertex 2.57507 -4.46016 0
      vertex 2.95399 -4.21873 0
    endloop
  endfacet
  facet normal 0 0 -1
    outer loop
      vertex 1.36355 -24.4405 0
      vertex 2.6147 -25.8705 0
      vertex 1.91739 -25.9316 0
    endloop
  endfacet
  facet normal 0 0 -1
    outer loop
      vertex 4.01332 -12.6853 0
      vertex 2.17653 -4.6676 0
      vertex 2.57507 -4.46016 0
    endloop
  endfacet
  facet normal 0 -0 -1
    outer loop
      vertex -4 -12.9904 0
      vertex 4 -12.9904 0
      vertex -4.01332 -13.2954 0
    endloop
  endfacet
  facet normal 0 0 -1
    outer loop
      vertex 4.01332 -12.6853 0
      vertex 1.76144 -4.83954 0
      vertex 2.17653 -4.6676 0
    endloop
  endfacet
  facet normal 0 0 -1
    outer loop
      vertex -4.01332 -12.6853 0
      vertex 4 -12.9904 0
      vertex -4 -12.9904 0
    endloop
  endfacet
  facet normal 0 -0 -1
    outer loop
      vertex -4.11926 -13.8962 0
      vertex 4.11926 -13.8962 0
      vertex -4.21108 -14.1875 0
    endloop
  endfacet
  facet normal 0 0 -1
    outer loop
      vertex 4.01332 -12.6853 0
      vertex 1.33295 -4.97464 0
      vertex 1.76144 -4.83954 0
    endloop
  endfacet
  facet normal 0 0 -1
    outer loop
      vertex -0.77176 -24.4663 0
      vertex 0.77176 -24.4663 0
      vertex 0.349991 -26 0
    endloop
  endfacet
  facet normal 0 0 -1
    outer loop
      vertex -4.63297 -14.9979 0
      vertex 0.77176 -24.4663 0
      vertex -0.77176 -24.4663 0
    endloop
  endfacet
  facet normal 0 0 -1
    outer loop
      vertex -0.77176 -24.4663 0
      vertex 0.349991 -26 0
      vertex -0.349991 -26 0
    endloop
  endfacet
  facet normal 0 0 -1
    outer loop
      vertex 4.01332 -13.2954 0
      vertex -4.01332 -13.2954 0
      vertex 4 -12.9904 0
    endloop
  endfacet
  facet normal 0 0 -1
    outer loop
      vertex 4.01332 -12.6853 0
      vertex -4.05317 -12.3826 0
      vertex -4.11926 -12.0845 0
    endloop
  endfacet
  facet normal 0 0 -1
    outer loop
      vertex 4.01332 -12.6853 0
      vertex 0.894318 -5.07188 0
      vertex 1.33295 -4.97464 0
    endloop
  endfacet
  facet normal 0 0 -1
    outer loop
      vertex 4.01332 -12.6853 0
      vertex -4.11926 -12.0845 0
      vertex -4.21108 -11.7933 0
    endloop
  endfacet
  facet normal 0 0 -1
    outer loop
      vertex -4.81884 -15.2401 0
      vertex -0.77176 -24.4663 0
      vertex -1.36355 -24.4405 0
    endloop
  endfacet
  facet normal 0 0 -1
    outer loop
      vertex 4.01332 -12.6853 0
      vertex 0.448868 -5.13054 0
      vertex 0.894318 -5.07188 0
    endloop
  endfacet
  facet normal 0 0 -1
    outer loop
      vertex -2.90119 -24.3059 0
      vertex -1.36355 -24.4405 0
      vertex -1.91739 -25.9316 0
    endloop
  endfacet
  facet normal 0 0 -1
    outer loop
      vertex 4.01332 -12.6853 0
      vertex -4.21108 -11.7933 0
      vertex 0 -5.15015 0
    endloop
  endfacet
  facet normal 0 0 -1
    outer loop
      vertex 4.01332 -12.6853 0
      vertex 0 -5.15015 0
      vertex 0.448868 -5.13054 0
    endloop
  endfacet
  facet normal 0 0 -1
    outer loop
      vertex -2.90119 -24.3059 0
      vertex -1.91739 -25.9316 0
      vertex -2.6147 -25.8705 0
    endloop
  endfacet
  facet normal 0 0 -1
    outer loop
      vertex -5.02513 -15.4653 0
      vertex -1.36355 -24.4405 0
      vertex -2.90119 -24.3059 0
    endloop
  endfacet
  facet normal -0 0 -1
    outer loop
      vertex 0 -5.15015 0
      vertex -4.32792 -11.5112 0
      vertex -0.448868 -5.13054 0
    endloop
  endfacet
  facet normal 0 0 -1
    outer loop
      vertex -4.46891 -11.2404 0
      vertex -0.448868 -5.13054 0
      vertex -4.32792 -11.5112 0
    endloop
  endfacet
  facet normal 0 0 -1
    outer loop
      vertex -5.49248 -15.8574 0
      vertex -2.90119 -24.3059 0
      vertex -3.4885 -24.2286 0
    endloop
  endfacet
  facet normal -0 0 -1
    outer loop
      vertex -0.448868 -5.13054 0
      vertex -4.46891 -11.2404 0
      vertex -0.894318 -5.07188 0
    endloop
  endfacet
  facet normal 0 0 -1
    outer loop
      vertex -4.63297 -10.9829 0
      vertex -0.894318 -5.07188 0
      vertex -4.46891 -11.2404 0
    endloop
  endfacet
  facet normal 0 0 -1
    outer loop
      vertex -4.81884 -10.7406 0
      vertex -0.894318 -5.07188 0
      vertex -4.63297 -10.9829 0
    endloop
  endfacet
  facet normal 0 0 -1
    outer loop
      vertex -4.32792 -11.5112 0
      vertex 0 -5.15015 0
      vertex -4.21108 -11.7933 0
    endloop
  endfacet
  facet normal 0 0 -1
    outer loop
      vertex 4.01332 -12.6853 0
      vertex -4.01332 -12.6853 0
      vertex -4.05317 -12.3826 0
    endloop
  endfacet
  facet normal 0 -0 -1
    outer loop
      vertex -4.01332 -13.2954 0
      vertex 4.01332 -13.2954 0
      vertex -4.05317 -13.5981 0
    endloop
  endfacet
  facet normal 0 0 -1
    outer loop
      vertex -5.00855 -23.9606 0
      vertex -3.4885 -24.2286 0
      vertex -4.17017 -25.6658 0
    endloop
  endfacet
  facet normal 0 0 -1
    outer loop
      vertex 4.05317 -13.5981 0
      vertex -4.05317 -13.5981 0
      vertex 4.01332 -13.2954 0
    endloop
  endfacet
  facet normal 0 -0 -1
    outer loop
      vertex -4.05317 -13.5981 0
      vertex 4.05317 -13.5981 0
      vertex -4.11926 -13.8962 0
    endloop
  endfacet
  facet normal 0 0 -1
    outer loop
      vertex 4.11926 -13.8962 0
      vertex -4.11926 -13.8962 0
      vertex 4.05317 -13.5981 0
    endloop
  endfacet
  facet normal 0 0 -1
    outer loop
      vertex -5.75 -16.0215 0
      vertex -3.4885 -24.2286 0
      vertex -5.00855 -23.9606 0
    endloop
  endfacet
  facet normal 0 0 -1
    outer loop
      vertex 4.21108 -14.1875 0
      vertex -4.21108 -14.1875 0
      vertex 4.11926 -13.8962 0
    endloop
  endfacet
  facet normal 0 0 -1
    outer loop
      vertex -5.00855 -23.9606 0
      vertex -4.17017 -25.6658 0
      vertex -4.85951 -25.5442 0
    endloop
  endfacet
  facet normal 0 0 -1
    outer loop
      vertex -0.77176 -24.4663 0
      vertex -4.81884 -15.2401 0
      vertex -4.63297 -14.9979 0
    endloop
  endfacet
  facet normal 0 0 -1
    outer loop
      vertex -1.36355 -24.4405 0
      vertex -5.02513 -15.4653 0
      vertex -4.81884 -15.2401 0
    endloop
  endfacet
  facet normal 0 0 -1
    outer loop
      vertex -2.90119 -24.3059 0
      vertex -5.25024 -15.6715 0
      vertex -5.02513 -15.4653 0
    endloop
  endfacet
  facet normal 0 0 -1
    outer loop
      vertex -2.90119 -24.3059 0
      vertex -5.49248 -15.8574 0
      vertex -5.25024 -15.6715 0
    endloop
  endfacet
  facet normal 0 0 -1
    outer loop
      vertex -6.02084 -16.1625 0
      vertex -5.00855 -23.9606 0
      vertex -5.58688 -23.8324 0
    endloop
  endfacet
  facet normal 0 0 -1
    outer loop
      vertex -3.4885 -24.2286 0
      vertex -5.75 -16.0215 0
      vertex -5.49248 -15.8574 0
    endloop
  endfacet
  facet normal 0 0 -1
    outer loop
      vertex -5.00855 -23.9606 0
      vertex -6.02084 -16.1625 0
      vertex -5.75 -16.0215 0
    endloop
  endfacet
  facet normal 0 0 -1
    outer loop
      vertex -5.58688 -23.8324 0
      vertex -6.30293 -16.2793 0
      vertex -6.02084 -16.1625 0
    endloop
  endfacet
  facet normal 0 0 -1
    outer loop
      vertex -7.0778 -23.4329 0
      vertex -5.58688 -23.8324 0
      vertex -6.39122 -25.2047 0
    endloop
  endfacet
  facet normal 0 -0 -1
    outer loop
      vertex -6.59413 -16.3711 0
      vertex -5.58688 -23.8324 0
      vertex -7.0778 -23.4329 0
    endloop
  endfacet
  facet normal 0 0 -1
    outer loop
      vertex -5.58688 -23.8324 0
      vertex -6.59413 -16.3711 0
      vertex -6.30293 -16.2793 0
    endloop
  endfacet
  facet normal 0 0 -1
    outer loop
      vertex -7.0778 -23.4329 0
      vertex -6.39122 -25.2047 0
      vertex -7.06735 -25.0235 0
    endloop
  endfacet
  facet normal 0 0 -1
    outer loop
      vertex -6.59413 -16.3711 0
      vertex -7.0778 -23.4329 0
      vertex -6.89223 -16.4372 0
    endloop
  endfacet
  facet normal 0 0 -1
    outer loop
      vertex -7.64275 -23.2548 0
      vertex -6.89223 -16.4372 0
      vertex -7.0778 -23.4329 0
    endloop
  endfacet
  facet normal 0 0 -1
    outer loop
      vertex -6.89223 -16.4372 0
      vertex -7.64275 -23.2548 0
      vertex -7.19495 -16.4771 0
    endloop
  endfacet
  facet normal 0 0 -1
    outer loop
      vertex -7.19495 -16.4771 0
      vertex -7.64275 -23.2548 0
      vertex -7.5 -16.4904 0
    endloop
  endfacet
  facet normal 0 0 -1
    outer loop
      vertex -9.09318 -22.7268 0
      vertex -7.5 -16.4904 0
      vertex -7.64275 -23.2548 0
    endloop
  endfacet
  facet normal -0 0 -1
    outer loop
      vertex -7.5 -16.4904 0
      vertex -9.09318 -22.7268 0
      vertex -7.80504 -16.4771 0
    endloop
  endfacet
  facet normal 0 0 -1
    outer loop
      vertex -9.64046 -22.5002 0
      vertex -7.80504 -16.4771 0
      vertex -9.09318 -22.7268 0
    endloop
  endfacet
  facet normal 0 0 -1
    outer loop
      vertex -9.09318 -22.7268 0
      vertex -7.64275 -23.2548 0
      vertex -8.56363 -24.5517 0
    endloop
  endfacet
  facet normal -0 0 -1
    outer loop
      vertex -7.80504 -16.4771 0
      vertex -9.64046 -22.5002 0
      vertex -8.10777 -16.4372 0
    endloop
  endfacet
  facet normal -0 0 -1
    outer loop
      vertex -8.10777 -16.4372 0
      vertex -9.64046 -22.5002 0
      vertex -8.40587 -16.3711 0
    endloop
  endfacet
  facet normal 0 0 -1
    outer loop
      vertex -11.0393 -21.8478 0
      vertex -8.40587 -16.3711 0
      vertex -9.64046 -22.5002 0
    endloop
  endfacet
  facet normal 0 -0 -1
    outer loop
      vertex -9.09318 -22.7268 0
      vertex -8.56363 -24.5517 0
      vertex -9.22141 -24.3123 0
    endloop
  endfacet
  facet normal -0 0 -1
    outer loop
      vertex 23.2548 -7.64275 0
      vertex 9.97487 -10.5155 0
      vertex 23.4329 -7.0778 0
    endloop
  endfacet
  facet normal 0 0 -1
    outer loop
      vertex 24.4663 0.77176 0
      vertex 10.9867 12.6853 0
      vertex 11 12.9904 0
    endloop
  endfacet
  facet normal -0 0 -1
    outer loop
      vertex 23.4329 -7.0778 0
      vertex 9.97487 -10.5155 0
      vertex 23.8324 -5.58688 0
    endloop
  endfacet
  facet normal 0 0 -1
    outer loop
      vertex 24.4663 0.77176 0
      vertex 10.9468 12.3826 0
      vertex 10.9867 12.6853 0
    endloop
  endfacet
  facet normal 0 0 -1
    outer loop
      vertex 9.74976 -10.3092 0
      vertex 23.8324 -5.58688 0
      vertex 9.97487 -10.5155 0
    endloop
  endfacet
  facet normal 0 0 -1
    outer loop
      vertex 24.4663 0.77176 0
      vertex 10.8807 12.0845 0
      vertex 10.9468 12.3826 0
    endloop
  endfacet
  facet normal -0 0 -1
    outer loop
      vertex 23.8324 -5.58688 0
      vertex 9.74976 -10.3092 0
      vertex 23.9606 -5.00855 0
    endloop
  endfacet
  facet normal 0 0 -1
    outer loop
      vertex 24.4663 0.77176 0
      vertex 10.7889 11.7933 0
      vertex 10.8807 12.0845 0
    endloop
  endfacet
  facet normal 0 0 -1
    outer loop
      vertex 9.50752 -10.1233 0
      vertex 23.9606 -5.00855 0
      vertex 9.74976 -10.3092 0
    endloop
  endfacet
  facet normal 0 0 -1
    outer loop
      vertex 24.4663 0.77176 0
      vertex 10.6721 11.5112 0
      vertex 10.7889 11.7933 0
    endloop
  endfacet
  facet normal -0 0 -1
    outer loop
      vertex 23.9606 -5.00855 0
      vertex 9.50752 -10.1233 0
      vertex 24.2286 -3.4885 0
    endloop
  endfacet
  facet normal 0 0 -1
    outer loop
      vertex 24.4663 0.77176 0
      vertex 10.5311 11.2404 0
      vertex 10.6721 11.5112 0
    endloop
  endfacet
  facet normal -0 0 -1
    outer loop
      vertex 24.2286 -3.4885 0
      vertex 9.50752 -10.1233 0
      vertex 24.3059 -2.90119 0
    endloop
  endfacet
  facet normal 0 0 -1
    outer loop
      vertex 24.4663 0.77176 0
      vertex 10.367 10.9829 0
      vertex 10.5311 11.2404 0
    endloop
  endfacet
  facet normal 0 0 -1
    outer loop
      vertex 9.25 -9.95929 0
      vertex 24.3059 -2.90119 0
      vertex 9.50752 -10.1233 0
    endloop
  endfacet
  facet normal 0 0 -1
    outer loop
      vertex 24.4663 0.77176 0
      vertex 10.1812 10.7406 0
      vertex 10.367 10.9829 0
    endloop
  endfacet
  facet normal -0 0 -1
    outer loop
      vertex 24.3059 -2.90119 0
      vertex 9.25 -9.95929 0
      vertex 24.4405 -1.36355 0
    endloop
  endfacet
  facet normal 0 0 -1
    outer loop
      vertex 24.4663 0.77176 0
      vertex 9.97487 10.5155 0
      vertex 10.1812 10.7406 0
    endloop
  endfacet
  facet normal 0 0 -1
    outer loop
      vertex 4.14999 -3.04358 0
      vertex 24.4405 -1.36355 0
      vertex 9.25 -9.95929 0
    endloop
  endfacet
  facet normal 0 0 -1
    outer loop
      vertex 24.4663 0.77176 0
      vertex 9.74976 10.3092 0
      vertex 9.97487 10.5155 0
    endloop
  endfacet
  facet normal -0 0 -1
    outer loop
      vertex 24.4405 -1.36355 0
      vertex 4.14999 -3.04358 0
      vertex 24.4663 -0.77176 0
    endloop
  endfacet
  facet normal 0 0 -1
    outer loop
      vertex 24.4663 0.77176 0
      vertex 9.50752 10.1233 0
      vertex 9.74976 10.3092 0
    endloop
  endfacet
  facet normal -0 0 -1
    outer loop
      vertex 24.4663 -0.77176 0
      vertex 4.14999 -3.04358 0
      vertex 24.4663 0.77176 0
    endloop
  endfacet
  facet normal 0 0 -1
    outer loop
      vertex 24.4663 0.77176 0
      vertex 9.25 9.95929 0
      vertex 9.50752 10.1233 0
    endloop
  endfacet
  facet normal 0 0 -1
    outer loop
      vertex 4.14999 -3.04358 0
      vertex 9.25 -9.95929 0
      vertex 8.97916 -9.8183 0
    endloop
  endfacet
  facet normal 0 0 -1
    outer loop
      vertex 4.14999 3.04358 0
      vertex 24.4663 0.77176 0
      vertex 4.14999 -3.04358 0
    endloop
  endfacet
  facet normal 0 0 -1
    outer loop
      vertex 4.14999 -3.04358 0
      vertex 8.97916 -9.8183 0
      vertex 8.69707 -9.70146 0
    endloop
  endfacet
  facet normal 0 0 -1
    outer loop
      vertex 24.4663 0.77176 0
      vertex 4.14999 3.04358 0
      vertex 9.25 9.95929 0
    endloop
  endfacet
  facet normal 0 0 -1
    outer loop
      vertex 4.14999 -3.04358 0
      vertex 8.69707 -9.70146 0
      vertex 8.40587 -9.60964 0
    endloop
  endfacet
  facet normal 0 0 -1
    outer loop
      vertex 9.25 9.95929 0
      vertex 4.14999 3.04358 0
      vertex 8.97916 9.8183 0
    endloop
  endfacet
  facet normal 0 0 -1
    outer loop
      vertex 4.14999 -3.04358 0
      vertex 8.40587 -9.60964 0
      vertex 8.10777 -9.54355 0
    endloop
  endfacet
  facet normal 0 0 -1
    outer loop
      vertex 8.97916 9.8183 0
      vertex 4.14999 3.04358 0
      vertex 8.69707 9.70146 0
    endloop
  endfacet
  facet normal 0 0 -1
    outer loop
      vertex 4.14999 -3.04358 0
      vertex 8.10777 -9.54355 0
      vertex 7.80504 -9.5037 0
    endloop
  endfacet
  facet normal 0 0 -1
    outer loop
      vertex 8.69707 9.70146 0
      vertex 4.14999 3.04358 0
      vertex 8.40587 9.60964 0
    endloop
  endfacet
  facet normal 0 0 -1
    outer loop
      vertex 4.14999 -3.04358 0
      vertex 7.80504 -9.5037 0
      vertex 7.5 -9.49038 0
    endloop
  endfacet
  facet normal 0 0 -1
    outer loop
      vertex 8.40587 9.60964 0
      vertex 4.14999 3.04358 0
      vertex 8.10777 9.54355 0
    endloop
  endfacet
  facet normal 0 0 -1
    outer loop
      vertex 4.14999 -3.04358 0
      vertex 7.5 -9.49038 0
      vertex 7.19495 -9.5037 0
    endloop
  endfacet
  facet normal 0 0 -1
    outer loop
      vertex 8.10777 9.54355 0
      vertex 4.14999 3.04358 0
      vertex 7.80504 9.5037 0
    endloop
  endfacet
  facet normal 0 0 -1
    outer loop
      vertex 3.94524 -3.31044 0
      vertex 7.19495 -9.5037 0
      vertex 6.89223 -9.54355 0
    endloop
  endfacet
  facet normal 0 0 -1
    outer loop
      vertex 7.80504 9.5037 0
      vertex 4.14999 3.04358 0
      vertex 7.5 9.49038 0
    endloop
  endfacet
  facet normal 0 0 -1
    outer loop
      vertex 3.64169 -3.64169 0
      vertex 6.89223 -9.54355 0
      vertex 6.59413 -9.60964 0
    endloop
  endfacet
  facet normal -0 0 -1
    outer loop
      vertex 7.5 9.49038 0
      vertex 4.14999 3.04358 0
      vertex 7.19495 9.5037 0
    endloop
  endfacet
  facet normal 0 0 -1
    outer loop
      vertex 3.64169 -3.64169 0
      vertex 6.59413 -9.60964 0
      vertex 6.30293 -9.70146 0
    endloop
  endfacet
  facet normal 0 0 -1
    outer loop
      vertex 3.94524 3.31044 0
      vertex 7.19495 9.5037 0
      vertex 4.14999 3.04358 0
    endloop
  endfacet
  facet normal 0 0 -1
    outer loop
      vertex 3.64169 -3.64169 0
      vertex 6.30293 -9.70146 0
      vertex 6.02084 -9.8183 0
    endloop
  endfacet
  facet normal -0 0 -1
    outer loop
      vertex 7.19495 9.5037 0
      vertex 3.94524 3.31044 0
      vertex 6.89223 9.54355 0
    endloop
  endfacet
  facet normal 0 0 -1
    outer loop
      vertex 3.64169 -3.64169 0
      vertex 6.02084 -9.8183 0
      vertex 5.75 -9.95929 0
    endloop
  endfacet
  facet normal 0 0 -1
    outer loop
      vertex 3.64169 3.64169 0
      vertex 6.89223 9.54355 0
      vertex 3.94524 3.31044 0
    endloop
  endfacet
  facet normal 0 0 -1
    outer loop
      vertex 3.64169 -3.64169 0
      vertex 5.75 -9.95929 0
      vertex 5.49248 -10.1233 0
    endloop
  endfacet
  facet normal -0 0 -1
    outer loop
      vertex 6.89223 9.54355 0
      vertex 3.64169 3.64169 0
      vertex 6.59413 9.60964 0
    endloop
  endfacet
  facet normal 0 0 -1
    outer loop
      vertex 3.64169 -3.64169 0
      vertex 5.49248 -10.1233 0
      vertex 5.25024 -10.3092 0
    endloop
  endfacet
  facet normal 0 0 -1
    outer loop
      vertex 3.31044 3.94524 0
      vertex 6.59413 9.60964 0
      vertex 3.64169 3.64169 0
    endloop
  endfacet
  facet normal 0 0 -1
    outer loop
      vertex 3.64169 -3.64169 0
      vertex 5.25024 -10.3092 0
      vertex 5.02513 -10.5155 0
    endloop
  endfacet
  facet normal -0 0 -1
    outer loop
      vertex 6.59413 9.60964 0
      vertex 3.31044 3.94524 0
      vertex 6.30293 9.70146 0
    endloop
  endfacet
  facet normal 0 0 -1
    outer loop
      vertex 3.64169 -3.64169 0
      vertex 5.02513 -10.5155 0
      vertex 4.81884 -10.7406 0
    endloop
  endfacet
  facet normal 0 0 -1
    outer loop
      vertex 2.95399 4.21873 0
      vertex 6.30293 9.70146 0
      vertex 3.31044 3.94524 0
    endloop
  endfacet
  facet normal 0 0 -1
    outer loop
      vertex 3.64169 -3.64169 0
      vertex 4.81884 -10.7406 0
      vertex 4.63297 -10.9829 0
    endloop
  endfacet
  facet normal -0 0 -1
    outer loop
      vertex 6.30293 9.70146 0
      vertex 2.95399 4.21873 0
      vertex 6.02084 9.8183 0
    endloop
  endfacet
  facet normal 0 0 -1
    outer loop
      vertex 3.64169 -3.64169 0
      vertex 4.63297 -10.9829 0
      vertex 4.46891 -11.2404 0
    endloop
  endfacet
  facet normal 0 0 -1
    outer loop
      vertex 2.57507 4.46016 0
      vertex 6.02084 9.8183 0
      vertex 2.95399 4.21873 0
    endloop
  endfacet
  facet normal 0 0 -1
    outer loop
      vertex 3.64169 -3.64169 0
      vertex 4.46891 -11.2404 0
      vertex 4.32792 -11.5112 0
    endloop
  endfacet
  facet normal -0 0 -1
    outer loop
      vertex 6.02084 9.8183 0
      vertex 2.57507 4.46016 0
      vertex 5.75 9.95929 0
    endloop
  endfacet
  facet normal 0 0 -1
    outer loop
      vertex 3.64169 -3.64169 0
      vertex 4.32792 -11.5112 0
      vertex 4.21108 -11.7933 0
    endloop
  endfacet
  facet normal -0 0 -1
    outer loop
      vertex 5.75 9.95929 0
      vertex 2.57507 4.46016 0
      vertex 5.49248 10.1233 0
    endloop
  endfacet
  facet normal 0 0 -1
    outer loop
      vertex 2.17653 4.6676 0
      vertex 5.49248 10.1233 0
      vertex 2.57507 4.46016 0
    endloop
  endfacet
  facet normal 0 0 -1
    outer loop
      vertex 3.64169 -3.64169 0
      vertex 4.21108 -11.7933 0
      vertex 4.11926 -12.0845 0
    endloop
  endfacet
  facet normal 0 0 -1
    outer loop
      vertex 3.64169 -3.64169 0
      vertex 4.11926 -12.0845 0
      vertex 4.05317 -12.3826 0
    endloop
  endfacet
  facet normal 0 0 -1
    outer loop
      vertex 3.64169 -3.64169 0
      vertex 4.05317 -12.3826 0
      vertex 4.01332 -12.6853 0
    endloop
  endfacet
  facet normal 0 0 -1
    outer loop
      vertex -4.01332 -12.6853 0
      vertex 4.01332 -12.6853 0
      vertex 4 -12.9904 0
    endloop
  endfacet
  facet normal 0 0 -1
    outer loop
      vertex 7.19495 -9.5037 0
      vertex 3.94524 -3.31044 0
      vertex 4.14999 -3.04358 0
    endloop
  endfacet
  facet normal 0 0 -1
    outer loop
      vertex 10.6721 14.4695 0
      vertex 16.3178 18.2462 0
      vertex 10.7889 14.1875 0
    endloop
  endfacet
  facet normal 0 0 -1
    outer loop
      vertex 11.5648 -21.5743 0
      vertex 10.9867 -13.2954 0
      vertex 11 -12.9904 0
    endloop
  endfacet
  facet normal 0 0 -1
    outer loop
      vertex 11.5648 -21.5743 0
      vertex 10.9468 -13.5981 0
      vertex 10.9867 -13.2954 0
    endloop
  endfacet
  facet normal 0 0 -1
    outer loop
      vertex 11.5648 -21.5743 0
      vertex 10.8807 -13.8962 0
      vertex 10.9468 -13.5981 0
    endloop
  endfacet
  facet normal 0 0 -1
    outer loop
      vertex 11.5648 -21.5743 0
      vertex 10.7889 -14.1875 0
      vertex 10.8807 -13.8962 0
    endloop
  endfacet
  facet normal 0 0 -1
    outer loop
      vertex 11.5648 -21.5743 0
      vertex 10.6721 -14.4695 0
      vertex 10.7889 -14.1875 0
    endloop
  endfacet
  facet normal 0 0 -1
    outer loop
      vertex 10.6709 -23.7119 0
      vertex 11.0393 -21.8478 0
      vertex 11.3053 -23.4161 0
    endloop
  endfacet
  facet normal 0 0 -1
    outer loop
      vertex 9.64046 -22.5002 0
      vertex 11.0393 -21.8478 0
      vertex 10.6709 -23.7119 0
    endloop
  endfacet
  facet normal 0 0 -1
    outer loop
      vertex 11.5648 -21.5743 0
      vertex 10.5311 -14.7404 0
      vertex 10.6721 -14.4695 0
    endloop
  endfacet
  facet normal 0 0 -1
    outer loop
      vertex 11.5648 -21.5743 0
      vertex 10.367 -14.9979 0
      vertex 10.5311 -14.7404 0
    endloop
  endfacet
  facet normal 0 0 -1
    outer loop
      vertex 11.5648 -21.5743 0
      vertex 10.1812 -15.2401 0
      vertex 10.367 -14.9979 0
    endloop
  endfacet
  facet normal 0 0 -1
    outer loop
      vertex 8.69707 -16.2793 0
      vertex 11.0393 -21.8478 0
      vertex 9.64046 -22.5002 0
    endloop
  endfacet
  facet normal 0 0 -1
    outer loop
      vertex 11.5648 -21.5743 0
      vertex 9.97487 -15.4653 0
      vertex 10.1812 -15.2401 0
    endloop
  endfacet
  facet normal 0 0 -1
    outer loop
      vertex 11.5648 -21.5743 0
      vertex 9.74976 -15.6715 0
      vertex 9.97487 -15.4653 0
    endloop
  endfacet
  facet normal 0 0 -1
    outer loop
      vertex 11.5648 -21.5743 0
      vertex 9.50752 -15.8574 0
      vertex 9.74976 -15.6715 0
    endloop
  endfacet
  facet normal 0 0 -1
    outer loop
      vertex 11.5648 -21.5743 0
      vertex 9.25 -16.0215 0
      vertex 9.50752 -15.8574 0
    endloop
  endfacet
  facet normal 0 0 -1
    outer loop
      vertex 7.80504 -16.4771 0
      vertex 9.64046 -22.5002 0
      vertex 9.09318 -22.7268 0
    endloop
  endfacet
  facet normal 0 0 -1
    outer loop
      vertex 11.5648 -21.5743 0
      vertex 8.97916 -16.1625 0
      vertex 9.25 -16.0215 0
    endloop
  endfacet
  facet normal 0 0 -1
    outer loop
      vertex 11.5648 -21.5743 0
      vertex 12.9015 -20.8026 0
      vertex 12.6969 -22.6917 0
    endloop
  endfacet
  facet normal 0 0 -1
    outer loop
      vertex 12.6969 -22.6917 0
      vertex 12.9015 -20.8026 0
      vertex 13.3031 -22.3417 0
    endloop
  endfacet
  facet normal 0 0 -1
    outer loop
      vertex 13.4011 -20.4843 0
      vertex 14.6655 -19.599 0
      vertex 14.6263 -21.4987 0
    endloop
  endfacet
  facet normal 0 0 -1
    outer loop
      vertex 14.6263 -21.4987 0
      vertex 14.6655 -19.599 0
      vertex 15.1997 -21.0972 0
    endloop
  endfacet
  facet normal 0 0 -1
    outer loop
      vertex 16.4444 -20.1421 0
      vertex 16.3178 -18.2462 0
      vertex 16.9806 -19.6922 0
    endloop
  endfacet
  facet normal 0 0 -1
    outer loop
      vertex 11 -12.9904 0
      vertex 16.3178 -18.2462 0
      vertex 15.1354 -19.2384 0
    endloop
  endfacet
  facet normal 0 0 -1
    outer loop
      vertex 15.1354 -19.2384 0
      vertex 16.3178 -18.2462 0
      vertex 16.4444 -20.1421 0
    endloop
  endfacet
  facet normal 0 0 -1
    outer loop
      vertex 18.1373 -18.6322 0
      vertex 17.846 -16.7546 0
      vertex 18.6322 -18.1373 0
    endloop
  endfacet
  facet normal 0 0 -1
    outer loop
      vertex 11 -12.9904 0
      vertex 17.846 -16.7546 0
      vertex 16.7546 -17.846 0
    endloop
  endfacet
  facet normal 0 0 -1
    outer loop
      vertex 16.7546 -17.846 0
      vertex 17.846 -16.7546 0
      vertex 18.1373 -18.6322 0
    endloop
  endfacet
  facet normal 0 0 -1
    outer loop
      vertex 19.6922 -16.9806 0
      vertex 19.2384 -15.1354 0
      vertex 20.1421 -16.4444 0
    endloop
  endfacet
  facet normal 0 0 -1
    outer loop
      vertex 11 -12.9904 0
      vertex 19.2384 -15.1354 0
      vertex 18.2462 -16.3178 0
    endloop
  endfacet
  facet normal 0 0 -1
    outer loop
      vertex 18.2462 -16.3178 0
      vertex 19.2384 -15.1354 0
      vertex 19.6922 -16.9806 0
    endloop
  endfacet
  facet normal 0 0 -1
    outer loop
      vertex 21.0972 -15.1997 0
      vertex 20.4843 -13.4011 0
      vertex 21.4987 -14.6263 0
    endloop
  endfacet
  facet normal 0 0 -1
    outer loop
      vertex 19.2384 -15.1354 0
      vertex 10.9867 -12.6853 0
      vertex 19.599 -14.6655 0
    endloop
  endfacet
  facet normal 0 0 -1
    outer loop
      vertex 19.599 -14.6655 0
      vertex 20.4843 -13.4011 0
      vertex 21.0972 -15.1997 0
    endloop
  endfacet
  facet normal 0 0 -1
    outer loop
      vertex 22.3417 -13.3031 0
      vertex 21.5743 -11.5648 0
      vertex 22.6917 -12.6969 0
    endloop
  endfacet
  facet normal 0 0 -1
    outer loop
      vertex 19.599 -14.6655 0
      vertex 10.9468 -12.3826 0
      vertex 20.4843 -13.4011 0
    endloop
  endfacet
  facet normal 0 0 -1
    outer loop
      vertex 20.8026 -12.9015 0
      vertex 21.5743 -11.5648 0
      vertex 22.3417 -13.3031 0
    endloop
  endfacet
  facet normal 0 0 -1
    outer loop
      vertex 23.4161 -11.3053 0
      vertex 22.5002 -9.64046 0
      vertex 23.7119 -10.6709 0
    endloop
  endfacet
  facet normal 0 0 -1
    outer loop
      vertex 10.7889 -11.7933 0
      vertex 20.4843 -13.4011 0
      vertex 10.8807 -12.0845 0
    endloop
  endfacet
  facet normal 0 0 -1
    outer loop
      vertex 21.8478 -11.0393 0
      vertex 22.5002 -9.64046 0
      vertex 23.4161 -11.3053 0
    endloop
  endfacet
  facet normal 0 0 -1
    outer loop
      vertex 24.3123 -9.22141 0
      vertex 23.2548 -7.64275 0
      vertex 24.5517 -8.56363 0
    endloop
  endfacet
  facet normal 0 0 -1
    outer loop
      vertex 10.6721 -11.5112 0
      vertex 20.8026 -12.9015 0
      vertex 10.7889 -11.7933 0
    endloop
  endfacet
  facet normal 0 0 -1
    outer loop
      vertex 22.7268 -9.09318 0
      vertex 23.2548 -7.64275 0
      vertex 24.3123 -9.22141 0
    endloop
  endfacet
  facet normal 0 0 -1
    outer loop
      vertex 25.0235 -7.06735 0
      vertex 23.8324 -5.58688 0
      vertex 25.2047 -6.39122 0
    endloop
  endfacet
  facet normal 0 0 -1
    outer loop
      vertex 10.5311 -11.2404 0
      vertex 21.5743 -11.5648 0
      vertex 10.6721 -11.5112 0
    endloop
  endfacet
  facet normal 0 0 -1
    outer loop
      vertex 23.4329 -7.0778 0
      vertex 23.8324 -5.58688 0
      vertex 25.0235 -7.06735 0
    endloop
  endfacet
  facet normal 0 0 -1
    outer loop
      vertex 25.5442 -4.85951 0
      vertex 24.2286 -3.4885 0
      vertex 25.6658 -4.17017 0
    endloop
  endfacet
  facet normal -0 0 -1
    outer loop
      vertex 21.8478 -11.0393 0
      vertex 10.5311 -11.2404 0
      vertex 22.5002 -9.64046 0
    endloop
  endfacet
  facet normal 0 0 -1
    outer loop
      vertex 23.9606 -5.00855 0
      vertex 24.2286 -3.4885 0
      vertex 25.5442 -4.85951 0
    endloop
  endfacet
  facet normal 0 0 -1
    outer loop
      vertex 25.8705 -2.6147 0
      vertex 24.4405 -1.36355 0
      vertex 25.9316 -1.91739 0
    endloop
  endfacet
  facet normal -0 0 -1
    outer loop
      vertex 22.5002 -9.64046 0
      vertex 10.367 -10.9829 0
      vertex 22.7268 -9.09318 0
    endloop
  endfacet
  facet normal 0 0 -1
    outer loop
      vertex 24.3059 -2.90119 0
      vertex 24.4405 -1.36355 0
      vertex 25.8705 -2.6147 0
    endloop
  endfacet
  facet normal 0 0 -1
    outer loop
      vertex 24.4663 -0.77176 0
      vertex 26 0.349991 0
      vertex 26 -0.349991 0
    endloop
  endfacet
  facet normal 0 0 -1
    outer loop
      vertex 24.4663 -0.77176 0
      vertex 24.4663 0.77176 0
      vertex 26 0.349991 0
    endloop
  endfacet
  facet normal 0 0 -1
    outer loop
      vertex 10.1812 -10.7406 0
      vertex 22.7268 -9.09318 0
      vertex 10.367 -10.9829 0
    endloop
  endfacet
  facet normal -0 0 -1
    outer loop
      vertex 22.7268 -9.09318 0
      vertex 10.1812 -10.7406 0
      vertex 23.2548 -7.64275 0
    endloop
  endfacet
  facet normal 0 0 -1
    outer loop
      vertex 24.4405 1.36355 0
      vertex 25.8705 2.6147 0
      vertex 25.9316 1.91739 0
    endloop
  endfacet
  facet normal 0 0 -1
    outer loop
      vertex 24.4405 1.36355 0
      vertex 24.3059 2.90119 0
      vertex 25.8705 2.6147 0
    endloop
  endfacet
  facet normal 0 0 -1
    outer loop
      vertex 9.97487 -10.5155 0
      vertex 23.2548 -7.64275 0
      vertex 10.1812 -10.7406 0
    endloop
  endfacet
  facet normal 0 0 -1
    outer loop
      vertex 10.367 -10.9829 0
      vertex 22.5002 -9.64046 0
      vertex 10.5311 -11.2404 0
    endloop
  endfacet
  facet normal 0 0 -1
    outer loop
      vertex 24.4663 0.77176 0
      vertex 11 12.9904 0
      vertex 24.4405 1.36355 0
    endloop
  endfacet
  facet normal 0 0 -1
    outer loop
      vertex 24.2286 3.4885 0
      vertex 25.5442 4.85951 0
      vertex 25.6658 4.17017 0
    endloop
  endfacet
  facet normal 0 0 -1
    outer loop
      vertex 24.2286 3.4885 0
      vertex 23.9606 5.00855 0
      vertex 25.5442 4.85951 0
    endloop
  endfacet
  facet normal 0 0 -1
    outer loop
      vertex 24.4405 1.36355 0
      vertex 11 12.9904 0
      vertex 24.3059 2.90119 0
    endloop
  endfacet
  facet normal 0 0 -1
    outer loop
      vertex 21.5743 -11.5648 0
      vertex 10.5311 -11.2404 0
      vertex 21.8478 -11.0393 0
    endloop
  endfacet
  facet normal 0 0 -1
    outer loop
      vertex 24.3059 2.90119 0
      vertex 11 12.9904 0
      vertex 24.2286 3.4885 0
    endloop
  endfacet
  facet normal 0 0 -1
    outer loop
      vertex 23.8324 5.58688 0
      vertex 25.0235 7.06735 0
      vertex 25.2047 6.39122 0
    endloop
  endfacet
  facet normal 0 0 -1
    outer loop
      vertex 23.8324 5.58688 0
      vertex 23.4329 7.0778 0
      vertex 25.0235 7.06735 0
    endloop
  endfacet
  facet normal 0 0 -1
    outer loop
      vertex 24.2286 3.4885 0
      vertex 11 12.9904 0
      vertex 23.9606 5.00855 0
    endloop
  endfacet
  facet normal 0 0 -1
    outer loop
      vertex 20.8026 -12.9015 0
      vertex 10.6721 -11.5112 0
      vertex 21.5743 -11.5648 0
    endloop
  endfacet
  facet normal 0 0 -1
    outer loop
      vertex 23.9606 5.00855 0
      vertex 11 12.9904 0
      vertex 23.8324 5.58688 0
    endloop
  endfacet
  facet normal 0 0 -1
    outer loop
      vertex 23.2548 7.64275 0
      vertex 24.3123 9.22141 0
      vertex 24.5517 8.56363 0
    endloop
  endfacet
  facet normal 0 0 -1
    outer loop
      vertex 23.2548 7.64275 0
      vertex 22.7268 9.09318 0
      vertex 24.3123 9.22141 0
    endloop
  endfacet
  facet normal 0 0 -1
    outer loop
      vertex 23.8324 5.58688 0
      vertex 11 12.9904 0
      vertex 23.4329 7.0778 0
    endloop
  endfacet
  facet normal 0 0 -1
    outer loop
      vertex 20.4843 -13.4011 0
      vertex 10.7889 -11.7933 0
      vertex 20.8026 -12.9015 0
    endloop
  endfacet
  facet normal 0 0 -1
    outer loop
      vertex 23.4329 7.0778 0
      vertex 11 12.9904 0
      vertex 23.2548 7.64275 0
    endloop
  endfacet
  facet normal 0 0 -1
    outer loop
      vertex 22.5002 9.64046 0
      vertex 23.4161 11.3053 0
      vertex 23.7119 10.6709 0
    endloop
  endfacet
  facet normal 0 0 -1
    outer loop
      vertex 22.5002 9.64046 0
      vertex 21.8478 11.0393 0
      vertex 23.4161 11.3053 0
    endloop
  endfacet
  facet normal 0 0 -1
    outer loop
      vertex 23.2548 7.64275 0
      vertex 11 12.9904 0
      vertex 22.7268 9.09318 0
    endloop
  endfacet
  facet normal 0 0 -1
    outer loop
      vertex 10.8807 -12.0845 0
      vertex 20.4843 -13.4011 0
      vertex 10.9468 -12.3826 0
    endloop
  endfacet
  facet normal 0 0 -1
    outer loop
      vertex 22.7268 9.09318 0
      vertex 11 12.9904 0
      vertex 22.5002 9.64046 0
    endloop
  endfacet
  facet normal 0 0 -1
    outer loop
      vertex 21.5743 11.5648 0
      vertex 22.3417 13.3031 0
      vertex 22.6917 12.6969 0
    endloop
  endfacet
  facet normal 0 0 -1
    outer loop
      vertex 21.5743 11.5648 0
      vertex 20.8026 12.9015 0
      vertex 22.3417 13.3031 0
    endloop
  endfacet
  facet normal 0 0 -1
    outer loop
      vertex 22.5002 9.64046 0
      vertex 11 12.9904 0
      vertex 21.8478 11.0393 0
    endloop
  endfacet
  facet normal 0 0 -1
    outer loop
      vertex 10.9468 -12.3826 0
      vertex 19.599 -14.6655 0
      vertex 10.9867 -12.6853 0
    endloop
  endfacet
  facet normal 0 0 -1
    outer loop
      vertex 21.8478 11.0393 0
      vertex 11 12.9904 0
      vertex 21.5743 11.5648 0
    endloop
  endfacet
  facet normal 0 0 -1
    outer loop
      vertex 20.4843 13.4011 0
      vertex 21.0972 15.1997 0
      vertex 21.4987 14.6263 0
    endloop
  endfacet
  facet normal 0 0 -1
    outer loop
      vertex 20.4843 13.4011 0
      vertex 19.599 14.6655 0
      vertex 21.0972 15.1997 0
    endloop
  endfacet
  facet normal 0 0 -1
    outer loop
      vertex 21.5743 11.5648 0
      vertex 11 12.9904 0
      vertex 20.8026 12.9015 0
    endloop
  endfacet
  facet normal 0 0 -1
    outer loop
      vertex 10.9867 -12.6853 0
      vertex 19.2384 -15.1354 0
      vertex 11 -12.9904 0
    endloop
  endfacet
  facet normal 0 0 -1
    outer loop
      vertex 20.8026 12.9015 0
      vertex 11 12.9904 0
      vertex 20.4843 13.4011 0
    endloop
  endfacet
  facet normal 0 0 -1
    outer loop
      vertex 19.2384 15.1354 0
      vertex 19.6922 16.9806 0
      vertex 20.1421 16.4444 0
    endloop
  endfacet
  facet normal 0 0 -1
    outer loop
      vertex 19.2384 15.1354 0
      vertex 18.2462 16.3178 0
      vertex 19.6922 16.9806 0
    endloop
  endfacet
  facet normal -0 0 -1
    outer loop
      vertex 20.4843 13.4011 0
      vertex 11 12.9904 0
      vertex 19.599 14.6655 0
    endloop
  endfacet
  facet normal 0 0 -1
    outer loop
      vertex 11 -12.9904 0
      vertex 18.2462 -16.3178 0
      vertex 17.846 -16.7546 0
    endloop
  endfacet
  facet normal -0 0 -1
    outer loop
      vertex 19.599 14.6655 0
      vertex 11 12.9904 0
      vertex 19.2384 15.1354 0
    endloop
  endfacet
  facet normal 0 0 -1
    outer loop
      vertex 17.846 16.7546 0
      vertex 18.1373 18.6322 0
      vertex 18.6322 18.1373 0
    endloop
  endfacet
  facet normal 0 0 -1
    outer loop
      vertex 17.846 16.7546 0
      vertex 16.7546 17.846 0
      vertex 18.1373 18.6322 0
    endloop
  endfacet
  facet normal -0 0 -1
    outer loop
      vertex 19.2384 15.1354 0
      vertex 11 12.9904 0
      vertex 18.2462 16.3178 0
    endloop
  endfacet
  facet normal 0 0 -1
    outer loop
      vertex 11 -12.9904 0
      vertex 16.7546 -17.846 0
      vertex 16.3178 -18.2462 0
    endloop
  endfacet
  facet normal 0 0 -1
    outer loop
      vertex 10.9867 13.2954 0
      vertex 18.2462 16.3178 0
      vertex 11 12.9904 0
    endloop
  endfacet
  facet normal 0 0 -1
    outer loop
      vertex 16.3178 18.2462 0
      vertex 16.4444 20.1421 0
      vertex 16.9806 19.6922 0
    endloop
  endfacet
  facet normal 0 0 -1
    outer loop
      vertex 16.3178 18.2462 0
      vertex 15.1354 19.2384 0
      vertex 16.4444 20.1421 0
    endloop
  endfacet
  facet normal -0 0 -1
    outer loop
      vertex 18.2462 16.3178 0
      vertex 10.9867 13.2954 0
      vertex 17.846 16.7546 0
    endloop
  endfacet
  facet normal 0 0 -1
    outer loop
      vertex 11 -12.9904 0
      vertex 15.1354 -19.2384 0
      vertex 14.6655 -19.599 0
    endloop
  endfacet
  facet normal 0 0 -1
    outer loop
      vertex 10.9468 13.5981 0
      vertex 17.846 16.7546 0
      vertex 10.9867 13.2954 0
    endloop
  endfacet
  facet normal 0 0 -1
    outer loop
      vertex 14.6655 19.599 0
      vertex 14.6263 21.4987 0
      vertex 15.1997 21.0972 0
    endloop
  endfacet
  facet normal 0 0 -1
    outer loop
      vertex 11 -12.9904 0
      vertex 14.6655 -19.599 0
      vertex 13.4011 -20.4843 0
    endloop
  endfacet
  facet normal 0 0 -1
    outer loop
      vertex 10.8807 13.8962 0
      vertex 17.846 16.7546 0
      vertex 10.9468 13.5981 0
    endloop
  endfacet
  facet normal 0 0 -1
    outer loop
      vertex 14.6655 19.599 0
      vertex 13.4011 20.4843 0
      vertex 14.6263 21.4987 0
    endloop
  endfacet
  facet normal 0 0 -1
    outer loop
      vertex 11 -12.9904 0
      vertex 13.4011 -20.4843 0
      vertex 12.9015 -20.8026 0
    endloop
  endfacet
  facet normal -0 0 -1
    outer loop
      vertex 17.846 16.7546 0
      vertex 10.8807 13.8962 0
      vertex 16.7546 17.846 0
    endloop
  endfacet
  facet normal 0 0 -1
    outer loop
      vertex 12.9015 20.8026 0
      vertex 12.6969 22.6917 0
      vertex 13.3031 22.3417 0
    endloop
  endfacet
  facet normal 0 0 -1
    outer loop
      vertex 11 -12.9904 0
      vertex 12.9015 -20.8026 0
      vertex 11.5648 -21.5743 0
    endloop
  endfacet
  facet normal 0 0 -1
    outer loop
      vertex 10.7889 14.1875 0
      vertex 16.7546 17.846 0
      vertex 10.8807 13.8962 0
    endloop
  endfacet
  facet normal 0 0 -1
    outer loop
      vertex 12.9015 20.8026 0
      vertex 11.5648 21.5743 0
      vertex 12.6969 22.6917 0
    endloop
  endfacet
  facet normal 0 0 -1
    outer loop
      vertex 8.69707 -16.2793 0
      vertex 11.5648 -21.5743 0
      vertex 11.0393 -21.8478 0
    endloop
  endfacet
  facet normal -0 0 -1
    outer loop
      vertex 16.7546 17.846 0
      vertex 10.7889 14.1875 0
      vertex 16.3178 18.2462 0
    endloop
  endfacet
  facet normal 0 0 -1
    outer loop
      vertex 10.5311 14.7404 0
      vertex 16.3178 18.2462 0
      vertex 10.6721 14.4695 0
    endloop
  endfacet
  facet normal -0 0 -1
    outer loop
      vertex 16.3178 18.2462 0
      vertex 10.5311 14.7404 0
      vertex 15.1354 19.2384 0
    endloop
  endfacet
  facet normal 0 0 -1
    outer loop
      vertex 10.367 14.9979 0
      vertex 15.1354 19.2384 0
      vertex 10.5311 14.7404 0
    endloop
  endfacet
  facet normal -0 0 -1
    outer loop
      vertex 15.1354 19.2384 0
      vertex 10.367 14.9979 0
      vertex 14.6655 19.599 0
    endloop
  endfacet
  facet normal 0 0 -1
    outer loop
      vertex 10.1812 15.2401 0
      vertex 14.6655 19.599 0
      vertex 10.367 14.9979 0
    endloop
  endfacet
  facet normal 0 0 -1
    outer loop
      vertex 9.97487 15.4653 0
      vertex 14.6655 19.599 0
      vertex 10.1812 15.2401 0
    endloop
  endfacet
  facet normal 0 0 -1
    outer loop
      vertex 11.0393 21.8478 0
      vertex 10.6709 23.7119 0
      vertex 11.3053 23.4161 0
    endloop
  endfacet
  facet normal -0 0 -1
    outer loop
      vertex 14.6655 19.599 0
      vertex 9.97487 15.4653 0
      vertex 13.4011 20.4843 0
    endloop
  endfacet
  facet normal 0 0 -1
    outer loop
      vertex 9.74976 15.6715 0
      vertex 13.4011 20.4843 0
      vertex 9.97487 15.4653 0
    endloop
  endfacet
  facet normal -0 0 -1
    outer loop
      vertex 13.4011 20.4843 0
      vertex 9.74976 15.6715 0
      vertex 12.9015 20.8026 0
    endloop
  endfacet
  facet normal 0 0 -1
    outer loop
      vertex 9.50752 15.8574 0
      vertex 12.9015 20.8026 0
      vertex 9.74976 15.6715 0
    endloop
  endfacet
  facet normal 0 0 -1
    outer loop
      vertex 9.25 16.0215 0
      vertex 12.9015 20.8026 0
      vertex 9.50752 15.8574 0
    endloop
  endfacet
  facet normal -0 0 -1
    outer loop
      vertex 12.9015 20.8026 0
      vertex 9.25 16.0215 0
      vertex 11.5648 21.5743 0
    endloop
  endfacet
  facet normal 0 0 -1
    outer loop
      vertex 11.0393 21.8478 0
      vertex 9.64046 22.5002 0
      vertex 10.6709 23.7119 0
    endloop
  endfacet
  facet normal 0 0 -1
    outer loop
      vertex 8.97916 16.1625 0
      vertex 11.5648 21.5743 0
      vertex 9.25 16.0215 0
    endloop
  endfacet
  facet normal 0 0 -1
    outer loop
      vertex 8.69707 16.2793 0
      vertex 11.5648 21.5743 0
      vertex 8.97916 16.1625 0
    endloop
  endfacet
  facet normal -0 0 -1
    outer loop
      vertex 11.5648 21.5743 0
      vertex 8.69707 16.2793 0
      vertex 11.0393 21.8478 0
    endloop
  endfacet
  facet normal 0 0 -1
    outer loop
      vertex 8.40587 16.3711 0
      vertex 11.0393 21.8478 0
      vertex 8.69707 16.2793 0
    endloop
  endfacet
  facet normal -0 0 -1
    outer loop
      vertex 11.0393 21.8478 0
      vertex 8.40587 16.3711 0
      vertex 9.64046 22.5002 0
    endloop
  endfacet
  facet normal 0 0 -1
    outer loop
      vertex 9.09318 22.7268 0
      vertex 8.56363 24.5517 0
      vertex 9.22141 24.3123 0
    endloop
  endfacet
  facet normal 0 0 -1
    outer loop
      vertex 8.10777 16.4372 0
      vertex 9.64046 22.5002 0
      vertex 8.40587 16.3711 0
    endloop
  endfacet
  facet normal 0 0 -1
    outer loop
      vertex 7.80504 16.4771 0
      vertex 9.64046 22.5002 0
      vertex 8.10777 16.4372 0
    endloop
  endfacet
  facet normal -0 0 -1
    outer loop
      vertex 9.64046 22.5002 0
      vertex 7.80504 16.4771 0
      vertex 9.09318 22.7268 0
    endloop
  endfacet
  facet normal 0 0 -1
    outer loop
      vertex 7.5 16.4904 0
      vertex 9.09318 22.7268 0
      vertex 7.80504 16.4771 0
    endloop
  endfacet
  facet normal 0 0 -1
    outer loop
      vertex 9.09318 22.7268 0
      vertex 7.64275 23.2548 0
      vertex 8.56363 24.5517 0
    endloop
  endfacet
  facet normal -0 0 -1
    outer loop
      vertex 9.09318 22.7268 0
      vertex 7.5 16.4904 0
      vertex 7.64275 23.2548 0
    endloop
  endfacet
  facet normal 0 0 -1
    outer loop
      vertex 7.19495 16.4771 0
      vertex 7.64275 23.2548 0
      vertex 7.5 16.4904 0
    endloop
  endfacet
  facet normal 0 0 -1
    outer loop
      vertex 6.89223 16.4372 0
      vertex 7.64275 23.2548 0
      vertex 7.19495 16.4771 0
    endloop
  endfacet
  facet normal -0 0 -1
    outer loop
      vertex 7.64275 23.2548 0
      vertex 6.89223 16.4372 0
      vertex 7.0778 23.4329 0
    endloop
  endfacet
  facet normal 0 0 -1
    outer loop
      vertex 6.59413 16.3711 0
      vertex 7.0778 23.4329 0
      vertex 6.89223 16.4372 0
    endloop
  endfacet
  facet normal -0 0 -1
    outer loop
      vertex 7.0778 23.4329 0
      vertex 6.59413 16.3711 0
      vertex 5.58688 23.8324 0
    endloop
  endfacet
  facet normal 0 0 -1
    outer loop
      vertex 7.0778 23.4329 0
      vertex 5.58688 23.8324 0
      vertex 7.06735 25.0235 0
    endloop
  endfacet
  facet normal 0 0 -1
    outer loop
      vertex 5.58688 23.8324 0
      vertex 6.59413 16.3711 0
      vertex 6.30293 16.2793 0
    endloop
  endfacet
  facet normal 0 0 -1
    outer loop
      vertex 5.58688 23.8324 0
      vertex 6.30293 16.2793 0
      vertex 6.02084 16.1625 0
    endloop
  endfacet
  facet normal 0 0 -1
    outer loop
      vertex 5.00855 23.9606 0
      vertex 6.02084 16.1625 0
      vertex 5.75 16.0215 0
    endloop
  endfacet
  facet normal -0 0 -1
    outer loop
      vertex 7.06735 25.0235 0
      vertex 5.58688 23.8324 0
      vertex 6.39122 25.2047 0
    endloop
  endfacet
  facet normal 0 0 -1
    outer loop
      vertex 3.4885 24.2286 0
      vertex 5.75 16.0215 0
      vertex 5.49248 15.8574 0
    endloop
  endfacet
  facet normal 0 0 -1
    outer loop
      vertex 2.90119 24.3059 0
      vertex 5.49248 15.8574 0
      vertex 5.25024 15.6715 0
    endloop
  endfacet
  facet normal 0 0 -1
    outer loop
      vertex 2.90119 24.3059 0
      vertex 5.25024 15.6715 0
      vertex 5.02513 15.4653 0
    endloop
  endfacet
  facet normal 0 0 -1
    outer loop
      vertex 6.02084 16.1625 0
      vertex 5.00855 23.9606 0
      vertex 5.58688 23.8324 0
    endloop
  endfacet
  facet normal 0 0 -1
    outer loop
      vertex 5.75 16.0215 0
      vertex 3.4885 24.2286 0
      vertex 5.00855 23.9606 0
    endloop
  endfacet
  facet normal 0 0 -1
    outer loop
      vertex 1.36355 24.4405 0
      vertex 5.02513 15.4653 0
      vertex 4.81884 15.2401 0
    endloop
  endfacet
  facet normal 0 0 -1
    outer loop
      vertex 0.77176 24.4663 0
      vertex 4.81884 15.2401 0
      vertex 4.63297 14.9979 0
    endloop
  endfacet
  facet normal 0 0 -1
    outer loop
      vertex -4.63297 14.9979 0
      vertex 4.63297 14.9979 0
      vertex 4.46891 14.7404 0
    endloop
  endfacet
  facet normal 0 0 -1
    outer loop
      vertex -4.46891 14.7404 0
      vertex 4.46891 14.7404 0
      vertex 4.32792 14.4695 0
    endloop
  endfacet
  facet normal 0 0 -1
    outer loop
      vertex -4.32792 14.4695 0
      vertex 4.32792 14.4695 0
      vertex 4.21108 14.1875 0
    endloop
  endfacet
  facet normal 0 0 -1
    outer loop
      vertex 5.00855 23.9606 0
      vertex 3.4885 24.2286 0
      vertex 4.85951 25.5442 0
    endloop
  endfacet
  facet normal 0 0 -1
    outer loop
      vertex -4.21108 14.1875 0
      vertex 4.21108 14.1875 0
      vertex 4.11926 13.8962 0
    endloop
  endfacet
  facet normal 0 0 -1
    outer loop
      vertex -4.11926 13.8962 0
      vertex 4.11926 13.8962 0
      vertex 4.05317 13.5981 0
    endloop
  endfacet
  facet normal 0 0 -1
    outer loop
      vertex -4.05317 13.5981 0
      vertex 4.05317 13.5981 0
      vertex 4.01332 13.2954 0
    endloop
  endfacet
  facet normal 0 0 -1
    outer loop
      vertex -4.01332 13.2954 0
      vertex 4.01332 13.2954 0
      vertex 4 12.9904 0
    endloop
  endfacet
  facet normal -0 0 -1
    outer loop
      vertex 4.81884 10.7406 0
      vertex 0.894318 5.07188 0
      vertex 4.63297 10.9829 0
    endloop
  endfacet
  facet normal -0 0 -1
    outer loop
      vertex 4.63297 10.9829 0
      vertex 0.894318 5.07188 0
      vertex 4.46891 11.2404 0
    endloop
  endfacet
  facet normal -0 0 -1
    outer loop
      vertex 4.85951 25.5442 0
      vertex 3.4885 24.2286 0
      vertex 4.17017 25.6658 0
    endloop
  endfacet
  facet normal 0 0 -1
    outer loop
      vertex 0.448868 5.13054 0
      vertex 4.46891 11.2404 0
      vertex 0.894318 5.07188 0
    endloop
  endfacet
  facet normal -0 0 -1
    outer loop
      vertex 4.46891 11.2404 0
      vertex 0.448868 5.13054 0
      vertex 4.32792 11.5112 0
    endloop
  endfacet
  facet normal 0 0 -1
    outer loop
      vertex 0 5.15015 0
      vertex 4.32792 11.5112 0
      vertex 0.448868 5.13054 0
    endloop
  endfacet
  facet normal 0 0 -1
    outer loop
      vertex -4.32792 11.5112 0
      vertex 4.32792 11.5112 0
      vertex 0 5.15015 0
    endloop
  endfacet
  facet normal 0 0 -1
    outer loop
      vertex 4.01332 13.2954 0
      vertex -4.01332 13.2954 0
      vertex -4.05317 13.5981 0
    endloop
  endfacet
  facet normal 0 0 -1
    outer loop
      vertex 4.05317 13.5981 0
      vertex -4.05317 13.5981 0
      vertex -4.11926 13.8962 0
    endloop
  endfacet
  facet normal 0 0 -1
    outer loop
      vertex 2.90119 24.3059 0
      vertex 1.36355 24.4405 0
      vertex 2.6147 25.8705 0
    endloop
  endfacet
  facet normal 0 0 -1
    outer loop
      vertex 4.32792 11.5112 0
      vertex -4.32792 11.5112 0
      vertex 4.21108 11.7933 0
    endloop
  endfacet
  facet normal -0 0 -1
    outer loop
      vertex 2.6147 25.8705 0
      vertex 1.36355 24.4405 0
      vertex 1.91739 25.9316 0
    endloop
  endfacet
  facet normal 0 0 -1
    outer loop
      vertex 4.21108 11.7933 0
      vertex -4.21108 11.7933 0
      vertex 4.11926 12.0845 0
    endloop
  endfacet
  facet normal 0 -0 -1
    outer loop
      vertex -4.11926 12.0845 0
      vertex 4.11926 12.0845 0
      vertex -4.21108 11.7933 0
    endloop
  endfacet
  facet normal 0 0 -1
    outer loop
      vertex 4.11926 13.8962 0
      vertex -4.11926 13.8962 0
      vertex -4.21108 14.1875 0
    endloop
  endfacet
  facet normal 0 0 -1
    outer loop
      vertex 4.11926 12.0845 0
      vertex -4.11926 12.0845 0
      vertex 4.05317 12.3826 0
    endloop
  endfacet
  facet normal 0 0 -1
    outer loop
      vertex 4.21108 14.1875 0
      vertex -4.21108 14.1875 0
      vertex -4.32792 14.4695 0
    endloop
  endfacet
  facet normal 0 -0 -1
    outer loop
      vertex -4.05317 12.3826 0
      vertex 4.05317 12.3826 0
      vertex -4.11926 12.0845 0
    endloop
  endfacet
  facet normal 0 0 -1
    outer loop
      vertex 0.77176 24.4663 0
      vertex -0.77176 24.4663 0
      vertex 0.349991 26 0
    endloop
  endfacet
  facet normal 0 0 -1
    outer loop
      vertex -4.32792 11.5112 0
      vertex 0 5.15015 0
      vertex -0.448868 5.13054 0
    endloop
  endfacet
  facet normal -0 0 -1
    outer loop
      vertex 0.349991 26 0
      vertex -0.77176 24.4663 0
      vertex -0.349991 26 0
    endloop
  endfacet
  facet normal 0 0 -1
    outer loop
      vertex -4.46891 11.2404 0
      vertex -0.448868 5.13054 0
      vertex -0.894318 5.07188 0
    endloop
  endfacet
  facet normal 0 0 -1
    outer loop
      vertex -4.81884 10.7406 0
      vertex -0.894318 5.07188 0
      vertex -1.33295 4.97464 0
    endloop
  endfacet
  facet normal 0 0 -1
    outer loop
      vertex 4.32792 14.4695 0
      vertex -4.32792 14.4695 0
      vertex -4.46891 14.7404 0
    endloop
  endfacet
  facet normal 0 0 -1
    outer loop
      vertex -5.02513 10.5155 0
      vertex -1.33295 4.97464 0
      vertex -1.76144 4.83954 0
    endloop
  endfacet
  facet normal 0 0 -1
    outer loop
      vertex 5.49248 15.8574 0
      vertex 2.90119 24.3059 0
      vertex 3.4885 24.2286 0
    endloop
  endfacet
  facet normal 0 0 -1
    outer loop
      vertex -5.25024 10.3092 0
      vertex -1.76144 4.83954 0
      vertex -2.17653 4.6676 0
    endloop
  endfacet
  facet normal 0 0 -1
    outer loop
      vertex -5.49248 10.1233 0
      vertex -2.17653 4.6676 0
      vertex -2.57507 4.46016 0
    endloop
  endfacet
  facet normal 0 0 -1
    outer loop
      vertex 4 12.9904 0
      vertex -4 12.9904 0
      vertex -4.01332 13.2954 0
    endloop
  endfacet
  facet normal 0 0 -1
    outer loop
      vertex -1.91739 25.9316 0
      vertex -2.90119 24.3059 0
      vertex -2.6147 25.8705 0
    endloop
  endfacet
  facet normal 0 0 -1
    outer loop
      vertex -6.02084 9.8183 0
      vertex -2.57507 4.46016 0
      vertex -2.95399 4.21873 0
    endloop
  endfacet
  facet normal 0 0 -1
    outer loop
      vertex -6.30293 9.70146 0
      vertex -2.95399 4.21873 0
      vertex -3.31044 3.94524 0
    endloop
  endfacet
  facet normal 0 0 -1
    outer loop
      vertex 5.02513 15.4653 0
      vertex 1.36355 24.4405 0
      vertex 2.90119 24.3059 0
    endloop
  endfacet
  facet normal 0 0 -1
    outer loop
      vertex -6.59413 9.60964 0
      vertex -3.31044 3.94524 0
      vertex -3.64169 3.64169 0
    endloop
  endfacet
  facet normal 0 0 -1
    outer loop
      vertex -6.89223 9.54355 0
      vertex -3.64169 3.64169 0
      vertex -3.94524 3.31044 0
    endloop
  endfacet
  facet normal 0 0 -1
    outer loop
      vertex 4.46891 14.7404 0
      vertex -4.46891 14.7404 0
      vertex -4.63297 14.9979 0
    endloop
  endfacet
  facet normal 0 0 -1
    outer loop
      vertex 4.81884 15.2401 0
      vertex 0.77176 24.4663 0
      vertex 1.36355 24.4405 0
    endloop
  endfacet
  facet normal -0 0 -1
    outer loop
      vertex -1.36355 24.4405 0
      vertex -2.90119 24.3059 0
      vertex -1.91739 25.9316 0
    endloop
  endfacet
  facet normal 0 0 -1
    outer loop
      vertex 4.63297 14.9979 0
      vertex -4.63297 14.9979 0
      vertex 0.77176 24.4663 0
    endloop
  endfacet
  facet normal -0 0 -1
    outer loop
      vertex 0.77176 24.4663 0
      vertex -4.63297 14.9979 0
      vertex -0.77176 24.4663 0
    endloop
  endfacet
  facet normal 0 0 -1
    outer loop
      vertex -4.81884 15.2401 0
      vertex -0.77176 24.4663 0
      vertex -4.63297 14.9979 0
    endloop
  endfacet
  facet normal 0 0 -1
    outer loop
      vertex -0.77176 24.4663 0
      vertex -4.81884 15.2401 0
      vertex -1.36355 24.4405 0
    endloop
  endfacet
  facet normal 0 0 -1
    outer loop
      vertex -5.02513 15.4653 0
      vertex -1.36355 24.4405 0
      vertex -4.81884 15.2401 0
    endloop
  endfacet
  facet normal 0 0 -1
    outer loop
      vertex -1.36355 24.4405 0
      vertex -5.02513 15.4653 0
      vertex -2.90119 24.3059 0
    endloop
  endfacet
  facet normal 0 0 -1
    outer loop
      vertex -5.25024 15.6715 0
      vertex -2.90119 24.3059 0
      vertex -5.02513 15.4653 0
    endloop
  endfacet
  facet normal -0 0 -1
    outer loop
      vertex -3.4885 24.2286 0
      vertex -5.00855 23.9606 0
      vertex -4.17017 25.6658 0
    endloop
  endfacet
  facet normal 0 0 -1
    outer loop
      vertex -4.17017 25.6658 0
      vertex -5.00855 23.9606 0
      vertex -4.85951 25.5442 0
    endloop
  endfacet
  facet normal 0 0 -1
    outer loop
      vertex -5.49248 15.8574 0
      vertex -2.90119 24.3059 0
      vertex -5.25024 15.6715 0
    endloop
  endfacet
  facet normal 0 0 -1
    outer loop
      vertex -2.90119 24.3059 0
      vertex -5.49248 15.8574 0
      vertex -3.4885 24.2286 0
    endloop
  endfacet
  facet normal 0 0 -1
    outer loop
      vertex -5.75 16.0215 0
      vertex -3.4885 24.2286 0
      vertex -5.49248 15.8574 0
    endloop
  endfacet
  facet normal 0 0 -1
    outer loop
      vertex -3.4885 24.2286 0
      vertex -5.75 16.0215 0
      vertex -5.00855 23.9606 0
    endloop
  endfacet
  facet normal 0 0 -1
    outer loop
      vertex -6.02084 16.1625 0
      vertex -5.00855 23.9606 0
      vertex -5.75 16.0215 0
    endloop
  endfacet
  facet normal 0 0 -1
    outer loop
      vertex -5.00855 23.9606 0
      vertex -6.02084 16.1625 0
      vertex -5.58688 23.8324 0
    endloop
  endfacet
  facet normal 0 0 -1
    outer loop
      vertex -6.30293 16.2793 0
      vertex -5.58688 23.8324 0
      vertex -6.02084 16.1625 0
    endloop
  endfacet
  facet normal 0 0 -1
    outer loop
      vertex -6.59413 16.3711 0
      vertex -5.58688 23.8324 0
      vertex -6.30293 16.2793 0
    endloop
  endfacet
  facet normal 0 0 -1
    outer loop
      vertex -5.58688 23.8324 0
      vertex -6.59413 16.3711 0
      vertex -7.0778 23.4329 0
    endloop
  endfacet
  facet normal 0 0 -1
    outer loop
      vertex -7.0778 23.4329 0
      vertex -6.59413 16.3711 0
      vertex -6.89223 16.4372 0
    endloop
  endfacet
  facet normal -0 0 -1
    outer loop
      vertex -5.58688 23.8324 0
      vertex -7.0778 23.4329 0
      vertex -6.39122 25.2047 0
    endloop
  endfacet
  facet normal 0 0 -1
    outer loop
      vertex -6.39122 25.2047 0
      vertex -7.0778 23.4329 0
      vertex -7.06735 25.0235 0
    endloop
  endfacet
  facet normal 0 0 -1
    outer loop
      vertex -7.64275 23.2548 0
      vertex -6.89223 16.4372 0
      vertex -7.19495 16.4771 0
    endloop
  endfacet
  facet normal 0 0 -1
    outer loop
      vertex -7.64275 23.2548 0
      vertex -7.19495 16.4771 0
      vertex -7.5 16.4904 0
    endloop
  endfacet
  facet normal 0 0 -1
    outer loop
      vertex -6.89223 16.4372 0
      vertex -7.64275 23.2548 0
      vertex -7.0778 23.4329 0
    endloop
  endfacet
  facet normal 0 0 -1
    outer loop
      vertex -9.09318 22.7268 0
      vertex -7.5 16.4904 0
      vertex -7.80504 16.4771 0
    endloop
  endfacet
  facet normal 0 0 -1
    outer loop
      vertex -9.64046 22.5002 0
      vertex -7.80504 16.4771 0
      vertex -8.10777 16.4372 0
    endloop
  endfacet
  facet normal 0 0 -1
    outer loop
      vertex -9.64046 22.5002 0
      vertex -8.10777 16.4372 0
      vertex -8.40587 16.3711 0
    endloop
  endfacet
  facet normal 0 0 -1
    outer loop
      vertex -7.5 16.4904 0
      vertex -9.09318 22.7268 0
      vertex -7.64275 23.2548 0
    endloop
  endfacet
  facet normal 0 0 -1
    outer loop
      vertex -11.0393 21.8478 0
      vertex -8.40587 16.3711 0
      vertex -8.69707 16.2793 0
    endloop
  endfacet
  facet normal 0 0 -1
    outer loop
      vertex -11.0393 21.8478 0
      vertex -8.69707 16.2793 0
      vertex -8.97916 16.1625 0
    endloop
  endfacet
  facet normal -0 0 -1
    outer loop
      vertex -7.64275 23.2548 0
      vertex -9.09318 22.7268 0
      vertex -8.56363 24.5517 0
    endloop
  endfacet
  facet normal 0 0 -1
    outer loop
      vertex -8.56363 24.5517 0
      vertex -9.09318 22.7268 0
      vertex -9.22141 24.3123 0
    endloop
  endfacet
  facet normal 0 0 -1
    outer loop
      vertex -24.4663 0.77176 0
      vertex -18.5 0 0
      vertex -24.4663 -0.77176 0
    endloop
  endfacet
  facet normal 0 0 -1
    outer loop
      vertex -18.5 0 0
      vertex -24.4663 0.77176 0
      vertex -24.4405 1.36355 0
    endloop
  endfacet
  facet normal 0 0 -1
    outer loop
      vertex -26 -0.349991 0
      vertex -24.4663 0.77176 0
      vertex -24.4663 -0.77176 0
    endloop
  endfacet
  facet normal 0 0 -1
    outer loop
      vertex -24.4663 0.77176 0
      vertex -26 -0.349991 0
      vertex -26 0.349991 0
    endloop
  endfacet
  facet normal -0 0 -1
    outer loop
      vertex -18.4468 -0.607768 0
      vertex -24.4663 -0.77176 0
      vertex -18.4867 -0.305044 0
    endloop
  endfacet
  facet normal 0 0 -1
    outer loop
      vertex -18.5 0 0
      vertex -24.3059 2.90119 0
      vertex -24.2286 3.4885 0
    endloop
  endfacet
  facet normal -0 0 -1
    outer loop
      vertex -18.4867 -0.305044 0
      vertex -24.4663 -0.77176 0
      vertex -18.5 0 0
    endloop
  endfacet
  facet normal 0 0 -1
    outer loop
      vertex -25.8705 -2.6147 0
      vertex -24.4405 -1.36355 0
      vertex -24.3059 -2.90119 0
    endloop
  endfacet
  facet normal 0 0 -1
    outer loop
      vertex -24.4405 -1.36355 0
      vertex -25.8705 -2.6147 0
      vertex -25.9316 -1.91739 0
    endloop
  endfacet
  facet normal -0 0 -1
    outer loop
      vertex -18.3807 -0.905867 0
      vertex -24.4405 -1.36355 0
      vertex -18.4468 -0.607768 0
    endloop
  endfacet
  facet normal 0 0 -1
    outer loop
      vertex -18.5 0 0
      vertex -23.9606 5.00855 0
      vertex -23.8324 5.58688 0
    endloop
  endfacet
  facet normal 0 0 -1
    outer loop
      vertex -24.4663 -0.77176 0
      vertex -18.4468 -0.607768 0
      vertex -24.4405 -1.36355 0
    endloop
  endfacet
  facet normal 0 0 -1
    outer loop
      vertex -25.5442 -4.85951 0
      vertex -24.2286 -3.4885 0
      vertex -23.9606 -5.00855 0
    endloop
  endfacet
  facet normal 0 0 -1
    outer loop
      vertex -24.2286 -3.4885 0
      vertex -25.5442 -4.85951 0
      vertex -25.6658 -4.17017 0
    endloop
  endfacet
  facet normal -0 0 -1
    outer loop
      vertex -18.2889 -1.19707 0
      vertex -24.3059 -2.90119 0
      vertex -18.3807 -0.905867 0
    endloop
  endfacet
  facet normal 0 0 -1
    outer loop
      vertex -18.5 0 0
      vertex -23.4329 7.0778 0
      vertex -23.2548 7.64275 0
    endloop
  endfacet
  facet normal 0 0 -1
    outer loop
      vertex -24.4405 -1.36355 0
      vertex -18.3807 -0.905867 0
      vertex -24.3059 -2.90119 0
    endloop
  endfacet
  facet normal 0 0 -1
    outer loop
      vertex -25.0235 -7.06735 0
      vertex -23.8324 -5.58688 0
      vertex -23.4329 -7.0778 0
    endloop
  endfacet
  facet normal 0 0 -1
    outer loop
      vertex -23.8324 -5.58688 0
      vertex -25.0235 -7.06735 0
      vertex -25.2047 -6.39122 0
    endloop
  endfacet
  facet normal 0 0 -1
    outer loop
      vertex -24.3059 -2.90119 0
      vertex -18.1721 -1.47916 0
      vertex -24.2286 -3.4885 0
    endloop
  endfacet
  facet normal 0 0 -1
    outer loop
      vertex -18.5 0 0
      vertex -22.7268 9.09318 0
      vertex -22.5002 9.64046 0
    endloop
  endfacet
  facet normal -0 0 -1
    outer loop
      vertex -18.1721 -1.47916 0
      vertex -24.3059 -2.90119 0
      vertex -18.2889 -1.19707 0
    endloop
  endfacet
  facet normal 0 0 -1
    outer loop
      vertex -24.3123 -9.22141 0
      vertex -23.2548 -7.64275 0
      vertex -22.7268 -9.09318 0
    endloop
  endfacet
  facet normal 0 0 -1
    outer loop
      vertex -23.2548 -7.64275 0
      vertex -24.3123 -9.22141 0
      vertex -24.5517 -8.56363 0
    endloop
  endfacet
  facet normal 0 0 -1
    outer loop
      vertex -24.2286 -3.4885 0
      vertex -18.0311 -1.75 0
      vertex -23.9606 -5.00855 0
    endloop
  endfacet
  facet normal 0 0 -1
    outer loop
      vertex -18.5 0 0
      vertex -21.8478 11.0393 0
      vertex -21.5743 11.5648 0
    endloop
  endfacet
  facet normal -0 0 -1
    outer loop
      vertex -18.0311 -1.75 0
      vertex -24.2286 -3.4885 0
      vertex -18.1721 -1.47916 0
    endloop
  endfacet
  facet normal 0 0 -1
    outer loop
      vertex -23.4161 -11.3053 0
      vertex -22.5002 -9.64046 0
      vertex -21.8478 -11.0393 0
    endloop
  endfacet
  facet normal 0 0 -1
    outer loop
      vertex -22.5002 -9.64046 0
      vertex -23.4161 -11.3053 0
      vertex -23.7119 -10.6709 0
    endloop
  endfacet
  facet normal -0 0 -1
    outer loop
      vertex -17.6812 -2.24976 0
      vertex -23.9606 -5.00855 0
      vertex -17.867 -2.00752 0
    endloop
  endfacet
  facet normal 0 0 -1
    outer loop
      vertex -18.5 0 0
      vertex -20.8026 12.9015 0
      vertex -20.4843 13.4011 0
    endloop
  endfacet
  facet normal -0 0 -1
    outer loop
      vertex -17.867 -2.00752 0
      vertex -23.9606 -5.00855 0
      vertex -18.0311 -1.75 0
    endloop
  endfacet
  facet normal 0 0 -1
    outer loop
      vertex -22.3417 -13.3031 0
      vertex -21.5743 -11.5648 0
      vertex -20.8026 -12.9015 0
    endloop
  endfacet
  facet normal 0 0 -1
    outer loop
      vertex -21.5743 -11.5648 0
      vertex -22.3417 -13.3031 0
      vertex -22.6917 -12.6969 0
    endloop
  endfacet
  facet normal -0 0 -1
    outer loop
      vertex -17.4749 -2.47487 0
      vertex -23.8324 -5.58688 0
      vertex -17.6812 -2.24976 0
    endloop
  endfacet
  facet normal 0 0 -1
    outer loop
      vertex -18.5 0 0
      vertex -19.599 14.6655 0
      vertex -19.2384 15.1354 0
    endloop
  endfacet
  facet normal 0 0 -1
    outer loop
      vertex -23.9606 -5.00855 0
      vertex -17.6812 -2.24976 0
      vertex -23.8324 -5.58688 0
    endloop
  endfacet
  facet normal 0 0 -1
    outer loop
      vertex -21.0972 -15.1997 0
      vertex -20.4843 -13.4011 0
      vertex -19.599 -14.6655 0
    endloop
  endfacet
  facet normal 0 0 -1
    outer loop
      vertex -20.4843 -13.4011 0
      vertex -21.0972 -15.1997 0
      vertex -21.4987 -14.6263 0
    endloop
  endfacet
  facet normal 0 0 -1
    outer loop
      vertex -19.2384 15.1354 0
      vertex -17.6812 2.24976 0
      vertex -17.867 2.00752 0
    endloop
  endfacet
  facet normal 0 0 -1
    outer loop
      vertex -19.2384 15.1354 0
      vertex -17.867 2.00752 0
      vertex -18.0311 1.75 0
    endloop
  endfacet
  facet normal 0 0 -1
    outer loop
      vertex -19.2384 15.1354 0
      vertex -18.0311 1.75 0
      vertex -18.1721 1.47916 0
    endloop
  endfacet
  facet normal 0 0 -1
    outer loop
      vertex -17.6812 2.24976 0
      vertex -18.2462 16.3178 0
      vertex -17.846 16.7546 0
    endloop
  endfacet
  facet normal 0 0 -1
    outer loop
      vertex -19.2384 15.1354 0
      vertex -18.1721 1.47916 0
      vertex -18.2889 1.19707 0
    endloop
  endfacet
  facet normal 0 0 -1
    outer loop
      vertex -19.2384 15.1354 0
      vertex -18.2889 1.19707 0
      vertex -18.3807 0.905867 0
    endloop
  endfacet
  facet normal 0 0 -1
    outer loop
      vertex -19.2384 15.1354 0
      vertex -18.3807 0.905867 0
      vertex -18.4468 0.607768 0
    endloop
  endfacet
  facet normal 0 0 -1
    outer loop
      vertex -19.2384 15.1354 0
      vertex -18.4468 0.607768 0
      vertex -18.4867 0.305044 0
    endloop
  endfacet
  facet normal 0 0 -1
    outer loop
      vertex -19.2384 15.1354 0
      vertex -18.4867 0.305044 0
      vertex -18.5 0 0
    endloop
  endfacet
  facet normal 0 0 -1
    outer loop
      vertex -23.8324 -5.58688 0
      vertex -17.4749 -2.47487 0
      vertex -23.4329 -7.0778 0
    endloop
  endfacet
  facet normal 0 0 -1
    outer loop
      vertex -17.6812 2.24976 0
      vertex -19.2384 15.1354 0
      vertex -18.2462 16.3178 0
    endloop
  endfacet
  facet normal 0 0 -1
    outer loop
      vertex -19.2384 15.1354 0
      vertex -19.6922 16.9806 0
      vertex -18.2462 16.3178 0
    endloop
  endfacet
  facet normal 0 -0 -1
    outer loop
      vertex -19.6922 16.9806 0
      vertex -19.2384 15.1354 0
      vertex -20.1421 16.4444 0
    endloop
  endfacet
  facet normal 0 0 -1
    outer loop
      vertex -17.846 16.7546 0
      vertex -16.1971 3.28892 0
      vertex -16.4792 3.17208 0
    endloop
  endfacet
  facet normal 0 0 -1
    outer loop
      vertex -17.846 16.7546 0
      vertex -16.4792 3.17208 0
      vertex -16.75 3.03109 0
    endloop
  endfacet
  facet normal 0 0 -1
    outer loop
      vertex -16.1971 3.28892 0
      vertex -16.7546 17.846 0
      vertex -16.3178 18.2462 0
    endloop
  endfacet
  facet normal 0 0 -1
    outer loop
      vertex -17.846 16.7546 0
      vertex -16.75 3.03109 0
      vertex -17.0075 2.86703 0
    endloop
  endfacet
  facet normal 0 0 -1
    outer loop
      vertex -17.846 16.7546 0
      vertex -17.0075 2.86703 0
      vertex -17.2498 2.68116 0
    endloop
  endfacet
  facet normal 0 0 -1
    outer loop
      vertex -17.846 16.7546 0
      vertex -17.2498 2.68116 0
      vertex -17.4749 2.47487 0
    endloop
  endfacet
  facet normal 0 0 -1
    outer loop
      vertex -17.846 16.7546 0
      vertex -17.4749 2.47487 0
      vertex -17.6812 2.24976 0
    endloop
  endfacet
  facet normal 0 0 -1
    outer loop
      vertex -16.1971 3.28892 0
      vertex -17.846 16.7546 0
      vertex -16.7546 17.846 0
    endloop
  endfacet
  facet normal 0 0 -1
    outer loop
      vertex -17.846 16.7546 0
      vertex -18.1373 18.6322 0
      vertex -16.7546 17.846 0
    endloop
  endfacet
  facet normal 0 -0 -1
    outer loop
      vertex -18.1373 18.6322 0
      vertex -17.846 16.7546 0
      vertex -18.6322 18.1373 0
    endloop
  endfacet
  facet normal 0 0 -1
    outer loop
      vertex -14.6263 -21.4987 0
      vertex -15.1997 -21.0972 0
      vertex -14.6655 -19.599 0
    endloop
  endfacet
  facet normal -0 0 -1
    outer loop
      vertex -10.367 10.9829 0
      vertex -14.695 3.48668 0
      vertex -10.5311 11.2404 0
    endloop
  endfacet
  facet normal 0 0 -1
    outer loop
      vertex -15 3.5 0
      vertex -10.5311 11.2404 0
      vertex -14.695 3.48668 0
    endloop
  endfacet
  facet normal 0 0 -1
    outer loop
      vertex -10.9867 12.6853 0
      vertex -13.4011 20.4843 0
      vertex -12.9015 20.8026 0
    endloop
  endfacet
  facet normal -0 0 -1
    outer loop
      vertex -10.5311 11.2404 0
      vertex -15 3.5 0
      vertex -10.6721 11.5112 0
    endloop
  endfacet
  facet normal 0 0 -1
    outer loop
      vertex -15.305 3.48668 0
      vertex -10.6721 11.5112 0
      vertex -15 3.5 0
    endloop
  endfacet
  facet normal -0 0 -1
    outer loop
      vertex -10.6721 11.5112 0
      vertex -15.305 3.48668 0
      vertex -10.7889 11.7933 0
    endloop
  endfacet
  facet normal 0 0 -1
    outer loop
      vertex -15.6078 3.44683 0
      vertex -10.7889 11.7933 0
      vertex -15.305 3.48668 0
    endloop
  endfacet
  facet normal 0 0 -1
    outer loop
      vertex -10.9867 12.6853 0
      vertex -14.6655 19.599 0
      vertex -13.4011 20.4843 0
    endloop
  endfacet
  facet normal -0 0 -1
    outer loop
      vertex -13.4011 20.4843 0
      vertex -14.6655 19.599 0
      vertex -14.6263 21.4987 0
    endloop
  endfacet
  facet normal -0 0 -1
    outer loop
      vertex -10.7889 11.7933 0
      vertex -15.6078 3.44683 0
      vertex -10.8807 12.0845 0
    endloop
  endfacet
  facet normal 0 0 -1
    outer loop
      vertex -15.9059 3.38074 0
      vertex -10.8807 12.0845 0
      vertex -15.6078 3.44683 0
    endloop
  endfacet
  facet normal 0 0 -1
    outer loop
      vertex -10.9867 12.6853 0
      vertex -15.1354 19.2384 0
      vertex -14.6655 19.599 0
    endloop
  endfacet
  facet normal -0 0 -1
    outer loop
      vertex -10.8807 12.0845 0
      vertex -15.9059 3.38074 0
      vertex -10.9468 12.3826 0
    endloop
  endfacet
  facet normal 0 0 -1
    outer loop
      vertex -16.1971 3.28892 0
      vertex -10.9468 12.3826 0
      vertex -15.9059 3.38074 0
    endloop
  endfacet
  facet normal 0 0 -1
    outer loop
      vertex -16.3178 18.2462 0
      vertex -10.9468 12.3826 0
      vertex -16.1971 3.28892 0
    endloop
  endfacet
  facet normal 0 0 -1
    outer loop
      vertex -10.9468 12.3826 0
      vertex -16.3178 18.2462 0
      vertex -10.9867 12.6853 0
    endloop
  endfacet
  facet normal 0 0 -1
    outer loop
      vertex -10.9867 12.6853 0
      vertex -16.3178 18.2462 0
      vertex -15.1354 19.2384 0
    endloop
  endfacet
  facet normal 0 0 -1
    outer loop
      vertex -16.3178 18.2462 0
      vertex -16.4444 20.1421 0
      vertex -15.1354 19.2384 0
    endloop
  endfacet
  facet normal 0 -0 -1
    outer loop
      vertex -16.4444 20.1421 0
      vertex -16.3178 18.2462 0
      vertex -16.9806 19.6922 0
    endloop
  endfacet
  facet normal -0 0 -1
    outer loop
      vertex -9.25 9.95929 0
      vertex -13.25 3.03109 0
      vertex -9.50752 10.1233 0
    endloop
  endfacet
  facet normal 0 0 -1
    outer loop
      vertex -11 -12.9904 0
      vertex -11.5133 -0.305044 0
      vertex -11.5 0 0
    endloop
  endfacet
  facet normal 0 0 -1
    outer loop
      vertex -11 -12.9904 0
      vertex -11.5532 -0.607768 0
      vertex -11.5133 -0.305044 0
    endloop
  endfacet
  facet normal -0 0 -1
    outer loop
      vertex -10.6721 -14.4695 0
      vertex -16.3178 -18.2462 0
      vertex -10.7889 -14.1875 0
    endloop
  endfacet
  facet normal 0 0 -1
    outer loop
      vertex -11 -12.9904 0
      vertex -11.6193 -0.905867 0
      vertex -11.5532 -0.607768 0
    endloop
  endfacet
  facet normal 0 0 -1
    outer loop
      vertex -11 -12.9904 0
      vertex -11.7111 -1.19707 0
      vertex -11.6193 -0.905867 0
    endloop
  endfacet
  facet normal 0 0 -1
    outer loop
      vertex -11 -12.9904 0
      vertex -11.8279 -1.47916 0
      vertex -11.7111 -1.19707 0
    endloop
  endfacet
  facet normal 0 0 -1
    outer loop
      vertex -11 -12.9904 0
      vertex -11.9689 -1.75 0
      vertex -11.8279 -1.47916 0
    endloop
  endfacet
  facet normal 0 0 -1
    outer loop
      vertex -11 -12.9904 0
      vertex -12.133 -2.00752 0
      vertex -11.9689 -1.75 0
    endloop
  endfacet
  facet normal 0 0 -1
    outer loop
      vertex -11 -12.9904 0
      vertex -12.3188 -2.24976 0
      vertex -12.133 -2.00752 0
    endloop
  endfacet
  facet normal 0 0 -1
    outer loop
      vertex -11 -12.9904 0
      vertex -12.5251 -2.47487 0
      vertex -12.3188 -2.24976 0
    endloop
  endfacet
  facet normal 0 0 -1
    outer loop
      vertex -12.9015 -20.8026 0
      vertex -11.5648 -21.5743 0
      vertex -12.6969 -22.6917 0
    endloop
  endfacet
  facet normal 0 0 -1
    outer loop
      vertex -16.7546 -17.846 0
      vertex -10.7889 -14.1875 0
      vertex -16.3178 -18.2462 0
    endloop
  endfacet
  facet normal 0 0 -1
    outer loop
      vertex -11 -12.9904 0
      vertex -12.7502 -2.68116 0
      vertex -12.5251 -2.47487 0
    endloop
  endfacet
  facet normal 0 -0 -1
    outer loop
      vertex -12.9015 -20.8026 0
      vertex -12.6969 -22.6917 0
      vertex -13.3031 -22.3417 0
    endloop
  endfacet
  facet normal 0 0 -1
    outer loop
      vertex -11.0393 21.8478 0
      vertex -8.97916 16.1625 0
      vertex -9.25 16.0215 0
    endloop
  endfacet
  facet normal 0 0 -1
    outer loop
      vertex -11.0393 21.8478 0
      vertex -9.25 16.0215 0
      vertex -9.50752 15.8574 0
    endloop
  endfacet
  facet normal 0 0 -1
    outer loop
      vertex -7.80504 16.4771 0
      vertex -9.64046 22.5002 0
      vertex -9.09318 22.7268 0
    endloop
  endfacet
  facet normal 0 0 -1
    outer loop
      vertex -11.0393 21.8478 0
      vertex -9.50752 15.8574 0
      vertex -9.74976 15.6715 0
    endloop
  endfacet
  facet normal 0 0 -1
    outer loop
      vertex -11.0393 21.8478 0
      vertex -9.74976 15.6715 0
      vertex -9.97487 15.4653 0
    endloop
  endfacet
  facet normal 0 0 -1
    outer loop
      vertex -11.0393 21.8478 0
      vertex -9.97487 15.4653 0
      vertex -10.1812 15.2401 0
    endloop
  endfacet
  facet normal 0 0 -1
    outer loop
      vertex -11.0393 21.8478 0
      vertex -10.1812 15.2401 0
      vertex -10.367 14.9979 0
    endloop
  endfacet
  facet normal 0 0 -1
    outer loop
      vertex -11.0393 21.8478 0
      vertex -10.367 14.9979 0
      vertex -10.5311 14.7404 0
    endloop
  endfacet
  facet normal 0 0 -1
    outer loop
      vertex -8.40587 16.3711 0
      vertex -11.0393 21.8478 0
      vertex -9.64046 22.5002 0
    endloop
  endfacet
  facet normal 0 0 -1
    outer loop
      vertex -11.0393 21.8478 0
      vertex -10.5311 14.7404 0
      vertex -10.6721 14.4695 0
    endloop
  endfacet
  facet normal 0 0 -1
    outer loop
      vertex -11.0393 21.8478 0
      vertex -10.6721 14.4695 0
      vertex -10.7889 14.1875 0
    endloop
  endfacet
  facet normal 0 0 -1
    outer loop
      vertex -11.0393 21.8478 0
      vertex -10.7889 14.1875 0
      vertex -10.8807 13.8962 0
    endloop
  endfacet
  facet normal 0 0 -1
    outer loop
      vertex -11.0393 21.8478 0
      vertex -10.8807 13.8962 0
      vertex -10.9468 13.5981 0
    endloop
  endfacet
  facet normal 0 0 -1
    outer loop
      vertex -11.0393 21.8478 0
      vertex -10.9468 13.5981 0
      vertex -10.9867 13.2954 0
    endloop
  endfacet
  facet normal 0 0 -1
    outer loop
      vertex -11.0393 21.8478 0
      vertex -10.9867 13.2954 0
      vertex -11 12.9904 0
    endloop
  endfacet
  facet normal 0 0 -1
    outer loop
      vertex -13.25 3.03109 0
      vertex -9.25 9.95929 0
      vertex -12.9925 2.86703 0
    endloop
  endfacet
  facet normal -0 0 -1
    outer loop
      vertex -9.64046 22.5002 0
      vertex -11.0393 21.8478 0
      vertex -10.6709 23.7119 0
    endloop
  endfacet
  facet normal 0 0 -1
    outer loop
      vertex -10.6709 23.7119 0
      vertex -11.0393 21.8478 0
      vertex -11.3053 23.4161 0
    endloop
  endfacet
  facet normal -0 0 -1
    outer loop
      vertex -8.40587 -16.3711 0
      vertex -11.0393 -21.8478 0
      vertex -8.69707 -16.2793 0
    endloop
  endfacet
  facet normal 0 0 -1
    outer loop
      vertex -11.5648 -21.5743 0
      vertex -8.69707 -16.2793 0
      vertex -11.0393 -21.8478 0
    endloop
  endfacet
  facet normal -0 0 -1
    outer loop
      vertex -8.69707 -16.2793 0
      vertex -11.5648 -21.5743 0
      vertex -8.97916 -16.1625 0
    endloop
  endfacet
  facet normal -0 0 -1
    outer loop
      vertex -8.97916 -16.1625 0
      vertex -11.5648 -21.5743 0
      vertex -9.25 -16.0215 0
    endloop
  endfacet
  facet normal 0 0 -1
    outer loop
      vertex -12.9015 -20.8026 0
      vertex -9.25 -16.0215 0
      vertex -11.5648 -21.5743 0
    endloop
  endfacet
  facet normal -0 0 -1
    outer loop
      vertex -9.25 -16.0215 0
      vertex -12.9015 -20.8026 0
      vertex -9.50752 -15.8574 0
    endloop
  endfacet
  facet normal -0 0 -1
    outer loop
      vertex -9.50752 -15.8574 0
      vertex -12.9015 -20.8026 0
      vertex -9.74976 -15.6715 0
    endloop
  endfacet
  facet normal 0 0 -1
    outer loop
      vertex -13.4011 -20.4843 0
      vertex -9.74976 -15.6715 0
      vertex -12.9015 -20.8026 0
    endloop
  endfacet
  facet normal 0 0 -1
    outer loop
      vertex -11.0393 -21.8478 0
      vertex -9.64046 -22.5002 0
      vertex -10.6709 -23.7119 0
    endloop
  endfacet
  facet normal -0 0 -1
    outer loop
      vertex -9.74976 -15.6715 0
      vertex -13.4011 -20.4843 0
      vertex -9.97487 -15.4653 0
    endloop
  endfacet
  facet normal 0 0 -1
    outer loop
      vertex -14.6655 -19.599 0
      vertex -9.97487 -15.4653 0
      vertex -13.4011 -20.4843 0
    endloop
  endfacet
  facet normal -0 0 -1
    outer loop
      vertex -9.97487 -15.4653 0
      vertex -14.6655 -19.599 0
      vertex -10.1812 -15.2401 0
    endloop
  endfacet
  facet normal -0 0 -1
    outer loop
      vertex -10.1812 -15.2401 0
      vertex -14.6655 -19.599 0
      vertex -10.367 -14.9979 0
    endloop
  endfacet
  facet normal 0 0 -1
    outer loop
      vertex -15.1354 -19.2384 0
      vertex -10.367 -14.9979 0
      vertex -14.6655 -19.599 0
    endloop
  endfacet
  facet normal -0 0 -1
    outer loop
      vertex -10.367 -14.9979 0
      vertex -15.1354 -19.2384 0
      vertex -10.5311 -14.7404 0
    endloop
  endfacet
  facet normal -0 0 -1
    outer loop
      vertex -10.5311 -14.7404 0
      vertex -16.3178 -18.2462 0
      vertex -10.6721 -14.4695 0
    endloop
  endfacet
  facet normal 0 0 -1
    outer loop
      vertex -16.3178 -18.2462 0
      vertex -10.5311 -14.7404 0
      vertex -15.1354 -19.2384 0
    endloop
  endfacet
  facet normal 0 -0 -1
    outer loop
      vertex -11.0393 -21.8478 0
      vertex -10.6709 -23.7119 0
      vertex -11.3053 -23.4161 0
    endloop
  endfacet
  facet normal 0 0 -1
    outer loop
      vertex -13.5208 3.17208 0
      vertex -9.50752 10.1233 0
      vertex -13.25 3.03109 0
    endloop
  endfacet
  facet normal -0 0 -1
    outer loop
      vertex -9.50752 10.1233 0
      vertex -13.5208 3.17208 0
      vertex -9.74976 10.3092 0
    endloop
  endfacet
  facet normal 0 0 -1
    outer loop
      vertex -13.8029 3.28892 0
      vertex -9.74976 10.3092 0
      vertex -13.5208 3.17208 0
    endloop
  endfacet
  facet normal -0 0 -1
    outer loop
      vertex -9.74976 10.3092 0
      vertex -13.8029 3.28892 0
      vertex -9.97487 10.5155 0
    endloop
  endfacet
  facet normal 0 0 -1
    outer loop
      vertex -14.0941 3.38074 0
      vertex -9.97487 10.5155 0
      vertex -13.8029 3.28892 0
    endloop
  endfacet
  facet normal -0 0 -1
    outer loop
      vertex -9.97487 10.5155 0
      vertex -14.0941 3.38074 0
      vertex -10.1812 10.7406 0
    endloop
  endfacet
  facet normal 0 0 -1
    outer loop
      vertex -14.3922 3.44683 0
      vertex -10.1812 10.7406 0
      vertex -14.0941 3.38074 0
    endloop
  endfacet
  facet normal -0 0 -1
    outer loop
      vertex -10.1812 10.7406 0
      vertex -14.3922 3.44683 0
      vertex -10.367 10.9829 0
    endloop
  endfacet
  facet normal 0 0 -1
    outer loop
      vertex -14.695 3.48668 0
      vertex -10.367 10.9829 0
      vertex -14.3922 3.44683 0
    endloop
  endfacet
  facet normal 0 0 -1
    outer loop
      vertex -10.9867 12.6853 0
      vertex -12.9015 20.8026 0
      vertex -11 12.9904 0
    endloop
  endfacet
  facet normal 0 0 -1
    outer loop
      vertex -11 12.9904 0
      vertex -11.5648 21.5743 0
      vertex -11.0393 21.8478 0
    endloop
  endfacet
  facet normal 0 0 -1
    outer loop
      vertex -11 12.9904 0
      vertex -12.9015 20.8026 0
      vertex -11.5648 21.5743 0
    endloop
  endfacet
  facet normal -0 0 -1
    outer loop
      vertex -11.5648 21.5743 0
      vertex -12.9015 20.8026 0
      vertex -12.6969 22.6917 0
    endloop
  endfacet
  facet normal 0 0 -1
    outer loop
      vertex -12.6969 22.6917 0
      vertex -12.9015 20.8026 0
      vertex -13.3031 22.3417 0
    endloop
  endfacet
  facet normal 0 0 -1
    outer loop
      vertex -11 -12.9904 0
      vertex -12.9925 -2.86703 0
      vertex -12.7502 -2.68116 0
    endloop
  endfacet
  facet normal 0 0 -1
    outer loop
      vertex -11 -12.9904 0
      vertex -13.25 -3.03109 0
      vertex -12.9925 -2.86703 0
    endloop
  endfacet
  facet normal -0 0 -1
    outer loop
      vertex -10.7889 -14.1875 0
      vertex -16.7546 -17.846 0
      vertex -10.8807 -13.8962 0
    endloop
  endfacet
  facet normal 0 0 -1
    outer loop
      vertex -17.846 -16.7546 0
      vertex -10.8807 -13.8962 0
      vertex -16.7546 -17.846 0
    endloop
  endfacet
  facet normal 0 0 -1
    outer loop
      vertex -11 -12.9904 0
      vertex -13.5208 -3.17208 0
      vertex -13.25 -3.03109 0
    endloop
  endfacet
  facet normal -0 0 -1
    outer loop
      vertex -10.8807 -13.8962 0
      vertex -17.846 -16.7546 0
      vertex -10.9468 -13.5981 0
    endloop
  endfacet
  facet normal -0 0 -1
    outer loop
      vertex -10.9468 -13.5981 0
      vertex -17.846 -16.7546 0
      vertex -10.9867 -13.2954 0
    endloop
  endfacet
  facet normal 0 0 -1
    outer loop
      vertex -14.6655 -19.599 0
      vertex -13.4011 -20.4843 0
      vertex -14.6263 -21.4987 0
    endloop
  endfacet
  facet normal 0 0 -1
    outer loop
      vertex -11 -12.9904 0
      vertex -13.8029 -3.28892 0
      vertex -13.5208 -3.17208 0
    endloop
  endfacet
  facet normal 0 0 -1
    outer loop
      vertex -18.2462 -16.3178 0
      vertex -10.9867 -13.2954 0
      vertex -17.846 -16.7546 0
    endloop
  endfacet
  facet normal 0 0 -1
    outer loop
      vertex -11 -12.9904 0
      vertex -14.0941 -3.38074 0
      vertex -13.8029 -3.28892 0
    endloop
  endfacet
  facet normal -0 0 -1
    outer loop
      vertex -10.9867 -13.2954 0
      vertex -18.2462 -16.3178 0
      vertex -11 -12.9904 0
    endloop
  endfacet
  facet normal 0 0 -1
    outer loop
      vertex -19.2384 -15.1354 0
      vertex -11 -12.9904 0
      vertex -18.2462 -16.3178 0
    endloop
  endfacet
  facet normal 0 0 -1
    outer loop
      vertex -11 -12.9904 0
      vertex -14.3922 -3.44683 0
      vertex -14.0941 -3.38074 0
    endloop
  endfacet
  facet normal 0 0 -1
    outer loop
      vertex -19.599 -14.6655 0
      vertex -11 -12.9904 0
      vertex -19.2384 -15.1354 0
    endloop
  endfacet
  facet normal 0 0 -1
    outer loop
      vertex -11 -12.9904 0
      vertex -14.695 -3.48668 0
      vertex -14.3922 -3.44683 0
    endloop
  endfacet
  facet normal 0 0 -1
    outer loop
      vertex -11 -12.9904 0
      vertex -15 -3.5 0
      vertex -14.695 -3.48668 0
    endloop
  endfacet
  facet normal 0 0 -1
    outer loop
      vertex -16.4444 -20.1421 0
      vertex -16.3178 -18.2462 0
      vertex -15.1354 -19.2384 0
    endloop
  endfacet
  facet normal 0 0 -1
    outer loop
      vertex -16.3178 -18.2462 0
      vertex -16.4444 -20.1421 0
      vertex -16.9806 -19.6922 0
    endloop
  endfacet
  facet normal 0 0 -1
    outer loop
      vertex -14.6263 21.4987 0
      vertex -14.6655 19.599 0
      vertex -15.1997 21.0972 0
    endloop
  endfacet
  facet normal 0 0 -1
    outer loop
      vertex -11 -12.9904 0
      vertex -15.305 -3.48668 0
      vertex -15 -3.5 0
    endloop
  endfacet
  facet normal 0 0 -1
    outer loop
      vertex -20.4843 -13.4011 0
      vertex -11 -12.9904 0
      vertex -19.599 -14.6655 0
    endloop
  endfacet
  facet normal 0 0 -1
    outer loop
      vertex -20.8026 -12.9015 0
      vertex -11 -12.9904 0
      vertex -20.4843 -13.4011 0
    endloop
  endfacet
  facet normal 0 0 -1
    outer loop
      vertex -11 -12.9904 0
      vertex -20.8026 -12.9015 0
      vertex -15.305 -3.48668 0
    endloop
  endfacet
  facet normal 0 0 -1
    outer loop
      vertex -21.5743 -11.5648 0
      vertex -15.305 -3.48668 0
      vertex -20.8026 -12.9015 0
    endloop
  endfacet
  facet normal -0 0 -1
    outer loop
      vertex -15.305 -3.48668 0
      vertex -21.5743 -11.5648 0
      vertex -15.6078 -3.44683 0
    endloop
  endfacet
  facet normal 0 0 -1
    outer loop
      vertex -21.8478 -11.0393 0
      vertex -15.6078 -3.44683 0
      vertex -21.5743 -11.5648 0
    endloop
  endfacet
  facet normal -0 0 -1
    outer loop
      vertex -15.6078 -3.44683 0
      vertex -21.8478 -11.0393 0
      vertex -15.9059 -3.38074 0
    endloop
  endfacet
  facet normal 0 0 -1
    outer loop
      vertex -18.1373 -18.6322 0
      vertex -17.846 -16.7546 0
      vertex -16.7546 -17.846 0
    endloop
  endfacet
  facet normal 0 0 -1
    outer loop
      vertex -17.846 -16.7546 0
      vertex -18.1373 -18.6322 0
      vertex -18.6322 -18.1373 0
    endloop
  endfacet
  facet normal -0 0 -1
    outer loop
      vertex -15.9059 -3.38074 0
      vertex -21.8478 -11.0393 0
      vertex -16.1971 -3.28892 0
    endloop
  endfacet
  facet normal 0 0 -1
    outer loop
      vertex -22.5002 -9.64046 0
      vertex -16.1971 -3.28892 0
      vertex -21.8478 -11.0393 0
    endloop
  endfacet
  facet normal -0 0 -1
    outer loop
      vertex -16.1971 -3.28892 0
      vertex -22.5002 -9.64046 0
      vertex -16.4792 -3.17208 0
    endloop
  endfacet
  facet normal 0 0 -1
    outer loop
      vertex -22.7268 -9.09318 0
      vertex -16.4792 -3.17208 0
      vertex -22.5002 -9.64046 0
    endloop
  endfacet
  facet normal -0 0 -1
    outer loop
      vertex -16.4792 -3.17208 0
      vertex -22.7268 -9.09318 0
      vertex -16.75 -3.03109 0
    endloop
  endfacet
  facet normal 0 0 -1
    outer loop
      vertex -23.2548 -7.64275 0
      vertex -16.75 -3.03109 0
      vertex -22.7268 -9.09318 0
    endloop
  endfacet
  facet normal -0 0 -1
    outer loop
      vertex -16.75 -3.03109 0
      vertex -23.2548 -7.64275 0
      vertex -17.0075 -2.86703 0
    endloop
  endfacet
  facet normal 0 0 -1
    outer loop
      vertex -23.4329 -7.0778 0
      vertex -17.0075 -2.86703 0
      vertex -23.2548 -7.64275 0
    endloop
  endfacet
  facet normal -0 0 -1
    outer loop
      vertex -17.0075 -2.86703 0
      vertex -23.4329 -7.0778 0
      vertex -17.2498 -2.68116 0
    endloop
  endfacet
  facet normal -0 0 -1
    outer loop
      vertex -17.2498 -2.68116 0
      vertex -23.4329 -7.0778 0
      vertex -17.4749 -2.47487 0
    endloop
  endfacet
  facet normal 0 0 -1
    outer loop
      vertex -19.6922 -16.9806 0
      vertex -19.2384 -15.1354 0
      vertex -18.2462 -16.3178 0
    endloop
  endfacet
  facet normal 0 0 -1
    outer loop
      vertex -19.2384 -15.1354 0
      vertex -19.6922 -16.9806 0
      vertex -20.1421 -16.4444 0
    endloop
  endfacet
  facet normal 0 0 -1
    outer loop
      vertex -18.5 0 0
      vertex -20.4843 13.4011 0
      vertex -19.599 14.6655 0
    endloop
  endfacet
  facet normal 0 0 -1
    outer loop
      vertex -20.4843 13.4011 0
      vertex -21.0972 15.1997 0
      vertex -19.599 14.6655 0
    endloop
  endfacet
  facet normal 0 -0 -1
    outer loop
      vertex -21.0972 15.1997 0
      vertex -20.4843 13.4011 0
      vertex -21.4987 14.6263 0
    endloop
  endfacet
  facet normal 0 0 -1
    outer loop
      vertex -18.5 0 0
      vertex -21.5743 11.5648 0
      vertex -20.8026 12.9015 0
    endloop
  endfacet
  facet normal 0 0 -1
    outer loop
      vertex -21.5743 11.5648 0
      vertex -22.3417 13.3031 0
      vertex -20.8026 12.9015 0
    endloop
  endfacet
  facet normal 0 -0 -1
    outer loop
      vertex -22.3417 13.3031 0
      vertex -21.5743 11.5648 0
      vertex -22.6917 12.6969 0
    endloop
  endfacet
  facet normal 0 0 -1
    outer loop
      vertex -18.5 0 0
      vertex -22.5002 9.64046 0
      vertex -21.8478 11.0393 0
    endloop
  endfacet
  facet normal 0 0 -1
    outer loop
      vertex -22.5002 9.64046 0
      vertex -23.4161 11.3053 0
      vertex -21.8478 11.0393 0
    endloop
  endfacet
  facet normal 0 -0 -1
    outer loop
      vertex -23.4161 11.3053 0
      vertex -22.5002 9.64046 0
      vertex -23.7119 10.6709 0
    endloop
  endfacet
  facet normal 0 0 -1
    outer loop
      vertex -18.5 0 0
      vertex -23.2548 7.64275 0
      vertex -22.7268 9.09318 0
    endloop
  endfacet
  facet normal 0 0 -1
    outer loop
      vertex -23.2548 7.64275 0
      vertex -24.3123 9.22141 0
      vertex -22.7268 9.09318 0
    endloop
  endfacet
  facet normal 0 -0 -1
    outer loop
      vertex -24.3123 9.22141 0
      vertex -23.2548 7.64275 0
      vertex -24.5517 8.56363 0
    endloop
  endfacet
  facet normal 0 0 -1
    outer loop
      vertex -18.5 0 0
      vertex -23.8324 5.58688 0
      vertex -23.4329 7.0778 0
    endloop
  endfacet
  facet normal 0 0 -1
    outer loop
      vertex -23.8324 5.58688 0
      vertex -25.0235 7.06735 0
      vertex -23.4329 7.0778 0
    endloop
  endfacet
  facet normal 0 -0 -1
    outer loop
      vertex -25.0235 7.06735 0
      vertex -23.8324 5.58688 0
      vertex -25.2047 6.39122 0
    endloop
  endfacet
  facet normal 0 0 -1
    outer loop
      vertex -18.5 0 0
      vertex -24.2286 3.4885 0
      vertex -23.9606 5.00855 0
    endloop
  endfacet
  facet normal 0 0 -1
    outer loop
      vertex -24.2286 3.4885 0
      vertex -25.5442 4.85951 0
      vertex -23.9606 5.00855 0
    endloop
  endfacet
  facet normal 0 -0 -1
    outer loop
      vertex -25.5442 4.85951 0
      vertex -24.2286 3.4885 0
      vertex -25.6658 4.17017 0
    endloop
  endfacet
  facet normal 0 0 -1
    outer loop
      vertex -18.5 0 0
      vertex -24.4405 1.36355 0
      vertex -24.3059 2.90119 0
    endloop
  endfacet
  facet normal 0 0 -1
    outer loop
      vertex -24.4405 1.36355 0
      vertex -25.8705 2.6147 0
      vertex -24.3059 2.90119 0
    endloop
  endfacet
  facet normal 0 -0 -1
    outer loop
      vertex -25.8705 2.6147 0
      vertex -24.4405 1.36355 0
      vertex -25.9316 1.91739 0
    endloop
  endfacet
  facet normal -0 0 -1
    outer loop
      vertex 4 12.9904 0
      vertex -4.01332 12.6853 0
      vertex -4 12.9904 0
    endloop
  endfacet
  facet normal 0 0 -1
    outer loop
      vertex 4.01332 12.6853 0
      vertex -4.01332 12.6853 0
      vertex 4 12.9904 0
    endloop
  endfacet
  facet normal 0 -0 -1
    outer loop
      vertex -4.01332 12.6853 0
      vertex 4.01332 12.6853 0
      vertex -4.05317 12.3826 0
    endloop
  endfacet
  facet normal 0 0 -1
    outer loop
      vertex 4.05317 12.3826 0
      vertex -4.05317 12.3826 0
      vertex 4.01332 12.6853 0
    endloop
  endfacet
  facet normal 0 0 -1
    outer loop
      vertex -7.5 9.49038 0
      vertex -3.94524 3.31044 0
      vertex -4.21873 2.95399 0
    endloop
  endfacet
  facet normal -0 0 -1
    outer loop
      vertex 4.21108 11.7933 0
      vertex -4.32792 11.5112 0
      vertex -4.21108 11.7933 0
    endloop
  endfacet
  facet normal 0 0 -1
    outer loop
      vertex -7.80504 9.5037 0
      vertex -4.21873 2.95399 0
      vertex -4.46016 2.57507 0
    endloop
  endfacet
  facet normal 0 0 -1
    outer loop
      vertex -0.448868 5.13054 0
      vertex -4.46891 11.2404 0
      vertex -4.32792 11.5112 0
    endloop
  endfacet
  facet normal 0 0 -1
    outer loop
      vertex -0.894318 5.07188 0
      vertex -4.63297 10.9829 0
      vertex -4.46891 11.2404 0
    endloop
  endfacet
  facet normal -0 0 -1
    outer loop
      vertex -4.97464 1.33295 0
      vertex -11.7111 1.19707 0
      vertex -4.83954 1.76144 0
    endloop
  endfacet
  facet normal 0 0 -1
    outer loop
      vertex -0.894318 5.07188 0
      vertex -4.81884 10.7406 0
      vertex -4.63297 10.9829 0
    endloop
  endfacet
  facet normal 0 0 -1
    outer loop
      vertex -11.6193 0.905867 0
      vertex -5.07188 0.894318 0
      vertex -11.5532 0.607768 0
    endloop
  endfacet
  facet normal 0 0 -1
    outer loop
      vertex -5.13054 0.448868 0
      vertex -11.5532 0.607768 0
      vertex -5.07188 0.894318 0
    endloop
  endfacet
  facet normal 0 0 -1
    outer loop
      vertex -1.33295 4.97464 0
      vertex -5.02513 10.5155 0
      vertex -4.81884 10.7406 0
    endloop
  endfacet
  facet normal 0 0 -1
    outer loop
      vertex -11.5532 0.607768 0
      vertex -5.13054 0.448868 0
      vertex -11.5133 0.305044 0
    endloop
  endfacet
  facet normal 0 0 -1
    outer loop
      vertex -5.15015 0 0
      vertex -11.5133 0.305044 0
      vertex -5.13054 0.448868 0
    endloop
  endfacet
  facet normal 0 0 -1
    outer loop
      vertex -11.5133 0.305044 0
      vertex -5.15015 0 0
      vertex -11.5 0 0
    endloop
  endfacet
  facet normal 0 0 -1
    outer loop
      vertex -1.76144 4.83954 0
      vertex -5.25024 10.3092 0
      vertex -5.02513 10.5155 0
    endloop
  endfacet
  facet normal -0 0 -1
    outer loop
      vertex -3.94524 -3.31044 0
      vertex -7.5 -9.49038 0
      vertex -4.21873 -2.95399 0
    endloop
  endfacet
  facet normal 0 0 -1
    outer loop
      vertex -7.80504 -9.5037 0
      vertex -4.21873 -2.95399 0
      vertex -7.5 -9.49038 0
    endloop
  endfacet
  facet normal 0 0 -1
    outer loop
      vertex -2.17653 4.6676 0
      vertex -5.49248 10.1233 0
      vertex -5.25024 10.3092 0
    endloop
  endfacet
  facet normal -0 0 -1
    outer loop
      vertex -4.21873 -2.95399 0
      vertex -7.80504 -9.5037 0
      vertex -4.46016 -2.57507 0
    endloop
  endfacet
  facet normal 0 0 -1
    outer loop
      vertex -2.57507 4.46016 0
      vertex -5.75 9.95929 0
      vertex -5.49248 10.1233 0
    endloop
  endfacet
  facet normal 0 0 -1
    outer loop
      vertex -8.10777 -9.54355 0
      vertex -4.46016 -2.57507 0
      vertex -7.80504 -9.5037 0
    endloop
  endfacet
  facet normal 0 0 -1
    outer loop
      vertex -2.57507 4.46016 0
      vertex -6.02084 9.8183 0
      vertex -5.75 9.95929 0
    endloop
  endfacet
  facet normal -0 0 -1
    outer loop
      vertex -4.46016 -2.57507 0
      vertex -8.10777 -9.54355 0
      vertex -4.6676 -2.17653 0
    endloop
  endfacet
  facet normal 0 0 -1
    outer loop
      vertex -2.95399 4.21873 0
      vertex -6.30293 9.70146 0
      vertex -6.02084 9.8183 0
    endloop
  endfacet
  facet normal 0 0 -1
    outer loop
      vertex -11.5 0 0
      vertex -8.10777 -9.54355 0
      vertex -8.40587 -9.60964 0
    endloop
  endfacet
  facet normal 0 0 -1
    outer loop
      vertex -3.31044 3.94524 0
      vertex -6.59413 9.60964 0
      vertex -6.30293 9.70146 0
    endloop
  endfacet
  facet normal 0 0 -1
    outer loop
      vertex -8.10777 -9.54355 0
      vertex -11.5 0 0
      vertex -4.6676 -2.17653 0
    endloop
  endfacet
  facet normal 0 0 -1
    outer loop
      vertex -3.64169 3.64169 0
      vertex -6.89223 9.54355 0
      vertex -6.59413 9.60964 0
    endloop
  endfacet
  facet normal 0 0 -1
    outer loop
      vertex -11.5 0 0
      vertex -8.40587 -9.60964 0
      vertex -8.69707 -9.70146 0
    endloop
  endfacet
  facet normal 0 0 -1
    outer loop
      vertex -3.94524 3.31044 0
      vertex -7.19495 9.5037 0
      vertex -6.89223 9.54355 0
    endloop
  endfacet
  facet normal 0 0 -1
    outer loop
      vertex -4.6676 -2.17653 0
      vertex -11.5 0 0
      vertex -4.83954 -1.76144 0
    endloop
  endfacet
  facet normal 0 0 -1
    outer loop
      vertex -3.94524 3.31044 0
      vertex -7.5 9.49038 0
      vertex -7.19495 9.5037 0
    endloop
  endfacet
  facet normal 0 0 -1
    outer loop
      vertex -11.5 0 0
      vertex -8.69707 -9.70146 0
      vertex -8.97916 -9.8183 0
    endloop
  endfacet
  facet normal 0 0 -1
    outer loop
      vertex -4.21873 2.95399 0
      vertex -7.80504 9.5037 0
      vertex -7.5 9.49038 0
    endloop
  endfacet
  facet normal 0 0 -1
    outer loop
      vertex -4.83954 -1.76144 0
      vertex -11.5 0 0
      vertex -4.97464 -1.33295 0
    endloop
  endfacet
  facet normal -0 0 -1
    outer loop
      vertex -4.6676 2.17653 0
      vertex -12.133 2.00752 0
      vertex -4.46016 2.57507 0
    endloop
  endfacet
  facet normal 0 0 -1
    outer loop
      vertex -11.5 0 0
      vertex -8.97916 -9.8183 0
      vertex -9.25 -9.95929 0
    endloop
  endfacet
  facet normal 0 0 -1
    outer loop
      vertex -5.07188 0.894318 0
      vertex -11.6193 0.905867 0
      vertex -4.97464 1.33295 0
    endloop
  endfacet
  facet normal 0 0 -1
    outer loop
      vertex -11.5 0 0
      vertex -9.25 -9.95929 0
      vertex -9.50752 -10.1233 0
    endloop
  endfacet
  facet normal 0 0 -1
    outer loop
      vertex -11.7111 1.19707 0
      vertex -4.97464 1.33295 0
      vertex -11.6193 0.905867 0
    endloop
  endfacet
  facet normal 0 0 -1
    outer loop
      vertex -4.97464 -1.33295 0
      vertex -11.5 0 0
      vertex -5.07188 -0.894318 0
    endloop
  endfacet
  facet normal 0 0 -1
    outer loop
      vertex -11.8279 1.47916 0
      vertex -4.83954 1.76144 0
      vertex -11.7111 1.19707 0
    endloop
  endfacet
  facet normal 0 0 -1
    outer loop
      vertex -11.5 0 0
      vertex -9.50752 -10.1233 0
      vertex -9.74976 -10.3092 0
    endloop
  endfacet
  facet normal 0 0 -1
    outer loop
      vertex -11.9689 1.75 0
      vertex -4.83954 1.76144 0
      vertex -11.8279 1.47916 0
    endloop
  endfacet
  facet normal 0 0 -1
    outer loop
      vertex -5.07188 -0.894318 0
      vertex -11.5 0 0
      vertex -5.13054 -0.448868 0
    endloop
  endfacet
  facet normal -0 0 -1
    outer loop
      vertex -4.83954 1.76144 0
      vertex -11.9689 1.75 0
      vertex -4.6676 2.17653 0
    endloop
  endfacet
  facet normal 0 0 -1
    outer loop
      vertex -5.13054 -0.448868 0
      vertex -11.5 0 0
      vertex -5.15015 0 0
    endloop
  endfacet
  facet normal 0 0 -1
    outer loop
      vertex -12.133 2.00752 0
      vertex -4.6676 2.17653 0
      vertex -11.9689 1.75 0
    endloop
  endfacet
  facet normal 0 0 -1
    outer loop
      vertex -11.5 0 0
      vertex -9.74976 -10.3092 0
      vertex -9.97487 -10.5155 0
    endloop
  endfacet
  facet normal -0 0 -1
    outer loop
      vertex -4.46016 2.57507 0
      vertex -12.133 2.00752 0
      vertex -7.80504 9.5037 0
    endloop
  endfacet
  facet normal 0 0 -1
    outer loop
      vertex -11.5 0 0
      vertex -9.97487 -10.5155 0
      vertex -10.1812 -10.7406 0
    endloop
  endfacet
  facet normal -0 0 -1
    outer loop
      vertex -7.80504 9.5037 0
      vertex -12.133 2.00752 0
      vertex -8.10777 9.54355 0
    endloop
  endfacet
  facet normal 0 0 -1
    outer loop
      vertex -11.5 0 0
      vertex -10.1812 -10.7406 0
      vertex -10.367 -10.9829 0
    endloop
  endfacet
  facet normal 0 0 -1
    outer loop
      vertex -12.3188 2.24976 0
      vertex -8.10777 9.54355 0
      vertex -12.133 2.00752 0
    endloop
  endfacet
  facet normal 0 0 -1
    outer loop
      vertex -11.5 0 0
      vertex -10.367 -10.9829 0
      vertex -10.5311 -11.2404 0
    endloop
  endfacet
  facet normal -0 0 -1
    outer loop
      vertex -8.10777 9.54355 0
      vertex -12.3188 2.24976 0
      vertex -8.40587 9.60964 0
    endloop
  endfacet
  facet normal 0 0 -1
    outer loop
      vertex -11.5 0 0
      vertex -10.5311 -11.2404 0
      vertex -10.6721 -11.5112 0
    endloop
  endfacet
  facet normal 0 0 -1
    outer loop
      vertex -12.5251 2.47487 0
      vertex -8.40587 9.60964 0
      vertex -12.3188 2.24976 0
    endloop
  endfacet
  facet normal 0 0 -1
    outer loop
      vertex -11.5 0 0
      vertex -10.6721 -11.5112 0
      vertex -10.7889 -11.7933 0
    endloop
  endfacet
  facet normal -0 0 -1
    outer loop
      vertex -8.40587 9.60964 0
      vertex -12.5251 2.47487 0
      vertex -8.69707 9.70146 0
    endloop
  endfacet
  facet normal 0 0 -1
    outer loop
      vertex -11.5 0 0
      vertex -10.7889 -11.7933 0
      vertex -10.8807 -12.0845 0
    endloop
  endfacet
  facet normal 0 0 -1
    outer loop
      vertex -12.7502 2.68116 0
      vertex -8.69707 9.70146 0
      vertex -12.5251 2.47487 0
    endloop
  endfacet
  facet normal 0 0 -1
    outer loop
      vertex -11.5 0 0
      vertex -10.8807 -12.0845 0
      vertex -10.9468 -12.3826 0
    endloop
  endfacet
  facet normal -0 0 -1
    outer loop
      vertex -8.69707 9.70146 0
      vertex -12.7502 2.68116 0
      vertex -8.97916 9.8183 0
    endloop
  endfacet
  facet normal 0 0 -1
    outer loop
      vertex -11.5 0 0
      vertex -10.9468 -12.3826 0
      vertex -10.9867 -12.6853 0
    endloop
  endfacet
  facet normal 0 0 -1
    outer loop
      vertex -12.9925 2.86703 0
      vertex -8.97916 9.8183 0
      vertex -12.7502 2.68116 0
    endloop
  endfacet
  facet normal 0 0 -1
    outer loop
      vertex -11.5 0 0
      vertex -10.9867 -12.6853 0
      vertex -11 -12.9904 0
    endloop
  endfacet
  facet normal -0 0 -1
    outer loop
      vertex -8.97916 9.8183 0
      vertex -12.9925 2.86703 0
      vertex -9.25 9.95929 0
    endloop
  endfacet
  facet normal -0 0 -1
    outer loop
      vertex -0.894318 -5.07188 0
      vertex -4.81884 -10.7406 0
      vertex -1.33295 -4.97464 0
    endloop
  endfacet
  facet normal 0 0 -1
    outer loop
      vertex -5.02513 -10.5155 0
      vertex -1.33295 -4.97464 0
      vertex -4.81884 -10.7406 0
    endloop
  endfacet
  facet normal -0 0 -1
    outer loop
      vertex -1.33295 -4.97464 0
      vertex -5.02513 -10.5155 0
      vertex -1.76144 -4.83954 0
    endloop
  endfacet
  facet normal 0 0 -1
    outer loop
      vertex -5.25024 -10.3092 0
      vertex -1.76144 -4.83954 0
      vertex -5.02513 -10.5155 0
    endloop
  endfacet
  facet normal -0 0 -1
    outer loop
      vertex -1.76144 -4.83954 0
      vertex -5.25024 -10.3092 0
      vertex -2.17653 -4.6676 0
    endloop
  endfacet
  facet normal 0 0 -1
    outer loop
      vertex -5.49248 -10.1233 0
      vertex -2.17653 -4.6676 0
      vertex -5.25024 -10.3092 0
    endloop
  endfacet
  facet normal -0 0 -1
    outer loop
      vertex -2.17653 -4.6676 0
      vertex -5.49248 -10.1233 0
      vertex -2.57507 -4.46016 0
    endloop
  endfacet
  facet normal 0 0 -1
    outer loop
      vertex -5.75 -9.95929 0
      vertex -2.57507 -4.46016 0
      vertex -5.49248 -10.1233 0
    endloop
  endfacet
  facet normal 0 0 -1
    outer loop
      vertex -6.02084 -9.8183 0
      vertex -2.57507 -4.46016 0
      vertex -5.75 -9.95929 0
    endloop
  endfacet
  facet normal -0 0 -1
    outer loop
      vertex -2.57507 -4.46016 0
      vertex -6.02084 -9.8183 0
      vertex -2.95399 -4.21873 0
    endloop
  endfacet
  facet normal 0 0 -1
    outer loop
      vertex -6.30293 -9.70146 0
      vertex -2.95399 -4.21873 0
      vertex -6.02084 -9.8183 0
    endloop
  endfacet
  facet normal -0 0 -1
    outer loop
      vertex -2.95399 -4.21873 0
      vertex -6.30293 -9.70146 0
      vertex -3.31044 -3.94524 0
    endloop
  endfacet
  facet normal 0 0 -1
    outer loop
      vertex -6.59413 -9.60964 0
      vertex -3.31044 -3.94524 0
      vertex -6.30293 -9.70146 0
    endloop
  endfacet
  facet normal -0 0 -1
    outer loop
      vertex -3.31044 -3.94524 0
      vertex -6.59413 -9.60964 0
      vertex -3.64169 -3.64169 0
    endloop
  endfacet
  facet normal 0 0 -1
    outer loop
      vertex -6.89223 -9.54355 0
      vertex -3.64169 -3.64169 0
      vertex -6.59413 -9.60964 0
    endloop
  endfacet
  facet normal -0 0 -1
    outer loop
      vertex -3.64169 -3.64169 0
      vertex -6.89223 -9.54355 0
      vertex -3.94524 -3.31044 0
    endloop
  endfacet
  facet normal 0 0 -1
    outer loop
      vertex -7.19495 -9.5037 0
      vertex -3.94524 -3.31044 0
      vertex -6.89223 -9.54355 0
    endloop
  endfacet
  facet normal 0 0 -1
    outer loop
      vertex -7.5 -9.49038 0
      vertex -3.94524 -3.31044 0
      vertex -7.19495 -9.5037 0
    endloop
  endfacet
  facet normal -0 0 -1
    outer loop
      vertex 5.49248 10.1233 0
      vertex 2.17653 4.6676 0
      vertex 5.25024 10.3092 0
    endloop
  endfacet
  facet normal 0 0 -1
    outer loop
      vertex 1.76144 4.83954 0
      vertex 5.25024 10.3092 0
      vertex 2.17653 4.6676 0
    endloop
  endfacet
  facet normal -0 0 -1
    outer loop
      vertex 5.25024 10.3092 0
      vertex 1.76144 4.83954 0
      vertex 5.02513 10.5155 0
    endloop
  endfacet
  facet normal 0 0 -1
    outer loop
      vertex 1.33295 4.97464 0
      vertex 5.02513 10.5155 0
      vertex 1.76144 4.83954 0
    endloop
  endfacet
  facet normal -0 0 -1
    outer loop
      vertex 5.02513 10.5155 0
      vertex 1.33295 4.97464 0
      vertex 4.81884 10.7406 0
    endloop
  endfacet
  facet normal 0 0 -1
    outer loop
      vertex 0.894318 5.07188 0
      vertex 4.81884 10.7406 0
      vertex 1.33295 4.97464 0
    endloop
  endfacet
  facet normal 0.737322 -0.675541 0
    outer loop
      vertex 17.846 -16.7546 6
      vertex 18.2462 -16.3178 0
      vertex 18.2462 -16.3178 6
    endloop
  endfacet
  facet normal 0.737322 -0.675541 0
    outer loop
      vertex 18.2462 -16.3178 0
      vertex 17.846 -16.7546 6
      vertex 17.846 -16.7546 0
    endloop
  endfacet
  facet normal 0.843376 0.537323 0
    outer loop
      vertex 20.8026 12.9015 6
      vertex 20.4843 13.4011 0
      vertex 20.4843 13.4011 6
    endloop
  endfacet
  facet normal 0.843376 0.537323 0
    outer loop
      vertex 20.4843 13.4011 0
      vertex 20.8026 12.9015 6
      vertex 20.8026 12.9015 0
    endloop
  endfacet
  facet normal 0.887051 0.461672 0
    outer loop
      vertex 21.8478 11.0393 6
      vertex 21.5743 11.5648 0
      vertex 21.5743 11.5648 6
    endloop
  endfacet
  facet normal 0.887051 0.461672 0
    outer loop
      vertex 21.5743 11.5648 0
      vertex 21.8478 11.0393 6
      vertex 21.8478 11.0393 0
    endloop
  endfacet
  facet normal -0.382553 0.923934 0
    outer loop
      vertex -9.09318 22.7268 0
      vertex -9.64046 22.5002 6
      vertex -9.09318 22.7268 6
    endloop
  endfacet
  facet normal -0.382553 0.923934 0
    outer loop
      vertex -9.64046 22.5002 6
      vertex -9.09318 22.7268 0
      vertex -9.64046 22.5002 0
    endloop
  endfacet
  facet normal 0.976301 -0.216419 0
    outer loop
      vertex 23.8324 -5.58688 6
      vertex 23.9606 -5.00855 0
      vertex 23.9606 -5.00855 6
    endloop
  endfacet
  facet normal 0.976301 -0.216419 0
    outer loop
      vertex 23.9606 -5.00855 0
      vertex 23.8324 -5.58688 6
      vertex 23.8324 -5.58688 0
    endloop
  endfacet
  facet normal -0.976301 0.216419 0
    outer loop
      vertex -23.9606 5.00855 0
      vertex -23.8324 5.58688 6
      vertex -23.8324 5.58688 0
    endloop
  endfacet
  facet normal -0.976301 0.216419 0
    outer loop
      vertex -23.8324 5.58688 6
      vertex -23.9606 5.00855 0
      vertex -23.9606 5.00855 6
    endloop
  endfacet
  facet normal -0.793326 -0.608797 0
    outer loop
      vertex -19.2384 -15.1354 0
      vertex -19.599 -14.6655 6
      vertex -19.599 -14.6655 0
    endloop
  endfacet
  facet normal -0.793326 -0.608797 0
    outer loop
      vertex -19.599 -14.6655 6
      vertex -19.2384 -15.1354 0
      vertex -19.2384 -15.1354 6
    endloop
  endfacet
  facet normal 0.537323 0.843376 -0
    outer loop
      vertex 13.4011 20.4843 0
      vertex 12.9015 20.8026 6
      vertex 13.4011 20.4843 6
    endloop
  endfacet
  facet normal 0.537323 0.843376 0
    outer loop
      vertex 12.9015 20.8026 6
      vertex 13.4011 20.4843 0
      vertex 12.9015 20.8026 0
    endloop
  endfacet
  facet normal 0.608797 0.793326 -0
    outer loop
      vertex 15.1354 19.2384 0
      vertex 14.6655 19.599 6
      vertex 15.1354 19.2384 6
    endloop
  endfacet
  facet normal 0.608797 0.793326 0
    outer loop
      vertex 14.6655 19.599 6
      vertex 15.1354 19.2384 0
      vertex 14.6655 19.599 0
    endloop
  endfacet
  facet normal -0.0435552 -0.999051 0
    outer loop
      vertex -1.36355 -24.4405 0
      vertex -0.77176 -24.4663 6
      vertex -1.36355 -24.4405 6
    endloop
  endfacet
  facet normal -0.0435552 -0.999051 -0
    outer loop
      vertex -0.77176 -24.4663 6
      vertex -1.36355 -24.4405 0
      vertex -0.77176 -24.4663 0
    endloop
  endfacet
  facet normal -0.608797 0.793326 0
    outer loop
      vertex -14.6655 19.599 0
      vertex -15.1354 19.2384 6
      vertex -14.6655 19.599 6
    endloop
  endfacet
  facet normal -0.608797 0.793326 0
    outer loop
      vertex -15.1354 19.2384 6
      vertex -14.6655 19.599 0
      vertex -15.1354 19.2384 0
    endloop
  endfacet
  facet normal 0.953731 0.300663 0
    outer loop
      vertex 23.4329 7.0778 6
      vertex 23.2548 7.64275 0
      vertex 23.2548 7.64275 6
    endloop
  endfacet
  facet normal 0.953731 0.300663 0
    outer loop
      vertex 23.2548 7.64275 0
      vertex 23.4329 7.0778 6
      vertex 23.4329 7.0778 0
    endloop
  endfacet
  facet normal 0.923934 -0.382553 0
    outer loop
      vertex 22.5002 -9.64046 6
      vertex 22.7268 -9.09318 0
      vertex 22.7268 -9.09318 6
    endloop
  endfacet
  facet normal 0.923934 -0.382553 0
    outer loop
      vertex 22.7268 -9.09318 0
      vertex 22.5002 -9.64046 6
      vertex 22.5002 -9.64046 0
    endloop
  endfacet
  facet normal -0.537323 -0.843376 0
    outer loop
      vertex -13.4011 -20.4843 0
      vertex -12.9015 -20.8026 6
      vertex -13.4011 -20.4843 6
    endloop
  endfacet
  facet normal -0.537323 -0.843376 -0
    outer loop
      vertex -12.9015 -20.8026 6
      vertex -13.4011 -20.4843 0
      vertex -12.9015 -20.8026 0
    endloop
  endfacet
  facet normal 0.461672 0.887051 -0
    outer loop
      vertex 11.5648 21.5743 0
      vertex 11.0393 21.8478 6
      vertex 11.5648 21.5743 6
    endloop
  endfacet
  facet normal 0.461672 0.887051 0
    outer loop
      vertex 11.0393 21.8478 6
      vertex 11.5648 21.5743 0
      vertex 11.0393 21.8478 0
    endloop
  endfacet
  facet normal -0.461672 -0.887051 0
    outer loop
      vertex -11.5648 -21.5743 0
      vertex -11.0393 -21.8478 6
      vertex -11.5648 -21.5743 6
    endloop
  endfacet
  facet normal -0.461672 -0.887051 -0
    outer loop
      vertex -11.0393 -21.8478 6
      vertex -11.5648 -21.5743 0
      vertex -11.0393 -21.8478 0
    endloop
  endfacet
  facet normal 0.0435552 0.999051 -0
    outer loop
      vertex 1.36355 24.4405 0
      vertex 0.77176 24.4663 6
      vertex 1.36355 24.4405 6
    endloop
  endfacet
  facet normal 0.0435552 0.999051 0
    outer loop
      vertex 0.77176 24.4663 6
      vertex 1.36355 24.4405 0
      vertex 0.77176 24.4663 0
    endloop
  endfacet
  facet normal -0.887051 -0.461672 0
    outer loop
      vertex -21.5743 -11.5648 0
      vertex -21.8478 -11.0393 6
      vertex -21.8478 -11.0393 0
    endloop
  endfacet
  facet normal -0.887051 -0.461672 0
    outer loop
      vertex -21.8478 -11.0393 6
      vertex -21.5743 -11.5648 0
      vertex -21.5743 -11.5648 6
    endloop
  endfacet
  facet normal -0.300663 -0.953731 0
    outer loop
      vertex -7.64275 -23.2548 0
      vertex -7.0778 -23.4329 6
      vertex -7.64275 -23.2548 6
    endloop
  endfacet
  facet normal -0.300663 -0.953731 -0
    outer loop
      vertex -7.0778 -23.4329 6
      vertex -7.64275 -23.2548 0
      vertex -7.0778 -23.4329 0
    endloop
  endfacet
  facet normal 0.537323 -0.843376 0
    outer loop
      vertex 12.9015 -20.8026 0
      vertex 13.4011 -20.4843 6
      vertex 12.9015 -20.8026 6
    endloop
  endfacet
  facet normal 0.537323 -0.843376 0
    outer loop
      vertex 13.4011 -20.4843 6
      vertex 12.9015 -20.8026 0
      vertex 13.4011 -20.4843 0
    endloop
  endfacet
  facet normal -0.216419 -0.976301 0
    outer loop
      vertex -5.58688 -23.8324 0
      vertex -5.00855 -23.9606 6
      vertex -5.58688 -23.8324 6
    endloop
  endfacet
  facet normal -0.216419 -0.976301 -0
    outer loop
      vertex -5.00855 -23.9606 6
      vertex -5.58688 -23.8324 0
      vertex -5.00855 -23.9606 0
    endloop
  endfacet
  facet normal -0.793326 0.608797 0
    outer loop
      vertex -19.599 14.6655 0
      vertex -19.2384 15.1354 6
      vertex -19.2384 15.1354 0
    endloop
  endfacet
  facet normal -0.793326 0.608797 0
    outer loop
      vertex -19.2384 15.1354 6
      vertex -19.599 14.6655 0
      vertex -19.599 14.6655 6
    endloop
  endfacet
  facet normal -0.953731 0.300663 0
    outer loop
      vertex -23.4329 7.0778 0
      vertex -23.2548 7.64275 6
      vertex -23.2548 7.64275 0
    endloop
  endfacet
  facet normal -0.953731 0.300663 0
    outer loop
      vertex -23.2548 7.64275 6
      vertex -23.4329 7.0778 0
      vertex -23.4329 7.0778 6
    endloop
  endfacet
  facet normal 0.991449 -0.130492 0
    outer loop
      vertex 24.2286 -3.4885 6
      vertex 24.3059 -2.90119 0
      vertex 24.3059 -2.90119 6
    endloop
  endfacet
  facet normal 0.991449 -0.130492 0
    outer loop
      vertex 24.3059 -2.90119 0
      vertex 24.2286 -3.4885 6
      vertex 24.2286 -3.4885 0
    endloop
  endfacet
  facet normal 0 0 1
    outer loop
      vertex 8.56363 24.5517 6
      vertex 9.09318 22.7268 6
      vertex 9.22141 24.3123 6
    endloop
  endfacet
  facet normal -0 0 1
    outer loop
      vertex 7.64275 23.2548 6
      vertex 9.09318 22.7268 6
      vertex 8.56363 24.5517 6
    endloop
  endfacet
  facet normal 0 0 1
    outer loop
      vertex 7.35343 20.2034 6
      vertex 9.09318 22.7268 6
      vertex 7.64275 23.2548 6
    endloop
  endfacet
  facet normal 0 0 1
    outer loop
      vertex 9.09318 22.7268 6
      vertex 7.35343 20.2034 6
      vertex 9.08629 19.4856 6
    endloop
  endfacet
  facet normal 0 0 1
    outer loop
      vertex 7.0778 23.4329 6
      vertex 7.35343 20.2034 6
      vertex 7.64275 23.2548 6
    endloop
  endfacet
  facet normal 0 0 1
    outer loop
      vertex 6.39122 25.2047 6
      vertex 7.0778 23.4329 6
      vertex 7.06735 25.0235 6
    endloop
  endfacet
  facet normal -0 0 1
    outer loop
      vertex 5.58688 23.8324 6
      vertex 7.0778 23.4329 6
      vertex 6.39122 25.2047 6
    endloop
  endfacet
  facet normal 0 0 1
    outer loop
      vertex 5.56461 20.7674 6
      vertex 7.0778 23.4329 6
      vertex 5.58688 23.8324 6
    endloop
  endfacet
  facet normal 0 0 1
    outer loop
      vertex 7.0778 23.4329 6
      vertex 5.56461 20.7674 6
      vertex 7.35343 20.2034 6
    endloop
  endfacet
  facet normal 0 0 1
    outer loop
      vertex 5.00855 23.9606 6
      vertex 5.56461 20.7674 6
      vertex 5.58688 23.8324 6
    endloop
  endfacet
  facet normal 0 0 1
    outer loop
      vertex 4.17017 25.6658 6
      vertex 5.00855 23.9606 6
      vertex 4.85951 25.5442 6
    endloop
  endfacet
  facet normal -0 0 1
    outer loop
      vertex 3.4885 24.2286 6
      vertex 5.00855 23.9606 6
      vertex 4.17017 25.6658 6
    endloop
  endfacet
  facet normal 0 -0 1
    outer loop
      vertex 3.73344 21.1734 6
      vertex 5.00855 23.9606 6
      vertex 3.4885 24.2286 6
    endloop
  endfacet
  facet normal 0 0 1
    outer loop
      vertex 5.00855 23.9606 6
      vertex 3.73344 21.1734 6
      vertex 5.56461 20.7674 6
    endloop
  endfacet
  facet normal 0 0 1
    outer loop
      vertex 2.90119 24.3059 6
      vertex 3.73344 21.1734 6
      vertex 3.4885 24.2286 6
    endloop
  endfacet
  facet normal 0 0 1
    outer loop
      vertex 1.91739 25.9316 6
      vertex 2.90119 24.3059 6
      vertex 2.6147 25.8705 6
    endloop
  endfacet
  facet normal -0 0 1
    outer loop
      vertex 1.36355 24.4405 6
      vertex 2.90119 24.3059 6
      vertex 1.91739 25.9316 6
    endloop
  endfacet
  facet normal 0 -0 1
    outer loop
      vertex 1.87385 21.4182 6
      vertex 2.90119 24.3059 6
      vertex 1.36355 24.4405 6
    endloop
  endfacet
  facet normal 0 0 1
    outer loop
      vertex 2.90119 24.3059 6
      vertex 1.87385 21.4182 6
      vertex 3.73344 21.1734 6
    endloop
  endfacet
  facet normal 0 0 1
    outer loop
      vertex 0.77176 24.4663 6
      vertex 1.87385 21.4182 6
      vertex 1.36355 24.4405 6
    endloop
  endfacet
  facet normal 0 0 1
    outer loop
      vertex 0.77176 24.4663 6
      vertex 0 21.5 6
      vertex 1.87385 21.4182 6
    endloop
  endfacet
  facet normal 0 0 1
    outer loop
      vertex -0.77176 24.4663 6
      vertex 0.77176 24.4663 6
      vertex 0.349991 26 6
    endloop
  endfacet
  facet normal 0 0 1
    outer loop
      vertex -0.77176 24.4663 6
      vertex 0.349991 26 6
      vertex -0.349991 26 6
    endloop
  endfacet
  facet normal 0 0 1
    outer loop
      vertex 0.77176 24.4663 6
      vertex -0.77176 24.4663 6
      vertex 0 21.5 6
    endloop
  endfacet
  facet normal -0 0 1
    outer loop
      vertex -1.36355 24.4405 6
      vertex 0 21.5 6
      vertex -0.77176 24.4663 6
    endloop
  endfacet
  facet normal 0 0 1
    outer loop
      vertex -1.36355 24.4405 6
      vertex -1.87385 21.4182 6
      vertex 0 21.5 6
    endloop
  endfacet
  facet normal 0 0 1
    outer loop
      vertex -2.90119 24.3059 6
      vertex -1.36355 24.4405 6
      vertex -1.91739 25.9316 6
    endloop
  endfacet
  facet normal 0 0 1
    outer loop
      vertex -2.90119 24.3059 6
      vertex -1.91739 25.9316 6
      vertex -2.6147 25.8705 6
    endloop
  endfacet
  facet normal 0 0 1
    outer loop
      vertex -1.36355 24.4405 6
      vertex -2.90119 24.3059 6
      vertex -1.87385 21.4182 6
    endloop
  endfacet
  facet normal -0 0 1
    outer loop
      vertex -3.4885 24.2286 6
      vertex -1.87385 21.4182 6
      vertex -2.90119 24.3059 6
    endloop
  endfacet
  facet normal 0 0 1
    outer loop
      vertex -3.4885 24.2286 6
      vertex -3.73344 21.1734 6
      vertex -1.87385 21.4182 6
    endloop
  endfacet
  facet normal 0 0 1
    outer loop
      vertex -5.00855 23.9606 6
      vertex -3.4885 24.2286 6
      vertex -4.17017 25.6658 6
    endloop
  endfacet
  facet normal 0 0 1
    outer loop
      vertex -5.00855 23.9606 6
      vertex -4.17017 25.6658 6
      vertex -4.85951 25.5442 6
    endloop
  endfacet
  facet normal 0 0 1
    outer loop
      vertex -3.4885 24.2286 6
      vertex -5.00855 23.9606 6
      vertex -3.73344 21.1734 6
    endloop
  endfacet
  facet normal 0 0 1
    outer loop
      vertex -5.00855 23.9606 6
      vertex -5.56461 20.7674 6
      vertex -3.73344 21.1734 6
    endloop
  endfacet
  facet normal -0 0 1
    outer loop
      vertex -5.58688 23.8324 6
      vertex -5.56461 20.7674 6
      vertex -5.00855 23.9606 6
    endloop
  endfacet
  facet normal 0 0 1
    outer loop
      vertex -7.0778 23.4329 6
      vertex -5.58688 23.8324 6
      vertex -6.39122 25.2047 6
    endloop
  endfacet
  facet normal 0 0 1
    outer loop
      vertex -7.0778 23.4329 6
      vertex -6.39122 25.2047 6
      vertex -7.06735 25.0235 6
    endloop
  endfacet
  facet normal 0 0 1
    outer loop
      vertex -5.58688 23.8324 6
      vertex -7.0778 23.4329 6
      vertex -5.56461 20.7674 6
    endloop
  endfacet
  facet normal 0 0 1
    outer loop
      vertex -7.0778 23.4329 6
      vertex -7.35343 20.2034 6
      vertex -5.56461 20.7674 6
    endloop
  endfacet
  facet normal -0 0 1
    outer loop
      vertex -7.64275 23.2548 6
      vertex -7.35343 20.2034 6
      vertex -7.0778 23.4329 6
    endloop
  endfacet
  facet normal 0 0 1
    outer loop
      vertex -9.09318 22.7268 6
      vertex -7.64275 23.2548 6
      vertex -8.56363 24.5517 6
    endloop
  endfacet
  facet normal 0 0 1
    outer loop
      vertex -7.64275 23.2548 6
      vertex -9.09318 22.7268 6
      vertex -7.35343 20.2034 6
    endloop
  endfacet
  facet normal 0 0 1
    outer loop
      vertex -7.35343 20.2034 6
      vertex -9.09318 22.7268 6
      vertex -9.08629 19.4856 6
    endloop
  endfacet
  facet normal 0 -0 1
    outer loop
      vertex -9.09318 22.7268 6
      vertex -8.56363 24.5517 6
      vertex -9.22141 24.3123 6
    endloop
  endfacet
  facet normal 0 0 1
    outer loop
      vertex 10.6709 23.7119 6
      vertex 11.0393 21.8478 6
      vertex 11.3053 23.4161 6
    endloop
  endfacet
  facet normal -0 0 1
    outer loop
      vertex 9.64046 22.5002 6
      vertex 11.0393 21.8478 6
      vertex 10.6709 23.7119 6
    endloop
  endfacet
  facet normal 0 0 1
    outer loop
      vertex 9.08629 19.4856 6
      vertex 11.0393 21.8478 6
      vertex 9.64046 22.5002 6
    endloop
  endfacet
  facet normal 0 0 1
    outer loop
      vertex 9.08629 19.4856 6
      vertex 9.64046 22.5002 6
      vertex 9.09318 22.7268 6
    endloop
  endfacet
  facet normal 0 0 1
    outer loop
      vertex 11.0393 21.8478 6
      vertex 9.08629 19.4856 6
      vertex 10.75 18.6195 6
    endloop
  endfacet
  facet normal 0 0 1
    outer loop
      vertex 13.3031 -22.3417 6
      vertex 12.9015 -20.8026 6
      vertex 12.6969 -22.6917 6
    endloop
  endfacet
  facet normal 0 0 1
    outer loop
      vertex 13.3031 22.3417 6
      vertex 12.6969 22.6917 6
      vertex 12.9015 20.8026 6
    endloop
  endfacet
  facet normal 0 0 1
    outer loop
      vertex 15.1997 21.0972 6
      vertex 14.6263 21.4987 6
      vertex 14.6655 19.599 6
    endloop
  endfacet
  facet normal 0 0 1
    outer loop
      vertex 16.4444 20.1421 6
      vertex 16.3178 18.2462 6
      vertex 16.9806 19.6922 6
    endloop
  endfacet
  facet normal -0 0 1
    outer loop
      vertex 15.1354 19.2384 6
      vertex 16.3178 18.2462 6
      vertex 16.4444 20.1421 6
    endloop
  endfacet
  facet normal 0 0 1
    outer loop
      vertex 13.8199 16.47 6
      vertex 16.3178 18.2462 6
      vertex 15.1354 19.2384 6
    endloop
  endfacet
  facet normal 0 0 1
    outer loop
      vertex 13.8199 16.47 6
      vertex 15.1354 19.2384 6
      vertex 14.6655 19.599 6
    endloop
  endfacet
  facet normal 0 0 1
    outer loop
      vertex 16.3178 18.2462 6
      vertex 13.8199 16.47 6
      vertex 15.2028 15.2028 6
    endloop
  endfacet
  facet normal -0 0 1
    outer loop
      vertex 13.4011 20.4843 6
      vertex 14.6655 19.599 6
      vertex 14.6263 21.4987 6
    endloop
  endfacet
  facet normal 0 0 1
    outer loop
      vertex 12.3319 17.6118 6
      vertex 14.6655 19.599 6
      vertex 13.4011 20.4843 6
    endloop
  endfacet
  facet normal 0 0 1
    outer loop
      vertex 12.3319 17.6118 6
      vertex 13.4011 20.4843 6
      vertex 12.9015 20.8026 6
    endloop
  endfacet
  facet normal 0 0 1
    outer loop
      vertex 14.6655 19.599 6
      vertex 12.3319 17.6118 6
      vertex 13.8199 16.47 6
    endloop
  endfacet
  facet normal -0 0 1
    outer loop
      vertex 11.5648 21.5743 6
      vertex 12.9015 20.8026 6
      vertex 12.6969 22.6917 6
    endloop
  endfacet
  facet normal 0 0 1
    outer loop
      vertex 10.75 18.6195 6
      vertex 12.9015 20.8026 6
      vertex 11.5648 21.5743 6
    endloop
  endfacet
  facet normal 0 0 1
    outer loop
      vertex 10.75 18.6195 6
      vertex 11.5648 21.5743 6
      vertex 11.0393 21.8478 6
    endloop
  endfacet
  facet normal 0 0 1
    outer loop
      vertex 12.9015 20.8026 6
      vertex 10.75 18.6195 6
      vertex 12.3319 17.6118 6
    endloop
  endfacet
  facet normal 0 0 1
    outer loop
      vertex 18.1373 18.6322 6
      vertex 17.846 16.7546 6
      vertex 18.6322 18.1373 6
    endloop
  endfacet
  facet normal -0 0 1
    outer loop
      vertex 16.7546 17.846 6
      vertex 17.846 16.7546 6
      vertex 18.1373 18.6322 6
    endloop
  endfacet
  facet normal 0 0 1
    outer loop
      vertex 15.2028 15.2028 6
      vertex 17.846 16.7546 6
      vertex 16.7546 17.846 6
    endloop
  endfacet
  facet normal 0 0 1
    outer loop
      vertex 17.846 16.7546 6
      vertex 16.47 13.8199 6
      vertex 17.6118 12.3319 6
    endloop
  endfacet
  facet normal 0 0 1
    outer loop
      vertex 15.2028 15.2028 6
      vertex 16.7546 17.846 6
      vertex 16.3178 18.2462 6
    endloop
  endfacet
  facet normal 0 0 1
    outer loop
      vertex 17.846 16.7546 6
      vertex 15.2028 15.2028 6
      vertex 16.47 13.8199 6
    endloop
  endfacet
  facet normal 0 0 1
    outer loop
      vertex 19.6922 16.9806 6
      vertex 19.2384 15.1354 6
      vertex 20.1421 16.4444 6
    endloop
  endfacet
  facet normal -0 0 1
    outer loop
      vertex 18.2462 16.3178 6
      vertex 19.2384 15.1354 6
      vertex 19.6922 16.9806 6
    endloop
  endfacet
  facet normal 0 0 1
    outer loop
      vertex 17.6118 12.3319 6
      vertex 19.2384 15.1354 6
      vertex 18.2462 16.3178 6
    endloop
  endfacet
  facet normal 0 0 1
    outer loop
      vertex 17.6118 12.3319 6
      vertex 18.2462 16.3178 6
      vertex 17.846 16.7546 6
    endloop
  endfacet
  facet normal 0 0 1
    outer loop
      vertex 19.2384 15.1354 6
      vertex 17.6118 12.3319 6
      vertex 18.6195 10.75 6
    endloop
  endfacet
  facet normal 0 0 1
    outer loop
      vertex 21.0972 15.1997 6
      vertex 20.4843 13.4011 6
      vertex 21.4987 14.6263 6
    endloop
  endfacet
  facet normal -0 0 1
    outer loop
      vertex 19.599 14.6655 6
      vertex 20.4843 13.4011 6
      vertex 21.0972 15.1997 6
    endloop
  endfacet
  facet normal 0 0 1
    outer loop
      vertex 18.6195 10.75 6
      vertex 20.4843 13.4011 6
      vertex 19.599 14.6655 6
    endloop
  endfacet
  facet normal 0 0 1
    outer loop
      vertex 20.4843 13.4011 6
      vertex 19.4856 9.08629 6
      vertex 20.2034 7.35343 6
    endloop
  endfacet
  facet normal 0 0 1
    outer loop
      vertex 18.6195 10.75 6
      vertex 19.599 14.6655 6
      vertex 19.2384 15.1354 6
    endloop
  endfacet
  facet normal 0 0 1
    outer loop
      vertex 20.4843 13.4011 6
      vertex 18.6195 10.75 6
      vertex 19.4856 9.08629 6
    endloop
  endfacet
  facet normal 0 0 1
    outer loop
      vertex 22.3417 13.3031 6
      vertex 21.5743 11.5648 6
      vertex 22.6917 12.6969 6
    endloop
  endfacet
  facet normal -0 0 1
    outer loop
      vertex 20.2034 -7.35343 6
      vertex 23.2548 -7.64275 6
      vertex 20.7674 -5.56461 6
    endloop
  endfacet
  facet normal 0 0 1
    outer loop
      vertex 21.8478 11.0393 6
      vertex 21.4182 1.87385 6
      vertex 21.5 0 6
    endloop
  endfacet
  facet normal 0 0 1
    outer loop
      vertex 21.8478 11.0393 6
      vertex 21.1734 3.73344 6
      vertex 21.4182 1.87385 6
    endloop
  endfacet
  facet normal -0 0 1
    outer loop
      vertex 20.8026 12.9015 6
      vertex 21.5743 11.5648 6
      vertex 22.3417 13.3031 6
    endloop
  endfacet
  facet normal 0 0 1
    outer loop
      vertex 20.2034 7.35343 6
      vertex 21.5743 11.5648 6
      vertex 20.8026 12.9015 6
    endloop
  endfacet
  facet normal 0 0 1
    outer loop
      vertex 21.8478 11.0393 6
      vertex 20.7674 5.56461 6
      vertex 21.1734 3.73344 6
    endloop
  endfacet
  facet normal 0 0 1
    outer loop
      vertex 20.2034 7.35343 6
      vertex 20.8026 12.9015 6
      vertex 20.4843 13.4011 6
    endloop
  endfacet
  facet normal 0 0 1
    outer loop
      vertex 21.8478 11.0393 6
      vertex 20.2034 7.35343 6
      vertex 20.7674 5.56461 6
    endloop
  endfacet
  facet normal 0 0 1
    outer loop
      vertex 23.4161 11.3053 6
      vertex 22.5002 9.64046 6
      vertex 23.7119 10.6709 6
    endloop
  endfacet
  facet normal 0 0 1
    outer loop
      vertex 21.5 0 6
      vertex 22.5002 9.64046 6
      vertex 21.8478 11.0393 6
    endloop
  endfacet
  facet normal -0 0 1
    outer loop
      vertex 21.8478 11.0393 6
      vertex 22.5002 9.64046 6
      vertex 23.4161 11.3053 6
    endloop
  endfacet
  facet normal 0 0 1
    outer loop
      vertex 24.3123 9.22141 6
      vertex 23.2548 7.64275 6
      vertex 24.5517 8.56363 6
    endloop
  endfacet
  facet normal 0 0 1
    outer loop
      vertex 21.5 0 6
      vertex 23.2548 7.64275 6
      vertex 22.7268 9.09318 6
    endloop
  endfacet
  facet normal -0 0 1
    outer loop
      vertex 22.7268 9.09318 6
      vertex 23.2548 7.64275 6
      vertex 24.3123 9.22141 6
    endloop
  endfacet
  facet normal 0 0 1
    outer loop
      vertex 25.0235 7.06735 6
      vertex 23.8324 5.58688 6
      vertex 25.2047 6.39122 6
    endloop
  endfacet
  facet normal 0 0 1
    outer loop
      vertex 21.5 0 6
      vertex 23.8324 5.58688 6
      vertex 23.4329 7.0778 6
    endloop
  endfacet
  facet normal 0 0 1
    outer loop
      vertex 23.4329 7.0778 6
      vertex 23.8324 5.58688 6
      vertex 25.0235 7.06735 6
    endloop
  endfacet
  facet normal 0 0 1
    outer loop
      vertex 25.5442 4.85951 6
      vertex 24.2286 3.4885 6
      vertex 25.6658 4.17017 6
    endloop
  endfacet
  facet normal 0 0 1
    outer loop
      vertex 21.5 0 6
      vertex 24.2286 3.4885 6
      vertex 23.9606 5.00855 6
    endloop
  endfacet
  facet normal 0 0 1
    outer loop
      vertex 23.9606 5.00855 6
      vertex 24.2286 3.4885 6
      vertex 25.5442 4.85951 6
    endloop
  endfacet
  facet normal 0 0 1
    outer loop
      vertex 25.8705 2.6147 6
      vertex 24.4405 1.36355 6
      vertex 25.9316 1.91739 6
    endloop
  endfacet
  facet normal 0 0 1
    outer loop
      vertex 21.5 0 6
      vertex 24.4405 1.36355 6
      vertex 24.3059 2.90119 6
    endloop
  endfacet
  facet normal 0 0 1
    outer loop
      vertex 24.3059 2.90119 6
      vertex 24.4405 1.36355 6
      vertex 25.8705 2.6147 6
    endloop
  endfacet
  facet normal 0 0 1
    outer loop
      vertex 24.4663 0.77176 6
      vertex 26 -0.349991 6
      vertex 26 0.349991 6
    endloop
  endfacet
  facet normal 0 0 1
    outer loop
      vertex 24.4663 0.77176 6
      vertex 24.4663 -0.77176 6
      vertex 26 -0.349991 6
    endloop
  endfacet
  facet normal 0 0 1
    outer loop
      vertex 21.5 0 6
      vertex 24.4663 0.77176 6
      vertex 24.4405 1.36355 6
    endloop
  endfacet
  facet normal 0 0 1
    outer loop
      vertex 24.4663 0.77176 6
      vertex 21.5 0 6
      vertex 24.4663 -0.77176 6
    endloop
  endfacet
  facet normal 0 0 1
    outer loop
      vertex 24.4405 -1.36355 6
      vertex 25.8705 -2.6147 6
      vertex 25.9316 -1.91739 6
    endloop
  endfacet
  facet normal 0 0 1
    outer loop
      vertex 24.4405 -1.36355 6
      vertex 24.3059 -2.90119 6
      vertex 25.8705 -2.6147 6
    endloop
  endfacet
  facet normal 0 0 1
    outer loop
      vertex 24.4663 -0.77176 6
      vertex 21.5 0 6
      vertex 24.4405 -1.36355 6
    endloop
  endfacet
  facet normal 0 0 1
    outer loop
      vertex 21.5 0 6
      vertex 24.3059 2.90119 6
      vertex 24.2286 3.4885 6
    endloop
  endfacet
  facet normal 0 0 1
    outer loop
      vertex 21.4182 -1.87385 6
      vertex 24.4405 -1.36355 6
      vertex 21.5 0 6
    endloop
  endfacet
  facet normal 0 0 1
    outer loop
      vertex 24.2286 -3.4885 6
      vertex 25.5442 -4.85951 6
      vertex 25.6658 -4.17017 6
    endloop
  endfacet
  facet normal 0 0 1
    outer loop
      vertex 24.2286 -3.4885 6
      vertex 23.9606 -5.00855 6
      vertex 25.5442 -4.85951 6
    endloop
  endfacet
  facet normal 0 0 1
    outer loop
      vertex 24.4405 -1.36355 6
      vertex 21.4182 -1.87385 6
      vertex 24.3059 -2.90119 6
    endloop
  endfacet
  facet normal 0 0 1
    outer loop
      vertex 21.5 0 6
      vertex 23.9606 5.00855 6
      vertex 23.8324 5.58688 6
    endloop
  endfacet
  facet normal 0 0 1
    outer loop
      vertex 24.3059 -2.90119 6
      vertex 21.4182 -1.87385 6
      vertex 24.2286 -3.4885 6
    endloop
  endfacet
  facet normal 0 0 1
    outer loop
      vertex 23.8324 -5.58688 6
      vertex 25.0235 -7.06735 6
      vertex 25.2047 -6.39122 6
    endloop
  endfacet
  facet normal 0 0 1
    outer loop
      vertex 23.8324 -5.58688 6
      vertex 23.4329 -7.0778 6
      vertex 25.0235 -7.06735 6
    endloop
  endfacet
  facet normal 0 0 1
    outer loop
      vertex 21.1734 -3.73344 6
      vertex 24.2286 -3.4885 6
      vertex 21.4182 -1.87385 6
    endloop
  endfacet
  facet normal 0 0 1
    outer loop
      vertex 21.5 0 6
      vertex 23.4329 7.0778 6
      vertex 23.2548 7.64275 6
    endloop
  endfacet
  facet normal 0 0 1
    outer loop
      vertex 24.2286 -3.4885 6
      vertex 21.1734 -3.73344 6
      vertex 23.9606 -5.00855 6
    endloop
  endfacet
  facet normal 0 0 1
    outer loop
      vertex 23.2548 -7.64275 6
      vertex 24.3123 -9.22141 6
      vertex 24.5517 -8.56363 6
    endloop
  endfacet
  facet normal 0 0 1
    outer loop
      vertex 23.2548 -7.64275 6
      vertex 22.7268 -9.09318 6
      vertex 24.3123 -9.22141 6
    endloop
  endfacet
  facet normal 0 0 1
    outer loop
      vertex 23.9606 -5.00855 6
      vertex 21.1734 -3.73344 6
      vertex 23.8324 -5.58688 6
    endloop
  endfacet
  facet normal 0 0 1
    outer loop
      vertex 21.5 0 6
      vertex 22.7268 9.09318 6
      vertex 22.5002 9.64046 6
    endloop
  endfacet
  facet normal -0 0 1
    outer loop
      vertex 20.7674 -5.56461 6
      vertex 23.8324 -5.58688 6
      vertex 21.1734 -3.73344 6
    endloop
  endfacet
  facet normal 0 0 1
    outer loop
      vertex 22.5002 -9.64046 6
      vertex 23.4161 -11.3053 6
      vertex 23.7119 -10.6709 6
    endloop
  endfacet
  facet normal 0 0 1
    outer loop
      vertex 22.5002 -9.64046 6
      vertex 21.8478 -11.0393 6
      vertex 23.4161 -11.3053 6
    endloop
  endfacet
  facet normal 0 0 1
    outer loop
      vertex 23.8324 -5.58688 6
      vertex 20.7674 -5.56461 6
      vertex 23.4329 -7.0778 6
    endloop
  endfacet
  facet normal 0 0 1
    outer loop
      vertex 20.2034 7.35343 6
      vertex 21.8478 11.0393 6
      vertex 21.5743 11.5648 6
    endloop
  endfacet
  facet normal 0 0 1
    outer loop
      vertex 23.4329 -7.0778 6
      vertex 20.7674 -5.56461 6
      vertex 23.2548 -7.64275 6
    endloop
  endfacet
  facet normal 0 0 1
    outer loop
      vertex 21.5743 -11.5648 6
      vertex 22.3417 -13.3031 6
      vertex 22.6917 -12.6969 6
    endloop
  endfacet
  facet normal 0 0 1
    outer loop
      vertex 23.2548 -7.64275 6
      vertex 20.2034 -7.35343 6
      vertex 22.7268 -9.09318 6
    endloop
  endfacet
  facet normal 0 0 1
    outer loop
      vertex 22.7268 -9.09318 6
      vertex 20.2034 -7.35343 6
      vertex 22.5002 -9.64046 6
    endloop
  endfacet
  facet normal 0 0 1
    outer loop
      vertex 21.5743 -11.5648 6
      vertex 20.8026 -12.9015 6
      vertex 22.3417 -13.3031 6
    endloop
  endfacet
  facet normal -0 0 1
    outer loop
      vertex 19.4856 -9.08629 6
      vertex 22.5002 -9.64046 6
      vertex 20.2034 -7.35343 6
    endloop
  endfacet
  facet normal 0 0 1
    outer loop
      vertex 22.5002 -9.64046 6
      vertex 19.4856 -9.08629 6
      vertex 21.8478 -11.0393 6
    endloop
  endfacet
  facet normal 0 0 1
    outer loop
      vertex 21.8478 -11.0393 6
      vertex 19.4856 -9.08629 6
      vertex 21.5743 -11.5648 6
    endloop
  endfacet
  facet normal -0 0 1
    outer loop
      vertex 18.6195 -10.75 6
      vertex 21.5743 -11.5648 6
      vertex 19.4856 -9.08629 6
    endloop
  endfacet
  facet normal 0 0 1
    outer loop
      vertex 20.4843 -13.4011 6
      vertex 21.0972 -15.1997 6
      vertex 21.4987 -14.6263 6
    endloop
  endfacet
  facet normal 0 0 1
    outer loop
      vertex 20.4843 -13.4011 6
      vertex 19.599 -14.6655 6
      vertex 21.0972 -15.1997 6
    endloop
  endfacet
  facet normal 0 0 1
    outer loop
      vertex 21.5743 -11.5648 6
      vertex 18.6195 -10.75 6
      vertex 20.8026 -12.9015 6
    endloop
  endfacet
  facet normal 0 0 1
    outer loop
      vertex 20.8026 -12.9015 6
      vertex 18.6195 -10.75 6
      vertex 20.4843 -13.4011 6
    endloop
  endfacet
  facet normal -0 0 1
    outer loop
      vertex 17.6118 -12.3319 6
      vertex 20.4843 -13.4011 6
      vertex 18.6195 -10.75 6
    endloop
  endfacet
  facet normal 0 0 1
    outer loop
      vertex 20.4843 -13.4011 6
      vertex 17.6118 -12.3319 6
      vertex 19.599 -14.6655 6
    endloop
  endfacet
  facet normal 0 0 1
    outer loop
      vertex 19.2384 -15.1354 6
      vertex 19.6922 -16.9806 6
      vertex 20.1421 -16.4444 6
    endloop
  endfacet
  facet normal 0 0 1
    outer loop
      vertex 19.2384 -15.1354 6
      vertex 18.2462 -16.3178 6
      vertex 19.6922 -16.9806 6
    endloop
  endfacet
  facet normal 0 0 1
    outer loop
      vertex 19.599 -14.6655 6
      vertex 17.6118 -12.3319 6
      vertex 19.2384 -15.1354 6
    endloop
  endfacet
  facet normal -0 0 1
    outer loop
      vertex 16.47 -13.8199 6
      vertex 19.2384 -15.1354 6
      vertex 17.6118 -12.3319 6
    endloop
  endfacet
  facet normal 0 0 1
    outer loop
      vertex 19.2384 -15.1354 6
      vertex 16.47 -13.8199 6
      vertex 18.2462 -16.3178 6
    endloop
  endfacet
  facet normal 0 0 1
    outer loop
      vertex 17.846 -16.7546 6
      vertex 18.1373 -18.6322 6
      vertex 18.6322 -18.1373 6
    endloop
  endfacet
  facet normal 0 0 1
    outer loop
      vertex 17.846 -16.7546 6
      vertex 16.7546 -17.846 6
      vertex 18.1373 -18.6322 6
    endloop
  endfacet
  facet normal 0 0 1
    outer loop
      vertex 18.2462 -16.3178 6
      vertex 16.47 -13.8199 6
      vertex 17.846 -16.7546 6
    endloop
  endfacet
  facet normal -0 0 1
    outer loop
      vertex 15.2028 -15.2028 6
      vertex 17.846 -16.7546 6
      vertex 16.47 -13.8199 6
    endloop
  endfacet
  facet normal 0 0 1
    outer loop
      vertex 17.846 -16.7546 6
      vertex 15.2028 -15.2028 6
      vertex 16.7546 -17.846 6
    endloop
  endfacet
  facet normal 0 0 1
    outer loop
      vertex 16.7546 -17.846 6
      vertex 15.2028 -15.2028 6
      vertex 16.3178 -18.2462 6
    endloop
  endfacet
  facet normal 0 0 1
    outer loop
      vertex 16.3178 -18.2462 6
      vertex 16.4444 -20.1421 6
      vertex 16.9806 -19.6922 6
    endloop
  endfacet
  facet normal -0 0 1
    outer loop
      vertex 13.8199 -16.47 6
      vertex 16.3178 -18.2462 6
      vertex 15.2028 -15.2028 6
    endloop
  endfacet
  facet normal 0 0 1
    outer loop
      vertex 16.3178 -18.2462 6
      vertex 15.1354 -19.2384 6
      vertex 16.4444 -20.1421 6
    endloop
  endfacet
  facet normal 0 0 1
    outer loop
      vertex 16.3178 -18.2462 6
      vertex 13.8199 -16.47 6
      vertex 15.1354 -19.2384 6
    endloop
  endfacet
  facet normal 0 0 1
    outer loop
      vertex 15.1354 -19.2384 6
      vertex 13.8199 -16.47 6
      vertex 14.6655 -19.599 6
    endloop
  endfacet
  facet normal -0 0 1
    outer loop
      vertex 12.3319 -17.6118 6
      vertex 14.6655 -19.599 6
      vertex 13.8199 -16.47 6
    endloop
  endfacet
  facet normal 0 0 1
    outer loop
      vertex 14.6655 -19.599 6
      vertex 13.4011 -20.4843 6
      vertex 14.6263 -21.4987 6
    endloop
  endfacet
  facet normal 0 0 1
    outer loop
      vertex 14.6655 -19.599 6
      vertex 12.3319 -17.6118 6
      vertex 13.4011 -20.4843 6
    endloop
  endfacet
  facet normal 0 0 1
    outer loop
      vertex 13.4011 -20.4843 6
      vertex 12.3319 -17.6118 6
      vertex 12.9015 -20.8026 6
    endloop
  endfacet
  facet normal -0 0 1
    outer loop
      vertex 10.75 -18.6195 6
      vertex 12.9015 -20.8026 6
      vertex 12.3319 -17.6118 6
    endloop
  endfacet
  facet normal 0 0 1
    outer loop
      vertex 12.9015 -20.8026 6
      vertex 11.5648 -21.5743 6
      vertex 12.6969 -22.6917 6
    endloop
  endfacet
  facet normal 0 0 1
    outer loop
      vertex 12.9015 -20.8026 6
      vertex 10.75 -18.6195 6
      vertex 11.5648 -21.5743 6
    endloop
  endfacet
  facet normal 0 0 1
    outer loop
      vertex 11.5648 -21.5743 6
      vertex 10.75 -18.6195 6
      vertex 11.0393 -21.8478 6
    endloop
  endfacet
  facet normal 0 0 1
    outer loop
      vertex 15.1997 -21.0972 6
      vertex 14.6655 -19.599 6
      vertex 14.6263 -21.4987 6
    endloop
  endfacet
  facet normal 0 0 1
    outer loop
      vertex 11.0393 -21.8478 6
      vertex 10.6709 -23.7119 6
      vertex 11.3053 -23.4161 6
    endloop
  endfacet
  facet normal -0 0 1
    outer loop
      vertex 9.08629 -19.4856 6
      vertex 11.0393 -21.8478 6
      vertex 10.75 -18.6195 6
    endloop
  endfacet
  facet normal 0 0 1
    outer loop
      vertex 11.0393 -21.8478 6
      vertex 9.64046 -22.5002 6
      vertex 10.6709 -23.7119 6
    endloop
  endfacet
  facet normal 0 0 1
    outer loop
      vertex 11.0393 -21.8478 6
      vertex 9.08629 -19.4856 6
      vertex 9.64046 -22.5002 6
    endloop
  endfacet
  facet normal 0 0 1
    outer loop
      vertex 9.64046 -22.5002 6
      vertex 9.08629 -19.4856 6
      vertex 9.09318 -22.7268 6
    endloop
  endfacet
  facet normal 0 0 1
    outer loop
      vertex 9.09318 -22.7268 6
      vertex 8.56363 -24.5517 6
      vertex 9.22141 -24.3123 6
    endloop
  endfacet
  facet normal -0 0 1
    outer loop
      vertex 7.35343 -20.2034 6
      vertex 9.09318 -22.7268 6
      vertex 9.08629 -19.4856 6
    endloop
  endfacet
  facet normal 0 0 1
    outer loop
      vertex 9.09318 -22.7268 6
      vertex 7.64275 -23.2548 6
      vertex 8.56363 -24.5517 6
    endloop
  endfacet
  facet normal 0 0 1
    outer loop
      vertex 9.09318 -22.7268 6
      vertex 7.35343 -20.2034 6
      vertex 7.64275 -23.2548 6
    endloop
  endfacet
  facet normal 0 0 1
    outer loop
      vertex 7.35343 -20.2034 6
      vertex 7.0778 -23.4329 6
      vertex 7.64275 -23.2548 6
    endloop
  endfacet
  facet normal 0 0 1
    outer loop
      vertex 7.0778 -23.4329 6
      vertex 6.39122 -25.2047 6
      vertex 7.06735 -25.0235 6
    endloop
  endfacet
  facet normal -0 0 1
    outer loop
      vertex 5.56461 -20.7674 6
      vertex 7.0778 -23.4329 6
      vertex 7.35343 -20.2034 6
    endloop
  endfacet
  facet normal 0 0 1
    outer loop
      vertex 7.0778 -23.4329 6
      vertex 5.58688 -23.8324 6
      vertex 6.39122 -25.2047 6
    endloop
  endfacet
  facet normal 0 0 1
    outer loop
      vertex 7.0778 -23.4329 6
      vertex 5.56461 -20.7674 6
      vertex 5.58688 -23.8324 6
    endloop
  endfacet
  facet normal 0 0 1
    outer loop
      vertex 5.56461 -20.7674 6
      vertex 5.00855 -23.9606 6
      vertex 5.58688 -23.8324 6
    endloop
  endfacet
  facet normal 0 0 1
    outer loop
      vertex 5.00855 -23.9606 6
      vertex 4.17017 -25.6658 6
      vertex 4.85951 -25.5442 6
    endloop
  endfacet
  facet normal -0 0 1
    outer loop
      vertex 3.73344 -21.1734 6
      vertex 5.00855 -23.9606 6
      vertex 5.56461 -20.7674 6
    endloop
  endfacet
  facet normal 0 0 1
    outer loop
      vertex 5.00855 -23.9606 6
      vertex 3.73344 -21.1734 6
      vertex 3.4885 -24.2286 6
    endloop
  endfacet
  facet normal 0 0 1
    outer loop
      vertex 5.00855 -23.9606 6
      vertex 3.4885 -24.2286 6
      vertex 4.17017 -25.6658 6
    endloop
  endfacet
  facet normal 0 0 1
    outer loop
      vertex 3.73344 -21.1734 6
      vertex 2.90119 -24.3059 6
      vertex 3.4885 -24.2286 6
    endloop
  endfacet
  facet normal 0 0 1
    outer loop
      vertex 2.90119 -24.3059 6
      vertex 1.91739 -25.9316 6
      vertex 2.6147 -25.8705 6
    endloop
  endfacet
  facet normal -0 0 1
    outer loop
      vertex 1.87385 -21.4182 6
      vertex 2.90119 -24.3059 6
      vertex 3.73344 -21.1734 6
    endloop
  endfacet
  facet normal 0 0 1
    outer loop
      vertex 2.90119 -24.3059 6
      vertex 1.87385 -21.4182 6
      vertex 1.36355 -24.4405 6
    endloop
  endfacet
  facet normal 0 0 1
    outer loop
      vertex 2.90119 -24.3059 6
      vertex 1.36355 -24.4405 6
      vertex 1.91739 -25.9316 6
    endloop
  endfacet
  facet normal 0 0 1
    outer loop
      vertex 1.87385 -21.4182 6
      vertex 0.77176 -24.4663 6
      vertex 1.36355 -24.4405 6
    endloop
  endfacet
  facet normal -0 0 1
    outer loop
      vertex 0 -21.5 6
      vertex 0.77176 -24.4663 6
      vertex 1.87385 -21.4182 6
    endloop
  endfacet
  facet normal 0 0 1
    outer loop
      vertex -0.77176 -24.4663 6
      vertex 0.77176 -24.4663 6
      vertex 0 -21.5 6
    endloop
  endfacet
  facet normal 0 0 1
    outer loop
      vertex 0.77176 -24.4663 6
      vertex -0.77176 -24.4663 6
      vertex 0.349991 -26 6
    endloop
  endfacet
  facet normal 0 0 1
    outer loop
      vertex 0.349991 -26 6
      vertex -0.77176 -24.4663 6
      vertex -0.349991 -26 6
    endloop
  endfacet
  facet normal 0 0 1
    outer loop
      vertex 0 -21.5 6
      vertex -1.36355 -24.4405 6
      vertex -0.77176 -24.4663 6
    endloop
  endfacet
  facet normal 0 0 1
    outer loop
      vertex -1.87385 -21.4182 6
      vertex -1.36355 -24.4405 6
      vertex 0 -21.5 6
    endloop
  endfacet
  facet normal -0 0 1
    outer loop
      vertex -2.90119 -24.3059 6
      vertex -1.36355 -24.4405 6
      vertex -1.87385 -21.4182 6
    endloop
  endfacet
  facet normal 0 0 1
    outer loop
      vertex -1.36355 -24.4405 6
      vertex -2.90119 -24.3059 6
      vertex -1.91739 -25.9316 6
    endloop
  endfacet
  facet normal 0 0 1
    outer loop
      vertex -1.91739 -25.9316 6
      vertex -2.90119 -24.3059 6
      vertex -2.6147 -25.8705 6
    endloop
  endfacet
  facet normal 0 0 1
    outer loop
      vertex -1.87385 -21.4182 6
      vertex -3.4885 -24.2286 6
      vertex -2.90119 -24.3059 6
    endloop
  endfacet
  facet normal 0 0 1
    outer loop
      vertex -3.73344 -21.1734 6
      vertex -3.4885 -24.2286 6
      vertex -1.87385 -21.4182 6
    endloop
  endfacet
  facet normal -0 0 1
    outer loop
      vertex -5.00855 -23.9606 6
      vertex -3.4885 -24.2286 6
      vertex -3.73344 -21.1734 6
    endloop
  endfacet
  facet normal 0 0 1
    outer loop
      vertex -3.4885 -24.2286 6
      vertex -5.00855 -23.9606 6
      vertex -4.17017 -25.6658 6
    endloop
  endfacet
  facet normal 0 0 1
    outer loop
      vertex -4.17017 -25.6658 6
      vertex -5.00855 -23.9606 6
      vertex -4.85951 -25.5442 6
    endloop
  endfacet
  facet normal 0 0 1
    outer loop
      vertex -5.56461 -20.7674 6
      vertex -5.00855 -23.9606 6
      vertex -3.73344 -21.1734 6
    endloop
  endfacet
  facet normal 0 0 1
    outer loop
      vertex -5.56461 -20.7674 6
      vertex -5.58688 -23.8324 6
      vertex -5.00855 -23.9606 6
    endloop
  endfacet
  facet normal -0 0 1
    outer loop
      vertex -7.0778 -23.4329 6
      vertex -5.58688 -23.8324 6
      vertex -5.56461 -20.7674 6
    endloop
  endfacet
  facet normal 0 0 1
    outer loop
      vertex -5.58688 -23.8324 6
      vertex -7.0778 -23.4329 6
      vertex -6.39122 -25.2047 6
    endloop
  endfacet
  facet normal 0 0 1
    outer loop
      vertex -6.39122 -25.2047 6
      vertex -7.0778 -23.4329 6
      vertex -7.06735 -25.0235 6
    endloop
  endfacet
  facet normal 0 0 1
    outer loop
      vertex -7.35343 -20.2034 6
      vertex -7.0778 -23.4329 6
      vertex -5.56461 -20.7674 6
    endloop
  endfacet
  facet normal 0 0 1
    outer loop
      vertex -7.35343 -20.2034 6
      vertex -7.64275 -23.2548 6
      vertex -7.0778 -23.4329 6
    endloop
  endfacet
  facet normal -0 0 1
    outer loop
      vertex -9.09318 -22.7268 6
      vertex -7.64275 -23.2548 6
      vertex -7.35343 -20.2034 6
    endloop
  endfacet
  facet normal 0 0 1
    outer loop
      vertex -9.09318 -22.7268 6
      vertex -7.35343 -20.2034 6
      vertex -9.08629 -19.4856 6
    endloop
  endfacet
  facet normal 0 0 1
    outer loop
      vertex -7.64275 -23.2548 6
      vertex -9.09318 -22.7268 6
      vertex -8.56363 -24.5517 6
    endloop
  endfacet
  facet normal 0 0 1
    outer loop
      vertex -8.56363 -24.5517 6
      vertex -9.09318 -22.7268 6
      vertex -9.22141 -24.3123 6
    endloop
  endfacet
  facet normal 0 0 1
    outer loop
      vertex -24.4663 -0.77176 6
      vertex -21.5 0 6
      vertex -24.4663 0.77176 6
    endloop
  endfacet
  facet normal 0 0 1
    outer loop
      vertex -21.5 0 6
      vertex -24.4663 -0.77176 6
      vertex -24.4405 -1.36355 6
    endloop
  endfacet
  facet normal -0 0 1
    outer loop
      vertex -26 0.349991 6
      vertex -24.4663 -0.77176 6
      vertex -24.4663 0.77176 6
    endloop
  endfacet
  facet normal 0 0 1
    outer loop
      vertex -24.4663 -0.77176 6
      vertex -26 0.349991 6
      vertex -26 -0.349991 6
    endloop
  endfacet
  facet normal 0 0 1
    outer loop
      vertex -21.4182 1.87385 6
      vertex -24.4405 1.36355 6
      vertex -21.5 0 6
    endloop
  endfacet
  facet normal 0 0 1
    outer loop
      vertex -21.5 0 6
      vertex -24.3059 -2.90119 6
      vertex -24.2286 -3.4885 6
    endloop
  endfacet
  facet normal -0 0 1
    outer loop
      vertex -24.4663 0.77176 6
      vertex -21.5 0 6
      vertex -24.4405 1.36355 6
    endloop
  endfacet
  facet normal -0 0 1
    outer loop
      vertex -25.8705 2.6147 6
      vertex -24.4405 1.36355 6
      vertex -24.3059 2.90119 6
    endloop
  endfacet
  facet normal 0 0 1
    outer loop
      vertex -24.4405 1.36355 6
      vertex -25.8705 2.6147 6
      vertex -25.9316 1.91739 6
    endloop
  endfacet
  facet normal -0 0 1
    outer loop
      vertex -24.3059 2.90119 6
      vertex -21.4182 1.87385 6
      vertex -24.2286 3.4885 6
    endloop
  endfacet
  facet normal 0 0 1
    outer loop
      vertex -21.5 0 6
      vertex -23.9606 -5.00855 6
      vertex -23.8324 -5.58688 6
    endloop
  endfacet
  facet normal 0 0 1
    outer loop
      vertex -24.4405 1.36355 6
      vertex -21.4182 1.87385 6
      vertex -24.3059 2.90119 6
    endloop
  endfacet
  facet normal -0 0 1
    outer loop
      vertex -25.5442 4.85951 6
      vertex -24.2286 3.4885 6
      vertex -23.9606 5.00855 6
    endloop
  endfacet
  facet normal 0 0 1
    outer loop
      vertex -24.2286 3.4885 6
      vertex -25.5442 4.85951 6
      vertex -25.6658 4.17017 6
    endloop
  endfacet
  facet normal 0 0 1
    outer loop
      vertex -24.2286 3.4885 6
      vertex -21.1734 3.73344 6
      vertex -23.9606 5.00855 6
    endloop
  endfacet
  facet normal 0 0 1
    outer loop
      vertex -21.5 0 6
      vertex -23.4329 -7.0778 6
      vertex -23.2548 -7.64275 6
    endloop
  endfacet
  facet normal 0 0 1
    outer loop
      vertex -21.1734 3.73344 6
      vertex -24.2286 3.4885 6
      vertex -21.4182 1.87385 6
    endloop
  endfacet
  facet normal -0 0 1
    outer loop
      vertex -25.0235 7.06735 6
      vertex -23.8324 5.58688 6
      vertex -23.4329 7.0778 6
    endloop
  endfacet
  facet normal 0 0 1
    outer loop
      vertex -23.8324 5.58688 6
      vertex -25.0235 7.06735 6
      vertex -25.2047 6.39122 6
    endloop
  endfacet
  facet normal 0 0 1
    outer loop
      vertex -20.7674 5.56461 6
      vertex -23.8324 5.58688 6
      vertex -21.1734 3.73344 6
    endloop
  endfacet
  facet normal 0 0 1
    outer loop
      vertex -21.5 0 6
      vertex -22.7268 -9.09318 6
      vertex -22.5002 -9.64046 6
    endloop
  endfacet
  facet normal -0 0 1
    outer loop
      vertex -23.9606 5.00855 6
      vertex -21.1734 3.73344 6
      vertex -23.8324 5.58688 6
    endloop
  endfacet
  facet normal 0 0 1
    outer loop
      vertex -24.3123 9.22141 6
      vertex -23.2548 7.64275 6
      vertex -22.7268 9.09318 6
    endloop
  endfacet
  facet normal 0 0 1
    outer loop
      vertex -23.2548 7.64275 6
      vertex -24.3123 9.22141 6
      vertex -24.5517 8.56363 6
    endloop
  endfacet
  facet normal -0 0 1
    outer loop
      vertex -23.4329 7.0778 6
      vertex -20.7674 5.56461 6
      vertex -23.2548 7.64275 6
    endloop
  endfacet
  facet normal 0 0 1
    outer loop
      vertex -21.5 0 6
      vertex -21.8478 -11.0393 6
      vertex -21.5743 -11.5648 6
    endloop
  endfacet
  facet normal -0 0 1
    outer loop
      vertex -23.8324 5.58688 6
      vertex -20.7674 5.56461 6
      vertex -23.4329 7.0778 6
    endloop
  endfacet
  facet normal 0 0 1
    outer loop
      vertex -23.4161 11.3053 6
      vertex -22.5002 9.64046 6
      vertex -21.8478 11.0393 6
    endloop
  endfacet
  facet normal 0 0 1
    outer loop
      vertex -22.5002 9.64046 6
      vertex -23.4161 11.3053 6
      vertex -23.7119 10.6709 6
    endloop
  endfacet
  facet normal 0 0 1
    outer loop
      vertex -21.5743 -11.5648 6
      vertex -20.2034 -7.35343 6
      vertex -20.7674 -5.56461 6
    endloop
  endfacet
  facet normal 0 0 1
    outer loop
      vertex -20.2034 -7.35343 6
      vertex -20.8026 -12.9015 6
      vertex -20.4843 -13.4011 6
    endloop
  endfacet
  facet normal 0 0 1
    outer loop
      vertex -21.5743 -11.5648 6
      vertex -20.7674 -5.56461 6
      vertex -21.1734 -3.73344 6
    endloop
  endfacet
  facet normal 0 0 1
    outer loop
      vertex -21.5743 -11.5648 6
      vertex -21.1734 -3.73344 6
      vertex -21.4182 -1.87385 6
    endloop
  endfacet
  facet normal 0 0 1
    outer loop
      vertex -20.2034 7.35343 6
      vertex -23.2548 7.64275 6
      vertex -20.7674 5.56461 6
    endloop
  endfacet
  facet normal 0 0 1
    outer loop
      vertex -21.5743 -11.5648 6
      vertex -21.4182 -1.87385 6
      vertex -21.5 0 6
    endloop
  endfacet
  facet normal 0 0 1
    outer loop
      vertex -20.2034 -7.35343 6
      vertex -21.5743 -11.5648 6
      vertex -20.8026 -12.9015 6
    endloop
  endfacet
  facet normal 0 0 1
    outer loop
      vertex -21.5743 -11.5648 6
      vertex -22.3417 -13.3031 6
      vertex -20.8026 -12.9015 6
    endloop
  endfacet
  facet normal 0 -0 1
    outer loop
      vertex -22.3417 -13.3031 6
      vertex -21.5743 -11.5648 6
      vertex -22.6917 -12.6969 6
    endloop
  endfacet
  facet normal 0 0 1
    outer loop
      vertex -20.4843 -13.4011 6
      vertex -18.6195 -10.75 6
      vertex -19.4856 -9.08629 6
    endloop
  endfacet
  facet normal 0 0 1
    outer loop
      vertex -18.6195 -10.75 6
      vertex -19.599 -14.6655 6
      vertex -19.2384 -15.1354 6
    endloop
  endfacet
  facet normal 0 0 1
    outer loop
      vertex -20.4843 -13.4011 6
      vertex -19.4856 -9.08629 6
      vertex -20.2034 -7.35343 6
    endloop
  endfacet
  facet normal 0 0 1
    outer loop
      vertex -18.6195 -10.75 6
      vertex -20.4843 -13.4011 6
      vertex -19.599 -14.6655 6
    endloop
  endfacet
  facet normal 0 0 1
    outer loop
      vertex -20.4843 -13.4011 6
      vertex -21.0972 -15.1997 6
      vertex -19.599 -14.6655 6
    endloop
  endfacet
  facet normal 0 -0 1
    outer loop
      vertex -21.0972 -15.1997 6
      vertex -20.4843 -13.4011 6
      vertex -21.4987 -14.6263 6
    endloop
  endfacet
  facet normal 0 0 1
    outer loop
      vertex -16.47 -13.8199 6
      vertex -18.2462 -16.3178 6
      vertex -17.846 -16.7546 6
    endloop
  endfacet
  facet normal 0 0 1
    outer loop
      vertex -19.2384 -15.1354 6
      vertex -17.6118 -12.3319 6
      vertex -18.6195 -10.75 6
    endloop
  endfacet
  facet normal 0 0 1
    outer loop
      vertex -16.47 -13.8199 6
      vertex -19.2384 -15.1354 6
      vertex -18.2462 -16.3178 6
    endloop
  endfacet
  facet normal 0 0 1
    outer loop
      vertex -19.2384 -15.1354 6
      vertex -19.6922 -16.9806 6
      vertex -18.2462 -16.3178 6
    endloop
  endfacet
  facet normal 0 -0 1
    outer loop
      vertex -19.6922 -16.9806 6
      vertex -19.2384 -15.1354 6
      vertex -20.1421 -16.4444 6
    endloop
  endfacet
  facet normal 0 0 1
    outer loop
      vertex -17.846 -16.7546 6
      vertex -15.2028 -15.2028 6
      vertex -16.47 -13.8199 6
    endloop
  endfacet
  facet normal 0 0 1
    outer loop
      vertex -15.2028 -15.2028 6
      vertex -16.7546 -17.846 6
      vertex -16.3178 -18.2462 6
    endloop
  endfacet
  facet normal 0 0 1
    outer loop
      vertex -19.2384 -15.1354 6
      vertex -16.47 -13.8199 6
      vertex -17.6118 -12.3319 6
    endloop
  endfacet
  facet normal 0 0 1
    outer loop
      vertex -15.2028 -15.2028 6
      vertex -17.846 -16.7546 6
      vertex -16.7546 -17.846 6
    endloop
  endfacet
  facet normal 0 0 1
    outer loop
      vertex -17.846 -16.7546 6
      vertex -18.1373 -18.6322 6
      vertex -16.7546 -17.846 6
    endloop
  endfacet
  facet normal 0 -0 1
    outer loop
      vertex -18.1373 -18.6322 6
      vertex -17.846 -16.7546 6
      vertex -18.6322 -18.1373 6
    endloop
  endfacet
  facet normal 0 0 1
    outer loop
      vertex -14.6263 21.4987 6
      vertex -15.1997 21.0972 6
      vertex -14.6655 19.599 6
    endloop
  endfacet
  facet normal 0 0 1
    outer loop
      vertex -12.6969 22.6917 6
      vertex -13.3031 22.3417 6
      vertex -12.9015 20.8026 6
    endloop
  endfacet
  facet normal 0 0 1
    outer loop
      vertex -10.75 -18.6195 6
      vertex -11.5648 -21.5743 6
      vertex -11.0393 -21.8478 6
    endloop
  endfacet
  facet normal 0 0 1
    outer loop
      vertex -12.9015 -20.8026 6
      vertex -10.75 -18.6195 6
      vertex -12.3319 -17.6118 6
    endloop
  endfacet
  facet normal 0 0 1
    outer loop
      vertex -10.75 -18.6195 6
      vertex -12.9015 -20.8026 6
      vertex -11.5648 -21.5743 6
    endloop
  endfacet
  facet normal 0 0 1
    outer loop
      vertex -11.5648 -21.5743 6
      vertex -12.9015 -20.8026 6
      vertex -12.6969 -22.6917 6
    endloop
  endfacet
  facet normal 0 0 1
    outer loop
      vertex -12.3319 -17.6118 6
      vertex -13.4011 -20.4843 6
      vertex -12.9015 -20.8026 6
    endloop
  endfacet
  facet normal 0 0 1
    outer loop
      vertex -14.6655 -19.599 6
      vertex -12.3319 -17.6118 6
      vertex -13.8199 -16.47 6
    endloop
  endfacet
  facet normal 0 0 1
    outer loop
      vertex -12.3319 -17.6118 6
      vertex -14.6655 -19.599 6
      vertex -13.4011 -20.4843 6
    endloop
  endfacet
  facet normal 0 0 1
    outer loop
      vertex -13.4011 -20.4843 6
      vertex -14.6655 -19.599 6
      vertex -14.6263 -21.4987 6
    endloop
  endfacet
  facet normal 0 0 1
    outer loop
      vertex -13.8199 -16.47 6
      vertex -15.1354 -19.2384 6
      vertex -14.6655 -19.599 6
    endloop
  endfacet
  facet normal 0 0 1
    outer loop
      vertex -16.3178 -18.2462 6
      vertex -13.8199 -16.47 6
      vertex -15.2028 -15.2028 6
    endloop
  endfacet
  facet normal 0 0 1
    outer loop
      vertex -13.8199 -16.47 6
      vertex -16.3178 -18.2462 6
      vertex -15.1354 -19.2384 6
    endloop
  endfacet
  facet normal 0 0 1
    outer loop
      vertex -16.3178 -18.2462 6
      vertex -16.4444 -20.1421 6
      vertex -15.1354 -19.2384 6
    endloop
  endfacet
  facet normal 0 -0 1
    outer loop
      vertex -16.4444 -20.1421 6
      vertex -16.3178 -18.2462 6
      vertex -16.9806 -19.6922 6
    endloop
  endfacet
  facet normal 0 0 1
    outer loop
      vertex -9.08629 -19.4856 6
      vertex -9.64046 -22.5002 6
      vertex -9.09318 -22.7268 6
    endloop
  endfacet
  facet normal -0 0 1
    outer loop
      vertex -11.0393 -21.8478 6
      vertex -9.64046 -22.5002 6
      vertex -9.08629 -19.4856 6
    endloop
  endfacet
  facet normal 0 0 1
    outer loop
      vertex -11.0393 -21.8478 6
      vertex -9.08629 -19.4856 6
      vertex -10.75 -18.6195 6
    endloop
  endfacet
  facet normal 0 0 1
    outer loop
      vertex -9.64046 -22.5002 6
      vertex -11.0393 -21.8478 6
      vertex -10.6709 -23.7119 6
    endloop
  endfacet
  facet normal 0 0 1
    outer loop
      vertex -10.6709 -23.7119 6
      vertex -11.0393 -21.8478 6
      vertex -11.3053 -23.4161 6
    endloop
  endfacet
  facet normal -0 0 1
    outer loop
      vertex -9.64046 22.5002 6
      vertex -9.08629 19.4856 6
      vertex -9.09318 22.7268 6
    endloop
  endfacet
  facet normal 0 0 1
    outer loop
      vertex -11.0393 21.8478 6
      vertex -9.64046 22.5002 6
      vertex -10.6709 23.7119 6
    endloop
  endfacet
  facet normal 0 0 1
    outer loop
      vertex -9.64046 22.5002 6
      vertex -11.0393 21.8478 6
      vertex -9.08629 19.4856 6
    endloop
  endfacet
  facet normal 0 0 1
    outer loop
      vertex -9.08629 19.4856 6
      vertex -11.0393 21.8478 6
      vertex -10.75 18.6195 6
    endloop
  endfacet
  facet normal 0 -0 1
    outer loop
      vertex -11.0393 21.8478 6
      vertex -10.6709 23.7119 6
      vertex -11.3053 23.4161 6
    endloop
  endfacet
  facet normal -0 0 1
    outer loop
      vertex -11.5648 21.5743 6
      vertex -10.75 18.6195 6
      vertex -11.0393 21.8478 6
    endloop
  endfacet
  facet normal -0 0 1
    outer loop
      vertex -12.9015 20.8026 6
      vertex -10.75 18.6195 6
      vertex -11.5648 21.5743 6
    endloop
  endfacet
  facet normal 0 0 1
    outer loop
      vertex -12.9015 20.8026 6
      vertex -11.5648 21.5743 6
      vertex -12.6969 22.6917 6
    endloop
  endfacet
  facet normal 0 0 1
    outer loop
      vertex -10.75 18.6195 6
      vertex -12.9015 20.8026 6
      vertex -12.3319 17.6118 6
    endloop
  endfacet
  facet normal -0 0 1
    outer loop
      vertex -13.4011 20.4843 6
      vertex -12.3319 17.6118 6
      vertex -12.9015 20.8026 6
    endloop
  endfacet
  facet normal -0 0 1
    outer loop
      vertex -14.6655 19.599 6
      vertex -12.3319 17.6118 6
      vertex -13.4011 20.4843 6
    endloop
  endfacet
  facet normal 0 0 1
    outer loop
      vertex -14.6655 19.599 6
      vertex -13.4011 20.4843 6
      vertex -14.6263 21.4987 6
    endloop
  endfacet
  facet normal 0 0 1
    outer loop
      vertex -12.3319 17.6118 6
      vertex -14.6655 19.599 6
      vertex -13.8199 16.47 6
    endloop
  endfacet
  facet normal -0 0 1
    outer loop
      vertex -15.1354 19.2384 6
      vertex -13.8199 16.47 6
      vertex -14.6655 19.599 6
    endloop
  endfacet
  facet normal -0 0 1
    outer loop
      vertex -16.3178 18.2462 6
      vertex -13.8199 16.47 6
      vertex -15.1354 19.2384 6
    endloop
  endfacet
  facet normal 0 0 1
    outer loop
      vertex -13.8199 16.47 6
      vertex -16.3178 18.2462 6
      vertex -15.2028 15.2028 6
    endloop
  endfacet
  facet normal 0 0 1
    outer loop
      vertex -16.4444 20.1421 6
      vertex -16.3178 18.2462 6
      vertex -15.1354 19.2384 6
    endloop
  endfacet
  facet normal 0 0 1
    outer loop
      vertex -16.3178 18.2462 6
      vertex -16.4444 20.1421 6
      vertex -16.9806 19.6922 6
    endloop
  endfacet
  facet normal 0 0 1
    outer loop
      vertex -12.6969 -22.6917 6
      vertex -12.9015 -20.8026 6
      vertex -13.3031 -22.3417 6
    endloop
  endfacet
  facet normal 0 0 1
    outer loop
      vertex -14.6263 -21.4987 6
      vertex -14.6655 -19.599 6
      vertex -15.1997 -21.0972 6
    endloop
  endfacet
  facet normal -0 0 1
    outer loop
      vertex -16.7546 17.846 6
      vertex -15.2028 15.2028 6
      vertex -16.3178 18.2462 6
    endloop
  endfacet
  facet normal -0 0 1
    outer loop
      vertex -17.846 16.7546 6
      vertex -15.2028 15.2028 6
      vertex -16.7546 17.846 6
    endloop
  endfacet
  facet normal 0 0 1
    outer loop
      vertex -15.2028 15.2028 6
      vertex -17.846 16.7546 6
      vertex -16.47 13.8199 6
    endloop
  endfacet
  facet normal -0 0 1
    outer loop
      vertex -18.2462 16.3178 6
      vertex -16.47 13.8199 6
      vertex -17.846 16.7546 6
    endloop
  endfacet
  facet normal 0 0 1
    outer loop
      vertex -18.1373 18.6322 6
      vertex -17.846 16.7546 6
      vertex -16.7546 17.846 6
    endloop
  endfacet
  facet normal 0 0 1
    outer loop
      vertex -17.846 16.7546 6
      vertex -18.1373 18.6322 6
      vertex -18.6322 18.1373 6
    endloop
  endfacet
  facet normal -0 0 1
    outer loop
      vertex -19.2384 15.1354 6
      vertex -16.47 13.8199 6
      vertex -18.2462 16.3178 6
    endloop
  endfacet
  facet normal 0 0 1
    outer loop
      vertex -16.47 13.8199 6
      vertex -19.2384 15.1354 6
      vertex -17.6118 12.3319 6
    endloop
  endfacet
  facet normal -0 0 1
    outer loop
      vertex -19.599 14.6655 6
      vertex -17.6118 12.3319 6
      vertex -19.2384 15.1354 6
    endloop
  endfacet
  facet normal 0 0 1
    outer loop
      vertex -19.6922 16.9806 6
      vertex -19.2384 15.1354 6
      vertex -18.2462 16.3178 6
    endloop
  endfacet
  facet normal 0 0 1
    outer loop
      vertex -19.2384 15.1354 6
      vertex -19.6922 16.9806 6
      vertex -20.1421 16.4444 6
    endloop
  endfacet
  facet normal -0 0 1
    outer loop
      vertex -20.4843 13.4011 6
      vertex -17.6118 12.3319 6
      vertex -19.599 14.6655 6
    endloop
  endfacet
  facet normal 0 0 1
    outer loop
      vertex -17.6118 12.3319 6
      vertex -20.4843 13.4011 6
      vertex -18.6195 10.75 6
    endloop
  endfacet
  facet normal -0 0 1
    outer loop
      vertex -20.8026 12.9015 6
      vertex -18.6195 10.75 6
      vertex -20.4843 13.4011 6
    endloop
  endfacet
  facet normal -0 0 1
    outer loop
      vertex -21.5743 11.5648 6
      vertex -18.6195 10.75 6
      vertex -20.8026 12.9015 6
    endloop
  endfacet
  facet normal 0 0 1
    outer loop
      vertex -21.0972 15.1997 6
      vertex -20.4843 13.4011 6
      vertex -19.599 14.6655 6
    endloop
  endfacet
  facet normal 0 0 1
    outer loop
      vertex -20.4843 13.4011 6
      vertex -21.0972 15.1997 6
      vertex -21.4987 14.6263 6
    endloop
  endfacet
  facet normal 0 0 1
    outer loop
      vertex -18.6195 10.75 6
      vertex -21.5743 11.5648 6
      vertex -19.4856 9.08629 6
    endloop
  endfacet
  facet normal -0 0 1
    outer loop
      vertex -21.8478 11.0393 6
      vertex -19.4856 9.08629 6
      vertex -21.5743 11.5648 6
    endloop
  endfacet
  facet normal -0 0 1
    outer loop
      vertex -22.5002 9.64046 6
      vertex -19.4856 9.08629 6
      vertex -21.8478 11.0393 6
    endloop
  endfacet
  facet normal 0 0 1
    outer loop
      vertex -19.4856 9.08629 6
      vertex -22.5002 9.64046 6
      vertex -20.2034 7.35343 6
    endloop
  endfacet
  facet normal -0 0 1
    outer loop
      vertex -23.2548 7.64275 6
      vertex -20.2034 7.35343 6
      vertex -22.7268 9.09318 6
    endloop
  endfacet
  facet normal -0 0 1
    outer loop
      vertex -22.7268 9.09318 6
      vertex -20.2034 7.35343 6
      vertex -22.5002 9.64046 6
    endloop
  endfacet
  facet normal 0 0 1
    outer loop
      vertex -22.3417 13.3031 6
      vertex -21.5743 11.5648 6
      vertex -20.8026 12.9015 6
    endloop
  endfacet
  facet normal 0 0 1
    outer loop
      vertex -21.5743 11.5648 6
      vertex -22.3417 13.3031 6
      vertex -22.6917 12.6969 6
    endloop
  endfacet
  facet normal 0 0 1
    outer loop
      vertex -21.5 0 6
      vertex -22.5002 -9.64046 6
      vertex -21.8478 -11.0393 6
    endloop
  endfacet
  facet normal 0 0 1
    outer loop
      vertex -22.5002 -9.64046 6
      vertex -23.4161 -11.3053 6
      vertex -21.8478 -11.0393 6
    endloop
  endfacet
  facet normal 0 -0 1
    outer loop
      vertex -23.4161 -11.3053 6
      vertex -22.5002 -9.64046 6
      vertex -23.7119 -10.6709 6
    endloop
  endfacet
  facet normal 0 0 1
    outer loop
      vertex -21.5 0 6
      vertex -23.2548 -7.64275 6
      vertex -22.7268 -9.09318 6
    endloop
  endfacet
  facet normal 0 0 1
    outer loop
      vertex -23.2548 -7.64275 6
      vertex -24.3123 -9.22141 6
      vertex -22.7268 -9.09318 6
    endloop
  endfacet
  facet normal 0 -0 1
    outer loop
      vertex -24.3123 -9.22141 6
      vertex -23.2548 -7.64275 6
      vertex -24.5517 -8.56363 6
    endloop
  endfacet
  facet normal 0 0 1
    outer loop
      vertex -21.5 0 6
      vertex -23.8324 -5.58688 6
      vertex -23.4329 -7.0778 6
    endloop
  endfacet
  facet normal 0 0 1
    outer loop
      vertex -23.8324 -5.58688 6
      vertex -25.0235 -7.06735 6
      vertex -23.4329 -7.0778 6
    endloop
  endfacet
  facet normal 0 -0 1
    outer loop
      vertex -25.0235 -7.06735 6
      vertex -23.8324 -5.58688 6
      vertex -25.2047 -6.39122 6
    endloop
  endfacet
  facet normal 0 0 1
    outer loop
      vertex -21.5 0 6
      vertex -24.2286 -3.4885 6
      vertex -23.9606 -5.00855 6
    endloop
  endfacet
  facet normal 0 0 1
    outer loop
      vertex -24.2286 -3.4885 6
      vertex -25.5442 -4.85951 6
      vertex -23.9606 -5.00855 6
    endloop
  endfacet
  facet normal 0 -0 1
    outer loop
      vertex -25.5442 -4.85951 6
      vertex -24.2286 -3.4885 6
      vertex -25.6658 -4.17017 6
    endloop
  endfacet
  facet normal 0 0 1
    outer loop
      vertex -21.5 0 6
      vertex -24.4405 -1.36355 6
      vertex -24.3059 -2.90119 6
    endloop
  endfacet
  facet normal 0 0 1
    outer loop
      vertex -24.4405 -1.36355 6
      vertex -25.8705 -2.6147 6
      vertex -24.3059 -2.90119 6
    endloop
  endfacet
  facet normal 0 -0 1
    outer loop
      vertex -25.8705 -2.6147 6
      vertex -24.4405 -1.36355 6
      vertex -25.9316 -1.91739 6
    endloop
  endfacet
  facet normal 0.0435552 -0.999051 0
    outer loop
      vertex 0.77176 -24.4663 0
      vertex 1.36355 -24.4405 6
      vertex 0.77176 -24.4663 6
    endloop
  endfacet
  facet normal 0.0435552 -0.999051 0
    outer loop
      vertex 1.36355 -24.4405 6
      vertex 0.77176 -24.4663 0
      vertex 1.36355 -24.4405 0
    endloop
  endfacet
  facet normal 0.953731 -0.300663 0
    outer loop
      vertex 23.2548 -7.64275 6
      vertex 23.4329 -7.0778 0
      vertex 23.4329 -7.0778 6
    endloop
  endfacet
  facet normal 0.953731 -0.300663 0
    outer loop
      vertex 23.4329 -7.0778 0
      vertex 23.2548 -7.64275 6
      vertex 23.2548 -7.64275 0
    endloop
  endfacet
  facet normal -0.991449 0.130492 0
    outer loop
      vertex -24.3059 2.90119 0
      vertex -24.2286 3.4885 6
      vertex -24.2286 3.4885 0
    endloop
  endfacet
  facet normal -0.991449 0.130492 0
    outer loop
      vertex -24.2286 3.4885 6
      vertex -24.3059 2.90119 0
      vertex -24.3059 2.90119 6
    endloop
  endfacet
  facet normal -0.130492 0.991449 0
    outer loop
      vertex -2.90119 24.3059 0
      vertex -3.4885 24.2286 6
      vertex -2.90119 24.3059 6
    endloop
  endfacet
  facet normal -0.130492 0.991449 0
    outer loop
      vertex -3.4885 24.2286 6
      vertex -2.90119 24.3059 0
      vertex -3.4885 24.2286 0
    endloop
  endfacet
  facet normal 0.999051 -0.0435552 0
    outer loop
      vertex 24.4405 -1.36355 6
      vertex 24.4663 -0.77176 0
      vertex 24.4663 -0.77176 6
    endloop
  endfacet
  facet normal 0.999051 -0.0435552 0
    outer loop
      vertex 24.4663 -0.77176 0
      vertex 24.4405 -1.36355 6
      vertex 24.4405 -1.36355 0
    endloop
  endfacet
  facet normal -0.461672 0.887051 0
    outer loop
      vertex -11.0393 21.8478 0
      vertex -11.5648 21.5743 6
      vertex -11.0393 21.8478 6
    endloop
  endfacet
  facet normal -0.461672 0.887051 0
    outer loop
      vertex -11.5648 21.5743 6
      vertex -11.0393 21.8478 0
      vertex -11.5648 21.5743 0
    endloop
  endfacet
  facet normal 0.608797 -0.793326 0
    outer loop
      vertex 14.6655 -19.599 0
      vertex 15.1354 -19.2384 6
      vertex 14.6655 -19.599 6
    endloop
  endfacet
  facet normal 0.608797 -0.793326 0
    outer loop
      vertex 15.1354 -19.2384 6
      vertex 14.6655 -19.599 0
      vertex 15.1354 -19.2384 0
    endloop
  endfacet
  facet normal -0.537323 0.843376 0
    outer loop
      vertex -12.9015 20.8026 0
      vertex -13.4011 20.4843 6
      vertex -12.9015 20.8026 6
    endloop
  endfacet
  facet normal -0.537323 0.843376 0
    outer loop
      vertex -13.4011 20.4843 6
      vertex -12.9015 20.8026 0
      vertex -13.4011 20.4843 0
    endloop
  endfacet
  facet normal -0.976301 -0.216419 0
    outer loop
      vertex -23.8324 -5.58688 0
      vertex -23.9606 -5.00855 6
      vertex -23.9606 -5.00855 0
    endloop
  endfacet
  facet normal -0.976301 -0.216419 0
    outer loop
      vertex -23.9606 -5.00855 6
      vertex -23.8324 -5.58688 0
      vertex -23.8324 -5.58688 6
    endloop
  endfacet
  facet normal 0.923934 0.382553 0
    outer loop
      vertex 22.7268 9.09318 6
      vertex 22.5002 9.64046 0
      vertex 22.5002 9.64046 6
    endloop
  endfacet
  facet normal 0.923934 0.382553 0
    outer loop
      vertex 22.5002 9.64046 0
      vertex 22.7268 9.09318 6
      vertex 22.7268 9.09318 0
    endloop
  endfacet
  facet normal 0.737322 0.675541 0
    outer loop
      vertex 18.2462 16.3178 6
      vertex 17.846 16.7546 0
      vertex 17.846 16.7546 6
    endloop
  endfacet
  facet normal 0.737322 0.675541 0
    outer loop
      vertex 17.846 16.7546 0
      vertex 18.2462 16.3178 6
      vertex 18.2462 16.3178 0
    endloop
  endfacet
  facet normal 0.300663 0.953731 -0
    outer loop
      vertex 7.64275 23.2548 0
      vertex 7.0778 23.4329 6
      vertex 7.64275 23.2548 6
    endloop
  endfacet
  facet normal 0.300663 0.953731 0
    outer loop
      vertex 7.0778 23.4329 6
      vertex 7.64275 23.2548 0
      vertex 7.0778 23.4329 0
    endloop
  endfacet
  facet normal -0.675541 0.737322 0
    outer loop
      vertex -16.3178 18.2462 0
      vertex -16.7546 17.846 6
      vertex -16.3178 18.2462 6
    endloop
  endfacet
  facet normal -0.675541 0.737322 0
    outer loop
      vertex -16.7546 17.846 6
      vertex -16.3178 18.2462 0
      vertex -16.7546 17.846 0
    endloop
  endfacet
  facet normal 0.382553 0.923934 -0
    outer loop
      vertex 9.64046 22.5002 0
      vertex 9.09318 22.7268 6
      vertex 9.64046 22.5002 6
    endloop
  endfacet
  facet normal 0.382553 0.923934 0
    outer loop
      vertex 9.09318 22.7268 6
      vertex 9.64046 22.5002 0
      vertex 9.09318 22.7268 0
    endloop
  endfacet
  facet normal 0.461672 -0.887051 0
    outer loop
      vertex 11.0393 -21.8478 0
      vertex 11.5648 -21.5743 6
      vertex 11.0393 -21.8478 6
    endloop
  endfacet
  facet normal 0.461672 -0.887051 0
    outer loop
      vertex 11.5648 -21.5743 6
      vertex 11.0393 -21.8478 0
      vertex 11.5648 -21.5743 0
    endloop
  endfacet
  facet normal -0.300663 0.953731 0
    outer loop
      vertex -7.0778 23.4329 0
      vertex -7.64275 23.2548 6
      vertex -7.0778 23.4329 6
    endloop
  endfacet
  facet normal -0.300663 0.953731 0
    outer loop
      vertex -7.64275 23.2548 6
      vertex -7.0778 23.4329 0
      vertex -7.64275 23.2548 0
    endloop
  endfacet
  facet normal -0.999051 -0.0435552 0
    outer loop
      vertex -24.4405 -1.36355 0
      vertex -24.4663 -0.77176 6
      vertex -24.4663 -0.77176 0
    endloop
  endfacet
  facet normal -0.999051 -0.0435552 0
    outer loop
      vertex -24.4663 -0.77176 6
      vertex -24.4405 -1.36355 0
      vertex -24.4405 -1.36355 6
    endloop
  endfacet
  facet normal -0.0435552 0.999051 0
    outer loop
      vertex -0.77176 24.4663 0
      vertex -1.36355 24.4405 6
      vertex -0.77176 24.4663 6
    endloop
  endfacet
  facet normal -0.0435552 0.999051 0
    outer loop
      vertex -1.36355 24.4405 6
      vertex -0.77176 24.4663 0
      vertex -1.36355 24.4405 0
    endloop
  endfacet
  facet normal -0.887051 0.461672 0
    outer loop
      vertex -21.8478 11.0393 0
      vertex -21.5743 11.5648 6
      vertex -21.5743 11.5648 0
    endloop
  endfacet
  facet normal -0.887051 0.461672 0
    outer loop
      vertex -21.5743 11.5648 6
      vertex -21.8478 11.0393 0
      vertex -21.8478 11.0393 6
    endloop
  endfacet
  facet normal 0.793326 -0.608797 0
    outer loop
      vertex 19.2384 -15.1354 6
      vertex 19.599 -14.6655 0
      vertex 19.599 -14.6655 6
    endloop
  endfacet
  facet normal 0.793326 -0.608797 0
    outer loop
      vertex 19.599 -14.6655 0
      vertex 19.2384 -15.1354 6
      vertex 19.2384 -15.1354 0
    endloop
  endfacet
  facet normal 0.216419 -0.976301 0
    outer loop
      vertex 5.00855 -23.9606 0
      vertex 5.58688 -23.8324 6
      vertex 5.00855 -23.9606 6
    endloop
  endfacet
  facet normal 0.216419 -0.976301 0
    outer loop
      vertex 5.58688 -23.8324 6
      vertex 5.00855 -23.9606 0
      vertex 5.58688 -23.8324 0
    endloop
  endfacet
  facet normal -0.737322 -0.675541 0
    outer loop
      vertex -17.846 -16.7546 0
      vertex -18.2462 -16.3178 6
      vertex -18.2462 -16.3178 0
    endloop
  endfacet
  facet normal -0.737322 -0.675541 0
    outer loop
      vertex -18.2462 -16.3178 6
      vertex -17.846 -16.7546 0
      vertex -17.846 -16.7546 6
    endloop
  endfacet
  facet normal -0.991449 -0.130492 0
    outer loop
      vertex -24.2286 -3.4885 0
      vertex -24.3059 -2.90119 6
      vertex -24.3059 -2.90119 0
    endloop
  endfacet
  facet normal -0.991449 -0.130492 0
    outer loop
      vertex -24.3059 -2.90119 6
      vertex -24.2286 -3.4885 0
      vertex -24.2286 -3.4885 6
    endloop
  endfacet
  facet normal 0.130492 0.991449 -0
    outer loop
      vertex 3.4885 24.2286 0
      vertex 2.90119 24.3059 6
      vertex 3.4885 24.2286 6
    endloop
  endfacet
  facet normal 0.130492 0.991449 0
    outer loop
      vertex 2.90119 24.3059 6
      vertex 3.4885 24.2286 0
      vertex 2.90119 24.3059 0
    endloop
  endfacet
  facet normal 0.216419 0.976301 -0
    outer loop
      vertex 5.58688 23.8324 0
      vertex 5.00855 23.9606 6
      vertex 5.58688 23.8324 6
    endloop
  endfacet
  facet normal 0.216419 0.976301 0
    outer loop
      vertex 5.00855 23.9606 6
      vertex 5.58688 23.8324 0
      vertex 5.00855 23.9606 0
    endloop
  endfacet
  facet normal 0.887051 -0.461672 0
    outer loop
      vertex 21.5743 -11.5648 6
      vertex 21.8478 -11.0393 0
      vertex 21.8478 -11.0393 6
    endloop
  endfacet
  facet normal 0.887051 -0.461672 0
    outer loop
      vertex 21.8478 -11.0393 0
      vertex 21.5743 -11.5648 6
      vertex 21.5743 -11.5648 0
    endloop
  endfacet
  facet normal -0.953731 -0.300663 0
    outer loop
      vertex -23.2548 -7.64275 0
      vertex -23.4329 -7.0778 6
      vertex -23.4329 -7.0778 0
    endloop
  endfacet
  facet normal -0.953731 -0.300663 0
    outer loop
      vertex -23.4329 -7.0778 6
      vertex -23.2548 -7.64275 0
      vertex -23.2548 -7.64275 6
    endloop
  endfacet
  facet normal 0.793326 0.608797 0
    outer loop
      vertex 19.599 14.6655 6
      vertex 19.2384 15.1354 0
      vertex 19.2384 15.1354 6
    endloop
  endfacet
  facet normal 0.793326 0.608797 0
    outer loop
      vertex 19.2384 15.1354 0
      vertex 19.599 14.6655 6
      vertex 19.599 14.6655 0
    endloop
  endfacet
  facet normal -0.382553 -0.923934 0
    outer loop
      vertex -9.64046 -22.5002 0
      vertex -9.09318 -22.7268 6
      vertex -9.64046 -22.5002 6
    endloop
  endfacet
  facet normal -0.382553 -0.923934 -0
    outer loop
      vertex -9.09318 -22.7268 6
      vertex -9.64046 -22.5002 0
      vertex -9.09318 -22.7268 0
    endloop
  endfacet
  facet normal -0.130492 -0.991449 0
    outer loop
      vertex -3.4885 -24.2286 0
      vertex -2.90119 -24.3059 6
      vertex -3.4885 -24.2286 6
    endloop
  endfacet
  facet normal -0.130492 -0.991449 -0
    outer loop
      vertex -2.90119 -24.3059 6
      vertex -3.4885 -24.2286 0
      vertex -2.90119 -24.3059 0
    endloop
  endfacet
  facet normal -0.843376 0.537323 0
    outer loop
      vertex -20.8026 12.9015 0
      vertex -20.4843 13.4011 6
      vertex -20.4843 13.4011 0
    endloop
  endfacet
  facet normal -0.843376 0.537323 0
    outer loop
      vertex -20.4843 13.4011 6
      vertex -20.8026 12.9015 0
      vertex -20.8026 12.9015 6
    endloop
  endfacet
  facet normal -0.999051 0.0435552 0
    outer loop
      vertex -24.4663 0.77176 0
      vertex -24.4405 1.36355 6
      vertex -24.4405 1.36355 0
    endloop
  endfacet
  facet normal -0.999051 0.0435552 0
    outer loop
      vertex -24.4405 1.36355 6
      vertex -24.4663 0.77176 0
      vertex -24.4663 0.77176 6
    endloop
  endfacet
  facet normal 0.300663 -0.953731 0
    outer loop
      vertex 7.0778 -23.4329 0
      vertex 7.64275 -23.2548 6
      vertex 7.0778 -23.4329 6
    endloop
  endfacet
  facet normal 0.300663 -0.953731 0
    outer loop
      vertex 7.64275 -23.2548 6
      vertex 7.0778 -23.4329 0
      vertex 7.64275 -23.2548 0
    endloop
  endfacet
  facet normal -0.923934 0.382553 0
    outer loop
      vertex -22.7268 9.09318 0
      vertex -22.5002 9.64046 6
      vertex -22.5002 9.64046 0
    endloop
  endfacet
  facet normal -0.923934 0.382553 0
    outer loop
      vertex -22.5002 9.64046 6
      vertex -22.7268 9.09318 0
      vertex -22.7268 9.09318 6
    endloop
  endfacet
  facet normal 0.843376 -0.537323 0
    outer loop
      vertex 20.4843 -13.4011 6
      vertex 20.8026 -12.9015 0
      vertex 20.8026 -12.9015 6
    endloop
  endfacet
  facet normal 0.843376 -0.537323 0
    outer loop
      vertex 20.8026 -12.9015 0
      vertex 20.4843 -13.4011 6
      vertex 20.4843 -13.4011 0
    endloop
  endfacet
  facet normal 0.675541 -0.737322 0
    outer loop
      vertex 16.3178 -18.2462 0
      vertex 16.7546 -17.846 6
      vertex 16.3178 -18.2462 6
    endloop
  endfacet
  facet normal 0.675541 -0.737322 0
    outer loop
      vertex 16.7546 -17.846 6
      vertex 16.3178 -18.2462 0
      vertex 16.7546 -17.846 0
    endloop
  endfacet
  facet normal -0.976292 -0.21646 0
    outer loop
      vertex 21.1734 3.73344 3
      vertex 20.7674 5.56461 6
      vertex 20.7674 5.56461 3
    endloop
  endfacet
  facet normal -0.976292 -0.21646 0
    outer loop
      vertex 20.7674 5.56461 6
      vertex 21.1734 3.73344 3
      vertex 21.1734 3.73344 6
    endloop
  endfacet
  facet normal 0.130516 0.991446 -0
    outer loop
      vertex -1.87385 -21.4182 3
      vertex -3.73344 -21.1734 6
      vertex -1.87385 -21.4182 6
    endloop
  endfacet
  facet normal 0.130516 0.991446 0
    outer loop
      vertex -3.73344 -21.1734 6
      vertex -1.87385 -21.4182 3
      vertex -3.73344 -21.1734 3
    endloop
  endfacet
  facet normal -0.991446 -0.130516 0
    outer loop
      vertex 21.4182 1.87385 3
      vertex 21.1734 3.73344 6
      vertex 21.1734 3.73344 3
    endloop
  endfacet
  facet normal -0.991446 -0.130516 0
    outer loop
      vertex 21.1734 3.73344 6
      vertex 21.4182 1.87385 3
      vertex 21.4182 1.87385 6
    endloop
  endfacet
  facet normal -0.999049 -0.0436119 0
    outer loop
      vertex 21.5 0 3
      vertex 21.4182 1.87385 6
      vertex 21.4182 1.87385 3
    endloop
  endfacet
  facet normal -0.999049 -0.0436119 0
    outer loop
      vertex 21.4182 1.87385 6
      vertex 21.5 0 3
      vertex 21.5 0 6
    endloop
  endfacet
  facet normal -0.382695 0.923875 0
    outer loop
      vertex 9.08629 -19.4856 3
      vertex 7.35343 -20.2034 6
      vertex 9.08629 -19.4856 6
    endloop
  endfacet
  facet normal -0.382695 0.923875 0
    outer loop
      vertex 7.35343 -20.2034 6
      vertex 9.08629 -19.4856 3
      vertex 7.35343 -20.2034 3
    endloop
  endfacet
  facet normal 0.793349 0.608767 0
    outer loop
      vertex -16.47 -13.8199 6
      vertex -17.6118 -12.3319 3
      vertex -17.6118 -12.3319 6
    endloop
  endfacet
  facet normal 0.793349 0.608767 0
    outer loop
      vertex -17.6118 -12.3319 3
      vertex -16.47 -13.8199 6
      vertex -16.47 -13.8199 3
    endloop
  endfacet
  facet normal 0.537269 -0.843411 0
    outer loop
      vertex -12.3319 17.6118 3
      vertex -10.75 18.6195 6
      vertex -12.3319 17.6118 6
    endloop
  endfacet
  facet normal 0.537269 -0.843411 0
    outer loop
      vertex -10.75 18.6195 6
      vertex -12.3319 17.6118 3
      vertex -10.75 18.6195 3
    endloop
  endfacet
  facet normal -0.130516 -0.991446 0
    outer loop
      vertex 1.87385 21.4182 3
      vertex 3.73344 21.1734 6
      vertex 1.87385 21.4182 6
    endloop
  endfacet
  facet normal -0.130516 -0.991446 -0
    outer loop
      vertex 3.73344 21.1734 6
      vertex 1.87385 21.4182 3
      vertex 3.73344 21.1734 3
    endloop
  endfacet
  facet normal 0.976292 -0.21646 0
    outer loop
      vertex -21.1734 3.73344 6
      vertex -20.7674 5.56461 3
      vertex -20.7674 5.56461 6
    endloop
  endfacet
  facet normal 0.976292 -0.21646 0
    outer loop
      vertex -20.7674 5.56461 3
      vertex -21.1734 3.73344 6
      vertex -21.1734 3.73344 3
    endloop
  endfacet
  facet normal 0.21646 -0.976292 0
    outer loop
      vertex -5.56461 20.7674 3
      vertex -3.73344 21.1734 6
      vertex -5.56461 20.7674 6
    endloop
  endfacet
  facet normal 0.21646 -0.976292 0
    outer loop
      vertex -3.73344 21.1734 6
      vertex -5.56461 20.7674 3
      vertex -3.73344 21.1734 3
    endloop
  endfacet
  facet normal 0.843411 -0.537269 0
    outer loop
      vertex -18.6195 10.75 6
      vertex -17.6118 12.3319 3
      vertex -17.6118 12.3319 6
    endloop
  endfacet
  facet normal 0.843411 -0.537269 0
    outer loop
      vertex -17.6118 12.3319 3
      vertex -18.6195 10.75 6
      vertex -18.6195 10.75 3
    endloop
  endfacet
  facet normal -0.130516 0.991446 0
    outer loop
      vertex 3.73344 -21.1734 3
      vertex 1.87385 -21.4182 6
      vertex 3.73344 -21.1734 6
    endloop
  endfacet
  facet normal -0.130516 0.991446 0
    outer loop
      vertex 1.87385 -21.4182 6
      vertex 3.73344 -21.1734 3
      vertex 1.87385 -21.4182 3
    endloop
  endfacet
  facet normal -0.953719 -0.3007 0
    outer loop
      vertex 20.7674 5.56461 3
      vertex 20.2034 7.35343 6
      vertex 20.2034 7.35343 3
    endloop
  endfacet
  facet normal -0.953719 -0.3007 0
    outer loop
      vertex 20.2034 7.35343 6
      vertex 20.7674 5.56461 3
      vertex 20.7674 5.56461 6
    endloop
  endfacet
  facet normal 0.46176 -0.887005 0
    outer loop
      vertex -10.75 18.6195 3
      vertex -9.08629 19.4856 6
      vertex -10.75 18.6195 6
    endloop
  endfacet
  facet normal 0.46176 -0.887005 0
    outer loop
      vertex -9.08629 19.4856 6
      vertex -10.75 18.6195 3
      vertex -9.08629 19.4856 3
    endloop
  endfacet
  facet normal -0.608767 -0.793349 0
    outer loop
      vertex 12.3319 17.6118 3
      vertex 13.8199 16.47 6
      vertex 12.3319 17.6118 6
    endloop
  endfacet
  facet normal -0.608767 -0.793349 -0
    outer loop
      vertex 13.8199 16.47 6
      vertex 12.3319 17.6118 3
      vertex 13.8199 16.47 3
    endloop
  endfacet
  facet normal 0.953719 0.3007 0
    outer loop
      vertex -20.2034 -7.35343 6
      vertex -20.7674 -5.56461 3
      vertex -20.7674 -5.56461 6
    endloop
  endfacet
  facet normal 0.953719 0.3007 0
    outer loop
      vertex -20.7674 -5.56461 3
      vertex -20.2034 -7.35343 6
      vertex -20.2034 -7.35343 3
    endloop
  endfacet
  facet normal -0.793349 0.608767 0
    outer loop
      vertex 16.47 -13.8199 3
      vertex 17.6118 -12.3319 6
      vertex 17.6118 -12.3319 3
    endloop
  endfacet
  facet normal -0.793349 0.608767 0
    outer loop
      vertex 17.6118 -12.3319 6
      vertex 16.47 -13.8199 3
      vertex 16.47 -13.8199 6
    endloop
  endfacet
  facet normal -0.793349 -0.608767 0
    outer loop
      vertex 17.6118 12.3319 3
      vertex 16.47 13.8199 6
      vertex 16.47 13.8199 3
    endloop
  endfacet
  facet normal -0.793349 -0.608767 0
    outer loop
      vertex 16.47 13.8199 6
      vertex 17.6118 12.3319 3
      vertex 17.6118 12.3319 6
    endloop
  endfacet
  facet normal 0.843411 0.537269 0
    outer loop
      vertex -17.6118 -12.3319 6
      vertex -18.6195 -10.75 3
      vertex -18.6195 -10.75 6
    endloop
  endfacet
  facet normal 0.843411 0.537269 0
    outer loop
      vertex -18.6195 -10.75 3
      vertex -17.6118 -12.3319 6
      vertex -17.6118 -12.3319 3
    endloop
  endfacet
  facet normal -0.976292 0.21646 0
    outer loop
      vertex 20.7674 -5.56461 3
      vertex 21.1734 -3.73344 6
      vertex 21.1734 -3.73344 3
    endloop
  endfacet
  facet normal -0.976292 0.21646 0
    outer loop
      vertex 21.1734 -3.73344 6
      vertex 20.7674 -5.56461 3
      vertex 20.7674 -5.56461 6
    endloop
  endfacet
  facet normal 0.3007 0.953719 -0
    outer loop
      vertex -5.56461 -20.7674 3
      vertex -7.35343 -20.2034 6
      vertex -5.56461 -20.7674 6
    endloop
  endfacet
  facet normal 0.3007 0.953719 0
    outer loop
      vertex -7.35343 -20.2034 6
      vertex -5.56461 -20.7674 3
      vertex -7.35343 -20.2034 3
    endloop
  endfacet
  facet normal -0.46176 -0.887005 0
    outer loop
      vertex 9.08629 19.4856 3
      vertex 10.75 18.6195 6
      vertex 9.08629 19.4856 6
    endloop
  endfacet
  facet normal -0.46176 -0.887005 -0
    outer loop
      vertex 10.75 18.6195 6
      vertex 9.08629 19.4856 3
      vertex 10.75 18.6195 3
    endloop
  endfacet
  facet normal -0.537269 -0.843411 0
    outer loop
      vertex 10.75 18.6195 3
      vertex 12.3319 17.6118 6
      vertex 10.75 18.6195 6
    endloop
  endfacet
  facet normal -0.537269 -0.843411 -0
    outer loop
      vertex 12.3319 17.6118 6
      vertex 10.75 18.6195 3
      vertex 12.3319 17.6118 3
    endloop
  endfacet
  facet normal -0.923875 -0.382695 0
    outer loop
      vertex 20.2034 7.35343 3
      vertex 19.4856 9.08629 6
      vertex 19.4856 9.08629 3
    endloop
  endfacet
  facet normal -0.923875 -0.382695 0
    outer loop
      vertex 19.4856 9.08629 6
      vertex 20.2034 7.35343 3
      vertex 20.2034 7.35343 6
    endloop
  endfacet
  facet normal -0.923875 0.382695 0
    outer loop
      vertex 19.4856 -9.08629 3
      vertex 20.2034 -7.35343 6
      vertex 20.2034 -7.35343 3
    endloop
  endfacet
  facet normal -0.923875 0.382695 0
    outer loop
      vertex 20.2034 -7.35343 6
      vertex 19.4856 -9.08629 3
      vertex 19.4856 -9.08629 6
    endloop
  endfacet
  facet normal -0.3007 -0.953719 0
    outer loop
      vertex 5.56461 20.7674 3
      vertex 7.35343 20.2034 6
      vertex 5.56461 20.7674 6
    endloop
  endfacet
  facet normal -0.3007 -0.953719 -0
    outer loop
      vertex 7.35343 20.2034 6
      vertex 5.56461 20.7674 3
      vertex 7.35343 20.2034 3
    endloop
  endfacet
  facet normal -0.382695 -0.923875 0
    outer loop
      vertex 7.35343 20.2034 3
      vertex 9.08629 19.4856 6
      vertex 7.35343 20.2034 6
    endloop
  endfacet
  facet normal -0.382695 -0.923875 -0
    outer loop
      vertex 9.08629 19.4856 6
      vertex 7.35343 20.2034 3
      vertex 9.08629 19.4856 3
    endloop
  endfacet
  facet normal 0.737276 -0.675592 0
    outer loop
      vertex -16.47 13.8199 6
      vertex -15.2028 15.2028 3
      vertex -15.2028 15.2028 6
    endloop
  endfacet
  facet normal 0.737276 -0.675592 0
    outer loop
      vertex -15.2028 15.2028 3
      vertex -16.47 13.8199 6
      vertex -16.47 13.8199 3
    endloop
  endfacet
  facet normal -0.3007 0.953719 0
    outer loop
      vertex 7.35343 -20.2034 3
      vertex 5.56461 -20.7674 6
      vertex 7.35343 -20.2034 6
    endloop
  endfacet
  facet normal -0.3007 0.953719 0
    outer loop
      vertex 5.56461 -20.7674 6
      vertex 7.35343 -20.2034 3
      vertex 5.56461 -20.7674 3
    endloop
  endfacet
  facet normal -0.991446 0.130516 0
    outer loop
      vertex 21.1734 -3.73344 3
      vertex 21.4182 -1.87385 6
      vertex 21.4182 -1.87385 3
    endloop
  endfacet
  facet normal -0.991446 0.130516 0
    outer loop
      vertex 21.4182 -1.87385 6
      vertex 21.1734 -3.73344 3
      vertex 21.1734 -3.73344 6
    endloop
  endfacet
  facet normal -0.999049 0.0436119 0
    outer loop
      vertex 21.4182 -1.87385 3
      vertex 21.5 0 6
      vertex 21.5 0 3
    endloop
  endfacet
  facet normal -0.999049 0.0436119 0
    outer loop
      vertex 21.5 0 6
      vertex 21.4182 -1.87385 3
      vertex 21.4182 -1.87385 6
    endloop
  endfacet
  facet normal -0.737276 -0.675592 0
    outer loop
      vertex 16.47 13.8199 3
      vertex 15.2028 15.2028 6
      vertex 15.2028 15.2028 3
    endloop
  endfacet
  facet normal -0.737276 -0.675592 0
    outer loop
      vertex 15.2028 15.2028 6
      vertex 16.47 13.8199 3
      vertex 16.47 13.8199 6
    endloop
  endfacet
  facet normal -0.21646 -0.976292 0
    outer loop
      vertex 3.73344 21.1734 3
      vertex 5.56461 20.7674 6
      vertex 3.73344 21.1734 6
    endloop
  endfacet
  facet normal -0.21646 -0.976292 -0
    outer loop
      vertex 5.56461 20.7674 6
      vertex 3.73344 21.1734 3
      vertex 5.56461 20.7674 3
    endloop
  endfacet
  facet normal -0.537269 0.843411 0
    outer loop
      vertex 12.3319 -17.6118 3
      vertex 10.75 -18.6195 6
      vertex 12.3319 -17.6118 6
    endloop
  endfacet
  facet normal -0.537269 0.843411 0
    outer loop
      vertex 10.75 -18.6195 6
      vertex 12.3319 -17.6118 3
      vertex 10.75 -18.6195 3
    endloop
  endfacet
  facet normal 0.737276 0.675592 0
    outer loop
      vertex -15.2028 -15.2028 6
      vertex -16.47 -13.8199 3
      vertex -16.47 -13.8199 6
    endloop
  endfacet
  facet normal 0.737276 0.675592 0
    outer loop
      vertex -16.47 -13.8199 3
      vertex -15.2028 -15.2028 6
      vertex -15.2028 -15.2028 3
    endloop
  endfacet
  facet normal 0.675592 0.737276 -0
    outer loop
      vertex -13.8199 -16.47 3
      vertex -15.2028 -15.2028 6
      vertex -13.8199 -16.47 6
    endloop
  endfacet
  facet normal 0.675592 0.737276 0
    outer loop
      vertex -15.2028 -15.2028 6
      vertex -13.8199 -16.47 3
      vertex -15.2028 -15.2028 3
    endloop
  endfacet
  facet normal -0.46176 0.887005 0
    outer loop
      vertex 10.75 -18.6195 3
      vertex 9.08629 -19.4856 6
      vertex 10.75 -18.6195 6
    endloop
  endfacet
  facet normal -0.46176 0.887005 0
    outer loop
      vertex 9.08629 -19.4856 6
      vertex 10.75 -18.6195 3
      vertex 9.08629 -19.4856 3
    endloop
  endfacet
  facet normal -0.0436119 0.999049 0
    outer loop
      vertex 1.87385 -21.4182 3
      vertex 0 -21.5 6
      vertex 1.87385 -21.4182 6
    endloop
  endfacet
  facet normal -0.0436119 0.999049 0
    outer loop
      vertex 0 -21.5 6
      vertex 1.87385 -21.4182 3
      vertex 0 -21.5 3
    endloop
  endfacet
  facet normal -0.953719 0.3007 0
    outer loop
      vertex 20.2034 -7.35343 3
      vertex 20.7674 -5.56461 6
      vertex 20.7674 -5.56461 3
    endloop
  endfacet
  facet normal -0.953719 0.3007 0
    outer loop
      vertex 20.7674 -5.56461 6
      vertex 20.2034 -7.35343 3
      vertex 20.2034 -7.35343 6
    endloop
  endfacet
  facet normal -0.843411 0.537269 0
    outer loop
      vertex 17.6118 -12.3319 3
      vertex 18.6195 -10.75 6
      vertex 18.6195 -10.75 3
    endloop
  endfacet
  facet normal -0.843411 0.537269 0
    outer loop
      vertex 18.6195 -10.75 6
      vertex 17.6118 -12.3319 3
      vertex 17.6118 -12.3319 6
    endloop
  endfacet
  facet normal 0.887005 0.46176 0
    outer loop
      vertex -18.6195 -10.75 6
      vertex -19.4856 -9.08629 3
      vertex -19.4856 -9.08629 6
    endloop
  endfacet
  facet normal 0.887005 0.46176 0
    outer loop
      vertex -19.4856 -9.08629 3
      vertex -18.6195 -10.75 6
      vertex -18.6195 -10.75 3
    endloop
  endfacet
  facet normal 0.130516 -0.991446 0
    outer loop
      vertex -3.73344 21.1734 3
      vertex -1.87385 21.4182 6
      vertex -3.73344 21.1734 6
    endloop
  endfacet
  facet normal 0.130516 -0.991446 0
    outer loop
      vertex -1.87385 21.4182 6
      vertex -3.73344 21.1734 3
      vertex -1.87385 21.4182 3
    endloop
  endfacet
  facet normal -0.608767 0.793349 0
    outer loop
      vertex 13.8199 -16.47 3
      vertex 12.3319 -17.6118 6
      vertex 13.8199 -16.47 6
    endloop
  endfacet
  facet normal -0.608767 0.793349 0
    outer loop
      vertex 12.3319 -17.6118 6
      vertex 13.8199 -16.47 3
      vertex 12.3319 -17.6118 3
    endloop
  endfacet
  facet normal 0.887005 -0.46176 0
    outer loop
      vertex -19.4856 9.08629 6
      vertex -18.6195 10.75 3
      vertex -18.6195 10.75 6
    endloop
  endfacet
  facet normal 0.887005 -0.46176 0
    outer loop
      vertex -18.6195 10.75 3
      vertex -19.4856 9.08629 6
      vertex -19.4856 9.08629 3
    endloop
  endfacet
  facet normal 0.0436119 0.999049 -0
    outer loop
      vertex 0 -21.5 3
      vertex -1.87385 -21.4182 6
      vertex 0 -21.5 6
    endloop
  endfacet
  facet normal 0.0436119 0.999049 0
    outer loop
      vertex -1.87385 -21.4182 6
      vertex 0 -21.5 3
      vertex -1.87385 -21.4182 3
    endloop
  endfacet
  facet normal 0.976292 0.21646 0
    outer loop
      vertex -20.7674 -5.56461 6
      vertex -21.1734 -3.73344 3
      vertex -21.1734 -3.73344 6
    endloop
  endfacet
  facet normal 0.976292 0.21646 0
    outer loop
      vertex -21.1734 -3.73344 3
      vertex -20.7674 -5.56461 6
      vertex -20.7674 -5.56461 3
    endloop
  endfacet
  facet normal -0.887005 -0.46176 0
    outer loop
      vertex 19.4856 9.08629 3
      vertex 18.6195 10.75 6
      vertex 18.6195 10.75 3
    endloop
  endfacet
  facet normal -0.887005 -0.46176 0
    outer loop
      vertex 18.6195 10.75 6
      vertex 19.4856 9.08629 3
      vertex 19.4856 9.08629 6
    endloop
  endfacet
  facet normal 0.382695 -0.923875 0
    outer loop
      vertex -9.08629 19.4856 3
      vertex -7.35343 20.2034 6
      vertex -9.08629 19.4856 6
    endloop
  endfacet
  facet normal 0.382695 -0.923875 0
    outer loop
      vertex -7.35343 20.2034 6
      vertex -9.08629 19.4856 3
      vertex -7.35343 20.2034 3
    endloop
  endfacet
  facet normal -0.843411 -0.537269 0
    outer loop
      vertex 18.6195 10.75 3
      vertex 17.6118 12.3319 6
      vertex 17.6118 12.3319 3
    endloop
  endfacet
  facet normal -0.843411 -0.537269 0
    outer loop
      vertex 17.6118 12.3319 6
      vertex 18.6195 10.75 3
      vertex 18.6195 10.75 6
    endloop
  endfacet
  facet normal 0.608767 -0.793349 0
    outer loop
      vertex -13.8199 16.47 3
      vertex -12.3319 17.6118 6
      vertex -13.8199 16.47 6
    endloop
  endfacet
  facet normal 0.608767 -0.793349 0
    outer loop
      vertex -12.3319 17.6118 6
      vertex -13.8199 16.47 3
      vertex -12.3319 17.6118 3
    endloop
  endfacet
  facet normal -0.0436119 -0.999049 0
    outer loop
      vertex 0 21.5 3
      vertex 1.87385 21.4182 6
      vertex 0 21.5 6
    endloop
  endfacet
  facet normal -0.0436119 -0.999049 -0
    outer loop
      vertex 1.87385 21.4182 6
      vertex 0 21.5 3
      vertex 1.87385 21.4182 3
    endloop
  endfacet
  facet normal 0.675592 -0.737276 0
    outer loop
      vertex -15.2028 15.2028 3
      vertex -13.8199 16.47 6
      vertex -15.2028 15.2028 6
    endloop
  endfacet
  facet normal 0.675592 -0.737276 0
    outer loop
      vertex -13.8199 16.47 6
      vertex -15.2028 15.2028 3
      vertex -13.8199 16.47 3
    endloop
  endfacet
  facet normal -0.737276 0.675592 0
    outer loop
      vertex 15.2028 -15.2028 3
      vertex 16.47 -13.8199 6
      vertex 16.47 -13.8199 3
    endloop
  endfacet
  facet normal -0.737276 0.675592 0
    outer loop
      vertex 16.47 -13.8199 6
      vertex 15.2028 -15.2028 3
      vertex 15.2028 -15.2028 6
    endloop
  endfacet
  facet normal 0.3007 -0.953719 0
    outer loop
      vertex -7.35343 20.2034 3
      vertex -5.56461 20.7674 6
      vertex -7.35343 20.2034 6
    endloop
  endfacet
  facet normal 0.3007 -0.953719 0
    outer loop
      vertex -5.56461 20.7674 6
      vertex -7.35343 20.2034 3
      vertex -5.56461 20.7674 3
    endloop
  endfacet
  facet normal 0.999049 0.0436119 0
    outer loop
      vertex -21.4182 -1.87385 6
      vertex -21.5 0 3
      vertex -21.5 0 6
    endloop
  endfacet
  facet normal 0.999049 0.0436119 0
    outer loop
      vertex -21.5 0 3
      vertex -21.4182 -1.87385 6
      vertex -21.4182 -1.87385 3
    endloop
  endfacet
  facet normal 0.21646 0.976292 -0
    outer loop
      vertex -3.73344 -21.1734 3
      vertex -5.56461 -20.7674 6
      vertex -3.73344 -21.1734 6
    endloop
  endfacet
  facet normal 0.21646 0.976292 0
    outer loop
      vertex -5.56461 -20.7674 6
      vertex -3.73344 -21.1734 3
      vertex -5.56461 -20.7674 3
    endloop
  endfacet
  facet normal 0.0436119 -0.999049 0
    outer loop
      vertex -1.87385 21.4182 3
      vertex 0 21.5 6
      vertex -1.87385 21.4182 6
    endloop
  endfacet
  facet normal 0.0436119 -0.999049 0
    outer loop
      vertex 0 21.5 6
      vertex -1.87385 21.4182 3
      vertex 0 21.5 3
    endloop
  endfacet
  facet normal 0.991446 0.130516 0
    outer loop
      vertex -21.1734 -3.73344 6
      vertex -21.4182 -1.87385 3
      vertex -21.4182 -1.87385 6
    endloop
  endfacet
  facet normal 0.991446 0.130516 0
    outer loop
      vertex -21.4182 -1.87385 3
      vertex -21.1734 -3.73344 6
      vertex -21.1734 -3.73344 3
    endloop
  endfacet
  facet normal 0.953719 -0.3007 0
    outer loop
      vertex -20.7674 5.56461 6
      vertex -20.2034 7.35343 3
      vertex -20.2034 7.35343 6
    endloop
  endfacet
  facet normal 0.953719 -0.3007 0
    outer loop
      vertex -20.2034 7.35343 3
      vertex -20.7674 5.56461 6
      vertex -20.7674 5.56461 3
    endloop
  endfacet
  facet normal 0.608767 0.793349 -0
    outer loop
      vertex -12.3319 -17.6118 3
      vertex -13.8199 -16.47 6
      vertex -12.3319 -17.6118 6
    endloop
  endfacet
  facet normal 0.608767 0.793349 0
    outer loop
      vertex -13.8199 -16.47 6
      vertex -12.3319 -17.6118 3
      vertex -13.8199 -16.47 3
    endloop
  endfacet
  facet normal -0.887005 0.46176 0
    outer loop
      vertex 18.6195 -10.75 3
      vertex 19.4856 -9.08629 6
      vertex 19.4856 -9.08629 3
    endloop
  endfacet
  facet normal -0.887005 0.46176 0
    outer loop
      vertex 19.4856 -9.08629 6
      vertex 18.6195 -10.75 3
      vertex 18.6195 -10.75 6
    endloop
  endfacet
  facet normal -0.21646 0.976292 0
    outer loop
      vertex 5.56461 -20.7674 3
      vertex 3.73344 -21.1734 6
      vertex 5.56461 -20.7674 6
    endloop
  endfacet
  facet normal -0.21646 0.976292 0
    outer loop
      vertex 3.73344 -21.1734 6
      vertex 5.56461 -20.7674 3
      vertex 3.73344 -21.1734 3
    endloop
  endfacet
  facet normal -0.675592 -0.737276 0
    outer loop
      vertex 13.8199 16.47 3
      vertex 15.2028 15.2028 6
      vertex 13.8199 16.47 6
    endloop
  endfacet
  facet normal -0.675592 -0.737276 -0
    outer loop
      vertex 15.2028 15.2028 6
      vertex 13.8199 16.47 3
      vertex 15.2028 15.2028 3
    endloop
  endfacet
  facet normal 0.923875 0.382695 0
    outer loop
      vertex -19.4856 -9.08629 6
      vertex -20.2034 -7.35343 3
      vertex -20.2034 -7.35343 6
    endloop
  endfacet
  facet normal 0.923875 0.382695 0
    outer loop
      vertex -20.2034 -7.35343 3
      vertex -19.4856 -9.08629 6
      vertex -19.4856 -9.08629 3
    endloop
  endfacet
  facet normal 0.991446 -0.130516 0
    outer loop
      vertex -21.4182 1.87385 6
      vertex -21.1734 3.73344 3
      vertex -21.1734 3.73344 6
    endloop
  endfacet
  facet normal 0.991446 -0.130516 0
    outer loop
      vertex -21.1734 3.73344 3
      vertex -21.4182 1.87385 6
      vertex -21.4182 1.87385 3
    endloop
  endfacet
  facet normal 0.999049 -0.0436119 0
    outer loop
      vertex -21.5 0 6
      vertex -21.4182 1.87385 3
      vertex -21.4182 1.87385 6
    endloop
  endfacet
  facet normal 0.999049 -0.0436119 0
    outer loop
      vertex -21.4182 1.87385 3
      vertex -21.5 0 6
      vertex -21.5 0 3
    endloop
  endfacet
  facet normal -0.675592 0.737276 0
    outer loop
      vertex 15.2028 -15.2028 3
      vertex 13.8199 -16.47 6
      vertex 15.2028 -15.2028 6
    endloop
  endfacet
  facet normal -0.675592 0.737276 0
    outer loop
      vertex 13.8199 -16.47 6
      vertex 15.2028 -15.2028 3
      vertex 13.8199 -16.47 3
    endloop
  endfacet
  facet normal 0.537269 0.843411 -0
    outer loop
      vertex -10.75 -18.6195 3
      vertex -12.3319 -17.6118 6
      vertex -10.75 -18.6195 6
    endloop
  endfacet
  facet normal 0.537269 0.843411 0
    outer loop
      vertex -12.3319 -17.6118 6
      vertex -10.75 -18.6195 3
      vertex -12.3319 -17.6118 3
    endloop
  endfacet
  facet normal 0.923875 -0.382695 0
    outer loop
      vertex -20.2034 7.35343 6
      vertex -19.4856 9.08629 3
      vertex -19.4856 9.08629 6
    endloop
  endfacet
  facet normal 0.923875 -0.382695 0
    outer loop
      vertex -19.4856 9.08629 3
      vertex -20.2034 7.35343 6
      vertex -20.2034 7.35343 3
    endloop
  endfacet
  facet normal 0.46176 0.887005 -0
    outer loop
      vertex -9.08629 -19.4856 3
      vertex -10.75 -18.6195 6
      vertex -9.08629 -19.4856 6
    endloop
  endfacet
  facet normal 0.46176 0.887005 0
    outer loop
      vertex -10.75 -18.6195 6
      vertex -9.08629 -19.4856 3
      vertex -10.75 -18.6195 3
    endloop
  endfacet
  facet normal 0.382695 0.923875 -0
    outer loop
      vertex -7.35343 -20.2034 3
      vertex -9.08629 -19.4856 6
      vertex -7.35343 -20.2034 6
    endloop
  endfacet
  facet normal 0.382695 0.923875 0
    outer loop
      vertex -9.08629 -19.4856 6
      vertex -7.35343 -20.2034 3
      vertex -9.08629 -19.4856 3
    endloop
  endfacet
  facet normal 0.793349 -0.608767 0
    outer loop
      vertex -17.6118 12.3319 6
      vertex -16.47 13.8199 3
      vertex -16.47 13.8199 6
    endloop
  endfacet
  facet normal 0.793349 -0.608767 0
    outer loop
      vertex -16.47 13.8199 3
      vertex -17.6118 12.3319 6
      vertex -17.6118 12.3319 3
    endloop
  endfacet
  facet normal 0 0 1
    outer loop
      vertex 0 -9 3
      vertex -4.01332 -12.6853 3
      vertex -4 -12.9904 3
    endloop
  endfacet
  facet normal 0 0 1
    outer loop
      vertex -3.07818 -8.45723 3
      vertex -4.05317 -12.3826 3
      vertex -4.01332 -12.6853 3
    endloop
  endfacet
  facet normal 0 0 1
    outer loop
      vertex -3.07818 -8.45723 3
      vertex -4.11926 -12.0845 3
      vertex -4.05317 -12.3826 3
    endloop
  endfacet
  facet normal 0 0 1
    outer loop
      vertex -3.07818 -8.45723 3
      vertex -4.21108 -11.7933 3
      vertex -4.11926 -12.0845 3
    endloop
  endfacet
  facet normal 0 0 1
    outer loop
      vertex -3.07818 -8.45723 3
      vertex -4.32792 -11.5112 3
      vertex -4.21108 -11.7933 3
    endloop
  endfacet
  facet normal 0 0 1
    outer loop
      vertex -3.07818 -8.45723 3
      vertex -4.46891 -11.2404 3
      vertex -4.32792 -11.5112 3
    endloop
  endfacet
  facet normal 0 0 1
    outer loop
      vertex -5.49248 -10.1233 3
      vertex -3.80356 -8.15677 3
      vertex -4.5 -7.79423 3
    endloop
  endfacet
  facet normal 0 0 1
    outer loop
      vertex -3.07818 -8.45723 3
      vertex -4.63297 -10.9829 3
      vertex -4.46891 -11.2404 3
    endloop
  endfacet
  facet normal 0 0 1
    outer loop
      vertex -3.07818 -8.45723 3
      vertex -4.81884 -10.7406 3
      vertex -4.63297 -10.9829 3
    endloop
  endfacet
  facet normal 0 0 1
    outer loop
      vertex -3.07818 -8.45723 3
      vertex -5.02513 -10.5155 3
      vertex -4.81884 -10.7406 3
    endloop
  endfacet
  facet normal 0 0 1
    outer loop
      vertex -6.02084 -9.8183 3
      vertex -4.5 -7.79423 3
      vertex -5.16219 -7.37237 3
    endloop
  endfacet
  facet normal 0 0 1
    outer loop
      vertex -3.80356 -8.15677 3
      vertex -5.25024 -10.3092 3
      vertex -5.02513 -10.5155 3
    endloop
  endfacet
  facet normal 0 0 1
    outer loop
      vertex -3.80356 -8.15677 3
      vertex -5.49248 -10.1233 3
      vertex -5.25024 -10.3092 3
    endloop
  endfacet
  facet normal 0 0 1
    outer loop
      vertex -4.5 -7.79423 3
      vertex -5.75 -9.95929 3
      vertex -5.49248 -10.1233 3
    endloop
  endfacet
  facet normal 0 0 1
    outer loop
      vertex -6.59413 -9.60964 3
      vertex -5.16219 -7.37237 3
      vertex -5.78509 -6.8944 3
    endloop
  endfacet
  facet normal 0 0 1
    outer loop
      vertex -4.5 -7.79423 3
      vertex -6.02084 -9.8183 3
      vertex -5.75 -9.95929 3
    endloop
  endfacet
  facet normal 0 0 1
    outer loop
      vertex -5.16219 -7.37237 3
      vertex -6.30293 -9.70146 3
      vertex -6.02084 -9.8183 3
    endloop
  endfacet
  facet normal 0 0 1
    outer loop
      vertex -7.19495 -9.5037 3
      vertex -5.78509 -6.8944 3
      vertex -6.36396 -6.36396 3
    endloop
  endfacet
  facet normal 0 0 1
    outer loop
      vertex -5.16219 -7.37237 3
      vertex -6.59413 -9.60964 3
      vertex -6.30293 -9.70146 3
    endloop
  endfacet
  facet normal 0 0 1
    outer loop
      vertex -5.78509 -6.8944 3
      vertex -6.89223 -9.54355 3
      vertex -6.59413 -9.60964 3
    endloop
  endfacet
  facet normal 0 0 1
    outer loop
      vertex -7.80504 -9.5037 3
      vertex -6.36396 -6.36396 3
      vertex -6.8944 -5.78509 3
    endloop
  endfacet
  facet normal 0 0 1
    outer loop
      vertex -5.78509 -6.8944 3
      vertex -7.19495 -9.5037 3
      vertex -6.89223 -9.54355 3
    endloop
  endfacet
  facet normal 0 0 1
    outer loop
      vertex -8.40587 -9.60964 3
      vertex -6.8944 -5.78509 3
      vertex -7.37237 -5.16219 3
    endloop
  endfacet
  facet normal 0 0 1
    outer loop
      vertex -6.36396 -6.36396 3
      vertex -7.5 -9.49038 3
      vertex -7.19495 -9.5037 3
    endloop
  endfacet
  facet normal 0 0 1
    outer loop
      vertex -8.97916 -9.8183 3
      vertex -7.37237 -5.16219 3
      vertex -7.79423 -4.5 3
    endloop
  endfacet
  facet normal 0 0 1
    outer loop
      vertex -6.36396 -6.36396 3
      vertex -7.80504 -9.5037 3
      vertex -7.5 -9.49038 3
    endloop
  endfacet
  facet normal 0 0 1
    outer loop
      vertex -6.8944 -5.78509 3
      vertex -8.10777 -9.54355 3
      vertex -7.80504 -9.5037 3
    endloop
  endfacet
  facet normal 0 0 1
    outer loop
      vertex -12.9925 -2.86703 3
      vertex -7.79423 -4.5 3
      vertex -8.15677 -3.80356 3
    endloop
  endfacet
  facet normal 0 0 1
    outer loop
      vertex -6.8944 -5.78509 3
      vertex -8.40587 -9.60964 3
      vertex -8.10777 -9.54355 3
    endloop
  endfacet
  facet normal 0 0 1
    outer loop
      vertex -12.5251 -2.47487 3
      vertex -8.15677 -3.80356 3
      vertex -8.45723 -3.07818 3
    endloop
  endfacet
  facet normal 0 0 1
    outer loop
      vertex -12.133 -2.00752 3
      vertex -8.45723 -3.07818 3
      vertex -8.69333 -2.32937 3
    endloop
  endfacet
  facet normal 0 0 1
    outer loop
      vertex -7.37237 -5.16219 3
      vertex -8.69707 -9.70146 3
      vertex -8.40587 -9.60964 3
    endloop
  endfacet
  facet normal 0 0 1
    outer loop
      vertex -11.8279 -1.47916 3
      vertex -8.69333 -2.32937 3
      vertex -8.86327 -1.56283 3
    endloop
  endfacet
  facet normal -0 0 1
    outer loop
      vertex -11.6193 -0.905867 3
      vertex -8.86327 -1.56283 3
      vertex -8.96575 -0.784401 3
    endloop
  endfacet
  facet normal 0 0 1
    outer loop
      vertex -8.45723 -3.07818 3
      vertex -12.3188 -2.24976 3
      vertex -12.5251 -2.47487 3
    endloop
  endfacet
  facet normal -0 0 1
    outer loop
      vertex -11.5133 -0.305044 3
      vertex -8.96575 -0.784401 3
      vertex -9 0 3
    endloop
  endfacet
  facet normal 0 0 1
    outer loop
      vertex -8.69333 2.32937 3
      vertex -11.8279 1.47916 3
      vertex -8.86327 1.56283 3
    endloop
  endfacet
  facet normal 0 0 1
    outer loop
      vertex -11.5133 -0.305044 3
      vertex -9 0 3
      vertex -11.5 0 3
    endloop
  endfacet
  facet normal 0 0 1
    outer loop
      vertex -13.25 3.03109 3
      vertex -9.25 9.95929 3
      vertex -9.50752 10.1233 3
    endloop
  endfacet
  facet normal 0 0 1
    outer loop
      vertex -8.96575 -0.784401 3
      vertex -11.5133 -0.305044 3
      vertex -11.5532 -0.607768 3
    endloop
  endfacet
  facet normal 0 0 1
    outer loop
      vertex -13.5208 3.17208 3
      vertex -9.50752 10.1233 3
      vertex -9.74976 10.3092 3
    endloop
  endfacet
  facet normal 0 0 1
    outer loop
      vertex -8.96575 -0.784401 3
      vertex -11.5532 -0.607768 3
      vertex -11.6193 -0.905867 3
    endloop
  endfacet
  facet normal 0 0 1
    outer loop
      vertex -13.8029 3.28892 3
      vertex -9.74976 10.3092 3
      vertex -9.97487 10.5155 3
    endloop
  endfacet
  facet normal 0 0 1
    outer loop
      vertex -8.86327 -1.56283 3
      vertex -11.6193 -0.905867 3
      vertex -11.7111 -1.19707 3
    endloop
  endfacet
  facet normal 0 0 1
    outer loop
      vertex -14.0941 3.38074 3
      vertex -9.97487 10.5155 3
      vertex -10.1812 10.7406 3
    endloop
  endfacet
  facet normal 0 0 1
    outer loop
      vertex -8.86327 -1.56283 3
      vertex -11.7111 -1.19707 3
      vertex -11.8279 -1.47916 3
    endloop
  endfacet
  facet normal 0 0 1
    outer loop
      vertex -14.3922 3.44683 3
      vertex -10.1812 10.7406 3
      vertex -10.367 10.9829 3
    endloop
  endfacet
  facet normal 0 0 1
    outer loop
      vertex -8.69333 -2.32937 3
      vertex -11.8279 -1.47916 3
      vertex -11.9689 -1.75 3
    endloop
  endfacet
  facet normal 0 0 1
    outer loop
      vertex -18.6195 10.75 3
      vertex -10.367 10.9829 3
      vertex -10.5311 11.2404 3
    endloop
  endfacet
  facet normal 0 0 1
    outer loop
      vertex -8.69333 -2.32937 3
      vertex -11.9689 -1.75 3
      vertex -12.133 -2.00752 3
    endloop
  endfacet
  facet normal 0 0 1
    outer loop
      vertex -17.6118 12.3319 3
      vertex -10.5311 11.2404 3
      vertex -10.6721 11.5112 3
    endloop
  endfacet
  facet normal 0 0 1
    outer loop
      vertex -8.45723 -3.07818 3
      vertex -12.133 -2.00752 3
      vertex -12.3188 -2.24976 3
    endloop
  endfacet
  facet normal 0 0 1
    outer loop
      vertex -17.6118 12.3319 3
      vertex -10.6721 11.5112 3
      vertex -10.7889 11.7933 3
    endloop
  endfacet
  facet normal 0 0 1
    outer loop
      vertex -8.15677 -3.80356 3
      vertex -12.5251 -2.47487 3
      vertex -12.7502 -2.68116 3
    endloop
  endfacet
  facet normal 0 0 1
    outer loop
      vertex -17.6118 12.3319 3
      vertex -10.7889 11.7933 3
      vertex -10.8807 12.0845 3
    endloop
  endfacet
  facet normal 0 0 1
    outer loop
      vertex -8.15677 -3.80356 3
      vertex -12.7502 -2.68116 3
      vertex -12.9925 -2.86703 3
    endloop
  endfacet
  facet normal 0 0 1
    outer loop
      vertex -16.47 13.8199 3
      vertex -10.8807 12.0845 3
      vertex -10.9468 12.3826 3
    endloop
  endfacet
  facet normal 0 0 1
    outer loop
      vertex -7.37237 -5.16219 3
      vertex -8.97916 -9.8183 3
      vertex -8.69707 -9.70146 3
    endloop
  endfacet
  facet normal 0 0 1
    outer loop
      vertex -16.47 13.8199 3
      vertex -10.9468 12.3826 3
      vertex -10.9867 12.6853 3
    endloop
  endfacet
  facet normal 0 0 1
    outer loop
      vertex -7.79423 -4.5 3
      vertex -12.9925 -2.86703 3
      vertex -13.25 -3.03109 3
    endloop
  endfacet
  facet normal 0 0 1
    outer loop
      vertex -16.47 13.8199 3
      vertex -10.9867 12.6853 3
      vertex -11 12.9904 3
    endloop
  endfacet
  facet normal 0 0 1
    outer loop
      vertex -7.79423 -4.5 3
      vertex -9.25 -9.95929 3
      vertex -8.97916 -9.8183 3
    endloop
  endfacet
  facet normal -0 0 1
    outer loop
      vertex -4.21108 11.7933 3
      vertex -1.56283 8.86327 3
      vertex -4.11926 12.0845 3
    endloop
  endfacet
  facet normal -0 0 1
    outer loop
      vertex -4.32792 11.5112 3
      vertex -1.56283 8.86327 3
      vertex -4.21108 11.7933 3
    endloop
  endfacet
  facet normal 0 0 1
    outer loop
      vertex -1.56283 8.86327 3
      vertex -4.32792 11.5112 3
      vertex -2.32937 8.69333 3
    endloop
  endfacet
  facet normal -0 0 1
    outer loop
      vertex -4.46891 11.2404 3
      vertex -2.32937 8.69333 3
      vertex -4.32792 11.5112 3
    endloop
  endfacet
  facet normal -0 0 1
    outer loop
      vertex -4.63297 10.9829 3
      vertex -2.32937 8.69333 3
      vertex -4.46891 11.2404 3
    endloop
  endfacet
  facet normal 0 0 1
    outer loop
      vertex -2.32937 8.69333 3
      vertex -4.63297 10.9829 3
      vertex -3.07818 8.45723 3
    endloop
  endfacet
  facet normal -0 0 1
    outer loop
      vertex -4.81884 10.7406 3
      vertex -3.07818 8.45723 3
      vertex -4.63297 10.9829 3
    endloop
  endfacet
  facet normal -0 0 1
    outer loop
      vertex -5.02513 10.5155 3
      vertex -3.07818 8.45723 3
      vertex -4.81884 10.7406 3
    endloop
  endfacet
  facet normal 0 0 1
    outer loop
      vertex -3.07818 8.45723 3
      vertex -5.02513 10.5155 3
      vertex -3.80356 8.15677 3
    endloop
  endfacet
  facet normal -0 0 1
    outer loop
      vertex -5.25024 10.3092 3
      vertex -3.80356 8.15677 3
      vertex -5.02513 10.5155 3
    endloop
  endfacet
  facet normal -0 0 1
    outer loop
      vertex -5.49248 10.1233 3
      vertex -3.80356 8.15677 3
      vertex -5.25024 10.3092 3
    endloop
  endfacet
  facet normal 0 0 1
    outer loop
      vertex -3.80356 8.15677 3
      vertex -5.49248 10.1233 3
      vertex -4.5 7.79423 3
    endloop
  endfacet
  facet normal -0 0 1
    outer loop
      vertex -5.75 9.95929 3
      vertex -4.5 7.79423 3
      vertex -5.49248 10.1233 3
    endloop
  endfacet
  facet normal -0 0 1
    outer loop
      vertex -6.02084 9.8183 3
      vertex -4.5 7.79423 3
      vertex -5.75 9.95929 3
    endloop
  endfacet
  facet normal 0 0 1
    outer loop
      vertex -4.5 7.79423 3
      vertex -6.02084 9.8183 3
      vertex -5.16219 7.37237 3
    endloop
  endfacet
  facet normal -0 0 1
    outer loop
      vertex -6.30293 9.70146 3
      vertex -5.16219 7.37237 3
      vertex -6.02084 9.8183 3
    endloop
  endfacet
  facet normal -0 0 1
    outer loop
      vertex -6.59413 9.60964 3
      vertex -5.16219 7.37237 3
      vertex -6.30293 9.70146 3
    endloop
  endfacet
  facet normal 0 0 1
    outer loop
      vertex -5.16219 7.37237 3
      vertex -6.59413 9.60964 3
      vertex -5.78509 6.8944 3
    endloop
  endfacet
  facet normal -0 0 1
    outer loop
      vertex -6.89223 9.54355 3
      vertex -5.78509 6.8944 3
      vertex -6.59413 9.60964 3
    endloop
  endfacet
  facet normal -0 0 1
    outer loop
      vertex -7.19495 9.5037 3
      vertex -5.78509 6.8944 3
      vertex -6.89223 9.54355 3
    endloop
  endfacet
  facet normal 0 0 1
    outer loop
      vertex -5.78509 6.8944 3
      vertex -7.19495 9.5037 3
      vertex -6.36396 6.36396 3
    endloop
  endfacet
  facet normal -0 0 1
    outer loop
      vertex -7.5 9.49038 3
      vertex -6.36396 6.36396 3
      vertex -7.19495 9.5037 3
    endloop
  endfacet
  facet normal 0 0 1
    outer loop
      vertex -7.80504 9.5037 3
      vertex -6.36396 6.36396 3
      vertex -7.5 9.49038 3
    endloop
  endfacet
  facet normal 0 0 1
    outer loop
      vertex -6.36396 6.36396 3
      vertex -7.80504 9.5037 3
      vertex -6.8944 5.78509 3
    endloop
  endfacet
  facet normal 0 0 1
    outer loop
      vertex -8.10777 9.54355 3
      vertex -6.8944 5.78509 3
      vertex -7.80504 9.5037 3
    endloop
  endfacet
  facet normal 0 0 1
    outer loop
      vertex -8.40587 9.60964 3
      vertex -6.8944 5.78509 3
      vertex -8.10777 9.54355 3
    endloop
  endfacet
  facet normal 0 0 1
    outer loop
      vertex -6.8944 5.78509 3
      vertex -8.40587 9.60964 3
      vertex -7.37237 5.16219 3
    endloop
  endfacet
  facet normal 0 0 1
    outer loop
      vertex -8.69707 9.70146 3
      vertex -7.37237 5.16219 3
      vertex -8.40587 9.60964 3
    endloop
  endfacet
  facet normal 0 0 1
    outer loop
      vertex -8.97916 9.8183 3
      vertex -7.37237 5.16219 3
      vertex -8.69707 9.70146 3
    endloop
  endfacet
  facet normal 0 0 1
    outer loop
      vertex -7.37237 5.16219 3
      vertex -8.97916 9.8183 3
      vertex -7.79423 4.5 3
    endloop
  endfacet
  facet normal 0 0 1
    outer loop
      vertex -9.25 9.95929 3
      vertex -7.79423 4.5 3
      vertex -8.97916 9.8183 3
    endloop
  endfacet
  facet normal 0 0 1
    outer loop
      vertex -12.133 2.00752 3
      vertex -7.79423 4.5 3
      vertex -9.25 9.95929 3
    endloop
  endfacet
  facet normal 0 0 1
    outer loop
      vertex -7.79423 4.5 3
      vertex -12.133 2.00752 3
      vertex -8.15677 3.80356 3
    endloop
  endfacet
  facet normal 0 0 1
    outer loop
      vertex -8.15677 3.80356 3
      vertex -12.133 2.00752 3
      vertex -8.45723 3.07818 3
    endloop
  endfacet
  facet normal 0 0 1
    outer loop
      vertex -8.45723 3.07818 3
      vertex -12.133 2.00752 3
      vertex -8.69333 2.32937 3
    endloop
  endfacet
  facet normal 0 -0 1
    outer loop
      vertex -11.9689 1.75 3
      vertex -8.69333 2.32937 3
      vertex -12.133 2.00752 3
    endloop
  endfacet
  facet normal 0 -0 1
    outer loop
      vertex -11.8279 1.47916 3
      vertex -8.69333 2.32937 3
      vertex -11.9689 1.75 3
    endloop
  endfacet
  facet normal -0 0 1
    outer loop
      vertex 7.79423 4.5 3
      vertex 14.7502 2.68116 3
      vertex 9.50752 10.1233 3
    endloop
  endfacet
  facet normal 0 0 1
    outer loop
      vertex 13.5 0 3
      vertex 10.9867 -12.6853 3
      vertex 11 -12.9904 3
    endloop
  endfacet
  facet normal 0 0 1
    outer loop
      vertex 14.7502 2.68116 3
      vertex 8.15677 3.80356 3
      vertex 14.5251 2.47487 3
    endloop
  endfacet
  facet normal 0 0 1
    outer loop
      vertex 13.5 0 3
      vertex 10.9468 -12.3826 3
      vertex 10.9867 -12.6853 3
    endloop
  endfacet
  facet normal 0 0 1
    outer loop
      vertex 14.5251 2.47487 3
      vertex 8.15677 3.80356 3
      vertex 14.3188 2.24976 3
    endloop
  endfacet
  facet normal 0 0 1
    outer loop
      vertex 13.5 0 3
      vertex 10.8807 -12.0845 3
      vertex 10.9468 -12.3826 3
    endloop
  endfacet
  facet normal -0 -0 1
    outer loop
      vertex 8.45723 3.07818 3
      vertex 14.3188 2.24976 3
      vertex 8.15677 3.80356 3
    endloop
  endfacet
  facet normal 0 0 1
    outer loop
      vertex 13.5 0 3
      vertex 10.7889 -11.7933 3
      vertex 10.8807 -12.0845 3
    endloop
  endfacet
  facet normal 0 0 1
    outer loop
      vertex 14.3188 2.24976 3
      vertex 8.45723 3.07818 3
      vertex 14.133 2.00752 3
    endloop
  endfacet
  facet normal 0 0 1
    outer loop
      vertex 8.96575 -0.784401 3
      vertex 13.5 0 3
      vertex 9 0 3
    endloop
  endfacet
  facet normal -0 -0 1
    outer loop
      vertex 8.69333 2.32937 3
      vertex 14.133 2.00752 3
      vertex 8.45723 3.07818 3
    endloop
  endfacet
  facet normal 0 0 1
    outer loop
      vertex 8.86327 -1.56283 3
      vertex 13.5 0 3
      vertex 8.96575 -0.784401 3
    endloop
  endfacet
  facet normal 0 0 1
    outer loop
      vertex 13.9689 1.75 3
      vertex 8.69333 2.32937 3
      vertex 13.8279 1.47916 3
    endloop
  endfacet
  facet normal 0 0 1
    outer loop
      vertex 13.5 0 3
      vertex 10.6721 -11.5112 3
      vertex 10.7889 -11.7933 3
    endloop
  endfacet
  facet normal -0 -0 1
    outer loop
      vertex 8.86327 1.56283 3
      vertex 13.8279 1.47916 3
      vertex 8.69333 2.32937 3
    endloop
  endfacet
  facet normal 0 0 1
    outer loop
      vertex 8.69333 -2.32937 3
      vertex 13.5 0 3
      vertex 8.86327 -1.56283 3
    endloop
  endfacet
  facet normal 0 0 1
    outer loop
      vertex 13.8279 1.47916 3
      vertex 8.86327 1.56283 3
      vertex 13.7111 1.19707 3
    endloop
  endfacet
  facet normal 0 0 1
    outer loop
      vertex 13.5 0 3
      vertex 10.5311 -11.2404 3
      vertex 10.6721 -11.5112 3
    endloop
  endfacet
  facet normal 0 0 1
    outer loop
      vertex 13.7111 1.19707 3
      vertex 8.86327 1.56283 3
      vertex 13.6193 0.905867 3
    endloop
  endfacet
  facet normal 0 0 1
    outer loop
      vertex 13.5 0 3
      vertex 10.367 -10.9829 3
      vertex 10.5311 -11.2404 3
    endloop
  endfacet
  facet normal 0 0 1
    outer loop
      vertex 14.133 2.00752 3
      vertex 8.69333 2.32937 3
      vertex 13.9689 1.75 3
    endloop
  endfacet
  facet normal 0 0 1
    outer loop
      vertex 8.45723 -3.07818 3
      vertex 13.5 0 3
      vertex 8.69333 -2.32937 3
    endloop
  endfacet
  facet normal 0 0 1
    outer loop
      vertex 7.79423 4.5 3
      vertex 9.50752 10.1233 3
      vertex 9.25 9.95929 3
    endloop
  endfacet
  facet normal 0 0 1
    outer loop
      vertex 13.5 0 3
      vertex 10.1812 -10.7406 3
      vertex 10.367 -10.9829 3
    endloop
  endfacet
  facet normal 0 0 1
    outer loop
      vertex 8.15677 -3.80356 3
      vertex 13.5 0 3
      vertex 8.45723 -3.07818 3
    endloop
  endfacet
  facet normal 0 0 1
    outer loop
      vertex 7.79423 4.5 3
      vertex 9.25 9.95929 3
      vertex 8.97916 9.8183 3
    endloop
  endfacet
  facet normal 0 0 1
    outer loop
      vertex 13.5133 0.305044 3
      vertex 9 0 3
      vertex 13.5 0 3
    endloop
  endfacet
  facet normal 0 -0 1
    outer loop
      vertex 9 0 3
      vertex 13.5133 0.305044 3
      vertex 8.96575 0.784401 3
    endloop
  endfacet
  facet normal 0 0 1
    outer loop
      vertex 7.37237 5.16219 3
      vertex 8.97916 9.8183 3
      vertex 8.69707 9.70146 3
    endloop
  endfacet
  facet normal 0 0 1
    outer loop
      vertex 13.5532 0.607768 3
      vertex 8.96575 0.784401 3
      vertex 13.5133 0.305044 3
    endloop
  endfacet
  facet normal 0 0 1
    outer loop
      vertex 13.6193 0.905867 3
      vertex 8.96575 0.784401 3
      vertex 13.5532 0.607768 3
    endloop
  endfacet
  facet normal 0 0 1
    outer loop
      vertex 7.37237 5.16219 3
      vertex 8.69707 9.70146 3
      vertex 8.40587 9.60964 3
    endloop
  endfacet
  facet normal 0 -0 1
    outer loop
      vertex 8.96575 0.784401 3
      vertex 13.6193 0.905867 3
      vertex 8.86327 1.56283 3
    endloop
  endfacet
  facet normal 0 0 1
    outer loop
      vertex 6.8944 5.78509 3
      vertex 8.40587 9.60964 3
      vertex 8.10777 9.54355 3
    endloop
  endfacet
  facet normal 0 0 1
    outer loop
      vertex 6.8944 5.78509 3
      vertex 8.10777 9.54355 3
      vertex 7.80504 9.5037 3
    endloop
  endfacet
  facet normal 0 0 1
    outer loop
      vertex 14.7502 2.68116 3
      vertex 7.79423 4.5 3
      vertex 8.15677 3.80356 3
    endloop
  endfacet
  facet normal 0 0 1
    outer loop
      vertex 6.36396 6.36396 3
      vertex 7.80504 9.5037 3
      vertex 7.5 9.49038 3
    endloop
  endfacet
  facet normal 0 0 1
    outer loop
      vertex 8.97916 9.8183 3
      vertex 7.37237 5.16219 3
      vertex 7.79423 4.5 3
    endloop
  endfacet
  facet normal 0 0 1
    outer loop
      vertex 6.36396 6.36396 3
      vertex 7.5 9.49038 3
      vertex 7.19495 9.5037 3
    endloop
  endfacet
  facet normal 0 0 1
    outer loop
      vertex 8.40587 9.60964 3
      vertex 6.8944 5.78509 3
      vertex 7.37237 5.16219 3
    endloop
  endfacet
  facet normal 0 0 1
    outer loop
      vertex 5.78509 6.8944 3
      vertex 7.19495 9.5037 3
      vertex 6.89223 9.54355 3
    endloop
  endfacet
  facet normal 0 0 1
    outer loop
      vertex 5.78509 6.8944 3
      vertex 6.89223 9.54355 3
      vertex 6.59413 9.60964 3
    endloop
  endfacet
  facet normal 0 0 1
    outer loop
      vertex 7.80504 9.5037 3
      vertex 6.36396 6.36396 3
      vertex 6.8944 5.78509 3
    endloop
  endfacet
  facet normal 0 0 1
    outer loop
      vertex 5.16219 7.37237 3
      vertex 6.59413 9.60964 3
      vertex 6.30293 9.70146 3
    endloop
  endfacet
  facet normal 0 0 1
    outer loop
      vertex 5.16219 7.37237 3
      vertex 6.30293 9.70146 3
      vertex 6.02084 9.8183 3
    endloop
  endfacet
  facet normal 0 0 1
    outer loop
      vertex 7.19495 9.5037 3
      vertex 5.78509 6.8944 3
      vertex 6.36396 6.36396 3
    endloop
  endfacet
  facet normal 0 0 1
    outer loop
      vertex 4.5 7.79423 3
      vertex 6.02084 9.8183 3
      vertex 5.75 9.95929 3
    endloop
  endfacet
  facet normal 0 0 1
    outer loop
      vertex 4.5 7.79423 3
      vertex 5.75 9.95929 3
      vertex 5.49248 10.1233 3
    endloop
  endfacet
  facet normal 0 0 1
    outer loop
      vertex 3.80356 8.15677 3
      vertex 5.49248 10.1233 3
      vertex 5.25024 10.3092 3
    endloop
  endfacet
  facet normal 0 0 1
    outer loop
      vertex 6.59413 9.60964 3
      vertex 5.16219 7.37237 3
      vertex 5.78509 6.8944 3
    endloop
  endfacet
  facet normal 0 0 1
    outer loop
      vertex 3.80356 8.15677 3
      vertex 5.25024 10.3092 3
      vertex 5.02513 10.5155 3
    endloop
  endfacet
  facet normal 0 0 1
    outer loop
      vertex 3.07818 8.45723 3
      vertex 5.02513 10.5155 3
      vertex 4.81884 10.7406 3
    endloop
  endfacet
  facet normal 0 0 1
    outer loop
      vertex 3.07818 8.45723 3
      vertex 4.81884 10.7406 3
      vertex 4.63297 10.9829 3
    endloop
  endfacet
  facet normal 0 0 1
    outer loop
      vertex 6.02084 9.8183 3
      vertex 4.5 7.79423 3
      vertex 5.16219 7.37237 3
    endloop
  endfacet
  facet normal 0 0 1
    outer loop
      vertex 2.32937 8.69333 3
      vertex 4.63297 10.9829 3
      vertex 4.46891 11.2404 3
    endloop
  endfacet
  facet normal 0 0 1
    outer loop
      vertex 2.32937 8.69333 3
      vertex 4.46891 11.2404 3
      vertex 4.32792 11.5112 3
    endloop
  endfacet
  facet normal 0 0 1
    outer loop
      vertex 1.56283 8.86327 3
      vertex 4.32792 11.5112 3
      vertex 4.21108 11.7933 3
    endloop
  endfacet
  facet normal 0 0 1
    outer loop
      vertex 1.56283 8.86327 3
      vertex 4.21108 11.7933 3
      vertex 4.11926 12.0845 3
    endloop
  endfacet
  facet normal 0 0 1
    outer loop
      vertex 0.784401 8.96575 3
      vertex 4.11926 12.0845 3
      vertex 4.05317 12.3826 3
    endloop
  endfacet
  facet normal 0 0 1
    outer loop
      vertex 0.784401 8.96575 3
      vertex 4.05317 12.3826 3
      vertex 4.01332 12.6853 3
    endloop
  endfacet
  facet normal 0 0 1
    outer loop
      vertex 5.49248 10.1233 3
      vertex 3.80356 8.15677 3
      vertex 4.5 7.79423 3
    endloop
  endfacet
  facet normal 0 0 1
    outer loop
      vertex 0 9 3
      vertex 4.01332 12.6853 3
      vertex 4 12.9904 3
    endloop
  endfacet
  facet normal -0 0 1
    outer loop
      vertex 10.9468 -13.5981 3
      vertex 15.2028 -15.2028 3
      vertex 10.9867 -13.2954 3
    endloop
  endfacet
  facet normal -0 0 1
    outer loop
      vertex 10.8807 -13.8962 3
      vertex 15.2028 -15.2028 3
      vertex 10.9468 -13.5981 3
    endloop
  endfacet
  facet normal 0 0 1
    outer loop
      vertex 15.2028 -15.2028 3
      vertex 10.8807 -13.8962 3
      vertex 13.8199 -16.47 3
    endloop
  endfacet
  facet normal -0 0 1
    outer loop
      vertex 10.7889 -14.1875 3
      vertex 13.8199 -16.47 3
      vertex 10.8807 -13.8962 3
    endloop
  endfacet
  facet normal -0 0 1
    outer loop
      vertex 10.6721 -14.4695 3
      vertex 13.8199 -16.47 3
      vertex 10.7889 -14.1875 3
    endloop
  endfacet
  facet normal -0 0 1
    outer loop
      vertex 10.5311 -14.7404 3
      vertex 13.8199 -16.47 3
      vertex 10.6721 -14.4695 3
    endloop
  endfacet
  facet normal 0 0 1
    outer loop
      vertex 13.8199 -16.47 3
      vertex 10.5311 -14.7404 3
      vertex 12.3319 -17.6118 3
    endloop
  endfacet
  facet normal -0 0 1
    outer loop
      vertex 10.367 -14.9979 3
      vertex 12.3319 -17.6118 3
      vertex 10.5311 -14.7404 3
    endloop
  endfacet
  facet normal -0 0 1
    outer loop
      vertex 10.1812 -15.2401 3
      vertex 12.3319 -17.6118 3
      vertex 10.367 -14.9979 3
    endloop
  endfacet
  facet normal -0 0 1
    outer loop
      vertex 9.97487 -15.4653 3
      vertex 12.3319 -17.6118 3
      vertex 10.1812 -15.2401 3
    endloop
  endfacet
  facet normal -0 0 1
    outer loop
      vertex 9.74976 -15.6715 3
      vertex 12.3319 -17.6118 3
      vertex 9.97487 -15.4653 3
    endloop
  endfacet
  facet normal 0 0 1
    outer loop
      vertex 12.3319 -17.6118 3
      vertex 9.74976 -15.6715 3
      vertex 10.75 -18.6195 3
    endloop
  endfacet
  facet normal -0 0 1
    outer loop
      vertex 9.50752 -15.8574 3
      vertex 10.75 -18.6195 3
      vertex 9.74976 -15.6715 3
    endloop
  endfacet
  facet normal -0 0 1
    outer loop
      vertex 9.25 -16.0215 3
      vertex 10.75 -18.6195 3
      vertex 9.50752 -15.8574 3
    endloop
  endfacet
  facet normal -0 0 1
    outer loop
      vertex 8.97916 -16.1625 3
      vertex 10.75 -18.6195 3
      vertex 9.25 -16.0215 3
    endloop
  endfacet
  facet normal -0 0 1
    outer loop
      vertex 8.69707 -16.2793 3
      vertex 10.75 -18.6195 3
      vertex 8.97916 -16.1625 3
    endloop
  endfacet
  facet normal 0 0 1
    outer loop
      vertex 10.75 -18.6195 3
      vertex 8.69707 -16.2793 3
      vertex 9.08629 -19.4856 3
    endloop
  endfacet
  facet normal -0 0 1
    outer loop
      vertex 8.40587 -16.3711 3
      vertex 9.08629 -19.4856 3
      vertex 8.69707 -16.2793 3
    endloop
  endfacet
  facet normal -0 0 1
    outer loop
      vertex 8.10777 -16.4372 3
      vertex 9.08629 -19.4856 3
      vertex 8.40587 -16.3711 3
    endloop
  endfacet
  facet normal -0 0 1
    outer loop
      vertex 7.80504 -16.4771 3
      vertex 9.08629 -19.4856 3
      vertex 8.10777 -16.4372 3
    endloop
  endfacet
  facet normal -0 0 1
    outer loop
      vertex 7.5 -16.4904 3
      vertex 9.08629 -19.4856 3
      vertex 7.80504 -16.4771 3
    endloop
  endfacet
  facet normal 0 0 1
    outer loop
      vertex 7.5 -16.4904 3
      vertex 7.35343 -20.2034 3
      vertex 9.08629 -19.4856 3
    endloop
  endfacet
  facet normal 0 0 1
    outer loop
      vertex 7.19495 -16.4771 3
      vertex 7.35343 -20.2034 3
      vertex 7.5 -16.4904 3
    endloop
  endfacet
  facet normal 0 0 1
    outer loop
      vertex 6.89223 -16.4372 3
      vertex 7.35343 -20.2034 3
      vertex 7.19495 -16.4771 3
    endloop
  endfacet
  facet normal 0 0 1
    outer loop
      vertex 6.59413 -16.3711 3
      vertex 7.35343 -20.2034 3
      vertex 6.89223 -16.4372 3
    endloop
  endfacet
  facet normal 0 0 1
    outer loop
      vertex 5.56461 -20.7674 3
      vertex 6.59413 -16.3711 3
      vertex 6.30293 -16.2793 3
    endloop
  endfacet
  facet normal 0 0 1
    outer loop
      vertex 5.56461 -20.7674 3
      vertex 6.30293 -16.2793 3
      vertex 6.02084 -16.1625 3
    endloop
  endfacet
  facet normal 0 0 1
    outer loop
      vertex 5.56461 -20.7674 3
      vertex 6.02084 -16.1625 3
      vertex 5.75 -16.0215 3
    endloop
  endfacet
  facet normal 0 0 1
    outer loop
      vertex 6.59413 -16.3711 3
      vertex 5.56461 -20.7674 3
      vertex 7.35343 -20.2034 3
    endloop
  endfacet
  facet normal 0 0 1
    outer loop
      vertex 5.49248 -15.8574 3
      vertex 5.56461 -20.7674 3
      vertex 5.75 -16.0215 3
    endloop
  endfacet
  facet normal 0 0 1
    outer loop
      vertex 3.73344 -21.1734 3
      vertex 5.49248 -15.8574 3
      vertex 5.25024 -15.6715 3
    endloop
  endfacet
  facet normal 0 0 1
    outer loop
      vertex 3.73344 -21.1734 3
      vertex 5.25024 -15.6715 3
      vertex 5.02513 -15.4653 3
    endloop
  endfacet
  facet normal 0 0 1
    outer loop
      vertex 1.87385 -21.4182 3
      vertex 5.02513 -15.4653 3
      vertex 4.81884 -15.2401 3
    endloop
  endfacet
  facet normal 0 0 1
    outer loop
      vertex 1.87385 -21.4182 3
      vertex 4.81884 -15.2401 3
      vertex 4.63297 -14.9979 3
    endloop
  endfacet
  facet normal 0 0 1
    outer loop
      vertex 1.87385 -21.4182 3
      vertex 4.63297 -14.9979 3
      vertex 4.46891 -14.7404 3
    endloop
  endfacet
  facet normal 0 0 1
    outer loop
      vertex 0 -21.5 3
      vertex 4.46891 -14.7404 3
      vertex 4.32792 -14.4695 3
    endloop
  endfacet
  facet normal 0 0 1
    outer loop
      vertex -4.32792 -14.4695 3
      vertex 4.32792 -14.4695 3
      vertex 4.21108 -14.1875 3
    endloop
  endfacet
  facet normal 0 0 1
    outer loop
      vertex -4.21108 -14.1875 3
      vertex 4.21108 -14.1875 3
      vertex 4.11926 -13.8962 3
    endloop
  endfacet
  facet normal 0 0 1
    outer loop
      vertex -4.11926 -13.8962 3
      vertex 4.11926 -13.8962 3
      vertex 4.05317 -13.5981 3
    endloop
  endfacet
  facet normal 0 0 1
    outer loop
      vertex 5.49248 -15.8574 3
      vertex 3.73344 -21.1734 3
      vertex 5.56461 -20.7674 3
    endloop
  endfacet
  facet normal 0 0 1
    outer loop
      vertex -4.05317 -13.5981 3
      vertex 4.05317 -13.5981 3
      vertex 4.01332 -13.2954 3
    endloop
  endfacet
  facet normal 0 0 1
    outer loop
      vertex -4.01332 -13.2954 3
      vertex 4.01332 -13.2954 3
      vertex 4 -12.9904 3
    endloop
  endfacet
  facet normal -0 0 1
    outer loop
      vertex 0.784401 -8.96575 3
      vertex 4.11926 -12.0845 3
      vertex 1.56283 -8.86327 3
    endloop
  endfacet
  facet normal 0 0 1
    outer loop
      vertex 4.11926 -12.0845 3
      vertex 0.784401 -8.96575 3
      vertex 4.05317 -12.3826 3
    endloop
  endfacet
  facet normal 0 0 1
    outer loop
      vertex 4.05317 -12.3826 3
      vertex 0.784401 -8.96575 3
      vertex 4.01332 -12.6853 3
    endloop
  endfacet
  facet normal -0 0 1
    outer loop
      vertex 0 -9 3
      vertex 4.01332 -12.6853 3
      vertex 0.784401 -8.96575 3
    endloop
  endfacet
  facet normal 0 0 1
    outer loop
      vertex 5.02513 -15.4653 3
      vertex 1.87385 -21.4182 3
      vertex 3.73344 -21.1734 3
    endloop
  endfacet
  facet normal 0 0 1
    outer loop
      vertex 4.01332 -12.6853 3
      vertex 0 -9 3
      vertex 4 -12.9904 3
    endloop
  endfacet
  facet normal 0 0 1
    outer loop
      vertex -4 -12.9904 3
      vertex 4 -12.9904 3
      vertex 0 -9 3
    endloop
  endfacet
  facet normal 0 0 1
    outer loop
      vertex 4.05317 -13.5981 3
      vertex -4.05317 -13.5981 3
      vertex -4.11926 -13.8962 3
    endloop
  endfacet
  facet normal 0 0 1
    outer loop
      vertex -4.01332 -12.6853 3
      vertex 0 -9 3
      vertex -0.784401 -8.96575 3
    endloop
  endfacet
  facet normal 0 0 1
    outer loop
      vertex -4.01332 -12.6853 3
      vertex -0.784401 -8.96575 3
      vertex -1.56283 -8.86327 3
    endloop
  endfacet
  facet normal 0 0 1
    outer loop
      vertex 4.11926 -13.8962 3
      vertex -4.11926 -13.8962 3
      vertex -4.21108 -14.1875 3
    endloop
  endfacet
  facet normal 0 0 1
    outer loop
      vertex -4.01332 -12.6853 3
      vertex -1.56283 -8.86327 3
      vertex -2.32937 -8.69333 3
    endloop
  endfacet
  facet normal 0 0 1
    outer loop
      vertex -4.01332 -12.6853 3
      vertex -2.32937 -8.69333 3
      vertex -3.07818 -8.45723 3
    endloop
  endfacet
  facet normal 0 0 1
    outer loop
      vertex 4.01332 -13.2954 3
      vertex -4.01332 -13.2954 3
      vertex -4.05317 -13.5981 3
    endloop
  endfacet
  facet normal 0 0 1
    outer loop
      vertex -5.02513 -10.5155 3
      vertex -3.07818 -8.45723 3
      vertex -3.80356 -8.15677 3
    endloop
  endfacet
  facet normal 0 0 1
    outer loop
      vertex 4 -12.9904 3
      vertex -4 -12.9904 3
      vertex -4.01332 -13.2954 3
    endloop
  endfacet
  facet normal 0 0 1
    outer loop
      vertex 4.21108 -14.1875 3
      vertex -4.21108 -14.1875 3
      vertex -4.32792 -14.4695 3
    endloop
  endfacet
  facet normal 0 0 1
    outer loop
      vertex 4.46891 -14.7404 3
      vertex 0 -21.5 3
      vertex 1.87385 -21.4182 3
    endloop
  endfacet
  facet normal 0 0 1
    outer loop
      vertex 4.32792 -14.4695 3
      vertex -4.32792 -14.4695 3
      vertex 0 -21.5 3
    endloop
  endfacet
  facet normal -0 0 1
    outer loop
      vertex -4.46891 -14.7404 3
      vertex 0 -21.5 3
      vertex -4.32792 -14.4695 3
    endloop
  endfacet
  facet normal 0 0 1
    outer loop
      vertex 0 -21.5 3
      vertex -4.46891 -14.7404 3
      vertex -1.87385 -21.4182 3
    endloop
  endfacet
  facet normal -0 0 1
    outer loop
      vertex -4.63297 -14.9979 3
      vertex -1.87385 -21.4182 3
      vertex -4.46891 -14.7404 3
    endloop
  endfacet
  facet normal -0 0 1
    outer loop
      vertex -4.81884 -15.2401 3
      vertex -1.87385 -21.4182 3
      vertex -4.63297 -14.9979 3
    endloop
  endfacet
  facet normal -0 0 1
    outer loop
      vertex -5.02513 -15.4653 3
      vertex -1.87385 -21.4182 3
      vertex -4.81884 -15.2401 3
    endloop
  endfacet
  facet normal 0 0 1
    outer loop
      vertex -1.87385 -21.4182 3
      vertex -5.02513 -15.4653 3
      vertex -3.73344 -21.1734 3
    endloop
  endfacet
  facet normal -0 0 1
    outer loop
      vertex -5.25024 -15.6715 3
      vertex -3.73344 -21.1734 3
      vertex -5.02513 -15.4653 3
    endloop
  endfacet
  facet normal -0 0 1
    outer loop
      vertex -5.49248 -15.8574 3
      vertex -3.73344 -21.1734 3
      vertex -5.25024 -15.6715 3
    endloop
  endfacet
  facet normal 0 0 1
    outer loop
      vertex -5.49248 -15.8574 3
      vertex -5.56461 -20.7674 3
      vertex -3.73344 -21.1734 3
    endloop
  endfacet
  facet normal -0 0 1
    outer loop
      vertex -5.75 -16.0215 3
      vertex -5.56461 -20.7674 3
      vertex -5.49248 -15.8574 3
    endloop
  endfacet
  facet normal -0 0 1
    outer loop
      vertex -6.02084 -16.1625 3
      vertex -5.56461 -20.7674 3
      vertex -5.75 -16.0215 3
    endloop
  endfacet
  facet normal -0 0 1
    outer loop
      vertex -6.30293 -16.2793 3
      vertex -5.56461 -20.7674 3
      vertex -6.02084 -16.1625 3
    endloop
  endfacet
  facet normal -0 0 1
    outer loop
      vertex -6.59413 -16.3711 3
      vertex -5.56461 -20.7674 3
      vertex -6.30293 -16.2793 3
    endloop
  endfacet
  facet normal 0 0 1
    outer loop
      vertex -7.35343 -20.2034 3
      vertex -6.59413 -16.3711 3
      vertex -6.89223 -16.4372 3
    endloop
  endfacet
  facet normal 0 0 1
    outer loop
      vertex -7.35343 -20.2034 3
      vertex -6.89223 -16.4372 3
      vertex -7.19495 -16.4771 3
    endloop
  endfacet
  facet normal 0 0 1
    outer loop
      vertex -6.59413 -16.3711 3
      vertex -7.35343 -20.2034 3
      vertex -5.56461 -20.7674 3
    endloop
  endfacet
  facet normal -0 0 1
    outer loop
      vertex -7.5 -16.4904 3
      vertex -7.35343 -20.2034 3
      vertex -7.19495 -16.4771 3
    endloop
  endfacet
  facet normal 0 0 1
    outer loop
      vertex -9.08629 -19.4856 3
      vertex -7.5 -16.4904 3
      vertex -7.80504 -16.4771 3
    endloop
  endfacet
  facet normal 0 0 1
    outer loop
      vertex -9.08629 -19.4856 3
      vertex -7.80504 -16.4771 3
      vertex -8.10777 -16.4372 3
    endloop
  endfacet
  facet normal 0 0 1
    outer loop
      vertex -9.08629 -19.4856 3
      vertex -8.10777 -16.4372 3
      vertex -8.40587 -16.3711 3
    endloop
  endfacet
  facet normal 0 0 1
    outer loop
      vertex -9.08629 -19.4856 3
      vertex -8.40587 -16.3711 3
      vertex -8.69707 -16.2793 3
    endloop
  endfacet
  facet normal 0 0 1
    outer loop
      vertex -10.75 -18.6195 3
      vertex -8.69707 -16.2793 3
      vertex -8.97916 -16.1625 3
    endloop
  endfacet
  facet normal 0 0 1
    outer loop
      vertex -7.5 -16.4904 3
      vertex -9.08629 -19.4856 3
      vertex -7.35343 -20.2034 3
    endloop
  endfacet
  facet normal 0 0 1
    outer loop
      vertex -10.75 -18.6195 3
      vertex -8.97916 -16.1625 3
      vertex -9.25 -16.0215 3
    endloop
  endfacet
  facet normal 0 0 1
    outer loop
      vertex -10.75 -18.6195 3
      vertex -9.25 -16.0215 3
      vertex -9.50752 -15.8574 3
    endloop
  endfacet
  facet normal 0 0 1
    outer loop
      vertex -10.75 -18.6195 3
      vertex -9.50752 -15.8574 3
      vertex -9.74976 -15.6715 3
    endloop
  endfacet
  facet normal 0 0 1
    outer loop
      vertex -12.3319 -17.6118 3
      vertex -9.74976 -15.6715 3
      vertex -9.97487 -15.4653 3
    endloop
  endfacet
  facet normal 0 0 1
    outer loop
      vertex -12.3319 -17.6118 3
      vertex -9.97487 -15.4653 3
      vertex -10.1812 -15.2401 3
    endloop
  endfacet
  facet normal 0 0 1
    outer loop
      vertex -12.3319 -17.6118 3
      vertex -10.1812 -15.2401 3
      vertex -10.367 -14.9979 3
    endloop
  endfacet
  facet normal 0 0 1
    outer loop
      vertex -12.3319 -17.6118 3
      vertex -10.367 -14.9979 3
      vertex -10.5311 -14.7404 3
    endloop
  endfacet
  facet normal 0 0 1
    outer loop
      vertex -13.8199 -16.47 3
      vertex -10.5311 -14.7404 3
      vertex -10.6721 -14.4695 3
    endloop
  endfacet
  facet normal 0 0 1
    outer loop
      vertex -8.69707 -16.2793 3
      vertex -10.75 -18.6195 3
      vertex -9.08629 -19.4856 3
    endloop
  endfacet
  facet normal 0 0 1
    outer loop
      vertex -13.8199 -16.47 3
      vertex -10.6721 -14.4695 3
      vertex -10.7889 -14.1875 3
    endloop
  endfacet
  facet normal 0 0 1
    outer loop
      vertex -13.8199 -16.47 3
      vertex -10.7889 -14.1875 3
      vertex -10.8807 -13.8962 3
    endloop
  endfacet
  facet normal 0 0 1
    outer loop
      vertex -15.2028 -15.2028 3
      vertex -10.8807 -13.8962 3
      vertex -10.9468 -13.5981 3
    endloop
  endfacet
  facet normal 0 0 1
    outer loop
      vertex -15.2028 -15.2028 3
      vertex -10.9468 -13.5981 3
      vertex -10.9867 -13.2954 3
    endloop
  endfacet
  facet normal 0 0 1
    outer loop
      vertex -9.25 -9.95929 3
      vertex -13.25 -3.03109 3
      vertex -9.50752 -10.1233 3
    endloop
  endfacet
  facet normal -0 0 1
    outer loop
      vertex -13.5208 -3.17208 3
      vertex -9.50752 -10.1233 3
      vertex -13.25 -3.03109 3
    endloop
  endfacet
  facet normal 0 0 1
    outer loop
      vertex -9.50752 -10.1233 3
      vertex -13.5208 -3.17208 3
      vertex -9.74976 -10.3092 3
    endloop
  endfacet
  facet normal -0 0 1
    outer loop
      vertex -13.8029 -3.28892 3
      vertex -9.74976 -10.3092 3
      vertex -13.5208 -3.17208 3
    endloop
  endfacet
  facet normal 0 0 1
    outer loop
      vertex -9.74976 -10.3092 3
      vertex -13.8029 -3.28892 3
      vertex -9.97487 -10.5155 3
    endloop
  endfacet
  facet normal -0 0 1
    outer loop
      vertex -14.0941 -3.38074 3
      vertex -9.97487 -10.5155 3
      vertex -13.8029 -3.28892 3
    endloop
  endfacet
  facet normal 0 0 1
    outer loop
      vertex -9.97487 -10.5155 3
      vertex -14.0941 -3.38074 3
      vertex -10.1812 -10.7406 3
    endloop
  endfacet
  facet normal -0 0 1
    outer loop
      vertex -14.3922 -3.44683 3
      vertex -10.1812 -10.7406 3
      vertex -14.0941 -3.38074 3
    endloop
  endfacet
  facet normal 0 0 1
    outer loop
      vertex -10.1812 -10.7406 3
      vertex -14.3922 -3.44683 3
      vertex -10.367 -10.9829 3
    endloop
  endfacet
  facet normal -0 0 1
    outer loop
      vertex -14.695 -3.48668 3
      vertex -10.367 -10.9829 3
      vertex -14.3922 -3.44683 3
    endloop
  endfacet
  facet normal -0 0 1
    outer loop
      vertex -18.6195 -10.75 3
      vertex -10.367 -10.9829 3
      vertex -14.695 -3.48668 3
    endloop
  endfacet
  facet normal 0 0 1
    outer loop
      vertex -10.367 -10.9829 3
      vertex -18.6195 -10.75 3
      vertex -10.5311 -11.2404 3
    endloop
  endfacet
  facet normal 0 0 1
    outer loop
      vertex -9.74976 -15.6715 3
      vertex -12.3319 -17.6118 3
      vertex -10.75 -18.6195 3
    endloop
  endfacet
  facet normal 0 -0 1
    outer loop
      vertex -17.6118 -12.3319 3
      vertex -10.5311 -11.2404 3
      vertex -18.6195 -10.75 3
    endloop
  endfacet
  facet normal 0 0 1
    outer loop
      vertex -10.5311 -11.2404 3
      vertex -17.6118 -12.3319 3
      vertex -10.6721 -11.5112 3
    endloop
  endfacet
  facet normal 0 0 1
    outer loop
      vertex -10.6721 -11.5112 3
      vertex -17.6118 -12.3319 3
      vertex -10.7889 -11.7933 3
    endloop
  endfacet
  facet normal 0 0 1
    outer loop
      vertex -10.7889 -11.7933 3
      vertex -17.6118 -12.3319 3
      vertex -10.8807 -12.0845 3
    endloop
  endfacet
  facet normal 0 0 1
    outer loop
      vertex -10.5311 -14.7404 3
      vertex -13.8199 -16.47 3
      vertex -12.3319 -17.6118 3
    endloop
  endfacet
  facet normal 0 0 1
    outer loop
      vertex -10.8807 -12.0845 3
      vertex -16.47 -13.8199 3
      vertex -10.9468 -12.3826 3
    endloop
  endfacet
  facet normal 0 0 1
    outer loop
      vertex -10.9867 -12.6853 3
      vertex -16.47 -13.8199 3
      vertex -11 -12.9904 3
    endloop
  endfacet
  facet normal 0 -0 1
    outer loop
      vertex -16.47 -13.8199 3
      vertex -10.8807 -12.0845 3
      vertex -17.6118 -12.3319 3
    endloop
  endfacet
  facet normal 0 0 1
    outer loop
      vertex -18.6195 -10.75 3
      vertex -14.695 -3.48668 3
      vertex -15 -3.5 3
    endloop
  endfacet
  facet normal 0 0 1
    outer loop
      vertex -10.8807 -13.8962 3
      vertex -15.2028 -15.2028 3
      vertex -13.8199 -16.47 3
    endloop
  endfacet
  facet normal 0 0 1
    outer loop
      vertex -19.4856 -9.08629 3
      vertex -15 -3.5 3
      vertex -15.305 -3.48668 3
    endloop
  endfacet
  facet normal 0 0 1
    outer loop
      vertex -19.4856 -9.08629 3
      vertex -15.305 -3.48668 3
      vertex -15.6078 -3.44683 3
    endloop
  endfacet
  facet normal 0 0 1
    outer loop
      vertex -19.4856 -9.08629 3
      vertex -15.6078 -3.44683 3
      vertex -15.9059 -3.38074 3
    endloop
  endfacet
  facet normal 0 0 1
    outer loop
      vertex -20.2034 -7.35343 3
      vertex -15.9059 -3.38074 3
      vertex -16.1971 -3.28892 3
    endloop
  endfacet
  facet normal 0 0 1
    outer loop
      vertex -11 -12.9904 3
      vertex -15.2028 -15.2028 3
      vertex -10.9867 -13.2954 3
    endloop
  endfacet
  facet normal 0 0 1
    outer loop
      vertex -20.2034 -7.35343 3
      vertex -16.1971 -3.28892 3
      vertex -16.4792 -3.17208 3
    endloop
  endfacet
  facet normal 0 0 1
    outer loop
      vertex -20.2034 -7.35343 3
      vertex -16.4792 -3.17208 3
      vertex -16.75 -3.03109 3
    endloop
  endfacet
  facet normal 0 0 1
    outer loop
      vertex -20.7674 -5.56461 3
      vertex -16.75 -3.03109 3
      vertex -17.0075 -2.86703 3
    endloop
  endfacet
  facet normal 0 0 1
    outer loop
      vertex -20.7674 -5.56461 3
      vertex -17.0075 -2.86703 3
      vertex -17.2498 -2.68116 3
    endloop
  endfacet
  facet normal 0 0 1
    outer loop
      vertex -20.7674 -5.56461 3
      vertex -17.2498 -2.68116 3
      vertex -17.4749 -2.47487 3
    endloop
  endfacet
  facet normal 0 -0 1
    outer loop
      vertex -15.2028 -15.2028 3
      vertex -11 -12.9904 3
      vertex -16.47 -13.8199 3
    endloop
  endfacet
  facet normal 0 0 1
    outer loop
      vertex -21.1734 -3.73344 3
      vertex -17.4749 -2.47487 3
      vertex -17.6812 -2.24976 3
    endloop
  endfacet
  facet normal 0 0 1
    outer loop
      vertex -21.1734 -3.73344 3
      vertex -17.6812 -2.24976 3
      vertex -17.867 -2.00752 3
    endloop
  endfacet
  facet normal 0 0 1
    outer loop
      vertex -21.1734 -3.73344 3
      vertex -17.867 -2.00752 3
      vertex -18.0311 -1.75 3
    endloop
  endfacet
  facet normal 0 0 1
    outer loop
      vertex -21.4182 -1.87385 3
      vertex -18.0311 -1.75 3
      vertex -18.1721 -1.47916 3
    endloop
  endfacet
  facet normal 0 0 1
    outer loop
      vertex -21.4182 -1.87385 3
      vertex -18.1721 -1.47916 3
      vertex -18.2889 -1.19707 3
    endloop
  endfacet
  facet normal 0 0 1
    outer loop
      vertex -21.4182 -1.87385 3
      vertex -18.2889 -1.19707 3
      vertex -18.3807 -0.905867 3
    endloop
  endfacet
  facet normal 0 0 1
    outer loop
      vertex -21.4182 -1.87385 3
      vertex -18.3807 -0.905867 3
      vertex -18.4468 -0.607768 3
    endloop
  endfacet
  facet normal 0 0 1
    outer loop
      vertex -21.5 0 3
      vertex -18.4468 -0.607768 3
      vertex -18.4867 -0.305044 3
    endloop
  endfacet
  facet normal 0 0 1
    outer loop
      vertex -10.9468 -12.3826 3
      vertex -16.47 -13.8199 3
      vertex -10.9867 -12.6853 3
    endloop
  endfacet
  facet normal -0 0 1
    outer loop
      vertex -21.5 0 3
      vertex -18.4867 -0.305044 3
      vertex -18.5 0 3
    endloop
  endfacet
  facet normal 0 0 1
    outer loop
      vertex -18.1721 1.47916 3
      vertex -21.4182 1.87385 3
      vertex -18.2889 1.19707 3
    endloop
  endfacet
  facet normal 0 0 1
    outer loop
      vertex -18.2889 1.19707 3
      vertex -21.4182 1.87385 3
      vertex -18.3807 0.905867 3
    endloop
  endfacet
  facet normal 0 0 1
    outer loop
      vertex -15 -3.5 3
      vertex -19.4856 -9.08629 3
      vertex -18.6195 -10.75 3
    endloop
  endfacet
  facet normal 0 0 1
    outer loop
      vertex -18.3807 0.905867 3
      vertex -21.4182 1.87385 3
      vertex -18.4468 0.607768 3
    endloop
  endfacet
  facet normal 0 0 1
    outer loop
      vertex -15.9059 -3.38074 3
      vertex -20.2034 -7.35343 3
      vertex -19.4856 -9.08629 3
    endloop
  endfacet
  facet normal 0 0 1
    outer loop
      vertex -21.5 0 3
      vertex -18.4468 0.607768 3
      vertex -21.4182 1.87385 3
    endloop
  endfacet
  facet normal 0 0 1
    outer loop
      vertex -16.75 -3.03109 3
      vertex -20.7674 -5.56461 3
      vertex -20.2034 -7.35343 3
    endloop
  endfacet
  facet normal 0 0 1
    outer loop
      vertex -18.4468 0.607768 3
      vertex -21.5 0 3
      vertex -18.4867 0.305044 3
    endloop
  endfacet
  facet normal 0 0 1
    outer loop
      vertex -17.4749 -2.47487 3
      vertex -21.1734 -3.73344 3
      vertex -20.7674 -5.56461 3
    endloop
  endfacet
  facet normal 0 0 1
    outer loop
      vertex -18.4867 0.305044 3
      vertex -21.5 0 3
      vertex -18.5 0 3
    endloop
  endfacet
  facet normal 0 0 1
    outer loop
      vertex -18.0311 -1.75 3
      vertex -21.4182 -1.87385 3
      vertex -21.1734 -3.73344 3
    endloop
  endfacet
  facet normal 0 0 1
    outer loop
      vertex -18.4468 -0.607768 3
      vertex -21.5 0 3
      vertex -21.4182 -1.87385 3
    endloop
  endfacet
  facet normal 0 0 1
    outer loop
      vertex 13.5 0 3
      vertex 9.97487 -10.5155 3
      vertex 10.1812 -10.7406 3
    endloop
  endfacet
  facet normal 0 0 1
    outer loop
      vertex 13.5 0 3
      vertex 9.74976 -10.3092 3
      vertex 9.97487 -10.5155 3
    endloop
  endfacet
  facet normal 0 0 1
    outer loop
      vertex 13.5 0 3
      vertex 8.15677 -3.80356 3
      vertex 9.74976 -10.3092 3
    endloop
  endfacet
  facet normal 0 0 1
    outer loop
      vertex 9.74976 -10.3092 3
      vertex 8.15677 -3.80356 3
      vertex 9.50752 -10.1233 3
    endloop
  endfacet
  facet normal -0 0 1
    outer loop
      vertex 7.79423 -4.5 3
      vertex 9.50752 -10.1233 3
      vertex 8.15677 -3.80356 3
    endloop
  endfacet
  facet normal 0 0 1
    outer loop
      vertex 9.50752 -10.1233 3
      vertex 7.79423 -4.5 3
      vertex 9.25 -9.95929 3
    endloop
  endfacet
  facet normal 0 0 1
    outer loop
      vertex 9.25 -9.95929 3
      vertex 7.79423 -4.5 3
      vertex 8.97916 -9.8183 3
    endloop
  endfacet
  facet normal -0 0 1
    outer loop
      vertex 7.37237 -5.16219 3
      vertex 8.97916 -9.8183 3
      vertex 7.79423 -4.5 3
    endloop
  endfacet
  facet normal 0 0 1
    outer loop
      vertex 8.97916 -9.8183 3
      vertex 7.37237 -5.16219 3
      vertex 8.69707 -9.70146 3
    endloop
  endfacet
  facet normal 0 0 1
    outer loop
      vertex 8.69707 -9.70146 3
      vertex 7.37237 -5.16219 3
      vertex 8.40587 -9.60964 3
    endloop
  endfacet
  facet normal -0 0 1
    outer loop
      vertex 6.8944 -5.78509 3
      vertex 8.40587 -9.60964 3
      vertex 7.37237 -5.16219 3
    endloop
  endfacet
  facet normal 0 0 1
    outer loop
      vertex 8.40587 -9.60964 3
      vertex 6.8944 -5.78509 3
      vertex 8.10777 -9.54355 3
    endloop
  endfacet
  facet normal 0 0 1
    outer loop
      vertex 8.10777 -9.54355 3
      vertex 6.8944 -5.78509 3
      vertex 7.80504 -9.5037 3
    endloop
  endfacet
  facet normal -0 0 1
    outer loop
      vertex 6.36396 -6.36396 3
      vertex 7.80504 -9.5037 3
      vertex 6.8944 -5.78509 3
    endloop
  endfacet
  facet normal 0 0 1
    outer loop
      vertex 7.80504 -9.5037 3
      vertex 6.36396 -6.36396 3
      vertex 7.5 -9.49038 3
    endloop
  endfacet
  facet normal 0 0 1
    outer loop
      vertex 7.5 -9.49038 3
      vertex 6.36396 -6.36396 3
      vertex 7.19495 -9.5037 3
    endloop
  endfacet
  facet normal -0 0 1
    outer loop
      vertex 5.78509 -6.8944 3
      vertex 7.19495 -9.5037 3
      vertex 6.36396 -6.36396 3
    endloop
  endfacet
  facet normal 0 0 1
    outer loop
      vertex 7.19495 -9.5037 3
      vertex 5.78509 -6.8944 3
      vertex 6.89223 -9.54355 3
    endloop
  endfacet
  facet normal 0 0 1
    outer loop
      vertex 6.89223 -9.54355 3
      vertex 5.78509 -6.8944 3
      vertex 6.59413 -9.60964 3
    endloop
  endfacet
  facet normal -0 0 1
    outer loop
      vertex 5.16219 -7.37237 3
      vertex 6.59413 -9.60964 3
      vertex 5.78509 -6.8944 3
    endloop
  endfacet
  facet normal 0 0 1
    outer loop
      vertex 6.59413 -9.60964 3
      vertex 5.16219 -7.37237 3
      vertex 6.30293 -9.70146 3
    endloop
  endfacet
  facet normal 0 0 1
    outer loop
      vertex 6.30293 -9.70146 3
      vertex 5.16219 -7.37237 3
      vertex 6.02084 -9.8183 3
    endloop
  endfacet
  facet normal -0 0 1
    outer loop
      vertex 4.5 -7.79423 3
      vertex 6.02084 -9.8183 3
      vertex 5.16219 -7.37237 3
    endloop
  endfacet
  facet normal 0 0 1
    outer loop
      vertex 6.02084 -9.8183 3
      vertex 4.5 -7.79423 3
      vertex 5.75 -9.95929 3
    endloop
  endfacet
  facet normal 0 0 1
    outer loop
      vertex 5.75 -9.95929 3
      vertex 4.5 -7.79423 3
      vertex 5.49248 -10.1233 3
    endloop
  endfacet
  facet normal -0 0 1
    outer loop
      vertex 3.80356 -8.15677 3
      vertex 5.49248 -10.1233 3
      vertex 4.5 -7.79423 3
    endloop
  endfacet
  facet normal 0 0 1
    outer loop
      vertex 5.49248 -10.1233 3
      vertex 3.80356 -8.15677 3
      vertex 5.25024 -10.3092 3
    endloop
  endfacet
  facet normal 0 0 1
    outer loop
      vertex 5.25024 -10.3092 3
      vertex 3.80356 -8.15677 3
      vertex 5.02513 -10.5155 3
    endloop
  endfacet
  facet normal -0 0 1
    outer loop
      vertex 3.07818 -8.45723 3
      vertex 5.02513 -10.5155 3
      vertex 3.80356 -8.15677 3
    endloop
  endfacet
  facet normal 0 0 1
    outer loop
      vertex 5.02513 -10.5155 3
      vertex 3.07818 -8.45723 3
      vertex 4.81884 -10.7406 3
    endloop
  endfacet
  facet normal 0 0 1
    outer loop
      vertex 4.81884 -10.7406 3
      vertex 3.07818 -8.45723 3
      vertex 4.63297 -10.9829 3
    endloop
  endfacet
  facet normal -0 0 1
    outer loop
      vertex 2.32937 -8.69333 3
      vertex 4.63297 -10.9829 3
      vertex 3.07818 -8.45723 3
    endloop
  endfacet
  facet normal 0 0 1
    outer loop
      vertex 4.63297 -10.9829 3
      vertex 2.32937 -8.69333 3
      vertex 4.46891 -11.2404 3
    endloop
  endfacet
  facet normal 0 0 1
    outer loop
      vertex 4.46891 -11.2404 3
      vertex 2.32937 -8.69333 3
      vertex 4.32792 -11.5112 3
    endloop
  endfacet
  facet normal -0 0 1
    outer loop
      vertex 1.56283 -8.86327 3
      vertex 4.32792 -11.5112 3
      vertex 2.32937 -8.69333 3
    endloop
  endfacet
  facet normal 0 0 1
    outer loop
      vertex 4.21108 -11.7933 3
      vertex 1.56283 -8.86327 3
      vertex 4.11926 -12.0845 3
    endloop
  endfacet
  facet normal 0 0 1
    outer loop
      vertex 4.32792 -11.5112 3
      vertex 1.56283 -8.86327 3
      vertex 4.21108 -11.7933 3
    endloop
  endfacet
  facet normal -0 0 1
    outer loop
      vertex 20.4468 0.607768 3
      vertex 21.5 0 3
      vertex 21.4182 1.87385 3
    endloop
  endfacet
  facet normal -0 0 1
    outer loop
      vertex 19.867 2.00752 3
      vertex 21.4182 1.87385 3
      vertex 21.1734 3.73344 3
    endloop
  endfacet
  facet normal 0 0 1
    outer loop
      vertex 21.5 0 3
      vertex 20.4867 0.305044 3
      vertex 20.5 0 3
    endloop
  endfacet
  facet normal 0 0 1
    outer loop
      vertex 18.75 3.03109 3
      vertex 21.1734 3.73344 3
      vertex 20.7674 5.56461 3
    endloop
  endfacet
  facet normal 0 0 1
    outer loop
      vertex 20.4867 -0.305044 3
      vertex 21.5 0 3
      vertex 20.5 0 3
    endloop
  endfacet
  facet normal 0 0 1
    outer loop
      vertex 21.5 0 3
      vertex 20.4468 -0.607768 3
      vertex 21.4182 -1.87385 3
    endloop
  endfacet
  facet normal 0 0 1
    outer loop
      vertex 20.4468 -0.607768 3
      vertex 21.5 0 3
      vertex 20.4867 -0.305044 3
    endloop
  endfacet
  facet normal 0 0 1
    outer loop
      vertex 21.5 0 3
      vertex 20.4468 0.607768 3
      vertex 20.4867 0.305044 3
    endloop
  endfacet
  facet normal 0 0 1
    outer loop
      vertex 21.4182 1.87385 3
      vertex 20.3807 0.905867 3
      vertex 20.4468 0.607768 3
    endloop
  endfacet
  facet normal 0 0 1
    outer loop
      vertex 21.4182 1.87385 3
      vertex 20.2889 1.19707 3
      vertex 20.3807 0.905867 3
    endloop
  endfacet
  facet normal 0 0 1
    outer loop
      vertex 17.9059 3.38074 3
      vertex 20.7674 5.56461 3
      vertex 20.2034 7.35343 3
    endloop
  endfacet
  facet normal 0 0 1
    outer loop
      vertex 21.4182 1.87385 3
      vertex 20.1721 1.47916 3
      vertex 20.2889 1.19707 3
    endloop
  endfacet
  facet normal 0 0 1
    outer loop
      vertex 21.4182 1.87385 3
      vertex 20.0311 1.75 3
      vertex 20.1721 1.47916 3
    endloop
  endfacet
  facet normal 0 0 1
    outer loop
      vertex 21.4182 1.87385 3
      vertex 19.867 2.00752 3
      vertex 20.0311 1.75 3
    endloop
  endfacet
  facet normal 0 0 1
    outer loop
      vertex 21.1734 3.73344 3
      vertex 19.6812 2.24976 3
      vertex 19.867 2.00752 3
    endloop
  endfacet
  facet normal 0 0 1
    outer loop
      vertex 17 3.5 3
      vertex 20.2034 7.35343 3
      vertex 19.4856 9.08629 3
    endloop
  endfacet
  facet normal 0 0 1
    outer loop
      vertex 21.1734 3.73344 3
      vertex 19.4749 2.47487 3
      vertex 19.6812 2.24976 3
    endloop
  endfacet
  facet normal 0 0 1
    outer loop
      vertex 21.1734 3.73344 3
      vertex 19.2498 2.68116 3
      vertex 19.4749 2.47487 3
    endloop
  endfacet
  facet normal 0 0 1
    outer loop
      vertex 21.1734 3.73344 3
      vertex 19.0075 2.86703 3
      vertex 19.2498 2.68116 3
    endloop
  endfacet
  facet normal 0 0 1
    outer loop
      vertex 21.1734 3.73344 3
      vertex 18.75 3.03109 3
      vertex 19.0075 2.86703 3
    endloop
  endfacet
  facet normal 0 0 1
    outer loop
      vertex 16.0941 3.38074 3
      vertex 19.4856 9.08629 3
      vertex 18.6195 10.75 3
    endloop
  endfacet
  facet normal 0 0 1
    outer loop
      vertex 20.7674 5.56461 3
      vertex 18.4792 3.17208 3
      vertex 18.75 3.03109 3
    endloop
  endfacet
  facet normal 0 0 1
    outer loop
      vertex 20.7674 5.56461 3
      vertex 18.1971 3.28892 3
      vertex 18.4792 3.17208 3
    endloop
  endfacet
  facet normal 0 0 1
    outer loop
      vertex 20.7674 5.56461 3
      vertex 17.9059 3.38074 3
      vertex 18.1971 3.28892 3
    endloop
  endfacet
  facet normal 0 0 1
    outer loop
      vertex 10.9468 12.3826 3
      vertex 16.47 13.8199 3
      vertex 10.9867 12.6853 3
    endloop
  endfacet
  facet normal 0 0 1
    outer loop
      vertex 20.2034 7.35343 3
      vertex 17.6078 3.44683 3
      vertex 17.9059 3.38074 3
    endloop
  endfacet
  facet normal 0 0 1
    outer loop
      vertex 20.2034 7.35343 3
      vertex 17.305 3.48668 3
      vertex 17.6078 3.44683 3
    endloop
  endfacet
  facet normal 0 0 1
    outer loop
      vertex 20.2034 7.35343 3
      vertex 17 3.5 3
      vertex 17.305 3.48668 3
    endloop
  endfacet
  facet normal 0 0 1
    outer loop
      vertex 19.4856 9.08629 3
      vertex 16.695 3.48668 3
      vertex 17 3.5 3
    endloop
  endfacet
  facet normal 0 0 1
    outer loop
      vertex 10.9867 12.6853 3
      vertex 16.47 13.8199 3
      vertex 11 12.9904 3
    endloop
  endfacet
  facet normal 0 0 1
    outer loop
      vertex 19.4856 9.08629 3
      vertex 16.3922 3.44683 3
      vertex 16.695 3.48668 3
    endloop
  endfacet
  facet normal 0 0 1
    outer loop
      vertex 19.4856 9.08629 3
      vertex 16.0941 3.38074 3
      vertex 16.3922 3.44683 3
    endloop
  endfacet
  facet normal 0 0 1
    outer loop
      vertex 10.8807 12.0845 3
      vertex 16.47 13.8199 3
      vertex 10.9468 12.3826 3
    endloop
  endfacet
  facet normal 0 0 1
    outer loop
      vertex 18.6195 10.75 3
      vertex 15.8029 3.28892 3
      vertex 16.0941 3.38074 3
    endloop
  endfacet
  facet normal 0 0 1
    outer loop
      vertex 16.47 13.8199 3
      vertex 10.8807 12.0845 3
      vertex 17.6118 12.3319 3
    endloop
  endfacet
  facet normal 0 0 1
    outer loop
      vertex 11 12.9904 3
      vertex 16.47 13.8199 3
      vertex 15.2028 15.2028 3
    endloop
  endfacet
  facet normal 0 0 1
    outer loop
      vertex 10.7889 11.7933 3
      vertex 17.6118 12.3319 3
      vertex 10.8807 12.0845 3
    endloop
  endfacet
  facet normal 0 0 1
    outer loop
      vertex 10.6721 11.5112 3
      vertex 17.6118 12.3319 3
      vertex 10.7889 11.7933 3
    endloop
  endfacet
  facet normal 0 0 1
    outer loop
      vertex 10.5311 11.2404 3
      vertex 17.6118 12.3319 3
      vertex 10.6721 11.5112 3
    endloop
  endfacet
  facet normal 0 0 1
    outer loop
      vertex 17.6118 12.3319 3
      vertex 10.5311 11.2404 3
      vertex 18.6195 10.75 3
    endloop
  endfacet
  facet normal -0 0 1
    outer loop
      vertex 10.367 10.9829 3
      vertex 18.6195 10.75 3
      vertex 10.5311 11.2404 3
    endloop
  endfacet
  facet normal 0 0 1
    outer loop
      vertex 18.6195 10.75 3
      vertex 10.367 10.9829 3
      vertex 15.8029 3.28892 3
    endloop
  endfacet
  facet normal -0 0 1
    outer loop
      vertex 10.1812 10.7406 3
      vertex 15.8029 3.28892 3
      vertex 10.367 10.9829 3
    endloop
  endfacet
  facet normal 0 0 1
    outer loop
      vertex 10.8807 13.8962 3
      vertex 15.2028 15.2028 3
      vertex 13.8199 16.47 3
    endloop
  endfacet
  facet normal 0 0 1
    outer loop
      vertex 15.8029 3.28892 3
      vertex 10.1812 10.7406 3
      vertex 15.5208 3.17208 3
    endloop
  endfacet
  facet normal -0 0 1
    outer loop
      vertex 9.97487 10.5155 3
      vertex 15.5208 3.17208 3
      vertex 10.1812 10.7406 3
    endloop
  endfacet
  facet normal 0 0 1
    outer loop
      vertex 15.5208 3.17208 3
      vertex 9.97487 10.5155 3
      vertex 15.25 3.03109 3
    endloop
  endfacet
  facet normal -0 0 1
    outer loop
      vertex 9.74976 10.3092 3
      vertex 15.25 3.03109 3
      vertex 9.97487 10.5155 3
    endloop
  endfacet
  facet normal 0 0 1
    outer loop
      vertex 15.25 3.03109 3
      vertex 9.74976 10.3092 3
      vertex 14.9925 2.86703 3
    endloop
  endfacet
  facet normal 0 0 1
    outer loop
      vertex 10.5311 14.7404 3
      vertex 13.8199 16.47 3
      vertex 12.3319 17.6118 3
    endloop
  endfacet
  facet normal -0 0 1
    outer loop
      vertex 20.3807 -0.905867 3
      vertex 21.4182 -1.87385 3
      vertex 20.4468 -0.607768 3
    endloop
  endfacet
  facet normal -0 0 1
    outer loop
      vertex 20.2889 -1.19707 3
      vertex 21.4182 -1.87385 3
      vertex 20.3807 -0.905867 3
    endloop
  endfacet
  facet normal -0 0 1
    outer loop
      vertex 20.1721 -1.47916 3
      vertex 21.4182 -1.87385 3
      vertex 20.2889 -1.19707 3
    endloop
  endfacet
  facet normal -0 0 1
    outer loop
      vertex 20.0311 -1.75 3
      vertex 21.4182 -1.87385 3
      vertex 20.1721 -1.47916 3
    endloop
  endfacet
  facet normal 0 0 1
    outer loop
      vertex 19.867 -2.00752 3
      vertex 21.4182 -1.87385 3
      vertex 20.0311 -1.75 3
    endloop
  endfacet
  facet normal 0 0 1
    outer loop
      vertex 21.4182 -1.87385 3
      vertex 19.867 -2.00752 3
      vertex 21.1734 -3.73344 3
    endloop
  endfacet
  facet normal -0 0 1
    outer loop
      vertex 19.6812 -2.24976 3
      vertex 21.1734 -3.73344 3
      vertex 19.867 -2.00752 3
    endloop
  endfacet
  facet normal -0 0 1
    outer loop
      vertex 19.4749 -2.47487 3
      vertex 21.1734 -3.73344 3
      vertex 19.6812 -2.24976 3
    endloop
  endfacet
  facet normal -0 0 1
    outer loop
      vertex 19.2498 -2.68116 3
      vertex 21.1734 -3.73344 3
      vertex 19.4749 -2.47487 3
    endloop
  endfacet
  facet normal -0 0 1
    outer loop
      vertex 19.0075 -2.86703 3
      vertex 21.1734 -3.73344 3
      vertex 19.2498 -2.68116 3
    endloop
  endfacet
  facet normal -0 0 1
    outer loop
      vertex 18.75 -3.03109 3
      vertex 21.1734 -3.73344 3
      vertex 19.0075 -2.86703 3
    endloop
  endfacet
  facet normal 0 0 1
    outer loop
      vertex 21.1734 -3.73344 3
      vertex 18.75 -3.03109 3
      vertex 20.7674 -5.56461 3
    endloop
  endfacet
  facet normal -0 0 1
    outer loop
      vertex 18.4792 -3.17208 3
      vertex 20.7674 -5.56461 3
      vertex 18.75 -3.03109 3
    endloop
  endfacet
  facet normal -0 0 1
    outer loop
      vertex 18.1971 -3.28892 3
      vertex 20.7674 -5.56461 3
      vertex 18.4792 -3.17208 3
    endloop
  endfacet
  facet normal -0 0 1
    outer loop
      vertex 17.9059 -3.38074 3
      vertex 20.7674 -5.56461 3
      vertex 18.1971 -3.28892 3
    endloop
  endfacet
  facet normal 0 0 1
    outer loop
      vertex 20.7674 -5.56461 3
      vertex 17.9059 -3.38074 3
      vertex 20.2034 -7.35343 3
    endloop
  endfacet
  facet normal -0 0 1
    outer loop
      vertex 17.6078 -3.44683 3
      vertex 20.2034 -7.35343 3
      vertex 17.9059 -3.38074 3
    endloop
  endfacet
  facet normal -0 0 1
    outer loop
      vertex 17.305 -3.48668 3
      vertex 20.2034 -7.35343 3
      vertex 17.6078 -3.44683 3
    endloop
  endfacet
  facet normal -0 0 1
    outer loop
      vertex 17 -3.5 3
      vertex 20.2034 -7.35343 3
      vertex 17.305 -3.48668 3
    endloop
  endfacet
  facet normal 0 0 1
    outer loop
      vertex 20.2034 -7.35343 3
      vertex 17 -3.5 3
      vertex 19.4856 -9.08629 3
    endloop
  endfacet
  facet normal 0 0 1
    outer loop
      vertex 16.695 -3.48668 3
      vertex 19.4856 -9.08629 3
      vertex 17 -3.5 3
    endloop
  endfacet
  facet normal 0 0 1
    outer loop
      vertex 16.3922 -3.44683 3
      vertex 19.4856 -9.08629 3
      vertex 16.695 -3.48668 3
    endloop
  endfacet
  facet normal 0 0 1
    outer loop
      vertex 16.0941 -3.38074 3
      vertex 19.4856 -9.08629 3
      vertex 16.3922 -3.44683 3
    endloop
  endfacet
  facet normal 0 0 1
    outer loop
      vertex 19.4856 -9.08629 3
      vertex 16.0941 -3.38074 3
      vertex 18.6195 -10.75 3
    endloop
  endfacet
  facet normal 0 0 1
    outer loop
      vertex 15.8029 -3.28892 3
      vertex 18.6195 -10.75 3
      vertex 16.0941 -3.38074 3
    endloop
  endfacet
  facet normal 0 0 1
    outer loop
      vertex 11 -12.9904 3
      vertex 15.8029 -3.28892 3
      vertex 15.5208 -3.17208 3
    endloop
  endfacet
  facet normal 0 0 1
    outer loop
      vertex 15.8029 -3.28892 3
      vertex 11 -12.9904 3
      vertex 18.6195 -10.75 3
    endloop
  endfacet
  facet normal 0 0 1
    outer loop
      vertex 11 -12.9904 3
      vertex 15.5208 -3.17208 3
      vertex 15.25 -3.03109 3
    endloop
  endfacet
  facet normal 0 0 1
    outer loop
      vertex 18.6195 -10.75 3
      vertex 11 -12.9904 3
      vertex 17.6118 -12.3319 3
    endloop
  endfacet
  facet normal 0 0 1
    outer loop
      vertex 11 -12.9904 3
      vertex 15.25 -3.03109 3
      vertex 14.9925 -2.86703 3
    endloop
  endfacet
  facet normal 0 0 1
    outer loop
      vertex 17.6118 -12.3319 3
      vertex 11 -12.9904 3
      vertex 16.47 -13.8199 3
    endloop
  endfacet
  facet normal 0 0 1
    outer loop
      vertex 11 -12.9904 3
      vertex 14.9925 -2.86703 3
      vertex 14.7502 -2.68116 3
    endloop
  endfacet
  facet normal 0 0 1
    outer loop
      vertex 11 -12.9904 3
      vertex 14.7502 -2.68116 3
      vertex 14.5251 -2.47487 3
    endloop
  endfacet
  facet normal 0 0 1
    outer loop
      vertex 11 -12.9904 3
      vertex 14.5251 -2.47487 3
      vertex 14.3188 -2.24976 3
    endloop
  endfacet
  facet normal 0 0 1
    outer loop
      vertex 11 -12.9904 3
      vertex 14.3188 -2.24976 3
      vertex 14.133 -2.00752 3
    endloop
  endfacet
  facet normal 0 0 1
    outer loop
      vertex 11 -12.9904 3
      vertex 14.133 -2.00752 3
      vertex 13.9689 -1.75 3
    endloop
  endfacet
  facet normal 0 0 1
    outer loop
      vertex 11 -12.9904 3
      vertex 13.9689 -1.75 3
      vertex 13.8279 -1.47916 3
    endloop
  endfacet
  facet normal 0 0 1
    outer loop
      vertex 16.47 -13.8199 3
      vertex 11 -12.9904 3
      vertex 15.2028 -15.2028 3
    endloop
  endfacet
  facet normal 0 0 1
    outer loop
      vertex 11 -12.9904 3
      vertex 13.8279 -1.47916 3
      vertex 13.7111 -1.19707 3
    endloop
  endfacet
  facet normal 0 0 1
    outer loop
      vertex 11 -12.9904 3
      vertex 13.7111 -1.19707 3
      vertex 13.6193 -0.905867 3
    endloop
  endfacet
  facet normal 0 0 1
    outer loop
      vertex 11 -12.9904 3
      vertex 13.6193 -0.905867 3
      vertex 13.5532 -0.607768 3
    endloop
  endfacet
  facet normal 0 0 1
    outer loop
      vertex 11 -12.9904 3
      vertex 13.5532 -0.607768 3
      vertex 13.5133 -0.305044 3
    endloop
  endfacet
  facet normal 0 0 1
    outer loop
      vertex 14.9925 2.86703 3
      vertex 9.50752 10.1233 3
      vertex 14.7502 2.68116 3
    endloop
  endfacet
  facet normal -0 0 1
    outer loop
      vertex 9.50752 10.1233 3
      vertex 14.9925 2.86703 3
      vertex 9.74976 10.3092 3
    endloop
  endfacet
  facet normal 0 0 1
    outer loop
      vertex 13.5 0 3
      vertex 11 -12.9904 3
      vertex 13.5133 -0.305044 3
    endloop
  endfacet
  facet normal -0 0 1
    outer loop
      vertex 10.9867 -13.2954 3
      vertex 15.2028 -15.2028 3
      vertex 11 -12.9904 3
    endloop
  endfacet
  facet normal 0 0 1
    outer loop
      vertex 15.2028 15.2028 3
      vertex 10.9867 13.2954 3
      vertex 11 12.9904 3
    endloop
  endfacet
  facet normal 0 0 1
    outer loop
      vertex 15.2028 15.2028 3
      vertex 10.9468 13.5981 3
      vertex 10.9867 13.2954 3
    endloop
  endfacet
  facet normal 0 0 1
    outer loop
      vertex 15.2028 15.2028 3
      vertex 10.8807 13.8962 3
      vertex 10.9468 13.5981 3
    endloop
  endfacet
  facet normal 0 0 1
    outer loop
      vertex 13.8199 16.47 3
      vertex 10.7889 14.1875 3
      vertex 10.8807 13.8962 3
    endloop
  endfacet
  facet normal 0 0 1
    outer loop
      vertex 9.74976 15.6715 3
      vertex 12.3319 17.6118 3
      vertex 10.75 18.6195 3
    endloop
  endfacet
  facet normal 0 0 1
    outer loop
      vertex 13.8199 16.47 3
      vertex 10.6721 14.4695 3
      vertex 10.7889 14.1875 3
    endloop
  endfacet
  facet normal 0 0 1
    outer loop
      vertex 13.8199 16.47 3
      vertex 10.5311 14.7404 3
      vertex 10.6721 14.4695 3
    endloop
  endfacet
  facet normal 0 0 1
    outer loop
      vertex 12.3319 17.6118 3
      vertex 10.367 14.9979 3
      vertex 10.5311 14.7404 3
    endloop
  endfacet
  facet normal 0 0 1
    outer loop
      vertex 12.3319 17.6118 3
      vertex 10.1812 15.2401 3
      vertex 10.367 14.9979 3
    endloop
  endfacet
  facet normal 0 0 1
    outer loop
      vertex 12.3319 17.6118 3
      vertex 9.97487 15.4653 3
      vertex 10.1812 15.2401 3
    endloop
  endfacet
  facet normal 0 0 1
    outer loop
      vertex 12.3319 17.6118 3
      vertex 9.74976 15.6715 3
      vertex 9.97487 15.4653 3
    endloop
  endfacet
  facet normal 0 0 1
    outer loop
      vertex 10.75 18.6195 3
      vertex 9.50752 15.8574 3
      vertex 9.74976 15.6715 3
    endloop
  endfacet
  facet normal 0 0 1
    outer loop
      vertex 10.75 18.6195 3
      vertex 9.25 16.0215 3
      vertex 9.50752 15.8574 3
    endloop
  endfacet
  facet normal 0 0 1
    outer loop
      vertex 8.69707 16.2793 3
      vertex 10.75 18.6195 3
      vertex 9.08629 19.4856 3
    endloop
  endfacet
  facet normal 0 0 1
    outer loop
      vertex 10.75 18.6195 3
      vertex 8.97916 16.1625 3
      vertex 9.25 16.0215 3
    endloop
  endfacet
  facet normal 0 0 1
    outer loop
      vertex 10.75 18.6195 3
      vertex 8.69707 16.2793 3
      vertex 8.97916 16.1625 3
    endloop
  endfacet
  facet normal 0 0 1
    outer loop
      vertex 9.08629 19.4856 3
      vertex 8.40587 16.3711 3
      vertex 8.69707 16.2793 3
    endloop
  endfacet
  facet normal 0 0 1
    outer loop
      vertex 9.08629 19.4856 3
      vertex 8.10777 16.4372 3
      vertex 8.40587 16.3711 3
    endloop
  endfacet
  facet normal 0 0 1
    outer loop
      vertex 9.08629 19.4856 3
      vertex 7.80504 16.4771 3
      vertex 8.10777 16.4372 3
    endloop
  endfacet
  facet normal 0 0 1
    outer loop
      vertex 9.08629 19.4856 3
      vertex 7.5 16.4904 3
      vertex 7.80504 16.4771 3
    endloop
  endfacet
  facet normal 0 0 1
    outer loop
      vertex 7.35343 20.2034 3
      vertex 7.5 16.4904 3
      vertex 9.08629 19.4856 3
    endloop
  endfacet
  facet normal 0 0 1
    outer loop
      vertex 7.35343 20.2034 3
      vertex 7.19495 16.4771 3
      vertex 7.5 16.4904 3
    endloop
  endfacet
  facet normal 0 0 1
    outer loop
      vertex 7.35343 20.2034 3
      vertex 6.89223 16.4372 3
      vertex 7.19495 16.4771 3
    endloop
  endfacet
  facet normal 0 0 1
    outer loop
      vertex 7.35343 20.2034 3
      vertex 6.59413 16.3711 3
      vertex 6.89223 16.4372 3
    endloop
  endfacet
  facet normal 0 0 1
    outer loop
      vertex 5.56461 20.7674 3
      vertex 6.59413 16.3711 3
      vertex 7.35343 20.2034 3
    endloop
  endfacet
  facet normal 0 0 1
    outer loop
      vertex 6.59413 16.3711 3
      vertex 5.56461 20.7674 3
      vertex 6.30293 16.2793 3
    endloop
  endfacet
  facet normal 0 0 1
    outer loop
      vertex 6.30293 16.2793 3
      vertex 5.56461 20.7674 3
      vertex 6.02084 16.1625 3
    endloop
  endfacet
  facet normal 0 0 1
    outer loop
      vertex 6.02084 16.1625 3
      vertex 5.56461 20.7674 3
      vertex 5.75 16.0215 3
    endloop
  endfacet
  facet normal 0 0 1
    outer loop
      vertex 5.56461 20.7674 3
      vertex 5.49248 15.8574 3
      vertex 5.75 16.0215 3
    endloop
  endfacet
  facet normal 0 0 1
    outer loop
      vertex 3.73344 21.1734 3
      vertex 5.49248 15.8574 3
      vertex 5.56461 20.7674 3
    endloop
  endfacet
  facet normal 0 0 1
    outer loop
      vertex 5.49248 15.8574 3
      vertex 3.73344 21.1734 3
      vertex 5.25024 15.6715 3
    endloop
  endfacet
  facet normal 0 0 1
    outer loop
      vertex 5.25024 15.6715 3
      vertex 3.73344 21.1734 3
      vertex 5.02513 15.4653 3
    endloop
  endfacet
  facet normal 0 0 1
    outer loop
      vertex 1.87385 21.4182 3
      vertex 5.02513 15.4653 3
      vertex 3.73344 21.1734 3
    endloop
  endfacet
  facet normal 0 0 1
    outer loop
      vertex 5.02513 15.4653 3
      vertex 1.87385 21.4182 3
      vertex 4.81884 15.2401 3
    endloop
  endfacet
  facet normal 0 0 1
    outer loop
      vertex 4.81884 15.2401 3
      vertex 1.87385 21.4182 3
      vertex 4.63297 14.9979 3
    endloop
  endfacet
  facet normal 0 0 1
    outer loop
      vertex 4.63297 14.9979 3
      vertex 1.87385 21.4182 3
      vertex 4.46891 14.7404 3
    endloop
  endfacet
  facet normal 0 0 1
    outer loop
      vertex 0 21.5 3
      vertex 4.46891 14.7404 3
      vertex 1.87385 21.4182 3
    endloop
  endfacet
  facet normal 0 0 1
    outer loop
      vertex 4.46891 14.7404 3
      vertex 0 21.5 3
      vertex 4.32792 14.4695 3
    endloop
  endfacet
  facet normal 0 0 1
    outer loop
      vertex -4.32792 14.4695 3
      vertex 4.32792 14.4695 3
      vertex 0 21.5 3
    endloop
  endfacet
  facet normal 0 0 1
    outer loop
      vertex 4.32792 14.4695 3
      vertex -4.32792 14.4695 3
      vertex 4.21108 14.1875 3
    endloop
  endfacet
  facet normal 0 -0 1
    outer loop
      vertex -4.21108 14.1875 3
      vertex 4.21108 14.1875 3
      vertex -4.32792 14.4695 3
    endloop
  endfacet
  facet normal 0 0 1
    outer loop
      vertex 4.21108 14.1875 3
      vertex -4.21108 14.1875 3
      vertex 4.11926 13.8962 3
    endloop
  endfacet
  facet normal 0 0 1
    outer loop
      vertex 5.02513 10.5155 3
      vertex 3.07818 8.45723 3
      vertex 3.80356 8.15677 3
    endloop
  endfacet
  facet normal 0 0 1
    outer loop
      vertex 4.63297 10.9829 3
      vertex 2.32937 8.69333 3
      vertex 3.07818 8.45723 3
    endloop
  endfacet
  facet normal 0 -0 1
    outer loop
      vertex -4.11926 13.8962 3
      vertex 4.11926 13.8962 3
      vertex -4.21108 14.1875 3
    endloop
  endfacet
  facet normal 0 0 1
    outer loop
      vertex 4.32792 11.5112 3
      vertex 1.56283 8.86327 3
      vertex 2.32937 8.69333 3
    endloop
  endfacet
  facet normal 0 0 1
    outer loop
      vertex 4.11926 12.0845 3
      vertex 0.784401 8.96575 3
      vertex 1.56283 8.86327 3
    endloop
  endfacet
  facet normal 0 0 1
    outer loop
      vertex 4.11926 13.8962 3
      vertex -4.11926 13.8962 3
      vertex 4.05317 13.5981 3
    endloop
  endfacet
  facet normal 0 -0 1
    outer loop
      vertex -4.01332 13.2954 3
      vertex 4.01332 13.2954 3
      vertex -4.05317 13.5981 3
    endloop
  endfacet
  facet normal 0 -0 1
    outer loop
      vertex -4 12.9904 3
      vertex 4 12.9904 3
      vertex -4.01332 13.2954 3
    endloop
  endfacet
  facet normal 0 0 1
    outer loop
      vertex 4.01332 12.6853 3
      vertex 0 9 3
      vertex 0.784401 8.96575 3
    endloop
  endfacet
  facet normal 0 0 1
    outer loop
      vertex -4.46891 14.7404 3
      vertex 0 21.5 3
      vertex -1.87385 21.4182 3
    endloop
  endfacet
  facet normal 0 0 1
    outer loop
      vertex 4 12.9904 3
      vertex -4 12.9904 3
      vertex 0 9 3
    endloop
  endfacet
  facet normal 0 0 1
    outer loop
      vertex 0 9 3
      vertex -4.01332 12.6853 3
      vertex -0.784401 8.96575 3
    endloop
  endfacet
  facet normal 0 0 1
    outer loop
      vertex -5.02513 15.4653 3
      vertex -1.87385 21.4182 3
      vertex -3.73344 21.1734 3
    endloop
  endfacet
  facet normal -0 0 1
    outer loop
      vertex -4.05317 12.3826 3
      vertex -0.784401 8.96575 3
      vertex -4.01332 12.6853 3
    endloop
  endfacet
  facet normal 0 0 1
    outer loop
      vertex -0.784401 8.96575 3
      vertex -4.11926 12.0845 3
      vertex -1.56283 8.86327 3
    endloop
  endfacet
  facet normal -0 0 1
    outer loop
      vertex -4.11926 12.0845 3
      vertex -0.784401 8.96575 3
      vertex -4.05317 12.3826 3
    endloop
  endfacet
  facet normal -0 0 1
    outer loop
      vertex -4.01332 12.6853 3
      vertex 0 9 3
      vertex -4 12.9904 3
    endloop
  endfacet
  facet normal 0 0 1
    outer loop
      vertex 4.01332 13.2954 3
      vertex -4.01332 13.2954 3
      vertex 4 12.9904 3
    endloop
  endfacet
  facet normal 0 0 1
    outer loop
      vertex 4.05317 13.5981 3
      vertex -4.05317 13.5981 3
      vertex 4.01332 13.2954 3
    endloop
  endfacet
  facet normal 0 -0 1
    outer loop
      vertex -4.05317 13.5981 3
      vertex 4.05317 13.5981 3
      vertex -4.11926 13.8962 3
    endloop
  endfacet
  facet normal 0 0 1
    outer loop
      vertex 0 21.5 3
      vertex -4.46891 14.7404 3
      vertex -4.32792 14.4695 3
    endloop
  endfacet
  facet normal 0 0 1
    outer loop
      vertex -1.87385 21.4182 3
      vertex -4.63297 14.9979 3
      vertex -4.46891 14.7404 3
    endloop
  endfacet
  facet normal 0 0 1
    outer loop
      vertex -1.87385 21.4182 3
      vertex -4.81884 15.2401 3
      vertex -4.63297 14.9979 3
    endloop
  endfacet
  facet normal 0 0 1
    outer loop
      vertex -1.87385 21.4182 3
      vertex -5.02513 15.4653 3
      vertex -4.81884 15.2401 3
    endloop
  endfacet
  facet normal 0 0 1
    outer loop
      vertex -3.73344 21.1734 3
      vertex -5.25024 15.6715 3
      vertex -5.02513 15.4653 3
    endloop
  endfacet
  facet normal 0 0 1
    outer loop
      vertex -3.73344 21.1734 3
      vertex -5.49248 15.8574 3
      vertex -5.25024 15.6715 3
    endloop
  endfacet
  facet normal -0 0 1
    outer loop
      vertex -5.56461 20.7674 3
      vertex -5.49248 15.8574 3
      vertex -3.73344 21.1734 3
    endloop
  endfacet
  facet normal 0 0 1
    outer loop
      vertex -5.56461 20.7674 3
      vertex -5.75 16.0215 3
      vertex -5.49248 15.8574 3
    endloop
  endfacet
  facet normal 0 0 1
    outer loop
      vertex -5.56461 20.7674 3
      vertex -6.02084 16.1625 3
      vertex -5.75 16.0215 3
    endloop
  endfacet
  facet normal 0 0 1
    outer loop
      vertex -5.56461 20.7674 3
      vertex -6.30293 16.2793 3
      vertex -6.02084 16.1625 3
    endloop
  endfacet
  facet normal 0 0 1
    outer loop
      vertex -5.56461 20.7674 3
      vertex -6.59413 16.3711 3
      vertex -6.30293 16.2793 3
    endloop
  endfacet
  facet normal -0 0 1
    outer loop
      vertex -7.35343 20.2034 3
      vertex -6.59413 16.3711 3
      vertex -5.56461 20.7674 3
    endloop
  endfacet
  facet normal 0 0 1
    outer loop
      vertex -6.59413 16.3711 3
      vertex -7.35343 20.2034 3
      vertex -6.89223 16.4372 3
    endloop
  endfacet
  facet normal 0 0 1
    outer loop
      vertex -6.89223 16.4372 3
      vertex -7.35343 20.2034 3
      vertex -7.19495 16.4771 3
    endloop
  endfacet
  facet normal 0 0 1
    outer loop
      vertex -7.35343 20.2034 3
      vertex -7.5 16.4904 3
      vertex -7.19495 16.4771 3
    endloop
  endfacet
  facet normal -0 0 1
    outer loop
      vertex -9.08629 19.4856 3
      vertex -7.5 16.4904 3
      vertex -7.35343 20.2034 3
    endloop
  endfacet
  facet normal 0 0 1
    outer loop
      vertex -7.5 16.4904 3
      vertex -9.08629 19.4856 3
      vertex -7.80504 16.4771 3
    endloop
  endfacet
  facet normal 0 0 1
    outer loop
      vertex -7.80504 16.4771 3
      vertex -9.08629 19.4856 3
      vertex -8.10777 16.4372 3
    endloop
  endfacet
  facet normal 0 0 1
    outer loop
      vertex -8.10777 16.4372 3
      vertex -9.08629 19.4856 3
      vertex -8.40587 16.3711 3
    endloop
  endfacet
  facet normal 0 0 1
    outer loop
      vertex -8.40587 16.3711 3
      vertex -9.08629 19.4856 3
      vertex -8.69707 16.2793 3
    endloop
  endfacet
  facet normal -0 0 1
    outer loop
      vertex -10.75 18.6195 3
      vertex -8.69707 16.2793 3
      vertex -9.08629 19.4856 3
    endloop
  endfacet
  facet normal 0 0 1
    outer loop
      vertex -8.69707 16.2793 3
      vertex -10.75 18.6195 3
      vertex -8.97916 16.1625 3
    endloop
  endfacet
  facet normal 0 0 1
    outer loop
      vertex -8.97916 16.1625 3
      vertex -10.75 18.6195 3
      vertex -9.25 16.0215 3
    endloop
  endfacet
  facet normal 0 0 1
    outer loop
      vertex -9.25 16.0215 3
      vertex -10.75 18.6195 3
      vertex -9.50752 15.8574 3
    endloop
  endfacet
  facet normal 0 0 1
    outer loop
      vertex -9.50752 15.8574 3
      vertex -10.75 18.6195 3
      vertex -9.74976 15.6715 3
    endloop
  endfacet
  facet normal -0 0 1
    outer loop
      vertex -12.3319 17.6118 3
      vertex -9.74976 15.6715 3
      vertex -10.75 18.6195 3
    endloop
  endfacet
  facet normal 0 0 1
    outer loop
      vertex -9.74976 15.6715 3
      vertex -12.3319 17.6118 3
      vertex -9.97487 15.4653 3
    endloop
  endfacet
  facet normal 0 0 1
    outer loop
      vertex -9.97487 15.4653 3
      vertex -12.3319 17.6118 3
      vertex -10.1812 15.2401 3
    endloop
  endfacet
  facet normal 0 0 1
    outer loop
      vertex -10.1812 15.2401 3
      vertex -12.3319 17.6118 3
      vertex -10.367 14.9979 3
    endloop
  endfacet
  facet normal 0 0 1
    outer loop
      vertex -10.367 14.9979 3
      vertex -12.3319 17.6118 3
      vertex -10.5311 14.7404 3
    endloop
  endfacet
  facet normal -0 0 1
    outer loop
      vertex -13.8199 16.47 3
      vertex -10.5311 14.7404 3
      vertex -12.3319 17.6118 3
    endloop
  endfacet
  facet normal 0 0 1
    outer loop
      vertex -10.5311 14.7404 3
      vertex -13.8199 16.47 3
      vertex -10.6721 14.4695 3
    endloop
  endfacet
  facet normal 0 0 1
    outer loop
      vertex -10.6721 14.4695 3
      vertex -13.8199 16.47 3
      vertex -10.7889 14.1875 3
    endloop
  endfacet
  facet normal 0 0 1
    outer loop
      vertex -10.7889 14.1875 3
      vertex -13.8199 16.47 3
      vertex -10.8807 13.8962 3
    endloop
  endfacet
  facet normal 0 0 1
    outer loop
      vertex -7.79423 -4.5 3
      vertex -13.25 -3.03109 3
      vertex -9.25 -9.95929 3
    endloop
  endfacet
  facet normal 0 0 1
    outer loop
      vertex -9 0 3
      vertex -11.5133 0.305044 3
      vertex -11.5 0 3
    endloop
  endfacet
  facet normal 0 0 1
    outer loop
      vertex -8.96575 0.784401 3
      vertex -11.5133 0.305044 3
      vertex -9 0 3
    endloop
  endfacet
  facet normal 0 0 1
    outer loop
      vertex -15.2028 15.2028 3
      vertex -11 12.9904 3
      vertex -10.9867 13.2954 3
    endloop
  endfacet
  facet normal -0 0 1
    outer loop
      vertex -15.2028 15.2028 3
      vertex -10.8807 13.8962 3
      vertex -13.8199 16.47 3
    endloop
  endfacet
  facet normal 0 -0 1
    outer loop
      vertex -11.5133 0.305044 3
      vertex -8.96575 0.784401 3
      vertex -11.5532 0.607768 3
    endloop
  endfacet
  facet normal 0 -0 1
    outer loop
      vertex -11.5532 0.607768 3
      vertex -8.96575 0.784401 3
      vertex -11.6193 0.905867 3
    endloop
  endfacet
  facet normal 0 0 1
    outer loop
      vertex -8.86327 1.56283 3
      vertex -11.6193 0.905867 3
      vertex -8.96575 0.784401 3
    endloop
  endfacet
  facet normal 0 -0 1
    outer loop
      vertex -11.6193 0.905867 3
      vertex -8.86327 1.56283 3
      vertex -11.7111 1.19707 3
    endloop
  endfacet
  facet normal 0 -0 1
    outer loop
      vertex -11.7111 1.19707 3
      vertex -8.86327 1.56283 3
      vertex -11.8279 1.47916 3
    endloop
  endfacet
  facet normal 0 0 1
    outer loop
      vertex -9.25 9.95929 3
      vertex -12.3188 2.24976 3
      vertex -12.133 2.00752 3
    endloop
  endfacet
  facet normal 0 0 1
    outer loop
      vertex -10.8807 13.8962 3
      vertex -15.2028 15.2028 3
      vertex -10.9468 13.5981 3
    endloop
  endfacet
  facet normal 0 0 1
    outer loop
      vertex -9.25 9.95929 3
      vertex -12.5251 2.47487 3
      vertex -12.3188 2.24976 3
    endloop
  endfacet
  facet normal 0 0 1
    outer loop
      vertex -9.25 9.95929 3
      vertex -12.7502 2.68116 3
      vertex -12.5251 2.47487 3
    endloop
  endfacet
  facet normal 0 0 1
    outer loop
      vertex -9.25 9.95929 3
      vertex -12.9925 2.86703 3
      vertex -12.7502 2.68116 3
    endloop
  endfacet
  facet normal 0 0 1
    outer loop
      vertex -10.9468 13.5981 3
      vertex -15.2028 15.2028 3
      vertex -10.9867 13.2954 3
    endloop
  endfacet
  facet normal 0 0 1
    outer loop
      vertex -9.25 9.95929 3
      vertex -13.25 3.03109 3
      vertex -12.9925 2.86703 3
    endloop
  endfacet
  facet normal 0 0 1
    outer loop
      vertex -11 12.9904 3
      vertex -15.2028 15.2028 3
      vertex -16.47 13.8199 3
    endloop
  endfacet
  facet normal 0 0 1
    outer loop
      vertex -9.50752 10.1233 3
      vertex -13.5208 3.17208 3
      vertex -13.25 3.03109 3
    endloop
  endfacet
  facet normal 0 0 1
    outer loop
      vertex -10.8807 12.0845 3
      vertex -16.47 13.8199 3
      vertex -17.6118 12.3319 3
    endloop
  endfacet
  facet normal 0 0 1
    outer loop
      vertex -9.74976 10.3092 3
      vertex -13.8029 3.28892 3
      vertex -13.5208 3.17208 3
    endloop
  endfacet
  facet normal 0 0 1
    outer loop
      vertex -9.97487 10.5155 3
      vertex -14.0941 3.38074 3
      vertex -13.8029 3.28892 3
    endloop
  endfacet
  facet normal 0 0 1
    outer loop
      vertex -10.5311 11.2404 3
      vertex -17.6118 12.3319 3
      vertex -18.6195 10.75 3
    endloop
  endfacet
  facet normal 0 0 1
    outer loop
      vertex -10.1812 10.7406 3
      vertex -14.3922 3.44683 3
      vertex -14.0941 3.38074 3
    endloop
  endfacet
  facet normal 0 0 1
    outer loop
      vertex -10.367 10.9829 3
      vertex -18.6195 10.75 3
      vertex -14.695 3.48668 3
    endloop
  endfacet
  facet normal 0 0 1
    outer loop
      vertex -10.367 10.9829 3
      vertex -14.695 3.48668 3
      vertex -14.3922 3.44683 3
    endloop
  endfacet
  facet normal 0 0 1
    outer loop
      vertex -14.695 3.48668 3
      vertex -18.6195 10.75 3
      vertex -15 3.5 3
    endloop
  endfacet
  facet normal -0 0 1
    outer loop
      vertex -19.4856 9.08629 3
      vertex -15 3.5 3
      vertex -18.6195 10.75 3
    endloop
  endfacet
  facet normal 0 0 1
    outer loop
      vertex -15 3.5 3
      vertex -19.4856 9.08629 3
      vertex -15.305 3.48668 3
    endloop
  endfacet
  facet normal 0 0 1
    outer loop
      vertex -15.305 3.48668 3
      vertex -19.4856 9.08629 3
      vertex -15.6078 3.44683 3
    endloop
  endfacet
  facet normal 0 0 1
    outer loop
      vertex -15.6078 3.44683 3
      vertex -19.4856 9.08629 3
      vertex -15.9059 3.38074 3
    endloop
  endfacet
  facet normal -0 0 1
    outer loop
      vertex -20.2034 7.35343 3
      vertex -15.9059 3.38074 3
      vertex -19.4856 9.08629 3
    endloop
  endfacet
  facet normal 0 0 1
    outer loop
      vertex -15.9059 3.38074 3
      vertex -20.2034 7.35343 3
      vertex -16.1971 3.28892 3
    endloop
  endfacet
  facet normal 0 0 1
    outer loop
      vertex -16.1971 3.28892 3
      vertex -20.2034 7.35343 3
      vertex -16.4792 3.17208 3
    endloop
  endfacet
  facet normal 0 0 1
    outer loop
      vertex -16.4792 3.17208 3
      vertex -20.2034 7.35343 3
      vertex -16.75 3.03109 3
    endloop
  endfacet
  facet normal -0 0 1
    outer loop
      vertex -20.7674 5.56461 3
      vertex -16.75 3.03109 3
      vertex -20.2034 7.35343 3
    endloop
  endfacet
  facet normal 0 0 1
    outer loop
      vertex -16.75 3.03109 3
      vertex -20.7674 5.56461 3
      vertex -17.0075 2.86703 3
    endloop
  endfacet
  facet normal 0 0 1
    outer loop
      vertex -17.0075 2.86703 3
      vertex -20.7674 5.56461 3
      vertex -17.2498 2.68116 3
    endloop
  endfacet
  facet normal 0 0 1
    outer loop
      vertex -17.2498 2.68116 3
      vertex -20.7674 5.56461 3
      vertex -17.4749 2.47487 3
    endloop
  endfacet
  facet normal -0 0 1
    outer loop
      vertex -21.1734 3.73344 3
      vertex -17.4749 2.47487 3
      vertex -20.7674 5.56461 3
    endloop
  endfacet
  facet normal 0 0 1
    outer loop
      vertex -17.4749 2.47487 3
      vertex -21.1734 3.73344 3
      vertex -17.6812 2.24976 3
    endloop
  endfacet
  facet normal 0 0 1
    outer loop
      vertex -17.6812 2.24976 3
      vertex -21.1734 3.73344 3
      vertex -17.867 2.00752 3
    endloop
  endfacet
  facet normal 0 0 1
    outer loop
      vertex -17.867 2.00752 3
      vertex -21.1734 3.73344 3
      vertex -18.0311 1.75 3
    endloop
  endfacet
  facet normal 0 0 1
    outer loop
      vertex -18.0311 1.75 3
      vertex -21.4182 1.87385 3
      vertex -18.1721 1.47916 3
    endloop
  endfacet
  facet normal -0 0 1
    outer loop
      vertex -21.4182 1.87385 3
      vertex -18.0311 1.75 3
      vertex -21.1734 3.73344 3
    endloop
  endfacet
  facet normal 0 1 -0
    outer loop
      vertex 0.349991 26 0
      vertex -0.349991 26 6
      vertex 0.349991 26 6
    endloop
  endfacet
  facet normal 0 1 0
    outer loop
      vertex -0.349991 26 6
      vertex 0.349991 26 0
      vertex -0.349991 26 0
    endloop
  endfacet
  facet normal -0.964205 0.265157 0
    outer loop
      vertex -0.77176 24.4663 0
      vertex -0.349991 26 6
      vertex -0.349991 26 0
    endloop
  endfacet
  facet normal -0.964205 0.265157 0
    outer loop
      vertex -0.349991 26 6
      vertex -0.77176 24.4663 0
      vertex -0.77176 24.4663 6
    endloop
  endfacet
  facet normal 0.964205 0.265157 0
    outer loop
      vertex 0.77176 24.4663 6
      vertex 0.349991 26 0
      vertex 0.349991 26 6
    endloop
  endfacet
  facet normal 0.964205 0.265157 0
    outer loop
      vertex 0.349991 26 0
      vertex 0.77176 24.4663 6
      vertex 0.77176 24.4663 0
    endloop
  endfacet
  facet normal 0.937425 0.348188 0
    outer loop
      vertex -1.36355 24.4405 6
      vertex -1.91739 25.9316 0
      vertex -1.91739 25.9316 6
    endloop
  endfacet
  facet normal 0.937425 0.348188 0
    outer loop
      vertex -1.91739 25.9316 0
      vertex -1.36355 24.4405 6
      vertex -1.36355 24.4405 0
    endloop
  endfacet
  facet normal -0.087288 0.996183 0
    outer loop
      vertex -1.91739 25.9316 0
      vertex -2.6147 25.8705 6
      vertex -1.91739 25.9316 6
    endloop
  endfacet
  facet normal -0.087288 0.996183 0
    outer loop
      vertex -2.6147 25.8705 6
      vertex -1.91739 25.9316 0
      vertex -2.6147 25.8705 0
    endloop
  endfacet
  facet normal -0.983646 0.180113 0
    outer loop
      vertex -2.90119 24.3059 0
      vertex -2.6147 25.8705 6
      vertex -2.6147 25.8705 0
    endloop
  endfacet
  facet normal -0.983646 0.180113 0
    outer loop
      vertex -2.6147 25.8705 6
      vertex -2.90119 24.3059 0
      vertex -2.90119 24.3059 6
    endloop
  endfacet
  facet normal 0.087288 0.996183 -0
    outer loop
      vertex 2.6147 25.8705 0
      vertex 1.91739 25.9316 6
      vertex 2.6147 25.8705 6
    endloop
  endfacet
  facet normal 0.087288 0.996183 0
    outer loop
      vertex 1.91739 25.9316 6
      vertex 2.6147 25.8705 0
      vertex 1.91739 25.9316 0
    endloop
  endfacet
  facet normal -0.937425 0.348188 0
    outer loop
      vertex 1.36355 24.4405 0
      vertex 1.91739 25.9316 6
      vertex 1.91739 25.9316 0
    endloop
  endfacet
  facet normal -0.937425 0.348188 0
    outer loop
      vertex 1.91739 25.9316 6
      vertex 1.36355 24.4405 0
      vertex 1.36355 24.4405 6
    endloop
  endfacet
  facet normal 0.983646 0.180113 0
    outer loop
      vertex 2.90119 24.3059 6
      vertex 2.6147 25.8705 0
      vertex 2.6147 25.8705 6
    endloop
  endfacet
  facet normal 0.983646 0.180113 0
    outer loop
      vertex 2.6147 25.8705 0
      vertex 2.90119 24.3059 6
      vertex 2.90119 24.3059 0
    endloop
  endfacet
  facet normal 0.903521 0.428544 0
    outer loop
      vertex -3.4885 24.2286 6
      vertex -4.17017 25.6658 0
      vertex -4.17017 25.6658 6
    endloop
  endfacet
  facet normal 0.903521 0.428544 0
    outer loop
      vertex -4.17017 25.6658 0
      vertex -3.4885 24.2286 6
      vertex -3.4885 24.2286 0
    endloop
  endfacet
  facet normal -0.173719 0.984795 0
    outer loop
      vertex -4.17017 25.6658 0
      vertex -4.85951 25.5442 6
      vertex -4.17017 25.6658 6
    endloop
  endfacet
  facet normal -0.173719 0.984795 0
    outer loop
      vertex -4.85951 25.5442 6
      vertex -4.17017 25.6658 0
      vertex -4.85951 25.5442 0
    endloop
  endfacet
  facet normal -0.9956 0.0937006 0
    outer loop
      vertex -5.00855 23.9606 0
      vertex -4.85951 25.5442 6
      vertex -4.85951 25.5442 0
    endloop
  endfacet
  facet normal -0.9956 0.0937006 0
    outer loop
      vertex -4.85951 25.5442 6
      vertex -5.00855 23.9606 0
      vertex -5.00855 23.9606 6
    endloop
  endfacet
  facet normal 0.173719 0.984795 -0
    outer loop
      vertex 4.85951 25.5442 0
      vertex 4.17017 25.6658 6
      vertex 4.85951 25.5442 6
    endloop
  endfacet
  facet normal 0.173719 0.984795 0
    outer loop
      vertex 4.17017 25.6658 6
      vertex 4.85951 25.5442 0
      vertex 4.17017 25.6658 0
    endloop
  endfacet
  facet normal -0.903521 0.428544 0
    outer loop
      vertex 3.4885 24.2286 0
      vertex 4.17017 25.6658 6
      vertex 4.17017 25.6658 0
    endloop
  endfacet
  facet normal -0.903521 0.428544 0
    outer loop
      vertex 4.17017 25.6658 6
      vertex 3.4885 24.2286 0
      vertex 3.4885 24.2286 6
    endloop
  endfacet
  facet normal 0.9956 0.0937006 0
    outer loop
      vertex 5.00855 23.9606 6
      vertex 4.85951 25.5442 0
      vertex 4.85951 25.5442 6
    endloop
  endfacet
  facet normal 0.9956 0.0937006 0
    outer loop
      vertex 4.85951 25.5442 0
      vertex 5.00855 23.9606 6
      vertex 5.00855 23.9606 0
    endloop
  endfacet
  facet normal 0.862729 0.505667 0
    outer loop
      vertex -5.58688 23.8324 6
      vertex -6.39122 25.2047 0
      vertex -6.39122 25.2047 6
    endloop
  endfacet
  facet normal 0.862729 0.505667 0
    outer loop
      vertex -6.39122 25.2047 0
      vertex -5.58688 23.8324 6
      vertex -5.58688 23.8324 0
    endloop
  endfacet
  facet normal -0.258861 0.965915 0
    outer loop
      vertex -6.39122 25.2047 0
      vertex -7.06735 25.0235 6
      vertex -6.39122 25.2047 6
    endloop
  endfacet
  facet normal -0.258861 0.965915 0
    outer loop
      vertex -7.06735 25.0235 6
      vertex -6.39122 25.2047 0
      vertex -7.06735 25.0235 0
    endloop
  endfacet
  facet normal -0.999978 0.00656971 0
    outer loop
      vertex -7.0778 23.4329 0
      vertex -7.06735 25.0235 6
      vertex -7.06735 25.0235 0
    endloop
  endfacet
  facet normal -0.999978 0.00656971 0
    outer loop
      vertex -7.06735 25.0235 6
      vertex -7.0778 23.4329 0
      vertex -7.0778 23.4329 6
    endloop
  endfacet
  facet normal 0.258861 0.965915 -0
    outer loop
      vertex 7.06735 25.0235 0
      vertex 6.39122 25.2047 6
      vertex 7.06735 25.0235 6
    endloop
  endfacet
  facet normal 0.258861 0.965915 0
    outer loop
      vertex 6.39122 25.2047 6
      vertex 7.06735 25.0235 0
      vertex 6.39122 25.2047 0
    endloop
  endfacet
  facet normal -0.862729 0.505667 0
    outer loop
      vertex 5.58688 23.8324 0
      vertex 6.39122 25.2047 6
      vertex 6.39122 25.2047 0
    endloop
  endfacet
  facet normal -0.862729 0.505667 0
    outer loop
      vertex 6.39122 25.2047 6
      vertex 5.58688 23.8324 0
      vertex 5.58688 23.8324 6
    endloop
  endfacet
  facet normal 0.999978 0.00656971 0
    outer loop
      vertex 7.0778 23.4329 6
      vertex 7.06735 25.0235 0
      vertex 7.06735 25.0235 6
    endloop
  endfacet
  facet normal 0.999978 0.00656971 0
    outer loop
      vertex 7.06735 25.0235 0
      vertex 7.0778 23.4329 6
      vertex 7.0778 23.4329 0
    endloop
  endfacet
  facet normal 0.815359 0.578956 0
    outer loop
      vertex -7.64275 23.2548 6
      vertex -8.56363 24.5517 0
      vertex -8.56363 24.5517 6
    endloop
  endfacet
  facet normal 0.815359 0.578956 0
    outer loop
      vertex -8.56363 24.5517 0
      vertex -7.64275 23.2548 6
      vertex -7.64275 23.2548 0
    endloop
  endfacet
  facet normal -0.342005 0.939698 0
    outer loop
      vertex -8.56363 24.5517 0
      vertex -9.22141 24.3123 6
      vertex -8.56363 24.5517 6
    endloop
  endfacet
  facet normal -0.342005 0.939698 0
    outer loop
      vertex -9.22141 24.3123 6
      vertex -8.56363 24.5517 0
      vertex -9.22141 24.3123 0
    endloop
  endfacet
  facet normal -0.996745 -0.0806135 0
    outer loop
      vertex -9.09318 22.7268 0
      vertex -9.22141 24.3123 6
      vertex -9.22141 24.3123 0
    endloop
  endfacet
  facet normal -0.996745 -0.0806135 0
    outer loop
      vertex -9.22141 24.3123 6
      vertex -9.09318 22.7268 0
      vertex -9.09318 22.7268 6
    endloop
  endfacet
  facet normal 0.342005 0.939698 -0
    outer loop
      vertex 9.22141 24.3123 0
      vertex 8.56363 24.5517 6
      vertex 9.22141 24.3123 6
    endloop
  endfacet
  facet normal 0.342005 0.939698 0
    outer loop
      vertex 8.56363 24.5517 6
      vertex 9.22141 24.3123 0
      vertex 8.56363 24.5517 0
    endloop
  endfacet
  facet normal -0.815359 0.578956 0
    outer loop
      vertex 7.64275 23.2548 0
      vertex 8.56363 24.5517 6
      vertex 8.56363 24.5517 0
    endloop
  endfacet
  facet normal -0.815359 0.578956 0
    outer loop
      vertex 8.56363 24.5517 6
      vertex 7.64275 23.2548 0
      vertex 7.64275 23.2548 6
    endloop
  endfacet
  facet normal 0.996745 -0.0806135 0
    outer loop
      vertex 9.09318 22.7268 6
      vertex 9.22141 24.3123 0
      vertex 9.22141 24.3123 6
    endloop
  endfacet
  facet normal 0.996745 -0.0806135 0
    outer loop
      vertex 9.22141 24.3123 0
      vertex 9.09318 22.7268 6
      vertex 9.09318 22.7268 0
    endloop
  endfacet
  facet normal 0.761786 0.647829 0
    outer loop
      vertex -9.64046 22.5002 6
      vertex -10.6709 23.7119 0
      vertex -10.6709 23.7119 6
    endloop
  endfacet
  facet normal 0.761786 0.647829 0
    outer loop
      vertex -10.6709 23.7119 0
      vertex -9.64046 22.5002 6
      vertex -9.64046 22.5002 0
    endloop
  endfacet
  facet normal -0.422588 0.906322 0
    outer loop
      vertex -10.6709 23.7119 0
      vertex -11.3053 23.4161 6
      vertex -10.6709 23.7119 6
    endloop
  endfacet
  facet normal -0.422588 0.906322 0
    outer loop
      vertex -11.3053 23.4161 6
      vertex -10.6709 23.7119 0
      vertex -11.3053 23.4161 0
    endloop
  endfacet
  facet normal -0.985919 -0.167222 0
    outer loop
      vertex -11.0393 21.8478 0
      vertex -11.3053 23.4161 6
      vertex -11.3053 23.4161 0
    endloop
  endfacet
  facet normal -0.985919 -0.167222 0
    outer loop
      vertex -11.3053 23.4161 6
      vertex -11.0393 21.8478 0
      vertex -11.0393 21.8478 6
    endloop
  endfacet
  facet normal 0.422588 0.906322 -0
    outer loop
      vertex 11.3053 23.4161 0
      vertex 10.6709 23.7119 6
      vertex 11.3053 23.4161 6
    endloop
  endfacet
  facet normal 0.422588 0.906322 0
    outer loop
      vertex 10.6709 23.7119 6
      vertex 11.3053 23.4161 0
      vertex 10.6709 23.7119 0
    endloop
  endfacet
  facet normal -0.761786 0.647829 0
    outer loop
      vertex 9.64046 22.5002 0
      vertex 10.6709 23.7119 6
      vertex 10.6709 23.7119 0
    endloop
  endfacet
  facet normal -0.761786 0.647829 0
    outer loop
      vertex 10.6709 23.7119 6
      vertex 9.64046 22.5002 0
      vertex 9.64046 22.5002 6
    endloop
  endfacet
  facet normal 0.985919 -0.167222 0
    outer loop
      vertex 11.0393 21.8478 6
      vertex 11.3053 23.4161 0
      vertex 11.3053 23.4161 6
    endloop
  endfacet
  facet normal 0.985919 -0.167222 0
    outer loop
      vertex 11.3053 23.4161 0
      vertex 11.0393 21.8478 6
      vertex 11.0393 21.8478 0
    endloop
  endfacet
  facet normal 0.702471 0.711712 -0
    outer loop
      vertex -11.5648 21.5743 0
      vertex -12.6969 22.6917 6
      vertex -11.5648 21.5743 6
    endloop
  endfacet
  facet normal 0.702471 0.711712 0
    outer loop
      vertex -12.6969 22.6917 6
      vertex -11.5648 21.5743 0
      vertex -12.6969 22.6917 0
    endloop
  endfacet
  facet normal -0.500011 0.866019 0
    outer loop
      vertex -12.6969 22.6917 0
      vertex -13.3031 22.3417 6
      vertex -12.6969 22.6917 6
    endloop
  endfacet
  facet normal -0.500011 0.866019 0
    outer loop
      vertex -13.3031 22.3417 6
      vertex -12.6969 22.6917 0
      vertex -13.3031 22.3417 0
    endloop
  endfacet
  facet normal -0.967603 -0.252478 0
    outer loop
      vertex -12.9015 20.8026 0
      vertex -13.3031 22.3417 6
      vertex -13.3031 22.3417 0
    endloop
  endfacet
  facet normal -0.967603 -0.252478 0
    outer loop
      vertex -13.3031 22.3417 6
      vertex -12.9015 20.8026 0
      vertex -12.9015 20.8026 6
    endloop
  endfacet
  facet normal 0.500011 0.866019 -0
    outer loop
      vertex 13.3031 22.3417 0
      vertex 12.6969 22.6917 6
      vertex 13.3031 22.3417 6
    endloop
  endfacet
  facet normal 0.500011 0.866019 0
    outer loop
      vertex 12.6969 22.6917 6
      vertex 13.3031 22.3417 0
      vertex 12.6969 22.6917 0
    endloop
  endfacet
  facet normal -0.702471 0.711712 0
    outer loop
      vertex 12.6969 22.6917 0
      vertex 11.5648 21.5743 6
      vertex 12.6969 22.6917 6
    endloop
  endfacet
  facet normal -0.702471 0.711712 0
    outer loop
      vertex 11.5648 21.5743 6
      vertex 12.6969 22.6917 0
      vertex 11.5648 21.5743 0
    endloop
  endfacet
  facet normal 0.967603 -0.252478 0
    outer loop
      vertex 12.9015 20.8026 6
      vertex 13.3031 22.3417 0
      vertex 13.3031 22.3417 6
    endloop
  endfacet
  facet normal 0.967603 -0.252478 0
    outer loop
      vertex 13.3031 22.3417 0
      vertex 12.9015 20.8026 6
      vertex 12.9015 20.8026 0
    endloop
  endfacet
  facet normal 0.573577 0.819151 -0
    outer loop
      vertex 15.1997 21.0972 0
      vertex 14.6263 21.4987 6
      vertex 15.1997 21.0972 6
    endloop
  endfacet
  facet normal 0.573577 0.819151 0
    outer loop
      vertex 14.6263 21.4987 6
      vertex 15.1997 21.0972 0
      vertex 14.6263 21.4987 0
    endloop
  endfacet
  facet normal -0.637732 0.770258 0
    outer loop
      vertex 14.6263 21.4987 0
      vertex 13.4011 20.4843 6
      vertex 14.6263 21.4987 6
    endloop
  endfacet
  facet normal -0.637732 0.770258 0
    outer loop
      vertex 13.4011 20.4843 6
      vertex 14.6263 21.4987 0
      vertex 13.4011 20.4843 0
    endloop
  endfacet
  facet normal 0.941915 -0.33585 0
    outer loop
      vertex 14.6655 19.599 6
      vertex 15.1997 21.0972 0
      vertex 15.1997 21.0972 6
    endloop
  endfacet
  facet normal 0.941915 -0.33585 0
    outer loop
      vertex 15.1997 21.0972 0
      vertex 14.6655 19.599 6
      vertex 14.6655 19.599 0
    endloop
  endfacet
  facet normal 0.637732 0.770258 -0
    outer loop
      vertex -13.4011 20.4843 0
      vertex -14.6263 21.4987 6
      vertex -13.4011 20.4843 6
    endloop
  endfacet
  facet normal 0.637732 0.770258 0
    outer loop
      vertex -14.6263 21.4987 6
      vertex -13.4011 20.4843 0
      vertex -14.6263 21.4987 0
    endloop
  endfacet
  facet normal -0.573577 0.819151 0
    outer loop
      vertex -14.6263 21.4987 0
      vertex -15.1997 21.0972 6
      vertex -14.6263 21.4987 6
    endloop
  endfacet
  facet normal -0.573577 0.819151 0
    outer loop
      vertex -15.1997 21.0972 6
      vertex -14.6263 21.4987 0
      vertex -15.1997 21.0972 0
    endloop
  endfacet
  facet normal -0.941915 -0.33585 0
    outer loop
      vertex -14.6655 19.599 0
      vertex -15.1997 21.0972 6
      vertex -15.1997 21.0972 0
    endloop
  endfacet
  facet normal -0.941915 -0.33585 0
    outer loop
      vertex -15.1997 21.0972 6
      vertex -14.6655 19.599 0
      vertex -14.6655 19.599 6
    endloop
  endfacet
  facet normal 0.642766 0.766062 -0
    outer loop
      vertex 16.9806 19.6922 0
      vertex 16.4444 20.1421 6
      vertex 16.9806 19.6922 6
    endloop
  endfacet
  facet normal 0.642766 0.766062 0
    outer loop
      vertex 16.4444 20.1421 6
      vertex 16.9806 19.6922 0
      vertex 16.4444 20.1421 0
    endloop
  endfacet
  facet normal -0.568134 0.822936 0
    outer loop
      vertex 16.4444 20.1421 0
      vertex 15.1354 19.2384 6
      vertex 16.4444 20.1421 6
    endloop
  endfacet
  facet normal -0.568134 0.822936 0
    outer loop
      vertex 15.1354 19.2384 6
      vertex 16.4444 20.1421 0
      vertex 15.1354 19.2384 0
    endloop
  endfacet
  facet normal 0.909053 -0.416681 0
    outer loop
      vertex 16.3178 18.2462 6
      vertex 16.9806 19.6922 0
      vertex 16.9806 19.6922 6
    endloop
  endfacet
  facet normal 0.909053 -0.416681 0
    outer loop
      vertex 16.9806 19.6922 0
      vertex 16.3178 18.2462 6
      vertex 16.3178 18.2462 0
    endloop
  endfacet
  facet normal 0.568134 0.822936 -0
    outer loop
      vertex -15.1354 19.2384 0
      vertex -16.4444 20.1421 6
      vertex -15.1354 19.2384 6
    endloop
  endfacet
  facet normal 0.568134 0.822936 0
    outer loop
      vertex -16.4444 20.1421 6
      vertex -15.1354 19.2384 0
      vertex -16.4444 20.1421 0
    endloop
  endfacet
  facet normal -0.642766 0.766062 0
    outer loop
      vertex -16.4444 20.1421 0
      vertex -16.9806 19.6922 6
      vertex -16.4444 20.1421 6
    endloop
  endfacet
  facet normal -0.642766 0.766062 0
    outer loop
      vertex -16.9806 19.6922 6
      vertex -16.4444 20.1421 0
      vertex -16.9806 19.6922 0
    endloop
  endfacet
  facet normal -0.909053 -0.416681 0
    outer loop
      vertex -16.3178 18.2462 0
      vertex -16.9806 19.6922 6
      vertex -16.9806 19.6922 0
    endloop
  endfacet
  facet normal -0.909053 -0.416681 0
    outer loop
      vertex -16.9806 19.6922 6
      vertex -16.3178 18.2462 0
      vertex -16.3178 18.2462 6
    endloop
  endfacet
  facet normal 0.707107 0.707107 0
    outer loop
      vertex 18.6322 18.1373 6
      vertex 18.1373 18.6322 0
      vertex 18.1373 18.6322 6
    endloop
  endfacet
  facet normal 0.707107 0.707107 0
    outer loop
      vertex 18.1373 18.6322 0
      vertex 18.6322 18.1373 6
      vertex 18.6322 18.1373 0
    endloop
  endfacet
  facet normal -0.494283 0.869301 0
    outer loop
      vertex 18.1373 18.6322 0
      vertex 16.7546 17.846 6
      vertex 18.1373 18.6322 6
    endloop
  endfacet
  facet normal -0.494283 0.869301 0
    outer loop
      vertex 16.7546 17.846 6
      vertex 18.1373 18.6322 0
      vertex 16.7546 17.846 0
    endloop
  endfacet
  facet normal 0.869301 -0.494283 0
    outer loop
      vertex 17.846 16.7546 6
      vertex 18.6322 18.1373 0
      vertex 18.6322 18.1373 6
    endloop
  endfacet
  facet normal 0.869301 -0.494283 0
    outer loop
      vertex 18.6322 18.1373 0
      vertex 17.846 16.7546 6
      vertex 17.846 16.7546 0
    endloop
  endfacet
  facet normal 0.494283 0.869301 -0
    outer loop
      vertex -16.7546 17.846 0
      vertex -18.1373 18.6322 6
      vertex -16.7546 17.846 6
    endloop
  endfacet
  facet normal 0.494283 0.869301 0
    outer loop
      vertex -18.1373 18.6322 6
      vertex -16.7546 17.846 0
      vertex -18.1373 18.6322 0
    endloop
  endfacet
  facet normal -0.707107 0.707107 0
    outer loop
      vertex -18.6322 18.1373 0
      vertex -18.1373 18.6322 6
      vertex -18.1373 18.6322 0
    endloop
  endfacet
  facet normal -0.707107 0.707107 0
    outer loop
      vertex -18.1373 18.6322 6
      vertex -18.6322 18.1373 0
      vertex -18.6322 18.1373 6
    endloop
  endfacet
  facet normal -0.869301 -0.494283 0
    outer loop
      vertex -17.846 16.7546 0
      vertex -18.6322 18.1373 6
      vertex -18.6322 18.1373 0
    endloop
  endfacet
  facet normal -0.869301 -0.494283 0
    outer loop
      vertex -18.6322 18.1373 6
      vertex -17.846 16.7546 0
      vertex -17.846 16.7546 6
    endloop
  endfacet
  facet normal 0.766062 0.642766 0
    outer loop
      vertex 20.1421 16.4444 6
      vertex 19.6922 16.9806 0
      vertex 19.6922 16.9806 6
    endloop
  endfacet
  facet normal 0.766062 0.642766 0
    outer loop
      vertex 19.6922 16.9806 0
      vertex 20.1421 16.4444 6
      vertex 20.1421 16.4444 0
    endloop
  endfacet
  facet normal -0.416681 0.909053 0
    outer loop
      vertex 19.6922 16.9806 0
      vertex 18.2462 16.3178 6
      vertex 19.6922 16.9806 6
    endloop
  endfacet
  facet normal -0.416681 0.909053 0
    outer loop
      vertex 18.2462 16.3178 6
      vertex 19.6922 16.9806 0
      vertex 18.2462 16.3178 0
    endloop
  endfacet
  facet normal 0.822936 -0.568134 0
    outer loop
      vertex 19.2384 15.1354 6
      vertex 20.1421 16.4444 0
      vertex 20.1421 16.4444 6
    endloop
  endfacet
  facet normal 0.822936 -0.568134 0
    outer loop
      vertex 20.1421 16.4444 0
      vertex 19.2384 15.1354 6
      vertex 19.2384 15.1354 0
    endloop
  endfacet
  facet normal 0.416681 0.909053 -0
    outer loop
      vertex -18.2462 16.3178 0
      vertex -19.6922 16.9806 6
      vertex -18.2462 16.3178 6
    endloop
  endfacet
  facet normal 0.416681 0.909053 0
    outer loop
      vertex -19.6922 16.9806 6
      vertex -18.2462 16.3178 0
      vertex -19.6922 16.9806 0
    endloop
  endfacet
  facet normal -0.766062 0.642766 0
    outer loop
      vertex -20.1421 16.4444 0
      vertex -19.6922 16.9806 6
      vertex -19.6922 16.9806 0
    endloop
  endfacet
  facet normal -0.766062 0.642766 0
    outer loop
      vertex -19.6922 16.9806 6
      vertex -20.1421 16.4444 0
      vertex -20.1421 16.4444 6
    endloop
  endfacet
  facet normal -0.822936 -0.568134 0
    outer loop
      vertex -19.2384 15.1354 0
      vertex -20.1421 16.4444 6
      vertex -20.1421 16.4444 0
    endloop
  endfacet
  facet normal -0.822936 -0.568134 0
    outer loop
      vertex -20.1421 16.4444 6
      vertex -19.2384 15.1354 0
      vertex -19.2384 15.1354 6
    endloop
  endfacet
  facet normal 0.33585 0.941915 -0
    outer loop
      vertex -19.599 14.6655 0
      vertex -21.0972 15.1997 6
      vertex -19.599 14.6655 6
    endloop
  endfacet
  facet normal 0.33585 0.941915 0
    outer loop
      vertex -21.0972 15.1997 6
      vertex -19.599 14.6655 0
      vertex -21.0972 15.1997 0
    endloop
  endfacet
  facet normal -0.819151 0.573577 0
    outer loop
      vertex -21.4987 14.6263 0
      vertex -21.0972 15.1997 6
      vertex -21.0972 15.1997 0
    endloop
  endfacet
  facet normal -0.819151 0.573577 0
    outer loop
      vertex -21.0972 15.1997 6
      vertex -21.4987 14.6263 0
      vertex -21.4987 14.6263 6
    endloop
  endfacet
  facet normal -0.770258 -0.637732 0
    outer loop
      vertex -20.4843 13.4011 0
      vertex -21.4987 14.6263 6
      vertex -21.4987 14.6263 0
    endloop
  endfacet
  facet normal -0.770258 -0.637732 0
    outer loop
      vertex -21.4987 14.6263 6
      vertex -20.4843 13.4011 0
      vertex -20.4843 13.4011 6
    endloop
  endfacet
  facet normal 0.819151 0.573577 0
    outer loop
      vertex 21.4987 14.6263 6
      vertex 21.0972 15.1997 0
      vertex 21.0972 15.1997 6
    endloop
  endfacet
  facet normal 0.819151 0.573577 0
    outer loop
      vertex 21.0972 15.1997 0
      vertex 21.4987 14.6263 6
      vertex 21.4987 14.6263 0
    endloop
  endfacet
  facet normal -0.33585 0.941915 0
    outer loop
      vertex 21.0972 15.1997 0
      vertex 19.599 14.6655 6
      vertex 21.0972 15.1997 6
    endloop
  endfacet
  facet normal -0.33585 0.941915 0
    outer loop
      vertex 19.599 14.6655 6
      vertex 21.0972 15.1997 0
      vertex 19.599 14.6655 0
    endloop
  endfacet
  facet normal 0.770258 -0.637732 0
    outer loop
      vertex 20.4843 13.4011 6
      vertex 21.4987 14.6263 0
      vertex 21.4987 14.6263 6
    endloop
  endfacet
  facet normal 0.770258 -0.637732 0
    outer loop
      vertex 21.4987 14.6263 0
      vertex 20.4843 13.4011 6
      vertex 20.4843 13.4011 0
    endloop
  endfacet
  facet normal 0.866019 0.500011 0
    outer loop
      vertex 22.6917 12.6969 6
      vertex 22.3417 13.3031 0
      vertex 22.3417 13.3031 6
    endloop
  endfacet
  facet normal 0.866019 0.500011 0
    outer loop
      vertex 22.3417 13.3031 0
      vertex 22.6917 12.6969 6
      vertex 22.6917 12.6969 0
    endloop
  endfacet
  facet normal -0.252478 0.967603 0
    outer loop
      vertex 22.3417 13.3031 0
      vertex 20.8026 12.9015 6
      vertex 22.3417 13.3031 6
    endloop
  endfacet
  facet normal -0.252478 0.967603 0
    outer loop
      vertex 20.8026 12.9015 6
      vertex 22.3417 13.3031 0
      vertex 20.8026 12.9015 0
    endloop
  endfacet
  facet normal 0.711712 -0.702471 0
    outer loop
      vertex 21.5743 11.5648 6
      vertex 22.6917 12.6969 0
      vertex 22.6917 12.6969 6
    endloop
  endfacet
  facet normal 0.711712 -0.702471 0
    outer loop
      vertex 22.6917 12.6969 0
      vertex 21.5743 11.5648 6
      vertex 21.5743 11.5648 0
    endloop
  endfacet
  facet normal 0.252478 0.967603 -0
    outer loop
      vertex -20.8026 12.9015 0
      vertex -22.3417 13.3031 6
      vertex -20.8026 12.9015 6
    endloop
  endfacet
  facet normal 0.252478 0.967603 0
    outer loop
      vertex -22.3417 13.3031 6
      vertex -20.8026 12.9015 0
      vertex -22.3417 13.3031 0
    endloop
  endfacet
  facet normal -0.866019 0.500011 0
    outer loop
      vertex -22.6917 12.6969 0
      vertex -22.3417 13.3031 6
      vertex -22.3417 13.3031 0
    endloop
  endfacet
  facet normal -0.866019 0.500011 0
    outer loop
      vertex -22.3417 13.3031 6
      vertex -22.6917 12.6969 0
      vertex -22.6917 12.6969 6
    endloop
  endfacet
  facet normal -0.711712 -0.702471 0
    outer loop
      vertex -21.5743 11.5648 0
      vertex -22.6917 12.6969 6
      vertex -22.6917 12.6969 0
    endloop
  endfacet
  facet normal -0.711712 -0.702471 0
    outer loop
      vertex -22.6917 12.6969 6
      vertex -21.5743 11.5648 0
      vertex -21.5743 11.5648 6
    endloop
  endfacet
  facet normal 0.906322 0.422588 0
    outer loop
      vertex 23.7119 10.6709 6
      vertex 23.4161 11.3053 0
      vertex 23.4161 11.3053 6
    endloop
  endfacet
  facet normal 0.906322 0.422588 0
    outer loop
      vertex 23.4161 11.3053 0
      vertex 23.7119 10.6709 6
      vertex 23.7119 10.6709 0
    endloop
  endfacet
  facet normal -0.167222 0.985919 0
    outer loop
      vertex 23.4161 11.3053 0
      vertex 21.8478 11.0393 6
      vertex 23.4161 11.3053 6
    endloop
  endfacet
  facet normal -0.167222 0.985919 0
    outer loop
      vertex 21.8478 11.0393 6
      vertex 23.4161 11.3053 0
      vertex 21.8478 11.0393 0
    endloop
  endfacet
  facet normal 0.647829 -0.761786 0
    outer loop
      vertex 22.5002 9.64046 0
      vertex 23.7119 10.6709 6
      vertex 22.5002 9.64046 6
    endloop
  endfacet
  facet normal 0.647829 -0.761786 0
    outer loop
      vertex 23.7119 10.6709 6
      vertex 22.5002 9.64046 0
      vertex 23.7119 10.6709 0
    endloop
  endfacet
  facet normal 0.167222 0.985919 -0
    outer loop
      vertex -21.8478 11.0393 0
      vertex -23.4161 11.3053 6
      vertex -21.8478 11.0393 6
    endloop
  endfacet
  facet normal 0.167222 0.985919 0
    outer loop
      vertex -23.4161 11.3053 6
      vertex -21.8478 11.0393 0
      vertex -23.4161 11.3053 0
    endloop
  endfacet
  facet normal -0.906322 0.422588 0
    outer loop
      vertex -23.7119 10.6709 0
      vertex -23.4161 11.3053 6
      vertex -23.4161 11.3053 0
    endloop
  endfacet
  facet normal -0.906322 0.422588 0
    outer loop
      vertex -23.4161 11.3053 6
      vertex -23.7119 10.6709 0
      vertex -23.7119 10.6709 6
    endloop
  endfacet
  facet normal -0.647829 -0.761786 0
    outer loop
      vertex -23.7119 10.6709 0
      vertex -22.5002 9.64046 6
      vertex -23.7119 10.6709 6
    endloop
  endfacet
  facet normal -0.647829 -0.761786 -0
    outer loop
      vertex -22.5002 9.64046 6
      vertex -23.7119 10.6709 0
      vertex -22.5002 9.64046 0
    endloop
  endfacet
  facet normal 0.939698 0.342005 0
    outer loop
      vertex 24.5517 8.56363 6
      vertex 24.3123 9.22141 0
      vertex 24.3123 9.22141 6
    endloop
  endfacet
  facet normal 0.939698 0.342005 0
    outer loop
      vertex 24.3123 9.22141 0
      vertex 24.5517 8.56363 6
      vertex 24.5517 8.56363 0
    endloop
  endfacet
  facet normal -0.0806135 0.996745 0
    outer loop
      vertex 24.3123 9.22141 0
      vertex 22.7268 9.09318 6
      vertex 24.3123 9.22141 6
    endloop
  endfacet
  facet normal -0.0806135 0.996745 0
    outer loop
      vertex 22.7268 9.09318 6
      vertex 24.3123 9.22141 0
      vertex 22.7268 9.09318 0
    endloop
  endfacet
  facet normal 0.578956 -0.815359 0
    outer loop
      vertex 23.2548 7.64275 0
      vertex 24.5517 8.56363 6
      vertex 23.2548 7.64275 6
    endloop
  endfacet
  facet normal 0.578956 -0.815359 0
    outer loop
      vertex 24.5517 8.56363 6
      vertex 23.2548 7.64275 0
      vertex 24.5517 8.56363 0
    endloop
  endfacet
  facet normal 0.0806135 0.996745 -0
    outer loop
      vertex -22.7268 9.09318 0
      vertex -24.3123 9.22141 6
      vertex -22.7268 9.09318 6
    endloop
  endfacet
  facet normal 0.0806135 0.996745 0
    outer loop
      vertex -24.3123 9.22141 6
      vertex -22.7268 9.09318 0
      vertex -24.3123 9.22141 0
    endloop
  endfacet
  facet normal -0.939698 0.342005 0
    outer loop
      vertex -24.5517 8.56363 0
      vertex -24.3123 9.22141 6
      vertex -24.3123 9.22141 0
    endloop
  endfacet
  facet normal -0.939698 0.342005 0
    outer loop
      vertex -24.3123 9.22141 6
      vertex -24.5517 8.56363 0
      vertex -24.5517 8.56363 6
    endloop
  endfacet
  facet normal -0.578956 -0.815359 0
    outer loop
      vertex -24.5517 8.56363 0
      vertex -23.2548 7.64275 6
      vertex -24.5517 8.56363 6
    endloop
  endfacet
  facet normal -0.578956 -0.815359 -0
    outer loop
      vertex -23.2548 7.64275 6
      vertex -24.5517 8.56363 0
      vertex -23.2548 7.64275 0
    endloop
  endfacet
  facet normal -0.00656971 0.999978 0
    outer loop
      vertex -23.4329 7.0778 0
      vertex -25.0235 7.06735 6
      vertex -23.4329 7.0778 6
    endloop
  endfacet
  facet normal -0.00656971 0.999978 0
    outer loop
      vertex -25.0235 7.06735 6
      vertex -23.4329 7.0778 0
      vertex -25.0235 7.06735 0
    endloop
  endfacet
  facet normal -0.965915 0.258861 0
    outer loop
      vertex -25.2047 6.39122 0
      vertex -25.0235 7.06735 6
      vertex -25.0235 7.06735 0
    endloop
  endfacet
  facet normal -0.965915 0.258861 0
    outer loop
      vertex -25.0235 7.06735 6
      vertex -25.2047 6.39122 0
      vertex -25.2047 6.39122 6
    endloop
  endfacet
  facet normal -0.505667 -0.862729 0
    outer loop
      vertex -25.2047 6.39122 0
      vertex -23.8324 5.58688 6
      vertex -25.2047 6.39122 6
    endloop
  endfacet
  facet normal -0.505667 -0.862729 -0
    outer loop
      vertex -23.8324 5.58688 6
      vertex -25.2047 6.39122 0
      vertex -23.8324 5.58688 0
    endloop
  endfacet
  facet normal 0.965915 0.258861 0
    outer loop
      vertex 25.2047 6.39122 6
      vertex 25.0235 7.06735 0
      vertex 25.0235 7.06735 6
    endloop
  endfacet
  facet normal 0.965915 0.258861 0
    outer loop
      vertex 25.0235 7.06735 0
      vertex 25.2047 6.39122 6
      vertex 25.2047 6.39122 0
    endloop
  endfacet
  facet normal 0.00656971 0.999978 -0
    outer loop
      vertex 25.0235 7.06735 0
      vertex 23.4329 7.0778 6
      vertex 25.0235 7.06735 6
    endloop
  endfacet
  facet normal 0.00656971 0.999978 0
    outer loop
      vertex 23.4329 7.0778 6
      vertex 25.0235 7.06735 0
      vertex 23.4329 7.0778 0
    endloop
  endfacet
  facet normal 0.505667 -0.862729 0
    outer loop
      vertex 23.8324 5.58688 0
      vertex 25.2047 6.39122 6
      vertex 23.8324 5.58688 6
    endloop
  endfacet
  facet normal 0.505667 -0.862729 0
    outer loop
      vertex 25.2047 6.39122 6
      vertex 23.8324 5.58688 0
      vertex 25.2047 6.39122 0
    endloop
  endfacet
  facet normal 0.984795 0.173719 0
    outer loop
      vertex 25.6658 4.17017 6
      vertex 25.5442 4.85951 0
      vertex 25.5442 4.85951 6
    endloop
  endfacet
  facet normal 0.984795 0.173719 0
    outer loop
      vertex 25.5442 4.85951 0
      vertex 25.6658 4.17017 6
      vertex 25.6658 4.17017 0
    endloop
  endfacet
  facet normal 0.0937006 0.9956 -0
    outer loop
      vertex 25.5442 4.85951 0
      vertex 23.9606 5.00855 6
      vertex 25.5442 4.85951 6
    endloop
  endfacet
  facet normal 0.0937006 0.9956 0
    outer loop
      vertex 23.9606 5.00855 6
      vertex 25.5442 4.85951 0
      vertex 23.9606 5.00855 0
    endloop
  endfacet
  facet normal 0.428544 -0.903521 0
    outer loop
      vertex 24.2286 3.4885 0
      vertex 25.6658 4.17017 6
      vertex 24.2286 3.4885 6
    endloop
  endfacet
  facet normal 0.428544 -0.903521 0
    outer loop
      vertex 25.6658 4.17017 6
      vertex 24.2286 3.4885 0
      vertex 25.6658 4.17017 0
    endloop
  endfacet
  facet normal -0.0937006 0.9956 0
    outer loop
      vertex -23.9606 5.00855 0
      vertex -25.5442 4.85951 6
      vertex -23.9606 5.00855 6
    endloop
  endfacet
  facet normal -0.0937006 0.9956 0
    outer loop
      vertex -25.5442 4.85951 6
      vertex -23.9606 5.00855 0
      vertex -25.5442 4.85951 0
    endloop
  endfacet
  facet normal -0.984795 0.173719 0
    outer loop
      vertex -25.6658 4.17017 0
      vertex -25.5442 4.85951 6
      vertex -25.5442 4.85951 0
    endloop
  endfacet
  facet normal -0.984795 0.173719 0
    outer loop
      vertex -25.5442 4.85951 6
      vertex -25.6658 4.17017 0
      vertex -25.6658 4.17017 6
    endloop
  endfacet
  facet normal -0.428544 -0.903521 0
    outer loop
      vertex -25.6658 4.17017 0
      vertex -24.2286 3.4885 6
      vertex -25.6658 4.17017 6
    endloop
  endfacet
  facet normal -0.428544 -0.903521 -0
    outer loop
      vertex -24.2286 3.4885 6
      vertex -25.6658 4.17017 0
      vertex -24.2286 3.4885 0
    endloop
  endfacet
  facet normal -0.180113 0.983646 0
    outer loop
      vertex -24.3059 2.90119 0
      vertex -25.8705 2.6147 6
      vertex -24.3059 2.90119 6
    endloop
  endfacet
  facet normal -0.180113 0.983646 0
    outer loop
      vertex -25.8705 2.6147 6
      vertex -24.3059 2.90119 0
      vertex -25.8705 2.6147 0
    endloop
  endfacet
  facet normal -0.996183 0.087288 0
    outer loop
      vertex -25.9316 1.91739 0
      vertex -25.8705 2.6147 6
      vertex -25.8705 2.6147 0
    endloop
  endfacet
  facet normal -0.996183 0.087288 0
    outer loop
      vertex -25.8705 2.6147 6
      vertex -25.9316 1.91739 0
      vertex -25.9316 1.91739 6
    endloop
  endfacet
  facet normal -0.348188 -0.937425 0
    outer loop
      vertex -25.9316 1.91739 0
      vertex -24.4405 1.36355 6
      vertex -25.9316 1.91739 6
    endloop
  endfacet
  facet normal -0.348188 -0.937425 -0
    outer loop
      vertex -24.4405 1.36355 6
      vertex -25.9316 1.91739 0
      vertex -24.4405 1.36355 0
    endloop
  endfacet
  facet normal 0.996183 0.087288 0
    outer loop
      vertex 25.9316 1.91739 6
      vertex 25.8705 2.6147 0
      vertex 25.8705 2.6147 6
    endloop
  endfacet
  facet normal 0.996183 0.087288 0
    outer loop
      vertex 25.8705 2.6147 0
      vertex 25.9316 1.91739 6
      vertex 25.9316 1.91739 0
    endloop
  endfacet
  facet normal 0.180113 0.983646 -0
    outer loop
      vertex 25.8705 2.6147 0
      vertex 24.3059 2.90119 6
      vertex 25.8705 2.6147 6
    endloop
  endfacet
  facet normal 0.180113 0.983646 0
    outer loop
      vertex 24.3059 2.90119 6
      vertex 25.8705 2.6147 0
      vertex 24.3059 2.90119 0
    endloop
  endfacet
  facet normal 0.348188 -0.937425 0
    outer loop
      vertex 24.4405 1.36355 0
      vertex 25.9316 1.91739 6
      vertex 24.4405 1.36355 6
    endloop
  endfacet
  facet normal 0.348188 -0.937425 0
    outer loop
      vertex 25.9316 1.91739 6
      vertex 24.4405 1.36355 0
      vertex 25.9316 1.91739 0
    endloop
  endfacet
  facet normal -0.265157 0.964205 0
    outer loop
      vertex -24.4663 0.77176 0
      vertex -26 0.349991 6
      vertex -24.4663 0.77176 6
    endloop
  endfacet
  facet normal -0.265157 0.964205 0
    outer loop
      vertex -26 0.349991 6
      vertex -24.4663 0.77176 0
      vertex -26 0.349991 0
    endloop
  endfacet
  facet normal -1 0 0
    outer loop
      vertex -26 -0.349991 0
      vertex -26 0.349991 6
      vertex -26 0.349991 0
    endloop
  endfacet
  facet normal -1 -0 0
    outer loop
      vertex -26 0.349991 6
      vertex -26 -0.349991 0
      vertex -26 -0.349991 6
    endloop
  endfacet
  facet normal -0.265157 -0.964205 0
    outer loop
      vertex -26 -0.349991 0
      vertex -24.4663 -0.77176 6
      vertex -26 -0.349991 6
    endloop
  endfacet
  facet normal -0.265157 -0.964205 -0
    outer loop
      vertex -24.4663 -0.77176 6
      vertex -26 -0.349991 0
      vertex -24.4663 -0.77176 0
    endloop
  endfacet
  facet normal 1 -0 0
    outer loop
      vertex 26 -0.349991 6
      vertex 26 0.349991 0
      vertex 26 0.349991 6
    endloop
  endfacet
  facet normal 1 0 0
    outer loop
      vertex 26 0.349991 0
      vertex 26 -0.349991 6
      vertex 26 -0.349991 0
    endloop
  endfacet
  facet normal 0.265157 0.964205 -0
    outer loop
      vertex 26 0.349991 0
      vertex 24.4663 0.77176 6
      vertex 26 0.349991 6
    endloop
  endfacet
  facet normal 0.265157 0.964205 0
    outer loop
      vertex 24.4663 0.77176 6
      vertex 26 0.349991 0
      vertex 24.4663 0.77176 0
    endloop
  endfacet
  facet normal 0.265157 -0.964205 0
    outer loop
      vertex 24.4663 -0.77176 0
      vertex 26 -0.349991 6
      vertex 24.4663 -0.77176 6
    endloop
  endfacet
  facet normal 0.265157 -0.964205 0
    outer loop
      vertex 26 -0.349991 6
      vertex 24.4663 -0.77176 0
      vertex 26 -0.349991 0
    endloop
  endfacet
  facet normal -0.348188 0.937425 0
    outer loop
      vertex -24.4405 -1.36355 0
      vertex -25.9316 -1.91739 6
      vertex -24.4405 -1.36355 6
    endloop
  endfacet
  facet normal -0.348188 0.937425 0
    outer loop
      vertex -25.9316 -1.91739 6
      vertex -24.4405 -1.36355 0
      vertex -25.9316 -1.91739 0
    endloop
  endfacet
  facet normal -0.996183 -0.087288 0
    outer loop
      vertex -25.8705 -2.6147 0
      vertex -25.9316 -1.91739 6
      vertex -25.9316 -1.91739 0
    endloop
  endfacet
  facet normal -0.996183 -0.087288 0
    outer loop
      vertex -25.9316 -1.91739 6
      vertex -25.8705 -2.6147 0
      vertex -25.8705 -2.6147 6
    endloop
  endfacet
  facet normal -0.180113 -0.983646 0
    outer loop
      vertex -25.8705 -2.6147 0
      vertex -24.3059 -2.90119 6
      vertex -25.8705 -2.6147 6
    endloop
  endfacet
  facet normal -0.180113 -0.983646 -0
    outer loop
      vertex -24.3059 -2.90119 6
      vertex -25.8705 -2.6147 0
      vertex -24.3059 -2.90119 0
    endloop
  endfacet
  facet normal 0.996183 -0.087288 0
    outer loop
      vertex 25.8705 -2.6147 6
      vertex 25.9316 -1.91739 0
      vertex 25.9316 -1.91739 6
    endloop
  endfacet
  facet normal 0.996183 -0.087288 0
    outer loop
      vertex 25.9316 -1.91739 0
      vertex 25.8705 -2.6147 6
      vertex 25.8705 -2.6147 0
    endloop
  endfacet
  facet normal 0.348188 0.937425 -0
    outer loop
      vertex 25.9316 -1.91739 0
      vertex 24.4405 -1.36355 6
      vertex 25.9316 -1.91739 6
    endloop
  endfacet
  facet normal 0.348188 0.937425 0
    outer loop
      vertex 24.4405 -1.36355 6
      vertex 25.9316 -1.91739 0
      vertex 24.4405 -1.36355 0
    endloop
  endfacet
  facet normal 0.180113 -0.983646 0
    outer loop
      vertex 24.3059 -2.90119 0
      vertex 25.8705 -2.6147 6
      vertex 24.3059 -2.90119 6
    endloop
  endfacet
  facet normal 0.180113 -0.983646 0
    outer loop
      vertex 25.8705 -2.6147 6
      vertex 24.3059 -2.90119 0
      vertex 25.8705 -2.6147 0
    endloop
  endfacet
  facet normal -0.428544 0.903521 0
    outer loop
      vertex -24.2286 -3.4885 0
      vertex -25.6658 -4.17017 6
      vertex -24.2286 -3.4885 6
    endloop
  endfacet
  facet normal -0.428544 0.903521 0
    outer loop
      vertex -25.6658 -4.17017 6
      vertex -24.2286 -3.4885 0
      vertex -25.6658 -4.17017 0
    endloop
  endfacet
  facet normal -0.984795 -0.173719 0
    outer loop
      vertex -25.5442 -4.85951 0
      vertex -25.6658 -4.17017 6
      vertex -25.6658 -4.17017 0
    endloop
  endfacet
  facet normal -0.984795 -0.173719 0
    outer loop
      vertex -25.6658 -4.17017 6
      vertex -25.5442 -4.85951 0
      vertex -25.5442 -4.85951 6
    endloop
  endfacet
  facet normal -0.0937006 -0.9956 0
    outer loop
      vertex -25.5442 -4.85951 0
      vertex -23.9606 -5.00855 6
      vertex -25.5442 -4.85951 6
    endloop
  endfacet
  facet normal -0.0937006 -0.9956 -0
    outer loop
      vertex -23.9606 -5.00855 6
      vertex -25.5442 -4.85951 0
      vertex -23.9606 -5.00855 0
    endloop
  endfacet
  facet normal 0.984795 -0.173719 0
    outer loop
      vertex 25.5442 -4.85951 6
      vertex 25.6658 -4.17017 0
      vertex 25.6658 -4.17017 6
    endloop
  endfacet
  facet normal 0.984795 -0.173719 0
    outer loop
      vertex 25.6658 -4.17017 0
      vertex 25.5442 -4.85951 6
      vertex 25.5442 -4.85951 0
    endloop
  endfacet
  facet normal 0.428544 0.903521 -0
    outer loop
      vertex 25.6658 -4.17017 0
      vertex 24.2286 -3.4885 6
      vertex 25.6658 -4.17017 6
    endloop
  endfacet
  facet normal 0.428544 0.903521 0
    outer loop
      vertex 24.2286 -3.4885 6
      vertex 25.6658 -4.17017 0
      vertex 24.2286 -3.4885 0
    endloop
  endfacet
  facet normal 0.0937006 -0.9956 0
    outer loop
      vertex 23.9606 -5.00855 0
      vertex 25.5442 -4.85951 6
      vertex 23.9606 -5.00855 6
    endloop
  endfacet
  facet normal 0.0937006 -0.9956 0
    outer loop
      vertex 25.5442 -4.85951 6
      vertex 23.9606 -5.00855 0
      vertex 25.5442 -4.85951 0
    endloop
  endfacet
  facet normal -0.505667 0.862729 0
    outer loop
      vertex -23.8324 -5.58688 0
      vertex -25.2047 -6.39122 6
      vertex -23.8324 -5.58688 6
    endloop
  endfacet
  facet normal -0.505667 0.862729 0
    outer loop
      vertex -25.2047 -6.39122 6
      vertex -23.8324 -5.58688 0
      vertex -25.2047 -6.39122 0
    endloop
  endfacet
  facet normal -0.965915 -0.258861 0
    outer loop
      vertex -25.0235 -7.06735 0
      vertex -25.2047 -6.39122 6
      vertex -25.2047 -6.39122 0
    endloop
  endfacet
  facet normal -0.965915 -0.258861 0
    outer loop
      vertex -25.2047 -6.39122 6
      vertex -25.0235 -7.06735 0
      vertex -25.0235 -7.06735 6
    endloop
  endfacet
  facet normal -0.00656971 -0.999978 0
    outer loop
      vertex -25.0235 -7.06735 0
      vertex -23.4329 -7.0778 6
      vertex -25.0235 -7.06735 6
    endloop
  endfacet
  facet normal -0.00656971 -0.999978 -0
    outer loop
      vertex -23.4329 -7.0778 6
      vertex -25.0235 -7.06735 0
      vertex -23.4329 -7.0778 0
    endloop
  endfacet
  facet normal 0.965915 -0.258861 0
    outer loop
      vertex 25.0235 -7.06735 6
      vertex 25.2047 -6.39122 0
      vertex 25.2047 -6.39122 6
    endloop
  endfacet
  facet normal 0.965915 -0.258861 0
    outer loop
      vertex 25.2047 -6.39122 0
      vertex 25.0235 -7.06735 6
      vertex 25.0235 -7.06735 0
    endloop
  endfacet
  facet normal 0.505667 0.862729 -0
    outer loop
      vertex 25.2047 -6.39122 0
      vertex 23.8324 -5.58688 6
      vertex 25.2047 -6.39122 6
    endloop
  endfacet
  facet normal 0.505667 0.862729 0
    outer loop
      vertex 23.8324 -5.58688 6
      vertex 25.2047 -6.39122 0
      vertex 23.8324 -5.58688 0
    endloop
  endfacet
  facet normal 0.00656971 -0.999978 0
    outer loop
      vertex 23.4329 -7.0778 0
      vertex 25.0235 -7.06735 6
      vertex 23.4329 -7.0778 6
    endloop
  endfacet
  facet normal 0.00656971 -0.999978 0
    outer loop
      vertex 25.0235 -7.06735 6
      vertex 23.4329 -7.0778 0
      vertex 25.0235 -7.06735 0
    endloop
  endfacet
  facet normal -0.578956 0.815359 0
    outer loop
      vertex -23.2548 -7.64275 0
      vertex -24.5517 -8.56363 6
      vertex -23.2548 -7.64275 6
    endloop
  endfacet
  facet normal -0.578956 0.815359 0
    outer loop
      vertex -24.5517 -8.56363 6
      vertex -23.2548 -7.64275 0
      vertex -24.5517 -8.56363 0
    endloop
  endfacet
  facet normal -0.939698 -0.342005 0
    outer loop
      vertex -24.3123 -9.22141 0
      vertex -24.5517 -8.56363 6
      vertex -24.5517 -8.56363 0
    endloop
  endfacet
  facet normal -0.939698 -0.342005 0
    outer loop
      vertex -24.5517 -8.56363 6
      vertex -24.3123 -9.22141 0
      vertex -24.3123 -9.22141 6
    endloop
  endfacet
  facet normal 0.0806135 -0.996745 0
    outer loop
      vertex -24.3123 -9.22141 0
      vertex -22.7268 -9.09318 6
      vertex -24.3123 -9.22141 6
    endloop
  endfacet
  facet normal 0.0806135 -0.996745 0
    outer loop
      vertex -22.7268 -9.09318 6
      vertex -24.3123 -9.22141 0
      vertex -22.7268 -9.09318 0
    endloop
  endfacet
  facet normal 0.578956 0.815359 -0
    outer loop
      vertex 24.5517 -8.56363 0
      vertex 23.2548 -7.64275 6
      vertex 24.5517 -8.56363 6
    endloop
  endfacet
  facet normal 0.578956 0.815359 0
    outer loop
      vertex 23.2548 -7.64275 6
      vertex 24.5517 -8.56363 0
      vertex 23.2548 -7.64275 0
    endloop
  endfacet
  facet normal -0.0806135 -0.996745 0
    outer loop
      vertex 22.7268 -9.09318 0
      vertex 24.3123 -9.22141 6
      vertex 22.7268 -9.09318 6
    endloop
  endfacet
  facet normal -0.0806135 -0.996745 -0
    outer loop
      vertex 24.3123 -9.22141 6
      vertex 22.7268 -9.09318 0
      vertex 24.3123 -9.22141 0
    endloop
  endfacet
  facet normal 0.939698 -0.342005 0
    outer loop
      vertex 24.3123 -9.22141 6
      vertex 24.5517 -8.56363 0
      vertex 24.5517 -8.56363 6
    endloop
  endfacet
  facet normal 0.939698 -0.342005 0
    outer loop
      vertex 24.5517 -8.56363 0
      vertex 24.3123 -9.22141 6
      vertex 24.3123 -9.22141 0
    endloop
  endfacet
  facet normal -0.647829 0.761786 0
    outer loop
      vertex -22.5002 -9.64046 0
      vertex -23.7119 -10.6709 6
      vertex -22.5002 -9.64046 6
    endloop
  endfacet
  facet normal -0.647829 0.761786 0
    outer loop
      vertex -23.7119 -10.6709 6
      vertex -22.5002 -9.64046 0
      vertex -23.7119 -10.6709 0
    endloop
  endfacet
  facet normal -0.906322 -0.422588 0
    outer loop
      vertex -23.4161 -11.3053 0
      vertex -23.7119 -10.6709 6
      vertex -23.7119 -10.6709 0
    endloop
  endfacet
  facet normal -0.906322 -0.422588 0
    outer loop
      vertex -23.7119 -10.6709 6
      vertex -23.4161 -11.3053 0
      vertex -23.4161 -11.3053 6
    endloop
  endfacet
  facet normal 0.167222 -0.985919 0
    outer loop
      vertex -23.4161 -11.3053 0
      vertex -21.8478 -11.0393 6
      vertex -23.4161 -11.3053 6
    endloop
  endfacet
  facet normal 0.167222 -0.985919 0
    outer loop
      vertex -21.8478 -11.0393 6
      vertex -23.4161 -11.3053 0
      vertex -21.8478 -11.0393 0
    endloop
  endfacet
  facet normal 0.647829 0.761786 -0
    outer loop
      vertex 23.7119 -10.6709 0
      vertex 22.5002 -9.64046 6
      vertex 23.7119 -10.6709 6
    endloop
  endfacet
  facet normal 0.647829 0.761786 0
    outer loop
      vertex 22.5002 -9.64046 6
      vertex 23.7119 -10.6709 0
      vertex 22.5002 -9.64046 0
    endloop
  endfacet
  facet normal -0.167222 -0.985919 0
    outer loop
      vertex 21.8478 -11.0393 0
      vertex 23.4161 -11.3053 6
      vertex 21.8478 -11.0393 6
    endloop
  endfacet
  facet normal -0.167222 -0.985919 -0
    outer loop
      vertex 23.4161 -11.3053 6
      vertex 21.8478 -11.0393 0
      vertex 23.4161 -11.3053 0
    endloop
  endfacet
  facet normal 0.906322 -0.422588 0
    outer loop
      vertex 23.4161 -11.3053 6
      vertex 23.7119 -10.6709 0
      vertex 23.7119 -10.6709 6
    endloop
  endfacet
  facet normal 0.906322 -0.422588 0
    outer loop
      vertex 23.7119 -10.6709 0
      vertex 23.4161 -11.3053 6
      vertex 23.4161 -11.3053 0
    endloop
  endfacet
  facet normal -0.711712 0.702471 0
    outer loop
      vertex -22.6917 -12.6969 0
      vertex -21.5743 -11.5648 6
      vertex -21.5743 -11.5648 0
    endloop
  endfacet
  facet normal -0.711712 0.702471 0
    outer loop
      vertex -21.5743 -11.5648 6
      vertex -22.6917 -12.6969 0
      vertex -22.6917 -12.6969 6
    endloop
  endfacet
  facet normal -0.866019 -0.500011 0
    outer loop
      vertex -22.3417 -13.3031 0
      vertex -22.6917 -12.6969 6
      vertex -22.6917 -12.6969 0
    endloop
  endfacet
  facet normal -0.866019 -0.500011 0
    outer loop
      vertex -22.6917 -12.6969 6
      vertex -22.3417 -13.3031 0
      vertex -22.3417 -13.3031 6
    endloop
  endfacet
  facet normal 0.252478 -0.967603 0
    outer loop
      vertex -22.3417 -13.3031 0
      vertex -20.8026 -12.9015 6
      vertex -22.3417 -13.3031 6
    endloop
  endfacet
  facet normal 0.252478 -0.967603 0
    outer loop
      vertex -20.8026 -12.9015 6
      vertex -22.3417 -13.3031 0
      vertex -20.8026 -12.9015 0
    endloop
  endfacet
  facet normal 0.711712 0.702471 0
    outer loop
      vertex 22.6917 -12.6969 6
      vertex 21.5743 -11.5648 0
      vertex 21.5743 -11.5648 6
    endloop
  endfacet
  facet normal 0.711712 0.702471 0
    outer loop
      vertex 21.5743 -11.5648 0
      vertex 22.6917 -12.6969 6
      vertex 22.6917 -12.6969 0
    endloop
  endfacet
  facet normal -0.252478 -0.967603 0
    outer loop
      vertex 20.8026 -12.9015 0
      vertex 22.3417 -13.3031 6
      vertex 20.8026 -12.9015 6
    endloop
  endfacet
  facet normal -0.252478 -0.967603 -0
    outer loop
      vertex 22.3417 -13.3031 6
      vertex 20.8026 -12.9015 0
      vertex 22.3417 -13.3031 0
    endloop
  endfacet
  facet normal 0.866019 -0.500011 0
    outer loop
      vertex 22.3417 -13.3031 6
      vertex 22.6917 -12.6969 0
      vertex 22.6917 -12.6969 6
    endloop
  endfacet
  facet normal 0.866019 -0.500011 0
    outer loop
      vertex 22.6917 -12.6969 0
      vertex 22.3417 -13.3031 6
      vertex 22.3417 -13.3031 0
    endloop
  endfacet
  facet normal -0.770258 0.637732 0
    outer loop
      vertex -21.4987 -14.6263 0
      vertex -20.4843 -13.4011 6
      vertex -20.4843 -13.4011 0
    endloop
  endfacet
  facet normal -0.770258 0.637732 0
    outer loop
      vertex -20.4843 -13.4011 6
      vertex -21.4987 -14.6263 0
      vertex -21.4987 -14.6263 6
    endloop
  endfacet
  facet normal -0.819151 -0.573577 0
    outer loop
      vertex -21.0972 -15.1997 0
      vertex -21.4987 -14.6263 6
      vertex -21.4987 -14.6263 0
    endloop
  endfacet
  facet normal -0.819151 -0.573577 0
    outer loop
      vertex -21.4987 -14.6263 6
      vertex -21.0972 -15.1997 0
      vertex -21.0972 -15.1997 6
    endloop
  endfacet
  facet normal 0.33585 -0.941915 0
    outer loop
      vertex -21.0972 -15.1997 0
      vertex -19.599 -14.6655 6
      vertex -21.0972 -15.1997 6
    endloop
  endfacet
  facet normal 0.33585 -0.941915 0
    outer loop
      vertex -19.599 -14.6655 6
      vertex -21.0972 -15.1997 0
      vertex -19.599 -14.6655 0
    endloop
  endfacet
  facet normal 0.770258 0.637732 0
    outer loop
      vertex 21.4987 -14.6263 6
      vertex 20.4843 -13.4011 0
      vertex 20.4843 -13.4011 6
    endloop
  endfacet
  facet normal 0.770258 0.637732 0
    outer loop
      vertex 20.4843 -13.4011 0
      vertex 21.4987 -14.6263 6
      vertex 21.4987 -14.6263 0
    endloop
  endfacet
  facet normal -0.33585 -0.941915 0
    outer loop
      vertex 19.599 -14.6655 0
      vertex 21.0972 -15.1997 6
      vertex 19.599 -14.6655 6
    endloop
  endfacet
  facet normal -0.33585 -0.941915 -0
    outer loop
      vertex 21.0972 -15.1997 6
      vertex 19.599 -14.6655 0
      vertex 21.0972 -15.1997 0
    endloop
  endfacet
  facet normal 0.819151 -0.573577 0
    outer loop
      vertex 21.0972 -15.1997 6
      vertex 21.4987 -14.6263 0
      vertex 21.4987 -14.6263 6
    endloop
  endfacet
  facet normal 0.819151 -0.573577 0
    outer loop
      vertex 21.4987 -14.6263 0
      vertex 21.0972 -15.1997 6
      vertex 21.0972 -15.1997 0
    endloop
  endfacet
  facet normal -0.822936 0.568134 0
    outer loop
      vertex -20.1421 -16.4444 0
      vertex -19.2384 -15.1354 6
      vertex -19.2384 -15.1354 0
    endloop
  endfacet
  facet normal -0.822936 0.568134 0
    outer loop
      vertex -19.2384 -15.1354 6
      vertex -20.1421 -16.4444 0
      vertex -20.1421 -16.4444 6
    endloop
  endfacet
  facet normal -0.766062 -0.642766 0
    outer loop
      vertex -19.6922 -16.9806 0
      vertex -20.1421 -16.4444 6
      vertex -20.1421 -16.4444 0
    endloop
  endfacet
  facet normal -0.766062 -0.642766 0
    outer loop
      vertex -20.1421 -16.4444 6
      vertex -19.6922 -16.9806 0
      vertex -19.6922 -16.9806 6
    endloop
  endfacet
  facet normal 0.416681 -0.909053 0
    outer loop
      vertex -19.6922 -16.9806 0
      vertex -18.2462 -16.3178 6
      vertex -19.6922 -16.9806 6
    endloop
  endfacet
  facet normal 0.416681 -0.909053 0
    outer loop
      vertex -18.2462 -16.3178 6
      vertex -19.6922 -16.9806 0
      vertex -18.2462 -16.3178 0
    endloop
  endfacet
  facet normal 0.822936 0.568134 0
    outer loop
      vertex 20.1421 -16.4444 6
      vertex 19.2384 -15.1354 0
      vertex 19.2384 -15.1354 6
    endloop
  endfacet
  facet normal 0.822936 0.568134 0
    outer loop
      vertex 19.2384 -15.1354 0
      vertex 20.1421 -16.4444 6
      vertex 20.1421 -16.4444 0
    endloop
  endfacet
  facet normal -0.416681 -0.909053 0
    outer loop
      vertex 18.2462 -16.3178 0
      vertex 19.6922 -16.9806 6
      vertex 18.2462 -16.3178 6
    endloop
  endfacet
  facet normal -0.416681 -0.909053 -0
    outer loop
      vertex 19.6922 -16.9806 6
      vertex 18.2462 -16.3178 0
      vertex 19.6922 -16.9806 0
    endloop
  endfacet
  facet normal 0.766062 -0.642766 0
    outer loop
      vertex 19.6922 -16.9806 6
      vertex 20.1421 -16.4444 0
      vertex 20.1421 -16.4444 6
    endloop
  endfacet
  facet normal 0.766062 -0.642766 0
    outer loop
      vertex 20.1421 -16.4444 0
      vertex 19.6922 -16.9806 6
      vertex 19.6922 -16.9806 0
    endloop
  endfacet
  facet normal -0.869301 0.494283 0
    outer loop
      vertex -18.6322 -18.1373 0
      vertex -17.846 -16.7546 6
      vertex -17.846 -16.7546 0
    endloop
  endfacet
  facet normal -0.869301 0.494283 0
    outer loop
      vertex -17.846 -16.7546 6
      vertex -18.6322 -18.1373 0
      vertex -18.6322 -18.1373 6
    endloop
  endfacet
  facet normal -0.707107 -0.707107 0
    outer loop
      vertex -18.1373 -18.6322 0
      vertex -18.6322 -18.1373 6
      vertex -18.6322 -18.1373 0
    endloop
  endfacet
  facet normal -0.707107 -0.707107 0
    outer loop
      vertex -18.6322 -18.1373 6
      vertex -18.1373 -18.6322 0
      vertex -18.1373 -18.6322 6
    endloop
  endfacet
  facet normal 0.494283 -0.869301 0
    outer loop
      vertex -18.1373 -18.6322 0
      vertex -16.7546 -17.846 6
      vertex -18.1373 -18.6322 6
    endloop
  endfacet
  facet normal 0.494283 -0.869301 0
    outer loop
      vertex -16.7546 -17.846 6
      vertex -18.1373 -18.6322 0
      vertex -16.7546 -17.846 0
    endloop
  endfacet
  facet normal 0.869301 0.494283 0
    outer loop
      vertex 18.6322 -18.1373 6
      vertex 17.846 -16.7546 0
      vertex 17.846 -16.7546 6
    endloop
  endfacet
  facet normal 0.869301 0.494283 0
    outer loop
      vertex 17.846 -16.7546 0
      vertex 18.6322 -18.1373 6
      vertex 18.6322 -18.1373 0
    endloop
  endfacet
  facet normal -0.494283 -0.869301 0
    outer loop
      vertex 16.7546 -17.846 0
      vertex 18.1373 -18.6322 6
      vertex 16.7546 -17.846 6
    endloop
  endfacet
  facet normal -0.494283 -0.869301 -0
    outer loop
      vertex 18.1373 -18.6322 6
      vertex 16.7546 -17.846 0
      vertex 18.1373 -18.6322 0
    endloop
  endfacet
  facet normal 0.707107 -0.707107 0
    outer loop
      vertex 18.1373 -18.6322 6
      vertex 18.6322 -18.1373 0
      vertex 18.6322 -18.1373 6
    endloop
  endfacet
  facet normal 0.707107 -0.707107 0
    outer loop
      vertex 18.6322 -18.1373 0
      vertex 18.1373 -18.6322 6
      vertex 18.1373 -18.6322 0
    endloop
  endfacet
  facet normal -0.909053 0.416681 0
    outer loop
      vertex -16.9806 -19.6922 0
      vertex -16.3178 -18.2462 6
      vertex -16.3178 -18.2462 0
    endloop
  endfacet
  facet normal -0.909053 0.416681 0
    outer loop
      vertex -16.3178 -18.2462 6
      vertex -16.9806 -19.6922 0
      vertex -16.9806 -19.6922 6
    endloop
  endfacet
  facet normal -0.642766 -0.766062 0
    outer loop
      vertex -16.9806 -19.6922 0
      vertex -16.4444 -20.1421 6
      vertex -16.9806 -19.6922 6
    endloop
  endfacet
  facet normal -0.642766 -0.766062 -0
    outer loop
      vertex -16.4444 -20.1421 6
      vertex -16.9806 -19.6922 0
      vertex -16.4444 -20.1421 0
    endloop
  endfacet
  facet normal 0.568134 -0.822936 0
    outer loop
      vertex -16.4444 -20.1421 0
      vertex -15.1354 -19.2384 6
      vertex -16.4444 -20.1421 6
    endloop
  endfacet
  facet normal 0.568134 -0.822936 0
    outer loop
      vertex -15.1354 -19.2384 6
      vertex -16.4444 -20.1421 0
      vertex -15.1354 -19.2384 0
    endloop
  endfacet
  facet normal 0.909053 0.416681 0
    outer loop
      vertex 16.9806 -19.6922 6
      vertex 16.3178 -18.2462 0
      vertex 16.3178 -18.2462 6
    endloop
  endfacet
  facet normal 0.909053 0.416681 0
    outer loop
      vertex 16.3178 -18.2462 0
      vertex 16.9806 -19.6922 6
      vertex 16.9806 -19.6922 0
    endloop
  endfacet
  facet normal -0.568134 -0.822936 0
    outer loop
      vertex 15.1354 -19.2384 0
      vertex 16.4444 -20.1421 6
      vertex 15.1354 -19.2384 6
    endloop
  endfacet
  facet normal -0.568134 -0.822936 -0
    outer loop
      vertex 16.4444 -20.1421 6
      vertex 15.1354 -19.2384 0
      vertex 16.4444 -20.1421 0
    endloop
  endfacet
  facet normal 0.642766 -0.766062 0
    outer loop
      vertex 16.4444 -20.1421 0
      vertex 16.9806 -19.6922 6
      vertex 16.4444 -20.1421 6
    endloop
  endfacet
  facet normal 0.642766 -0.766062 0
    outer loop
      vertex 16.9806 -19.6922 6
      vertex 16.4444 -20.1421 0
      vertex 16.9806 -19.6922 0
    endloop
  endfacet
  facet normal 0.941915 0.33585 0
    outer loop
      vertex 15.1997 -21.0972 6
      vertex 14.6655 -19.599 0
      vertex 14.6655 -19.599 6
    endloop
  endfacet
  facet normal 0.941915 0.33585 0
    outer loop
      vertex 14.6655 -19.599 0
      vertex 15.1997 -21.0972 6
      vertex 15.1997 -21.0972 0
    endloop
  endfacet
  facet normal -0.637732 -0.770258 0
    outer loop
      vertex 13.4011 -20.4843 0
      vertex 14.6263 -21.4987 6
      vertex 13.4011 -20.4843 6
    endloop
  endfacet
  facet normal -0.637732 -0.770258 -0
    outer loop
      vertex 14.6263 -21.4987 6
      vertex 13.4011 -20.4843 0
      vertex 14.6263 -21.4987 0
    endloop
  endfacet
  facet normal 0.573577 -0.819151 0
    outer loop
      vertex 14.6263 -21.4987 0
      vertex 15.1997 -21.0972 6
      vertex 14.6263 -21.4987 6
    endloop
  endfacet
  facet normal 0.573577 -0.819151 0
    outer loop
      vertex 15.1997 -21.0972 6
      vertex 14.6263 -21.4987 0
      vertex 15.1997 -21.0972 0
    endloop
  endfacet
  facet normal -0.941915 0.33585 0
    outer loop
      vertex -15.1997 -21.0972 0
      vertex -14.6655 -19.599 6
      vertex -14.6655 -19.599 0
    endloop
  endfacet
  facet normal -0.941915 0.33585 0
    outer loop
      vertex -14.6655 -19.599 6
      vertex -15.1997 -21.0972 0
      vertex -15.1997 -21.0972 6
    endloop
  endfacet
  facet normal -0.573577 -0.819151 0
    outer loop
      vertex -15.1997 -21.0972 0
      vertex -14.6263 -21.4987 6
      vertex -15.1997 -21.0972 6
    endloop
  endfacet
  facet normal -0.573577 -0.819151 -0
    outer loop
      vertex -14.6263 -21.4987 6
      vertex -15.1997 -21.0972 0
      vertex -14.6263 -21.4987 0
    endloop
  endfacet
  facet normal 0.637732 -0.770258 0
    outer loop
      vertex -14.6263 -21.4987 0
      vertex -13.4011 -20.4843 6
      vertex -14.6263 -21.4987 6
    endloop
  endfacet
  facet normal 0.637732 -0.770258 0
    outer loop
      vertex -13.4011 -20.4843 6
      vertex -14.6263 -21.4987 0
      vertex -13.4011 -20.4843 0
    endloop
  endfacet
  facet normal 0.967603 0.252478 0
    outer loop
      vertex 13.3031 -22.3417 6
      vertex 12.9015 -20.8026 0
      vertex 12.9015 -20.8026 6
    endloop
  endfacet
  facet normal 0.967603 0.252478 0
    outer loop
      vertex 12.9015 -20.8026 0
      vertex 13.3031 -22.3417 6
      vertex 13.3031 -22.3417 0
    endloop
  endfacet
  facet normal -0.702471 -0.711712 0
    outer loop
      vertex 11.5648 -21.5743 0
      vertex 12.6969 -22.6917 6
      vertex 11.5648 -21.5743 6
    endloop
  endfacet
  facet normal -0.702471 -0.711712 -0
    outer loop
      vertex 12.6969 -22.6917 6
      vertex 11.5648 -21.5743 0
      vertex 12.6969 -22.6917 0
    endloop
  endfacet
  facet normal 0.500011 -0.866019 0
    outer loop
      vertex 12.6969 -22.6917 0
      vertex 13.3031 -22.3417 6
      vertex 12.6969 -22.6917 6
    endloop
  endfacet
  facet normal 0.500011 -0.866019 0
    outer loop
      vertex 13.3031 -22.3417 6
      vertex 12.6969 -22.6917 0
      vertex 13.3031 -22.3417 0
    endloop
  endfacet
  facet normal -0.967603 0.252478 0
    outer loop
      vertex -13.3031 -22.3417 0
      vertex -12.9015 -20.8026 6
      vertex -12.9015 -20.8026 0
    endloop
  endfacet
  facet normal -0.967603 0.252478 0
    outer loop
      vertex -12.9015 -20.8026 6
      vertex -13.3031 -22.3417 0
      vertex -13.3031 -22.3417 6
    endloop
  endfacet
  facet normal -0.500011 -0.866019 0
    outer loop
      vertex -13.3031 -22.3417 0
      vertex -12.6969 -22.6917 6
      vertex -13.3031 -22.3417 6
    endloop
  endfacet
  facet normal -0.500011 -0.866019 -0
    outer loop
      vertex -12.6969 -22.6917 6
      vertex -13.3031 -22.3417 0
      vertex -12.6969 -22.6917 0
    endloop
  endfacet
  facet normal 0.702471 -0.711712 0
    outer loop
      vertex -12.6969 -22.6917 0
      vertex -11.5648 -21.5743 6
      vertex -12.6969 -22.6917 6
    endloop
  endfacet
  facet normal 0.702471 -0.711712 0
    outer loop
      vertex -11.5648 -21.5743 6
      vertex -12.6969 -22.6917 0
      vertex -11.5648 -21.5743 0
    endloop
  endfacet
  facet normal 0.985919 0.167222 0
    outer loop
      vertex 11.3053 -23.4161 6
      vertex 11.0393 -21.8478 0
      vertex 11.0393 -21.8478 6
    endloop
  endfacet
  facet normal 0.985919 0.167222 0
    outer loop
      vertex 11.0393 -21.8478 0
      vertex 11.3053 -23.4161 6
      vertex 11.3053 -23.4161 0
    endloop
  endfacet
  facet normal -0.761786 -0.647829 0
    outer loop
      vertex 10.6709 -23.7119 0
      vertex 9.64046 -22.5002 6
      vertex 9.64046 -22.5002 0
    endloop
  endfacet
  facet normal -0.761786 -0.647829 0
    outer loop
      vertex 9.64046 -22.5002 6
      vertex 10.6709 -23.7119 0
      vertex 10.6709 -23.7119 6
    endloop
  endfacet
  facet normal 0.422588 -0.906322 0
    outer loop
      vertex 10.6709 -23.7119 0
      vertex 11.3053 -23.4161 6
      vertex 10.6709 -23.7119 6
    endloop
  endfacet
  facet normal 0.422588 -0.906322 0
    outer loop
      vertex 11.3053 -23.4161 6
      vertex 10.6709 -23.7119 0
      vertex 11.3053 -23.4161 0
    endloop
  endfacet
  facet normal -0.985919 0.167222 0
    outer loop
      vertex -11.3053 -23.4161 0
      vertex -11.0393 -21.8478 6
      vertex -11.0393 -21.8478 0
    endloop
  endfacet
  facet normal -0.985919 0.167222 0
    outer loop
      vertex -11.0393 -21.8478 6
      vertex -11.3053 -23.4161 0
      vertex -11.3053 -23.4161 6
    endloop
  endfacet
  facet normal -0.422588 -0.906322 0
    outer loop
      vertex -11.3053 -23.4161 0
      vertex -10.6709 -23.7119 6
      vertex -11.3053 -23.4161 6
    endloop
  endfacet
  facet normal -0.422588 -0.906322 -0
    outer loop
      vertex -10.6709 -23.7119 6
      vertex -11.3053 -23.4161 0
      vertex -10.6709 -23.7119 0
    endloop
  endfacet
  facet normal 0.761786 -0.647829 0
    outer loop
      vertex -10.6709 -23.7119 6
      vertex -9.64046 -22.5002 0
      vertex -9.64046 -22.5002 6
    endloop
  endfacet
  facet normal 0.761786 -0.647829 0
    outer loop
      vertex -9.64046 -22.5002 0
      vertex -10.6709 -23.7119 6
      vertex -10.6709 -23.7119 0
    endloop
  endfacet
  facet normal 0.996745 0.0806135 0
    outer loop
      vertex 9.22141 -24.3123 6
      vertex 9.09318 -22.7268 0
      vertex 9.09318 -22.7268 6
    endloop
  endfacet
  facet normal 0.996745 0.0806135 0
    outer loop
      vertex 9.09318 -22.7268 0
      vertex 9.22141 -24.3123 6
      vertex 9.22141 -24.3123 0
    endloop
  endfacet
  facet normal -0.815359 -0.578956 0
    outer loop
      vertex 8.56363 -24.5517 0
      vertex 7.64275 -23.2548 6
      vertex 7.64275 -23.2548 0
    endloop
  endfacet
  facet normal -0.815359 -0.578956 0
    outer loop
      vertex 7.64275 -23.2548 6
      vertex 8.56363 -24.5517 0
      vertex 8.56363 -24.5517 6
    endloop
  endfacet
  facet normal 0.342005 -0.939698 0
    outer loop
      vertex 8.56363 -24.5517 0
      vertex 9.22141 -24.3123 6
      vertex 8.56363 -24.5517 6
    endloop
  endfacet
  facet normal 0.342005 -0.939698 0
    outer loop
      vertex 9.22141 -24.3123 6
      vertex 8.56363 -24.5517 0
      vertex 9.22141 -24.3123 0
    endloop
  endfacet
  facet normal -0.996745 0.0806135 0
    outer loop
      vertex -9.22141 -24.3123 0
      vertex -9.09318 -22.7268 6
      vertex -9.09318 -22.7268 0
    endloop
  endfacet
  facet normal -0.996745 0.0806135 0
    outer loop
      vertex -9.09318 -22.7268 6
      vertex -9.22141 -24.3123 0
      vertex -9.22141 -24.3123 6
    endloop
  endfacet
  facet normal -0.342005 -0.939698 0
    outer loop
      vertex -9.22141 -24.3123 0
      vertex -8.56363 -24.5517 6
      vertex -9.22141 -24.3123 6
    endloop
  endfacet
  facet normal -0.342005 -0.939698 -0
    outer loop
      vertex -8.56363 -24.5517 6
      vertex -9.22141 -24.3123 0
      vertex -8.56363 -24.5517 0
    endloop
  endfacet
  facet normal 0.815359 -0.578956 0
    outer loop
      vertex -8.56363 -24.5517 6
      vertex -7.64275 -23.2548 0
      vertex -7.64275 -23.2548 6
    endloop
  endfacet
  facet normal 0.815359 -0.578956 0
    outer loop
      vertex -7.64275 -23.2548 0
      vertex -8.56363 -24.5517 6
      vertex -8.56363 -24.5517 0
    endloop
  endfacet
  facet normal 0.999978 -0.00656971 0
    outer loop
      vertex 7.06735 -25.0235 6
      vertex 7.0778 -23.4329 0
      vertex 7.0778 -23.4329 6
    endloop
  endfacet
  facet normal 0.999978 -0.00656971 0
    outer loop
      vertex 7.0778 -23.4329 0
      vertex 7.06735 -25.0235 6
      vertex 7.06735 -25.0235 0
    endloop
  endfacet
  facet normal -0.862729 -0.505667 0
    outer loop
      vertex 6.39122 -25.2047 0
      vertex 5.58688 -23.8324 6
      vertex 5.58688 -23.8324 0
    endloop
  endfacet
  facet normal -0.862729 -0.505667 0
    outer loop
      vertex 5.58688 -23.8324 6
      vertex 6.39122 -25.2047 0
      vertex 6.39122 -25.2047 6
    endloop
  endfacet
  facet normal 0.258861 -0.965915 0
    outer loop
      vertex 6.39122 -25.2047 0
      vertex 7.06735 -25.0235 6
      vertex 6.39122 -25.2047 6
    endloop
  endfacet
  facet normal 0.258861 -0.965915 0
    outer loop
      vertex 7.06735 -25.0235 6
      vertex 6.39122 -25.2047 0
      vertex 7.06735 -25.0235 0
    endloop
  endfacet
  facet normal -0.999978 -0.00656971 0
    outer loop
      vertex -7.06735 -25.0235 0
      vertex -7.0778 -23.4329 6
      vertex -7.0778 -23.4329 0
    endloop
  endfacet
  facet normal -0.999978 -0.00656971 0
    outer loop
      vertex -7.0778 -23.4329 6
      vertex -7.06735 -25.0235 0
      vertex -7.06735 -25.0235 6
    endloop
  endfacet
  facet normal -0.258861 -0.965915 0
    outer loop
      vertex -7.06735 -25.0235 0
      vertex -6.39122 -25.2047 6
      vertex -7.06735 -25.0235 6
    endloop
  endfacet
  facet normal -0.258861 -0.965915 -0
    outer loop
      vertex -6.39122 -25.2047 6
      vertex -7.06735 -25.0235 0
      vertex -6.39122 -25.2047 0
    endloop
  endfacet
  facet normal 0.862729 -0.505667 0
    outer loop
      vertex -6.39122 -25.2047 6
      vertex -5.58688 -23.8324 0
      vertex -5.58688 -23.8324 6
    endloop
  endfacet
  facet normal 0.862729 -0.505667 0
    outer loop
      vertex -5.58688 -23.8324 0
      vertex -6.39122 -25.2047 6
      vertex -6.39122 -25.2047 0
    endloop
  endfacet
  facet normal 0.9956 -0.0937006 0
    outer loop
      vertex 4.85951 -25.5442 6
      vertex 5.00855 -23.9606 0
      vertex 5.00855 -23.9606 6
    endloop
  endfacet
  facet normal 0.9956 -0.0937006 0
    outer loop
      vertex 5.00855 -23.9606 0
      vertex 4.85951 -25.5442 6
      vertex 4.85951 -25.5442 0
    endloop
  endfacet
  facet normal -0.903521 -0.428544 0
    outer loop
      vertex 4.17017 -25.6658 0
      vertex 3.4885 -24.2286 6
      vertex 3.4885 -24.2286 0
    endloop
  endfacet
  facet normal -0.903521 -0.428544 0
    outer loop
      vertex 3.4885 -24.2286 6
      vertex 4.17017 -25.6658 0
      vertex 4.17017 -25.6658 6
    endloop
  endfacet
  facet normal 0.173719 -0.984795 0
    outer loop
      vertex 4.17017 -25.6658 0
      vertex 4.85951 -25.5442 6
      vertex 4.17017 -25.6658 6
    endloop
  endfacet
  facet normal 0.173719 -0.984795 0
    outer loop
      vertex 4.85951 -25.5442 6
      vertex 4.17017 -25.6658 0
      vertex 4.85951 -25.5442 0
    endloop
  endfacet
  facet normal -0.9956 -0.0937006 0
    outer loop
      vertex -4.85951 -25.5442 0
      vertex -5.00855 -23.9606 6
      vertex -5.00855 -23.9606 0
    endloop
  endfacet
  facet normal -0.9956 -0.0937006 0
    outer loop
      vertex -5.00855 -23.9606 6
      vertex -4.85951 -25.5442 0
      vertex -4.85951 -25.5442 6
    endloop
  endfacet
  facet normal -0.173719 -0.984795 0
    outer loop
      vertex -4.85951 -25.5442 0
      vertex -4.17017 -25.6658 6
      vertex -4.85951 -25.5442 6
    endloop
  endfacet
  facet normal -0.173719 -0.984795 -0
    outer loop
      vertex -4.17017 -25.6658 6
      vertex -4.85951 -25.5442 0
      vertex -4.17017 -25.6658 0
    endloop
  endfacet
  facet normal 0.903521 -0.428544 0
    outer loop
      vertex -4.17017 -25.6658 6
      vertex -3.4885 -24.2286 0
      vertex -3.4885 -24.2286 6
    endloop
  endfacet
  facet normal 0.903521 -0.428544 0
    outer loop
      vertex -3.4885 -24.2286 0
      vertex -4.17017 -25.6658 6
      vertex -4.17017 -25.6658 0
    endloop
  endfacet
  facet normal 0.983646 -0.180113 0
    outer loop
      vertex 2.6147 -25.8705 6
      vertex 2.90119 -24.3059 0
      vertex 2.90119 -24.3059 6
    endloop
  endfacet
  facet normal 0.983646 -0.180113 0
    outer loop
      vertex 2.90119 -24.3059 0
      vertex 2.6147 -25.8705 6
      vertex 2.6147 -25.8705 0
    endloop
  endfacet
  facet normal -0.937425 -0.348188 0
    outer loop
      vertex 1.91739 -25.9316 0
      vertex 1.36355 -24.4405 6
      vertex 1.36355 -24.4405 0
    endloop
  endfacet
  facet normal -0.937425 -0.348188 0
    outer loop
      vertex 1.36355 -24.4405 6
      vertex 1.91739 -25.9316 0
      vertex 1.91739 -25.9316 6
    endloop
  endfacet
  facet normal 0.087288 -0.996183 0
    outer loop
      vertex 1.91739 -25.9316 0
      vertex 2.6147 -25.8705 6
      vertex 1.91739 -25.9316 6
    endloop
  endfacet
  facet normal 0.087288 -0.996183 0
    outer loop
      vertex 2.6147 -25.8705 6
      vertex 1.91739 -25.9316 0
      vertex 2.6147 -25.8705 0
    endloop
  endfacet
  facet normal -0.983646 -0.180113 0
    outer loop
      vertex -2.6147 -25.8705 0
      vertex -2.90119 -24.3059 6
      vertex -2.90119 -24.3059 0
    endloop
  endfacet
  facet normal -0.983646 -0.180113 0
    outer loop
      vertex -2.90119 -24.3059 6
      vertex -2.6147 -25.8705 0
      vertex -2.6147 -25.8705 6
    endloop
  endfacet
  facet normal -0.087288 -0.996183 0
    outer loop
      vertex -2.6147 -25.8705 0
      vertex -1.91739 -25.9316 6
      vertex -2.6147 -25.8705 6
    endloop
  endfacet
  facet normal -0.087288 -0.996183 -0
    outer loop
      vertex -1.91739 -25.9316 6
      vertex -2.6147 -25.8705 0
      vertex -1.91739 -25.9316 0
    endloop
  endfacet
  facet normal 0.937425 -0.348188 0
    outer loop
      vertex -1.91739 -25.9316 6
      vertex -1.36355 -24.4405 0
      vertex -1.36355 -24.4405 6
    endloop
  endfacet
  facet normal 0.937425 -0.348188 0
    outer loop
      vertex -1.36355 -24.4405 0
      vertex -1.91739 -25.9316 6
      vertex -1.91739 -25.9316 0
    endloop
  endfacet
  facet normal -0.964205 -0.265157 0
    outer loop
      vertex -0.349991 -26 0
      vertex -0.77176 -24.4663 6
      vertex -0.77176 -24.4663 0
    endloop
  endfacet
  facet normal -0.964205 -0.265157 0
    outer loop
      vertex -0.77176 -24.4663 6
      vertex -0.349991 -26 0
      vertex -0.349991 -26 6
    endloop
  endfacet
  facet normal 0 -1 0
    outer loop
      vertex -0.349991 -26 0
      vertex 0.349991 -26 6
      vertex -0.349991 -26 6
    endloop
  endfacet
  facet normal 0 -1 -0
    outer loop
      vertex 0.349991 -26 6
      vertex -0.349991 -26 0
      vertex 0.349991 -26 0
    endloop
  endfacet
  facet normal 0.964205 -0.265157 0
    outer loop
      vertex 0.349991 -26 6
      vertex 0.77176 -24.4663 0
      vertex 0.77176 -24.4663 6
    endloop
  endfacet
  facet normal 0.964205 -0.265157 0
    outer loop
      vertex 0.77176 -24.4663 0
      vertex 0.349991 -26 6
      vertex 0.349991 -26 0
    endloop
  endfacet
  facet normal -0.737275 0.675593 0
    outer loop
      vertex -6.8944 5.78509 3
      vertex -6.36396 6.36396 9
      vertex -6.36396 6.36396 3
    endloop
  endfacet
  facet normal -0.737275 0.675593 0
    outer loop
      vertex -6.36396 6.36396 9
      vertex -6.8944 5.78509 3
      vertex -6.8944 5.78509 9
    endloop
  endfacet
  facet normal 0.991445 0.130524 0
    outer loop
      vertex 8.96575 0.784401 9
      vertex 8.86327 1.56283 3
      vertex 8.86327 1.56283 9
    endloop
  endfacet
  facet normal 0.991445 0.130524 0
    outer loop
      vertex 8.86327 1.56283 3
      vertex 8.96575 0.784401 9
      vertex 8.96575 0.784401 3
    endloop
  endfacet
  facet normal 0.999048 0.0436223 0
    outer loop
      vertex 9 0 9
      vertex 8.96575 0.784401 3
      vertex 8.96575 0.784401 9
    endloop
  endfacet
  facet normal 0.999048 0.0436223 0
    outer loop
      vertex 8.96575 0.784401 3
      vertex 9 0 9
      vertex 9 0 3
    endloop
  endfacet
  facet normal -0.130524 0.991445 0
    outer loop
      vertex -0.784401 8.96575 3
      vertex -1.56283 8.86327 9
      vertex -0.784401 8.96575 9
    endloop
  endfacet
  facet normal -0.130524 0.991445 0
    outer loop
      vertex -1.56283 8.86327 9
      vertex -0.784401 8.96575 3
      vertex -1.56283 8.86327 3
    endloop
  endfacet
  facet normal -0.953717 -0.300707 0
    outer loop
      vertex -8.45723 -3.07818 3
      vertex -8.69333 -2.32937 9
      vertex -8.69333 -2.32937 3
    endloop
  endfacet
  facet normal -0.953717 -0.300707 0
    outer loop
      vertex -8.69333 -2.32937 9
      vertex -8.45723 -3.07818 3
      vertex -8.45723 -3.07818 9
    endloop
  endfacet
  facet normal 0.300707 0.953717 -0
    outer loop
      vertex 3.07818 8.45723 3
      vertex 2.32937 8.69333 9
      vertex 3.07818 8.45723 9
    endloop
  endfacet
  facet normal 0.300707 0.953717 0
    outer loop
      vertex 2.32937 8.69333 9
      vertex 3.07818 8.45723 3
      vertex 2.32937 8.69333 3
    endloop
  endfacet
  facet normal 0.537298 0.843392 -0
    outer loop
      vertex 5.16219 7.37237 3
      vertex 4.5 7.79423 9
      vertex 5.16219 7.37237 9
    endloop
  endfacet
  facet normal 0.537298 0.843392 0
    outer loop
      vertex 4.5 7.79423 9
      vertex 5.16219 7.37237 3
      vertex 4.5 7.79423 3
    endloop
  endfacet
  facet normal 0.461745 -0.887013 0
    outer loop
      vertex 3.80356 -8.15677 3
      vertex 4.5 -7.79423 9
      vertex 3.80356 -8.15677 9
    endloop
  endfacet
  facet normal 0.461745 -0.887013 0
    outer loop
      vertex 4.5 -7.79423 9
      vertex 3.80356 -8.15677 3
      vertex 4.5 -7.79423 3
    endloop
  endfacet
  facet normal -0.0436223 -0.999048 0
    outer loop
      vertex -0.784401 -8.96575 3
      vertex 0 -9 9
      vertex -0.784401 -8.96575 9
    endloop
  endfacet
  facet normal -0.0436223 -0.999048 -0
    outer loop
      vertex 0 -9 9
      vertex -0.784401 -8.96575 3
      vertex 0 -9 3
    endloop
  endfacet
  facet normal 0.300707 -0.953717 0
    outer loop
      vertex 2.32937 -8.69333 3
      vertex 3.07818 -8.45723 9
      vertex 2.32937 -8.69333 9
    endloop
  endfacet
  facet normal 0.300707 -0.953717 0
    outer loop
      vertex 3.07818 -8.45723 9
      vertex 2.32937 -8.69333 3
      vertex 3.07818 -8.45723 3
    endloop
  endfacet
  facet normal 0.0436223 0.999048 -0
    outer loop
      vertex 0.784401 8.96575 3
      vertex 0 9 9
      vertex 0.784401 8.96575 9
    endloop
  endfacet
  facet normal 0.0436223 0.999048 0
    outer loop
      vertex 0 9 9
      vertex 0.784401 8.96575 3
      vertex 0 9 3
    endloop
  endfacet
  facet normal 0.953717 0.300707 0
    outer loop
      vertex 8.69333 2.32937 9
      vertex 8.45723 3.07818 3
      vertex 8.45723 3.07818 9
    endloop
  endfacet
  facet normal 0.953717 0.300707 0
    outer loop
      vertex 8.45723 3.07818 3
      vertex 8.69333 2.32937 9
      vertex 8.69333 2.32937 3
    endloop
  endfacet
  facet normal 0.953717 -0.300707 0
    outer loop
      vertex 8.45723 -3.07818 9
      vertex 8.69333 -2.32937 3
      vertex 8.69333 -2.32937 9
    endloop
  endfacet
  facet normal 0.953717 -0.300707 0
    outer loop
      vertex 8.69333 -2.32937 3
      vertex 8.45723 -3.07818 9
      vertex 8.45723 -3.07818 3
    endloop
  endfacet
  facet normal -0.887013 -0.461745 0
    outer loop
      vertex -7.79423 -4.5 3
      vertex -8.15677 -3.80356 9
      vertex -8.15677 -3.80356 3
    endloop
  endfacet
  facet normal -0.887013 -0.461745 0
    outer loop
      vertex -8.15677 -3.80356 9
      vertex -7.79423 -4.5 3
      vertex -7.79423 -4.5 9
    endloop
  endfacet
  facet normal -0.843392 -0.537298 0
    outer loop
      vertex -7.37237 -5.16219 3
      vertex -7.79423 -4.5 9
      vertex -7.79423 -4.5 3
    endloop
  endfacet
  facet normal -0.843392 -0.537298 0
    outer loop
      vertex -7.79423 -4.5 9
      vertex -7.37237 -5.16219 3
      vertex -7.37237 -5.16219 9
    endloop
  endfacet
  facet normal 0.0436223 -0.999048 0
    outer loop
      vertex 0 -9 3
      vertex 0.784401 -8.96575 9
      vertex 0 -9 9
    endloop
  endfacet
  facet normal 0.0436223 -0.999048 0
    outer loop
      vertex 0.784401 -8.96575 9
      vertex 0 -9 3
      vertex 0.784401 -8.96575 3
    endloop
  endfacet
  facet normal 0.887013 0.461745 0
    outer loop
      vertex 8.15677 3.80356 9
      vertex 7.79423 4.5 3
      vertex 7.79423 4.5 9
    endloop
  endfacet
  facet normal 0.887013 0.461745 0
    outer loop
      vertex 7.79423 4.5 3
      vertex 8.15677 3.80356 9
      vertex 8.15677 3.80356 3
    endloop
  endfacet
  facet normal -0.130524 -0.991445 0
    outer loop
      vertex -1.56283 -8.86327 3
      vertex -0.784401 -8.96575 9
      vertex -1.56283 -8.86327 9
    endloop
  endfacet
  facet normal -0.130524 -0.991445 -0
    outer loop
      vertex -0.784401 -8.96575 9
      vertex -1.56283 -8.86327 3
      vertex -0.784401 -8.96575 3
    endloop
  endfacet
  facet normal 0.991445 -0.130524 0
    outer loop
      vertex 8.86327 -1.56283 9
      vertex 8.96575 -0.784401 3
      vertex 8.96575 -0.784401 9
    endloop
  endfacet
  facet normal 0.991445 -0.130524 0
    outer loop
      vertex 8.96575 -0.784401 3
      vertex 8.86327 -1.56283 9
      vertex 8.86327 -1.56283 3
    endloop
  endfacet
  facet normal 0.608763 0.793352 -0
    outer loop
      vertex 5.78509 6.8944 3
      vertex 5.16219 7.37237 9
      vertex 5.78509 6.8944 9
    endloop
  endfacet
  facet normal 0.608763 0.793352 0
    outer loop
      vertex 5.16219 7.37237 9
      vertex 5.78509 6.8944 3
      vertex 5.16219 7.37237 3
    endloop
  endfacet
  facet normal 0 0 1
    outer loop
      vertex 4.14999 3.04358 9
      vertex 9 0 9
      vertex 8.96575 0.784401 9
    endloop
  endfacet
  facet normal 0 0 1
    outer loop
      vertex 4.14999 3.04358 9
      vertex 8.96575 0.784401 9
      vertex 8.86327 1.56283 9
    endloop
  endfacet
  facet normal 0 0 1
    outer loop
      vertex 4.14999 -3.04358 9
      vertex 9 0 9
      vertex 4.14999 3.04358 9
    endloop
  endfacet
  facet normal 0 0 1
    outer loop
      vertex 4.14999 3.04358 9
      vertex 8.86327 1.56283 9
      vertex 8.69333 2.32937 9
    endloop
  endfacet
  facet normal 0 0 1
    outer loop
      vertex 9 0 9
      vertex 4.14999 -3.04358 9
      vertex 8.96575 -0.784401 9
    endloop
  endfacet
  facet normal -0 0 1
    outer loop
      vertex 4.14999 3.04358 9
      vertex 8.69333 2.32937 9
      vertex 8.45723 3.07818 9
    endloop
  endfacet
  facet normal 0 0 1
    outer loop
      vertex 8.96575 -0.784401 9
      vertex 4.14999 -3.04358 9
      vertex 8.86327 -1.56283 9
    endloop
  endfacet
  facet normal 0 0 1
    outer loop
      vertex 4.14999 3.04358 9
      vertex 8.45723 3.07818 9
      vertex 8.15677 3.80356 9
    endloop
  endfacet
  facet normal 0 0 1
    outer loop
      vertex 8.86327 -1.56283 9
      vertex 4.14999 -3.04358 9
      vertex 8.69333 -2.32937 9
    endloop
  endfacet
  facet normal 0 0 1
    outer loop
      vertex 4.14999 3.04358 9
      vertex 8.15677 3.80356 9
      vertex 7.79423 4.5 9
    endloop
  endfacet
  facet normal 0 0 1
    outer loop
      vertex 8.69333 -2.32937 9
      vertex 4.14999 -3.04358 9
      vertex 8.45723 -3.07818 9
    endloop
  endfacet
  facet normal 0 0 1
    outer loop
      vertex 4.14999 3.04358 9
      vertex 7.79423 4.5 9
      vertex 7.37237 5.16219 9
    endloop
  endfacet
  facet normal 0 0 1
    outer loop
      vertex 8.45723 -3.07818 9
      vertex 4.14999 -3.04358 9
      vertex 8.15677 -3.80356 9
    endloop
  endfacet
  facet normal 0 0 1
    outer loop
      vertex 4.14999 3.04358 9
      vertex 7.37237 5.16219 9
      vertex 6.8944 5.78509 9
    endloop
  endfacet
  facet normal 0 0 1
    outer loop
      vertex 8.15677 -3.80356 9
      vertex 4.14999 -3.04358 9
      vertex 7.79423 -4.5 9
    endloop
  endfacet
  facet normal 0 0 1
    outer loop
      vertex 3.94524 3.31044 9
      vertex 6.8944 5.78509 9
      vertex 6.36396 6.36396 9
    endloop
  endfacet
  facet normal 0 0 1
    outer loop
      vertex 7.79423 -4.5 9
      vertex 4.14999 -3.04358 9
      vertex 7.37237 -5.16219 9
    endloop
  endfacet
  facet normal 0 0 1
    outer loop
      vertex 3.64169 3.64169 9
      vertex 6.36396 6.36396 9
      vertex 5.78509 6.8944 9
    endloop
  endfacet
  facet normal 0 0 1
    outer loop
      vertex 7.37237 -5.16219 9
      vertex 4.14999 -3.04358 9
      vertex 6.8944 -5.78509 9
    endloop
  endfacet
  facet normal 0 0 1
    outer loop
      vertex 3.31044 3.94524 9
      vertex 5.78509 6.8944 9
      vertex 5.16219 7.37237 9
    endloop
  endfacet
  facet normal -0 0 1
    outer loop
      vertex 3.94524 -3.31044 9
      vertex 6.8944 -5.78509 9
      vertex 4.14999 -3.04358 9
    endloop
  endfacet
  facet normal 0 0 1
    outer loop
      vertex 2.95399 4.21873 9
      vertex 5.16219 7.37237 9
      vertex 4.5 7.79423 9
    endloop
  endfacet
  facet normal 0 0 1
    outer loop
      vertex 6.8944 -5.78509 9
      vertex 3.94524 -3.31044 9
      vertex 6.36396 -6.36396 9
    endloop
  endfacet
  facet normal -0 0 1
    outer loop
      vertex 3.64169 -3.64169 9
      vertex 6.36396 -6.36396 9
      vertex 3.94524 -3.31044 9
    endloop
  endfacet
  facet normal 0 0 1
    outer loop
      vertex 6.8944 5.78509 9
      vertex 3.94524 3.31044 9
      vertex 4.14999 3.04358 9
    endloop
  endfacet
  facet normal 0 0 1
    outer loop
      vertex 2.57507 4.46016 9
      vertex 4.5 7.79423 9
      vertex 3.80356 8.15677 9
    endloop
  endfacet
  facet normal 0 0 1
    outer loop
      vertex 6.36396 6.36396 9
      vertex 3.64169 3.64169 9
      vertex 3.94524 3.31044 9
    endloop
  endfacet
  facet normal 0 0 1
    outer loop
      vertex 5.78509 6.8944 9
      vertex 3.31044 3.94524 9
      vertex 3.64169 3.64169 9
    endloop
  endfacet
  facet normal 0 0 1
    outer loop
      vertex 2.17653 4.6676 9
      vertex 3.80356 8.15677 9
      vertex 3.07818 8.45723 9
    endloop
  endfacet
  facet normal 0 0 1
    outer loop
      vertex 5.16219 7.37237 9
      vertex 2.95399 4.21873 9
      vertex 3.31044 3.94524 9
    endloop
  endfacet
  facet normal 0 0 1
    outer loop
      vertex 4.5 7.79423 9
      vertex 2.57507 4.46016 9
      vertex 2.95399 4.21873 9
    endloop
  endfacet
  facet normal 0 0 1
    outer loop
      vertex 1.76144 4.83954 9
      vertex 3.07818 8.45723 9
      vertex 2.32937 8.69333 9
    endloop
  endfacet
  facet normal 0 0 1
    outer loop
      vertex 3.80356 8.15677 9
      vertex 2.17653 4.6676 9
      vertex 2.57507 4.46016 9
    endloop
  endfacet
  facet normal 0 0 1
    outer loop
      vertex 3.07818 8.45723 9
      vertex 1.76144 4.83954 9
      vertex 2.17653 4.6676 9
    endloop
  endfacet
  facet normal 0 0 1
    outer loop
      vertex 1.33295 4.97464 9
      vertex 2.32937 8.69333 9
      vertex 1.56283 8.86327 9
    endloop
  endfacet
  facet normal 0 0 1
    outer loop
      vertex 2.32937 8.69333 9
      vertex 1.33295 4.97464 9
      vertex 1.76144 4.83954 9
    endloop
  endfacet
  facet normal 0 0 1
    outer loop
      vertex 1.56283 8.86327 9
      vertex 0.894318 5.07188 9
      vertex 1.33295 4.97464 9
    endloop
  endfacet
  facet normal 0 0 1
    outer loop
      vertex 0.784401 8.96575 9
      vertex 0.894318 5.07188 9
      vertex 1.56283 8.86327 9
    endloop
  endfacet
  facet normal 0 0 1
    outer loop
      vertex 0.784401 8.96575 9
      vertex 0.448868 5.13054 9
      vertex 0.894318 5.07188 9
    endloop
  endfacet
  facet normal 0 0 1
    outer loop
      vertex 0 9 9
      vertex 0.448868 5.13054 9
      vertex 0.784401 8.96575 9
    endloop
  endfacet
  facet normal 0 0 1
    outer loop
      vertex 0 9 9
      vertex 0 5.15015 9
      vertex 0.448868 5.13054 9
    endloop
  endfacet
  facet normal 0 0 1
    outer loop
      vertex 0 9 9
      vertex -0.448868 5.13054 9
      vertex 0 5.15015 9
    endloop
  endfacet
  facet normal -0 0 1
    outer loop
      vertex -0.784401 8.96575 9
      vertex -0.448868 5.13054 9
      vertex 0 9 9
    endloop
  endfacet
  facet normal 0 0 1
    outer loop
      vertex -0.784401 8.96575 9
      vertex -0.894318 5.07188 9
      vertex -0.448868 5.13054 9
    endloop
  endfacet
  facet normal -0 0 1
    outer loop
      vertex -1.56283 8.86327 9
      vertex -0.894318 5.07188 9
      vertex -0.784401 8.96575 9
    endloop
  endfacet
  facet normal 0 0 1
    outer loop
      vertex -0.894318 5.07188 9
      vertex -1.56283 8.86327 9
      vertex -1.33295 4.97464 9
    endloop
  endfacet
  facet normal -0 0 1
    outer loop
      vertex -2.32937 8.69333 9
      vertex -1.33295 4.97464 9
      vertex -1.56283 8.86327 9
    endloop
  endfacet
  facet normal 0 0 1
    outer loop
      vertex -1.33295 4.97464 9
      vertex -2.32937 8.69333 9
      vertex -1.76144 4.83954 9
    endloop
  endfacet
  facet normal -0 0 1
    outer loop
      vertex -3.07818 8.45723 9
      vertex -1.76144 4.83954 9
      vertex -2.32937 8.69333 9
    endloop
  endfacet
  facet normal 0 0 1
    outer loop
      vertex -1.76144 4.83954 9
      vertex -3.07818 8.45723 9
      vertex -2.17653 4.6676 9
    endloop
  endfacet
  facet normal -0 0 1
    outer loop
      vertex -3.80356 8.15677 9
      vertex -2.17653 4.6676 9
      vertex -3.07818 8.45723 9
    endloop
  endfacet
  facet normal 0 0 1
    outer loop
      vertex -2.17653 4.6676 9
      vertex -3.80356 8.15677 9
      vertex -2.57507 4.46016 9
    endloop
  endfacet
  facet normal -0 0 1
    outer loop
      vertex -4.5 7.79423 9
      vertex -2.57507 4.46016 9
      vertex -3.80356 8.15677 9
    endloop
  endfacet
  facet normal 0 0 1
    outer loop
      vertex -2.57507 4.46016 9
      vertex -4.5 7.79423 9
      vertex -2.95399 4.21873 9
    endloop
  endfacet
  facet normal -0 0 1
    outer loop
      vertex -5.16219 7.37237 9
      vertex -2.95399 4.21873 9
      vertex -4.5 7.79423 9
    endloop
  endfacet
  facet normal 0 0 1
    outer loop
      vertex -2.95399 4.21873 9
      vertex -5.16219 7.37237 9
      vertex -3.31044 3.94524 9
    endloop
  endfacet
  facet normal -0 0 1
    outer loop
      vertex -5.78509 6.8944 9
      vertex -3.31044 3.94524 9
      vertex -5.16219 7.37237 9
    endloop
  endfacet
  facet normal 0 0 1
    outer loop
      vertex -3.31044 3.94524 9
      vertex -5.78509 6.8944 9
      vertex -3.64169 3.64169 9
    endloop
  endfacet
  facet normal -0 0 1
    outer loop
      vertex -6.36396 6.36396 9
      vertex -3.64169 3.64169 9
      vertex -5.78509 6.8944 9
    endloop
  endfacet
  facet normal 0 0 1
    outer loop
      vertex -3.64169 3.64169 9
      vertex -6.36396 6.36396 9
      vertex -3.94524 3.31044 9
    endloop
  endfacet
  facet normal -0 0 1
    outer loop
      vertex -6.8944 5.78509 9
      vertex -3.94524 3.31044 9
      vertex -6.36396 6.36396 9
    endloop
  endfacet
  facet normal 0 0 1
    outer loop
      vertex -3.94524 3.31044 9
      vertex -6.8944 5.78509 9
      vertex -4.21873 2.95399 9
    endloop
  endfacet
  facet normal -0 0 1
    outer loop
      vertex -7.37237 5.16219 9
      vertex -4.21873 2.95399 9
      vertex -6.8944 5.78509 9
    endloop
  endfacet
  facet normal 0 0 1
    outer loop
      vertex -4.21873 2.95399 9
      vertex -7.37237 5.16219 9
      vertex -4.46016 2.57507 9
    endloop
  endfacet
  facet normal 0 0 1
    outer loop
      vertex -4.46016 2.57507 9
      vertex -7.79423 4.5 9
      vertex -4.6676 2.17653 9
    endloop
  endfacet
  facet normal -0 0 1
    outer loop
      vertex -7.79423 4.5 9
      vertex -4.46016 2.57507 9
      vertex -7.37237 5.16219 9
    endloop
  endfacet
  facet normal 0 0 1
    outer loop
      vertex 6.36396 -6.36396 9
      vertex 3.64169 -3.64169 9
      vertex 5.78509 -6.8944 9
    endloop
  endfacet
  facet normal -0 0 1
    outer loop
      vertex 3.31044 -3.94524 9
      vertex 5.78509 -6.8944 9
      vertex 3.64169 -3.64169 9
    endloop
  endfacet
  facet normal 0 0 1
    outer loop
      vertex 5.78509 -6.8944 9
      vertex 3.31044 -3.94524 9
      vertex 5.16219 -7.37237 9
    endloop
  endfacet
  facet normal -0 0 1
    outer loop
      vertex 2.95399 -4.21873 9
      vertex 5.16219 -7.37237 9
      vertex 3.31044 -3.94524 9
    endloop
  endfacet
  facet normal 0 0 1
    outer loop
      vertex 5.16219 -7.37237 9
      vertex 2.95399 -4.21873 9
      vertex 4.5 -7.79423 9
    endloop
  endfacet
  facet normal -0 0 1
    outer loop
      vertex 2.57507 -4.46016 9
      vertex 4.5 -7.79423 9
      vertex 2.95399 -4.21873 9
    endloop
  endfacet
  facet normal 0 0 1
    outer loop
      vertex 4.5 -7.79423 9
      vertex 2.57507 -4.46016 9
      vertex 3.80356 -8.15677 9
    endloop
  endfacet
  facet normal -0 0 1
    outer loop
      vertex 2.17653 -4.6676 9
      vertex 3.80356 -8.15677 9
      vertex 2.57507 -4.46016 9
    endloop
  endfacet
  facet normal 0 0 1
    outer loop
      vertex 3.80356 -8.15677 9
      vertex 2.17653 -4.6676 9
      vertex 3.07818 -8.45723 9
    endloop
  endfacet
  facet normal -0 0 1
    outer loop
      vertex 1.76144 -4.83954 9
      vertex 3.07818 -8.45723 9
      vertex 2.17653 -4.6676 9
    endloop
  endfacet
  facet normal 0 0 1
    outer loop
      vertex 3.07818 -8.45723 9
      vertex 1.76144 -4.83954 9
      vertex 2.32937 -8.69333 9
    endloop
  endfacet
  facet normal -0 0 1
    outer loop
      vertex 1.33295 -4.97464 9
      vertex 2.32937 -8.69333 9
      vertex 1.76144 -4.83954 9
    endloop
  endfacet
  facet normal 0 0 1
    outer loop
      vertex 2.32937 -8.69333 9
      vertex 1.33295 -4.97464 9
      vertex 1.56283 -8.86327 9
    endloop
  endfacet
  facet normal -0 0 1
    outer loop
      vertex 0.894318 -5.07188 9
      vertex 1.56283 -8.86327 9
      vertex 1.33295 -4.97464 9
    endloop
  endfacet
  facet normal 0 0 1
    outer loop
      vertex 0.894318 -5.07188 9
      vertex 0.784401 -8.96575 9
      vertex 1.56283 -8.86327 9
    endloop
  endfacet
  facet normal -0 0 1
    outer loop
      vertex 0.448868 -5.13054 9
      vertex 0.784401 -8.96575 9
      vertex 0.894318 -5.07188 9
    endloop
  endfacet
  facet normal -0 0 1
    outer loop
      vertex 0 -5.15015 9
      vertex 0.784401 -8.96575 9
      vertex 0.448868 -5.13054 9
    endloop
  endfacet
  facet normal 0 0 1
    outer loop
      vertex 0 -5.15015 9
      vertex 0 -9 9
      vertex 0.784401 -8.96575 9
    endloop
  endfacet
  facet normal 0 0 1
    outer loop
      vertex -0.448868 -5.13054 9
      vertex 0 -9 9
      vertex 0 -5.15015 9
    endloop
  endfacet
  facet normal 0 0 1
    outer loop
      vertex -0.448868 -5.13054 9
      vertex -0.784401 -8.96575 9
      vertex 0 -9 9
    endloop
  endfacet
  facet normal 0 0 1
    outer loop
      vertex -0.894318 -5.07188 9
      vertex -0.784401 -8.96575 9
      vertex -0.448868 -5.13054 9
    endloop
  endfacet
  facet normal 0 0 1
    outer loop
      vertex -1.56283 -8.86327 9
      vertex -0.894318 -5.07188 9
      vertex -1.33295 -4.97464 9
    endloop
  endfacet
  facet normal 0 0 1
    outer loop
      vertex -0.894318 -5.07188 9
      vertex -1.56283 -8.86327 9
      vertex -0.784401 -8.96575 9
    endloop
  endfacet
  facet normal 0 0 1
    outer loop
      vertex -2.32937 -8.69333 9
      vertex -1.33295 -4.97464 9
      vertex -1.76144 -4.83954 9
    endloop
  endfacet
  facet normal 0 0 1
    outer loop
      vertex -3.07818 -8.45723 9
      vertex -1.76144 -4.83954 9
      vertex -2.17653 -4.6676 9
    endloop
  endfacet
  facet normal 0 0 1
    outer loop
      vertex -1.33295 -4.97464 9
      vertex -2.32937 -8.69333 9
      vertex -1.56283 -8.86327 9
    endloop
  endfacet
  facet normal 0 0 1
    outer loop
      vertex -3.80356 -8.15677 9
      vertex -2.17653 -4.6676 9
      vertex -2.57507 -4.46016 9
    endloop
  endfacet
  facet normal 0 0 1
    outer loop
      vertex -4.5 -7.79423 9
      vertex -2.57507 -4.46016 9
      vertex -2.95399 -4.21873 9
    endloop
  endfacet
  facet normal 0 0 1
    outer loop
      vertex -1.76144 -4.83954 9
      vertex -3.07818 -8.45723 9
      vertex -2.32937 -8.69333 9
    endloop
  endfacet
  facet normal 0 0 1
    outer loop
      vertex -5.16219 -7.37237 9
      vertex -2.95399 -4.21873 9
      vertex -3.31044 -3.94524 9
    endloop
  endfacet
  facet normal 0 0 1
    outer loop
      vertex -5.78509 -6.8944 9
      vertex -3.31044 -3.94524 9
      vertex -3.64169 -3.64169 9
    endloop
  endfacet
  facet normal 0 0 1
    outer loop
      vertex -2.17653 -4.6676 9
      vertex -3.80356 -8.15677 9
      vertex -3.07818 -8.45723 9
    endloop
  endfacet
  facet normal 0 0 1
    outer loop
      vertex -6.36396 -6.36396 9
      vertex -3.64169 -3.64169 9
      vertex -3.94524 -3.31044 9
    endloop
  endfacet
  facet normal 0 0 1
    outer loop
      vertex -6.8944 -5.78509 9
      vertex -3.94524 -3.31044 9
      vertex -4.21873 -2.95399 9
    endloop
  endfacet
  facet normal 0 0 1
    outer loop
      vertex -7.37237 -5.16219 9
      vertex -4.21873 -2.95399 9
      vertex -4.46016 -2.57507 9
    endloop
  endfacet
  facet normal 0 0 1
    outer loop
      vertex -2.57507 -4.46016 9
      vertex -4.5 -7.79423 9
      vertex -3.80356 -8.15677 9
    endloop
  endfacet
  facet normal 0 0 1
    outer loop
      vertex -7.79423 -4.5 9
      vertex -4.46016 -2.57507 9
      vertex -4.6676 -2.17653 9
    endloop
  endfacet
  facet normal 0 0 1
    outer loop
      vertex -8.15677 -3.80356 9
      vertex -4.6676 -2.17653 9
      vertex -4.83954 -1.76144 9
    endloop
  endfacet
  facet normal 0 0 1
    outer loop
      vertex -8.45723 -3.07818 9
      vertex -4.83954 -1.76144 9
      vertex -4.97464 -1.33295 9
    endloop
  endfacet
  facet normal 0 0 1
    outer loop
      vertex -8.69333 -2.32937 9
      vertex -4.97464 -1.33295 9
      vertex -5.07188 -0.894318 9
    endloop
  endfacet
  facet normal 0 0 1
    outer loop
      vertex -8.86327 -1.56283 9
      vertex -5.07188 -0.894318 9
      vertex -5.13054 -0.448868 9
    endloop
  endfacet
  facet normal 0 0 1
    outer loop
      vertex -2.95399 -4.21873 9
      vertex -5.16219 -7.37237 9
      vertex -4.5 -7.79423 9
    endloop
  endfacet
  facet normal 0 0 1
    outer loop
      vertex -8.96575 -0.784401 9
      vertex -5.13054 -0.448868 9
      vertex -5.15015 0 9
    endloop
  endfacet
  facet normal -0 0 1
    outer loop
      vertex -8.15677 3.80356 9
      vertex -4.6676 2.17653 9
      vertex -7.79423 4.5 9
    endloop
  endfacet
  facet normal 0 0 1
    outer loop
      vertex -4.6676 2.17653 9
      vertex -8.15677 3.80356 9
      vertex -4.83954 1.76144 9
    endloop
  endfacet
  facet normal 0 0 1
    outer loop
      vertex -3.31044 -3.94524 9
      vertex -5.78509 -6.8944 9
      vertex -5.16219 -7.37237 9
    endloop
  endfacet
  facet normal -0 0 1
    outer loop
      vertex -8.45723 3.07818 9
      vertex -4.83954 1.76144 9
      vertex -8.15677 3.80356 9
    endloop
  endfacet
  facet normal 0 0 1
    outer loop
      vertex -3.64169 -3.64169 9
      vertex -6.36396 -6.36396 9
      vertex -5.78509 -6.8944 9
    endloop
  endfacet
  facet normal 0 0 1
    outer loop
      vertex -4.83954 1.76144 9
      vertex -8.45723 3.07818 9
      vertex -4.97464 1.33295 9
    endloop
  endfacet
  facet normal 0 0 1
    outer loop
      vertex -3.94524 -3.31044 9
      vertex -6.8944 -5.78509 9
      vertex -6.36396 -6.36396 9
    endloop
  endfacet
  facet normal -0 0 1
    outer loop
      vertex -8.69333 2.32937 9
      vertex -4.97464 1.33295 9
      vertex -8.45723 3.07818 9
    endloop
  endfacet
  facet normal 0 0 1
    outer loop
      vertex -4.21873 -2.95399 9
      vertex -7.37237 -5.16219 9
      vertex -6.8944 -5.78509 9
    endloop
  endfacet
  facet normal 0 0 1
    outer loop
      vertex -4.97464 1.33295 9
      vertex -8.69333 2.32937 9
      vertex -5.07188 0.894318 9
    endloop
  endfacet
  facet normal 0 0 1
    outer loop
      vertex -4.46016 -2.57507 9
      vertex -7.79423 -4.5 9
      vertex -7.37237 -5.16219 9
    endloop
  endfacet
  facet normal -0 0 1
    outer loop
      vertex -8.86327 1.56283 9
      vertex -5.07188 0.894318 9
      vertex -8.69333 2.32937 9
    endloop
  endfacet
  facet normal 0 0 1
    outer loop
      vertex -4.6676 -2.17653 9
      vertex -8.15677 -3.80356 9
      vertex -7.79423 -4.5 9
    endloop
  endfacet
  facet normal 0 0 1
    outer loop
      vertex -5.07188 0.894318 9
      vertex -8.86327 1.56283 9
      vertex -5.13054 0.448868 9
    endloop
  endfacet
  facet normal 0 0 1
    outer loop
      vertex -4.83954 -1.76144 9
      vertex -8.45723 -3.07818 9
      vertex -8.15677 -3.80356 9
    endloop
  endfacet
  facet normal -0 0 1
    outer loop
      vertex -8.96575 0.784401 9
      vertex -5.13054 0.448868 9
      vertex -8.86327 1.56283 9
    endloop
  endfacet
  facet normal 0 0 1
    outer loop
      vertex -4.97464 -1.33295 9
      vertex -8.69333 -2.32937 9
      vertex -8.45723 -3.07818 9
    endloop
  endfacet
  facet normal 0 0 1
    outer loop
      vertex -5.13054 0.448868 9
      vertex -8.96575 0.784401 9
      vertex -5.15015 0 9
    endloop
  endfacet
  facet normal 0 0 1
    outer loop
      vertex -5.07188 -0.894318 9
      vertex -8.86327 -1.56283 9
      vertex -8.69333 -2.32937 9
    endloop
  endfacet
  facet normal 0 0 1
    outer loop
      vertex -9 0 9
      vertex -5.15015 0 9
      vertex -8.96575 0.784401 9
    endloop
  endfacet
  facet normal 0 0 1
    outer loop
      vertex -5.13054 -0.448868 9
      vertex -8.96575 -0.784401 9
      vertex -8.86327 -1.56283 9
    endloop
  endfacet
  facet normal 0 0 1
    outer loop
      vertex -5.15015 0 9
      vertex -9 0 9
      vertex -8.96575 -0.784401 9
    endloop
  endfacet
  facet normal -0.976295 0.216442 0
    outer loop
      vertex -8.86327 1.56283 3
      vertex -8.69333 2.32937 9
      vertex -8.69333 2.32937 3
    endloop
  endfacet
  facet normal -0.976295 0.216442 0
    outer loop
      vertex -8.69333 2.32937 9
      vertex -8.86327 1.56283 3
      vertex -8.86327 1.56283 9
    endloop
  endfacet
  facet normal 0.793352 -0.608763 0
    outer loop
      vertex 6.8944 -5.78509 9
      vertex 7.37237 -5.16219 3
      vertex 7.37237 -5.16219 9
    endloop
  endfacet
  facet normal 0.793352 -0.608763 0
    outer loop
      vertex 7.37237 -5.16219 3
      vertex 6.8944 -5.78509 9
      vertex 6.8944 -5.78509 3
    endloop
  endfacet
  facet normal -0.461745 0.887013 0
    outer loop
      vertex -3.80356 8.15677 3
      vertex -4.5 7.79423 9
      vertex -3.80356 8.15677 9
    endloop
  endfacet
  facet normal -0.461745 0.887013 0
    outer loop
      vertex -4.5 7.79423 9
      vertex -3.80356 8.15677 3
      vertex -4.5 7.79423 3
    endloop
  endfacet
  facet normal 0.793352 0.608763 0
    outer loop
      vertex 7.37237 5.16219 9
      vertex 6.8944 5.78509 3
      vertex 6.8944 5.78509 9
    endloop
  endfacet
  facet normal 0.793352 0.608763 0
    outer loop
      vertex 6.8944 5.78509 3
      vertex 7.37237 5.16219 9
      vertex 7.37237 5.16219 3
    endloop
  endfacet
  facet normal -0.0436223 0.999048 0
    outer loop
      vertex 0 9 3
      vertex -0.784401 8.96575 9
      vertex 0 9 9
    endloop
  endfacet
  facet normal -0.0436223 0.999048 0
    outer loop
      vertex -0.784401 8.96575 9
      vertex 0 9 3
      vertex -0.784401 8.96575 3
    endloop
  endfacet
  facet normal 0.737275 -0.675593 0
    outer loop
      vertex 6.36396 -6.36396 9
      vertex 6.8944 -5.78509 3
      vertex 6.8944 -5.78509 9
    endloop
  endfacet
  facet normal 0.737275 -0.675593 0
    outer loop
      vertex 6.8944 -5.78509 3
      vertex 6.36396 -6.36396 9
      vertex 6.36396 -6.36396 3
    endloop
  endfacet
  facet normal -0.976295 -0.216442 0
    outer loop
      vertex -8.69333 -2.32937 3
      vertex -8.86327 -1.56283 9
      vertex -8.86327 -1.56283 3
    endloop
  endfacet
  facet normal -0.976295 -0.216442 0
    outer loop
      vertex -8.86327 -1.56283 9
      vertex -8.69333 -2.32937 3
      vertex -8.69333 -2.32937 9
    endloop
  endfacet
  facet normal -0.300707 0.953717 0
    outer loop
      vertex -2.32937 8.69333 3
      vertex -3.07818 8.45723 9
      vertex -2.32937 8.69333 9
    endloop
  endfacet
  facet normal -0.300707 0.953717 0
    outer loop
      vertex -3.07818 8.45723 9
      vertex -2.32937 8.69333 3
      vertex -3.07818 8.45723 3
    endloop
  endfacet
  facet normal 0.887013 -0.461745 0
    outer loop
      vertex 7.79423 -4.5 9
      vertex 8.15677 -3.80356 3
      vertex 8.15677 -3.80356 9
    endloop
  endfacet
  facet normal 0.887013 -0.461745 0
    outer loop
      vertex 8.15677 -3.80356 3
      vertex 7.79423 -4.5 9
      vertex 7.79423 -4.5 3
    endloop
  endfacet
  facet normal -0.793352 -0.608763 0
    outer loop
      vertex -6.8944 -5.78509 3
      vertex -7.37237 -5.16219 9
      vertex -7.37237 -5.16219 3
    endloop
  endfacet
  facet normal -0.793352 -0.608763 0
    outer loop
      vertex -7.37237 -5.16219 9
      vertex -6.8944 -5.78509 3
      vertex -6.8944 -5.78509 9
    endloop
  endfacet
  facet normal -0.843392 0.537298 0
    outer loop
      vertex -7.79423 4.5 3
      vertex -7.37237 5.16219 9
      vertex -7.37237 5.16219 3
    endloop
  endfacet
  facet normal -0.843392 0.537298 0
    outer loop
      vertex -7.37237 5.16219 9
      vertex -7.79423 4.5 3
      vertex -7.79423 4.5 9
    endloop
  endfacet
  facet normal 0.216442 -0.976295 0
    outer loop
      vertex 1.56283 -8.86327 3
      vertex 2.32937 -8.69333 9
      vertex 1.56283 -8.86327 9
    endloop
  endfacet
  facet normal 0.216442 -0.976295 0
    outer loop
      vertex 2.32937 -8.69333 9
      vertex 1.56283 -8.86327 3
      vertex 2.32937 -8.69333 3
    endloop
  endfacet
  facet normal 0.608763 -0.793352 0
    outer loop
      vertex 5.16219 -7.37237 3
      vertex 5.78509 -6.8944 9
      vertex 5.16219 -7.37237 9
    endloop
  endfacet
  facet normal 0.608763 -0.793352 0
    outer loop
      vertex 5.78509 -6.8944 9
      vertex 5.16219 -7.37237 3
      vertex 5.78509 -6.8944 3
    endloop
  endfacet
  facet normal 0.923881 -0.382681 0
    outer loop
      vertex 8.15677 -3.80356 9
      vertex 8.45723 -3.07818 3
      vertex 8.45723 -3.07818 9
    endloop
  endfacet
  facet normal 0.923881 -0.382681 0
    outer loop
      vertex 8.45723 -3.07818 3
      vertex 8.15677 -3.80356 9
      vertex 8.15677 -3.80356 3
    endloop
  endfacet
  facet normal 0.923881 0.382681 0
    outer loop
      vertex 8.45723 3.07818 9
      vertex 8.15677 3.80356 3
      vertex 8.15677 3.80356 9
    endloop
  endfacet
  facet normal 0.923881 0.382681 0
    outer loop
      vertex 8.15677 3.80356 3
      vertex 8.45723 3.07818 9
      vertex 8.45723 3.07818 3
    endloop
  endfacet
  facet normal -0.608763 -0.793352 0
    outer loop
      vertex -5.78509 -6.8944 3
      vertex -5.16219 -7.37237 9
      vertex -5.78509 -6.8944 9
    endloop
  endfacet
  facet normal -0.608763 -0.793352 -0
    outer loop
      vertex -5.16219 -7.37237 9
      vertex -5.78509 -6.8944 3
      vertex -5.16219 -7.37237 3
    endloop
  endfacet
  facet normal -0.608763 0.793352 0
    outer loop
      vertex -5.16219 7.37237 3
      vertex -5.78509 6.8944 9
      vertex -5.16219 7.37237 9
    endloop
  endfacet
  facet normal -0.608763 0.793352 0
    outer loop
      vertex -5.78509 6.8944 9
      vertex -5.16219 7.37237 3
      vertex -5.78509 6.8944 3
    endloop
  endfacet
  facet normal -0.953717 0.300707 0
    outer loop
      vertex -8.69333 2.32937 3
      vertex -8.45723 3.07818 9
      vertex -8.45723 3.07818 3
    endloop
  endfacet
  facet normal -0.953717 0.300707 0
    outer loop
      vertex -8.45723 3.07818 9
      vertex -8.69333 2.32937 3
      vertex -8.69333 2.32937 9
    endloop
  endfacet
  facet normal 0.382681 0.923881 -0
    outer loop
      vertex 3.80356 8.15677 3
      vertex 3.07818 8.45723 9
      vertex 3.80356 8.15677 9
    endloop
  endfacet
  facet normal 0.382681 0.923881 0
    outer loop
      vertex 3.07818 8.45723 9
      vertex 3.80356 8.15677 3
      vertex 3.07818 8.45723 3
    endloop
  endfacet
  facet normal -0.216442 0.976295 0
    outer loop
      vertex -1.56283 8.86327 3
      vertex -2.32937 8.69333 9
      vertex -1.56283 8.86327 9
    endloop
  endfacet
  facet normal -0.216442 0.976295 0
    outer loop
      vertex -2.32937 8.69333 9
      vertex -1.56283 8.86327 3
      vertex -2.32937 8.69333 3
    endloop
  endfacet
  facet normal 0.843392 -0.537298 0
    outer loop
      vertex 7.37237 -5.16219 9
      vertex 7.79423 -4.5 3
      vertex 7.79423 -4.5 9
    endloop
  endfacet
  facet normal 0.843392 -0.537298 0
    outer loop
      vertex 7.79423 -4.5 3
      vertex 7.37237 -5.16219 9
      vertex 7.37237 -5.16219 3
    endloop
  endfacet
  facet normal 0.461745 0.887013 -0
    outer loop
      vertex 4.5 7.79423 3
      vertex 3.80356 8.15677 9
      vertex 4.5 7.79423 9
    endloop
  endfacet
  facet normal 0.461745 0.887013 0
    outer loop
      vertex 3.80356 8.15677 9
      vertex 4.5 7.79423 3
      vertex 3.80356 8.15677 3
    endloop
  endfacet
  facet normal 0.843392 0.537298 0
    outer loop
      vertex 7.79423 4.5 9
      vertex 7.37237 5.16219 3
      vertex 7.37237 5.16219 9
    endloop
  endfacet
  facet normal 0.843392 0.537298 0
    outer loop
      vertex 7.37237 5.16219 3
      vertex 7.79423 4.5 9
      vertex 7.79423 4.5 3
    endloop
  endfacet
  facet normal -0.887013 0.461745 0
    outer loop
      vertex -8.15677 3.80356 3
      vertex -7.79423 4.5 9
      vertex -7.79423 4.5 3
    endloop
  endfacet
  facet normal -0.887013 0.461745 0
    outer loop
      vertex -7.79423 4.5 9
      vertex -8.15677 3.80356 3
      vertex -8.15677 3.80356 9
    endloop
  endfacet
  facet normal -0.382681 0.923881 0
    outer loop
      vertex -3.07818 8.45723 3
      vertex -3.80356 8.15677 9
      vertex -3.07818 8.45723 9
    endloop
  endfacet
  facet normal -0.382681 0.923881 0
    outer loop
      vertex -3.80356 8.15677 9
      vertex -3.07818 8.45723 3
      vertex -3.80356 8.15677 3
    endloop
  endfacet
  facet normal -0.675593 0.737275 0
    outer loop
      vertex -5.78509 6.8944 3
      vertex -6.36396 6.36396 9
      vertex -5.78509 6.8944 9
    endloop
  endfacet
  facet normal -0.675593 0.737275 0
    outer loop
      vertex -6.36396 6.36396 9
      vertex -5.78509 6.8944 3
      vertex -6.36396 6.36396 3
    endloop
  endfacet
  facet normal -0.537298 0.843392 0
    outer loop
      vertex -4.5 7.79423 3
      vertex -5.16219 7.37237 9
      vertex -4.5 7.79423 9
    endloop
  endfacet
  facet normal -0.537298 0.843392 0
    outer loop
      vertex -5.16219 7.37237 9
      vertex -4.5 7.79423 3
      vertex -5.16219 7.37237 3
    endloop
  endfacet
  facet normal -0.216442 -0.976295 0
    outer loop
      vertex -2.32937 -8.69333 3
      vertex -1.56283 -8.86327 9
      vertex -2.32937 -8.69333 9
    endloop
  endfacet
  facet normal -0.216442 -0.976295 -0
    outer loop
      vertex -1.56283 -8.86327 9
      vertex -2.32937 -8.69333 3
      vertex -1.56283 -8.86327 3
    endloop
  endfacet
  facet normal -0.737275 -0.675593 0
    outer loop
      vertex -6.36396 -6.36396 3
      vertex -6.8944 -5.78509 9
      vertex -6.8944 -5.78509 3
    endloop
  endfacet
  facet normal -0.737275 -0.675593 0
    outer loop
      vertex -6.8944 -5.78509 9
      vertex -6.36396 -6.36396 3
      vertex -6.36396 -6.36396 9
    endloop
  endfacet
  facet normal 0.675593 -0.737275 0
    outer loop
      vertex 5.78509 -6.8944 3
      vertex 6.36396 -6.36396 9
      vertex 5.78509 -6.8944 9
    endloop
  endfacet
  facet normal 0.675593 -0.737275 0
    outer loop
      vertex 6.36396 -6.36396 9
      vertex 5.78509 -6.8944 3
      vertex 6.36396 -6.36396 3
    endloop
  endfacet
  facet normal -0.991445 -0.130524 0
    outer loop
      vertex -8.86327 -1.56283 3
      vertex -8.96575 -0.784401 9
      vertex -8.96575 -0.784401 3
    endloop
  endfacet
  facet normal -0.991445 -0.130524 0
    outer loop
      vertex -8.96575 -0.784401 9
      vertex -8.86327 -1.56283 3
      vertex -8.86327 -1.56283 9
    endloop
  endfacet
  facet normal 0.382681 -0.923881 0
    outer loop
      vertex 3.07818 -8.45723 3
      vertex 3.80356 -8.15677 9
      vertex 3.07818 -8.45723 9
    endloop
  endfacet
  facet normal 0.382681 -0.923881 0
    outer loop
      vertex 3.80356 -8.15677 9
      vertex 3.07818 -8.45723 3
      vertex 3.80356 -8.15677 3
    endloop
  endfacet
  facet normal 0.999048 -0.0436223 0
    outer loop
      vertex 8.96575 -0.784401 9
      vertex 9 0 3
      vertex 9 0 9
    endloop
  endfacet
  facet normal 0.999048 -0.0436223 0
    outer loop
      vertex 9 0 3
      vertex 8.96575 -0.784401 9
      vertex 8.96575 -0.784401 3
    endloop
  endfacet
  facet normal -0.999048 -0.0436223 0
    outer loop
      vertex -8.96575 -0.784401 3
      vertex -9 0 9
      vertex -9 0 3
    endloop
  endfacet
  facet normal -0.999048 -0.0436223 0
    outer loop
      vertex -9 0 9
      vertex -8.96575 -0.784401 3
      vertex -8.96575 -0.784401 9
    endloop
  endfacet
  facet normal 0.130524 0.991445 -0
    outer loop
      vertex 1.56283 8.86327 3
      vertex 0.784401 8.96575 9
      vertex 1.56283 8.86327 9
    endloop
  endfacet
  facet normal 0.130524 0.991445 0
    outer loop
      vertex 0.784401 8.96575 9
      vertex 1.56283 8.86327 3
      vertex 0.784401 8.96575 3
    endloop
  endfacet
  facet normal -0.675593 -0.737275 0
    outer loop
      vertex -6.36396 -6.36396 3
      vertex -5.78509 -6.8944 9
      vertex -6.36396 -6.36396 9
    endloop
  endfacet
  facet normal -0.675593 -0.737275 -0
    outer loop
      vertex -5.78509 -6.8944 9
      vertex -6.36396 -6.36396 3
      vertex -5.78509 -6.8944 3
    endloop
  endfacet
  facet normal 0.537298 -0.843392 0
    outer loop
      vertex 4.5 -7.79423 3
      vertex 5.16219 -7.37237 9
      vertex 4.5 -7.79423 9
    endloop
  endfacet
  facet normal 0.537298 -0.843392 0
    outer loop
      vertex 5.16219 -7.37237 9
      vertex 4.5 -7.79423 3
      vertex 5.16219 -7.37237 3
    endloop
  endfacet
  facet normal 0.737275 0.675593 0
    outer loop
      vertex 6.8944 5.78509 9
      vertex 6.36396 6.36396 3
      vertex 6.36396 6.36396 9
    endloop
  endfacet
  facet normal 0.737275 0.675593 0
    outer loop
      vertex 6.36396 6.36396 3
      vertex 6.8944 5.78509 9
      vertex 6.8944 5.78509 3
    endloop
  endfacet
  facet normal 0.130524 -0.991445 0
    outer loop
      vertex 0.784401 -8.96575 3
      vertex 1.56283 -8.86327 9
      vertex 0.784401 -8.96575 9
    endloop
  endfacet
  facet normal 0.130524 -0.991445 0
    outer loop
      vertex 1.56283 -8.86327 9
      vertex 0.784401 -8.96575 3
      vertex 1.56283 -8.86327 3
    endloop
  endfacet
  facet normal 0.675593 0.737275 -0
    outer loop
      vertex 6.36396 6.36396 3
      vertex 5.78509 6.8944 9
      vertex 6.36396 6.36396 9
    endloop
  endfacet
  facet normal 0.675593 0.737275 0
    outer loop
      vertex 5.78509 6.8944 9
      vertex 6.36396 6.36396 3
      vertex 5.78509 6.8944 3
    endloop
  endfacet
  facet normal 0.976295 0.216442 0
    outer loop
      vertex 8.86327 1.56283 9
      vertex 8.69333 2.32937 3
      vertex 8.69333 2.32937 9
    endloop
  endfacet
  facet normal 0.976295 0.216442 0
    outer loop
      vertex 8.69333 2.32937 3
      vertex 8.86327 1.56283 9
      vertex 8.86327 1.56283 3
    endloop
  endfacet
  facet normal -0.923881 -0.382681 0
    outer loop
      vertex -8.15677 -3.80356 3
      vertex -8.45723 -3.07818 9
      vertex -8.45723 -3.07818 3
    endloop
  endfacet
  facet normal -0.923881 -0.382681 0
    outer loop
      vertex -8.45723 -3.07818 9
      vertex -8.15677 -3.80356 3
      vertex -8.15677 -3.80356 9
    endloop
  endfacet
  facet normal -0.991445 0.130524 0
    outer loop
      vertex -8.96575 0.784401 3
      vertex -8.86327 1.56283 9
      vertex -8.86327 1.56283 3
    endloop
  endfacet
  facet normal -0.991445 0.130524 0
    outer loop
      vertex -8.86327 1.56283 9
      vertex -8.96575 0.784401 3
      vertex -8.96575 0.784401 9
    endloop
  endfacet
  facet normal -0.999048 0.0436223 0
    outer loop
      vertex -9 0 3
      vertex -8.96575 0.784401 9
      vertex -8.96575 0.784401 3
    endloop
  endfacet
  facet normal -0.999048 0.0436223 0
    outer loop
      vertex -8.96575 0.784401 9
      vertex -9 0 3
      vertex -9 0 9
    endloop
  endfacet
  facet normal -0.300707 -0.953717 0
    outer loop
      vertex -3.07818 -8.45723 3
      vertex -2.32937 -8.69333 9
      vertex -3.07818 -8.45723 9
    endloop
  endfacet
  facet normal -0.300707 -0.953717 -0
    outer loop
      vertex -2.32937 -8.69333 9
      vertex -3.07818 -8.45723 3
      vertex -2.32937 -8.69333 3
    endloop
  endfacet
  facet normal 0.976295 -0.216442 0
    outer loop
      vertex 8.69333 -2.32937 9
      vertex 8.86327 -1.56283 3
      vertex 8.86327 -1.56283 9
    endloop
  endfacet
  facet normal 0.976295 -0.216442 0
    outer loop
      vertex 8.86327 -1.56283 3
      vertex 8.69333 -2.32937 9
      vertex 8.69333 -2.32937 3
    endloop
  endfacet
  facet normal 0.216442 0.976295 -0
    outer loop
      vertex 2.32937 8.69333 3
      vertex 1.56283 8.86327 9
      vertex 2.32937 8.69333 9
    endloop
  endfacet
  facet normal 0.216442 0.976295 0
    outer loop
      vertex 1.56283 8.86327 9
      vertex 2.32937 8.69333 3
      vertex 1.56283 8.86327 3
    endloop
  endfacet
  facet normal -0.923881 0.382681 0
    outer loop
      vertex -8.45723 3.07818 3
      vertex -8.15677 3.80356 9
      vertex -8.15677 3.80356 3
    endloop
  endfacet
  facet normal -0.923881 0.382681 0
    outer loop
      vertex -8.15677 3.80356 9
      vertex -8.45723 3.07818 3
      vertex -8.45723 3.07818 9
    endloop
  endfacet
  facet normal -0.537298 -0.843392 0
    outer loop
      vertex -5.16219 -7.37237 3
      vertex -4.5 -7.79423 9
      vertex -5.16219 -7.37237 9
    endloop
  endfacet
  facet normal -0.537298 -0.843392 -0
    outer loop
      vertex -4.5 -7.79423 9
      vertex -5.16219 -7.37237 3
      vertex -4.5 -7.79423 3
    endloop
  endfacet
  facet normal -0.461745 -0.887013 0
    outer loop
      vertex -4.5 -7.79423 3
      vertex -3.80356 -8.15677 9
      vertex -4.5 -7.79423 9
    endloop
  endfacet
  facet normal -0.461745 -0.887013 -0
    outer loop
      vertex -3.80356 -8.15677 9
      vertex -4.5 -7.79423 3
      vertex -3.80356 -8.15677 3
    endloop
  endfacet
  facet normal -0.382681 -0.923881 0
    outer loop
      vertex -3.80356 -8.15677 3
      vertex -3.07818 -8.45723 9
      vertex -3.80356 -8.15677 9
    endloop
  endfacet
  facet normal -0.382681 -0.923881 -0
    outer loop
      vertex -3.07818 -8.45723 9
      vertex -3.80356 -8.15677 3
      vertex -3.07818 -8.45723 3
    endloop
  endfacet
  facet normal -0.793352 0.608763 0
    outer loop
      vertex -7.37237 5.16219 3
      vertex -6.8944 5.78509 9
      vertex -6.8944 5.78509 3
    endloop
  endfacet
  facet normal -0.793352 0.608763 0
    outer loop
      vertex -6.8944 5.78509 9
      vertex -7.37237 5.16219 3
      vertex -7.37237 5.16219 9
    endloop
  endfacet
  facet normal 0.991426 0.130673 0
    outer loop
      vertex 20.4867 0.305044 21
      vertex 20.4468 0.607768 3
      vertex 20.4468 0.607768 21
    endloop
  endfacet
  facet normal 0.991426 0.130673 0
    outer loop
      vertex 20.4468 0.607768 3
      vertex 20.4867 0.305044 21
      vertex 20.4867 0.305044 3
    endloop
  endfacet
  facet normal 0.999051 0.0435589 0
    outer loop
      vertex 20.5 0 21
      vertex 20.4867 0.305044 3
      vertex 20.4867 0.305044 21
    endloop
  endfacet
  facet normal 0.999051 0.0435589 0
    outer loop
      vertex 20.4867 0.305044 3
      vertex 20.5 0 21
      vertex 20.5 0 3
    endloop
  endfacet
  facet normal 0.976287 0.21648 0
    outer loop
      vertex 20.4468 0.607768 21
      vertex 20.3807 0.905867 3
      vertex 20.3807 0.905867 21
    endloop
  endfacet
  facet normal 0.976287 0.21648 0
    outer loop
      vertex 20.3807 0.905867 3
      vertex 20.4468 0.607768 21
      vertex 20.4468 0.607768 3
    endloop
  endfacet
  facet normal 0.793476 0.608602 0
    outer loop
      vertex 19.867 2.00752 21
      vertex 19.6812 2.24976 3
      vertex 19.6812 2.24976 21
    endloop
  endfacet
  facet normal 0.793476 0.608602 0
    outer loop
      vertex 19.6812 2.24976 3
      vertex 19.867 2.00752 21
      vertex 19.867 2.00752 3
    endloop
  endfacet
  facet normal -0.976287 0.21648 0
    outer loop
      vertex 13.5532 0.607768 3
      vertex 13.6193 0.905867 21
      vertex 13.6193 0.905867 3
    endloop
  endfacet
  facet normal -0.976287 0.21648 0
    outer loop
      vertex 13.6193 0.905867 21
      vertex 13.5532 0.607768 3
      vertex 13.5532 0.607768 21
    endloop
  endfacet
  facet normal 0.999051 -0.0435589 0
    outer loop
      vertex 20.4867 -0.305044 21
      vertex 20.5 0 3
      vertex 20.5 0 21
    endloop
  endfacet
  facet normal 0.999051 -0.0435589 0
    outer loop
      vertex 20.5 0 3
      vertex 20.4867 -0.305044 21
      vertex 20.4867 -0.305044 3
    endloop
  endfacet
  facet normal 0.13048 -0.991451 0
    outer loop
      vertex 17.305 -3.48668 3
      vertex 17.6078 -3.44683 21
      vertex 17.305 -3.48668 21
    endloop
  endfacet
  facet normal 0.13048 -0.991451 0
    outer loop
      vertex 17.6078 -3.44683 21
      vertex 17.305 -3.48668 3
      vertex 17.6078 -3.44683 3
    endloop
  endfacet
  facet normal -0.461801 0.886983 0
    outer loop
      vertex 15.5208 3.17208 3
      vertex 15.25 3.03109 21
      vertex 15.5208 3.17208 21
    endloop
  endfacet
  facet normal -0.461801 0.886983 0
    outer loop
      vertex 15.25 3.03109 21
      vertex 15.5208 3.17208 3
      vertex 15.25 3.03109 3
    endloop
  endfacet
  facet normal 0.537333 -0.84337 0
    outer loop
      vertex 18.75 -3.03109 3
      vertex 19.0075 -2.86703 21
      vertex 18.75 -3.03109 21
    endloop
  endfacet
  facet normal 0.537333 -0.84337 0
    outer loop
      vertex 19.0075 -2.86703 21
      vertex 18.75 -3.03109 3
      vertex 19.0075 -2.86703 3
    endloop
  endfacet
  facet normal -0.13048 -0.991451 0
    outer loop
      vertex 16.3922 -3.44683 3
      vertex 16.695 -3.48668 21
      vertex 16.3922 -3.44683 21
    endloop
  endfacet
  facet normal -0.13048 -0.991451 -0
    outer loop
      vertex 16.695 -3.48668 21
      vertex 16.3922 -3.44683 3
      vertex 16.695 -3.48668 3
    endloop
  endfacet
  facet normal -0.608652 0.793438 0
    outer loop
      vertex 14.9925 2.86703 3
      vertex 14.7502 2.68116 21
      vertex 14.9925 2.86703 21
    endloop
  endfacet
  facet normal -0.608652 0.793438 0
    outer loop
      vertex 14.7502 2.68116 21
      vertex 14.9925 2.86703 3
      vertex 14.7502 2.68116 3
    endloop
  endfacet
  facet normal 0.675633 0.737238 -0
    outer loop
      vertex 19.4749 2.47487 3
      vertex 19.2498 2.68116 21
      vertex 19.4749 2.47487 21
    endloop
  endfacet
  facet normal 0.675633 0.737238 0
    outer loop
      vertex 19.2498 2.68116 21
      vertex 19.4749 2.47487 3
      vertex 19.2498 2.68116 3
    endloop
  endfacet
  facet normal 0.793476 -0.608602 0
    outer loop
      vertex 19.6812 -2.24976 21
      vertex 19.867 -2.00752 3
      vertex 19.867 -2.00752 21
    endloop
  endfacet
  facet normal 0.793476 -0.608602 0
    outer loop
      vertex 19.867 -2.00752 3
      vertex 19.6812 -2.24976 21
      vertex 19.6812 -2.24976 3
    endloop
  endfacet
  facet normal -0.216448 0.976294 0
    outer loop
      vertex 16.3922 3.44683 3
      vertex 16.0941 3.38074 21
      vertex 16.3922 3.44683 21
    endloop
  endfacet
  facet normal -0.216448 0.976294 0
    outer loop
      vertex 16.0941 3.38074 21
      vertex 16.3922 3.44683 3
      vertex 16.0941 3.38074 3
    endloop
  endfacet
  facet normal 0.675633 -0.737238 0
    outer loop
      vertex 19.2498 -2.68116 3
      vertex 19.4749 -2.47487 21
      vertex 19.2498 -2.68116 21
    endloop
  endfacet
  facet normal 0.675633 -0.737238 0
    outer loop
      vertex 19.4749 -2.47487 21
      vertex 19.2498 -2.68116 3
      vertex 19.4749 -2.47487 3
    endloop
  endfacet
  facet normal 0.382656 0.923891 -0
    outer loop
      vertex 18.4792 3.17208 3
      vertex 18.1971 3.28892 21
      vertex 18.4792 3.17208 21
    endloop
  endfacet
  facet normal 0.382656 0.923891 0
    outer loop
      vertex 18.1971 3.28892 21
      vertex 18.4792 3.17208 3
      vertex 18.1971 3.28892 3
    endloop
  endfacet
  facet normal -0.382656 -0.923891 0
    outer loop
      vertex 15.5208 -3.17208 3
      vertex 15.8029 -3.28892 21
      vertex 15.5208 -3.17208 21
    endloop
  endfacet
  facet normal -0.382656 -0.923891 -0
    outer loop
      vertex 15.8029 -3.28892 21
      vertex 15.5208 -3.17208 3
      vertex 15.8029 -3.28892 3
    endloop
  endfacet
  facet normal -0.461801 -0.886983 0
    outer loop
      vertex 15.25 -3.03109 3
      vertex 15.5208 -3.17208 21
      vertex 15.25 -3.03109 21
    endloop
  endfacet
  facet normal -0.461801 -0.886983 -0
    outer loop
      vertex 15.5208 -3.17208 21
      vertex 15.25 -3.03109 3
      vertex 15.5208 -3.17208 3
    endloop
  endfacet
  facet normal 0.608652 0.793438 -0
    outer loop
      vertex 19.2498 2.68116 3
      vertex 19.0075 2.86703 21
      vertex 19.2498 2.68116 21
    endloop
  endfacet
  facet normal 0.608652 0.793438 0
    outer loop
      vertex 19.0075 2.86703 21
      vertex 19.2498 2.68116 3
      vertex 19.0075 2.86703 3
    endloop
  endfacet
  facet normal -0.991426 0.130673 0
    outer loop
      vertex 13.5133 0.305044 3
      vertex 13.5532 0.607768 21
      vertex 13.5532 0.607768 3
    endloop
  endfacet
  facet normal -0.991426 0.130673 0
    outer loop
      vertex 13.5532 0.607768 21
      vertex 13.5133 0.305044 3
      vertex 13.5133 0.305044 21
    endloop
  endfacet
  facet normal 0.608652 -0.793438 0
    outer loop
      vertex 19.0075 -2.86703 3
      vertex 19.2498 -2.68116 21
      vertex 19.0075 -2.86703 21
    endloop
  endfacet
  facet normal 0.608652 -0.793438 0
    outer loop
      vertex 19.2498 -2.68116 21
      vertex 19.0075 -2.86703 3
      vertex 19.2498 -2.68116 3
    endloop
  endfacet
  facet normal -0.886998 0.461773 0
    outer loop
      vertex 13.8279 1.47916 3
      vertex 13.9689 1.75 21
      vertex 13.9689 1.75 3
    endloop
  endfacet
  facet normal -0.886998 0.461773 0
    outer loop
      vertex 13.9689 1.75 21
      vertex 13.8279 1.47916 3
      vertex 13.8279 1.47916 21
    endloop
  endfacet
  facet normal -0.737237 -0.675634 0
    outer loop
      vertex 14.5251 -2.47487 3
      vertex 14.3188 -2.24976 21
      vertex 14.3188 -2.24976 3
    endloop
  endfacet
  facet normal -0.737237 -0.675634 0
    outer loop
      vertex 14.3188 -2.24976 21
      vertex 14.5251 -2.47487 3
      vertex 14.5251 -2.47487 21
    endloop
  endfacet
  facet normal 0.537333 0.84337 -0
    outer loop
      vertex 19.0075 2.86703 3
      vertex 18.75 3.03109 21
      vertex 19.0075 2.86703 21
    endloop
  endfacet
  facet normal 0.537333 0.84337 0
    outer loop
      vertex 18.75 3.03109 21
      vertex 19.0075 2.86703 3
      vertex 18.75 3.03109 3
    endloop
  endfacet
  facet normal -0.0436305 0.999048 0
    outer loop
      vertex 17 3.5 3
      vertex 16.695 3.48668 21
      vertex 17 3.5 21
    endloop
  endfacet
  facet normal -0.0436305 0.999048 0
    outer loop
      vertex 16.695 3.48668 21
      vertex 17 3.5 3
      vertex 16.695 3.48668 3
    endloop
  endfacet
  facet normal 0.886998 0.461773 0
    outer loop
      vertex 20.1721 1.47916 21
      vertex 20.0311 1.75 3
      vertex 20.0311 1.75 21
    endloop
  endfacet
  facet normal 0.886998 0.461773 0
    outer loop
      vertex 20.0311 1.75 3
      vertex 20.1721 1.47916 21
      vertex 20.1721 1.47916 3
    endloop
  endfacet
  facet normal 0.0436305 -0.999048 0
    outer loop
      vertex 17 -3.5 3
      vertex 17.305 -3.48668 21
      vertex 17 -3.5 21
    endloop
  endfacet
  facet normal 0.0436305 -0.999048 0
    outer loop
      vertex 17.305 -3.48668 21
      vertex 17 -3.5 3
      vertex 17.305 -3.48668 3
    endloop
  endfacet
  facet normal -0.216448 -0.976294 0
    outer loop
      vertex 16.0941 -3.38074 3
      vertex 16.3922 -3.44683 21
      vertex 16.0941 -3.38074 21
    endloop
  endfacet
  facet normal -0.216448 -0.976294 -0
    outer loop
      vertex 16.3922 -3.44683 21
      vertex 16.0941 -3.38074 3
      vertex 16.3922 -3.44683 3
    endloop
  endfacet
  facet normal 0.923932 0.382556 0
    outer loop
      vertex 20.2889 1.19707 21
      vertex 20.1721 1.47916 3
      vertex 20.1721 1.47916 21
    endloop
  endfacet
  facet normal 0.923932 0.382556 0
    outer loop
      vertex 20.1721 1.47916 3
      vertex 20.2889 1.19707 21
      vertex 20.2889 1.19707 3
    endloop
  endfacet
  facet normal 0.461801 -0.886983 0
    outer loop
      vertex 18.4792 -3.17208 3
      vertex 18.75 -3.03109 21
      vertex 18.4792 -3.17208 21
    endloop
  endfacet
  facet normal 0.461801 -0.886983 0
    outer loop
      vertex 18.75 -3.03109 21
      vertex 18.4792 -3.17208 3
      vertex 18.75 -3.03109 3
    endloop
  endfacet
  facet normal 0.461801 0.886983 -0
    outer loop
      vertex 18.75 3.03109 3
      vertex 18.4792 3.17208 21
      vertex 18.75 3.03109 21
    endloop
  endfacet
  facet normal 0.461801 0.886983 0
    outer loop
      vertex 18.4792 3.17208 21
      vertex 18.75 3.03109 3
      vertex 18.4792 3.17208 3
    endloop
  endfacet
  facet normal -0.675633 -0.737238 0
    outer loop
      vertex 14.5251 -2.47487 3
      vertex 14.7502 -2.68116 21
      vertex 14.5251 -2.47487 21
    endloop
  endfacet
  facet normal -0.675633 -0.737238 -0
    outer loop
      vertex 14.7502 -2.68116 21
      vertex 14.5251 -2.47487 3
      vertex 14.7502 -2.68116 3
    endloop
  endfacet
  facet normal 0.84333 -0.537397 0
    outer loop
      vertex 19.867 -2.00752 21
      vertex 20.0311 -1.75 3
      vertex 20.0311 -1.75 21
    endloop
  endfacet
  facet normal 0.84333 -0.537397 0
    outer loop
      vertex 20.0311 -1.75 3
      vertex 19.867 -2.00752 21
      vertex 19.867 -2.00752 3
    endloop
  endfacet
  facet normal 0.953732 0.300658 0
    outer loop
      vertex 20.3807 0.905867 21
      vertex 20.2889 1.19707 3
      vertex 20.2889 1.19707 21
    endloop
  endfacet
  facet normal 0.953732 0.300658 0
    outer loop
      vertex 20.2889 1.19707 3
      vertex 20.3807 0.905867 21
      vertex 20.3807 0.905867 3
    endloop
  endfacet
  facet normal 0.991426 -0.130673 0
    outer loop
      vertex 20.4468 -0.607768 21
      vertex 20.4867 -0.305044 3
      vertex 20.4867 -0.305044 21
    endloop
  endfacet
  facet normal 0.991426 -0.130673 0
    outer loop
      vertex 20.4867 -0.305044 3
      vertex 20.4468 -0.607768 21
      vertex 20.4468 -0.607768 3
    endloop
  endfacet
  facet normal -0.300721 0.953712 0
    outer loop
      vertex 16.0941 3.38074 3
      vertex 15.8029 3.28892 21
      vertex 16.0941 3.38074 21
    endloop
  endfacet
  facet normal -0.300721 0.953712 0
    outer loop
      vertex 15.8029 3.28892 21
      vertex 16.0941 3.38074 3
      vertex 15.8029 3.28892 3
    endloop
  endfacet
  facet normal 0.13048 0.991451 -0
    outer loop
      vertex 17.6078 3.44683 3
      vertex 17.305 3.48668 21
      vertex 17.6078 3.44683 21
    endloop
  endfacet
  facet normal 0.13048 0.991451 0
    outer loop
      vertex 17.305 3.48668 21
      vertex 17.6078 3.44683 3
      vertex 17.305 3.48668 3
    endloop
  endfacet
  facet normal -0.300721 -0.953712 0
    outer loop
      vertex 15.8029 -3.28892 3
      vertex 16.0941 -3.38074 21
      vertex 15.8029 -3.28892 21
    endloop
  endfacet
  facet normal -0.300721 -0.953712 -0
    outer loop
      vertex 16.0941 -3.38074 21
      vertex 15.8029 -3.28892 3
      vertex 16.0941 -3.38074 3
    endloop
  endfacet
  facet normal -0.13048 0.991451 0
    outer loop
      vertex 16.695 3.48668 3
      vertex 16.3922 3.44683 21
      vertex 16.695 3.48668 21
    endloop
  endfacet
  facet normal -0.13048 0.991451 0
    outer loop
      vertex 16.3922 3.44683 21
      vertex 16.695 3.48668 3
      vertex 16.3922 3.44683 3
    endloop
  endfacet
  facet normal -0.537333 0.84337 0
    outer loop
      vertex 15.25 3.03109 3
      vertex 14.9925 2.86703 21
      vertex 15.25 3.03109 21
    endloop
  endfacet
  facet normal -0.537333 0.84337 0
    outer loop
      vertex 14.9925 2.86703 21
      vertex 15.25 3.03109 3
      vertex 14.9925 2.86703 3
    endloop
  endfacet
  facet normal -0.382656 0.923891 0
    outer loop
      vertex 15.8029 3.28892 3
      vertex 15.5208 3.17208 21
      vertex 15.8029 3.28892 21
    endloop
  endfacet
  facet normal -0.382656 0.923891 0
    outer loop
      vertex 15.5208 3.17208 21
      vertex 15.8029 3.28892 3
      vertex 15.5208 3.17208 3
    endloop
  endfacet
  facet normal 0.84333 0.537397 0
    outer loop
      vertex 20.0311 1.75 21
      vertex 19.867 2.00752 3
      vertex 19.867 2.00752 21
    endloop
  endfacet
  facet normal 0.84333 0.537397 0
    outer loop
      vertex 19.867 2.00752 3
      vertex 20.0311 1.75 21
      vertex 20.0311 1.75 3
    endloop
  endfacet
  facet normal -0.793476 -0.608602 0
    outer loop
      vertex 14.3188 -2.24976 3
      vertex 14.133 -2.00752 21
      vertex 14.133 -2.00752 3
    endloop
  endfacet
  facet normal -0.793476 -0.608602 0
    outer loop
      vertex 14.133 -2.00752 21
      vertex 14.3188 -2.24976 3
      vertex 14.3188 -2.24976 21
    endloop
  endfacet
  facet normal 0.216448 0.976294 -0
    outer loop
      vertex 17.9059 3.38074 3
      vertex 17.6078 3.44683 21
      vertex 17.9059 3.38074 21
    endloop
  endfacet
  facet normal 0.216448 0.976294 0
    outer loop
      vertex 17.6078 3.44683 21
      vertex 17.9059 3.38074 3
      vertex 17.6078 3.44683 3
    endloop
  endfacet
  facet normal 0.976287 -0.21648 0
    outer loop
      vertex 20.3807 -0.905867 21
      vertex 20.4468 -0.607768 3
      vertex 20.4468 -0.607768 21
    endloop
  endfacet
  facet normal 0.976287 -0.21648 0
    outer loop
      vertex 20.4468 -0.607768 3
      vertex 20.3807 -0.905867 21
      vertex 20.3807 -0.905867 3
    endloop
  endfacet
  facet normal -0.84333 0.537397 0
    outer loop
      vertex 13.9689 1.75 3
      vertex 14.133 2.00752 21
      vertex 14.133 2.00752 3
    endloop
  endfacet
  facet normal -0.84333 0.537397 0
    outer loop
      vertex 14.133 2.00752 21
      vertex 13.9689 1.75 3
      vertex 13.9689 1.75 21
    endloop
  endfacet
  facet normal 0.886998 -0.461773 0
    outer loop
      vertex 20.0311 -1.75 21
      vertex 20.1721 -1.47916 3
      vertex 20.1721 -1.47916 21
    endloop
  endfacet
  facet normal 0.886998 -0.461773 0
    outer loop
      vertex 20.1721 -1.47916 3
      vertex 20.0311 -1.75 21
      vertex 20.0311 -1.75 3
    endloop
  endfacet
  facet normal -0.991426 -0.130673 0
    outer loop
      vertex 13.5532 -0.607768 3
      vertex 13.5133 -0.305044 21
      vertex 13.5133 -0.305044 3
    endloop
  endfacet
  facet normal -0.991426 -0.130673 0
    outer loop
      vertex 13.5133 -0.305044 21
      vertex 13.5532 -0.607768 3
      vertex 13.5532 -0.607768 21
    endloop
  endfacet
  facet normal -0.675633 0.737238 0
    outer loop
      vertex 14.7502 2.68116 3
      vertex 14.5251 2.47487 21
      vertex 14.7502 2.68116 21
    endloop
  endfacet
  facet normal -0.675633 0.737238 0
    outer loop
      vertex 14.5251 2.47487 21
      vertex 14.7502 2.68116 3
      vertex 14.5251 2.47487 3
    endloop
  endfacet
  facet normal -0.737237 0.675634 0
    outer loop
      vertex 14.3188 2.24976 3
      vertex 14.5251 2.47487 21
      vertex 14.5251 2.47487 3
    endloop
  endfacet
  facet normal -0.737237 0.675634 0
    outer loop
      vertex 14.5251 2.47487 21
      vertex 14.3188 2.24976 3
      vertex 14.3188 2.24976 21
    endloop
  endfacet
  facet normal 0.737237 -0.675634 0
    outer loop
      vertex 19.4749 -2.47487 21
      vertex 19.6812 -2.24976 3
      vertex 19.6812 -2.24976 21
    endloop
  endfacet
  facet normal 0.737237 -0.675634 0
    outer loop
      vertex 19.6812 -2.24976 3
      vertex 19.4749 -2.47487 21
      vertex 19.4749 -2.47487 3
    endloop
  endfacet
  facet normal 0.216448 -0.976294 0
    outer loop
      vertex 17.6078 -3.44683 3
      vertex 17.9059 -3.38074 21
      vertex 17.6078 -3.44683 21
    endloop
  endfacet
  facet normal 0.216448 -0.976294 0
    outer loop
      vertex 17.9059 -3.38074 21
      vertex 17.6078 -3.44683 3
      vertex 17.9059 -3.38074 3
    endloop
  endfacet
  facet normal -0.953732 -0.300658 0
    outer loop
      vertex 13.7111 -1.19707 3
      vertex 13.6193 -0.905867 21
      vertex 13.6193 -0.905867 3
    endloop
  endfacet
  facet normal -0.953732 -0.300658 0
    outer loop
      vertex 13.6193 -0.905867 21
      vertex 13.7111 -1.19707 3
      vertex 13.7111 -1.19707 21
    endloop
  endfacet
  facet normal 0.300721 0.953712 -0
    outer loop
      vertex 18.1971 3.28892 3
      vertex 17.9059 3.38074 21
      vertex 18.1971 3.28892 21
    endloop
  endfacet
  facet normal 0.300721 0.953712 0
    outer loop
      vertex 17.9059 3.38074 21
      vertex 18.1971 3.28892 3
      vertex 17.9059 3.38074 3
    endloop
  endfacet
  facet normal 0.0436305 0.999048 -0
    outer loop
      vertex 17.305 3.48668 3
      vertex 17 3.5 21
      vertex 17.305 3.48668 21
    endloop
  endfacet
  facet normal 0.0436305 0.999048 0
    outer loop
      vertex 17 3.5 21
      vertex 17.305 3.48668 3
      vertex 17 3.5 3
    endloop
  endfacet
  facet normal -0.0436305 -0.999048 0
    outer loop
      vertex 16.695 -3.48668 3
      vertex 17 -3.5 21
      vertex 16.695 -3.48668 21
    endloop
  endfacet
  facet normal -0.0436305 -0.999048 -0
    outer loop
      vertex 17 -3.5 21
      vertex 16.695 -3.48668 3
      vertex 17 -3.5 3
    endloop
  endfacet
  facet normal -0.953732 0.300658 0
    outer loop
      vertex 13.6193 0.905867 3
      vertex 13.7111 1.19707 21
      vertex 13.7111 1.19707 3
    endloop
  endfacet
  facet normal -0.953732 0.300658 0
    outer loop
      vertex 13.7111 1.19707 21
      vertex 13.6193 0.905867 3
      vertex 13.6193 0.905867 21
    endloop
  endfacet
  facet normal -0.793476 0.608602 0
    outer loop
      vertex 14.133 2.00752 3
      vertex 14.3188 2.24976 21
      vertex 14.3188 2.24976 3
    endloop
  endfacet
  facet normal -0.793476 0.608602 0
    outer loop
      vertex 14.3188 2.24976 21
      vertex 14.133 2.00752 3
      vertex 14.133 2.00752 21
    endloop
  endfacet
  facet normal -0.886998 -0.461773 0
    outer loop
      vertex 13.9689 -1.75 3
      vertex 13.8279 -1.47916 21
      vertex 13.8279 -1.47916 3
    endloop
  endfacet
  facet normal -0.886998 -0.461773 0
    outer loop
      vertex 13.8279 -1.47916 21
      vertex 13.9689 -1.75 3
      vertex 13.9689 -1.75 21
    endloop
  endfacet
  facet normal 0.737237 0.675634 0
    outer loop
      vertex 19.6812 2.24976 21
      vertex 19.4749 2.47487 3
      vertex 19.4749 2.47487 21
    endloop
  endfacet
  facet normal 0.737237 0.675634 0
    outer loop
      vertex 19.4749 2.47487 3
      vertex 19.6812 2.24976 21
      vertex 19.6812 2.24976 3
    endloop
  endfacet
  facet normal -0.608652 -0.793438 0
    outer loop
      vertex 14.7502 -2.68116 3
      vertex 14.9925 -2.86703 21
      vertex 14.7502 -2.68116 21
    endloop
  endfacet
  facet normal -0.608652 -0.793438 -0
    outer loop
      vertex 14.9925 -2.86703 21
      vertex 14.7502 -2.68116 3
      vertex 14.9925 -2.86703 3
    endloop
  endfacet
  facet normal 0.953732 -0.300658 0
    outer loop
      vertex 20.2889 -1.19707 21
      vertex 20.3807 -0.905867 3
      vertex 20.3807 -0.905867 21
    endloop
  endfacet
  facet normal 0.953732 -0.300658 0
    outer loop
      vertex 20.3807 -0.905867 3
      vertex 20.2889 -1.19707 21
      vertex 20.2889 -1.19707 3
    endloop
  endfacet
  facet normal -0.976287 -0.21648 0
    outer loop
      vertex 13.6193 -0.905867 3
      vertex 13.5532 -0.607768 21
      vertex 13.5532 -0.607768 3
    endloop
  endfacet
  facet normal -0.976287 -0.21648 0
    outer loop
      vertex 13.5532 -0.607768 21
      vertex 13.6193 -0.905867 3
      vertex 13.6193 -0.905867 21
    endloop
  endfacet
  facet normal -0.999051 0.0435589 0
    outer loop
      vertex 13.5 0 3
      vertex 13.5133 0.305044 21
      vertex 13.5133 0.305044 3
    endloop
  endfacet
  facet normal -0.999051 0.0435589 0
    outer loop
      vertex 13.5133 0.305044 21
      vertex 13.5 0 3
      vertex 13.5 0 21
    endloop
  endfacet
  facet normal -0.999051 -0.0435589 0
    outer loop
      vertex 13.5133 -0.305044 3
      vertex 13.5 0 21
      vertex 13.5 0 3
    endloop
  endfacet
  facet normal -0.999051 -0.0435589 0
    outer loop
      vertex 13.5 0 21
      vertex 13.5133 -0.305044 3
      vertex 13.5133 -0.305044 21
    endloop
  endfacet
  facet normal -0.923932 -0.382556 0
    outer loop
      vertex 13.8279 -1.47916 3
      vertex 13.7111 -1.19707 21
      vertex 13.7111 -1.19707 3
    endloop
  endfacet
  facet normal -0.923932 -0.382556 0
    outer loop
      vertex 13.7111 -1.19707 21
      vertex 13.8279 -1.47916 3
      vertex 13.8279 -1.47916 21
    endloop
  endfacet
  facet normal -0.84333 -0.537397 0
    outer loop
      vertex 14.133 -2.00752 3
      vertex 13.9689 -1.75 21
      vertex 13.9689 -1.75 3
    endloop
  endfacet
  facet normal -0.84333 -0.537397 0
    outer loop
      vertex 13.9689 -1.75 21
      vertex 14.133 -2.00752 3
      vertex 14.133 -2.00752 21
    endloop
  endfacet
  facet normal 0.382656 -0.923891 0
    outer loop
      vertex 18.1971 -3.28892 3
      vertex 18.4792 -3.17208 21
      vertex 18.1971 -3.28892 21
    endloop
  endfacet
  facet normal 0.382656 -0.923891 0
    outer loop
      vertex 18.4792 -3.17208 21
      vertex 18.1971 -3.28892 3
      vertex 18.4792 -3.17208 3
    endloop
  endfacet
  facet normal 0.300721 -0.953712 0
    outer loop
      vertex 17.9059 -3.38074 3
      vertex 18.1971 -3.28892 21
      vertex 17.9059 -3.38074 21
    endloop
  endfacet
  facet normal 0.300721 -0.953712 0
    outer loop
      vertex 18.1971 -3.28892 21
      vertex 17.9059 -3.38074 3
      vertex 18.1971 -3.28892 3
    endloop
  endfacet
  facet normal 0.923932 -0.382556 0
    outer loop
      vertex 20.1721 -1.47916 21
      vertex 20.2889 -1.19707 3
      vertex 20.2889 -1.19707 21
    endloop
  endfacet
  facet normal 0.923932 -0.382556 0
    outer loop
      vertex 20.2889 -1.19707 3
      vertex 20.1721 -1.47916 21
      vertex 20.1721 -1.47916 3
    endloop
  endfacet
  facet normal -0.537333 -0.84337 0
    outer loop
      vertex 14.9925 -2.86703 3
      vertex 15.25 -3.03109 21
      vertex 14.9925 -2.86703 21
    endloop
  endfacet
  facet normal -0.537333 -0.84337 -0
    outer loop
      vertex 15.25 -3.03109 21
      vertex 14.9925 -2.86703 3
      vertex 15.25 -3.03109 3
    endloop
  endfacet
  facet normal -0.923932 0.382556 0
    outer loop
      vertex 13.7111 1.19707 3
      vertex 13.8279 1.47916 21
      vertex 13.8279 1.47916 3
    endloop
  endfacet
  facet normal -0.923932 0.382556 0
    outer loop
      vertex 13.8279 1.47916 21
      vertex 13.7111 1.19707 3
      vertex 13.7111 1.19707 21
    endloop
  endfacet
  facet normal 0.831503 0.0362538 0.554336
    outer loop
      vertex 20.4867 0.305044 21
      vertex 19.5 0 22.5
      vertex 20.5 0 21
    endloop
  endfacet
  facet normal -0.250289 -0.793771 0.554332
    outer loop
      vertex 16.1449 -2.34923 22.5
      vertex 15.8029 -3.28892 21
      vertex 16.0941 -3.38074 21
    endloop
  endfacet
  facet normal 0.250286 -0.793764 0.554343
    outer loop
      vertex 18.1971 -3.28892 21
      vertex 17.855 -2.34923 22.5
      vertex 17.9059 -3.38074 21
    endloop
  endfacet
  facet normal -0.660397 -0.50653 0.554349
    outer loop
      vertex 15.0849 -1.60697 22.5
      vertex 14.133 -2.00752 21
      vertex 14.3188 -2.24976 21
    endloop
  endfacet
  facet normal 0.506535 -0.660399 0.554343
    outer loop
      vertex 18.607 -1.91511 22.5
      vertex 18.4339 -2.04788 22.5
      vertex 19.0075 -2.86703 21
    endloop
  endfacet
  facet normal 0.562275 -0.61364 0.55434
    outer loop
      vertex 18.7678 -1.76777 22.5
      vertex 18.607 -1.91511 22.5
      vertex 19.2498 -2.68116 21
    endloop
  endfacet
  facet normal -0.0362901 -0.831504 0.554332
    outer loop
      vertex 16.7821 -2.49049 22.5
      vertex 16.695 -3.48668 21
      vertex 17 -2.5 22.5
    endloop
  endfacet
  facet normal 0.108597 0.825177 0.554337
    outer loop
      vertex 17.305 3.48668 21
      vertex 17.4341 2.46202 22.5
      vertex 17.6078 3.44683 21
    endloop
  endfacet
  facet normal 0.108662 0.825174 0.554329
    outer loop
      vertex 17.4341 2.46202 22.5
      vertex 17.305 3.48668 21
      vertex 17.2179 2.49049 22.5
    endloop
  endfacet
  facet normal -0.738246 -0.384333 0.55433
    outer loop
      vertex 14.7342 -1.05655 22.5
      vertex 13.8279 -1.47916 21
      vertex 13.9689 -1.75 21
    endloop
  endfacet
  facet normal -0.384251 0.738284 0.554335
    outer loop
      vertex 15.9435 2.26577 22.5
      vertex 15.25 3.03109 21
      vertex 15.75 2.16506 22.5
    endloop
  endfacet
  facet normal 0.562326 0.6136 0.554332
    outer loop
      vertex 19.2498 2.68116 21
      vertex 18.7678 1.76777 22.5
      vertex 19.4749 2.47487 21
    endloop
  endfacet
  facet normal 0.506576 -0.660372 0.554337
    outer loop
      vertex 19.2498 -2.68116 21
      vertex 18.607 -1.91511 22.5
      vertex 19.0075 -2.86703 21
    endloop
  endfacet
  facet normal -0.61371 0.562186 0.554354
    outer loop
      vertex 15.2322 1.76777 22.5
      vertex 14.3188 2.24976 21
      vertex 15.0849 1.60697 22.5
    endloop
  endfacet
  facet normal 0.61371 0.562186 0.554354
    outer loop
      vertex 19.6812 2.24976 21
      vertex 18.7678 1.76777 22.5
      vertex 18.9151 1.60697 22.5
    endloop
  endfacet
  facet normal -0.81256 -0.180176 0.554331
    outer loop
      vertex 14.538 -0.43412 22.5
      vertex 13.5532 -0.607768 21
      vertex 13.6193 -0.905867 21
    endloop
  endfacet
  facet normal 0.825158 0.108758 0.554334
    outer loop
      vertex 19.462 0.43412 22.5
      vertex 20.4867 0.305044 21
      vertex 20.4468 0.607768 21
    endloop
  endfacet
  facet normal 0.825158 0.108759 0.554334
    outer loop
      vertex 20.4867 0.305044 21
      vertex 19.462 0.43412 22.5
      vertex 19.4905 0.217889 22.5
    endloop
  endfacet
  facet normal 0.0362901 -0.831504 0.554332
    outer loop
      vertex 17.2179 -2.49049 22.5
      vertex 17 -2.5 22.5
      vertex 17.305 -3.48668 21
    endloop
  endfacet
  facet normal -0.0363134 0.831502 0.554334
    outer loop
      vertex 17 3.5 21
      vertex 16.695 3.48668 21
      vertex 17 2.5 22.5
    endloop
  endfacet
  facet normal -0.384251 -0.738284 0.554335
    outer loop
      vertex 15.75 -2.16506 22.5
      vertex 15.25 -3.03109 21
      vertex 15.9435 -2.26577 22.5
    endloop
  endfacet
  facet normal 0.660397 0.50653 0.554349
    outer loop
      vertex 19.6812 2.24976 21
      vertex 18.9151 1.60697 22.5
      vertex 19.867 2.00752 21
    endloop
  endfacet
  facet normal 0.447219 0.701931 0.554335
    outer loop
      vertex 18.75 3.03109 21
      vertex 18.25 2.16506 22.5
      vertex 19.0075 2.86703 21
    endloop
  endfacet
  facet normal -0.825158 -0.108759 0.554334
    outer loop
      vertex 13.5133 -0.305044 21
      vertex 14.538 -0.43412 22.5
      vertex 14.5095 -0.217889 22.5
    endloop
  endfacet
  facet normal -0.825158 -0.108758 0.554334
    outer loop
      vertex 14.538 -0.43412 22.5
      vertex 13.5133 -0.305044 21
      vertex 13.5532 -0.607768 21
    endloop
  endfacet
  facet normal 0.738265 0.384302 0.554326
    outer loop
      vertex 20.0311 1.75 21
      vertex 19.1651 1.25 22.5
      vertex 19.2658 1.05655 22.5
    endloop
  endfacet
  facet normal -0.660258 -0.506746 0.554318
    outer loop
      vertex 14.9521 -1.43394 22.5
      vertex 14.133 -2.00752 21
      vertex 15.0849 -1.60697 22.5
    endloop
  endfacet
  facet normal 0.180181 0.81255 0.554344
    outer loop
      vertex 17.9059 3.38074 21
      vertex 17.4341 2.46202 22.5
      vertex 17.647 2.41481 22.5
    endloop
  endfacet
  facet normal -0.38435 0.738223 0.554349
    outer loop
      vertex 15.5208 3.17208 21
      vertex 15.25 3.03109 21
      vertex 15.9435 2.26577 22.5
    endloop
  endfacet
  facet normal -0.506535 -0.660399 0.554343
    outer loop
      vertex 15.393 -1.91511 22.5
      vertex 14.9925 -2.86703 21
      vertex 15.5661 -2.04788 22.5
    endloop
  endfacet
  facet normal 0.660258 0.506746 0.554318
    outer loop
      vertex 19.867 2.00752 21
      vertex 18.9151 1.60697 22.5
      vertex 19.0479 1.43394 22.5
    endloop
  endfacet
  facet normal 0.81256 0.180176 0.554331
    outer loop
      vertex 20.3807 0.905867 21
      vertex 19.462 0.43412 22.5
      vertex 20.4468 0.607768 21
    endloop
  endfacet
  facet normal 0.793761 -0.250336 0.554324
    outer loop
      vertex 19.4148 -0.647047 22.5
      vertex 19.3492 -0.85505 22.5
      vertex 20.3807 -0.905867 21
    endloop
  endfacet
  facet normal 0.76898 -0.318398 0.554339
    outer loop
      vertex 20.2889 -1.19707 21
      vertex 19.3492 -0.85505 22.5
      vertex 20.1721 -1.47916 21
    endloop
  endfacet
  facet normal -0.769031 0.318299 0.554326
    outer loop
      vertex 14.7342 1.05655 22.5
      vertex 13.8279 1.47916 21
      vertex 14.6508 0.85505 22.5
    endloop
  endfacet
  facet normal 0.0363134 0.831502 0.554334
    outer loop
      vertex 17 3.5 21
      vertex 17 2.5 22.5
      vertex 17.305 3.48668 21
    endloop
  endfacet
  facet normal -0.701904 -0.447276 0.554324
    outer loop
      vertex 14.8349 -1.25 22.5
      vertex 13.9689 -1.75 21
      vertex 14.133 -2.00752 21
    endloop
  endfacet
  facet normal -0.701904 0.447276 0.554324
    outer loop
      vertex 14.133 2.00752 21
      vertex 13.9689 1.75 21
      vertex 14.8349 1.25 22.5
    endloop
  endfacet
  facet normal -0.562275 -0.61364 0.55434
    outer loop
      vertex 15.2322 -1.76777 22.5
      vertex 14.7502 -2.68116 21
      vertex 15.393 -1.91511 22.5
    endloop
  endfacet
  facet normal 0.38435 -0.738223 0.554349
    outer loop
      vertex 18.75 -3.03109 21
      vertex 18.0565 -2.26577 22.5
      vertex 18.4792 -3.17208 21
    endloop
  endfacet
  facet normal 0.506576 0.660372 0.554337
    outer loop
      vertex 19.0075 2.86703 21
      vertex 18.607 1.91511 22.5
      vertex 19.2498 2.68116 21
    endloop
  endfacet
  facet normal -0.250289 0.793771 0.554332
    outer loop
      vertex 16.0941 3.38074 21
      vertex 15.8029 3.28892 21
      vertex 16.1449 2.34923 22.5
    endloop
  endfacet
  facet normal -0.447217 -0.701929 0.554339
    outer loop
      vertex 15.5661 -2.04788 22.5
      vertex 14.9925 -2.86703 21
      vertex 15.25 -3.03109 21
    endloop
  endfacet
  facet normal 0.506535 0.660399 0.554343
    outer loop
      vertex 19.0075 2.86703 21
      vertex 18.4339 2.04788 22.5
      vertex 18.607 1.91511 22.5
    endloop
  endfacet
  facet normal 0.61371 -0.562186 0.554354
    outer loop
      vertex 18.9151 -1.60697 22.5
      vertex 18.7678 -1.76777 22.5
      vertex 19.6812 -2.24976 21
    endloop
  endfacet
  facet normal 0.318489 -0.768937 0.554347
    outer loop
      vertex 18.0565 -2.26577 22.5
      vertex 17.855 -2.34923 22.5
      vertex 18.4792 -3.17208 21
    endloop
  endfacet
  facet normal 0.447219 -0.701931 0.554335
    outer loop
      vertex 19.0075 -2.86703 21
      vertex 18.25 -2.16506 22.5
      vertex 18.75 -3.03109 21
    endloop
  endfacet
  facet normal 0.738246 0.384333 0.55433
    outer loop
      vertex 20.0311 1.75 21
      vertex 19.2658 1.05655 22.5
      vertex 20.1721 1.47916 21
    endloop
  endfacet
  facet normal -0.660397 0.50653 0.554349
    outer loop
      vertex 14.3188 2.24976 21
      vertex 14.133 2.00752 21
      vertex 15.0849 1.60697 22.5
    endloop
  endfacet
  facet normal -0.831503 0.0362538 0.554336
    outer loop
      vertex 13.5133 0.305044 21
      vertex 13.5 0 21
      vertex 14.5095 0.217889 22.5
    endloop
  endfacet
  facet normal -0.38435 -0.738223 0.554349
    outer loop
      vertex 15.9435 -2.26577 22.5
      vertex 15.25 -3.03109 21
      vertex 15.5208 -3.17208 21
    endloop
  endfacet
  facet normal -0.793784 0.250236 0.554336
    outer loop
      vertex 13.7111 1.19707 21
      vertex 13.6193 0.905867 21
      vertex 14.6508 0.85505 22.5
    endloop
  endfacet
  facet normal -0.812576 -0.180125 0.554325
    outer loop
      vertex 14.538 -0.43412 22.5
      vertex 13.6193 -0.905867 21
      vertex 14.5852 -0.647047 22.5
    endloop
  endfacet
  facet normal -0.831503 -0.0362538 0.554336
    outer loop
      vertex 14.5095 -0.217889 22.5
      vertex 13.5 0 21
      vertex 13.5133 -0.305044 21
    endloop
  endfacet
  facet normal -0.447217 0.701929 0.554339
    outer loop
      vertex 15.25 3.03109 21
      vertex 14.9925 2.86703 21
      vertex 15.5661 2.04788 22.5
    endloop
  endfacet
  facet normal -0.660258 0.506746 0.554318
    outer loop
      vertex 15.0849 1.60697 22.5
      vertex 14.133 2.00752 21
      vertex 14.9521 1.43394 22.5
    endloop
  endfacet
  facet normal 0.31848 0.768942 0.554346
    outer loop
      vertex 18.1971 3.28892 21
      vertex 17.855 2.34923 22.5
      vertex 18.4792 3.17208 21
    endloop
  endfacet
  facet normal 0.447251 -0.701907 0.55434
    outer loop
      vertex 18.4339 -2.04788 22.5
      vertex 18.25 -2.16506 22.5
      vertex 19.0075 -2.86703 21
    endloop
  endfacet
  facet normal -0.738265 -0.384302 0.554326
    outer loop
      vertex 14.7342 -1.05655 22.5
      vertex 13.9689 -1.75 21
      vertex 14.8349 -1.25 22.5
    endloop
  endfacet
  facet normal -0.562326 -0.6136 0.554332
    outer loop
      vertex 15.2322 -1.76777 22.5
      vertex 14.5251 -2.47487 21
      vertex 14.7502 -2.68116 21
    endloop
  endfacet
  facet normal 0.793761 0.250336 0.554324
    outer loop
      vertex 20.3807 0.905867 21
      vertex 19.3492 0.85505 22.5
      vertex 19.4148 0.647047 22.5
    endloop
  endfacet
  facet normal 0.831503 -0.0362538 0.554336
    outer loop
      vertex 20.5 0 21
      vertex 19.5 0 22.5
      vertex 20.4867 -0.305044 21
    endloop
  endfacet
  facet normal 0.812576 0.180125 0.554325
    outer loop
      vertex 20.3807 0.905867 21
      vertex 19.4148 0.647047 22.5
      vertex 19.462 0.43412 22.5
    endloop
  endfacet
  facet normal 0.447251 0.701907 0.55434
    outer loop
      vertex 19.0075 2.86703 21
      vertex 18.25 2.16506 22.5
      vertex 18.4339 2.04788 22.5
    endloop
  endfacet
  facet normal 0.318489 0.768937 0.554347
    outer loop
      vertex 18.4792 3.17208 21
      vertex 17.855 2.34923 22.5
      vertex 18.0565 2.26577 22.5
    endloop
  endfacet
  facet normal 0.384251 -0.738284 0.554335
    outer loop
      vertex 18.25 -2.16506 22.5
      vertex 18.0565 -2.26577 22.5
      vertex 18.75 -3.03109 21
    endloop
  endfacet
  facet normal 0.81256 -0.180176 0.554331
    outer loop
      vertex 20.4468 -0.607768 21
      vertex 19.462 -0.43412 22.5
      vertex 20.3807 -0.905867 21
    endloop
  endfacet
  facet normal 0.793784 -0.250236 0.554336
    outer loop
      vertex 20.3807 -0.905867 21
      vertex 19.3492 -0.85505 22.5
      vertex 20.2889 -1.19707 21
    endloop
  endfacet
  facet normal -0.180181 0.81255 0.554344
    outer loop
      vertex 16.5659 2.46202 22.5
      vertex 16.0941 3.38074 21
      vertex 16.353 2.41481 22.5
    endloop
  endfacet
  facet normal -0.701928 0.447244 0.55432
    outer loop
      vertex 14.9521 1.43394 22.5
      vertex 14.133 2.00752 21
      vertex 14.8349 1.25 22.5
    endloop
  endfacet
  facet normal 0.701904 0.447276 0.554324
    outer loop
      vertex 19.867 2.00752 21
      vertex 19.1651 1.25 22.5
      vertex 20.0311 1.75 21
    endloop
  endfacet
  facet normal -0.812576 0.180125 0.554325
    outer loop
      vertex 14.5852 0.647047 22.5
      vertex 13.6193 0.905867 21
      vertex 14.538 0.43412 22.5
    endloop
  endfacet
  facet normal 0.738246 -0.384333 0.55433
    outer loop
      vertex 20.1721 -1.47916 21
      vertex 19.2658 -1.05655 22.5
      vertex 20.0311 -1.75 21
    endloop
  endfacet
  facet normal 0.562326 -0.6136 0.554332
    outer loop
      vertex 19.4749 -2.47487 21
      vertex 18.7678 -1.76777 22.5
      vertex 19.2498 -2.68116 21
    endloop
  endfacet
  facet normal 0.76898 0.318398 0.554339
    outer loop
      vertex 20.1721 1.47916 21
      vertex 19.3492 0.85505 22.5
      vertex 20.2889 1.19707 21
    endloop
  endfacet
  facet normal -0.769031 -0.318299 0.554326
    outer loop
      vertex 14.6508 -0.85505 22.5
      vertex 13.8279 -1.47916 21
      vertex 14.7342 -1.05655 22.5
    endloop
  endfacet
  facet normal -0.318623 0.768879 0.55435
    outer loop
      vertex 16.1449 2.34923 22.5
      vertex 15.5208 3.17208 21
      vertex 15.9435 2.26577 22.5
    endloop
  endfacet
  facet normal 0.250286 0.793764 0.554343
    outer loop
      vertex 17.9059 3.38074 21
      vertex 17.855 2.34923 22.5
      vertex 18.1971 3.28892 21
    endloop
  endfacet
  facet normal -0.180148 -0.81256 0.55434
    outer loop
      vertex 16.5659 -2.46202 22.5
      vertex 16.0941 -3.38074 21
      vertex 16.3922 -3.44683 21
    endloop
  endfacet
  facet normal 0.108662 -0.825174 0.554329
    outer loop
      vertex 17.305 -3.48668 21
      vertex 17.4341 -2.46202 22.5
      vertex 17.2179 -2.49049 22.5
    endloop
  endfacet
  facet normal 0.108597 -0.825177 0.554337
    outer loop
      vertex 17.4341 -2.46202 22.5
      vertex 17.305 -3.48668 21
      vertex 17.6078 -3.44683 21
    endloop
  endfacet
  facet normal -0.613599 0.562327 0.554332
    outer loop
      vertex 14.5251 2.47487 21
      vertex 14.3188 2.24976 21
      vertex 15.2322 1.76777 22.5
    endloop
  endfacet
  facet normal 0.180148 0.81256 0.55434
    outer loop
      vertex 17.6078 3.44683 21
      vertex 17.4341 2.46202 22.5
      vertex 17.9059 3.38074 21
    endloop
  endfacet
  facet normal -0.562326 0.6136 0.554332
    outer loop
      vertex 14.7502 2.68116 21
      vertex 14.5251 2.47487 21
      vertex 15.2322 1.76777 22.5
    endloop
  endfacet
  facet normal -0.76898 -0.318398 0.554339
    outer loop
      vertex 14.6508 -0.85505 22.5
      vertex 13.7111 -1.19707 21
      vertex 13.8279 -1.47916 21
    endloop
  endfacet
  facet normal -0.180148 0.81256 0.55434
    outer loop
      vertex 16.3922 3.44683 21
      vertex 16.0941 3.38074 21
      vertex 16.5659 2.46202 22.5
    endloop
  endfacet
  facet normal 0.180148 -0.81256 0.55434
    outer loop
      vertex 17.9059 -3.38074 21
      vertex 17.4341 -2.46202 22.5
      vertex 17.6078 -3.44683 21
    endloop
  endfacet
  facet normal 0.31848 -0.768942 0.554346
    outer loop
      vertex 18.4792 -3.17208 21
      vertex 17.855 -2.34923 22.5
      vertex 18.1971 -3.28892 21
    endloop
  endfacet
  facet normal -0.0362901 0.831504 0.554332
    outer loop
      vertex 17 2.5 22.5
      vertex 16.695 3.48668 21
      vertex 16.7821 2.49049 22.5
    endloop
  endfacet
  facet normal 0.0363134 -0.831502 0.554334
    outer loop
      vertex 17 -2.5 22.5
      vertex 17 -3.5 21
      vertex 17.305 -3.48668 21
    endloop
  endfacet
  facet normal -0.831503 0.0362537 0.554336
    outer loop
      vertex 14.5095 0.217889 22.5
      vertex 13.5 0 21
      vertex 14.5 0 22.5
    endloop
  endfacet
  facet normal -0.831503 -0.0362537 0.554336
    outer loop
      vertex 14.5 0 22.5
      vertex 13.5 0 21
      vertex 14.5095 -0.217889 22.5
    endloop
  endfacet
  facet normal 0.613599 0.562327 0.554332
    outer loop
      vertex 19.4749 2.47487 21
      vertex 18.7678 1.76777 22.5
      vertex 19.6812 2.24976 21
    endloop
  endfacet
  facet normal -0.793784 -0.250236 0.554336
    outer loop
      vertex 14.6508 -0.85505 22.5
      vertex 13.6193 -0.905867 21
      vertex 13.7111 -1.19707 21
    endloop
  endfacet
  facet normal 0.250266 0.793768 0.554346
    outer loop
      vertex 17.9059 3.38074 21
      vertex 17.647 2.41481 22.5
      vertex 17.855 2.34923 22.5
    endloop
  endfacet
  facet normal 0.180181 -0.81255 0.554344
    outer loop
      vertex 17.647 -2.41481 22.5
      vertex 17.4341 -2.46202 22.5
      vertex 17.9059 -3.38074 21
    endloop
  endfacet
  facet normal -0.108662 0.825174 0.554329
    outer loop
      vertex 16.695 3.48668 21
      vertex 16.5659 2.46202 22.5
      vertex 16.7821 2.49049 22.5
    endloop
  endfacet
  facet normal -0.108597 0.825177 0.554337
    outer loop
      vertex 16.5659 2.46202 22.5
      vertex 16.695 3.48668 21
      vertex 16.3922 3.44683 21
    endloop
  endfacet
  facet normal -0.613599 -0.562327 0.554332
    outer loop
      vertex 15.2322 -1.76777 22.5
      vertex 14.3188 -2.24976 21
      vertex 14.5251 -2.47487 21
    endloop
  endfacet
  facet normal -0.180181 -0.81255 0.554344
    outer loop
      vertex 16.353 -2.41481 22.5
      vertex 16.0941 -3.38074 21
      vertex 16.5659 -2.46202 22.5
    endloop
  endfacet
  facet normal -0.701928 -0.447244 0.55432
    outer loop
      vertex 14.8349 -1.25 22.5
      vertex 14.133 -2.00752 21
      vertex 14.9521 -1.43394 22.5
    endloop
  endfacet
  facet normal -0.447253 -0.70191 0.554335
    outer loop
      vertex 15.5661 -2.04788 22.5
      vertex 15.25 -3.03109 21
      vertex 15.75 -2.16506 22.5
    endloop
  endfacet
  facet normal 0.701904 -0.447276 0.554324
    outer loop
      vertex 20.0311 -1.75 21
      vertex 19.1651 -1.25 22.5
      vertex 19.867 -2.00752 21
    endloop
  endfacet
  facet normal -0.506576 -0.660372 0.554337
    outer loop
      vertex 15.393 -1.91511 22.5
      vertex 14.7502 -2.68116 21
      vertex 14.9925 -2.86703 21
    endloop
  endfacet
  facet normal 0.769031 -0.318299 0.554326
    outer loop
      vertex 19.3492 -0.85505 22.5
      vertex 19.2658 -1.05655 22.5
      vertex 20.1721 -1.47916 21
    endloop
  endfacet
  facet normal 0.769031 0.318299 0.554326
    outer loop
      vertex 20.1721 1.47916 21
      vertex 19.2658 1.05655 22.5
      vertex 19.3492 0.85505 22.5
    endloop
  endfacet
  facet normal 0.825158 -0.108759 0.554334
    outer loop
      vertex 19.462 -0.43412 22.5
      vertex 20.4867 -0.305044 21
      vertex 19.4905 -0.217889 22.5
    endloop
  endfacet
  facet normal 0.825158 -0.108758 0.554334
    outer loop
      vertex 20.4867 -0.305044 21
      vertex 19.462 -0.43412 22.5
      vertex 20.4468 -0.607768 21
    endloop
  endfacet
  facet normal 0.701928 0.447244 0.55432
    outer loop
      vertex 19.867 2.00752 21
      vertex 19.0479 1.43394 22.5
      vertex 19.1651 1.25 22.5
    endloop
  endfacet
  facet normal 0.831503 0.0362537 0.554336
    outer loop
      vertex 20.4867 0.305044 21
      vertex 19.4905 0.217889 22.5
      vertex 19.5 0 22.5
    endloop
  endfacet
  facet normal -0.0363134 -0.831502 0.554334
    outer loop
      vertex 17 -2.5 22.5
      vertex 16.695 -3.48668 21
      vertex 17 -3.5 21
    endloop
  endfacet
  facet normal -0.61371 -0.562186 0.554354
    outer loop
      vertex 15.0849 -1.60697 22.5
      vertex 14.3188 -2.24976 21
      vertex 15.2322 -1.76777 22.5
    endloop
  endfacet
  facet normal -0.506576 0.660372 0.554337
    outer loop
      vertex 14.9925 2.86703 21
      vertex 14.7502 2.68116 21
      vertex 15.393 1.91511 22.5
    endloop
  endfacet
  facet normal 0 0 1
    outer loop
      vertex 19.4905 0.217889 22.5
      vertex 19.4905 -0.217889 22.5
      vertex 19.5 0 22.5
    endloop
  endfacet
  facet normal 0 0 1
    outer loop
      vertex 19.462 0.43412 22.5
      vertex 19.4905 -0.217889 22.5
      vertex 19.4905 0.217889 22.5
    endloop
  endfacet
  facet normal 0 0 1
    outer loop
      vertex 19.462 0.43412 22.5
      vertex 19.462 -0.43412 22.5
      vertex 19.4905 -0.217889 22.5
    endloop
  endfacet
  facet normal 0 0 1
    outer loop
      vertex 19.4148 0.647047 22.5
      vertex 19.462 -0.43412 22.5
      vertex 19.462 0.43412 22.5
    endloop
  endfacet
  facet normal 0 0 1
    outer loop
      vertex 19.4148 0.647047 22.5
      vertex 19.4148 -0.647047 22.5
      vertex 19.462 -0.43412 22.5
    endloop
  endfacet
  facet normal 0 0 1
    outer loop
      vertex 19.3492 0.85505 22.5
      vertex 19.4148 -0.647047 22.5
      vertex 19.4148 0.647047 22.5
    endloop
  endfacet
  facet normal 0 0 1
    outer loop
      vertex 19.3492 0.85505 22.5
      vertex 19.3492 -0.85505 22.5
      vertex 19.4148 -0.647047 22.5
    endloop
  endfacet
  facet normal 0 0 1
    outer loop
      vertex 19.2658 1.05655 22.5
      vertex 19.3492 -0.85505 22.5
      vertex 19.3492 0.85505 22.5
    endloop
  endfacet
  facet normal 0 0 1
    outer loop
      vertex 19.2658 1.05655 22.5
      vertex 19.2658 -1.05655 22.5
      vertex 19.3492 -0.85505 22.5
    endloop
  endfacet
  facet normal 0 0 1
    outer loop
      vertex 19.1651 1.25 22.5
      vertex 19.2658 -1.05655 22.5
      vertex 19.2658 1.05655 22.5
    endloop
  endfacet
  facet normal 0 0 1
    outer loop
      vertex 19.1651 1.25 22.5
      vertex 19.1651 -1.25 22.5
      vertex 19.2658 -1.05655 22.5
    endloop
  endfacet
  facet normal 0 0 1
    outer loop
      vertex 19.0479 1.43394 22.5
      vertex 19.1651 -1.25 22.5
      vertex 19.1651 1.25 22.5
    endloop
  endfacet
  facet normal 0 0 1
    outer loop
      vertex 19.0479 1.43394 22.5
      vertex 19.0479 -1.43394 22.5
      vertex 19.1651 -1.25 22.5
    endloop
  endfacet
  facet normal 0 0 1
    outer loop
      vertex 18.9151 1.60697 22.5
      vertex 19.0479 -1.43394 22.5
      vertex 19.0479 1.43394 22.5
    endloop
  endfacet
  facet normal 0 0 1
    outer loop
      vertex 18.9151 1.60697 22.5
      vertex 18.9151 -1.60697 22.5
      vertex 19.0479 -1.43394 22.5
    endloop
  endfacet
  facet normal 0 0 1
    outer loop
      vertex 18.7678 1.76777 22.5
      vertex 18.9151 -1.60697 22.5
      vertex 18.9151 1.60697 22.5
    endloop
  endfacet
  facet normal 0 0 1
    outer loop
      vertex 18.7678 1.76777 22.5
      vertex 18.7678 -1.76777 22.5
      vertex 18.9151 -1.60697 22.5
    endloop
  endfacet
  facet normal 0 0 1
    outer loop
      vertex 18.607 1.91511 22.5
      vertex 18.7678 -1.76777 22.5
      vertex 18.7678 1.76777 22.5
    endloop
  endfacet
  facet normal 0 0 1
    outer loop
      vertex 18.607 1.91511 22.5
      vertex 18.607 -1.91511 22.5
      vertex 18.7678 -1.76777 22.5
    endloop
  endfacet
  facet normal 0 0 1
    outer loop
      vertex 18.4339 2.04788 22.5
      vertex 18.607 -1.91511 22.5
      vertex 18.607 1.91511 22.5
    endloop
  endfacet
  facet normal 0 0 1
    outer loop
      vertex 18.4339 2.04788 22.5
      vertex 18.4339 -2.04788 22.5
      vertex 18.607 -1.91511 22.5
    endloop
  endfacet
  facet normal 0 0 1
    outer loop
      vertex 18.25 2.16506 22.5
      vertex 18.4339 -2.04788 22.5
      vertex 18.4339 2.04788 22.5
    endloop
  endfacet
  facet normal 0 0 1
    outer loop
      vertex 18.25 2.16506 22.5
      vertex 18.25 -2.16506 22.5
      vertex 18.4339 -2.04788 22.5
    endloop
  endfacet
  facet normal 0 0 1
    outer loop
      vertex 18.0565 2.26577 22.5
      vertex 18.25 -2.16506 22.5
      vertex 18.25 2.16506 22.5
    endloop
  endfacet
  facet normal 0 0 1
    outer loop
      vertex 18.0565 2.26577 22.5
      vertex 18.0565 -2.26577 22.5
      vertex 18.25 -2.16506 22.5
    endloop
  endfacet
  facet normal 0 0 1
    outer loop
      vertex 17.855 2.34923 22.5
      vertex 18.0565 -2.26577 22.5
      vertex 18.0565 2.26577 22.5
    endloop
  endfacet
  facet normal 0 0 1
    outer loop
      vertex 17.855 2.34923 22.5
      vertex 17.855 -2.34923 22.5
      vertex 18.0565 -2.26577 22.5
    endloop
  endfacet
  facet normal 0 0 1
    outer loop
      vertex 17.647 2.41481 22.5
      vertex 17.855 -2.34923 22.5
      vertex 17.855 2.34923 22.5
    endloop
  endfacet
  facet normal 0 0 1
    outer loop
      vertex 17.647 2.41481 22.5
      vertex 17.647 -2.41481 22.5
      vertex 17.855 -2.34923 22.5
    endloop
  endfacet
  facet normal 0 0 1
    outer loop
      vertex 17.4341 2.46202 22.5
      vertex 17.647 -2.41481 22.5
      vertex 17.647 2.41481 22.5
    endloop
  endfacet
  facet normal 0 0 1
    outer loop
      vertex 17.4341 2.46202 22.5
      vertex 17.4341 -2.46202 22.5
      vertex 17.647 -2.41481 22.5
    endloop
  endfacet
  facet normal 0 0 1
    outer loop
      vertex 17.2179 2.49049 22.5
      vertex 17.4341 -2.46202 22.5
      vertex 17.4341 2.46202 22.5
    endloop
  endfacet
  facet normal 0 0 1
    outer loop
      vertex 17.2179 2.49049 22.5
      vertex 17.2179 -2.49049 22.5
      vertex 17.4341 -2.46202 22.5
    endloop
  endfacet
  facet normal 0 0 1
    outer loop
      vertex 17 2.5 22.5
      vertex 17.2179 -2.49049 22.5
      vertex 17.2179 2.49049 22.5
    endloop
  endfacet
  facet normal 0 0 1
    outer loop
      vertex 17 2.5 22.5
      vertex 17 -2.5 22.5
      vertex 17.2179 -2.49049 22.5
    endloop
  endfacet
  facet normal -0 0 1
    outer loop
      vertex 16.7821 2.49049 22.5
      vertex 17 -2.5 22.5
      vertex 17 2.5 22.5
    endloop
  endfacet
  facet normal 0 0 1
    outer loop
      vertex 16.7821 2.49049 22.5
      vertex 16.7821 -2.49049 22.5
      vertex 17 -2.5 22.5
    endloop
  endfacet
  facet normal -0 0 1
    outer loop
      vertex 16.5659 2.46202 22.5
      vertex 16.7821 -2.49049 22.5
      vertex 16.7821 2.49049 22.5
    endloop
  endfacet
  facet normal 0 0 1
    outer loop
      vertex 16.5659 2.46202 22.5
      vertex 16.5659 -2.46202 22.5
      vertex 16.7821 -2.49049 22.5
    endloop
  endfacet
  facet normal -0 0 1
    outer loop
      vertex 16.353 2.41481 22.5
      vertex 16.5659 -2.46202 22.5
      vertex 16.5659 2.46202 22.5
    endloop
  endfacet
  facet normal 0 0 1
    outer loop
      vertex 16.353 2.41481 22.5
      vertex 16.353 -2.41481 22.5
      vertex 16.5659 -2.46202 22.5
    endloop
  endfacet
  facet normal -0 0 1
    outer loop
      vertex 16.1449 2.34923 22.5
      vertex 16.353 -2.41481 22.5
      vertex 16.353 2.41481 22.5
    endloop
  endfacet
  facet normal 0 0 1
    outer loop
      vertex 16.1449 2.34923 22.5
      vertex 16.1449 -2.34923 22.5
      vertex 16.353 -2.41481 22.5
    endloop
  endfacet
  facet normal -0 0 1
    outer loop
      vertex 15.9435 2.26577 22.5
      vertex 16.1449 -2.34923 22.5
      vertex 16.1449 2.34923 22.5
    endloop
  endfacet
  facet normal 0 0 1
    outer loop
      vertex 15.9435 2.26577 22.5
      vertex 15.9435 -2.26577 22.5
      vertex 16.1449 -2.34923 22.5
    endloop
  endfacet
  facet normal -0 0 1
    outer loop
      vertex 15.75 2.16506 22.5
      vertex 15.9435 -2.26577 22.5
      vertex 15.9435 2.26577 22.5
    endloop
  endfacet
  facet normal 0 0 1
    outer loop
      vertex 15.75 2.16506 22.5
      vertex 15.75 -2.16506 22.5
      vertex 15.9435 -2.26577 22.5
    endloop
  endfacet
  facet normal -0 0 1
    outer loop
      vertex 15.5661 2.04788 22.5
      vertex 15.75 -2.16506 22.5
      vertex 15.75 2.16506 22.5
    endloop
  endfacet
  facet normal 0 0 1
    outer loop
      vertex 15.5661 2.04788 22.5
      vertex 15.5661 -2.04788 22.5
      vertex 15.75 -2.16506 22.5
    endloop
  endfacet
  facet normal -0 0 1
    outer loop
      vertex 15.393 1.91511 22.5
      vertex 15.5661 -2.04788 22.5
      vertex 15.5661 2.04788 22.5
    endloop
  endfacet
  facet normal 0 0 1
    outer loop
      vertex 15.393 1.91511 22.5
      vertex 15.393 -1.91511 22.5
      vertex 15.5661 -2.04788 22.5
    endloop
  endfacet
  facet normal -0 0 1
    outer loop
      vertex 15.2322 1.76777 22.5
      vertex 15.393 -1.91511 22.5
      vertex 15.393 1.91511 22.5
    endloop
  endfacet
  facet normal 0 0 1
    outer loop
      vertex 15.2322 1.76777 22.5
      vertex 15.2322 -1.76777 22.5
      vertex 15.393 -1.91511 22.5
    endloop
  endfacet
  facet normal -0 0 1
    outer loop
      vertex 15.0849 1.60697 22.5
      vertex 15.2322 -1.76777 22.5
      vertex 15.2322 1.76777 22.5
    endloop
  endfacet
  facet normal 0 0 1
    outer loop
      vertex 15.0849 1.60697 22.5
      vertex 15.0849 -1.60697 22.5
      vertex 15.2322 -1.76777 22.5
    endloop
  endfacet
  facet normal -0 0 1
    outer loop
      vertex 14.9521 1.43394 22.5
      vertex 15.0849 -1.60697 22.5
      vertex 15.0849 1.60697 22.5
    endloop
  endfacet
  facet normal 0 0 1
    outer loop
      vertex 14.9521 1.43394 22.5
      vertex 14.9521 -1.43394 22.5
      vertex 15.0849 -1.60697 22.5
    endloop
  endfacet
  facet normal -0 0 1
    outer loop
      vertex 14.8349 1.25 22.5
      vertex 14.9521 -1.43394 22.5
      vertex 14.9521 1.43394 22.5
    endloop
  endfacet
  facet normal 0 0 1
    outer loop
      vertex 14.8349 1.25 22.5
      vertex 14.8349 -1.25 22.5
      vertex 14.9521 -1.43394 22.5
    endloop
  endfacet
  facet normal -0 0 1
    outer loop
      vertex 14.7342 1.05655 22.5
      vertex 14.8349 -1.25 22.5
      vertex 14.8349 1.25 22.5
    endloop
  endfacet
  facet normal 0 0 1
    outer loop
      vertex 14.7342 1.05655 22.5
      vertex 14.7342 -1.05655 22.5
      vertex 14.8349 -1.25 22.5
    endloop
  endfacet
  facet normal -0 0 1
    outer loop
      vertex 14.6508 0.85505 22.5
      vertex 14.7342 -1.05655 22.5
      vertex 14.7342 1.05655 22.5
    endloop
  endfacet
  facet normal 0 0 1
    outer loop
      vertex 14.6508 0.85505 22.5
      vertex 14.6508 -0.85505 22.5
      vertex 14.7342 -1.05655 22.5
    endloop
  endfacet
  facet normal -0 0 1
    outer loop
      vertex 14.5852 0.647047 22.5
      vertex 14.6508 -0.85505 22.5
      vertex 14.6508 0.85505 22.5
    endloop
  endfacet
  facet normal 0 0 1
    outer loop
      vertex 14.5852 0.647047 22.5
      vertex 14.5852 -0.647047 22.5
      vertex 14.6508 -0.85505 22.5
    endloop
  endfacet
  facet normal -0 0 1
    outer loop
      vertex 14.538 0.43412 22.5
      vertex 14.5852 -0.647047 22.5
      vertex 14.5852 0.647047 22.5
    endloop
  endfacet
  facet normal 0 0 1
    outer loop
      vertex 14.538 0.43412 22.5
      vertex 14.538 -0.43412 22.5
      vertex 14.5852 -0.647047 22.5
    endloop
  endfacet
  facet normal -0 0 1
    outer loop
      vertex 14.5095 0.217889 22.5
      vertex 14.538 -0.43412 22.5
      vertex 14.538 0.43412 22.5
    endloop
  endfacet
  facet normal 0 0 1
    outer loop
      vertex 14.5095 0.217889 22.5
      vertex 14.5095 -0.217889 22.5
      vertex 14.538 -0.43412 22.5
    endloop
  endfacet
  facet normal 0 -0 1
    outer loop
      vertex 14.5095 -0.217889 22.5
      vertex 14.5095 0.217889 22.5
      vertex 14.5 0 22.5
    endloop
  endfacet
  facet normal 0.613599 -0.562327 0.554332
    outer loop
      vertex 19.6812 -2.24976 21
      vertex 18.7678 -1.76777 22.5
      vertex 19.4749 -2.47487 21
    endloop
  endfacet
  facet normal -0.81256 0.180176 0.554331
    outer loop
      vertex 13.6193 0.905867 21
      vertex 13.5532 0.607768 21
      vertex 14.538 0.43412 22.5
    endloop
  endfacet
  facet normal -0.318484 0.768951 0.554331
    outer loop
      vertex 15.8029 3.28892 21
      vertex 15.5208 3.17208 21
      vertex 16.1449 2.34923 22.5
    endloop
  endfacet
  facet normal -0.250156 0.793801 0.554348
    outer loop
      vertex 16.353 2.41481 22.5
      vertex 16.0941 3.38074 21
      vertex 16.1449 2.34923 22.5
    endloop
  endfacet
  facet normal 0.38435 0.738223 0.554349
    outer loop
      vertex 18.4792 3.17208 21
      vertex 18.0565 2.26577 22.5
      vertex 18.75 3.03109 21
    endloop
  endfacet
  facet normal -0.250156 -0.793801 0.554348
    outer loop
      vertex 16.1449 -2.34923 22.5
      vertex 16.0941 -3.38074 21
      vertex 16.353 -2.41481 22.5
    endloop
  endfacet
  facet normal -0.793761 -0.250336 0.554324
    outer loop
      vertex 14.5852 -0.647047 22.5
      vertex 13.6193 -0.905867 21
      vertex 14.6508 -0.85505 22.5
    endloop
  endfacet
  facet normal 0.660397 -0.50653 0.554349
    outer loop
      vertex 19.867 -2.00752 21
      vertex 18.9151 -1.60697 22.5
      vertex 19.6812 -2.24976 21
    endloop
  endfacet
  facet normal -0.447253 0.70191 0.554335
    outer loop
      vertex 15.75 2.16506 22.5
      vertex 15.25 3.03109 21
      vertex 15.5661 2.04788 22.5
    endloop
  endfacet
  facet normal -0.825158 0.108758 0.554334
    outer loop
      vertex 13.5133 0.305044 21
      vertex 14.538 0.43412 22.5
      vertex 13.5532 0.607768 21
    endloop
  endfacet
  facet normal -0.825158 0.108759 0.554334
    outer loop
      vertex 14.538 0.43412 22.5
      vertex 13.5133 0.305044 21
      vertex 14.5095 0.217889 22.5
    endloop
  endfacet
  facet normal -0.793761 0.250336 0.554324
    outer loop
      vertex 14.6508 0.85505 22.5
      vertex 13.6193 0.905867 21
      vertex 14.5852 0.647047 22.5
    endloop
  endfacet
  facet normal -0.318484 -0.768951 0.554331
    outer loop
      vertex 16.1449 -2.34923 22.5
      vertex 15.5208 -3.17208 21
      vertex 15.8029 -3.28892 21
    endloop
  endfacet
  facet normal 0.812576 -0.180125 0.554325
    outer loop
      vertex 19.462 -0.43412 22.5
      vertex 19.4148 -0.647047 22.5
      vertex 20.3807 -0.905867 21
    endloop
  endfacet
  facet normal -0.318623 -0.768879 0.55435
    outer loop
      vertex 15.9435 -2.26577 22.5
      vertex 15.5208 -3.17208 21
      vertex 16.1449 -2.34923 22.5
    endloop
  endfacet
  facet normal 0.831503 -0.0362537 0.554336
    outer loop
      vertex 19.5 0 22.5
      vertex 19.4905 -0.217889 22.5
      vertex 20.4867 -0.305044 21
    endloop
  endfacet
  facet normal 0.793784 0.250236 0.554336
    outer loop
      vertex 20.2889 1.19707 21
      vertex 19.3492 0.85505 22.5
      vertex 20.3807 0.905867 21
    endloop
  endfacet
  facet normal 0.0362901 0.831504 0.554332
    outer loop
      vertex 17.305 3.48668 21
      vertex 17 2.5 22.5
      vertex 17.2179 2.49049 22.5
    endloop
  endfacet
  facet normal 0.562275 0.61364 0.55434
    outer loop
      vertex 19.2498 2.68116 21
      vertex 18.607 1.91511 22.5
      vertex 18.7678 1.76777 22.5
    endloop
  endfacet
  facet normal 0.384251 0.738284 0.554335
    outer loop
      vertex 18.75 3.03109 21
      vertex 18.0565 2.26577 22.5
      vertex 18.25 2.16506 22.5
    endloop
  endfacet
  facet normal 0.738265 -0.384302 0.554326
    outer loop
      vertex 19.2658 -1.05655 22.5
      vertex 19.1651 -1.25 22.5
      vertex 20.0311 -1.75 21
    endloop
  endfacet
  facet normal 0.660258 -0.506746 0.554318
    outer loop
      vertex 19.0479 -1.43394 22.5
      vertex 18.9151 -1.60697 22.5
      vertex 19.867 -2.00752 21
    endloop
  endfacet
  facet normal 0.701928 -0.447244 0.55432
    outer loop
      vertex 19.1651 -1.25 22.5
      vertex 19.0479 -1.43394 22.5
      vertex 19.867 -2.00752 21
    endloop
  endfacet
  facet normal -0.506535 0.660399 0.554343
    outer loop
      vertex 15.5661 2.04788 22.5
      vertex 14.9925 2.86703 21
      vertex 15.393 1.91511 22.5
    endloop
  endfacet
  facet normal 0.250266 -0.793768 0.554346
    outer loop
      vertex 17.855 -2.34923 22.5
      vertex 17.647 -2.41481 22.5
      vertex 17.9059 -3.38074 21
    endloop
  endfacet
  facet normal -0.562275 0.61364 0.55434
    outer loop
      vertex 15.393 1.91511 22.5
      vertex 14.7502 2.68116 21
      vertex 15.2322 1.76777 22.5
    endloop
  endfacet
  facet normal -0.76898 0.318398 0.554339
    outer loop
      vertex 13.8279 1.47916 21
      vertex 13.7111 1.19707 21
      vertex 14.6508 0.85505 22.5
    endloop
  endfacet
  facet normal -0.738265 0.384302 0.554326
    outer loop
      vertex 14.8349 1.25 22.5
      vertex 13.9689 1.75 21
      vertex 14.7342 1.05655 22.5
    endloop
  endfacet
  facet normal -0.108597 -0.825177 0.554337
    outer loop
      vertex 16.695 -3.48668 21
      vertex 16.5659 -2.46202 22.5
      vertex 16.3922 -3.44683 21
    endloop
  endfacet
  facet normal -0.108662 -0.825174 0.554329
    outer loop
      vertex 16.5659 -2.46202 22.5
      vertex 16.695 -3.48668 21
      vertex 16.7821 -2.49049 22.5
    endloop
  endfacet
  facet normal -0.738246 0.384333 0.55433
    outer loop
      vertex 13.9689 1.75 21
      vertex 13.8279 1.47916 21
      vertex 14.7342 1.05655 22.5
    endloop
  endfacet
  facet normal -0.608808 0.793317 0
    outer loop
      vertex 9.74976 10.3092 0
      vertex 9.50752 10.1233 3
      vertex 9.74976 10.3092 3
    endloop
  endfacet
  facet normal -0.608808 0.793317 0
    outer loop
      vertex 9.50752 10.1233 3
      vertex 9.74976 10.3092 0
      vertex 9.50752 10.1233 0
    endloop
  endfacet
  facet normal -0.382556 -0.923932 0
    outer loop
      vertex 8.69707 16.2793 0
      vertex 8.97916 16.1625 3
      vertex 8.69707 16.2793 3
    endloop
  endfacet
  facet normal -0.382556 -0.923932 -0
    outer loop
      vertex 8.97916 16.1625 3
      vertex 8.69707 16.2793 0
      vertex 8.97916 16.1625 0
    endloop
  endfacet
  facet normal -0.461773 -0.886998 0
    outer loop
      vertex 8.97916 16.1625 0
      vertex 9.25 16.0215 3
      vertex 8.97916 16.1625 3
    endloop
  endfacet
  facet normal -0.461773 -0.886998 -0
    outer loop
      vertex 9.25 16.0215 3
      vertex 8.97916 16.1625 0
      vertex 9.25 16.0215 0
    endloop
  endfacet
  facet normal -0.300661 -0.953731 0
    outer loop
      vertex 8.40587 16.3711 0
      vertex 8.69707 16.2793 3
      vertex 8.40587 16.3711 3
    endloop
  endfacet
  facet normal -0.300661 -0.953731 -0
    outer loop
      vertex 8.69707 16.2793 3
      vertex 8.40587 16.3711 0
      vertex 8.69707 16.2793 0
    endloop
  endfacet
  facet normal -0.991424 0.130683 0
    outer loop
      vertex 10.9468 12.3826 0
      vertex 10.9867 12.6853 3
      vertex 10.9867 12.6853 0
    endloop
  endfacet
  facet normal -0.991424 0.130683 0
    outer loop
      vertex 10.9867 12.6853 3
      vertex 10.9468 12.3826 0
      vertex 10.9468 12.3826 3
    endloop
  endfacet
  facet normal 0.999048 -0.0436305 0
    outer loop
      vertex 4 12.9904 3
      vertex 4.01332 13.2954 0
      vertex 4.01332 13.2954 3
    endloop
  endfacet
  facet normal 0.999048 -0.0436305 0
    outer loop
      vertex 4.01332 13.2954 0
      vertex 4 12.9904 3
      vertex 4 12.9904 0
    endloop
  endfacet
  facet normal 0.300661 -0.953731 0
    outer loop
      vertex 6.30293 16.2793 0
      vertex 6.59413 16.3711 3
      vertex 6.30293 16.2793 3
    endloop
  endfacet
  facet normal 0.300661 -0.953731 0
    outer loop
      vertex 6.59413 16.3711 3
      vertex 6.30293 16.2793 0
      vertex 6.59413 16.3711 0
    endloop
  endfacet
  facet normal -0.382668 0.923886 0
    outer loop
      vertex 8.97916 9.8183 0
      vertex 8.69707 9.70146 3
      vertex 8.97916 9.8183 3
    endloop
  endfacet
  facet normal -0.382668 0.923886 0
    outer loop
      vertex 8.69707 9.70146 3
      vertex 8.97916 9.8183 0
      vertex 8.69707 9.70146 0
    endloop
  endfacet
  facet normal -0.537397 -0.84333 0
    outer loop
      vertex 9.25 16.0215 0
      vertex 9.50752 15.8574 3
      vertex 9.25 16.0215 3
    endloop
  endfacet
  facet normal -0.537397 -0.84333 -0
    outer loop
      vertex 9.50752 15.8574 3
      vertex 9.25 16.0215 0
      vertex 9.50752 15.8574 0
    endloop
  endfacet
  facet normal 0.0436234 0.999048 -0
    outer loop
      vertex 7.5 9.49038 0
      vertex 7.19495 9.5037 3
      vertex 7.5 9.49038 3
    endloop
  endfacet
  facet normal 0.0436234 0.999048 0
    outer loop
      vertex 7.19495 9.5037 3
      vertex 7.5 9.49038 0
      vertex 7.19495 9.5037 0
    endloop
  endfacet
  facet normal -0.21648 -0.976287 0
    outer loop
      vertex 8.10777 16.4372 0
      vertex 8.40587 16.3711 3
      vertex 8.10777 16.4372 3
    endloop
  endfacet
  facet normal -0.21648 -0.976287 -0
    outer loop
      vertex 8.40587 16.3711 3
      vertex 8.10777 16.4372 0
      vertex 8.40587 16.3711 0
    endloop
  endfacet
  facet normal 0.991445 -0.130522 0
    outer loop
      vertex 4.01332 13.2954 3
      vertex 4.05317 13.5981 0
      vertex 4.05317 13.5981 3
    endloop
  endfacet
  facet normal 0.991445 -0.130522 0
    outer loop
      vertex 4.05317 13.5981 0
      vertex 4.01332 13.2954 3
      vertex 4.01332 13.2954 0
    endloop
  endfacet
  facet normal 0.84337 0.537333 0
    outer loop
      vertex 4.63297 10.9829 3
      vertex 4.46891 11.2404 0
      vertex 4.46891 11.2404 3
    endloop
  endfacet
  facet normal 0.84337 0.537333 0
    outer loop
      vertex 4.46891 11.2404 0
      vertex 4.63297 10.9829 3
      vertex 4.63297 10.9829 0
    endloop
  endfacet
  facet normal 0.953742 -0.300627 0
    outer loop
      vertex 4.11926 13.8962 3
      vertex 4.21108 14.1875 0
      vertex 4.21108 14.1875 3
    endloop
  endfacet
  facet normal 0.953742 -0.300627 0
    outer loop
      vertex 4.21108 14.1875 0
      vertex 4.11926 13.8962 3
      vertex 4.11926 13.8962 0
    endloop
  endfacet
  facet normal -0.216448 0.976294 0
    outer loop
      vertex 8.40587 9.60964 0
      vertex 8.10777 9.54355 3
      vertex 8.40587 9.60964 3
    endloop
  endfacet
  facet normal -0.216448 0.976294 0
    outer loop
      vertex 8.10777 9.54355 3
      vertex 8.40587 9.60964 0
      vertex 8.10777 9.54355 0
    endloop
  endfacet
  facet normal 0.382556 -0.923932 0
    outer loop
      vertex 6.02084 16.1625 0
      vertex 6.30293 16.2793 3
      vertex 6.02084 16.1625 3
    endloop
  endfacet
  facet normal 0.382556 -0.923932 0
    outer loop
      vertex 6.30293 16.2793 3
      vertex 6.02084 16.1625 0
      vertex 6.30293 16.2793 0
    endloop
  endfacet
  facet normal 0.84337 -0.537333 0
    outer loop
      vertex 4.46891 14.7404 3
      vertex 4.63297 14.9979 0
      vertex 4.63297 14.9979 3
    endloop
  endfacet
  facet normal 0.84337 -0.537333 0
    outer loop
      vertex 4.63297 14.9979 0
      vertex 4.46891 14.7404 3
      vertex 4.46891 14.7404 0
    endloop
  endfacet
  facet normal 0.382668 0.923886 -0
    outer loop
      vertex 6.30293 9.70146 0
      vertex 6.02084 9.8183 3
      vertex 6.30293 9.70146 3
    endloop
  endfacet
  facet normal 0.382668 0.923886 0
    outer loop
      vertex 6.02084 9.8183 3
      vertex 6.30293 9.70146 0
      vertex 6.02084 9.8183 0
    endloop
  endfacet
  facet normal 0.675456 -0.7374 0
    outer loop
      vertex 5.02513 15.4653 0
      vertex 5.25024 15.6715 3
      vertex 5.02513 15.4653 3
    endloop
  endfacet
  facet normal 0.675456 -0.7374 0
    outer loop
      vertex 5.25024 15.6715 3
      vertex 5.02513 15.4653 0
      vertex 5.25024 15.6715 0
    endloop
  endfacet
  facet normal 0.737238 0.675633 0
    outer loop
      vertex 5.02513 10.5155 3
      vertex 4.81884 10.7406 0
      vertex 4.81884 10.7406 3
    endloop
  endfacet
  facet normal 0.737238 0.675633 0
    outer loop
      vertex 4.81884 10.7406 0
      vertex 5.02513 10.5155 3
      vertex 5.02513 10.5155 0
    endloop
  endfacet
  facet normal 0.976294 -0.216448 0
    outer loop
      vertex 4.05317 13.5981 3
      vertex 4.11926 13.8962 0
      vertex 4.11926 13.8962 3
    endloop
  endfacet
  facet normal 0.976294 -0.216448 0
    outer loop
      vertex 4.11926 13.8962 0
      vertex 4.05317 13.5981 3
      vertex 4.05317 13.5981 0
    endloop
  endfacet
  facet normal -0.999051 0.0435509 0
    outer loop
      vertex 10.9867 12.6853 0
      vertex 11 12.9904 3
      vertex 11 12.9904 0
    endloop
  endfacet
  facet normal -0.999051 0.0435509 0
    outer loop
      vertex 11 12.9904 3
      vertex 10.9867 12.6853 0
      vertex 10.9867 12.6853 3
    endloop
  endfacet
  facet normal 0.216448 0.976294 -0
    outer loop
      vertex 6.89223 9.54355 0
      vertex 6.59413 9.60964 3
      vertex 6.89223 9.54355 3
    endloop
  endfacet
  facet normal 0.216448 0.976294 0
    outer loop
      vertex 6.59413 9.60964 3
      vertex 6.89223 9.54355 0
      vertex 6.59413 9.60964 0
    endloop
  endfacet
  facet normal 0.675634 0.737237 -0
    outer loop
      vertex 5.25024 10.3092 0
      vertex 5.02513 10.5155 3
      vertex 5.25024 10.3092 3
    endloop
  endfacet
  facet normal 0.675634 0.737237 0
    outer loop
      vertex 5.02513 10.5155 3
      vertex 5.25024 10.3092 0
      vertex 5.02513 10.5155 0
    endloop
  endfacet
  facet normal 0.043558 -0.999051 0
    outer loop
      vertex 7.19495 16.4771 0
      vertex 7.5 16.4904 3
      vertex 7.19495 16.4771 3
    endloop
  endfacet
  facet normal 0.043558 -0.999051 0
    outer loop
      vertex 7.5 16.4904 3
      vertex 7.19495 16.4771 0
      vertex 7.5 16.4904 0
    endloop
  endfacet
  facet normal -0.130671 -0.991426 0
    outer loop
      vertex 7.80504 16.4771 0
      vertex 8.10777 16.4372 3
      vertex 7.80504 16.4771 3
    endloop
  endfacet
  facet normal -0.130671 -0.991426 -0
    outer loop
      vertex 8.10777 16.4372 3
      vertex 7.80504 16.4771 0
      vertex 8.10777 16.4372 0
    endloop
  endfacet
  facet normal -0.0435595 -0.999051 0
    outer loop
      vertex 7.5 16.4904 0
      vertex 7.80504 16.4771 3
      vertex 7.5 16.4904 3
    endloop
  endfacet
  facet normal -0.0435595 -0.999051 -0
    outer loop
      vertex 7.80504 16.4771 3
      vertex 7.5 16.4904 0
      vertex 7.80504 16.4771 0
    endloop
  endfacet
  facet normal -0.793427 -0.608665 0
    outer loop
      vertex 10.367 14.9979 0
      vertex 10.1812 15.2401 3
      vertex 10.1812 15.2401 0
    endloop
  endfacet
  facet normal -0.793427 -0.608665 0
    outer loop
      vertex 10.1812 15.2401 3
      vertex 10.367 14.9979 0
      vertex 10.367 14.9979 3
    endloop
  endfacet
  facet normal -0.300721 0.953712 0
    outer loop
      vertex 8.69707 9.70146 0
      vertex 8.40587 9.60964 3
      vertex 8.69707 9.70146 3
    endloop
  endfacet
  facet normal -0.300721 0.953712 0
    outer loop
      vertex 8.40587 9.60964 3
      vertex 8.69707 9.70146 0
      vertex 8.40587 9.60964 0
    endloop
  endfacet
  facet normal 0.461773 -0.886998 0
    outer loop
      vertex 5.75 16.0215 0
      vertex 6.02084 16.1625 3
      vertex 5.75 16.0215 3
    endloop
  endfacet
  facet normal 0.461773 -0.886998 0
    outer loop
      vertex 6.02084 16.1625 3
      vertex 5.75 16.0215 0
      vertex 6.02084 16.1625 0
    endloop
  endfacet
  facet normal 0.887053 -0.461667 0
    outer loop
      vertex 4.32792 14.4695 3
      vertex 4.46891 14.7404 0
      vertex 4.46891 14.7404 3
    endloop
  endfacet
  facet normal 0.887053 -0.461667 0
    outer loop
      vertex 4.46891 14.7404 0
      vertex 4.32792 14.4695 3
      vertex 4.32792 14.4695 0
    endloop
  endfacet
  facet normal 0.130675 -0.991425 0
    outer loop
      vertex 6.89223 16.4372 0
      vertex 7.19495 16.4771 3
      vertex 6.89223 16.4372 3
    endloop
  endfacet
  facet normal 0.130675 -0.991425 0
    outer loop
      vertex 7.19495 16.4771 3
      vertex 6.89223 16.4372 0
      vertex 7.19495 16.4771 0
    endloop
  endfacet
  facet normal 0.953712 0.300721 0
    outer loop
      vertex 4.21108 11.7933 3
      vertex 4.11926 12.0845 0
      vertex 4.11926 12.0845 3
    endloop
  endfacet
  facet normal 0.953712 0.300721 0
    outer loop
      vertex 4.11926 12.0845 0
      vertex 4.21108 11.7933 3
      vertex 4.21108 11.7933 0
    endloop
  endfacet
  facet normal -0.675456 -0.7374 0
    outer loop
      vertex 9.74976 15.6715 0
      vertex 9.97487 15.4653 3
      vertex 9.74976 15.6715 3
    endloop
  endfacet
  facet normal -0.675456 -0.7374 -0
    outer loop
      vertex 9.97487 15.4653 3
      vertex 9.74976 15.6715 0
      vertex 9.97487 15.4653 0
    endloop
  endfacet
  facet normal -0.923889 -0.38266 0
    outer loop
      vertex 10.7889 14.1875 0
      vertex 10.6721 14.4695 3
      vertex 10.6721 14.4695 0
    endloop
  endfacet
  facet normal -0.923889 -0.38266 0
    outer loop
      vertex 10.6721 14.4695 3
      vertex 10.7889 14.1875 0
      vertex 10.7889 14.1875 3
    endloop
  endfacet
  facet normal 0.923891 0.382656 0
    outer loop
      vertex 4.32792 11.5112 3
      vertex 4.21108 11.7933 0
      vertex 4.21108 11.7933 3
    endloop
  endfacet
  facet normal 0.923891 0.382656 0
    outer loop
      vertex 4.21108 11.7933 0
      vertex 4.32792 11.5112 3
      vertex 4.32792 11.5112 0
    endloop
  endfacet
  facet normal 0.991445 0.130522 0
    outer loop
      vertex 4.05317 12.3826 3
      vertex 4.01332 12.6853 0
      vertex 4.01332 12.6853 3
    endloop
  endfacet
  facet normal 0.991445 0.130522 0
    outer loop
      vertex 4.01332 12.6853 0
      vertex 4.05317 12.3826 3
      vertex 4.05317 12.3826 0
    endloop
  endfacet
  facet normal 0.793316 -0.60881 0
    outer loop
      vertex 4.63297 14.9979 3
      vertex 4.81884 15.2401 0
      vertex 4.81884 15.2401 3
    endloop
  endfacet
  facet normal 0.793316 -0.60881 0
    outer loop
      vertex 4.81884 15.2401 0
      vertex 4.63297 14.9979 3
      vertex 4.63297 14.9979 0
    endloop
  endfacet
  facet normal 0.737388 -0.67547 0
    outer loop
      vertex 4.81884 15.2401 3
      vertex 5.02513 15.4653 0
      vertex 5.02513 15.4653 3
    endloop
  endfacet
  facet normal 0.737388 -0.67547 0
    outer loop
      vertex 5.02513 15.4653 0
      vertex 4.81884 15.2401 3
      vertex 4.81884 15.2401 0
    endloop
  endfacet
  facet normal -0.991424 -0.130683 0
    outer loop
      vertex 10.9867 13.2954 0
      vertex 10.9468 13.5981 3
      vertex 10.9468 13.5981 0
    endloop
  endfacet
  facet normal -0.991424 -0.130683 0
    outer loop
      vertex 10.9468 13.5981 3
      vertex 10.9867 13.2954 0
      vertex 10.9867 13.2954 3
    endloop
  endfacet
  facet normal 0.923843 -0.382772 0
    outer loop
      vertex 4.21108 14.1875 3
      vertex 4.32792 14.4695 0
      vertex 4.32792 14.4695 3
    endloop
  endfacet
  facet normal 0.923843 -0.382772 0
    outer loop
      vertex 4.32792 14.4695 0
      vertex 4.21108 14.1875 3
      vertex 4.21108 14.1875 0
    endloop
  endfacet
  facet normal 0.21648 -0.976287 0
    outer loop
      vertex 6.59413 16.3711 0
      vertex 6.89223 16.4372 3
      vertex 6.59413 16.3711 3
    endloop
  endfacet
  facet normal 0.21648 -0.976287 0
    outer loop
      vertex 6.89223 16.4372 3
      vertex 6.59413 16.3711 0
      vertex 6.89223 16.4372 0
    endloop
  endfacet
  facet normal -0.976287 0.21648 0
    outer loop
      vertex 10.8807 12.0845 0
      vertex 10.9468 12.3826 3
      vertex 10.9468 12.3826 0
    endloop
  endfacet
  facet normal -0.976287 0.21648 0
    outer loop
      vertex 10.9468 12.3826 3
      vertex 10.8807 12.0845 0
      vertex 10.8807 12.0845 3
    endloop
  endfacet
  facet normal 0.976294 0.216448 0
    outer loop
      vertex 4.11926 12.0845 3
      vertex 4.05317 12.3826 0
      vertex 4.05317 12.3826 3
    endloop
  endfacet
  facet normal 0.976294 0.216448 0
    outer loop
      vertex 4.05317 12.3826 0
      vertex 4.11926 12.0845 3
      vertex 4.11926 12.0845 0
    endloop
  endfacet
  facet normal -0.608808 -0.793317 0
    outer loop
      vertex 9.50752 15.8574 0
      vertex 9.74976 15.6715 3
      vertex 9.50752 15.8574 3
    endloop
  endfacet
  facet normal -0.608808 -0.793317 -0
    outer loop
      vertex 9.74976 15.6715 3
      vertex 9.50752 15.8574 0
      vertex 9.74976 15.6715 0
    endloop
  endfacet
  facet normal -0.843311 -0.537426 0
    outer loop
      vertex 10.5311 14.7404 0
      vertex 10.367 14.9979 3
      vertex 10.367 14.9979 0
    endloop
  endfacet
  facet normal -0.843311 -0.537426 0
    outer loop
      vertex 10.367 14.9979 3
      vertex 10.5311 14.7404 0
      vertex 10.5311 14.7404 3
    endloop
  endfacet
  facet normal -0.88704 -0.461693 0
    outer loop
      vertex 10.6721 14.4695 0
      vertex 10.5311 14.7404 3
      vertex 10.5311 14.7404 0
    endloop
  endfacet
  facet normal -0.88704 -0.461693 0
    outer loop
      vertex 10.5311 14.7404 3
      vertex 10.6721 14.4695 0
      vertex 10.6721 14.4695 3
    endloop
  endfacet
  facet normal -0.88697 0.461827 0
    outer loop
      vertex 10.5311 11.2404 0
      vertex 10.6721 11.5112 3
      vertex 10.6721 11.5112 0
    endloop
  endfacet
  facet normal -0.88697 0.461827 0
    outer loop
      vertex 10.6721 11.5112 3
      vertex 10.5311 11.2404 0
      vertex 10.5311 11.2404 3
    endloop
  endfacet
  facet normal 0.608808 -0.793317 0
    outer loop
      vertex 5.25024 15.6715 0
      vertex 5.49248 15.8574 3
      vertex 5.25024 15.6715 3
    endloop
  endfacet
  facet normal 0.608808 -0.793317 0
    outer loop
      vertex 5.49248 15.8574 3
      vertex 5.25024 15.6715 0
      vertex 5.49248 15.8574 0
    endloop
  endfacet
  facet normal -0.923937 0.382545 0
    outer loop
      vertex 10.6721 11.5112 0
      vertex 10.7889 11.7933 3
      vertex 10.7889 11.7933 0
    endloop
  endfacet
  facet normal -0.923937 0.382545 0
    outer loop
      vertex 10.7889 11.7933 3
      vertex 10.6721 11.5112 0
      vertex 10.6721 11.5112 3
    endloop
  endfacet
  facet normal -0.976287 -0.21648 0
    outer loop
      vertex 10.9468 13.5981 0
      vertex 10.8807 13.8962 3
      vertex 10.8807 13.8962 0
    endloop
  endfacet
  facet normal -0.976287 -0.21648 0
    outer loop
      vertex 10.8807 13.8962 3
      vertex 10.9468 13.5981 0
      vertex 10.9468 13.5981 3
    endloop
  endfacet
  facet normal 0.886983 0.461801 0
    outer loop
      vertex 4.46891 11.2404 3
      vertex 4.32792 11.5112 0
      vertex 4.32792 11.5112 3
    endloop
  endfacet
  facet normal 0.886983 0.461801 0
    outer loop
      vertex 4.32792 11.5112 0
      vertex 4.46891 11.2404 3
      vertex 4.46891 11.2404 0
    endloop
  endfacet
  facet normal -0.953761 -0.300567 0
    outer loop
      vertex 10.8807 13.8962 0
      vertex 10.7889 14.1875 3
      vertex 10.7889 14.1875 0
    endloop
  endfacet
  facet normal -0.953761 -0.300567 0
    outer loop
      vertex 10.7889 14.1875 3
      vertex 10.8807 13.8962 0
      vertex 10.8807 13.8962 3
    endloop
  endfacet
  facet normal -0.953731 0.300661 0
    outer loop
      vertex 10.7889 11.7933 0
      vertex 10.8807 12.0845 3
      vertex 10.8807 12.0845 0
    endloop
  endfacet
  facet normal -0.953731 0.300661 0
    outer loop
      vertex 10.8807 12.0845 3
      vertex 10.7889 11.7933 0
      vertex 10.7889 11.7933 3
    endloop
  endfacet
  facet normal 0.537187 0.843463 -0
    outer loop
      vertex 5.75 9.95929 0
      vertex 5.49248 10.1233 3
      vertex 5.75 9.95929 3
    endloop
  endfacet
  facet normal 0.537187 0.843463 0
    outer loop
      vertex 5.49248 10.1233 3
      vertex 5.75 9.95929 0
      vertex 5.49248 10.1233 0
    endloop
  endfacet
  facet normal 0.793438 0.608652 0
    outer loop
      vertex 4.81884 10.7406 3
      vertex 4.63297 10.9829 0
      vertex 4.63297 10.9829 3
    endloop
  endfacet
  facet normal 0.793438 0.608652 0
    outer loop
      vertex 4.63297 10.9829 0
      vertex 4.81884 10.7406 3
      vertex 4.81884 10.7406 0
    endloop
  endfacet
  facet normal -0.843311 0.537426 0
    outer loop
      vertex 10.367 10.9829 0
      vertex 10.5311 11.2404 3
      vertex 10.5311 11.2404 0
    endloop
  endfacet
  facet normal -0.843311 0.537426 0
    outer loop
      vertex 10.5311 11.2404 3
      vertex 10.367 10.9829 0
      vertex 10.367 10.9829 3
    endloop
  endfacet
  facet normal 0.461748 0.887011 -0
    outer loop
      vertex 6.02084 9.8183 0
      vertex 5.75 9.95929 3
      vertex 6.02084 9.8183 3
    endloop
  endfacet
  facet normal 0.461748 0.887011 0
    outer loop
      vertex 5.75 9.95929 3
      vertex 6.02084 9.8183 0
      vertex 5.75 9.95929 0
    endloop
  endfacet
  facet normal 0.300721 0.953712 -0
    outer loop
      vertex 6.59413 9.60964 0
      vertex 6.30293 9.70146 3
      vertex 6.59413 9.60964 3
    endloop
  endfacet
  facet normal 0.300721 0.953712 0
    outer loop
      vertex 6.30293 9.70146 3
      vertex 6.59413 9.60964 0
      vertex 6.30293 9.70146 0
    endloop
  endfacet
  facet normal 0.537397 -0.84333 0
    outer loop
      vertex 5.49248 15.8574 0
      vertex 5.75 16.0215 3
      vertex 5.49248 15.8574 3
    endloop
  endfacet
  facet normal 0.537397 -0.84333 0
    outer loop
      vertex 5.75 16.0215 3
      vertex 5.49248 15.8574 0
      vertex 5.75 16.0215 0
    endloop
  endfacet
  facet normal 0.608808 0.793317 -0
    outer loop
      vertex 5.49248 10.1233 0
      vertex 5.25024 10.3092 3
      vertex 5.49248 10.1233 3
    endloop
  endfacet
  facet normal 0.608808 0.793317 0
    outer loop
      vertex 5.25024 10.3092 3
      vertex 5.49248 10.1233 0
      vertex 5.25024 10.3092 0
    endloop
  endfacet
  facet normal -0.737323 -0.675541 0
    outer loop
      vertex 10.1812 15.2401 0
      vertex 9.97487 15.4653 3
      vertex 9.97487 15.4653 0
    endloop
  endfacet
  facet normal -0.737323 -0.675541 0
    outer loop
      vertex 9.97487 15.4653 3
      vertex 10.1812 15.2401 0
      vertex 10.1812 15.2401 3
    endloop
  endfacet
  facet normal -0.999051 -0.0435652 0
    outer loop
      vertex 11 12.9904 0
      vertex 10.9867 13.2954 3
      vertex 10.9867 13.2954 0
    endloop
  endfacet
  facet normal -0.999051 -0.0435652 0
    outer loop
      vertex 10.9867 13.2954 3
      vertex 11 12.9904 0
      vertex 11 12.9904 3
    endloop
  endfacet
  facet normal -0.737173 0.675704 0
    outer loop
      vertex 9.97487 10.5155 0
      vertex 10.1812 10.7406 3
      vertex 10.1812 10.7406 0
    endloop
  endfacet
  facet normal -0.737173 0.675704 0
    outer loop
      vertex 10.1812 10.7406 3
      vertex 9.97487 10.5155 0
      vertex 9.97487 10.5155 3
    endloop
  endfacet
  facet normal -0.537187 0.843463 0
    outer loop
      vertex 9.50752 10.1233 0
      vertex 9.25 9.95929 3
      vertex 9.50752 10.1233 3
    endloop
  endfacet
  facet normal -0.537187 0.843463 0
    outer loop
      vertex 9.25 9.95929 3
      vertex 9.50752 10.1233 0
      vertex 9.25 9.95929 0
    endloop
  endfacet
  facet normal -0.0436248 0.999048 0
    outer loop
      vertex 7.80504 9.5037 0
      vertex 7.5 9.49038 3
      vertex 7.80504 9.5037 3
    endloop
  endfacet
  facet normal -0.0436248 0.999048 0
    outer loop
      vertex 7.5 9.49038 3
      vertex 7.80504 9.5037 0
      vertex 7.5 9.49038 0
    endloop
  endfacet
  facet normal -0.13051 0.991447 0
    outer loop
      vertex 8.10777 9.54355 0
      vertex 7.80504 9.5037 3
      vertex 8.10777 9.54355 3
    endloop
  endfacet
  facet normal -0.13051 0.991447 0
    outer loop
      vertex 7.80504 9.5037 3
      vertex 8.10777 9.54355 0
      vertex 7.80504 9.5037 0
    endloop
  endfacet
  facet normal 0.130514 0.991446 -0
    outer loop
      vertex 7.19495 9.5037 0
      vertex 6.89223 9.54355 3
      vertex 7.19495 9.5037 3
    endloop
  endfacet
  facet normal 0.130514 0.991446 0
    outer loop
      vertex 6.89223 9.54355 3
      vertex 7.19495 9.5037 0
      vertex 6.89223 9.54355 0
    endloop
  endfacet
  facet normal -0.793548 0.608507 0
    outer loop
      vertex 10.1812 10.7406 0
      vertex 10.367 10.9829 3
      vertex 10.367 10.9829 0
    endloop
  endfacet
  facet normal -0.793548 0.608507 0
    outer loop
      vertex 10.367 10.9829 3
      vertex 10.1812 10.7406 0
      vertex 10.1812 10.7406 3
    endloop
  endfacet
  facet normal -0.461748 0.887011 0
    outer loop
      vertex 9.25 9.95929 0
      vertex 8.97916 9.8183 3
      vertex 9.25 9.95929 3
    endloop
  endfacet
  facet normal -0.461748 0.887011 0
    outer loop
      vertex 8.97916 9.8183 3
      vertex 9.25 9.95929 0
      vertex 8.97916 9.8183 0
    endloop
  endfacet
  facet normal 0.999048 0.0436163 0
    outer loop
      vertex 4.01332 12.6853 3
      vertex 4 12.9904 0
      vertex 4 12.9904 3
    endloop
  endfacet
  facet normal 0.999048 0.0436163 0
    outer loop
      vertex 4 12.9904 0
      vertex 4.01332 12.6853 3
      vertex 4.01332 12.6853 0
    endloop
  endfacet
  facet normal -0.675634 0.737237 0
    outer loop
      vertex 9.97487 10.5155 0
      vertex 9.74976 10.3092 3
      vertex 9.97487 10.5155 3
    endloop
  endfacet
  facet normal -0.675634 0.737237 0
    outer loop
      vertex 9.74976 10.3092 3
      vertex 9.97487 10.5155 0
      vertex 9.74976 10.3092 0
    endloop
  endfacet
  facet normal 0.608808 -0.793317 0
    outer loop
      vertex -9.74976 15.6715 0
      vertex -9.50752 15.8574 3
      vertex -9.74976 15.6715 3
    endloop
  endfacet
  facet normal 0.608808 -0.793317 0
    outer loop
      vertex -9.50752 15.8574 3
      vertex -9.74976 15.6715 0
      vertex -9.50752 15.8574 0
    endloop
  endfacet
  facet normal 0.537397 -0.84333 0
    outer loop
      vertex -9.50752 15.8574 0
      vertex -9.25 16.0215 3
      vertex -9.50752 15.8574 3
    endloop
  endfacet
  facet normal 0.537397 -0.84333 0
    outer loop
      vertex -9.25 16.0215 3
      vertex -9.50752 15.8574 0
      vertex -9.25 16.0215 0
    endloop
  endfacet
  facet normal 0.675456 -0.7374 0
    outer loop
      vertex -9.97487 15.4653 0
      vertex -9.74976 15.6715 3
      vertex -9.97487 15.4653 3
    endloop
  endfacet
  facet normal 0.675456 -0.7374 0
    outer loop
      vertex -9.74976 15.6715 3
      vertex -9.97487 15.4653 0
      vertex -9.74976 15.6715 0
    endloop
  endfacet
  facet normal -0.999048 0.0436163 0
    outer loop
      vertex -4.01332 12.6853 0
      vertex -4 12.9904 3
      vertex -4 12.9904 0
    endloop
  endfacet
  facet normal -0.999048 0.0436163 0
    outer loop
      vertex -4 12.9904 3
      vertex -4.01332 12.6853 0
      vertex -4.01332 12.6853 3
    endloop
  endfacet
  facet normal 0.923889 -0.38266 0
    outer loop
      vertex -10.7889 14.1875 3
      vertex -10.6721 14.4695 0
      vertex -10.6721 14.4695 3
    endloop
  endfacet
  facet normal 0.923889 -0.38266 0
    outer loop
      vertex -10.6721 14.4695 0
      vertex -10.7889 14.1875 3
      vertex -10.7889 14.1875 0
    endloop
  endfacet
  facet normal -0.976294 0.216448 0
    outer loop
      vertex -4.11926 12.0845 0
      vertex -4.05317 12.3826 3
      vertex -4.05317 12.3826 0
    endloop
  endfacet
  facet normal -0.976294 0.216448 0
    outer loop
      vertex -4.05317 12.3826 3
      vertex -4.11926 12.0845 0
      vertex -4.11926 12.0845 3
    endloop
  endfacet
  facet normal -0.21648 -0.976287 0
    outer loop
      vertex -6.89223 16.4372 0
      vertex -6.59413 16.3711 3
      vertex -6.89223 16.4372 3
    endloop
  endfacet
  facet normal -0.21648 -0.976287 -0
    outer loop
      vertex -6.59413 16.3711 3
      vertex -6.89223 16.4372 0
      vertex -6.59413 16.3711 0
    endloop
  endfacet
  facet normal -0.923891 0.382656 0
    outer loop
      vertex -4.32792 11.5112 0
      vertex -4.21108 11.7933 3
      vertex -4.21108 11.7933 0
    endloop
  endfacet
  facet normal -0.923891 0.382656 0
    outer loop
      vertex -4.21108 11.7933 3
      vertex -4.32792 11.5112 0
      vertex -4.32792 11.5112 3
    endloop
  endfacet
  facet normal -0.991445 -0.130522 0
    outer loop
      vertex -4.01332 13.2954 0
      vertex -4.05317 13.5981 3
      vertex -4.05317 13.5981 0
    endloop
  endfacet
  facet normal -0.991445 -0.130522 0
    outer loop
      vertex -4.05317 13.5981 3
      vertex -4.01332 13.2954 0
      vertex -4.01332 13.2954 3
    endloop
  endfacet
  facet normal -0.608808 -0.793317 0
    outer loop
      vertex -5.49248 15.8574 0
      vertex -5.25024 15.6715 3
      vertex -5.49248 15.8574 3
    endloop
  endfacet
  facet normal -0.608808 -0.793317 -0
    outer loop
      vertex -5.25024 15.6715 3
      vertex -5.49248 15.8574 0
      vertex -5.25024 15.6715 0
    endloop
  endfacet
  facet normal 0.88697 0.461827 0
    outer loop
      vertex -10.5311 11.2404 3
      vertex -10.6721 11.5112 0
      vertex -10.6721 11.5112 3
    endloop
  endfacet
  facet normal 0.88697 0.461827 0
    outer loop
      vertex -10.6721 11.5112 0
      vertex -10.5311 11.2404 3
      vertex -10.5311 11.2404 0
    endloop
  endfacet
  facet normal -0.737388 -0.67547 0
    outer loop
      vertex -4.81884 15.2401 0
      vertex -5.02513 15.4653 3
      vertex -5.02513 15.4653 0
    endloop
  endfacet
  facet normal -0.737388 -0.67547 0
    outer loop
      vertex -5.02513 15.4653 3
      vertex -4.81884 15.2401 0
      vertex -4.81884 15.2401 3
    endloop
  endfacet
  facet normal 0.608808 0.793317 -0
    outer loop
      vertex -9.50752 10.1233 0
      vertex -9.74976 10.3092 3
      vertex -9.50752 10.1233 3
    endloop
  endfacet
  facet normal 0.608808 0.793317 0
    outer loop
      vertex -9.74976 10.3092 3
      vertex -9.50752 10.1233 0
      vertex -9.74976 10.3092 0
    endloop
  endfacet
  facet normal 0.976287 -0.21648 0
    outer loop
      vertex -10.9468 13.5981 3
      vertex -10.8807 13.8962 0
      vertex -10.8807 13.8962 3
    endloop
  endfacet
  facet normal 0.976287 -0.21648 0
    outer loop
      vertex -10.8807 13.8962 0
      vertex -10.9468 13.5981 3
      vertex -10.9468 13.5981 0
    endloop
  endfacet
  facet normal -0.84337 0.537333 0
    outer loop
      vertex -4.63297 10.9829 0
      vertex -4.46891 11.2404 3
      vertex -4.46891 11.2404 0
    endloop
  endfacet
  facet normal -0.84337 0.537333 0
    outer loop
      vertex -4.46891 11.2404 3
      vertex -4.63297 10.9829 0
      vertex -4.63297 10.9829 3
    endloop
  endfacet
  facet normal 0.537187 0.843463 -0
    outer loop
      vertex -9.25 9.95929 0
      vertex -9.50752 10.1233 3
      vertex -9.25 9.95929 3
    endloop
  endfacet
  facet normal 0.537187 0.843463 0
    outer loop
      vertex -9.50752 10.1233 3
      vertex -9.25 9.95929 0
      vertex -9.50752 10.1233 0
    endloop
  endfacet
  facet normal 0.216448 0.976294 -0
    outer loop
      vertex -8.10777 9.54355 0
      vertex -8.40587 9.60964 3
      vertex -8.10777 9.54355 3
    endloop
  endfacet
  facet normal 0.216448 0.976294 0
    outer loop
      vertex -8.40587 9.60964 3
      vertex -8.10777 9.54355 0
      vertex -8.40587 9.60964 0
    endloop
  endfacet
  facet normal 0.21648 -0.976287 0
    outer loop
      vertex -8.40587 16.3711 0
      vertex -8.10777 16.4372 3
      vertex -8.40587 16.3711 3
    endloop
  endfacet
  facet normal 0.21648 -0.976287 0
    outer loop
      vertex -8.10777 16.4372 3
      vertex -8.40587 16.3711 0
      vertex -8.10777 16.4372 0
    endloop
  endfacet
  facet normal -0.0436234 0.999048 0
    outer loop
      vertex -7.19495 9.5037 0
      vertex -7.5 9.49038 3
      vertex -7.19495 9.5037 3
    endloop
  endfacet
  facet normal -0.0436234 0.999048 0
    outer loop
      vertex -7.5 9.49038 3
      vertex -7.19495 9.5037 0
      vertex -7.5 9.49038 0
    endloop
  endfacet
  facet normal -0.216448 0.976294 0
    outer loop
      vertex -6.59413 9.60964 0
      vertex -6.89223 9.54355 3
      vertex -6.59413 9.60964 3
    endloop
  endfacet
  facet normal -0.216448 0.976294 0
    outer loop
      vertex -6.89223 9.54355 3
      vertex -6.59413 9.60964 0
      vertex -6.89223 9.54355 0
    endloop
  endfacet
  facet normal 0.793548 0.608507 0
    outer loop
      vertex -10.1812 10.7406 3
      vertex -10.367 10.9829 0
      vertex -10.367 10.9829 3
    endloop
  endfacet
  facet normal 0.793548 0.608507 0
    outer loop
      vertex -10.367 10.9829 0
      vertex -10.1812 10.7406 3
      vertex -10.1812 10.7406 0
    endloop
  endfacet
  facet normal -0.793438 0.608652 0
    outer loop
      vertex -4.81884 10.7406 0
      vertex -4.63297 10.9829 3
      vertex -4.63297 10.9829 0
    endloop
  endfacet
  facet normal -0.793438 0.608652 0
    outer loop
      vertex -4.63297 10.9829 3
      vertex -4.81884 10.7406 0
      vertex -4.81884 10.7406 3
    endloop
  endfacet
  facet normal -0.461748 0.887011 0
    outer loop
      vertex -5.75 9.95929 0
      vertex -6.02084 9.8183 3
      vertex -5.75 9.95929 3
    endloop
  endfacet
  facet normal -0.461748 0.887011 0
    outer loop
      vertex -6.02084 9.8183 3
      vertex -5.75 9.95929 0
      vertex -6.02084 9.8183 0
    endloop
  endfacet
  facet normal 0.675634 0.737237 -0
    outer loop
      vertex -9.74976 10.3092 0
      vertex -9.97487 10.5155 3
      vertex -9.74976 10.3092 3
    endloop
  endfacet
  facet normal 0.675634 0.737237 0
    outer loop
      vertex -9.97487 10.5155 3
      vertex -9.74976 10.3092 0
      vertex -9.97487 10.5155 0
    endloop
  endfacet
  facet normal -0.675634 0.737237 0
    outer loop
      vertex -5.02513 10.5155 0
      vertex -5.25024 10.3092 3
      vertex -5.02513 10.5155 3
    endloop
  endfacet
  facet normal -0.675634 0.737237 0
    outer loop
      vertex -5.25024 10.3092 3
      vertex -5.02513 10.5155 0
      vertex -5.25024 10.3092 0
    endloop
  endfacet
  facet normal 0.300661 -0.953731 0
    outer loop
      vertex -8.69707 16.2793 0
      vertex -8.40587 16.3711 3
      vertex -8.69707 16.2793 3
    endloop
  endfacet
  facet normal 0.300661 -0.953731 0
    outer loop
      vertex -8.40587 16.3711 3
      vertex -8.69707 16.2793 0
      vertex -8.40587 16.3711 0
    endloop
  endfacet
  facet normal 0.300721 0.953712 -0
    outer loop
      vertex -8.40587 9.60964 0
      vertex -8.69707 9.70146 3
      vertex -8.40587 9.60964 3
    endloop
  endfacet
  facet normal 0.300721 0.953712 0
    outer loop
      vertex -8.69707 9.70146 3
      vertex -8.40587 9.60964 0
      vertex -8.69707 9.70146 0
    endloop
  endfacet
  facet normal 0.737173 0.675704 0
    outer loop
      vertex -9.97487 10.5155 3
      vertex -10.1812 10.7406 0
      vertex -10.1812 10.7406 3
    endloop
  endfacet
  facet normal 0.737173 0.675704 0
    outer loop
      vertex -10.1812 10.7406 0
      vertex -9.97487 10.5155 3
      vertex -9.97487 10.5155 0
    endloop
  endfacet
  facet normal 0.88704 -0.461693 0
    outer loop
      vertex -10.6721 14.4695 3
      vertex -10.5311 14.7404 0
      vertex -10.5311 14.7404 3
    endloop
  endfacet
  facet normal 0.88704 -0.461693 0
    outer loop
      vertex -10.5311 14.7404 0
      vertex -10.6721 14.4695 3
      vertex -10.6721 14.4695 0
    endloop
  endfacet
  facet normal -0.737238 0.675633 0
    outer loop
      vertex -5.02513 10.5155 0
      vertex -4.81884 10.7406 3
      vertex -4.81884 10.7406 0
    endloop
  endfacet
  facet normal -0.737238 0.675633 0
    outer loop
      vertex -4.81884 10.7406 3
      vertex -5.02513 10.5155 0
      vertex -5.02513 10.5155 3
    endloop
  endfacet
  facet normal 0.976287 0.21648 0
    outer loop
      vertex -10.8807 12.0845 3
      vertex -10.9468 12.3826 0
      vertex -10.9468 12.3826 3
    endloop
  endfacet
  facet normal 0.976287 0.21648 0
    outer loop
      vertex -10.9468 12.3826 0
      vertex -10.8807 12.0845 3
      vertex -10.8807 12.0845 0
    endloop
  endfacet
  facet normal -0.300661 -0.953731 0
    outer loop
      vertex -6.59413 16.3711 0
      vertex -6.30293 16.2793 3
      vertex -6.59413 16.3711 3
    endloop
  endfacet
  facet normal -0.300661 -0.953731 -0
    outer loop
      vertex -6.30293 16.2793 3
      vertex -6.59413 16.3711 0
      vertex -6.30293 16.2793 0
    endloop
  endfacet
  facet normal 0.999051 0.0435509 0
    outer loop
      vertex -10.9867 12.6853 3
      vertex -11 12.9904 0
      vertex -11 12.9904 3
    endloop
  endfacet
  facet normal 0.999051 0.0435509 0
    outer loop
      vertex -11 12.9904 0
      vertex -10.9867 12.6853 3
      vertex -10.9867 12.6853 0
    endloop
  endfacet
  facet normal 0.461773 -0.886998 0
    outer loop
      vertex -9.25 16.0215 0
      vertex -8.97916 16.1625 3
      vertex -9.25 16.0215 3
    endloop
  endfacet
  facet normal 0.461773 -0.886998 0
    outer loop
      vertex -8.97916 16.1625 3
      vertex -9.25 16.0215 0
      vertex -8.97916 16.1625 0
    endloop
  endfacet
  facet normal 0.953761 -0.300567 0
    outer loop
      vertex -10.8807 13.8962 3
      vertex -10.7889 14.1875 0
      vertex -10.7889 14.1875 3
    endloop
  endfacet
  facet normal 0.953761 -0.300567 0
    outer loop
      vertex -10.7889 14.1875 0
      vertex -10.8807 13.8962 3
      vertex -10.8807 13.8962 0
    endloop
  endfacet
  facet normal 0.0436248 0.999048 -0
    outer loop
      vertex -7.5 9.49038 0
      vertex -7.80504 9.5037 3
      vertex -7.5 9.49038 3
    endloop
  endfacet
  facet normal 0.0436248 0.999048 0
    outer loop
      vertex -7.80504 9.5037 3
      vertex -7.5 9.49038 0
      vertex -7.80504 9.5037 0
    endloop
  endfacet
  facet normal 0.382556 -0.923932 0
    outer loop
      vertex -8.97916 16.1625 0
      vertex -8.69707 16.2793 3
      vertex -8.97916 16.1625 3
    endloop
  endfacet
  facet normal 0.382556 -0.923932 0
    outer loop
      vertex -8.69707 16.2793 3
      vertex -8.97916 16.1625 0
      vertex -8.69707 16.2793 0
    endloop
  endfacet
  facet normal -0.675456 -0.7374 0
    outer loop
      vertex -5.25024 15.6715 0
      vertex -5.02513 15.4653 3
      vertex -5.25024 15.6715 3
    endloop
  endfacet
  facet normal -0.675456 -0.7374 -0
    outer loop
      vertex -5.02513 15.4653 3
      vertex -5.25024 15.6715 0
      vertex -5.02513 15.4653 0
    endloop
  endfacet
  facet normal 0.991424 -0.130683 0
    outer loop
      vertex -10.9867 13.2954 3
      vertex -10.9468 13.5981 0
      vertex -10.9468 13.5981 3
    endloop
  endfacet
  facet normal 0.991424 -0.130683 0
    outer loop
      vertex -10.9468 13.5981 0
      vertex -10.9867 13.2954 3
      vertex -10.9867 13.2954 0
    endloop
  endfacet
  facet normal -0.043558 -0.999051 0
    outer loop
      vertex -7.5 16.4904 0
      vertex -7.19495 16.4771 3
      vertex -7.5 16.4904 3
    endloop
  endfacet
  facet normal -0.043558 -0.999051 -0
    outer loop
      vertex -7.19495 16.4771 3
      vertex -7.5 16.4904 0
      vertex -7.19495 16.4771 0
    endloop
  endfacet
  facet normal 0.999051 -0.0435652 0
    outer loop
      vertex -11 12.9904 3
      vertex -10.9867 13.2954 0
      vertex -10.9867 13.2954 3
    endloop
  endfacet
  facet normal 0.999051 -0.0435652 0
    outer loop
      vertex -10.9867 13.2954 0
      vertex -11 12.9904 3
      vertex -11 12.9904 0
    endloop
  endfacet
  facet normal -0.793316 -0.60881 0
    outer loop
      vertex -4.63297 14.9979 0
      vertex -4.81884 15.2401 3
      vertex -4.81884 15.2401 0
    endloop
  endfacet
  facet normal -0.793316 -0.60881 0
    outer loop
      vertex -4.81884 15.2401 3
      vertex -4.63297 14.9979 0
      vertex -4.63297 14.9979 3
    endloop
  endfacet
  facet normal 0.737323 -0.675541 0
    outer loop
      vertex -10.1812 15.2401 3
      vertex -9.97487 15.4653 0
      vertex -9.97487 15.4653 3
    endloop
  endfacet
  facet normal 0.737323 -0.675541 0
    outer loop
      vertex -9.97487 15.4653 0
      vertex -10.1812 15.2401 3
      vertex -10.1812 15.2401 0
    endloop
  endfacet
  facet normal -0.537187 0.843463 0
    outer loop
      vertex -5.49248 10.1233 0
      vertex -5.75 9.95929 3
      vertex -5.49248 10.1233 3
    endloop
  endfacet
  facet normal -0.537187 0.843463 0
    outer loop
      vertex -5.75 9.95929 3
      vertex -5.49248 10.1233 0
      vertex -5.75 9.95929 0
    endloop
  endfacet
  facet normal -0.130675 -0.991425 0
    outer loop
      vertex -7.19495 16.4771 0
      vertex -6.89223 16.4372 3
      vertex -7.19495 16.4771 3
    endloop
  endfacet
  facet normal -0.130675 -0.991425 -0
    outer loop
      vertex -6.89223 16.4372 3
      vertex -7.19495 16.4771 0
      vertex -6.89223 16.4372 0
    endloop
  endfacet
  facet normal 0.843311 0.537426 0
    outer loop
      vertex -10.367 10.9829 3
      vertex -10.5311 11.2404 0
      vertex -10.5311 11.2404 3
    endloop
  endfacet
  facet normal 0.843311 0.537426 0
    outer loop
      vertex -10.5311 11.2404 0
      vertex -10.367 10.9829 3
      vertex -10.367 10.9829 0
    endloop
  endfacet
  facet normal 0.793427 -0.608665 0
    outer loop
      vertex -10.367 14.9979 3
      vertex -10.1812 15.2401 0
      vertex -10.1812 15.2401 3
    endloop
  endfacet
  facet normal 0.793427 -0.608665 0
    outer loop
      vertex -10.1812 15.2401 0
      vertex -10.367 14.9979 3
      vertex -10.367 14.9979 0
    endloop
  endfacet
  facet normal 0.843311 -0.537426 0
    outer loop
      vertex -10.5311 14.7404 3
      vertex -10.367 14.9979 0
      vertex -10.367 14.9979 3
    endloop
  endfacet
  facet normal 0.843311 -0.537426 0
    outer loop
      vertex -10.367 14.9979 0
      vertex -10.5311 14.7404 3
      vertex -10.5311 14.7404 0
    endloop
  endfacet
  facet normal -0.461773 -0.886998 0
    outer loop
      vertex -6.02084 16.1625 0
      vertex -5.75 16.0215 3
      vertex -6.02084 16.1625 3
    endloop
  endfacet
  facet normal -0.461773 -0.886998 -0
    outer loop
      vertex -5.75 16.0215 3
      vertex -6.02084 16.1625 0
      vertex -5.75 16.0215 0
    endloop
  endfacet
  facet normal 0.0435595 -0.999051 0
    outer loop
      vertex -7.80504 16.4771 0
      vertex -7.5 16.4904 3
      vertex -7.80504 16.4771 3
    endloop
  endfacet
  facet normal 0.0435595 -0.999051 0
    outer loop
      vertex -7.5 16.4904 3
      vertex -7.80504 16.4771 0
      vertex -7.5 16.4904 0
    endloop
  endfacet
  facet normal -0.130514 0.991446 0
    outer loop
      vertex -6.89223 9.54355 0
      vertex -7.19495 9.5037 3
      vertex -6.89223 9.54355 3
    endloop
  endfacet
  facet normal -0.130514 0.991446 0
    outer loop
      vertex -7.19495 9.5037 3
      vertex -6.89223 9.54355 0
      vertex -7.19495 9.5037 0
    endloop
  endfacet
  facet normal -0.953712 0.300721 0
    outer loop
      vertex -4.21108 11.7933 0
      vertex -4.11926 12.0845 3
      vertex -4.11926 12.0845 0
    endloop
  endfacet
  facet normal -0.953712 0.300721 0
    outer loop
      vertex -4.11926 12.0845 3
      vertex -4.21108 11.7933 0
      vertex -4.21108 11.7933 3
    endloop
  endfacet
  facet normal -0.300721 0.953712 0
    outer loop
      vertex -6.30293 9.70146 0
      vertex -6.59413 9.60964 3
      vertex -6.30293 9.70146 3
    endloop
  endfacet
  facet normal -0.300721 0.953712 0
    outer loop
      vertex -6.59413 9.60964 3
      vertex -6.30293 9.70146 0
      vertex -6.59413 9.60964 0
    endloop
  endfacet
  facet normal 0.953731 0.300661 0
    outer loop
      vertex -10.7889 11.7933 3
      vertex -10.8807 12.0845 0
      vertex -10.8807 12.0845 3
    endloop
  endfacet
  facet normal 0.953731 0.300661 0
    outer loop
      vertex -10.8807 12.0845 0
      vertex -10.7889 11.7933 3
      vertex -10.7889 11.7933 0
    endloop
  endfacet
  facet normal -0.999048 -0.0436305 0
    outer loop
      vertex -4 12.9904 0
      vertex -4.01332 13.2954 3
      vertex -4.01332 13.2954 0
    endloop
  endfacet
  facet normal -0.999048 -0.0436305 0
    outer loop
      vertex -4.01332 13.2954 3
      vertex -4 12.9904 0
      vertex -4 12.9904 3
    endloop
  endfacet
  facet normal -0.886983 0.461801 0
    outer loop
      vertex -4.46891 11.2404 0
      vertex -4.32792 11.5112 3
      vertex -4.32792 11.5112 0
    endloop
  endfacet
  facet normal -0.886983 0.461801 0
    outer loop
      vertex -4.32792 11.5112 3
      vertex -4.46891 11.2404 0
      vertex -4.46891 11.2404 3
    endloop
  endfacet
  facet normal -0.382556 -0.923932 0
    outer loop
      vertex -6.30293 16.2793 0
      vertex -6.02084 16.1625 3
      vertex -6.30293 16.2793 3
    endloop
  endfacet
  facet normal -0.382556 -0.923932 -0
    outer loop
      vertex -6.02084 16.1625 3
      vertex -6.30293 16.2793 0
      vertex -6.02084 16.1625 0
    endloop
  endfacet
  facet normal -0.537397 -0.84333 0
    outer loop
      vertex -5.75 16.0215 0
      vertex -5.49248 15.8574 3
      vertex -5.75 16.0215 3
    endloop
  endfacet
  facet normal -0.537397 -0.84333 -0
    outer loop
      vertex -5.49248 15.8574 3
      vertex -5.75 16.0215 0
      vertex -5.49248 15.8574 0
    endloop
  endfacet
  facet normal 0.130671 -0.991426 0
    outer loop
      vertex -8.10777 16.4372 0
      vertex -7.80504 16.4771 3
      vertex -8.10777 16.4372 3
    endloop
  endfacet
  facet normal 0.130671 -0.991426 0
    outer loop
      vertex -7.80504 16.4771 3
      vertex -8.10777 16.4372 0
      vertex -7.80504 16.4771 0
    endloop
  endfacet
  facet normal -0.84337 -0.537333 0
    outer loop
      vertex -4.46891 14.7404 0
      vertex -4.63297 14.9979 3
      vertex -4.63297 14.9979 0
    endloop
  endfacet
  facet normal -0.84337 -0.537333 0
    outer loop
      vertex -4.63297 14.9979 3
      vertex -4.46891 14.7404 0
      vertex -4.46891 14.7404 3
    endloop
  endfacet
  facet normal -0.887053 -0.461667 0
    outer loop
      vertex -4.32792 14.4695 0
      vertex -4.46891 14.7404 3
      vertex -4.46891 14.7404 0
    endloop
  endfacet
  facet normal -0.887053 -0.461667 0
    outer loop
      vertex -4.46891 14.7404 3
      vertex -4.32792 14.4695 0
      vertex -4.32792 14.4695 3
    endloop
  endfacet
  facet normal 0.382668 0.923886 -0
    outer loop
      vertex -8.69707 9.70146 0
      vertex -8.97916 9.8183 3
      vertex -8.69707 9.70146 3
    endloop
  endfacet
  facet normal 0.382668 0.923886 0
    outer loop
      vertex -8.97916 9.8183 3
      vertex -8.69707 9.70146 0
      vertex -8.97916 9.8183 0
    endloop
  endfacet
  facet normal 0.461748 0.887011 -0
    outer loop
      vertex -8.97916 9.8183 0
      vertex -9.25 9.95929 3
      vertex -8.97916 9.8183 3
    endloop
  endfacet
  facet normal 0.461748 0.887011 0
    outer loop
      vertex -9.25 9.95929 3
      vertex -8.97916 9.8183 0
      vertex -9.25 9.95929 0
    endloop
  endfacet
  facet normal -0.608808 0.793317 0
    outer loop
      vertex -5.25024 10.3092 0
      vertex -5.49248 10.1233 3
      vertex -5.25024 10.3092 3
    endloop
  endfacet
  facet normal -0.608808 0.793317 0
    outer loop
      vertex -5.49248 10.1233 3
      vertex -5.25024 10.3092 0
      vertex -5.49248 10.1233 0
    endloop
  endfacet
  facet normal 0.991424 0.130683 0
    outer loop
      vertex -10.9468 12.3826 3
      vertex -10.9867 12.6853 0
      vertex -10.9867 12.6853 3
    endloop
  endfacet
  facet normal 0.991424 0.130683 0
    outer loop
      vertex -10.9867 12.6853 0
      vertex -10.9468 12.3826 3
      vertex -10.9468 12.3826 0
    endloop
  endfacet
  facet normal -0.991445 0.130522 0
    outer loop
      vertex -4.05317 12.3826 0
      vertex -4.01332 12.6853 3
      vertex -4.01332 12.6853 0
    endloop
  endfacet
  facet normal -0.991445 0.130522 0
    outer loop
      vertex -4.01332 12.6853 3
      vertex -4.05317 12.3826 0
      vertex -4.05317 12.3826 3
    endloop
  endfacet
  facet normal -0.382668 0.923886 0
    outer loop
      vertex -6.02084 9.8183 0
      vertex -6.30293 9.70146 3
      vertex -6.02084 9.8183 3
    endloop
  endfacet
  facet normal -0.382668 0.923886 0
    outer loop
      vertex -6.30293 9.70146 3
      vertex -6.02084 9.8183 0
      vertex -6.30293 9.70146 0
    endloop
  endfacet
  facet normal -0.976294 -0.216448 0
    outer loop
      vertex -4.05317 13.5981 0
      vertex -4.11926 13.8962 3
      vertex -4.11926 13.8962 0
    endloop
  endfacet
  facet normal -0.976294 -0.216448 0
    outer loop
      vertex -4.11926 13.8962 3
      vertex -4.05317 13.5981 0
      vertex -4.05317 13.5981 3
    endloop
  endfacet
  facet normal 0.923937 0.382545 0
    outer loop
      vertex -10.6721 11.5112 3
      vertex -10.7889 11.7933 0
      vertex -10.7889 11.7933 3
    endloop
  endfacet
  facet normal 0.923937 0.382545 0
    outer loop
      vertex -10.7889 11.7933 0
      vertex -10.6721 11.5112 3
      vertex -10.6721 11.5112 0
    endloop
  endfacet
  facet normal 0.13051 0.991447 -0
    outer loop
      vertex -7.80504 9.5037 0
      vertex -8.10777 9.54355 3
      vertex -7.80504 9.5037 3
    endloop
  endfacet
  facet normal 0.13051 0.991447 0
    outer loop
      vertex -8.10777 9.54355 3
      vertex -7.80504 9.5037 0
      vertex -8.10777 9.54355 0
    endloop
  endfacet
  facet normal -0.923843 -0.382772 0
    outer loop
      vertex -4.21108 14.1875 0
      vertex -4.32792 14.4695 3
      vertex -4.32792 14.4695 0
    endloop
  endfacet
  facet normal -0.923843 -0.382772 0
    outer loop
      vertex -4.32792 14.4695 3
      vertex -4.21108 14.1875 0
      vertex -4.21108 14.1875 3
    endloop
  endfacet
  facet normal -0.953742 -0.300627 0
    outer loop
      vertex -4.11926 13.8962 0
      vertex -4.21108 14.1875 3
      vertex -4.21108 14.1875 0
    endloop
  endfacet
  facet normal -0.953742 -0.300627 0
    outer loop
      vertex -4.21108 14.1875 3
      vertex -4.11926 13.8962 0
      vertex -4.11926 13.8962 3
    endloop
  endfacet
  facet normal 0.300721 -0.953712 0
    outer loop
      vertex -16.1971 3.28892 0
      vertex -15.9059 3.38074 3
      vertex -16.1971 3.28892 3
    endloop
  endfacet
  facet normal 0.300721 -0.953712 0
    outer loop
      vertex -15.9059 3.38074 3
      vertex -16.1971 3.28892 0
      vertex -15.9059 3.38074 0
    endloop
  endfacet
  facet normal -0.461801 -0.886983 0
    outer loop
      vertex -13.5208 3.17208 0
      vertex -13.25 3.03109 3
      vertex -13.5208 3.17208 3
    endloop
  endfacet
  facet normal -0.461801 -0.886983 -0
    outer loop
      vertex -13.25 3.03109 3
      vertex -13.5208 3.17208 0
      vertex -13.25 3.03109 0
    endloop
  endfacet
  facet normal 0.0436305 -0.999048 0
    outer loop
      vertex -15.305 3.48668 0
      vertex -15 3.5 3
      vertex -15.305 3.48668 3
    endloop
  endfacet
  facet normal 0.0436305 -0.999048 0
    outer loop
      vertex -15 3.5 3
      vertex -15.305 3.48668 0
      vertex -15 3.5 0
    endloop
  endfacet
  facet normal -0.886998 0.461773 0
    outer loop
      vertex -11.9689 -1.75 0
      vertex -11.8279 -1.47916 3
      vertex -11.8279 -1.47916 0
    endloop
  endfacet
  facet normal -0.886998 0.461773 0
    outer loop
      vertex -11.8279 -1.47916 3
      vertex -11.9689 -1.75 0
      vertex -11.9689 -1.75 3
    endloop
  endfacet
  facet normal 0.13048 0.991451 -0
    outer loop
      vertex -15.305 -3.48668 0
      vertex -15.6078 -3.44683 3
      vertex -15.305 -3.48668 3
    endloop
  endfacet
  facet normal 0.13048 0.991451 0
    outer loop
      vertex -15.6078 -3.44683 3
      vertex -15.305 -3.48668 0
      vertex -15.6078 -3.44683 0
    endloop
  endfacet
  facet normal 0.991426 -0.130673 0
    outer loop
      vertex -18.4867 0.305044 3
      vertex -18.4468 0.607768 0
      vertex -18.4468 0.607768 3
    endloop
  endfacet
  facet normal 0.991426 -0.130673 0
    outer loop
      vertex -18.4468 0.607768 0
      vertex -18.4867 0.305044 3
      vertex -18.4867 0.305044 0
    endloop
  endfacet
  facet normal -0.923932 -0.382556 0
    outer loop
      vertex -11.7111 1.19707 0
      vertex -11.8279 1.47916 3
      vertex -11.8279 1.47916 0
    endloop
  endfacet
  facet normal -0.923932 -0.382556 0
    outer loop
      vertex -11.8279 1.47916 3
      vertex -11.7111 1.19707 0
      vertex -11.7111 1.19707 3
    endloop
  endfacet
  facet normal 0.737237 -0.675634 0
    outer loop
      vertex -17.6812 2.24976 3
      vertex -17.4749 2.47487 0
      vertex -17.4749 2.47487 3
    endloop
  endfacet
  facet normal 0.737237 -0.675634 0
    outer loop
      vertex -17.4749 2.47487 0
      vertex -17.6812 2.24976 3
      vertex -17.6812 2.24976 0
    endloop
  endfacet
  facet normal -0.991426 0.130673 0
    outer loop
      vertex -11.5532 -0.607768 0
      vertex -11.5133 -0.305044 3
      vertex -11.5133 -0.305044 0
    endloop
  endfacet
  facet normal -0.991426 0.130673 0
    outer loop
      vertex -11.5133 -0.305044 3
      vertex -11.5532 -0.607768 0
      vertex -11.5532 -0.607768 3
    endloop
  endfacet
  facet normal -0.84333 0.537397 0
    outer loop
      vertex -12.133 -2.00752 0
      vertex -11.9689 -1.75 3
      vertex -11.9689 -1.75 0
    endloop
  endfacet
  facet normal -0.84333 0.537397 0
    outer loop
      vertex -11.9689 -1.75 3
      vertex -12.133 -2.00752 0
      vertex -12.133 -2.00752 3
    endloop
  endfacet
  facet normal 0.991426 0.130673 0
    outer loop
      vertex -18.4468 -0.607768 3
      vertex -18.4867 -0.305044 0
      vertex -18.4867 -0.305044 3
    endloop
  endfacet
  facet normal 0.991426 0.130673 0
    outer loop
      vertex -18.4867 -0.305044 0
      vertex -18.4468 -0.607768 3
      vertex -18.4468 -0.607768 0
    endloop
  endfacet
  facet normal -0.0436305 -0.999048 0
    outer loop
      vertex -15 3.5 0
      vertex -14.695 3.48668 3
      vertex -15 3.5 3
    endloop
  endfacet
  facet normal -0.0436305 -0.999048 -0
    outer loop
      vertex -14.695 3.48668 3
      vertex -15 3.5 0
      vertex -14.695 3.48668 0
    endloop
  endfacet
  facet normal -0.886998 -0.461773 0
    outer loop
      vertex -11.8279 1.47916 0
      vertex -11.9689 1.75 3
      vertex -11.9689 1.75 0
    endloop
  endfacet
  facet normal -0.886998 -0.461773 0
    outer loop
      vertex -11.9689 1.75 3
      vertex -11.8279 1.47916 0
      vertex -11.8279 1.47916 3
    endloop
  endfacet
  facet normal 0.13048 -0.991451 0
    outer loop
      vertex -15.6078 3.44683 0
      vertex -15.305 3.48668 3
      vertex -15.6078 3.44683 3
    endloop
  endfacet
  facet normal 0.13048 -0.991451 0
    outer loop
      vertex -15.305 3.48668 3
      vertex -15.6078 3.44683 0
      vertex -15.305 3.48668 0
    endloop
  endfacet
  facet normal 0.999051 0.0435589 0
    outer loop
      vertex -18.4867 -0.305044 3
      vertex -18.5 0 0
      vertex -18.5 0 3
    endloop
  endfacet
  facet normal 0.999051 0.0435589 0
    outer loop
      vertex -18.5 0 0
      vertex -18.4867 -0.305044 3
      vertex -18.4867 -0.305044 0
    endloop
  endfacet
  facet normal -0.216448 0.976294 0
    outer loop
      vertex -14.0941 -3.38074 0
      vertex -14.3922 -3.44683 3
      vertex -14.0941 -3.38074 3
    endloop
  endfacet
  facet normal -0.216448 0.976294 0
    outer loop
      vertex -14.3922 -3.44683 3
      vertex -14.0941 -3.38074 0
      vertex -14.3922 -3.44683 0
    endloop
  endfacet
  facet normal -0.382656 0.923891 0
    outer loop
      vertex -13.5208 -3.17208 0
      vertex -13.8029 -3.28892 3
      vertex -13.5208 -3.17208 3
    endloop
  endfacet
  facet normal -0.382656 0.923891 0
    outer loop
      vertex -13.8029 -3.28892 3
      vertex -13.5208 -3.17208 0
      vertex -13.8029 -3.28892 0
    endloop
  endfacet
  facet normal -0.999051 0.0435589 0
    outer loop
      vertex -11.5133 -0.305044 0
      vertex -11.5 0 3
      vertex -11.5 0 0
    endloop
  endfacet
  facet normal -0.999051 0.0435589 0
    outer loop
      vertex -11.5 0 3
      vertex -11.5133 -0.305044 0
      vertex -11.5133 -0.305044 3
    endloop
  endfacet
  facet normal 0.999051 -0.0435589 0
    outer loop
      vertex -18.5 0 3
      vertex -18.4867 0.305044 0
      vertex -18.4867 0.305044 3
    endloop
  endfacet
  facet normal 0.999051 -0.0435589 0
    outer loop
      vertex -18.4867 0.305044 0
      vertex -18.5 0 3
      vertex -18.5 0 0
    endloop
  endfacet
  facet normal -0.737237 -0.675634 0
    outer loop
      vertex -12.3188 2.24976 0
      vertex -12.5251 2.47487 3
      vertex -12.5251 2.47487 0
    endloop
  endfacet
  facet normal -0.737237 -0.675634 0
    outer loop
      vertex -12.5251 2.47487 3
      vertex -12.3188 2.24976 0
      vertex -12.3188 2.24976 3
    endloop
  endfacet
  facet normal 0.537333 0.84337 -0
    outer loop
      vertex -16.75 -3.03109 0
      vertex -17.0075 -2.86703 3
      vertex -16.75 -3.03109 3
    endloop
  endfacet
  facet normal 0.537333 0.84337 0
    outer loop
      vertex -17.0075 -2.86703 3
      vertex -16.75 -3.03109 0
      vertex -17.0075 -2.86703 0
    endloop
  endfacet
  facet normal 0.84333 -0.537397 0
    outer loop
      vertex -18.0311 1.75 3
      vertex -17.867 2.00752 0
      vertex -17.867 2.00752 3
    endloop
  endfacet
  facet normal 0.84333 -0.537397 0
    outer loop
      vertex -17.867 2.00752 0
      vertex -18.0311 1.75 3
      vertex -18.0311 1.75 0
    endloop
  endfacet
  facet normal 0.976287 0.21648 0
    outer loop
      vertex -18.3807 -0.905867 3
      vertex -18.4468 -0.607768 0
      vertex -18.4468 -0.607768 3
    endloop
  endfacet
  facet normal 0.976287 0.21648 0
    outer loop
      vertex -18.4468 -0.607768 0
      vertex -18.3807 -0.905867 3
      vertex -18.3807 -0.905867 0
    endloop
  endfacet
  facet normal 0.793476 -0.608602 0
    outer loop
      vertex -17.867 2.00752 3
      vertex -17.6812 2.24976 0
      vertex -17.6812 2.24976 3
    endloop
  endfacet
  facet normal 0.793476 -0.608602 0
    outer loop
      vertex -17.6812 2.24976 0
      vertex -17.867 2.00752 3
      vertex -17.867 2.00752 0
    endloop
  endfacet
  facet normal -0.300721 0.953712 0
    outer loop
      vertex -13.8029 -3.28892 0
      vertex -14.0941 -3.38074 3
      vertex -13.8029 -3.28892 3
    endloop
  endfacet
  facet normal -0.300721 0.953712 0
    outer loop
      vertex -14.0941 -3.38074 3
      vertex -13.8029 -3.28892 0
      vertex -14.0941 -3.38074 0
    endloop
  endfacet
  facet normal 0.461801 0.886983 -0
    outer loop
      vertex -16.4792 -3.17208 0
      vertex -16.75 -3.03109 3
      vertex -16.4792 -3.17208 3
    endloop
  endfacet
  facet normal 0.461801 0.886983 0
    outer loop
      vertex -16.75 -3.03109 3
      vertex -16.4792 -3.17208 0
      vertex -16.75 -3.03109 0
    endloop
  endfacet
  facet normal 0.382656 0.923891 -0
    outer loop
      vertex -16.1971 -3.28892 0
      vertex -16.4792 -3.17208 3
      vertex -16.1971 -3.28892 3
    endloop
  endfacet
  facet normal 0.382656 0.923891 0
    outer loop
      vertex -16.4792 -3.17208 3
      vertex -16.1971 -3.28892 0
      vertex -16.4792 -3.17208 0
    endloop
  endfacet
  facet normal 0.461801 -0.886983 0
    outer loop
      vertex -16.75 3.03109 0
      vertex -16.4792 3.17208 3
      vertex -16.75 3.03109 3
    endloop
  endfacet
  facet normal 0.461801 -0.886983 0
    outer loop
      vertex -16.4792 3.17208 3
      vertex -16.75 3.03109 0
      vertex -16.4792 3.17208 0
    endloop
  endfacet
  facet normal 0.300721 0.953712 -0
    outer loop
      vertex -15.9059 -3.38074 0
      vertex -16.1971 -3.28892 3
      vertex -15.9059 -3.38074 3
    endloop
  endfacet
  facet normal 0.300721 0.953712 0
    outer loop
      vertex -16.1971 -3.28892 3
      vertex -15.9059 -3.38074 0
      vertex -16.1971 -3.28892 0
    endloop
  endfacet
  facet normal -0.13048 -0.991451 0
    outer loop
      vertex -14.695 3.48668 0
      vertex -14.3922 3.44683 3
      vertex -14.695 3.48668 3
    endloop
  endfacet
  facet normal -0.13048 -0.991451 -0
    outer loop
      vertex -14.3922 3.44683 3
      vertex -14.695 3.48668 0
      vertex -14.3922 3.44683 0
    endloop
  endfacet
  facet normal -0.608652 0.793438 0
    outer loop
      vertex -12.7502 -2.68116 0
      vertex -12.9925 -2.86703 3
      vertex -12.7502 -2.68116 3
    endloop
  endfacet
  facet normal -0.608652 0.793438 0
    outer loop
      vertex -12.9925 -2.86703 3
      vertex -12.7502 -2.68116 0
      vertex -12.9925 -2.86703 0
    endloop
  endfacet
  facet normal 0.675633 -0.737238 0
    outer loop
      vertex -17.4749 2.47487 0
      vertex -17.2498 2.68116 3
      vertex -17.4749 2.47487 3
    endloop
  endfacet
  facet normal 0.675633 -0.737238 0
    outer loop
      vertex -17.2498 2.68116 3
      vertex -17.4749 2.47487 0
      vertex -17.2498 2.68116 0
    endloop
  endfacet
  facet normal 0.608652 0.793438 -0
    outer loop
      vertex -17.0075 -2.86703 0
      vertex -17.2498 -2.68116 3
      vertex -17.0075 -2.86703 3
    endloop
  endfacet
  facet normal 0.608652 0.793438 0
    outer loop
      vertex -17.2498 -2.68116 3
      vertex -17.0075 -2.86703 0
      vertex -17.2498 -2.68116 0
    endloop
  endfacet
  facet normal 0.923932 0.382556 0
    outer loop
      vertex -18.1721 -1.47916 3
      vertex -18.2889 -1.19707 0
      vertex -18.2889 -1.19707 3
    endloop
  endfacet
  facet normal 0.923932 0.382556 0
    outer loop
      vertex -18.2889 -1.19707 0
      vertex -18.1721 -1.47916 3
      vertex -18.1721 -1.47916 0
    endloop
  endfacet
  facet normal -0.382656 -0.923891 0
    outer loop
      vertex -13.8029 3.28892 0
      vertex -13.5208 3.17208 3
      vertex -13.8029 3.28892 3
    endloop
  endfacet
  facet normal -0.382656 -0.923891 -0
    outer loop
      vertex -13.5208 3.17208 3
      vertex -13.8029 3.28892 0
      vertex -13.5208 3.17208 0
    endloop
  endfacet
  facet normal -0.300721 -0.953712 0
    outer loop
      vertex -14.0941 3.38074 0
      vertex -13.8029 3.28892 3
      vertex -14.0941 3.38074 3
    endloop
  endfacet
  facet normal -0.300721 -0.953712 -0
    outer loop
      vertex -13.8029 3.28892 3
      vertex -14.0941 3.38074 0
      vertex -13.8029 3.28892 0
    endloop
  endfacet
  facet normal 0.953732 0.300658 0
    outer loop
      vertex -18.2889 -1.19707 3
      vertex -18.3807 -0.905867 0
      vertex -18.3807 -0.905867 3
    endloop
  endfacet
  facet normal 0.953732 0.300658 0
    outer loop
      vertex -18.3807 -0.905867 0
      vertex -18.2889 -1.19707 3
      vertex -18.2889 -1.19707 0
    endloop
  endfacet
  facet normal 0.976287 -0.21648 0
    outer loop
      vertex -18.4468 0.607768 3
      vertex -18.3807 0.905867 0
      vertex -18.3807 0.905867 3
    endloop
  endfacet
  facet normal 0.976287 -0.21648 0
    outer loop
      vertex -18.3807 0.905867 0
      vertex -18.4468 0.607768 3
      vertex -18.4468 0.607768 0
    endloop
  endfacet
  facet normal 0.537333 -0.84337 0
    outer loop
      vertex -17.0075 2.86703 0
      vertex -16.75 3.03109 3
      vertex -17.0075 2.86703 3
    endloop
  endfacet
  facet normal 0.537333 -0.84337 0
    outer loop
      vertex -16.75 3.03109 3
      vertex -17.0075 2.86703 0
      vertex -16.75 3.03109 0
    endloop
  endfacet
  facet normal 0.216448 -0.976294 0
    outer loop
      vertex -15.9059 3.38074 0
      vertex -15.6078 3.44683 3
      vertex -15.9059 3.38074 3
    endloop
  endfacet
  facet normal 0.216448 -0.976294 0
    outer loop
      vertex -15.6078 3.44683 3
      vertex -15.9059 3.38074 0
      vertex -15.6078 3.44683 0
    endloop
  endfacet
  facet normal -0.537333 0.84337 0
    outer loop
      vertex -12.9925 -2.86703 0
      vertex -13.25 -3.03109 3
      vertex -12.9925 -2.86703 3
    endloop
  endfacet
  facet normal -0.537333 0.84337 0
    outer loop
      vertex -13.25 -3.03109 3
      vertex -12.9925 -2.86703 0
      vertex -13.25 -3.03109 0
    endloop
  endfacet
  facet normal 0.84333 0.537397 0
    outer loop
      vertex -17.867 -2.00752 3
      vertex -18.0311 -1.75 0
      vertex -18.0311 -1.75 3
    endloop
  endfacet
  facet normal 0.84333 0.537397 0
    outer loop
      vertex -18.0311 -1.75 0
      vertex -17.867 -2.00752 3
      vertex -17.867 -2.00752 0
    endloop
  endfacet
  facet normal 0.886998 0.461773 0
    outer loop
      vertex -18.0311 -1.75 3
      vertex -18.1721 -1.47916 0
      vertex -18.1721 -1.47916 3
    endloop
  endfacet
  facet normal 0.886998 0.461773 0
    outer loop
      vertex -18.1721 -1.47916 0
      vertex -18.0311 -1.75 3
      vertex -18.0311 -1.75 0
    endloop
  endfacet
  facet normal 0.793476 0.608602 0
    outer loop
      vertex -17.6812 -2.24976 3
      vertex -17.867 -2.00752 0
      vertex -17.867 -2.00752 3
    endloop
  endfacet
  facet normal 0.793476 0.608602 0
    outer loop
      vertex -17.867 -2.00752 0
      vertex -17.6812 -2.24976 3
      vertex -17.6812 -2.24976 0
    endloop
  endfacet
  facet normal -0.675633 0.737238 0
    outer loop
      vertex -12.5251 -2.47487 0
      vertex -12.7502 -2.68116 3
      vertex -12.5251 -2.47487 3
    endloop
  endfacet
  facet normal -0.675633 0.737238 0
    outer loop
      vertex -12.7502 -2.68116 3
      vertex -12.5251 -2.47487 0
      vertex -12.7502 -2.68116 0
    endloop
  endfacet
  facet normal 0.0436305 0.999048 -0
    outer loop
      vertex -15 -3.5 0
      vertex -15.305 -3.48668 3
      vertex -15 -3.5 3
    endloop
  endfacet
  facet normal 0.0436305 0.999048 0
    outer loop
      vertex -15.305 -3.48668 3
      vertex -15 -3.5 0
      vertex -15.305 -3.48668 0
    endloop
  endfacet
  facet normal -0.737237 0.675634 0
    outer loop
      vertex -12.5251 -2.47487 0
      vertex -12.3188 -2.24976 3
      vertex -12.3188 -2.24976 0
    endloop
  endfacet
  facet normal -0.737237 0.675634 0
    outer loop
      vertex -12.3188 -2.24976 3
      vertex -12.5251 -2.47487 0
      vertex -12.5251 -2.47487 3
    endloop
  endfacet
  facet normal -0.461801 0.886983 0
    outer loop
      vertex -13.25 -3.03109 0
      vertex -13.5208 -3.17208 3
      vertex -13.25 -3.03109 3
    endloop
  endfacet
  facet normal -0.461801 0.886983 0
    outer loop
      vertex -13.5208 -3.17208 3
      vertex -13.25 -3.03109 0
      vertex -13.5208 -3.17208 0
    endloop
  endfacet
  facet normal -0.216448 -0.976294 0
    outer loop
      vertex -14.3922 3.44683 0
      vertex -14.0941 3.38074 3
      vertex -14.3922 3.44683 3
    endloop
  endfacet
  facet normal -0.216448 -0.976294 -0
    outer loop
      vertex -14.0941 3.38074 3
      vertex -14.3922 3.44683 0
      vertex -14.0941 3.38074 0
    endloop
  endfacet
  facet normal 0.886998 -0.461773 0
    outer loop
      vertex -18.1721 1.47916 3
      vertex -18.0311 1.75 0
      vertex -18.0311 1.75 3
    endloop
  endfacet
  facet normal 0.886998 -0.461773 0
    outer loop
      vertex -18.0311 1.75 0
      vertex -18.1721 1.47916 3
      vertex -18.1721 1.47916 0
    endloop
  endfacet
  facet normal -0.0436305 0.999048 0
    outer loop
      vertex -14.695 -3.48668 0
      vertex -15 -3.5 3
      vertex -14.695 -3.48668 3
    endloop
  endfacet
  facet normal -0.0436305 0.999048 0
    outer loop
      vertex -15 -3.5 3
      vertex -14.695 -3.48668 0
      vertex -15 -3.5 0
    endloop
  endfacet
  facet normal -0.793476 -0.608602 0
    outer loop
      vertex -12.133 2.00752 0
      vertex -12.3188 2.24976 3
      vertex -12.3188 2.24976 0
    endloop
  endfacet
  facet normal -0.793476 -0.608602 0
    outer loop
      vertex -12.3188 2.24976 3
      vertex -12.133 2.00752 0
      vertex -12.133 2.00752 3
    endloop
  endfacet
  facet normal -0.13048 0.991451 0
    outer loop
      vertex -14.3922 -3.44683 0
      vertex -14.695 -3.48668 3
      vertex -14.3922 -3.44683 3
    endloop
  endfacet
  facet normal -0.13048 0.991451 0
    outer loop
      vertex -14.695 -3.48668 3
      vertex -14.3922 -3.44683 0
      vertex -14.695 -3.48668 0
    endloop
  endfacet
  facet normal -0.991426 -0.130673 0
    outer loop
      vertex -11.5133 0.305044 0
      vertex -11.5532 0.607768 3
      vertex -11.5532 0.607768 0
    endloop
  endfacet
  facet normal -0.991426 -0.130673 0
    outer loop
      vertex -11.5532 0.607768 3
      vertex -11.5133 0.305044 0
      vertex -11.5133 0.305044 3
    endloop
  endfacet
  facet normal -0.976287 -0.21648 0
    outer loop
      vertex -11.5532 0.607768 0
      vertex -11.6193 0.905867 3
      vertex -11.6193 0.905867 0
    endloop
  endfacet
  facet normal -0.976287 -0.21648 0
    outer loop
      vertex -11.6193 0.905867 3
      vertex -11.5532 0.607768 0
      vertex -11.5532 0.607768 3
    endloop
  endfacet
  facet normal -0.675633 -0.737238 0
    outer loop
      vertex -12.7502 2.68116 0
      vertex -12.5251 2.47487 3
      vertex -12.7502 2.68116 3
    endloop
  endfacet
  facet normal -0.675633 -0.737238 -0
    outer loop
      vertex -12.5251 2.47487 3
      vertex -12.7502 2.68116 0
      vertex -12.5251 2.47487 0
    endloop
  endfacet
  facet normal 0.923932 -0.382556 0
    outer loop
      vertex -18.2889 1.19707 3
      vertex -18.1721 1.47916 0
      vertex -18.1721 1.47916 3
    endloop
  endfacet
  facet normal 0.923932 -0.382556 0
    outer loop
      vertex -18.1721 1.47916 0
      vertex -18.2889 1.19707 3
      vertex -18.2889 1.19707 0
    endloop
  endfacet
  facet normal -0.999051 -0.0435589 0
    outer loop
      vertex -11.5 0 0
      vertex -11.5133 0.305044 3
      vertex -11.5133 0.305044 0
    endloop
  endfacet
  facet normal -0.999051 -0.0435589 0
    outer loop
      vertex -11.5133 0.305044 3
      vertex -11.5 0 0
      vertex -11.5 0 3
    endloop
  endfacet
  facet normal 0.216448 0.976294 -0
    outer loop
      vertex -15.6078 -3.44683 0
      vertex -15.9059 -3.38074 3
      vertex -15.6078 -3.44683 3
    endloop
  endfacet
  facet normal 0.216448 0.976294 0
    outer loop
      vertex -15.9059 -3.38074 3
      vertex -15.6078 -3.44683 0
      vertex -15.9059 -3.38074 0
    endloop
  endfacet
  facet normal -0.608652 -0.793438 0
    outer loop
      vertex -12.9925 2.86703 0
      vertex -12.7502 2.68116 3
      vertex -12.9925 2.86703 3
    endloop
  endfacet
  facet normal -0.608652 -0.793438 -0
    outer loop
      vertex -12.7502 2.68116 3
      vertex -12.9925 2.86703 0
      vertex -12.7502 2.68116 0
    endloop
  endfacet
  facet normal 0.675633 0.737238 -0
    outer loop
      vertex -17.2498 -2.68116 0
      vertex -17.4749 -2.47487 3
      vertex -17.2498 -2.68116 3
    endloop
  endfacet
  facet normal 0.675633 0.737238 0
    outer loop
      vertex -17.4749 -2.47487 3
      vertex -17.2498 -2.68116 0
      vertex -17.4749 -2.47487 0
    endloop
  endfacet
  facet normal 0.737237 0.675634 0
    outer loop
      vertex -17.4749 -2.47487 3
      vertex -17.6812 -2.24976 0
      vertex -17.6812 -2.24976 3
    endloop
  endfacet
  facet normal 0.737237 0.675634 0
    outer loop
      vertex -17.6812 -2.24976 0
      vertex -17.4749 -2.47487 3
      vertex -17.4749 -2.47487 0
    endloop
  endfacet
  facet normal 0.382656 -0.923891 0
    outer loop
      vertex -16.4792 3.17208 0
      vertex -16.1971 3.28892 3
      vertex -16.4792 3.17208 3
    endloop
  endfacet
  facet normal 0.382656 -0.923891 0
    outer loop
      vertex -16.1971 3.28892 3
      vertex -16.4792 3.17208 0
      vertex -16.1971 3.28892 0
    endloop
  endfacet
  facet normal 0.608652 -0.793438 0
    outer loop
      vertex -17.2498 2.68116 0
      vertex -17.0075 2.86703 3
      vertex -17.2498 2.68116 3
    endloop
  endfacet
  facet normal 0.608652 -0.793438 0
    outer loop
      vertex -17.0075 2.86703 3
      vertex -17.2498 2.68116 0
      vertex -17.0075 2.86703 0
    endloop
  endfacet
  facet normal -0.976287 0.21648 0
    outer loop
      vertex -11.6193 -0.905867 0
      vertex -11.5532 -0.607768 3
      vertex -11.5532 -0.607768 0
    endloop
  endfacet
  facet normal -0.976287 0.21648 0
    outer loop
      vertex -11.5532 -0.607768 3
      vertex -11.6193 -0.905867 0
      vertex -11.6193 -0.905867 3
    endloop
  endfacet
  facet normal -0.953732 -0.300658 0
    outer loop
      vertex -11.6193 0.905867 0
      vertex -11.7111 1.19707 3
      vertex -11.7111 1.19707 0
    endloop
  endfacet
  facet normal -0.953732 -0.300658 0
    outer loop
      vertex -11.7111 1.19707 3
      vertex -11.6193 0.905867 0
      vertex -11.6193 0.905867 3
    endloop
  endfacet
  facet normal -0.793476 0.608602 0
    outer loop
      vertex -12.3188 -2.24976 0
      vertex -12.133 -2.00752 3
      vertex -12.133 -2.00752 0
    endloop
  endfacet
  facet normal -0.793476 0.608602 0
    outer loop
      vertex -12.133 -2.00752 3
      vertex -12.3188 -2.24976 0
      vertex -12.3188 -2.24976 3
    endloop
  endfacet
  facet normal -0.537333 -0.84337 0
    outer loop
      vertex -13.25 3.03109 0
      vertex -12.9925 2.86703 3
      vertex -13.25 3.03109 3
    endloop
  endfacet
  facet normal -0.537333 -0.84337 -0
    outer loop
      vertex -12.9925 2.86703 3
      vertex -13.25 3.03109 0
      vertex -12.9925 2.86703 0
    endloop
  endfacet
  facet normal -0.84333 -0.537397 0
    outer loop
      vertex -11.9689 1.75 0
      vertex -12.133 2.00752 3
      vertex -12.133 2.00752 0
    endloop
  endfacet
  facet normal -0.84333 -0.537397 0
    outer loop
      vertex -12.133 2.00752 3
      vertex -11.9689 1.75 0
      vertex -11.9689 1.75 3
    endloop
  endfacet
  facet normal -0.953732 0.300658 0
    outer loop
      vertex -11.7111 -1.19707 0
      vertex -11.6193 -0.905867 3
      vertex -11.6193 -0.905867 0
    endloop
  endfacet
  facet normal -0.953732 0.300658 0
    outer loop
      vertex -11.6193 -0.905867 3
      vertex -11.7111 -1.19707 0
      vertex -11.7111 -1.19707 3
    endloop
  endfacet
  facet normal -0.923932 0.382556 0
    outer loop
      vertex -11.8279 -1.47916 0
      vertex -11.7111 -1.19707 3
      vertex -11.7111 -1.19707 0
    endloop
  endfacet
  facet normal -0.923932 0.382556 0
    outer loop
      vertex -11.7111 -1.19707 3
      vertex -11.8279 -1.47916 0
      vertex -11.8279 -1.47916 3
    endloop
  endfacet
  facet normal 0.953732 -0.300658 0
    outer loop
      vertex -18.3807 0.905867 3
      vertex -18.2889 1.19707 0
      vertex -18.2889 1.19707 3
    endloop
  endfacet
  facet normal 0.953732 -0.300658 0
    outer loop
      vertex -18.2889 1.19707 0
      vertex -18.3807 0.905867 3
      vertex -18.3807 0.905867 0
    endloop
  endfacet
  facet normal -0.887053 0.461667 0
    outer loop
      vertex -4.46891 -14.7404 0
      vertex -4.32792 -14.4695 3
      vertex -4.32792 -14.4695 0
    endloop
  endfacet
  facet normal -0.887053 0.461667 0
    outer loop
      vertex -4.32792 -14.4695 3
      vertex -4.46891 -14.7404 0
      vertex -4.46891 -14.7404 3
    endloop
  endfacet
  facet normal -0.675456 0.7374 0
    outer loop
      vertex -5.02513 -15.4653 0
      vertex -5.25024 -15.6715 3
      vertex -5.02513 -15.4653 3
    endloop
  endfacet
  facet normal -0.675456 0.7374 0
    outer loop
      vertex -5.25024 -15.6715 3
      vertex -5.02513 -15.4653 0
      vertex -5.25024 -15.6715 0
    endloop
  endfacet
  facet normal -0.923843 0.382772 0
    outer loop
      vertex -4.32792 -14.4695 0
      vertex -4.21108 -14.1875 3
      vertex -4.21108 -14.1875 0
    endloop
  endfacet
  facet normal -0.923843 0.382772 0
    outer loop
      vertex -4.21108 -14.1875 3
      vertex -4.32792 -14.4695 0
      vertex -4.32792 -14.4695 3
    endloop
  endfacet
  facet normal 0.999051 -0.0435509 0
    outer loop
      vertex -11 -12.9904 3
      vertex -10.9867 -12.6853 0
      vertex -10.9867 -12.6853 3
    endloop
  endfacet
  facet normal 0.999051 -0.0435509 0
    outer loop
      vertex -10.9867 -12.6853 0
      vertex -11 -12.9904 3
      vertex -11 -12.9904 0
    endloop
  endfacet
  facet normal 0.300661 0.953731 -0
    outer loop
      vertex -8.40587 -16.3711 0
      vertex -8.69707 -16.2793 3
      vertex -8.40587 -16.3711 3
    endloop
  endfacet
  facet normal 0.300661 0.953731 0
    outer loop
      vertex -8.69707 -16.2793 3
      vertex -8.40587 -16.3711 0
      vertex -8.69707 -16.2793 0
    endloop
  endfacet
  facet normal 0.537397 0.84333 -0
    outer loop
      vertex -9.25 -16.0215 0
      vertex -9.50752 -15.8574 3
      vertex -9.25 -16.0215 3
    endloop
  endfacet
  facet normal 0.537397 0.84333 0
    outer loop
      vertex -9.50752 -15.8574 3
      vertex -9.25 -16.0215 0
      vertex -9.50752 -15.8574 0
    endloop
  endfacet
  facet normal 0.991424 0.130683 0
    outer loop
      vertex -10.9468 -13.5981 3
      vertex -10.9867 -13.2954 0
      vertex -10.9867 -13.2954 3
    endloop
  endfacet
  facet normal 0.991424 0.130683 0
    outer loop
      vertex -10.9867 -13.2954 0
      vertex -10.9468 -13.5981 3
      vertex -10.9468 -13.5981 0
    endloop
  endfacet
  facet normal 0.675634 -0.737237 0
    outer loop
      vertex -9.97487 -10.5155 0
      vertex -9.74976 -10.3092 3
      vertex -9.97487 -10.5155 3
    endloop
  endfacet
  facet normal 0.675634 -0.737237 0
    outer loop
      vertex -9.74976 -10.3092 3
      vertex -9.97487 -10.5155 0
      vertex -9.74976 -10.3092 0
    endloop
  endfacet
  facet normal 0.461773 0.886998 -0
    outer loop
      vertex -8.97916 -16.1625 0
      vertex -9.25 -16.0215 3
      vertex -8.97916 -16.1625 3
    endloop
  endfacet
  facet normal 0.461773 0.886998 0
    outer loop
      vertex -9.25 -16.0215 3
      vertex -8.97916 -16.1625 0
      vertex -9.25 -16.0215 0
    endloop
  endfacet
  facet normal -0.737388 0.67547 0
    outer loop
      vertex -5.02513 -15.4653 0
      vertex -4.81884 -15.2401 3
      vertex -4.81884 -15.2401 0
    endloop
  endfacet
  facet normal -0.737388 0.67547 0
    outer loop
      vertex -4.81884 -15.2401 3
      vertex -5.02513 -15.4653 0
      vertex -5.02513 -15.4653 3
    endloop
  endfacet
  facet normal 0.923889 0.38266 0
    outer loop
      vertex -10.6721 -14.4695 3
      vertex -10.7889 -14.1875 0
      vertex -10.7889 -14.1875 3
    endloop
  endfacet
  facet normal 0.923889 0.38266 0
    outer loop
      vertex -10.7889 -14.1875 0
      vertex -10.6721 -14.4695 3
      vertex -10.6721 -14.4695 0
    endloop
  endfacet
  facet normal -0.737238 -0.675633 0
    outer loop
      vertex -4.81884 -10.7406 0
      vertex -5.02513 -10.5155 3
      vertex -5.02513 -10.5155 0
    endloop
  endfacet
  facet normal -0.737238 -0.675633 0
    outer loop
      vertex -5.02513 -10.5155 3
      vertex -4.81884 -10.7406 0
      vertex -4.81884 -10.7406 3
    endloop
  endfacet
  facet normal 0.923937 -0.382545 0
    outer loop
      vertex -10.7889 -11.7933 3
      vertex -10.6721 -11.5112 0
      vertex -10.6721 -11.5112 3
    endloop
  endfacet
  facet normal 0.923937 -0.382545 0
    outer loop
      vertex -10.6721 -11.5112 0
      vertex -10.7889 -11.7933 3
      vertex -10.7889 -11.7933 0
    endloop
  endfacet
  facet normal -0.675634 -0.737237 0
    outer loop
      vertex -5.25024 -10.3092 0
      vertex -5.02513 -10.5155 3
      vertex -5.25024 -10.3092 3
    endloop
  endfacet
  facet normal -0.675634 -0.737237 -0
    outer loop
      vertex -5.02513 -10.5155 3
      vertex -5.25024 -10.3092 0
      vertex -5.02513 -10.5155 0
    endloop
  endfacet
  facet normal -0.608808 0.793317 0
    outer loop
      vertex -5.25024 -15.6715 0
      vertex -5.49248 -15.8574 3
      vertex -5.25024 -15.6715 3
    endloop
  endfacet
  facet normal -0.608808 0.793317 0
    outer loop
      vertex -5.49248 -15.8574 3
      vertex -5.25024 -15.6715 0
      vertex -5.49248 -15.8574 0
    endloop
  endfacet
  facet normal -0.043558 0.999051 0
    outer loop
      vertex -7.19495 -16.4771 0
      vertex -7.5 -16.4904 3
      vertex -7.19495 -16.4771 3
    endloop
  endfacet
  facet normal -0.043558 0.999051 0
    outer loop
      vertex -7.5 -16.4904 3
      vertex -7.19495 -16.4771 0
      vertex -7.5 -16.4904 0
    endloop
  endfacet
  facet normal 0.953731 -0.300661 0
    outer loop
      vertex -10.8807 -12.0845 3
      vertex -10.7889 -11.7933 0
      vertex -10.7889 -11.7933 3
    endloop
  endfacet
  facet normal 0.953731 -0.300661 0
    outer loop
      vertex -10.7889 -11.7933 0
      vertex -10.8807 -12.0845 3
      vertex -10.8807 -12.0845 0
    endloop
  endfacet
  facet normal -0.130514 -0.991446 0
    outer loop
      vertex -7.19495 -9.5037 0
      vertex -6.89223 -9.54355 3
      vertex -7.19495 -9.5037 3
    endloop
  endfacet
  facet normal -0.130514 -0.991446 -0
    outer loop
      vertex -6.89223 -9.54355 3
      vertex -7.19495 -9.5037 0
      vertex -6.89223 -9.54355 0
    endloop
  endfacet
  facet normal -0.84337 -0.537333 0
    outer loop
      vertex -4.46891 -11.2404 0
      vertex -4.63297 -10.9829 3
      vertex -4.63297 -10.9829 0
    endloop
  endfacet
  facet normal -0.84337 -0.537333 0
    outer loop
      vertex -4.63297 -10.9829 3
      vertex -4.46891 -11.2404 0
      vertex -4.46891 -11.2404 3
    endloop
  endfacet
  facet normal -0.793316 0.60881 0
    outer loop
      vertex -4.81884 -15.2401 0
      vertex -4.63297 -14.9979 3
      vertex -4.63297 -14.9979 0
    endloop
  endfacet
  facet normal -0.793316 0.60881 0
    outer loop
      vertex -4.63297 -14.9979 3
      vertex -4.81884 -15.2401 0
      vertex -4.81884 -15.2401 3
    endloop
  endfacet
  facet normal -0.923891 -0.382656 0
    outer loop
      vertex -4.21108 -11.7933 0
      vertex -4.32792 -11.5112 3
      vertex -4.32792 -11.5112 0
    endloop
  endfacet
  facet normal -0.923891 -0.382656 0
    outer loop
      vertex -4.32792 -11.5112 3
      vertex -4.21108 -11.7933 0
      vertex -4.21108 -11.7933 3
    endloop
  endfacet
  facet normal -0.0436234 -0.999048 0
    outer loop
      vertex -7.5 -9.49038 0
      vertex -7.19495 -9.5037 3
      vertex -7.5 -9.49038 3
    endloop
  endfacet
  facet normal -0.0436234 -0.999048 -0
    outer loop
      vertex -7.19495 -9.5037 3
      vertex -7.5 -9.49038 0
      vertex -7.19495 -9.5037 0
    endloop
  endfacet
  facet normal -0.382668 -0.923886 0
    outer loop
      vertex -6.30293 -9.70146 0
      vertex -6.02084 -9.8183 3
      vertex -6.30293 -9.70146 3
    endloop
  endfacet
  facet normal -0.382668 -0.923886 -0
    outer loop
      vertex -6.02084 -9.8183 3
      vertex -6.30293 -9.70146 0
      vertex -6.02084 -9.8183 0
    endloop
  endfacet
  facet normal 0.382556 0.923932 -0
    outer loop
      vertex -8.69707 -16.2793 0
      vertex -8.97916 -16.1625 3
      vertex -8.69707 -16.2793 3
    endloop
  endfacet
  facet normal 0.382556 0.923932 0
    outer loop
      vertex -8.97916 -16.1625 3
      vertex -8.69707 -16.2793 0
      vertex -8.97916 -16.1625 0
    endloop
  endfacet
  facet normal 0.976287 0.21648 0
    outer loop
      vertex -10.8807 -13.8962 3
      vertex -10.9468 -13.5981 0
      vertex -10.9468 -13.5981 3
    endloop
  endfacet
  facet normal 0.976287 0.21648 0
    outer loop
      vertex -10.9468 -13.5981 0
      vertex -10.8807 -13.8962 3
      vertex -10.8807 -13.8962 0
    endloop
  endfacet
  facet normal 0.130671 0.991426 -0
    outer loop
      vertex -7.80504 -16.4771 0
      vertex -8.10777 -16.4372 3
      vertex -7.80504 -16.4771 3
    endloop
  endfacet
  facet normal 0.130671 0.991426 0
    outer loop
      vertex -8.10777 -16.4372 3
      vertex -7.80504 -16.4771 0
      vertex -8.10777 -16.4372 0
    endloop
  endfacet
  facet normal 0.976287 -0.21648 0
    outer loop
      vertex -10.9468 -12.3826 3
      vertex -10.8807 -12.0845 0
      vertex -10.8807 -12.0845 3
    endloop
  endfacet
  facet normal 0.976287 -0.21648 0
    outer loop
      vertex -10.8807 -12.0845 0
      vertex -10.9468 -12.3826 3
      vertex -10.9468 -12.3826 0
    endloop
  endfacet
  facet normal 0.953761 0.300567 0
    outer loop
      vertex -10.7889 -14.1875 3
      vertex -10.8807 -13.8962 0
      vertex -10.8807 -13.8962 3
    endloop
  endfacet
  facet normal 0.953761 0.300567 0
    outer loop
      vertex -10.8807 -13.8962 0
      vertex -10.7889 -14.1875 3
      vertex -10.7889 -14.1875 0
    endloop
  endfacet
  facet normal -0.84337 0.537333 0
    outer loop
      vertex -4.63297 -14.9979 0
      vertex -4.46891 -14.7404 3
      vertex -4.46891 -14.7404 0
    endloop
  endfacet
  facet normal -0.84337 0.537333 0
    outer loop
      vertex -4.46891 -14.7404 3
      vertex -4.63297 -14.9979 0
      vertex -4.63297 -14.9979 3
    endloop
  endfacet
  facet normal 0.737173 -0.675704 0
    outer loop
      vertex -10.1812 -10.7406 3
      vertex -9.97487 -10.5155 0
      vertex -9.97487 -10.5155 3
    endloop
  endfacet
  facet normal 0.737173 -0.675704 0
    outer loop
      vertex -9.97487 -10.5155 0
      vertex -10.1812 -10.7406 3
      vertex -10.1812 -10.7406 0
    endloop
  endfacet
  facet normal -0.953712 -0.300721 0
    outer loop
      vertex -4.11926 -12.0845 0
      vertex -4.21108 -11.7933 3
      vertex -4.21108 -11.7933 0
    endloop
  endfacet
  facet normal -0.953712 -0.300721 0
    outer loop
      vertex -4.21108 -11.7933 3
      vertex -4.11926 -12.0845 0
      vertex -4.11926 -12.0845 3
    endloop
  endfacet
  facet normal 0.793427 0.608665 0
    outer loop
      vertex -10.1812 -15.2401 3
      vertex -10.367 -14.9979 0
      vertex -10.367 -14.9979 3
    endloop
  endfacet
  facet normal 0.793427 0.608665 0
    outer loop
      vertex -10.367 -14.9979 0
      vertex -10.1812 -15.2401 3
      vertex -10.1812 -15.2401 0
    endloop
  endfacet
  facet normal -0.608808 -0.793317 0
    outer loop
      vertex -5.49248 -10.1233 0
      vertex -5.25024 -10.3092 3
      vertex -5.49248 -10.1233 3
    endloop
  endfacet
  facet normal -0.608808 -0.793317 -0
    outer loop
      vertex -5.25024 -10.3092 3
      vertex -5.49248 -10.1233 0
      vertex -5.25024 -10.3092 0
    endloop
  endfacet
  facet normal 0.21648 0.976287 -0
    outer loop
      vertex -8.10777 -16.4372 0
      vertex -8.40587 -16.3711 3
      vertex -8.10777 -16.4372 3
    endloop
  endfacet
  facet normal 0.21648 0.976287 0
    outer loop
      vertex -8.40587 -16.3711 3
      vertex -8.10777 -16.4372 0
      vertex -8.40587 -16.3711 0
    endloop
  endfacet
  facet normal -0.991445 0.130522 0
    outer loop
      vertex -4.05317 -13.5981 0
      vertex -4.01332 -13.2954 3
      vertex -4.01332 -13.2954 0
    endloop
  endfacet
  facet normal -0.991445 0.130522 0
    outer loop
      vertex -4.01332 -13.2954 3
      vertex -4.05317 -13.5981 0
      vertex -4.05317 -13.5981 3
    endloop
  endfacet
  facet normal -0.793438 -0.608652 0
    outer loop
      vertex -4.63297 -10.9829 0
      vertex -4.81884 -10.7406 3
      vertex -4.81884 -10.7406 0
    endloop
  endfacet
  facet normal -0.793438 -0.608652 0
    outer loop
      vertex -4.81884 -10.7406 3
      vertex -4.63297 -10.9829 0
      vertex -4.63297 -10.9829 3
    endloop
  endfacet
  facet normal -0.537187 -0.843463 0
    outer loop
      vertex -5.75 -9.95929 0
      vertex -5.49248 -10.1233 3
      vertex -5.75 -9.95929 3
    endloop
  endfacet
  facet normal -0.537187 -0.843463 -0
    outer loop
      vertex -5.49248 -10.1233 3
      vertex -5.75 -9.95929 0
      vertex -5.49248 -10.1233 0
    endloop
  endfacet
  facet normal -0.991445 -0.130522 0
    outer loop
      vertex -4.01332 -12.6853 0
      vertex -4.05317 -12.3826 3
      vertex -4.05317 -12.3826 0
    endloop
  endfacet
  facet normal -0.991445 -0.130522 0
    outer loop
      vertex -4.05317 -12.3826 3
      vertex -4.01332 -12.6853 0
      vertex -4.01332 -12.6853 3
    endloop
  endfacet
  facet normal -0.21648 0.976287 0
    outer loop
      vertex -6.59413 -16.3711 0
      vertex -6.89223 -16.4372 3
      vertex -6.59413 -16.3711 3
    endloop
  endfacet
  facet normal -0.21648 0.976287 0
    outer loop
      vertex -6.89223 -16.4372 3
      vertex -6.59413 -16.3711 0
      vertex -6.89223 -16.4372 0
    endloop
  endfacet
  facet normal -0.130675 0.991425 0
    outer loop
      vertex -6.89223 -16.4372 0
      vertex -7.19495 -16.4771 3
      vertex -6.89223 -16.4372 3
    endloop
  endfacet
  facet normal -0.130675 0.991425 0
    outer loop
      vertex -7.19495 -16.4771 3
      vertex -6.89223 -16.4372 0
      vertex -7.19495 -16.4771 0
    endloop
  endfacet
  facet normal 0.843311 -0.537426 0
    outer loop
      vertex -10.5311 -11.2404 3
      vertex -10.367 -10.9829 0
      vertex -10.367 -10.9829 3
    endloop
  endfacet
  facet normal 0.843311 -0.537426 0
    outer loop
      vertex -10.367 -10.9829 0
      vertex -10.5311 -11.2404 3
      vertex -10.5311 -11.2404 0
    endloop
  endfacet
  facet normal 0.608808 0.793317 -0
    outer loop
      vertex -9.50752 -15.8574 0
      vertex -9.74976 -15.6715 3
      vertex -9.50752 -15.8574 3
    endloop
  endfacet
  facet normal 0.608808 0.793317 0
    outer loop
      vertex -9.74976 -15.6715 3
      vertex -9.50752 -15.8574 0
      vertex -9.74976 -15.6715 0
    endloop
  endfacet
  facet normal -0.300721 -0.953712 0
    outer loop
      vertex -6.59413 -9.60964 0
      vertex -6.30293 -9.70146 3
      vertex -6.59413 -9.60964 3
    endloop
  endfacet
  facet normal -0.300721 -0.953712 -0
    outer loop
      vertex -6.30293 -9.70146 3
      vertex -6.59413 -9.60964 0
      vertex -6.30293 -9.70146 0
    endloop
  endfacet
  facet normal -0.382556 0.923932 0
    outer loop
      vertex -6.02084 -16.1625 0
      vertex -6.30293 -16.2793 3
      vertex -6.02084 -16.1625 3
    endloop
  endfacet
  facet normal -0.382556 0.923932 0
    outer loop
      vertex -6.30293 -16.2793 3
      vertex -6.02084 -16.1625 0
      vertex -6.30293 -16.2793 0
    endloop
  endfacet
  facet normal 0.608808 -0.793317 0
    outer loop
      vertex -9.74976 -10.3092 0
      vertex -9.50752 -10.1233 3
      vertex -9.74976 -10.3092 3
    endloop
  endfacet
  facet normal 0.608808 -0.793317 0
    outer loop
      vertex -9.50752 -10.1233 3
      vertex -9.74976 -10.3092 0
      vertex -9.50752 -10.1233 0
    endloop
  endfacet
  facet normal 0.793548 -0.608507 0
    outer loop
      vertex -10.367 -10.9829 3
      vertex -10.1812 -10.7406 0
      vertex -10.1812 -10.7406 3
    endloop
  endfacet
  facet normal 0.793548 -0.608507 0
    outer loop
      vertex -10.1812 -10.7406 0
      vertex -10.367 -10.9829 3
      vertex -10.367 -10.9829 0
    endloop
  endfacet
  facet normal -0.300661 0.953731 0
    outer loop
      vertex -6.30293 -16.2793 0
      vertex -6.59413 -16.3711 3
      vertex -6.30293 -16.2793 3
    endloop
  endfacet
  facet normal -0.300661 0.953731 0
    outer loop
      vertex -6.59413 -16.3711 3
      vertex -6.30293 -16.2793 0
      vertex -6.59413 -16.3711 0
    endloop
  endfacet
  facet normal 0.382668 -0.923886 0
    outer loop
      vertex -8.97916 -9.8183 0
      vertex -8.69707 -9.70146 3
      vertex -8.97916 -9.8183 3
    endloop
  endfacet
  facet normal 0.382668 -0.923886 0
    outer loop
      vertex -8.69707 -9.70146 3
      vertex -8.97916 -9.8183 0
      vertex -8.69707 -9.70146 0
    endloop
  endfacet
  facet normal -0.976294 -0.216448 0
    outer loop
      vertex -4.05317 -12.3826 0
      vertex -4.11926 -12.0845 3
      vertex -4.11926 -12.0845 0
    endloop
  endfacet
  facet normal -0.976294 -0.216448 0
    outer loop
      vertex -4.11926 -12.0845 3
      vertex -4.05317 -12.3826 0
      vertex -4.05317 -12.3826 3
    endloop
  endfacet
  facet normal -0.461773 0.886998 0
    outer loop
      vertex -5.75 -16.0215 0
      vertex -6.02084 -16.1625 3
      vertex -5.75 -16.0215 3
    endloop
  endfacet
  facet normal -0.461773 0.886998 0
    outer loop
      vertex -6.02084 -16.1625 3
      vertex -5.75 -16.0215 0
      vertex -6.02084 -16.1625 0
    endloop
  endfacet
  facet normal 0.88697 -0.461827 0
    outer loop
      vertex -10.6721 -11.5112 3
      vertex -10.5311 -11.2404 0
      vertex -10.5311 -11.2404 3
    endloop
  endfacet
  facet normal 0.88697 -0.461827 0
    outer loop
      vertex -10.5311 -11.2404 0
      vertex -10.6721 -11.5112 3
      vertex -10.6721 -11.5112 0
    endloop
  endfacet
  facet normal 0.0435595 0.999051 -0
    outer loop
      vertex -7.5 -16.4904 0
      vertex -7.80504 -16.4771 3
      vertex -7.5 -16.4904 3
    endloop
  endfacet
  facet normal 0.0435595 0.999051 0
    outer loop
      vertex -7.80504 -16.4771 3
      vertex -7.5 -16.4904 0
      vertex -7.80504 -16.4771 0
    endloop
  endfacet
  facet normal -0.976294 0.216448 0
    outer loop
      vertex -4.11926 -13.8962 0
      vertex -4.05317 -13.5981 3
      vertex -4.05317 -13.5981 0
    endloop
  endfacet
  facet normal -0.976294 0.216448 0
    outer loop
      vertex -4.05317 -13.5981 3
      vertex -4.11926 -13.8962 0
      vertex -4.11926 -13.8962 3
    endloop
  endfacet
  facet normal 0.675456 0.7374 -0
    outer loop
      vertex -9.74976 -15.6715 0
      vertex -9.97487 -15.4653 3
      vertex -9.74976 -15.6715 3
    endloop
  endfacet
  facet normal 0.675456 0.7374 0
    outer loop
      vertex -9.97487 -15.4653 3
      vertex -9.74976 -15.6715 0
      vertex -9.97487 -15.4653 0
    endloop
  endfacet
  facet normal 0.88704 0.461693 0
    outer loop
      vertex -10.5311 -14.7404 3
      vertex -10.6721 -14.4695 0
      vertex -10.6721 -14.4695 3
    endloop
  endfacet
  facet normal 0.88704 0.461693 0
    outer loop
      vertex -10.6721 -14.4695 0
      vertex -10.5311 -14.7404 3
      vertex -10.5311 -14.7404 0
    endloop
  endfacet
  facet normal 0.999051 0.0435652 0
    outer loop
      vertex -10.9867 -13.2954 3
      vertex -11 -12.9904 0
      vertex -11 -12.9904 3
    endloop
  endfacet
  facet normal 0.999051 0.0435652 0
    outer loop
      vertex -11 -12.9904 0
      vertex -10.9867 -13.2954 3
      vertex -10.9867 -13.2954 0
    endloop
  endfacet
  facet normal -0.953742 0.300627 0
    outer loop
      vertex -4.21108 -14.1875 0
      vertex -4.11926 -13.8962 3
      vertex -4.11926 -13.8962 0
    endloop
  endfacet
  facet normal -0.953742 0.300627 0
    outer loop
      vertex -4.11926 -13.8962 3
      vertex -4.21108 -14.1875 0
      vertex -4.21108 -14.1875 3
    endloop
  endfacet
  facet normal 0.300721 -0.953712 0
    outer loop
      vertex -8.69707 -9.70146 0
      vertex -8.40587 -9.60964 3
      vertex -8.69707 -9.70146 3
    endloop
  endfacet
  facet normal 0.300721 -0.953712 0
    outer loop
      vertex -8.40587 -9.60964 3
      vertex -8.69707 -9.70146 0
      vertex -8.40587 -9.60964 0
    endloop
  endfacet
  facet normal 0.991424 -0.130683 0
    outer loop
      vertex -10.9867 -12.6853 3
      vertex -10.9468 -12.3826 0
      vertex -10.9468 -12.3826 3
    endloop
  endfacet
  facet normal 0.991424 -0.130683 0
    outer loop
      vertex -10.9468 -12.3826 0
      vertex -10.9867 -12.6853 3
      vertex -10.9867 -12.6853 0
    endloop
  endfacet
  facet normal -0.537397 0.84333 0
    outer loop
      vertex -5.49248 -15.8574 0
      vertex -5.75 -16.0215 3
      vertex -5.49248 -15.8574 3
    endloop
  endfacet
  facet normal -0.537397 0.84333 0
    outer loop
      vertex -5.75 -16.0215 3
      vertex -5.49248 -15.8574 0
      vertex -5.75 -16.0215 0
    endloop
  endfacet
  facet normal 0.461748 -0.887011 0
    outer loop
      vertex -9.25 -9.95929 0
      vertex -8.97916 -9.8183 3
      vertex -9.25 -9.95929 3
    endloop
  endfacet
  facet normal 0.461748 -0.887011 0
    outer loop
      vertex -8.97916 -9.8183 3
      vertex -9.25 -9.95929 0
      vertex -8.97916 -9.8183 0
    endloop
  endfacet
  facet normal 0.537187 -0.843463 0
    outer loop
      vertex -9.50752 -10.1233 0
      vertex -9.25 -9.95929 3
      vertex -9.50752 -10.1233 3
    endloop
  endfacet
  facet normal 0.537187 -0.843463 0
    outer loop
      vertex -9.25 -9.95929 3
      vertex -9.50752 -10.1233 0
      vertex -9.25 -9.95929 0
    endloop
  endfacet
  facet normal -0.461748 -0.887011 0
    outer loop
      vertex -6.02084 -9.8183 0
      vertex -5.75 -9.95929 3
      vertex -6.02084 -9.8183 3
    endloop
  endfacet
  facet normal -0.461748 -0.887011 -0
    outer loop
      vertex -5.75 -9.95929 3
      vertex -6.02084 -9.8183 0
      vertex -5.75 -9.95929 0
    endloop
  endfacet
  facet normal 0.216448 -0.976294 0
    outer loop
      vertex -8.40587 -9.60964 0
      vertex -8.10777 -9.54355 3
      vertex -8.40587 -9.60964 3
    endloop
  endfacet
  facet normal 0.216448 -0.976294 0
    outer loop
      vertex -8.10777 -9.54355 3
      vertex -8.40587 -9.60964 0
      vertex -8.10777 -9.54355 0
    endloop
  endfacet
  facet normal 0.0436248 -0.999048 0
    outer loop
      vertex -7.80504 -9.5037 0
      vertex -7.5 -9.49038 3
      vertex -7.80504 -9.5037 3
    endloop
  endfacet
  facet normal 0.0436248 -0.999048 0
    outer loop
      vertex -7.5 -9.49038 3
      vertex -7.80504 -9.5037 0
      vertex -7.5 -9.49038 0
    endloop
  endfacet
  facet normal 0.13051 -0.991447 0
    outer loop
      vertex -8.10777 -9.54355 0
      vertex -7.80504 -9.5037 3
      vertex -8.10777 -9.54355 3
    endloop
  endfacet
  facet normal 0.13051 -0.991447 0
    outer loop
      vertex -7.80504 -9.5037 3
      vertex -8.10777 -9.54355 0
      vertex -7.80504 -9.5037 0
    endloop
  endfacet
  facet normal -0.216448 -0.976294 0
    outer loop
      vertex -6.89223 -9.54355 0
      vertex -6.59413 -9.60964 3
      vertex -6.89223 -9.54355 3
    endloop
  endfacet
  facet normal -0.216448 -0.976294 -0
    outer loop
      vertex -6.59413 -9.60964 3
      vertex -6.89223 -9.54355 0
      vertex -6.59413 -9.60964 0
    endloop
  endfacet
  facet normal -0.999048 0.0436305 0
    outer loop
      vertex -4.01332 -13.2954 0
      vertex -4 -12.9904 3
      vertex -4 -12.9904 0
    endloop
  endfacet
  facet normal -0.999048 0.0436305 0
    outer loop
      vertex -4 -12.9904 3
      vertex -4.01332 -13.2954 0
      vertex -4.01332 -13.2954 3
    endloop
  endfacet
  facet normal -0.886983 -0.461801 0
    outer loop
      vertex -4.32792 -11.5112 0
      vertex -4.46891 -11.2404 3
      vertex -4.46891 -11.2404 0
    endloop
  endfacet
  facet normal -0.886983 -0.461801 0
    outer loop
      vertex -4.46891 -11.2404 3
      vertex -4.32792 -11.5112 0
      vertex -4.32792 -11.5112 3
    endloop
  endfacet
  facet normal 0.737323 0.675541 0
    outer loop
      vertex -9.97487 -15.4653 3
      vertex -10.1812 -15.2401 0
      vertex -10.1812 -15.2401 3
    endloop
  endfacet
  facet normal 0.737323 0.675541 0
    outer loop
      vertex -10.1812 -15.2401 0
      vertex -9.97487 -15.4653 3
      vertex -9.97487 -15.4653 0
    endloop
  endfacet
  facet normal 0.843311 0.537426 0
    outer loop
      vertex -10.367 -14.9979 3
      vertex -10.5311 -14.7404 0
      vertex -10.5311 -14.7404 3
    endloop
  endfacet
  facet normal 0.843311 0.537426 0
    outer loop
      vertex -10.5311 -14.7404 0
      vertex -10.367 -14.9979 3
      vertex -10.367 -14.9979 0
    endloop
  endfacet
  facet normal -0.999048 -0.0436163 0
    outer loop
      vertex -4 -12.9904 0
      vertex -4.01332 -12.6853 3
      vertex -4.01332 -12.6853 0
    endloop
  endfacet
  facet normal -0.999048 -0.0436163 0
    outer loop
      vertex -4.01332 -12.6853 3
      vertex -4 -12.9904 0
      vertex -4 -12.9904 3
    endloop
  endfacet
  facet normal -0.675456 0.7374 0
    outer loop
      vertex 9.97487 -15.4653 0
      vertex 9.74976 -15.6715 3
      vertex 9.97487 -15.4653 3
    endloop
  endfacet
  facet normal -0.675456 0.7374 0
    outer loop
      vertex 9.74976 -15.6715 3
      vertex 9.97487 -15.4653 0
      vertex 9.74976 -15.6715 0
    endloop
  endfacet
  facet normal -0.923889 0.38266 0
    outer loop
      vertex 10.6721 -14.4695 0
      vertex 10.7889 -14.1875 3
      vertex 10.7889 -14.1875 0
    endloop
  endfacet
  facet normal -0.923889 0.38266 0
    outer loop
      vertex 10.7889 -14.1875 3
      vertex 10.6721 -14.4695 0
      vertex 10.6721 -14.4695 3
    endloop
  endfacet
  facet normal -0.537397 0.84333 0
    outer loop
      vertex 9.50752 -15.8574 0
      vertex 9.25 -16.0215 3
      vertex 9.50752 -15.8574 3
    endloop
  endfacet
  facet normal -0.537397 0.84333 0
    outer loop
      vertex 9.25 -16.0215 3
      vertex 9.50752 -15.8574 0
      vertex 9.25 -16.0215 0
    endloop
  endfacet
  facet normal -0.976287 -0.21648 0
    outer loop
      vertex 10.9468 -12.3826 0
      vertex 10.8807 -12.0845 3
      vertex 10.8807 -12.0845 0
    endloop
  endfacet
  facet normal -0.976287 -0.21648 0
    outer loop
      vertex 10.8807 -12.0845 3
      vertex 10.9468 -12.3826 0
      vertex 10.9468 -12.3826 3
    endloop
  endfacet
  facet normal -0.737173 -0.675704 0
    outer loop
      vertex 10.1812 -10.7406 0
      vertex 9.97487 -10.5155 3
      vertex 9.97487 -10.5155 0
    endloop
  endfacet
  facet normal -0.737173 -0.675704 0
    outer loop
      vertex 9.97487 -10.5155 3
      vertex 10.1812 -10.7406 0
      vertex 10.1812 -10.7406 3
    endloop
  endfacet
  facet normal -0.793427 0.608665 0
    outer loop
      vertex 10.1812 -15.2401 0
      vertex 10.367 -14.9979 3
      vertex 10.367 -14.9979 0
    endloop
  endfacet
  facet normal -0.793427 0.608665 0
    outer loop
      vertex 10.367 -14.9979 3
      vertex 10.1812 -15.2401 0
      vertex 10.1812 -15.2401 3
    endloop
  endfacet
  facet normal -0.976287 0.21648 0
    outer loop
      vertex 10.8807 -13.8962 0
      vertex 10.9468 -13.5981 3
      vertex 10.9468 -13.5981 0
    endloop
  endfacet
  facet normal -0.976287 0.21648 0
    outer loop
      vertex 10.9468 -13.5981 3
      vertex 10.8807 -13.8962 0
      vertex 10.8807 -13.8962 3
    endloop
  endfacet
  facet normal 0.737388 0.67547 0
    outer loop
      vertex 5.02513 -15.4653 3
      vertex 4.81884 -15.2401 0
      vertex 4.81884 -15.2401 3
    endloop
  endfacet
  facet normal 0.737388 0.67547 0
    outer loop
      vertex 4.81884 -15.2401 0
      vertex 5.02513 -15.4653 3
      vertex 5.02513 -15.4653 0
    endloop
  endfacet
  facet normal 0.300721 -0.953712 0
    outer loop
      vertex 6.30293 -9.70146 0
      vertex 6.59413 -9.60964 3
      vertex 6.30293 -9.70146 3
    endloop
  endfacet
  facet normal 0.300721 -0.953712 0
    outer loop
      vertex 6.59413 -9.60964 3
      vertex 6.30293 -9.70146 0
      vertex 6.59413 -9.60964 0
    endloop
  endfacet
  facet normal 0.130675 0.991425 -0
    outer loop
      vertex 7.19495 -16.4771 0
      vertex 6.89223 -16.4372 3
      vertex 7.19495 -16.4771 3
    endloop
  endfacet
  facet normal 0.130675 0.991425 0
    outer loop
      vertex 6.89223 -16.4372 3
      vertex 7.19495 -16.4771 0
      vertex 6.89223 -16.4372 0
    endloop
  endfacet
  facet normal 0.608808 0.793317 -0
    outer loop
      vertex 5.49248 -15.8574 0
      vertex 5.25024 -15.6715 3
      vertex 5.49248 -15.8574 3
    endloop
  endfacet
  facet normal 0.608808 0.793317 0
    outer loop
      vertex 5.25024 -15.6715 3
      vertex 5.49248 -15.8574 0
      vertex 5.25024 -15.6715 0
    endloop
  endfacet
  facet normal -0.382556 0.923932 0
    outer loop
      vertex 8.97916 -16.1625 0
      vertex 8.69707 -16.2793 3
      vertex 8.97916 -16.1625 3
    endloop
  endfacet
  facet normal -0.382556 0.923932 0
    outer loop
      vertex 8.69707 -16.2793 3
      vertex 8.97916 -16.1625 0
      vertex 8.69707 -16.2793 0
    endloop
  endfacet
  facet normal -0.21648 0.976287 0
    outer loop
      vertex 8.40587 -16.3711 0
      vertex 8.10777 -16.4372 3
      vertex 8.40587 -16.3711 3
    endloop
  endfacet
  facet normal -0.21648 0.976287 0
    outer loop
      vertex 8.10777 -16.4372 3
      vertex 8.40587 -16.3711 0
      vertex 8.10777 -16.4372 0
    endloop
  endfacet
  facet normal 0.991445 -0.130522 0
    outer loop
      vertex 4.01332 -12.6853 3
      vertex 4.05317 -12.3826 0
      vertex 4.05317 -12.3826 3
    endloop
  endfacet
  facet normal 0.991445 -0.130522 0
    outer loop
      vertex 4.05317 -12.3826 0
      vertex 4.01332 -12.6853 3
      vertex 4.01332 -12.6853 0
    endloop
  endfacet
  facet normal 0.923891 -0.382656 0
    outer loop
      vertex 4.21108 -11.7933 3
      vertex 4.32792 -11.5112 0
      vertex 4.32792 -11.5112 3
    endloop
  endfacet
  facet normal 0.923891 -0.382656 0
    outer loop
      vertex 4.32792 -11.5112 0
      vertex 4.21108 -11.7933 3
      vertex 4.21108 -11.7933 0
    endloop
  endfacet
  facet normal 0.608808 -0.793317 0
    outer loop
      vertex 5.25024 -10.3092 0
      vertex 5.49248 -10.1233 3
      vertex 5.25024 -10.3092 3
    endloop
  endfacet
  facet normal 0.608808 -0.793317 0
    outer loop
      vertex 5.49248 -10.1233 3
      vertex 5.25024 -10.3092 0
      vertex 5.49248 -10.1233 0
    endloop
  endfacet
  facet normal 0.793438 -0.608652 0
    outer loop
      vertex 4.63297 -10.9829 3
      vertex 4.81884 -10.7406 0
      vertex 4.81884 -10.7406 3
    endloop
  endfacet
  facet normal 0.793438 -0.608652 0
    outer loop
      vertex 4.81884 -10.7406 0
      vertex 4.63297 -10.9829 3
      vertex 4.63297 -10.9829 0
    endloop
  endfacet
  facet normal -0.300661 0.953731 0
    outer loop
      vertex 8.69707 -16.2793 0
      vertex 8.40587 -16.3711 3
      vertex 8.69707 -16.2793 3
    endloop
  endfacet
  facet normal -0.300661 0.953731 0
    outer loop
      vertex 8.40587 -16.3711 3
      vertex 8.69707 -16.2793 0
      vertex 8.40587 -16.3711 0
    endloop
  endfacet
  facet normal 0.887053 0.461667 0
    outer loop
      vertex 4.46891 -14.7404 3
      vertex 4.32792 -14.4695 0
      vertex 4.32792 -14.4695 3
    endloop
  endfacet
  facet normal 0.887053 0.461667 0
    outer loop
      vertex 4.32792 -14.4695 0
      vertex 4.46891 -14.7404 3
      vertex 4.46891 -14.7404 0
    endloop
  endfacet
  facet normal -0.999051 0.0435652 0
    outer loop
      vertex 10.9867 -13.2954 0
      vertex 11 -12.9904 3
      vertex 11 -12.9904 0
    endloop
  endfacet
  facet normal -0.999051 0.0435652 0
    outer loop
      vertex 11 -12.9904 3
      vertex 10.9867 -13.2954 0
      vertex 10.9867 -13.2954 3
    endloop
  endfacet
  facet normal -0.88704 0.461693 0
    outer loop
      vertex 10.5311 -14.7404 0
      vertex 10.6721 -14.4695 3
      vertex 10.6721 -14.4695 0
    endloop
  endfacet
  facet normal -0.88704 0.461693 0
    outer loop
      vertex 10.6721 -14.4695 3
      vertex 10.5311 -14.7404 0
      vertex 10.5311 -14.7404 3
    endloop
  endfacet
  facet normal -0.537187 -0.843463 0
    outer loop
      vertex 9.25 -9.95929 0
      vertex 9.50752 -10.1233 3
      vertex 9.25 -9.95929 3
    endloop
  endfacet
  facet normal -0.537187 -0.843463 -0
    outer loop
      vertex 9.50752 -10.1233 3
      vertex 9.25 -9.95929 0
      vertex 9.50752 -10.1233 0
    endloop
  endfacet
  facet normal -0.300721 -0.953712 0
    outer loop
      vertex 8.40587 -9.60964 0
      vertex 8.69707 -9.70146 3
      vertex 8.40587 -9.60964 3
    endloop
  endfacet
  facet normal -0.300721 -0.953712 -0
    outer loop
      vertex 8.69707 -9.70146 3
      vertex 8.40587 -9.60964 0
      vertex 8.69707 -9.70146 0
    endloop
  endfacet
  facet normal 0.675456 0.7374 -0
    outer loop
      vertex 5.25024 -15.6715 0
      vertex 5.02513 -15.4653 3
      vertex 5.25024 -15.6715 3
    endloop
  endfacet
  facet normal 0.675456 0.7374 0
    outer loop
      vertex 5.02513 -15.4653 3
      vertex 5.25024 -15.6715 0
      vertex 5.02513 -15.4653 0
    endloop
  endfacet
  facet normal 0.84337 -0.537333 0
    outer loop
      vertex 4.46891 -11.2404 3
      vertex 4.63297 -10.9829 0
      vertex 4.63297 -10.9829 3
    endloop
  endfacet
  facet normal 0.84337 -0.537333 0
    outer loop
      vertex 4.63297 -10.9829 0
      vertex 4.46891 -11.2404 3
      vertex 4.46891 -11.2404 0
    endloop
  endfacet
  facet normal -0.13051 -0.991447 0
    outer loop
      vertex 7.80504 -9.5037 0
      vertex 8.10777 -9.54355 3
      vertex 7.80504 -9.5037 3
    endloop
  endfacet
  facet normal -0.13051 -0.991447 -0
    outer loop
      vertex 8.10777 -9.54355 3
      vertex 7.80504 -9.5037 0
      vertex 8.10777 -9.54355 0
    endloop
  endfacet
  facet normal -0.608808 0.793317 0
    outer loop
      vertex 9.74976 -15.6715 0
      vertex 9.50752 -15.8574 3
      vertex 9.74976 -15.6715 3
    endloop
  endfacet
  facet normal -0.608808 0.793317 0
    outer loop
      vertex 9.50752 -15.8574 3
      vertex 9.74976 -15.6715 0
      vertex 9.50752 -15.8574 0
    endloop
  endfacet
  facet normal 0.537187 -0.843463 0
    outer loop
      vertex 5.49248 -10.1233 0
      vertex 5.75 -9.95929 3
      vertex 5.49248 -10.1233 3
    endloop
  endfacet
  facet normal 0.537187 -0.843463 0
    outer loop
      vertex 5.75 -9.95929 3
      vertex 5.49248 -10.1233 0
      vertex 5.75 -9.95929 0
    endloop
  endfacet
  facet normal 0.130514 -0.991446 0
    outer loop
      vertex 6.89223 -9.54355 0
      vertex 7.19495 -9.5037 3
      vertex 6.89223 -9.54355 3
    endloop
  endfacet
  facet normal 0.130514 -0.991446 0
    outer loop
      vertex 7.19495 -9.5037 3
      vertex 6.89223 -9.54355 0
      vertex 7.19495 -9.5037 0
    endloop
  endfacet
  facet normal -0.461773 0.886998 0
    outer loop
      vertex 9.25 -16.0215 0
      vertex 8.97916 -16.1625 3
      vertex 9.25 -16.0215 3
    endloop
  endfacet
  facet normal -0.461773 0.886998 0
    outer loop
      vertex 8.97916 -16.1625 3
      vertex 9.25 -16.0215 0
      vertex 8.97916 -16.1625 0
    endloop
  endfacet
  facet normal -0.130671 0.991426 0
    outer loop
      vertex 8.10777 -16.4372 0
      vertex 7.80504 -16.4771 3
      vertex 8.10777 -16.4372 3
    endloop
  endfacet
  facet normal -0.130671 0.991426 0
    outer loop
      vertex 7.80504 -16.4771 3
      vertex 8.10777 -16.4372 0
      vertex 7.80504 -16.4771 0
    endloop
  endfacet
  facet normal 0.976294 -0.216448 0
    outer loop
      vertex 4.05317 -12.3826 3
      vertex 4.11926 -12.0845 0
      vertex 4.11926 -12.0845 3
    endloop
  endfacet
  facet normal 0.976294 -0.216448 0
    outer loop
      vertex 4.11926 -12.0845 0
      vertex 4.05317 -12.3826 3
      vertex 4.05317 -12.3826 0
    endloop
  endfacet
  facet normal 0.461748 -0.887011 0
    outer loop
      vertex 5.75 -9.95929 0
      vertex 6.02084 -9.8183 3
      vertex 5.75 -9.95929 3
    endloop
  endfacet
  facet normal 0.461748 -0.887011 0
    outer loop
      vertex 6.02084 -9.8183 3
      vertex 5.75 -9.95929 0
      vertex 6.02084 -9.8183 0
    endloop
  endfacet
  facet normal -0.991424 0.130683 0
    outer loop
      vertex 10.9468 -13.5981 0
      vertex 10.9867 -13.2954 3
      vertex 10.9867 -13.2954 0
    endloop
  endfacet
  facet normal -0.991424 0.130683 0
    outer loop
      vertex 10.9867 -13.2954 3
      vertex 10.9468 -13.5981 0
      vertex 10.9468 -13.5981 3
    endloop
  endfacet
  facet normal 0.793316 0.60881 0
    outer loop
      vertex 4.81884 -15.2401 3
      vertex 4.63297 -14.9979 0
      vertex 4.63297 -14.9979 3
    endloop
  endfacet
  facet normal 0.793316 0.60881 0
    outer loop
      vertex 4.63297 -14.9979 0
      vertex 4.81884 -15.2401 3
      vertex 4.81884 -15.2401 0
    endloop
  endfacet
  facet normal -0.737323 0.675541 0
    outer loop
      vertex 9.97487 -15.4653 0
      vertex 10.1812 -15.2401 3
      vertex 10.1812 -15.2401 0
    endloop
  endfacet
  facet normal -0.737323 0.675541 0
    outer loop
      vertex 10.1812 -15.2401 3
      vertex 9.97487 -15.4653 0
      vertex 9.97487 -15.4653 3
    endloop
  endfacet
  facet normal -0.953731 -0.300661 0
    outer loop
      vertex 10.8807 -12.0845 0
      vertex 10.7889 -11.7933 3
      vertex 10.7889 -11.7933 0
    endloop
  endfacet
  facet normal -0.953731 -0.300661 0
    outer loop
      vertex 10.7889 -11.7933 3
      vertex 10.8807 -12.0845 0
      vertex 10.8807 -12.0845 3
    endloop
  endfacet
  facet normal 0.976294 0.216448 0
    outer loop
      vertex 4.11926 -13.8962 3
      vertex 4.05317 -13.5981 0
      vertex 4.05317 -13.5981 3
    endloop
  endfacet
  facet normal 0.976294 0.216448 0
    outer loop
      vertex 4.05317 -13.5981 0
      vertex 4.11926 -13.8962 3
      vertex 4.11926 -13.8962 0
    endloop
  endfacet
  facet normal 0.043558 0.999051 -0
    outer loop
      vertex 7.5 -16.4904 0
      vertex 7.19495 -16.4771 3
      vertex 7.5 -16.4904 3
    endloop
  endfacet
  facet normal 0.043558 0.999051 0
    outer loop
      vertex 7.19495 -16.4771 3
      vertex 7.5 -16.4904 0
      vertex 7.19495 -16.4771 0
    endloop
  endfacet
  facet normal -0.953761 0.300567 0
    outer loop
      vertex 10.7889 -14.1875 0
      vertex 10.8807 -13.8962 3
      vertex 10.8807 -13.8962 0
    endloop
  endfacet
  facet normal -0.953761 0.300567 0
    outer loop
      vertex 10.8807 -13.8962 3
      vertex 10.7889 -14.1875 0
      vertex 10.7889 -14.1875 3
    endloop
  endfacet
  facet normal -0.461748 -0.887011 0
    outer loop
      vertex 8.97916 -9.8183 0
      vertex 9.25 -9.95929 3
      vertex 8.97916 -9.8183 3
    endloop
  endfacet
  facet normal -0.461748 -0.887011 -0
    outer loop
      vertex 9.25 -9.95929 3
      vertex 8.97916 -9.8183 0
      vertex 9.25 -9.95929 0
    endloop
  endfacet
  facet normal -0.843311 0.537426 0
    outer loop
      vertex 10.367 -14.9979 0
      vertex 10.5311 -14.7404 3
      vertex 10.5311 -14.7404 0
    endloop
  endfacet
  facet normal -0.843311 0.537426 0
    outer loop
      vertex 10.5311 -14.7404 3
      vertex 10.367 -14.9979 0
      vertex 10.367 -14.9979 3
    endloop
  endfacet
  facet normal -0.216448 -0.976294 0
    outer loop
      vertex 8.10777 -9.54355 0
      vertex 8.40587 -9.60964 3
      vertex 8.10777 -9.54355 3
    endloop
  endfacet
  facet normal -0.216448 -0.976294 -0
    outer loop
      vertex 8.40587 -9.60964 3
      vertex 8.10777 -9.54355 0
      vertex 8.40587 -9.60964 0
    endloop
  endfacet
  facet normal 0.461773 0.886998 -0
    outer loop
      vertex 6.02084 -16.1625 0
      vertex 5.75 -16.0215 3
      vertex 6.02084 -16.1625 3
    endloop
  endfacet
  facet normal 0.461773 0.886998 0
    outer loop
      vertex 5.75 -16.0215 3
      vertex 6.02084 -16.1625 0
      vertex 5.75 -16.0215 0
    endloop
  endfacet
  facet normal 0.300661 0.953731 -0
    outer loop
      vertex 6.59413 -16.3711 0
      vertex 6.30293 -16.2793 3
      vertex 6.59413 -16.3711 3
    endloop
  endfacet
  facet normal 0.300661 0.953731 0
    outer loop
      vertex 6.30293 -16.2793 3
      vertex 6.59413 -16.3711 0
      vertex 6.30293 -16.2793 0
    endloop
  endfacet
  facet normal 0.886983 -0.461801 0
    outer loop
      vertex 4.32792 -11.5112 3
      vertex 4.46891 -11.2404 0
      vertex 4.46891 -11.2404 3
    endloop
  endfacet
  facet normal 0.886983 -0.461801 0
    outer loop
      vertex 4.46891 -11.2404 0
      vertex 4.32792 -11.5112 3
      vertex 4.32792 -11.5112 0
    endloop
  endfacet
  facet normal -0.793548 -0.608507 0
    outer loop
      vertex 10.367 -10.9829 0
      vertex 10.1812 -10.7406 3
      vertex 10.1812 -10.7406 0
    endloop
  endfacet
  facet normal -0.793548 -0.608507 0
    outer loop
      vertex 10.1812 -10.7406 3
      vertex 10.367 -10.9829 0
      vertex 10.367 -10.9829 3
    endloop
  endfacet
  facet normal 0.737238 -0.675633 0
    outer loop
      vertex 4.81884 -10.7406 3
      vertex 5.02513 -10.5155 0
      vertex 5.02513 -10.5155 3
    endloop
  endfacet
  facet normal 0.737238 -0.675633 0
    outer loop
      vertex 5.02513 -10.5155 0
      vertex 4.81884 -10.7406 3
      vertex 4.81884 -10.7406 0
    endloop
  endfacet
  facet normal -0.991424 -0.130683 0
    outer loop
      vertex 10.9867 -12.6853 0
      vertex 10.9468 -12.3826 3
      vertex 10.9468 -12.3826 0
    endloop
  endfacet
  facet normal -0.991424 -0.130683 0
    outer loop
      vertex 10.9468 -12.3826 3
      vertex 10.9867 -12.6853 0
      vertex 10.9867 -12.6853 3
    endloop
  endfacet
  facet normal 0.382668 -0.923886 0
    outer loop
      vertex 6.02084 -9.8183 0
      vertex 6.30293 -9.70146 3
      vertex 6.02084 -9.8183 3
    endloop
  endfacet
  facet normal 0.382668 -0.923886 0
    outer loop
      vertex 6.30293 -9.70146 3
      vertex 6.02084 -9.8183 0
      vertex 6.30293 -9.70146 0
    endloop
  endfacet
  facet normal 0.537397 0.84333 -0
    outer loop
      vertex 5.75 -16.0215 0
      vertex 5.49248 -15.8574 3
      vertex 5.75 -16.0215 3
    endloop
  endfacet
  facet normal 0.537397 0.84333 0
    outer loop
      vertex 5.49248 -15.8574 3
      vertex 5.75 -16.0215 0
      vertex 5.49248 -15.8574 0
    endloop
  endfacet
  facet normal -0.0436248 -0.999048 0
    outer loop
      vertex 7.5 -9.49038 0
      vertex 7.80504 -9.5037 3
      vertex 7.5 -9.49038 3
    endloop
  endfacet
  facet normal -0.0436248 -0.999048 -0
    outer loop
      vertex 7.80504 -9.5037 3
      vertex 7.5 -9.49038 0
      vertex 7.80504 -9.5037 0
    endloop
  endfacet
  facet normal -0.608808 -0.793317 0
    outer loop
      vertex 9.50752 -10.1233 0
      vertex 9.74976 -10.3092 3
      vertex 9.50752 -10.1233 3
    endloop
  endfacet
  facet normal -0.608808 -0.793317 -0
    outer loop
      vertex 9.74976 -10.3092 3
      vertex 9.50752 -10.1233 0
      vertex 9.74976 -10.3092 0
    endloop
  endfacet
  facet normal 0.953712 -0.300721 0
    outer loop
      vertex 4.11926 -12.0845 3
      vertex 4.21108 -11.7933 0
      vertex 4.21108 -11.7933 3
    endloop
  endfacet
  facet normal 0.953712 -0.300721 0
    outer loop
      vertex 4.21108 -11.7933 0
      vertex 4.11926 -12.0845 3
      vertex 4.11926 -12.0845 0
    endloop
  endfacet
  facet normal -0.88697 -0.461827 0
    outer loop
      vertex 10.6721 -11.5112 0
      vertex 10.5311 -11.2404 3
      vertex 10.5311 -11.2404 0
    endloop
  endfacet
  facet normal -0.88697 -0.461827 0
    outer loop
      vertex 10.5311 -11.2404 3
      vertex 10.6721 -11.5112 0
      vertex 10.6721 -11.5112 3
    endloop
  endfacet
  facet normal -0.843311 -0.537426 0
    outer loop
      vertex 10.5311 -11.2404 0
      vertex 10.367 -10.9829 3
      vertex 10.367 -10.9829 0
    endloop
  endfacet
  facet normal -0.843311 -0.537426 0
    outer loop
      vertex 10.367 -10.9829 3
      vertex 10.5311 -11.2404 0
      vertex 10.5311 -11.2404 3
    endloop
  endfacet
  facet normal 0.991445 0.130522 0
    outer loop
      vertex 4.05317 -13.5981 3
      vertex 4.01332 -13.2954 0
      vertex 4.01332 -13.2954 3
    endloop
  endfacet
  facet normal 0.991445 0.130522 0
    outer loop
      vertex 4.01332 -13.2954 0
      vertex 4.05317 -13.5981 3
      vertex 4.05317 -13.5981 0
    endloop
  endfacet
  facet normal 0.382556 0.923932 -0
    outer loop
      vertex 6.30293 -16.2793 0
      vertex 6.02084 -16.1625 3
      vertex 6.30293 -16.2793 3
    endloop
  endfacet
  facet normal 0.382556 0.923932 0
    outer loop
      vertex 6.02084 -16.1625 3
      vertex 6.30293 -16.2793 0
      vertex 6.02084 -16.1625 0
    endloop
  endfacet
  facet normal 0.999048 -0.0436163 0
    outer loop
      vertex 4 -12.9904 3
      vertex 4.01332 -12.6853 0
      vertex 4.01332 -12.6853 3
    endloop
  endfacet
  facet normal 0.999048 -0.0436163 0
    outer loop
      vertex 4.01332 -12.6853 0
      vertex 4 -12.9904 3
      vertex 4 -12.9904 0
    endloop
  endfacet
  facet normal -0.0435595 0.999051 0
    outer loop
      vertex 7.80504 -16.4771 0
      vertex 7.5 -16.4904 3
      vertex 7.80504 -16.4771 3
    endloop
  endfacet
  facet normal -0.0435595 0.999051 0
    outer loop
      vertex 7.5 -16.4904 3
      vertex 7.80504 -16.4771 0
      vertex 7.5 -16.4904 0
    endloop
  endfacet
  facet normal 0.84337 0.537333 0
    outer loop
      vertex 4.63297 -14.9979 3
      vertex 4.46891 -14.7404 0
      vertex 4.46891 -14.7404 3
    endloop
  endfacet
  facet normal 0.84337 0.537333 0
    outer loop
      vertex 4.46891 -14.7404 0
      vertex 4.63297 -14.9979 3
      vertex 4.63297 -14.9979 0
    endloop
  endfacet
  facet normal 0.675634 -0.737237 0
    outer loop
      vertex 5.02513 -10.5155 0
      vertex 5.25024 -10.3092 3
      vertex 5.02513 -10.5155 3
    endloop
  endfacet
  facet normal 0.675634 -0.737237 0
    outer loop
      vertex 5.25024 -10.3092 3
      vertex 5.02513 -10.5155 0
      vertex 5.25024 -10.3092 0
    endloop
  endfacet
  facet normal -0.675634 -0.737237 0
    outer loop
      vertex 9.74976 -10.3092 0
      vertex 9.97487 -10.5155 3
      vertex 9.74976 -10.3092 3
    endloop
  endfacet
  facet normal -0.675634 -0.737237 -0
    outer loop
      vertex 9.97487 -10.5155 3
      vertex 9.74976 -10.3092 0
      vertex 9.97487 -10.5155 0
    endloop
  endfacet
  facet normal -0.382668 -0.923886 0
    outer loop
      vertex 8.69707 -9.70146 0
      vertex 8.97916 -9.8183 3
      vertex 8.69707 -9.70146 3
    endloop
  endfacet
  facet normal -0.382668 -0.923886 -0
    outer loop
      vertex 8.97916 -9.8183 3
      vertex 8.69707 -9.70146 0
      vertex 8.97916 -9.8183 0
    endloop
  endfacet
  facet normal 0.953742 0.300627 0
    outer loop
      vertex 4.21108 -14.1875 3
      vertex 4.11926 -13.8962 0
      vertex 4.11926 -13.8962 3
    endloop
  endfacet
  facet normal 0.953742 0.300627 0
    outer loop
      vertex 4.11926 -13.8962 0
      vertex 4.21108 -14.1875 3
      vertex 4.21108 -14.1875 0
    endloop
  endfacet
  facet normal 0.999048 0.0436305 0
    outer loop
      vertex 4.01332 -13.2954 3
      vertex 4 -12.9904 0
      vertex 4 -12.9904 3
    endloop
  endfacet
  facet normal 0.999048 0.0436305 0
    outer loop
      vertex 4 -12.9904 0
      vertex 4.01332 -13.2954 3
      vertex 4.01332 -13.2954 0
    endloop
  endfacet
  facet normal -0.923937 -0.382545 0
    outer loop
      vertex 10.7889 -11.7933 0
      vertex 10.6721 -11.5112 3
      vertex 10.6721 -11.5112 0
    endloop
  endfacet
  facet normal -0.923937 -0.382545 0
    outer loop
      vertex 10.6721 -11.5112 3
      vertex 10.7889 -11.7933 0
      vertex 10.7889 -11.7933 3
    endloop
  endfacet
  facet normal 0.21648 0.976287 -0
    outer loop
      vertex 6.89223 -16.4372 0
      vertex 6.59413 -16.3711 3
      vertex 6.89223 -16.4372 3
    endloop
  endfacet
  facet normal 0.21648 0.976287 0
    outer loop
      vertex 6.59413 -16.3711 3
      vertex 6.89223 -16.4372 0
      vertex 6.59413 -16.3711 0
    endloop
  endfacet
  facet normal -0.999051 -0.0435509 0
    outer loop
      vertex 11 -12.9904 0
      vertex 10.9867 -12.6853 3
      vertex 10.9867 -12.6853 0
    endloop
  endfacet
  facet normal -0.999051 -0.0435509 0
    outer loop
      vertex 10.9867 -12.6853 3
      vertex 11 -12.9904 0
      vertex 11 -12.9904 3
    endloop
  endfacet
  facet normal 0.216448 -0.976294 0
    outer loop
      vertex 6.59413 -9.60964 0
      vertex 6.89223 -9.54355 3
      vertex 6.59413 -9.60964 3
    endloop
  endfacet
  facet normal 0.216448 -0.976294 0
    outer loop
      vertex 6.89223 -9.54355 3
      vertex 6.59413 -9.60964 0
      vertex 6.89223 -9.54355 0
    endloop
  endfacet
  facet normal 0.923843 0.382772 0
    outer loop
      vertex 4.32792 -14.4695 3
      vertex 4.21108 -14.1875 0
      vertex 4.21108 -14.1875 3
    endloop
  endfacet
  facet normal 0.923843 0.382772 0
    outer loop
      vertex 4.21108 -14.1875 0
      vertex 4.32792 -14.4695 3
      vertex 4.32792 -14.4695 0
    endloop
  endfacet
  facet normal 0.0436234 -0.999048 0
    outer loop
      vertex 7.19495 -9.5037 0
      vertex 7.5 -9.49038 3
      vertex 7.19495 -9.5037 3
    endloop
  endfacet
  facet normal 0.0436234 -0.999048 0
    outer loop
      vertex 7.5 -9.49038 3
      vertex 7.19495 -9.5037 0
      vertex 7.5 -9.49038 0
    endloop
  endfacet
  facet normal -0.13056 0.99144 0
    outer loop
      vertex 0.894318 -5.07188 0
      vertex 0.448868 -5.13054 9
      vertex 0.894318 -5.07188 9
    endloop
  endfacet
  facet normal -0.13056 0.99144 0
    outer loop
      vertex 0.448868 -5.13054 9
      vertex 0.894318 -5.07188 0
      vertex 0.448868 -5.13054 0
    endloop
  endfacet
  facet normal -0.300701 0.953718 0
    outer loop
      vertex 1.76144 -4.83954 0
      vertex 1.33295 -4.97464 9
      vertex 1.76144 -4.83954 9
    endloop
  endfacet
  facet normal -0.300701 0.953718 0
    outer loop
      vertex 1.33295 -4.97464 9
      vertex 1.76144 -4.83954 0
      vertex 1.33295 -4.97464 0
    endloop
  endfacet
  facet normal -1 0 0
    outer loop
      vertex 4.14999 -3.04358 0
      vertex 4.14999 3.04358 9
      vertex 4.14999 3.04358 0
    endloop
  endfacet
  facet normal -1 -0 0
    outer loop
      vertex 4.14999 3.04358 9
      vertex 4.14999 -3.04358 0
      vertex 4.14999 -3.04358 9
    endloop
  endfacet
  facet normal -0.216435 0.976297 0
    outer loop
      vertex 1.33295 -4.97464 0
      vertex 0.894318 -5.07188 9
      vertex 1.33295 -4.97464 9
    endloop
  endfacet
  facet normal -0.216435 0.976297 0
    outer loop
      vertex 0.894318 -5.07188 9
      vertex 1.33295 -4.97464 0
      vertex 0.894318 -5.07188 0
    endloop
  endfacet
  facet normal 0.608728 0.793379 -0
    outer loop
      vertex -2.95399 -4.21873 0
      vertex -3.31044 -3.94524 9
      vertex -2.95399 -4.21873 9
    endloop
  endfacet
  facet normal 0.608728 0.793379 0
    outer loop
      vertex -3.31044 -3.94524 9
      vertex -2.95399 -4.21873 0
      vertex -3.31044 -3.94524 0
    endloop
  endfacet
  facet normal -0.79338 0.608726 0
    outer loop
      vertex 3.94524 -3.31044 0
      vertex 4.14999 -3.04358 9
      vertex 4.14999 -3.04358 0
    endloop
  endfacet
  facet normal -0.79338 0.608726 0
    outer loop
      vertex 4.14999 -3.04358 9
      vertex 3.94524 -3.31044 0
      vertex 3.94524 -3.31044 9
    endloop
  endfacet
  facet normal 0.537349 0.84336 -0
    outer loop
      vertex -2.57507 -4.46016 0
      vertex -2.95399 -4.21873 9
      vertex -2.57507 -4.46016 9
    endloop
  endfacet
  facet normal 0.537349 0.84336 0
    outer loop
      vertex -2.95399 -4.21873 9
      vertex -2.57507 -4.46016 0
      vertex -2.95399 -4.21873 0
    endloop
  endfacet
  facet normal -0.675609 0.73726 0
    outer loop
      vertex 3.64169 -3.64169 0
      vertex 3.31044 -3.94524 9
      vertex 3.64169 -3.64169 9
    endloop
  endfacet
  facet normal -0.675609 0.73726 0
    outer loop
      vertex 3.31044 -3.94524 9
      vertex 3.64169 -3.64169 0
      vertex 3.31044 -3.94524 0
    endloop
  endfacet
  facet normal 0.216435 0.976297 -0
    outer loop
      vertex -0.894318 -5.07188 0
      vertex -1.33295 -4.97464 9
      vertex -0.894318 -5.07188 9
    endloop
  endfacet
  facet normal 0.216435 0.976297 0
    outer loop
      vertex -1.33295 -4.97464 9
      vertex -0.894318 -5.07188 0
      vertex -1.33295 -4.97464 0
    endloop
  endfacet
  facet normal -0.537349 0.84336 0
    outer loop
      vertex 2.95399 -4.21873 0
      vertex 2.57507 -4.46016 9
      vertex 2.95399 -4.21873 9
    endloop
  endfacet
  facet normal -0.537349 0.84336 0
    outer loop
      vertex 2.57507 -4.46016 9
      vertex 2.95399 -4.21873 0
      vertex 2.57507 -4.46016 0
    endloop
  endfacet
  facet normal -0.043646 -0.999047 0
    outer loop
      vertex 0 5.15015 0
      vertex 0.448868 5.13054 9
      vertex 0 5.15015 9
    endloop
  endfacet
  facet normal -0.043646 -0.999047 -0
    outer loop
      vertex 0.448868 5.13054 9
      vertex 0 5.15015 0
      vertex 0.448868 5.13054 0
    endloop
  endfacet
  facet normal -0.608728 0.793379 0
    outer loop
      vertex 3.31044 -3.94524 0
      vertex 2.95399 -4.21873 9
      vertex 3.31044 -3.94524 9
    endloop
  endfacet
  facet normal -0.608728 0.793379 0
    outer loop
      vertex 2.95399 -4.21873 9
      vertex 3.31044 -3.94524 0
      vertex 2.95399 -4.21873 0
    endloop
  endfacet
  facet normal 0.73726 0.675609 0
    outer loop
      vertex -3.64169 -3.64169 9
      vertex -3.94524 -3.31044 0
      vertex -3.94524 -3.31044 9
    endloop
  endfacet
  facet normal 0.73726 0.675609 0
    outer loop
      vertex -3.94524 -3.31044 0
      vertex -3.64169 -3.64169 9
      vertex -3.64169 -3.64169 0
    endloop
  endfacet
  facet normal 0.043646 0.999047 -0
    outer loop
      vertex 0 -5.15015 0
      vertex -0.448868 -5.13054 9
      vertex 0 -5.15015 9
    endloop
  endfacet
  facet normal 0.043646 0.999047 0
    outer loop
      vertex -0.448868 -5.13054 9
      vertex 0 -5.15015 0
      vertex -0.448868 -5.13054 0
    endloop
  endfacet
  facet normal -0.73726 -0.675609 0
    outer loop
      vertex 3.94524 3.31044 0
      vertex 3.64169 3.64169 9
      vertex 3.64169 3.64169 0
    endloop
  endfacet
  facet normal -0.73726 -0.675609 0
    outer loop
      vertex 3.64169 3.64169 9
      vertex 3.94524 3.31044 0
      vertex 3.94524 3.31044 9
    endloop
  endfacet
  facet normal -0.73726 0.675609 0
    outer loop
      vertex 3.64169 -3.64169 0
      vertex 3.94524 -3.31044 9
      vertex 3.94524 -3.31044 0
    endloop
  endfacet
  facet normal -0.73726 0.675609 0
    outer loop
      vertex 3.94524 -3.31044 9
      vertex 3.64169 -3.64169 0
      vertex 3.64169 -3.64169 9
    endloop
  endfacet
  facet normal -0.382691 0.923876 0
    outer loop
      vertex 2.17653 -4.6676 0
      vertex 1.76144 -4.83954 9
      vertex 2.17653 -4.6676 9
    endloop
  endfacet
  facet normal -0.382691 0.923876 0
    outer loop
      vertex 1.76144 -4.83954 9
      vertex 2.17653 -4.6676 0
      vertex 1.76144 -4.83954 0
    endloop
  endfacet
  facet normal 0.13056 0.99144 -0
    outer loop
      vertex -0.448868 -5.13054 0
      vertex -0.894318 -5.07188 9
      vertex -0.448868 -5.13054 9
    endloop
  endfacet
  facet normal 0.13056 0.99144 0
    outer loop
      vertex -0.894318 -5.07188 9
      vertex -0.448868 -5.13054 0
      vertex -0.894318 -5.07188 0
    endloop
  endfacet
  facet normal 0.887035 -0.461702 0
    outer loop
      vertex -4.6676 2.17653 9
      vertex -4.46016 2.57507 0
      vertex -4.46016 2.57507 9
    endloop
  endfacet
  facet normal 0.887035 -0.461702 0
    outer loop
      vertex -4.46016 2.57507 0
      vertex -4.6676 2.17653 9
      vertex -4.6676 2.17653 0
    endloop
  endfacet
  facet normal -0.461702 0.887035 0
    outer loop
      vertex 2.57507 -4.46016 0
      vertex 2.17653 -4.6676 9
      vertex 2.57507 -4.46016 9
    endloop
  endfacet
  facet normal -0.461702 0.887035 0
    outer loop
      vertex 2.17653 -4.6676 9
      vertex 2.57507 -4.46016 0
      vertex 2.17653 -4.6676 0
    endloop
  endfacet
  facet normal 0.300701 0.953718 -0
    outer loop
      vertex -1.33295 -4.97464 0
      vertex -1.76144 -4.83954 9
      vertex -1.33295 -4.97464 9
    endloop
  endfacet
  facet normal 0.300701 0.953718 0
    outer loop
      vertex -1.76144 -4.83954 9
      vertex -1.33295 -4.97464 0
      vertex -1.76144 -4.83954 0
    endloop
  endfacet
  facet normal 0.976297 0.216435 0
    outer loop
      vertex -4.97464 -1.33295 9
      vertex -5.07188 -0.894318 0
      vertex -5.07188 -0.894318 9
    endloop
  endfacet
  facet normal 0.976297 0.216435 0
    outer loop
      vertex -5.07188 -0.894318 0
      vertex -4.97464 -1.33295 9
      vertex -4.97464 -1.33295 0
    endloop
  endfacet
  facet normal 0.382691 -0.923876 0
    outer loop
      vertex -2.17653 4.6676 0
      vertex -1.76144 4.83954 9
      vertex -2.17653 4.6676 9
    endloop
  endfacet
  facet normal 0.382691 -0.923876 0
    outer loop
      vertex -1.76144 4.83954 9
      vertex -2.17653 4.6676 0
      vertex -1.76144 4.83954 0
    endloop
  endfacet
  facet normal -0.79338 -0.608726 0
    outer loop
      vertex 4.14999 3.04358 0
      vertex 3.94524 3.31044 9
      vertex 3.94524 3.31044 0
    endloop
  endfacet
  facet normal -0.79338 -0.608726 0
    outer loop
      vertex 3.94524 3.31044 9
      vertex 4.14999 3.04358 0
      vertex 4.14999 3.04358 9
    endloop
  endfacet
  facet normal 0.999047 0.043646 0
    outer loop
      vertex -5.13054 -0.448868 9
      vertex -5.15015 0 0
      vertex -5.15015 0 9
    endloop
  endfacet
  facet normal 0.999047 0.043646 0
    outer loop
      vertex -5.15015 0 0
      vertex -5.13054 -0.448868 9
      vertex -5.13054 -0.448868 0
    endloop
  endfacet
  facet normal -0.043646 0.999047 0
    outer loop
      vertex 0.448868 -5.13054 0
      vertex 0 -5.15015 9
      vertex 0.448868 -5.13054 9
    endloop
  endfacet
  facet normal -0.043646 0.999047 0
    outer loop
      vertex 0 -5.15015 9
      vertex 0.448868 -5.13054 0
      vertex 0 -5.15015 0
    endloop
  endfacet
  facet normal 0.999047 -0.043646 0
    outer loop
      vertex -5.15015 0 9
      vertex -5.13054 0.448868 0
      vertex -5.13054 0.448868 9
    endloop
  endfacet
  facet normal 0.999047 -0.043646 0
    outer loop
      vertex -5.13054 0.448868 0
      vertex -5.15015 0 9
      vertex -5.15015 0 0
    endloop
  endfacet
  facet normal 0.382691 0.923876 -0
    outer loop
      vertex -1.76144 -4.83954 0
      vertex -2.17653 -4.6676 9
      vertex -1.76144 -4.83954 9
    endloop
  endfacet
  facet normal 0.382691 0.923876 0
    outer loop
      vertex -2.17653 -4.6676 9
      vertex -1.76144 -4.83954 0
      vertex -2.17653 -4.6676 0
    endloop
  endfacet
  facet normal 0.675609 -0.73726 0
    outer loop
      vertex -3.64169 3.64169 0
      vertex -3.31044 3.94524 9
      vertex -3.64169 3.64169 9
    endloop
  endfacet
  facet normal 0.675609 -0.73726 0
    outer loop
      vertex -3.31044 3.94524 9
      vertex -3.64169 3.64169 0
      vertex -3.31044 3.94524 0
    endloop
  endfacet
  facet normal 0.216435 -0.976297 0
    outer loop
      vertex -1.33295 4.97464 0
      vertex -0.894318 5.07188 9
      vertex -1.33295 4.97464 9
    endloop
  endfacet
  facet normal 0.216435 -0.976297 0
    outer loop
      vertex -0.894318 5.07188 9
      vertex -1.33295 4.97464 0
      vertex -0.894318 5.07188 0
    endloop
  endfacet
  facet normal 0.923876 -0.382691 0
    outer loop
      vertex -4.83954 1.76144 9
      vertex -4.6676 2.17653 0
      vertex -4.6676 2.17653 9
    endloop
  endfacet
  facet normal 0.923876 -0.382691 0
    outer loop
      vertex -4.6676 2.17653 0
      vertex -4.83954 1.76144 9
      vertex -4.83954 1.76144 0
    endloop
  endfacet
  facet normal 0.73726 -0.675609 0
    outer loop
      vertex -3.94524 3.31044 9
      vertex -3.64169 3.64169 0
      vertex -3.64169 3.64169 9
    endloop
  endfacet
  facet normal 0.73726 -0.675609 0
    outer loop
      vertex -3.64169 3.64169 0
      vertex -3.94524 3.31044 9
      vertex -3.94524 3.31044 0
    endloop
  endfacet
  facet normal -0.675609 -0.73726 0
    outer loop
      vertex 3.31044 3.94524 0
      vertex 3.64169 3.64169 9
      vertex 3.31044 3.94524 9
    endloop
  endfacet
  facet normal -0.675609 -0.73726 -0
    outer loop
      vertex 3.64169 3.64169 9
      vertex 3.31044 3.94524 0
      vertex 3.64169 3.64169 0
    endloop
  endfacet
  facet normal 0.793379 0.608728 0
    outer loop
      vertex -3.94524 -3.31044 9
      vertex -4.21873 -2.95399 0
      vertex -4.21873 -2.95399 9
    endloop
  endfacet
  facet normal 0.793379 0.608728 0
    outer loop
      vertex -4.21873 -2.95399 0
      vertex -3.94524 -3.31044 9
      vertex -3.94524 -3.31044 0
    endloop
  endfacet
  facet normal 0.537349 -0.84336 0
    outer loop
      vertex -2.95399 4.21873 0
      vertex -2.57507 4.46016 9
      vertex -2.95399 4.21873 9
    endloop
  endfacet
  facet normal 0.537349 -0.84336 0
    outer loop
      vertex -2.57507 4.46016 9
      vertex -2.95399 4.21873 0
      vertex -2.57507 4.46016 0
    endloop
  endfacet
  facet normal -0.382691 -0.923876 0
    outer loop
      vertex 1.76144 4.83954 0
      vertex 2.17653 4.6676 9
      vertex 1.76144 4.83954 9
    endloop
  endfacet
  facet normal -0.382691 -0.923876 -0
    outer loop
      vertex 2.17653 4.6676 9
      vertex 1.76144 4.83954 0
      vertex 2.17653 4.6676 0
    endloop
  endfacet
  facet normal 0.461702 0.887035 -0
    outer loop
      vertex -2.17653 -4.6676 0
      vertex -2.57507 -4.46016 9
      vertex -2.17653 -4.6676 9
    endloop
  endfacet
  facet normal 0.461702 0.887035 0
    outer loop
      vertex -2.57507 -4.46016 9
      vertex -2.17653 -4.6676 0
      vertex -2.57507 -4.46016 0
    endloop
  endfacet
  facet normal 0.608728 -0.793379 0
    outer loop
      vertex -3.31044 3.94524 0
      vertex -2.95399 4.21873 9
      vertex -3.31044 3.94524 9
    endloop
  endfacet
  facet normal 0.608728 -0.793379 0
    outer loop
      vertex -2.95399 4.21873 9
      vertex -3.31044 3.94524 0
      vertex -2.95399 4.21873 0
    endloop
  endfacet
  facet normal 0.675609 0.73726 -0
    outer loop
      vertex -3.31044 -3.94524 0
      vertex -3.64169 -3.64169 9
      vertex -3.31044 -3.94524 9
    endloop
  endfacet
  facet normal 0.675609 0.73726 0
    outer loop
      vertex -3.64169 -3.64169 9
      vertex -3.31044 -3.94524 0
      vertex -3.64169 -3.64169 0
    endloop
  endfacet
  facet normal -0.13056 -0.99144 0
    outer loop
      vertex 0.448868 5.13054 0
      vertex 0.894318 5.07188 9
      vertex 0.448868 5.13054 9
    endloop
  endfacet
  facet normal -0.13056 -0.99144 -0
    outer loop
      vertex 0.894318 5.07188 9
      vertex 0.448868 5.13054 0
      vertex 0.894318 5.07188 0
    endloop
  endfacet
  facet normal 0.13056 -0.99144 0
    outer loop
      vertex -0.894318 5.07188 0
      vertex -0.448868 5.13054 9
      vertex -0.894318 5.07188 9
    endloop
  endfacet
  facet normal 0.13056 -0.99144 0
    outer loop
      vertex -0.448868 5.13054 9
      vertex -0.894318 5.07188 0
      vertex -0.448868 5.13054 0
    endloop
  endfacet
  facet normal -0.537349 -0.84336 0
    outer loop
      vertex 2.57507 4.46016 0
      vertex 2.95399 4.21873 9
      vertex 2.57507 4.46016 9
    endloop
  endfacet
  facet normal -0.537349 -0.84336 -0
    outer loop
      vertex 2.95399 4.21873 9
      vertex 2.57507 4.46016 0
      vertex 2.95399 4.21873 0
    endloop
  endfacet
  facet normal 0.976297 -0.216435 0
    outer loop
      vertex -5.07188 0.894318 9
      vertex -4.97464 1.33295 0
      vertex -4.97464 1.33295 9
    endloop
  endfacet
  facet normal 0.976297 -0.216435 0
    outer loop
      vertex -4.97464 1.33295 0
      vertex -5.07188 0.894318 9
      vertex -5.07188 0.894318 0
    endloop
  endfacet
  facet normal 0.793379 -0.608728 0
    outer loop
      vertex -4.21873 2.95399 9
      vertex -3.94524 3.31044 0
      vertex -3.94524 3.31044 9
    endloop
  endfacet
  facet normal 0.793379 -0.608728 0
    outer loop
      vertex -3.94524 3.31044 0
      vertex -4.21873 2.95399 9
      vertex -4.21873 2.95399 0
    endloop
  endfacet
  facet normal 0.923876 0.382691 0
    outer loop
      vertex -4.6676 -2.17653 9
      vertex -4.83954 -1.76144 0
      vertex -4.83954 -1.76144 9
    endloop
  endfacet
  facet normal 0.923876 0.382691 0
    outer loop
      vertex -4.83954 -1.76144 0
      vertex -4.6676 -2.17653 9
      vertex -4.6676 -2.17653 0
    endloop
  endfacet
  facet normal 0.953718 0.300701 0
    outer loop
      vertex -4.83954 -1.76144 9
      vertex -4.97464 -1.33295 0
      vertex -4.97464 -1.33295 9
    endloop
  endfacet
  facet normal 0.953718 0.300701 0
    outer loop
      vertex -4.97464 -1.33295 0
      vertex -4.83954 -1.76144 9
      vertex -4.83954 -1.76144 0
    endloop
  endfacet
  facet normal -0.461702 -0.887035 0
    outer loop
      vertex 2.17653 4.6676 0
      vertex 2.57507 4.46016 9
      vertex 2.17653 4.6676 9
    endloop
  endfacet
  facet normal -0.461702 -0.887035 -0
    outer loop
      vertex 2.57507 4.46016 9
      vertex 2.17653 4.6676 0
      vertex 2.57507 4.46016 0
    endloop
  endfacet
  facet normal 0.84336 -0.537349 0
    outer loop
      vertex -4.46016 2.57507 9
      vertex -4.21873 2.95399 0
      vertex -4.21873 2.95399 9
    endloop
  endfacet
  facet normal 0.84336 -0.537349 0
    outer loop
      vertex -4.21873 2.95399 0
      vertex -4.46016 2.57507 9
      vertex -4.46016 2.57507 0
    endloop
  endfacet
  facet normal 0.300701 -0.953718 0
    outer loop
      vertex -1.76144 4.83954 0
      vertex -1.33295 4.97464 9
      vertex -1.76144 4.83954 9
    endloop
  endfacet
  facet normal 0.300701 -0.953718 0
    outer loop
      vertex -1.33295 4.97464 9
      vertex -1.76144 4.83954 0
      vertex -1.33295 4.97464 0
    endloop
  endfacet
  facet normal 0.953718 -0.300701 0
    outer loop
      vertex -4.97464 1.33295 9
      vertex -4.83954 1.76144 0
      vertex -4.83954 1.76144 9
    endloop
  endfacet
  facet normal 0.953718 -0.300701 0
    outer loop
      vertex -4.83954 1.76144 0
      vertex -4.97464 1.33295 9
      vertex -4.97464 1.33295 0
    endloop
  endfacet
  facet normal 0.84336 0.537349 0
    outer loop
      vertex -4.21873 -2.95399 9
      vertex -4.46016 -2.57507 0
      vertex -4.46016 -2.57507 9
    endloop
  endfacet
  facet normal 0.84336 0.537349 0
    outer loop
      vertex -4.46016 -2.57507 0
      vertex -4.21873 -2.95399 9
      vertex -4.21873 -2.95399 0
    endloop
  endfacet
  facet normal -0.608728 -0.793379 0
    outer loop
      vertex 2.95399 4.21873 0
      vertex 3.31044 3.94524 9
      vertex 2.95399 4.21873 9
    endloop
  endfacet
  facet normal -0.608728 -0.793379 -0
    outer loop
      vertex 3.31044 3.94524 9
      vertex 2.95399 4.21873 0
      vertex 3.31044 3.94524 0
    endloop
  endfacet
  facet normal -0.300701 -0.953718 0
    outer loop
      vertex 1.33295 4.97464 0
      vertex 1.76144 4.83954 9
      vertex 1.33295 4.97464 9
    endloop
  endfacet
  facet normal -0.300701 -0.953718 -0
    outer loop
      vertex 1.76144 4.83954 9
      vertex 1.33295 4.97464 0
      vertex 1.76144 4.83954 0
    endloop
  endfacet
  facet normal 0.461702 -0.887035 0
    outer loop
      vertex -2.57507 4.46016 0
      vertex -2.17653 4.6676 9
      vertex -2.57507 4.46016 9
    endloop
  endfacet
  facet normal 0.461702 -0.887035 0
    outer loop
      vertex -2.17653 4.6676 9
      vertex -2.57507 4.46016 0
      vertex -2.17653 4.6676 0
    endloop
  endfacet
  facet normal 0.99144 0.13056 0
    outer loop
      vertex -5.07188 -0.894318 9
      vertex -5.13054 -0.448868 0
      vertex -5.13054 -0.448868 9
    endloop
  endfacet
  facet normal 0.99144 0.13056 0
    outer loop
      vertex -5.13054 -0.448868 0
      vertex -5.07188 -0.894318 9
      vertex -5.07188 -0.894318 0
    endloop
  endfacet
  facet normal 0.887035 0.461702 0
    outer loop
      vertex -4.46016 -2.57507 9
      vertex -4.6676 -2.17653 0
      vertex -4.6676 -2.17653 9
    endloop
  endfacet
  facet normal 0.887035 0.461702 0
    outer loop
      vertex -4.6676 -2.17653 0
      vertex -4.46016 -2.57507 9
      vertex -4.46016 -2.57507 0
    endloop
  endfacet
  facet normal -0.216435 -0.976297 0
    outer loop
      vertex 0.894318 5.07188 0
      vertex 1.33295 4.97464 9
      vertex 0.894318 5.07188 9
    endloop
  endfacet
  facet normal -0.216435 -0.976297 -0
    outer loop
      vertex 1.33295 4.97464 9
      vertex 0.894318 5.07188 0
      vertex 1.33295 4.97464 0
    endloop
  endfacet
  facet normal 0.99144 -0.13056 0
    outer loop
      vertex -5.13054 0.448868 9
      vertex -5.07188 0.894318 0
      vertex -5.07188 0.894318 9
    endloop
  endfacet
  facet normal 0.99144 -0.13056 0
    outer loop
      vertex -5.07188 0.894318 0
      vertex -5.13054 0.448868 9
      vertex -5.13054 0.448868 0
    endloop
  endfacet
  facet normal 0.043646 -0.999047 0
    outer loop
      vertex -0.448868 5.13054 0
      vertex 0 5.15015 9
      vertex -0.448868 5.13054 9
    endloop
  endfacet
  facet normal 0.043646 -0.999047 0
    outer loop
      vertex 0 5.15015 9
      vertex -0.448868 5.13054 0
      vertex 0 5.15015 0
    endloop
  endfacet
endsolid OpenSCAD_Model
