solid OpenSCAD_Model
  facet normal 0.737265 -0.675604 0
    outer loop
      vertex 10.6066 -10.6066 8
      vertex 11.4907 -9.64181 6.4
      vertex 11.4907 -9.64181 8
    endloop
  endfacet
  facet normal 0.737265 -0.675604 0
    outer loop
      vertex 11.4907 -9.64181 6.4
      vertex 10.6066 -10.6066 8
      vertex 10.6066 -10.6066 6.4
    endloop
  endfacet
  facet normal 0.737265 -0.675604 0
    outer loop
      vertex 10.6066 -10.6066 1
      vertex 11.4907 -9.64181 0
      vertex 11.4907 -9.64181 1
    endloop
  endfacet
  facet normal 0.737265 -0.675604 0
    outer loop
      vertex 11.4907 -9.64181 0
      vertex 10.6066 -10.6066 1
      vertex 10.6066 -10.6066 0
    endloop
  endfacet
  facet normal 0.737265 -0.675604 0
    outer loop
      vertex 10.6066 -10.6066 4
      vertex 11.4907 -9.64181 3.4
      vertex 11.4907 -9.64181 4
    endloop
  endfacet
  facet normal 0.737265 -0.675604 0
    outer loop
      vertex 11.4907 -9.64181 3.4
      vertex 10.6066 -10.6066 4
      vertex 10.6066 -10.6066 3.4
    endloop
  endfacet
  facet normal 0.991445 0.130524 0
    outer loop
      vertex 14.9429 1.30734 1
      vertex 14.7721 2.60472 0
      vertex 14.7721 2.60472 1
    endloop
  endfacet
  facet normal 0.991445 0.130524 0
    outer loop
      vertex 14.7721 2.60472 0
      vertex 14.9429 1.30734 1
      vertex 14.9429 1.30734 0
    endloop
  endfacet
  facet normal 0.991445 0.130524 0
    outer loop
      vertex 14.9429 1.30734 8
      vertex 14.7721 2.60472 6.4
      vertex 14.7721 2.60472 8
    endloop
  endfacet
  facet normal 0.991445 0.130524 0
    outer loop
      vertex 14.7721 2.60472 6.4
      vertex 14.9429 1.30734 8
      vertex 14.9429 1.30734 6.4
    endloop
  endfacet
  facet normal 0.991445 0.130524 0
    outer loop
      vertex 14.9429 1.30734 4
      vertex 14.7721 2.60472 3.4
      vertex 14.7721 2.60472 4
    endloop
  endfacet
  facet normal 0.991445 0.130524 0
    outer loop
      vertex 14.7721 2.60472 3.4
      vertex 14.9429 1.30734 4
      vertex 14.9429 1.30734 3.4
    endloop
  endfacet
  facet normal 0.999048 0.0436349 0
    outer loop
      vertex 15 0 1
      vertex 14.9429 1.30734 0
      vertex 14.9429 1.30734 1
    endloop
  endfacet
  facet normal 0.999048 0.0436349 0
    outer loop
      vertex 14.9429 1.30734 0
      vertex 15 0 1
      vertex 15 0 0
    endloop
  endfacet
  facet normal 0.999048 0.0436349 0
    outer loop
      vertex 15 0 8
      vertex 14.9429 1.30734 6.4
      vertex 14.9429 1.30734 8
    endloop
  endfacet
  facet normal 0.999048 0.0436349 0
    outer loop
      vertex 14.9429 1.30734 6.4
      vertex 15 0 8
      vertex 15 0 6.4
    endloop
  endfacet
  facet normal 0.999048 0.0436349 0
    outer loop
      vertex 15 0 4
      vertex 14.9429 1.30734 3.4
      vertex 14.9429 1.30734 4
    endloop
  endfacet
  facet normal 0.999048 0.0436349 0
    outer loop
      vertex 14.9429 1.30734 3.4
      vertex 15 0 4
      vertex 15 0 3.4
    endloop
  endfacet
  facet normal 0.976301 0.216417 0
    outer loop
      vertex 14.7721 2.60472 1
      vertex 14.4889 3.88229 0
      vertex 14.4889 3.88229 1
    endloop
  endfacet
  facet normal 0.976301 0.216417 0
    outer loop
      vertex 14.4889 3.88229 0
      vertex 14.7721 2.60472 1
      vertex 14.7721 2.60472 0
    endloop
  endfacet
  facet normal 0.976301 0.216417 0
    outer loop
      vertex 14.7721 2.60472 8
      vertex 14.4889 3.88229 6.4
      vertex 14.4889 3.88229 8
    endloop
  endfacet
  facet normal 0.976301 0.216417 0
    outer loop
      vertex 14.4889 3.88229 6.4
      vertex 14.7721 2.60472 8
      vertex 14.7721 2.60472 6.4
    endloop
  endfacet
  facet normal 0.976301 0.216417 0
    outer loop
      vertex 14.7721 2.60472 4
      vertex 14.4889 3.88229 3.4
      vertex 14.4889 3.88229 4
    endloop
  endfacet
  facet normal 0.976301 0.216417 0
    outer loop
      vertex 14.4889 3.88229 3.4
      vertex 14.7721 2.60472 4
      vertex 14.7721 2.60472 3.4
    endloop
  endfacet
  facet normal 0.537298 -0.843392 0
    outer loop
      vertex 7.5 -12.9904 6.4
      vertex 8.60365 -12.2873 8
      vertex 7.5 -12.9904 8
    endloop
  endfacet
  facet normal 0.537298 -0.843392 0
    outer loop
      vertex 8.60365 -12.2873 8
      vertex 7.5 -12.9904 6.4
      vertex 8.60365 -12.2873 6.4
    endloop
  endfacet
  facet normal 0.537298 -0.843392 0
    outer loop
      vertex 7.5 -12.9904 0
      vertex 8.60365 -12.2873 1
      vertex 7.5 -12.9904 1
    endloop
  endfacet
  facet normal 0.537298 -0.843392 0
    outer loop
      vertex 8.60365 -12.2873 1
      vertex 7.5 -12.9904 0
      vertex 8.60365 -12.2873 0
    endloop
  endfacet
  facet normal 0.537298 -0.843392 0
    outer loop
      vertex 7.5 -12.9904 3.4
      vertex 8.60365 -12.2873 4
      vertex 7.5 -12.9904 4
    endloop
  endfacet
  facet normal 0.537298 -0.843392 0
    outer loop
      vertex 8.60365 -12.2873 4
      vertex 7.5 -12.9904 3.4
      vertex 8.60365 -12.2873 3.4
    endloop
  endfacet
  facet normal 0.461726 -0.887023 0
    outer loop
      vertex 6.33927 -13.5946 6.4
      vertex 7.5 -12.9904 8
      vertex 6.33927 -13.5946 8
    endloop
  endfacet
  facet normal 0.461726 -0.887023 0
    outer loop
      vertex 7.5 -12.9904 8
      vertex 6.33927 -13.5946 6.4
      vertex 7.5 -12.9904 6.4
    endloop
  endfacet
  facet normal 0.461726 -0.887023 0
    outer loop
      vertex 6.33927 -13.5946 0
      vertex 7.5 -12.9904 1
      vertex 6.33927 -13.5946 1
    endloop
  endfacet
  facet normal 0.461726 -0.887023 0
    outer loop
      vertex 7.5 -12.9904 1
      vertex 6.33927 -13.5946 0
      vertex 7.5 -12.9904 0
    endloop
  endfacet
  facet normal 0.461726 -0.887023 0
    outer loop
      vertex 6.33927 -13.5946 3.4
      vertex 7.5 -12.9904 4
      vertex 6.33927 -13.5946 4
    endloop
  endfacet
  facet normal 0.461726 -0.887023 0
    outer loop
      vertex 7.5 -12.9904 4
      vertex 6.33927 -13.5946 3.4
      vertex 7.5 -12.9904 3.4
    endloop
  endfacet
  facet normal 0.216417 -0.976301 0
    outer loop
      vertex 2.60472 -14.7721 0
      vertex 3.88229 -14.4889 1
      vertex 2.60472 -14.7721 1
    endloop
  endfacet
  facet normal 0.216417 -0.976301 0
    outer loop
      vertex 3.88229 -14.4889 1
      vertex 2.60472 -14.7721 0
      vertex 3.88229 -14.4889 0
    endloop
  endfacet
  facet normal 0.216417 -0.976301 0
    outer loop
      vertex 2.60472 -14.7721 6.4
      vertex 3.88229 -14.4889 8
      vertex 2.60472 -14.7721 8
    endloop
  endfacet
  facet normal 0.216417 -0.976301 0
    outer loop
      vertex 3.88229 -14.4889 8
      vertex 2.60472 -14.7721 6.4
      vertex 3.88229 -14.4889 6.4
    endloop
  endfacet
  facet normal 0.216417 -0.976301 0
    outer loop
      vertex 2.60472 -14.7721 3.4
      vertex 3.88229 -14.4889 4
      vertex 2.60472 -14.7721 4
    endloop
  endfacet
  facet normal 0.216417 -0.976301 0
    outer loop
      vertex 3.88229 -14.4889 4
      vertex 2.60472 -14.7721 3.4
      vertex 3.88229 -14.4889 3.4
    endloop
  endfacet
  facet normal -0.130524 0.991445 0
    outer loop
      vertex -1.30734 14.9429 6.4
      vertex -2.60472 14.7721 8
      vertex -1.30734 14.9429 8
    endloop
  endfacet
  facet normal -0.130524 0.991445 0
    outer loop
      vertex -2.60472 14.7721 8
      vertex -1.30734 14.9429 6.4
      vertex -2.60472 14.7721 6.4
    endloop
  endfacet
  facet normal -0.130524 0.991445 0
    outer loop
      vertex -1.30734 14.9429 0
      vertex -2.60472 14.7721 1
      vertex -1.30734 14.9429 1
    endloop
  endfacet
  facet normal -0.130524 0.991445 0
    outer loop
      vertex -2.60472 14.7721 1
      vertex -1.30734 14.9429 0
      vertex -2.60472 14.7721 0
    endloop
  endfacet
  facet normal -0.130524 0.991445 0
    outer loop
      vertex -1.30734 14.9429 3.4
      vertex -2.60472 14.7721 4
      vertex -1.30734 14.9429 4
    endloop
  endfacet
  facet normal -0.130524 0.991445 0
    outer loop
      vertex -2.60472 14.7721 4
      vertex -1.30734 14.9429 3.4
      vertex -2.60472 14.7721 3.4
    endloop
  endfacet
  facet normal -0.843392 0.537298 0
    outer loop
      vertex -12.9904 7.5 0
      vertex -12.2873 8.60365 1
      vertex -12.2873 8.60365 0
    endloop
  endfacet
  facet normal -0.843392 0.537298 0
    outer loop
      vertex -12.2873 8.60365 1
      vertex -12.9904 7.5 0
      vertex -12.9904 7.5 1
    endloop
  endfacet
  facet normal -0.843392 0.537298 0
    outer loop
      vertex -12.9904 7.5 6.4
      vertex -12.2873 8.60365 8
      vertex -12.2873 8.60365 6.4
    endloop
  endfacet
  facet normal -0.843392 0.537298 0
    outer loop
      vertex -12.2873 8.60365 8
      vertex -12.9904 7.5 6.4
      vertex -12.9904 7.5 8
    endloop
  endfacet
  facet normal -0.843392 0.537298 0
    outer loop
      vertex -12.9904 7.5 3.4
      vertex -12.2873 8.60365 4
      vertex -12.2873 8.60365 3.4
    endloop
  endfacet
  facet normal -0.843392 0.537298 0
    outer loop
      vertex -12.2873 8.60365 4
      vertex -12.9904 7.5 3.4
      vertex -12.9904 7.5 4
    endloop
  endfacet
  facet normal -0.382702 0.923872 0
    outer loop
      vertex -5.1303 14.0954 0
      vertex -6.33927 13.5946 1
      vertex -5.1303 14.0954 1
    endloop
  endfacet
  facet normal -0.382702 0.923872 0
    outer loop
      vertex -6.33927 13.5946 1
      vertex -5.1303 14.0954 0
      vertex -6.33927 13.5946 0
    endloop
  endfacet
  facet normal -0.382702 0.923872 0
    outer loop
      vertex -5.1303 14.0954 6.4
      vertex -6.33927 13.5946 8
      vertex -5.1303 14.0954 8
    endloop
  endfacet
  facet normal -0.382702 0.923872 0
    outer loop
      vertex -6.33927 13.5946 8
      vertex -5.1303 14.0954 6.4
      vertex -6.33927 13.5946 6.4
    endloop
  endfacet
  facet normal -0.382702 0.923872 0
    outer loop
      vertex -5.1303 14.0954 3.4
      vertex -6.33927 13.5946 4
      vertex -5.1303 14.0954 4
    endloop
  endfacet
  facet normal -0.382702 0.923872 0
    outer loop
      vertex -6.33927 13.5946 4
      vertex -5.1303 14.0954 3.4
      vertex -6.33927 13.5946 3.4
    endloop
  endfacet
  facet normal 0.608757 0.793356 -0
    outer loop
      vertex 9.64181 11.4907 6.4
      vertex 8.60365 12.2873 8
      vertex 9.64181 11.4907 8
    endloop
  endfacet
  facet normal 0.608757 0.793356 0
    outer loop
      vertex 8.60365 12.2873 8
      vertex 9.64181 11.4907 6.4
      vertex 8.60365 12.2873 6.4
    endloop
  endfacet
  facet normal 0.608757 0.793356 -0
    outer loop
      vertex 9.64181 11.4907 0
      vertex 8.60365 12.2873 1
      vertex 9.64181 11.4907 1
    endloop
  endfacet
  facet normal 0.608757 0.793356 0
    outer loop
      vertex 8.60365 12.2873 1
      vertex 9.64181 11.4907 0
      vertex 8.60365 12.2873 0
    endloop
  endfacet
  facet normal 0.608757 0.793356 -0
    outer loop
      vertex 9.64181 11.4907 3.4
      vertex 8.60365 12.2873 4
      vertex 9.64181 11.4907 4
    endloop
  endfacet
  facet normal 0.608757 0.793356 0
    outer loop
      vertex 8.60365 12.2873 4
      vertex 9.64181 11.4907 3.4
      vertex 8.60365 12.2873 3.4
    endloop
  endfacet
  facet normal 0.216417 0.976301 -0
    outer loop
      vertex 3.88229 14.4889 6.4
      vertex 2.60472 14.7721 8
      vertex 3.88229 14.4889 8
    endloop
  endfacet
  facet normal 0.216417 0.976301 0
    outer loop
      vertex 2.60472 14.7721 8
      vertex 3.88229 14.4889 6.4
      vertex 2.60472 14.7721 6.4
    endloop
  endfacet
  facet normal 0.216417 0.976301 -0
    outer loop
      vertex 3.88229 14.4889 0
      vertex 2.60472 14.7721 1
      vertex 3.88229 14.4889 1
    endloop
  endfacet
  facet normal 0.216417 0.976301 0
    outer loop
      vertex 2.60472 14.7721 1
      vertex 3.88229 14.4889 0
      vertex 2.60472 14.7721 0
    endloop
  endfacet
  facet normal 0.216417 0.976301 -0
    outer loop
      vertex 3.88229 14.4889 3.4
      vertex 2.60472 14.7721 4
      vertex 3.88229 14.4889 4
    endloop
  endfacet
  facet normal 0.216417 0.976301 0
    outer loop
      vertex 2.60472 14.7721 4
      vertex 3.88229 14.4889 3.4
      vertex 2.60472 14.7721 3.4
    endloop
  endfacet
  facet normal -0.923872 -0.382702 0
    outer loop
      vertex -13.5946 -6.33927 0
      vertex -14.0954 -5.1303 1
      vertex -14.0954 -5.1303 0
    endloop
  endfacet
  facet normal -0.923872 -0.382702 0
    outer loop
      vertex -14.0954 -5.1303 1
      vertex -13.5946 -6.33927 0
      vertex -13.5946 -6.33927 1
    endloop
  endfacet
  facet normal -0.923872 -0.382702 0
    outer loop
      vertex -13.5946 -6.33927 6.4
      vertex -14.0954 -5.1303 8
      vertex -14.0954 -5.1303 6.4
    endloop
  endfacet
  facet normal -0.923872 -0.382702 0
    outer loop
      vertex -14.0954 -5.1303 8
      vertex -13.5946 -6.33927 6.4
      vertex -13.5946 -6.33927 8
    endloop
  endfacet
  facet normal -0.923872 -0.382702 0
    outer loop
      vertex -13.5946 -6.33927 3.4
      vertex -14.0954 -5.1303 4
      vertex -14.0954 -5.1303 3.4
    endloop
  endfacet
  facet normal -0.923872 -0.382702 0
    outer loop
      vertex -14.0954 -5.1303 4
      vertex -13.5946 -6.33927 3.4
      vertex -13.5946 -6.33927 4
    endloop
  endfacet
  facet normal -0.737265 -0.675604 0
    outer loop
      vertex -10.6066 -10.6066 0
      vertex -11.4907 -9.64181 1
      vertex -11.4907 -9.64181 0
    endloop
  endfacet
  facet normal -0.737265 -0.675604 0
    outer loop
      vertex -11.4907 -9.64181 1
      vertex -10.6066 -10.6066 0
      vertex -10.6066 -10.6066 1
    endloop
  endfacet
  facet normal -0.737265 -0.675604 0
    outer loop
      vertex -10.6066 -10.6066 6.4
      vertex -11.4907 -9.64181 8
      vertex -11.4907 -9.64181 6.4
    endloop
  endfacet
  facet normal -0.737265 -0.675604 0
    outer loop
      vertex -11.4907 -9.64181 8
      vertex -10.6066 -10.6066 6.4
      vertex -10.6066 -10.6066 8
    endloop
  endfacet
  facet normal -0.737265 -0.675604 0
    outer loop
      vertex -10.6066 -10.6066 3.4
      vertex -11.4907 -9.64181 4
      vertex -11.4907 -9.64181 3.4
    endloop
  endfacet
  facet normal -0.737265 -0.675604 0
    outer loop
      vertex -11.4907 -9.64181 4
      vertex -10.6066 -10.6066 3.4
      vertex -10.6066 -10.6066 4
    endloop
  endfacet
  facet normal 0.461726 0.887023 -0
    outer loop
      vertex 7.5 12.9904 0
      vertex 6.33927 13.5946 1
      vertex 7.5 12.9904 1
    endloop
  endfacet
  facet normal 0.461726 0.887023 0
    outer loop
      vertex 6.33927 13.5946 1
      vertex 7.5 12.9904 0
      vertex 6.33927 13.5946 0
    endloop
  endfacet
  facet normal 0.461726 0.887023 -0
    outer loop
      vertex 7.5 12.9904 6.4
      vertex 6.33927 13.5946 8
      vertex 7.5 12.9904 8
    endloop
  endfacet
  facet normal 0.461726 0.887023 0
    outer loop
      vertex 6.33927 13.5946 8
      vertex 7.5 12.9904 6.4
      vertex 6.33927 13.5946 6.4
    endloop
  endfacet
  facet normal 0.461726 0.887023 -0
    outer loop
      vertex 7.5 12.9904 3.4
      vertex 6.33927 13.5946 4
      vertex 7.5 12.9904 4
    endloop
  endfacet
  facet normal 0.461726 0.887023 0
    outer loop
      vertex 6.33927 13.5946 4
      vertex 7.5 12.9904 3.4
      vertex 6.33927 13.5946 3.4
    endloop
  endfacet
  facet normal 0.537298 0.843392 -0
    outer loop
      vertex 8.60365 12.2873 0
      vertex 7.5 12.9904 1
      vertex 8.60365 12.2873 1
    endloop
  endfacet
  facet normal 0.537298 0.843392 0
    outer loop
      vertex 7.5 12.9904 1
      vertex 8.60365 12.2873 0
      vertex 7.5 12.9904 0
    endloop
  endfacet
  facet normal 0.537298 0.843392 -0
    outer loop
      vertex 8.60365 12.2873 6.4
      vertex 7.5 12.9904 8
      vertex 8.60365 12.2873 8
    endloop
  endfacet
  facet normal 0.537298 0.843392 0
    outer loop
      vertex 7.5 12.9904 8
      vertex 8.60365 12.2873 6.4
      vertex 7.5 12.9904 6.4
    endloop
  endfacet
  facet normal 0.537298 0.843392 -0
    outer loop
      vertex 8.60365 12.2873 3.4
      vertex 7.5 12.9904 4
      vertex 8.60365 12.2873 4
    endloop
  endfacet
  facet normal 0.537298 0.843392 0
    outer loop
      vertex 7.5 12.9904 4
      vertex 8.60365 12.2873 3.4
      vertex 7.5 12.9904 3.4
    endloop
  endfacet
  facet normal -0.537298 0.843392 0
    outer loop
      vertex -7.5 12.9904 6.4
      vertex -8.60365 12.2873 8
      vertex -7.5 12.9904 8
    endloop
  endfacet
  facet normal -0.537298 0.843392 0
    outer loop
      vertex -8.60365 12.2873 8
      vertex -7.5 12.9904 6.4
      vertex -8.60365 12.2873 6.4
    endloop
  endfacet
  facet normal -0.537298 0.843392 0
    outer loop
      vertex -7.5 12.9904 0
      vertex -8.60365 12.2873 1
      vertex -7.5 12.9904 1
    endloop
  endfacet
  facet normal -0.537298 0.843392 0
    outer loop
      vertex -8.60365 12.2873 1
      vertex -7.5 12.9904 0
      vertex -8.60365 12.2873 0
    endloop
  endfacet
  facet normal -0.537298 0.843392 0
    outer loop
      vertex -7.5 12.9904 3.4
      vertex -8.60365 12.2873 4
      vertex -7.5 12.9904 4
    endloop
  endfacet
  facet normal -0.537298 0.843392 0
    outer loop
      vertex -8.60365 12.2873 4
      vertex -7.5 12.9904 3.4
      vertex -8.60365 12.2873 3.4
    endloop
  endfacet
  facet normal 0.953716 -0.300709 0
    outer loop
      vertex 14.0954 -5.1303 8
      vertex 14.4889 -3.88229 6.4
      vertex 14.4889 -3.88229 8
    endloop
  endfacet
  facet normal 0.953716 -0.300709 0
    outer loop
      vertex 14.4889 -3.88229 6.4
      vertex 14.0954 -5.1303 8
      vertex 14.0954 -5.1303 6.4
    endloop
  endfacet
  facet normal 0.953716 -0.300709 0
    outer loop
      vertex 14.0954 -5.1303 1
      vertex 14.4889 -3.88229 0
      vertex 14.4889 -3.88229 1
    endloop
  endfacet
  facet normal 0.953716 -0.300709 0
    outer loop
      vertex 14.4889 -3.88229 0
      vertex 14.0954 -5.1303 1
      vertex 14.0954 -5.1303 0
    endloop
  endfacet
  facet normal 0.953716 -0.300709 0
    outer loop
      vertex 14.0954 -5.1303 4
      vertex 14.4889 -3.88229 3.4
      vertex 14.4889 -3.88229 4
    endloop
  endfacet
  facet normal 0.953716 -0.300709 0
    outer loop
      vertex 14.4889 -3.88229 3.4
      vertex 14.0954 -5.1303 4
      vertex 14.0954 -5.1303 3.4
    endloop
  endfacet
  facet normal -0.675604 0.737265 0
    outer loop
      vertex -9.64181 11.4907 6.4
      vertex -10.6066 10.6066 8
      vertex -9.64181 11.4907 8
    endloop
  endfacet
  facet normal -0.675604 0.737265 0
    outer loop
      vertex -10.6066 10.6066 8
      vertex -9.64181 11.4907 6.4
      vertex -10.6066 10.6066 6.4
    endloop
  endfacet
  facet normal -0.675604 0.737265 0
    outer loop
      vertex -9.64181 11.4907 0
      vertex -10.6066 10.6066 1
      vertex -9.64181 11.4907 1
    endloop
  endfacet
  facet normal -0.675604 0.737265 0
    outer loop
      vertex -10.6066 10.6066 1
      vertex -9.64181 11.4907 0
      vertex -10.6066 10.6066 0
    endloop
  endfacet
  facet normal -0.675604 0.737265 0
    outer loop
      vertex -9.64181 11.4907 3.4
      vertex -10.6066 10.6066 4
      vertex -9.64181 11.4907 4
    endloop
  endfacet
  facet normal -0.675604 0.737265 0
    outer loop
      vertex -10.6066 10.6066 4
      vertex -9.64181 11.4907 3.4
      vertex -10.6066 10.6066 3.4
    endloop
  endfacet
  facet normal 0.300709 -0.953716 0
    outer loop
      vertex 3.88229 -14.4889 0
      vertex 5.1303 -14.0954 1
      vertex 3.88229 -14.4889 1
    endloop
  endfacet
  facet normal 0.300709 -0.953716 0
    outer loop
      vertex 5.1303 -14.0954 1
      vertex 3.88229 -14.4889 0
      vertex 5.1303 -14.0954 0
    endloop
  endfacet
  facet normal 0.300709 -0.953716 0
    outer loop
      vertex 3.88229 -14.4889 6.4
      vertex 5.1303 -14.0954 8
      vertex 3.88229 -14.4889 8
    endloop
  endfacet
  facet normal 0.300709 -0.953716 0
    outer loop
      vertex 5.1303 -14.0954 8
      vertex 3.88229 -14.4889 6.4
      vertex 5.1303 -14.0954 6.4
    endloop
  endfacet
  facet normal 0.300709 -0.953716 0
    outer loop
      vertex 3.88229 -14.4889 3.4
      vertex 5.1303 -14.0954 4
      vertex 3.88229 -14.4889 4
    endloop
  endfacet
  facet normal 0.300709 -0.953716 0
    outer loop
      vertex 5.1303 -14.0954 4
      vertex 3.88229 -14.4889 3.4
      vertex 5.1303 -14.0954 3.4
    endloop
  endfacet
  facet normal 0.130524 -0.991445 0
    outer loop
      vertex 1.30734 -14.9429 6.4
      vertex 2.60472 -14.7721 8
      vertex 1.30734 -14.9429 8
    endloop
  endfacet
  facet normal 0.130524 -0.991445 0
    outer loop
      vertex 2.60472 -14.7721 8
      vertex 1.30734 -14.9429 6.4
      vertex 2.60472 -14.7721 6.4
    endloop
  endfacet
  facet normal 0.130524 -0.991445 0
    outer loop
      vertex 1.30734 -14.9429 0
      vertex 2.60472 -14.7721 1
      vertex 1.30734 -14.9429 1
    endloop
  endfacet
  facet normal 0.130524 -0.991445 0
    outer loop
      vertex 2.60472 -14.7721 1
      vertex 1.30734 -14.9429 0
      vertex 2.60472 -14.7721 0
    endloop
  endfacet
  facet normal 0.130524 -0.991445 0
    outer loop
      vertex 1.30734 -14.9429 3.4
      vertex 2.60472 -14.7721 4
      vertex 1.30734 -14.9429 4
    endloop
  endfacet
  facet normal 0.130524 -0.991445 0
    outer loop
      vertex 2.60472 -14.7721 4
      vertex 1.30734 -14.9429 3.4
      vertex 2.60472 -14.7721 3.4
    endloop
  endfacet
  facet normal -0.675604 -0.737265 0
    outer loop
      vertex -10.6066 -10.6066 0
      vertex -9.64181 -11.4907 1
      vertex -10.6066 -10.6066 1
    endloop
  endfacet
  facet normal -0.675604 -0.737265 -0
    outer loop
      vertex -9.64181 -11.4907 1
      vertex -10.6066 -10.6066 0
      vertex -9.64181 -11.4907 0
    endloop
  endfacet
  facet normal -0.675604 -0.737265 0
    outer loop
      vertex -10.6066 -10.6066 6.4
      vertex -9.64181 -11.4907 8
      vertex -10.6066 -10.6066 8
    endloop
  endfacet
  facet normal -0.675604 -0.737265 -0
    outer loop
      vertex -9.64181 -11.4907 8
      vertex -10.6066 -10.6066 6.4
      vertex -9.64181 -11.4907 6.4
    endloop
  endfacet
  facet normal -0.675604 -0.737265 0
    outer loop
      vertex -10.6066 -10.6066 3.4
      vertex -9.64181 -11.4907 4
      vertex -10.6066 -10.6066 4
    endloop
  endfacet
  facet normal -0.675604 -0.737265 -0
    outer loop
      vertex -9.64181 -11.4907 4
      vertex -10.6066 -10.6066 3.4
      vertex -9.64181 -11.4907 3.4
    endloop
  endfacet
  facet normal 0.0436349 -0.999048 0
    outer loop
      vertex 0 -15 6.4
      vertex 1.30734 -14.9429 8
      vertex 0 -15 8
    endloop
  endfacet
  facet normal 0.0436349 -0.999048 0
    outer loop
      vertex 1.30734 -14.9429 8
      vertex 0 -15 6.4
      vertex 1.30734 -14.9429 6.4
    endloop
  endfacet
  facet normal 0.0436349 -0.999048 0
    outer loop
      vertex 0 -15 0
      vertex 1.30734 -14.9429 1
      vertex 0 -15 1
    endloop
  endfacet
  facet normal 0.0436349 -0.999048 0
    outer loop
      vertex 1.30734 -14.9429 1
      vertex 0 -15 0
      vertex 1.30734 -14.9429 0
    endloop
  endfacet
  facet normal 0.0436349 -0.999048 0
    outer loop
      vertex 0 -15 3.4
      vertex 1.30734 -14.9429 4
      vertex 0 -15 4
    endloop
  endfacet
  facet normal 0.0436349 -0.999048 0
    outer loop
      vertex 1.30734 -14.9429 4
      vertex 0 -15 3.4
      vertex 1.30734 -14.9429 3.4
    endloop
  endfacet
  facet normal -0.976301 0.216417 0
    outer loop
      vertex -14.7721 2.60472 6.4
      vertex -14.4889 3.88229 8
      vertex -14.4889 3.88229 6.4
    endloop
  endfacet
  facet normal -0.976301 0.216417 0
    outer loop
      vertex -14.4889 3.88229 8
      vertex -14.7721 2.60472 6.4
      vertex -14.7721 2.60472 8
    endloop
  endfacet
  facet normal -0.976301 0.216417 0
    outer loop
      vertex -14.7721 2.60472 0
      vertex -14.4889 3.88229 1
      vertex -14.4889 3.88229 0
    endloop
  endfacet
  facet normal -0.976301 0.216417 0
    outer loop
      vertex -14.4889 3.88229 1
      vertex -14.7721 2.60472 0
      vertex -14.7721 2.60472 1
    endloop
  endfacet
  facet normal -0.976301 0.216417 0
    outer loop
      vertex -14.7721 2.60472 3.4
      vertex -14.4889 3.88229 4
      vertex -14.4889 3.88229 3.4
    endloop
  endfacet
  facet normal -0.976301 0.216417 0
    outer loop
      vertex -14.4889 3.88229 4
      vertex -14.7721 2.60472 3.4
      vertex -14.7721 2.60472 4
    endloop
  endfacet
  facet normal -0.461726 0.887023 0
    outer loop
      vertex -6.33927 13.5946 0
      vertex -7.5 12.9904 1
      vertex -6.33927 13.5946 1
    endloop
  endfacet
  facet normal -0.461726 0.887023 0
    outer loop
      vertex -7.5 12.9904 1
      vertex -6.33927 13.5946 0
      vertex -7.5 12.9904 0
    endloop
  endfacet
  facet normal -0.461726 0.887023 0
    outer loop
      vertex -6.33927 13.5946 6.4
      vertex -7.5 12.9904 8
      vertex -6.33927 13.5946 8
    endloop
  endfacet
  facet normal -0.461726 0.887023 0
    outer loop
      vertex -7.5 12.9904 8
      vertex -6.33927 13.5946 6.4
      vertex -7.5 12.9904 6.4
    endloop
  endfacet
  facet normal -0.461726 0.887023 0
    outer loop
      vertex -6.33927 13.5946 3.4
      vertex -7.5 12.9904 4
      vertex -6.33927 13.5946 4
    endloop
  endfacet
  facet normal -0.461726 0.887023 0
    outer loop
      vertex -7.5 12.9904 4
      vertex -6.33927 13.5946 3.4
      vertex -7.5 12.9904 3.4
    endloop
  endfacet
  facet normal 0.843392 0.537298 0
    outer loop
      vertex 12.9904 7.5 1
      vertex 12.2873 8.60365 0
      vertex 12.2873 8.60365 1
    endloop
  endfacet
  facet normal 0.843392 0.537298 0
    outer loop
      vertex 12.2873 8.60365 0
      vertex 12.9904 7.5 1
      vertex 12.9904 7.5 0
    endloop
  endfacet
  facet normal 0.843392 0.537298 0
    outer loop
      vertex 12.9904 7.5 8
      vertex 12.2873 8.60365 6.4
      vertex 12.2873 8.60365 8
    endloop
  endfacet
  facet normal 0.843392 0.537298 0
    outer loop
      vertex 12.2873 8.60365 6.4
      vertex 12.9904 7.5 8
      vertex 12.9904 7.5 6.4
    endloop
  endfacet
  facet normal 0.843392 0.537298 0
    outer loop
      vertex 12.9904 7.5 4
      vertex 12.2873 8.60365 3.4
      vertex 12.2873 8.60365 4
    endloop
  endfacet
  facet normal 0.843392 0.537298 0
    outer loop
      vertex 12.2873 8.60365 3.4
      vertex 12.9904 7.5 4
      vertex 12.9904 7.5 3.4
    endloop
  endfacet
  facet normal 0.0436349 0.999048 -0
    outer loop
      vertex 1.30734 14.9429 6.4
      vertex 0 15 8
      vertex 1.30734 14.9429 8
    endloop
  endfacet
  facet normal 0.0436349 0.999048 0
    outer loop
      vertex 0 15 8
      vertex 1.30734 14.9429 6.4
      vertex 0 15 6.4
    endloop
  endfacet
  facet normal 0.0436349 0.999048 -0
    outer loop
      vertex 1.30734 14.9429 0
      vertex 0 15 1
      vertex 1.30734 14.9429 1
    endloop
  endfacet
  facet normal 0.0436349 0.999048 0
    outer loop
      vertex 0 15 1
      vertex 1.30734 14.9429 0
      vertex 0 15 0
    endloop
  endfacet
  facet normal 0.0436349 0.999048 -0
    outer loop
      vertex 1.30734 14.9429 3.4
      vertex 0 15 4
      vertex 1.30734 14.9429 4
    endloop
  endfacet
  facet normal 0.0436349 0.999048 0
    outer loop
      vertex 0 15 4
      vertex 1.30734 14.9429 3.4
      vertex 0 15 3.4
    endloop
  endfacet
  facet normal -0.216417 0.976301 0
    outer loop
      vertex -2.60472 14.7721 0
      vertex -3.88229 14.4889 1
      vertex -2.60472 14.7721 1
    endloop
  endfacet
  facet normal -0.216417 0.976301 0
    outer loop
      vertex -3.88229 14.4889 1
      vertex -2.60472 14.7721 0
      vertex -3.88229 14.4889 0
    endloop
  endfacet
  facet normal -0.216417 0.976301 0
    outer loop
      vertex -2.60472 14.7721 6.4
      vertex -3.88229 14.4889 8
      vertex -2.60472 14.7721 8
    endloop
  endfacet
  facet normal -0.216417 0.976301 0
    outer loop
      vertex -3.88229 14.4889 8
      vertex -2.60472 14.7721 6.4
      vertex -3.88229 14.4889 6.4
    endloop
  endfacet
  facet normal -0.216417 0.976301 0
    outer loop
      vertex -2.60472 14.7721 3.4
      vertex -3.88229 14.4889 4
      vertex -2.60472 14.7721 4
    endloop
  endfacet
  facet normal -0.216417 0.976301 0
    outer loop
      vertex -3.88229 14.4889 4
      vertex -2.60472 14.7721 3.4
      vertex -3.88229 14.4889 3.4
    endloop
  endfacet
  facet normal 0.976301 -0.216417 0
    outer loop
      vertex 14.4889 -3.88229 8
      vertex 14.7721 -2.60472 6.4
      vertex 14.7721 -2.60472 8
    endloop
  endfacet
  facet normal 0.976301 -0.216417 0
    outer loop
      vertex 14.7721 -2.60472 6.4
      vertex 14.4889 -3.88229 8
      vertex 14.4889 -3.88229 6.4
    endloop
  endfacet
  facet normal 0.976301 -0.216417 0
    outer loop
      vertex 14.4889 -3.88229 1
      vertex 14.7721 -2.60472 0
      vertex 14.7721 -2.60472 1
    endloop
  endfacet
  facet normal 0.976301 -0.216417 0
    outer loop
      vertex 14.7721 -2.60472 0
      vertex 14.4889 -3.88229 1
      vertex 14.4889 -3.88229 0
    endloop
  endfacet
  facet normal 0.976301 -0.216417 0
    outer loop
      vertex 14.4889 -3.88229 4
      vertex 14.7721 -2.60472 3.4
      vertex 14.7721 -2.60472 4
    endloop
  endfacet
  facet normal 0.976301 -0.216417 0
    outer loop
      vertex 14.7721 -2.60472 3.4
      vertex 14.4889 -3.88229 4
      vertex 14.4889 -3.88229 3.4
    endloop
  endfacet
  facet normal 0.793356 -0.608757 0
    outer loop
      vertex 11.4907 -9.64181 1
      vertex 12.2873 -8.60365 0
      vertex 12.2873 -8.60365 1
    endloop
  endfacet
  facet normal 0.793356 -0.608757 0
    outer loop
      vertex 12.2873 -8.60365 0
      vertex 11.4907 -9.64181 1
      vertex 11.4907 -9.64181 0
    endloop
  endfacet
  facet normal 0.793356 -0.608757 0
    outer loop
      vertex 11.4907 -9.64181 8
      vertex 12.2873 -8.60365 6.4
      vertex 12.2873 -8.60365 8
    endloop
  endfacet
  facet normal 0.793356 -0.608757 0
    outer loop
      vertex 12.2873 -8.60365 6.4
      vertex 11.4907 -9.64181 8
      vertex 11.4907 -9.64181 6.4
    endloop
  endfacet
  facet normal 0.793356 -0.608757 0
    outer loop
      vertex 11.4907 -9.64181 4
      vertex 12.2873 -8.60365 3.4
      vertex 12.2873 -8.60365 4
    endloop
  endfacet
  facet normal 0.793356 -0.608757 0
    outer loop
      vertex 12.2873 -8.60365 3.4
      vertex 11.4907 -9.64181 4
      vertex 11.4907 -9.64181 3.4
    endloop
  endfacet
  facet normal 0.675604 0.737265 -0
    outer loop
      vertex 10.6066 10.6066 6.4
      vertex 9.64181 11.4907 8
      vertex 10.6066 10.6066 8
    endloop
  endfacet
  facet normal 0.675604 0.737265 0
    outer loop
      vertex 9.64181 11.4907 8
      vertex 10.6066 10.6066 6.4
      vertex 9.64181 11.4907 6.4
    endloop
  endfacet
  facet normal 0.675604 0.737265 -0
    outer loop
      vertex 10.6066 10.6066 0
      vertex 9.64181 11.4907 1
      vertex 10.6066 10.6066 1
    endloop
  endfacet
  facet normal 0.675604 0.737265 0
    outer loop
      vertex 9.64181 11.4907 1
      vertex 10.6066 10.6066 0
      vertex 9.64181 11.4907 0
    endloop
  endfacet
  facet normal 0.675604 0.737265 -0
    outer loop
      vertex 10.6066 10.6066 3.4
      vertex 9.64181 11.4907 4
      vertex 10.6066 10.6066 4
    endloop
  endfacet
  facet normal 0.675604 0.737265 0
    outer loop
      vertex 9.64181 11.4907 4
      vertex 10.6066 10.6066 3.4
      vertex 9.64181 11.4907 3.4
    endloop
  endfacet
  facet normal 0.887023 -0.461726 0
    outer loop
      vertex 12.9904 -7.5 8
      vertex 13.5946 -6.33927 6.4
      vertex 13.5946 -6.33927 8
    endloop
  endfacet
  facet normal 0.887023 -0.461726 0
    outer loop
      vertex 13.5946 -6.33927 6.4
      vertex 12.9904 -7.5 8
      vertex 12.9904 -7.5 6.4
    endloop
  endfacet
  facet normal 0.887023 -0.461726 0
    outer loop
      vertex 12.9904 -7.5 1
      vertex 13.5946 -6.33927 0
      vertex 13.5946 -6.33927 1
    endloop
  endfacet
  facet normal 0.887023 -0.461726 0
    outer loop
      vertex 13.5946 -6.33927 0
      vertex 12.9904 -7.5 1
      vertex 12.9904 -7.5 0
    endloop
  endfacet
  facet normal 0.887023 -0.461726 0
    outer loop
      vertex 12.9904 -7.5 4
      vertex 13.5946 -6.33927 3.4
      vertex 13.5946 -6.33927 4
    endloop
  endfacet
  facet normal 0.887023 -0.461726 0
    outer loop
      vertex 13.5946 -6.33927 3.4
      vertex 12.9904 -7.5 4
      vertex 12.9904 -7.5 3.4
    endloop
  endfacet
  facet normal -0.537298 -0.843392 0
    outer loop
      vertex -8.60365 -12.2873 0
      vertex -7.5 -12.9904 1
      vertex -8.60365 -12.2873 1
    endloop
  endfacet
  facet normal -0.537298 -0.843392 -0
    outer loop
      vertex -7.5 -12.9904 1
      vertex -8.60365 -12.2873 0
      vertex -7.5 -12.9904 0
    endloop
  endfacet
  facet normal -0.537298 -0.843392 0
    outer loop
      vertex -8.60365 -12.2873 6.4
      vertex -7.5 -12.9904 8
      vertex -8.60365 -12.2873 8
    endloop
  endfacet
  facet normal -0.537298 -0.843392 -0
    outer loop
      vertex -7.5 -12.9904 8
      vertex -8.60365 -12.2873 6.4
      vertex -7.5 -12.9904 6.4
    endloop
  endfacet
  facet normal -0.537298 -0.843392 0
    outer loop
      vertex -8.60365 -12.2873 3.4
      vertex -7.5 -12.9904 4
      vertex -8.60365 -12.2873 4
    endloop
  endfacet
  facet normal -0.537298 -0.843392 -0
    outer loop
      vertex -7.5 -12.9904 4
      vertex -8.60365 -12.2873 3.4
      vertex -7.5 -12.9904 3.4
    endloop
  endfacet
  facet normal -0.737265 0.675604 0
    outer loop
      vertex -11.4907 9.64181 0
      vertex -10.6066 10.6066 1
      vertex -10.6066 10.6066 0
    endloop
  endfacet
  facet normal -0.737265 0.675604 0
    outer loop
      vertex -10.6066 10.6066 1
      vertex -11.4907 9.64181 0
      vertex -11.4907 9.64181 1
    endloop
  endfacet
  facet normal -0.737265 0.675604 0
    outer loop
      vertex -11.4907 9.64181 6.4
      vertex -10.6066 10.6066 8
      vertex -10.6066 10.6066 6.4
    endloop
  endfacet
  facet normal -0.737265 0.675604 0
    outer loop
      vertex -10.6066 10.6066 8
      vertex -11.4907 9.64181 6.4
      vertex -11.4907 9.64181 8
    endloop
  endfacet
  facet normal -0.737265 0.675604 0
    outer loop
      vertex -11.4907 9.64181 3.4
      vertex -10.6066 10.6066 4
      vertex -10.6066 10.6066 3.4
    endloop
  endfacet
  facet normal -0.737265 0.675604 0
    outer loop
      vertex -10.6066 10.6066 4
      vertex -11.4907 9.64181 3.4
      vertex -11.4907 9.64181 4
    endloop
  endfacet
  facet normal 0.953716 0.300709 0
    outer loop
      vertex 14.4889 3.88229 1
      vertex 14.0954 5.1303 0
      vertex 14.0954 5.1303 1
    endloop
  endfacet
  facet normal 0.953716 0.300709 0
    outer loop
      vertex 14.0954 5.1303 0
      vertex 14.4889 3.88229 1
      vertex 14.4889 3.88229 0
    endloop
  endfacet
  facet normal 0.953716 0.300709 0
    outer loop
      vertex 14.4889 3.88229 8
      vertex 14.0954 5.1303 6.4
      vertex 14.0954 5.1303 8
    endloop
  endfacet
  facet normal 0.953716 0.300709 0
    outer loop
      vertex 14.0954 5.1303 6.4
      vertex 14.4889 3.88229 8
      vertex 14.4889 3.88229 6.4
    endloop
  endfacet
  facet normal 0.953716 0.300709 0
    outer loop
      vertex 14.4889 3.88229 4
      vertex 14.0954 5.1303 3.4
      vertex 14.0954 5.1303 4
    endloop
  endfacet
  facet normal 0.953716 0.300709 0
    outer loop
      vertex 14.0954 5.1303 3.4
      vertex 14.4889 3.88229 4
      vertex 14.4889 3.88229 3.4
    endloop
  endfacet
  facet normal 0.843392 -0.537298 0
    outer loop
      vertex 12.2873 -8.60365 8
      vertex 12.9904 -7.5 6.4
      vertex 12.9904 -7.5 8
    endloop
  endfacet
  facet normal 0.843392 -0.537298 0
    outer loop
      vertex 12.9904 -7.5 6.4
      vertex 12.2873 -8.60365 8
      vertex 12.2873 -8.60365 6.4
    endloop
  endfacet
  facet normal 0.843392 -0.537298 0
    outer loop
      vertex 12.2873 -8.60365 1
      vertex 12.9904 -7.5 0
      vertex 12.9904 -7.5 1
    endloop
  endfacet
  facet normal 0.843392 -0.537298 0
    outer loop
      vertex 12.9904 -7.5 0
      vertex 12.2873 -8.60365 1
      vertex 12.2873 -8.60365 0
    endloop
  endfacet
  facet normal 0.843392 -0.537298 0
    outer loop
      vertex 12.2873 -8.60365 4
      vertex 12.9904 -7.5 3.4
      vertex 12.9904 -7.5 4
    endloop
  endfacet
  facet normal 0.843392 -0.537298 0
    outer loop
      vertex 12.9904 -7.5 3.4
      vertex 12.2873 -8.60365 4
      vertex 12.2873 -8.60365 3.4
    endloop
  endfacet
  facet normal -0.991445 -0.130524 0
    outer loop
      vertex -14.7721 -2.60472 0
      vertex -14.9429 -1.30734 1
      vertex -14.9429 -1.30734 0
    endloop
  endfacet
  facet normal -0.991445 -0.130524 0
    outer loop
      vertex -14.9429 -1.30734 1
      vertex -14.7721 -2.60472 0
      vertex -14.7721 -2.60472 1
    endloop
  endfacet
  facet normal -0.991445 -0.130524 0
    outer loop
      vertex -14.7721 -2.60472 6.4
      vertex -14.9429 -1.30734 8
      vertex -14.9429 -1.30734 6.4
    endloop
  endfacet
  facet normal -0.991445 -0.130524 0
    outer loop
      vertex -14.9429 -1.30734 8
      vertex -14.7721 -2.60472 6.4
      vertex -14.7721 -2.60472 8
    endloop
  endfacet
  facet normal -0.991445 -0.130524 0
    outer loop
      vertex -14.7721 -2.60472 3.4
      vertex -14.9429 -1.30734 4
      vertex -14.9429 -1.30734 3.4
    endloop
  endfacet
  facet normal -0.991445 -0.130524 0
    outer loop
      vertex -14.9429 -1.30734 4
      vertex -14.7721 -2.60472 3.4
      vertex -14.7721 -2.60472 4
    endloop
  endfacet
  facet normal -0.953716 0.300709 0
    outer loop
      vertex -14.4889 3.88229 0
      vertex -14.0954 5.1303 1
      vertex -14.0954 5.1303 0
    endloop
  endfacet
  facet normal -0.953716 0.300709 0
    outer loop
      vertex -14.0954 5.1303 1
      vertex -14.4889 3.88229 0
      vertex -14.4889 3.88229 1
    endloop
  endfacet
  facet normal -0.953716 0.300709 0
    outer loop
      vertex -14.4889 3.88229 6.4
      vertex -14.0954 5.1303 8
      vertex -14.0954 5.1303 6.4
    endloop
  endfacet
  facet normal -0.953716 0.300709 0
    outer loop
      vertex -14.0954 5.1303 8
      vertex -14.4889 3.88229 6.4
      vertex -14.4889 3.88229 8
    endloop
  endfacet
  facet normal -0.953716 0.300709 0
    outer loop
      vertex -14.4889 3.88229 3.4
      vertex -14.0954 5.1303 4
      vertex -14.0954 5.1303 3.4
    endloop
  endfacet
  facet normal -0.953716 0.300709 0
    outer loop
      vertex -14.0954 5.1303 4
      vertex -14.4889 3.88229 3.4
      vertex -14.4889 3.88229 4
    endloop
  endfacet
  facet normal -0.608757 0.793356 0
    outer loop
      vertex -8.60365 12.2873 6.4
      vertex -9.64181 11.4907 8
      vertex -8.60365 12.2873 8
    endloop
  endfacet
  facet normal -0.608757 0.793356 0
    outer loop
      vertex -9.64181 11.4907 8
      vertex -8.60365 12.2873 6.4
      vertex -9.64181 11.4907 6.4
    endloop
  endfacet
  facet normal -0.608757 0.793356 0
    outer loop
      vertex -8.60365 12.2873 0
      vertex -9.64181 11.4907 1
      vertex -8.60365 12.2873 1
    endloop
  endfacet
  facet normal -0.608757 0.793356 0
    outer loop
      vertex -9.64181 11.4907 1
      vertex -8.60365 12.2873 0
      vertex -9.64181 11.4907 0
    endloop
  endfacet
  facet normal -0.608757 0.793356 0
    outer loop
      vertex -8.60365 12.2873 3.4
      vertex -9.64181 11.4907 4
      vertex -8.60365 12.2873 4
    endloop
  endfacet
  facet normal -0.608757 0.793356 0
    outer loop
      vertex -9.64181 11.4907 4
      vertex -8.60365 12.2873 3.4
      vertex -9.64181 11.4907 3.4
    endloop
  endfacet
  facet normal 0.991445 -0.130524 0
    outer loop
      vertex 14.7721 -2.60472 1
      vertex 14.9429 -1.30734 0
      vertex 14.9429 -1.30734 1
    endloop
  endfacet
  facet normal 0.991445 -0.130524 0
    outer loop
      vertex 14.9429 -1.30734 0
      vertex 14.7721 -2.60472 1
      vertex 14.7721 -2.60472 0
    endloop
  endfacet
  facet normal 0.991445 -0.130524 0
    outer loop
      vertex 14.7721 -2.60472 8
      vertex 14.9429 -1.30734 6.4
      vertex 14.9429 -1.30734 8
    endloop
  endfacet
  facet normal 0.991445 -0.130524 0
    outer loop
      vertex 14.9429 -1.30734 6.4
      vertex 14.7721 -2.60472 8
      vertex 14.7721 -2.60472 6.4
    endloop
  endfacet
  facet normal 0.991445 -0.130524 0
    outer loop
      vertex 14.7721 -2.60472 4
      vertex 14.9429 -1.30734 3.4
      vertex 14.9429 -1.30734 4
    endloop
  endfacet
  facet normal 0.991445 -0.130524 0
    outer loop
      vertex 14.9429 -1.30734 3.4
      vertex 14.7721 -2.60472 4
      vertex 14.7721 -2.60472 3.4
    endloop
  endfacet
  facet normal 0.999048 -0.0436349 0
    outer loop
      vertex 14.9429 -1.30734 8
      vertex 15 0 6.4
      vertex 15 0 8
    endloop
  endfacet
  facet normal 0.999048 -0.0436349 0
    outer loop
      vertex 15 0 6.4
      vertex 14.9429 -1.30734 8
      vertex 14.9429 -1.30734 6.4
    endloop
  endfacet
  facet normal 0.999048 -0.0436349 0
    outer loop
      vertex 14.9429 -1.30734 1
      vertex 15 0 0
      vertex 15 0 1
    endloop
  endfacet
  facet normal 0.999048 -0.0436349 0
    outer loop
      vertex 15 0 0
      vertex 14.9429 -1.30734 1
      vertex 14.9429 -1.30734 0
    endloop
  endfacet
  facet normal 0.999048 -0.0436349 0
    outer loop
      vertex 14.9429 -1.30734 4
      vertex 15 0 3.4
      vertex 15 0 4
    endloop
  endfacet
  facet normal 0.999048 -0.0436349 0
    outer loop
      vertex 15 0 3.4
      vertex 14.9429 -1.30734 4
      vertex 14.9429 -1.30734 3.4
    endloop
  endfacet
  facet normal -0.991445 0.130524 0
    outer loop
      vertex -14.9429 1.30734 6.4
      vertex -14.7721 2.60472 8
      vertex -14.7721 2.60472 6.4
    endloop
  endfacet
  facet normal -0.991445 0.130524 0
    outer loop
      vertex -14.7721 2.60472 8
      vertex -14.9429 1.30734 6.4
      vertex -14.9429 1.30734 8
    endloop
  endfacet
  facet normal -0.991445 0.130524 0
    outer loop
      vertex -14.9429 1.30734 0
      vertex -14.7721 2.60472 1
      vertex -14.7721 2.60472 0
    endloop
  endfacet
  facet normal -0.991445 0.130524 0
    outer loop
      vertex -14.7721 2.60472 1
      vertex -14.9429 1.30734 0
      vertex -14.9429 1.30734 1
    endloop
  endfacet
  facet normal -0.991445 0.130524 0
    outer loop
      vertex -14.9429 1.30734 3.4
      vertex -14.7721 2.60472 4
      vertex -14.7721 2.60472 3.4
    endloop
  endfacet
  facet normal -0.991445 0.130524 0
    outer loop
      vertex -14.7721 2.60472 4
      vertex -14.9429 1.30734 3.4
      vertex -14.9429 1.30734 4
    endloop
  endfacet
  facet normal 0.923872 0.382702 0
    outer loop
      vertex 14.0954 5.1303 8
      vertex 13.5946 6.33927 6.4
      vertex 13.5946 6.33927 8
    endloop
  endfacet
  facet normal 0.923872 0.382702 0
    outer loop
      vertex 13.5946 6.33927 6.4
      vertex 14.0954 5.1303 8
      vertex 14.0954 5.1303 6.4
    endloop
  endfacet
  facet normal 0.923872 0.382702 0
    outer loop
      vertex 14.0954 5.1303 1
      vertex 13.5946 6.33927 0
      vertex 13.5946 6.33927 1
    endloop
  endfacet
  facet normal 0.923872 0.382702 0
    outer loop
      vertex 13.5946 6.33927 0
      vertex 14.0954 5.1303 1
      vertex 14.0954 5.1303 0
    endloop
  endfacet
  facet normal 0.923872 0.382702 0
    outer loop
      vertex 14.0954 5.1303 4
      vertex 13.5946 6.33927 3.4
      vertex 13.5946 6.33927 4
    endloop
  endfacet
  facet normal 0.923872 0.382702 0
    outer loop
      vertex 13.5946 6.33927 3.4
      vertex 14.0954 5.1303 4
      vertex 14.0954 5.1303 3.4
    endloop
  endfacet
  facet normal -0.976301 -0.216417 0
    outer loop
      vertex -14.4889 -3.88229 0
      vertex -14.7721 -2.60472 1
      vertex -14.7721 -2.60472 0
    endloop
  endfacet
  facet normal -0.976301 -0.216417 0
    outer loop
      vertex -14.7721 -2.60472 1
      vertex -14.4889 -3.88229 0
      vertex -14.4889 -3.88229 1
    endloop
  endfacet
  facet normal -0.976301 -0.216417 0
    outer loop
      vertex -14.4889 -3.88229 6.4
      vertex -14.7721 -2.60472 8
      vertex -14.7721 -2.60472 6.4
    endloop
  endfacet
  facet normal -0.976301 -0.216417 0
    outer loop
      vertex -14.7721 -2.60472 8
      vertex -14.4889 -3.88229 6.4
      vertex -14.4889 -3.88229 8
    endloop
  endfacet
  facet normal -0.976301 -0.216417 0
    outer loop
      vertex -14.4889 -3.88229 3.4
      vertex -14.7721 -2.60472 4
      vertex -14.7721 -2.60472 3.4
    endloop
  endfacet
  facet normal -0.976301 -0.216417 0
    outer loop
      vertex -14.7721 -2.60472 4
      vertex -14.4889 -3.88229 3.4
      vertex -14.4889 -3.88229 4
    endloop
  endfacet
  facet normal 0.887023 0.461726 0
    outer loop
      vertex 13.5946 6.33927 8
      vertex 12.9904 7.5 6.4
      vertex 12.9904 7.5 8
    endloop
  endfacet
  facet normal 0.887023 0.461726 0
    outer loop
      vertex 12.9904 7.5 6.4
      vertex 13.5946 6.33927 8
      vertex 13.5946 6.33927 6.4
    endloop
  endfacet
  facet normal 0.887023 0.461726 0
    outer loop
      vertex 13.5946 6.33927 1
      vertex 12.9904 7.5 0
      vertex 12.9904 7.5 1
    endloop
  endfacet
  facet normal 0.887023 0.461726 0
    outer loop
      vertex 12.9904 7.5 0
      vertex 13.5946 6.33927 1
      vertex 13.5946 6.33927 0
    endloop
  endfacet
  facet normal 0.887023 0.461726 0
    outer loop
      vertex 13.5946 6.33927 4
      vertex 12.9904 7.5 3.4
      vertex 12.9904 7.5 4
    endloop
  endfacet
  facet normal 0.887023 0.461726 0
    outer loop
      vertex 12.9904 7.5 3.4
      vertex 13.5946 6.33927 4
      vertex 13.5946 6.33927 3.4
    endloop
  endfacet
  facet normal -0.793356 0.608757 0
    outer loop
      vertex -12.2873 8.60365 0
      vertex -11.4907 9.64181 1
      vertex -11.4907 9.64181 0
    endloop
  endfacet
  facet normal -0.793356 0.608757 0
    outer loop
      vertex -11.4907 9.64181 1
      vertex -12.2873 8.60365 0
      vertex -12.2873 8.60365 1
    endloop
  endfacet
  facet normal -0.793356 0.608757 0
    outer loop
      vertex -12.2873 8.60365 6.4
      vertex -11.4907 9.64181 8
      vertex -11.4907 9.64181 6.4
    endloop
  endfacet
  facet normal -0.793356 0.608757 0
    outer loop
      vertex -11.4907 9.64181 8
      vertex -12.2873 8.60365 6.4
      vertex -12.2873 8.60365 8
    endloop
  endfacet
  facet normal -0.793356 0.608757 0
    outer loop
      vertex -12.2873 8.60365 3.4
      vertex -11.4907 9.64181 4
      vertex -11.4907 9.64181 3.4
    endloop
  endfacet
  facet normal -0.793356 0.608757 0
    outer loop
      vertex -11.4907 9.64181 4
      vertex -12.2873 8.60365 3.4
      vertex -12.2873 8.60365 4
    endloop
  endfacet
  facet normal -0.887023 -0.461726 0
    outer loop
      vertex -12.9904 -7.5 0
      vertex -13.5946 -6.33927 1
      vertex -13.5946 -6.33927 0
    endloop
  endfacet
  facet normal -0.887023 -0.461726 0
    outer loop
      vertex -13.5946 -6.33927 1
      vertex -12.9904 -7.5 0
      vertex -12.9904 -7.5 1
    endloop
  endfacet
  facet normal -0.887023 -0.461726 0
    outer loop
      vertex -12.9904 -7.5 6.4
      vertex -13.5946 -6.33927 8
      vertex -13.5946 -6.33927 6.4
    endloop
  endfacet
  facet normal -0.887023 -0.461726 0
    outer loop
      vertex -13.5946 -6.33927 8
      vertex -12.9904 -7.5 6.4
      vertex -12.9904 -7.5 8
    endloop
  endfacet
  facet normal -0.887023 -0.461726 0
    outer loop
      vertex -12.9904 -7.5 3.4
      vertex -13.5946 -6.33927 4
      vertex -13.5946 -6.33927 3.4
    endloop
  endfacet
  facet normal -0.887023 -0.461726 0
    outer loop
      vertex -13.5946 -6.33927 4
      vertex -12.9904 -7.5 3.4
      vertex -12.9904 -7.5 4
    endloop
  endfacet
  facet normal 0 0 -1
    outer loop
      vertex 4.14999 -3.04358 0
      vertex 15 0 0
      vertex 14.9429 -1.30734 0
    endloop
  endfacet
  facet normal 0 0 -1
    outer loop
      vertex 4.14999 -3.04358 0
      vertex 14.9429 -1.30734 0
      vertex 14.7721 -2.60472 0
    endloop
  endfacet
  facet normal 0 0 -1
    outer loop
      vertex 4.14999 3.04358 0
      vertex 15 0 0
      vertex 4.14999 -3.04358 0
    endloop
  endfacet
  facet normal 0 0 -1
    outer loop
      vertex 4.14999 -3.04358 0
      vertex 14.7721 -2.60472 0
      vertex 14.4889 -3.88229 0
    endloop
  endfacet
  facet normal 0 0 -1
    outer loop
      vertex 15 0 0
      vertex 4.14999 3.04358 0
      vertex 14.9429 1.30734 0
    endloop
  endfacet
  facet normal 0 0 -1
    outer loop
      vertex 4.14999 -3.04358 0
      vertex 14.4889 -3.88229 0
      vertex 14.0954 -5.1303 0
    endloop
  endfacet
  facet normal 0 0 -1
    outer loop
      vertex 14.9429 1.30734 0
      vertex 4.14999 3.04358 0
      vertex 14.7721 2.60472 0
    endloop
  endfacet
  facet normal 0 0 -1
    outer loop
      vertex 4.14999 -3.04358 0
      vertex 14.0954 -5.1303 0
      vertex 13.5946 -6.33927 0
    endloop
  endfacet
  facet normal 0 0 -1
    outer loop
      vertex 14.7721 2.60472 0
      vertex 4.14999 3.04358 0
      vertex 14.4889 3.88229 0
    endloop
  endfacet
  facet normal 0 0 -1
    outer loop
      vertex 4.14999 -3.04358 0
      vertex 13.5946 -6.33927 0
      vertex 12.9904 -7.5 0
    endloop
  endfacet
  facet normal -0 0 -1
    outer loop
      vertex 14.4889 3.88229 0
      vertex 4.14999 3.04358 0
      vertex 14.0954 5.1303 0
    endloop
  endfacet
  facet normal 0 0 -1
    outer loop
      vertex 4.14999 -3.04358 0
      vertex 12.9904 -7.5 0
      vertex 12.2873 -8.60365 0
    endloop
  endfacet
  facet normal -0 0 -1
    outer loop
      vertex 14.0954 5.1303 0
      vertex 4.14999 3.04358 0
      vertex 13.5946 6.33927 0
    endloop
  endfacet
  facet normal 0 0 -1
    outer loop
      vertex 4.14999 -3.04358 0
      vertex 12.2873 -8.60365 0
      vertex 11.4907 -9.64181 0
    endloop
  endfacet
  facet normal -0 0 -1
    outer loop
      vertex 13.5946 6.33927 0
      vertex 4.14999 3.04358 0
      vertex 12.9904 7.5 0
    endloop
  endfacet
  facet normal 0 0 -1
    outer loop
      vertex 3.94524 -3.31044 0
      vertex 11.4907 -9.64181 0
      vertex 10.6066 -10.6066 0
    endloop
  endfacet
  facet normal -0 0 -1
    outer loop
      vertex 12.9904 7.5 0
      vertex 4.14999 3.04358 0
      vertex 12.2873 8.60365 0
    endloop
  endfacet
  facet normal 0 0 -1
    outer loop
      vertex 3.64169 -3.64169 0
      vertex 10.6066 -10.6066 0
      vertex 9.64181 -11.4907 0
    endloop
  endfacet
  facet normal -0 0 -1
    outer loop
      vertex 12.2873 8.60365 0
      vertex 4.14999 3.04358 0
      vertex 11.4907 9.64181 0
    endloop
  endfacet
  facet normal 0 0 -1
    outer loop
      vertex 3.31044 -3.94524 0
      vertex 9.64181 -11.4907 0
      vertex 8.60365 -12.2873 0
    endloop
  endfacet
  facet normal 0 0 -1
    outer loop
      vertex 3.94524 3.31044 0
      vertex 11.4907 9.64181 0
      vertex 4.14999 3.04358 0
    endloop
  endfacet
  facet normal 0 0 -1
    outer loop
      vertex 2.95399 -4.21873 0
      vertex 8.60365 -12.2873 0
      vertex 7.5 -12.9904 0
    endloop
  endfacet
  facet normal -0 0 -1
    outer loop
      vertex 11.4907 9.64181 0
      vertex 3.94524 3.31044 0
      vertex 10.6066 10.6066 0
    endloop
  endfacet
  facet normal 0 0 -1
    outer loop
      vertex 2.57507 -4.46016 0
      vertex 7.5 -12.9904 0
      vertex 6.33927 -13.5946 0
    endloop
  endfacet
  facet normal 0 0 -1
    outer loop
      vertex 3.64169 3.64169 0
      vertex 10.6066 10.6066 0
      vertex 3.94524 3.31044 0
    endloop
  endfacet
  facet normal 0 0 -1
    outer loop
      vertex 2.17653 -4.6676 0
      vertex 6.33927 -13.5946 0
      vertex 5.1303 -14.0954 0
    endloop
  endfacet
  facet normal -0 0 -1
    outer loop
      vertex 10.6066 10.6066 0
      vertex 3.64169 3.64169 0
      vertex 9.64181 11.4907 0
    endloop
  endfacet
  facet normal 0 0 -1
    outer loop
      vertex 3.31044 3.94524 0
      vertex 9.64181 11.4907 0
      vertex 3.64169 3.64169 0
    endloop
  endfacet
  facet normal 0 0 -1
    outer loop
      vertex 11.4907 -9.64181 0
      vertex 3.94524 -3.31044 0
      vertex 4.14999 -3.04358 0
    endloop
  endfacet
  facet normal 0 0 -1
    outer loop
      vertex 1.76144 -4.83954 0
      vertex 5.1303 -14.0954 0
      vertex 3.88229 -14.4889 0
    endloop
  endfacet
  facet normal 0 0 -1
    outer loop
      vertex 10.6066 -10.6066 0
      vertex 3.64169 -3.64169 0
      vertex 3.94524 -3.31044 0
    endloop
  endfacet
  facet normal 0 0 -1
    outer loop
      vertex 9.64181 -11.4907 0
      vertex 3.31044 -3.94524 0
      vertex 3.64169 -3.64169 0
    endloop
  endfacet
  facet normal 0 0 -1
    outer loop
      vertex 8.60365 -12.2873 0
      vertex 2.95399 -4.21873 0
      vertex 3.31044 -3.94524 0
    endloop
  endfacet
  facet normal 0 0 -1
    outer loop
      vertex 1.33295 -4.97464 0
      vertex 3.88229 -14.4889 0
      vertex 2.60472 -14.7721 0
    endloop
  endfacet
  facet normal 0 0 -1
    outer loop
      vertex 7.5 -12.9904 0
      vertex 2.57507 -4.46016 0
      vertex 2.95399 -4.21873 0
    endloop
  endfacet
  facet normal 0 0 -1
    outer loop
      vertex 6.33927 -13.5946 0
      vertex 2.17653 -4.6676 0
      vertex 2.57507 -4.46016 0
    endloop
  endfacet
  facet normal 0 0 -1
    outer loop
      vertex 5.1303 -14.0954 0
      vertex 1.76144 -4.83954 0
      vertex 2.17653 -4.6676 0
    endloop
  endfacet
  facet normal 0 0 -1
    outer loop
      vertex 3.88229 -14.4889 0
      vertex 1.33295 -4.97464 0
      vertex 1.76144 -4.83954 0
    endloop
  endfacet
  facet normal 0 0 -1
    outer loop
      vertex 0.894318 -5.07188 0
      vertex 2.60472 -14.7721 0
      vertex 1.30734 -14.9429 0
    endloop
  endfacet
  facet normal 0 0 -1
    outer loop
      vertex 2.60472 -14.7721 0
      vertex 0.894318 -5.07188 0
      vertex 1.33295 -4.97464 0
    endloop
  endfacet
  facet normal 0 0 -1
    outer loop
      vertex 1.30734 -14.9429 0
      vertex 0.448868 -5.13054 0
      vertex 0.894318 -5.07188 0
    endloop
  endfacet
  facet normal 0 0 -1
    outer loop
      vertex 0 -15 0
      vertex 0.448868 -5.13054 0
      vertex 1.30734 -14.9429 0
    endloop
  endfacet
  facet normal 0 0 -1
    outer loop
      vertex 0 -15 0
      vertex 0 -5.15015 0
      vertex 0.448868 -5.13054 0
    endloop
  endfacet
  facet normal 0 0 -1
    outer loop
      vertex 0 -15 0
      vertex -0.448868 -5.13054 0
      vertex 0 -5.15015 0
    endloop
  endfacet
  facet normal 0 0 -1
    outer loop
      vertex -1.30734 -14.9429 0
      vertex -0.448868 -5.13054 0
      vertex 0 -15 0
    endloop
  endfacet
  facet normal -0 0 -1
    outer loop
      vertex -0.448868 -5.13054 0
      vertex -1.30734 -14.9429 0
      vertex -0.894318 -5.07188 0
    endloop
  endfacet
  facet normal 0 0 -1
    outer loop
      vertex -2.60472 -14.7721 0
      vertex -0.894318 -5.07188 0
      vertex -1.30734 -14.9429 0
    endloop
  endfacet
  facet normal -0 0 -1
    outer loop
      vertex -0.894318 -5.07188 0
      vertex -2.60472 -14.7721 0
      vertex -1.33295 -4.97464 0
    endloop
  endfacet
  facet normal 0 0 -1
    outer loop
      vertex -3.88229 -14.4889 0
      vertex -1.33295 -4.97464 0
      vertex -2.60472 -14.7721 0
    endloop
  endfacet
  facet normal -0 0 -1
    outer loop
      vertex -1.33295 -4.97464 0
      vertex -3.88229 -14.4889 0
      vertex -1.76144 -4.83954 0
    endloop
  endfacet
  facet normal 0 0 -1
    outer loop
      vertex -5.1303 -14.0954 0
      vertex -1.76144 -4.83954 0
      vertex -3.88229 -14.4889 0
    endloop
  endfacet
  facet normal -0 0 -1
    outer loop
      vertex -1.76144 -4.83954 0
      vertex -5.1303 -14.0954 0
      vertex -2.17653 -4.6676 0
    endloop
  endfacet
  facet normal 0 0 -1
    outer loop
      vertex -6.33927 -13.5946 0
      vertex -2.17653 -4.6676 0
      vertex -5.1303 -14.0954 0
    endloop
  endfacet
  facet normal -0 0 -1
    outer loop
      vertex -2.17653 -4.6676 0
      vertex -6.33927 -13.5946 0
      vertex -2.57507 -4.46016 0
    endloop
  endfacet
  facet normal 0 0 -1
    outer loop
      vertex -7.5 -12.9904 0
      vertex -2.57507 -4.46016 0
      vertex -6.33927 -13.5946 0
    endloop
  endfacet
  facet normal -0 0 -1
    outer loop
      vertex -2.57507 -4.46016 0
      vertex -7.5 -12.9904 0
      vertex -2.95399 -4.21873 0
    endloop
  endfacet
  facet normal 0 0 -1
    outer loop
      vertex -8.60365 -12.2873 0
      vertex -2.95399 -4.21873 0
      vertex -7.5 -12.9904 0
    endloop
  endfacet
  facet normal -0 0 -1
    outer loop
      vertex -2.95399 -4.21873 0
      vertex -8.60365 -12.2873 0
      vertex -3.31044 -3.94524 0
    endloop
  endfacet
  facet normal 0 0 -1
    outer loop
      vertex -9.64181 -11.4907 0
      vertex -3.31044 -3.94524 0
      vertex -8.60365 -12.2873 0
    endloop
  endfacet
  facet normal -0 0 -1
    outer loop
      vertex -3.31044 -3.94524 0
      vertex -9.64181 -11.4907 0
      vertex -3.64169 -3.64169 0
    endloop
  endfacet
  facet normal 0 0 -1
    outer loop
      vertex -10.6066 -10.6066 0
      vertex -3.64169 -3.64169 0
      vertex -9.64181 -11.4907 0
    endloop
  endfacet
  facet normal -0 0 -1
    outer loop
      vertex -3.64169 -3.64169 0
      vertex -10.6066 -10.6066 0
      vertex -3.94524 -3.31044 0
    endloop
  endfacet
  facet normal 0 0 -1
    outer loop
      vertex -11.4907 -9.64181 0
      vertex -3.94524 -3.31044 0
      vertex -10.6066 -10.6066 0
    endloop
  endfacet
  facet normal -0 0 -1
    outer loop
      vertex -3.94524 -3.31044 0
      vertex -11.4907 -9.64181 0
      vertex -4.21873 -2.95399 0
    endloop
  endfacet
  facet normal 0 0 -1
    outer loop
      vertex -12.2873 -8.60365 0
      vertex -4.21873 -2.95399 0
      vertex -11.4907 -9.64181 0
    endloop
  endfacet
  facet normal -0 0 -1
    outer loop
      vertex -4.21873 -2.95399 0
      vertex -12.2873 -8.60365 0
      vertex -4.46016 -2.57507 0
    endloop
  endfacet
  facet normal -0 0 -1
    outer loop
      vertex 9.64181 11.4907 0
      vertex 3.31044 3.94524 0
      vertex 8.60365 12.2873 0
    endloop
  endfacet
  facet normal 0 0 -1
    outer loop
      vertex 2.95399 4.21873 0
      vertex 8.60365 12.2873 0
      vertex 3.31044 3.94524 0
    endloop
  endfacet
  facet normal -0 0 -1
    outer loop
      vertex 8.60365 12.2873 0
      vertex 2.95399 4.21873 0
      vertex 7.5 12.9904 0
    endloop
  endfacet
  facet normal 0 0 -1
    outer loop
      vertex 2.57507 4.46016 0
      vertex 7.5 12.9904 0
      vertex 2.95399 4.21873 0
    endloop
  endfacet
  facet normal -0 0 -1
    outer loop
      vertex 7.5 12.9904 0
      vertex 2.57507 4.46016 0
      vertex 6.33927 13.5946 0
    endloop
  endfacet
  facet normal 0 0 -1
    outer loop
      vertex 2.17653 4.6676 0
      vertex 6.33927 13.5946 0
      vertex 2.57507 4.46016 0
    endloop
  endfacet
  facet normal -0 0 -1
    outer loop
      vertex 6.33927 13.5946 0
      vertex 2.17653 4.6676 0
      vertex 5.1303 14.0954 0
    endloop
  endfacet
  facet normal 0 0 -1
    outer loop
      vertex 1.76144 4.83954 0
      vertex 5.1303 14.0954 0
      vertex 2.17653 4.6676 0
    endloop
  endfacet
  facet normal -0 0 -1
    outer loop
      vertex 5.1303 14.0954 0
      vertex 1.76144 4.83954 0
      vertex 3.88229 14.4889 0
    endloop
  endfacet
  facet normal 0 0 -1
    outer loop
      vertex 1.33295 4.97464 0
      vertex 3.88229 14.4889 0
      vertex 1.76144 4.83954 0
    endloop
  endfacet
  facet normal -0 0 -1
    outer loop
      vertex 3.88229 14.4889 0
      vertex 1.33295 4.97464 0
      vertex 2.60472 14.7721 0
    endloop
  endfacet
  facet normal 0 0 -1
    outer loop
      vertex 0.894318 5.07188 0
      vertex 2.60472 14.7721 0
      vertex 1.33295 4.97464 0
    endloop
  endfacet
  facet normal -0 0 -1
    outer loop
      vertex 2.60472 14.7721 0
      vertex 0.894318 5.07188 0
      vertex 1.30734 14.9429 0
    endloop
  endfacet
  facet normal 0 0 -1
    outer loop
      vertex 0.448868 5.13054 0
      vertex 1.30734 14.9429 0
      vertex 0.894318 5.07188 0
    endloop
  endfacet
  facet normal 0 0 -1
    outer loop
      vertex 0 5.15015 0
      vertex 1.30734 14.9429 0
      vertex 0.448868 5.13054 0
    endloop
  endfacet
  facet normal 0 0 -1
    outer loop
      vertex 0 5.15015 0
      vertex 0 15 0
      vertex 1.30734 14.9429 0
    endloop
  endfacet
  facet normal 0 0 -1
    outer loop
      vertex -0.448868 5.13054 0
      vertex 0 15 0
      vertex 0 5.15015 0
    endloop
  endfacet
  facet normal 0 0 -1
    outer loop
      vertex -1.30734 14.9429 0
      vertex -0.448868 5.13054 0
      vertex -0.894318 5.07188 0
    endloop
  endfacet
  facet normal 0 0 -1
    outer loop
      vertex -0.448868 5.13054 0
      vertex -1.30734 14.9429 0
      vertex 0 15 0
    endloop
  endfacet
  facet normal 0 0 -1
    outer loop
      vertex -2.60472 14.7721 0
      vertex -0.894318 5.07188 0
      vertex -1.33295 4.97464 0
    endloop
  endfacet
  facet normal 0 0 -1
    outer loop
      vertex -3.88229 14.4889 0
      vertex -1.33295 4.97464 0
      vertex -1.76144 4.83954 0
    endloop
  endfacet
  facet normal 0 0 -1
    outer loop
      vertex -5.1303 14.0954 0
      vertex -1.76144 4.83954 0
      vertex -2.17653 4.6676 0
    endloop
  endfacet
  facet normal 0 0 -1
    outer loop
      vertex -6.33927 13.5946 0
      vertex -2.17653 4.6676 0
      vertex -2.57507 4.46016 0
    endloop
  endfacet
  facet normal 0 0 -1
    outer loop
      vertex -0.894318 5.07188 0
      vertex -2.60472 14.7721 0
      vertex -1.30734 14.9429 0
    endloop
  endfacet
  facet normal 0 0 -1
    outer loop
      vertex -7.5 12.9904 0
      vertex -2.57507 4.46016 0
      vertex -2.95399 4.21873 0
    endloop
  endfacet
  facet normal 0 0 -1
    outer loop
      vertex -8.60365 12.2873 0
      vertex -2.95399 4.21873 0
      vertex -3.31044 3.94524 0
    endloop
  endfacet
  facet normal 0 0 -1
    outer loop
      vertex -9.64181 11.4907 0
      vertex -3.31044 3.94524 0
      vertex -3.64169 3.64169 0
    endloop
  endfacet
  facet normal 0 0 -1
    outer loop
      vertex -1.33295 4.97464 0
      vertex -3.88229 14.4889 0
      vertex -2.60472 14.7721 0
    endloop
  endfacet
  facet normal 0 0 -1
    outer loop
      vertex -10.6066 10.6066 0
      vertex -3.64169 3.64169 0
      vertex -3.94524 3.31044 0
    endloop
  endfacet
  facet normal 0 0 -1
    outer loop
      vertex -11.4907 9.64181 0
      vertex -3.94524 3.31044 0
      vertex -4.21873 2.95399 0
    endloop
  endfacet
  facet normal 0 0 -1
    outer loop
      vertex -12.2873 8.60365 0
      vertex -4.21873 2.95399 0
      vertex -4.46016 2.57507 0
    endloop
  endfacet
  facet normal 0 0 -1
    outer loop
      vertex -12.9904 7.5 0
      vertex -4.46016 2.57507 0
      vertex -4.6676 2.17653 0
    endloop
  endfacet
  facet normal 0 0 -1
    outer loop
      vertex -13.5946 6.33927 0
      vertex -4.6676 2.17653 0
      vertex -4.83954 1.76144 0
    endloop
  endfacet
  facet normal 0 0 -1
    outer loop
      vertex -14.0954 5.1303 0
      vertex -4.83954 1.76144 0
      vertex -4.97464 1.33295 0
    endloop
  endfacet
  facet normal 0 0 -1
    outer loop
      vertex -14.4889 3.88229 0
      vertex -4.97464 1.33295 0
      vertex -5.07188 0.894318 0
    endloop
  endfacet
  facet normal 0 0 -1
    outer loop
      vertex -1.76144 4.83954 0
      vertex -5.1303 14.0954 0
      vertex -3.88229 14.4889 0
    endloop
  endfacet
  facet normal 0 0 -1
    outer loop
      vertex -14.7721 2.60472 0
      vertex -5.07188 0.894318 0
      vertex -5.13054 0.448868 0
    endloop
  endfacet
  facet normal 0 0 -1
    outer loop
      vertex -14.9429 1.30734 0
      vertex -5.13054 0.448868 0
      vertex -5.15015 0 0
    endloop
  endfacet
  facet normal 0 0 -1
    outer loop
      vertex -12.9904 -7.5 0
      vertex -4.46016 -2.57507 0
      vertex -12.2873 -8.60365 0
    endloop
  endfacet
  facet normal 0 0 -1
    outer loop
      vertex -2.17653 4.6676 0
      vertex -6.33927 13.5946 0
      vertex -5.1303 14.0954 0
    endloop
  endfacet
  facet normal -0 0 -1
    outer loop
      vertex -4.46016 -2.57507 0
      vertex -12.9904 -7.5 0
      vertex -4.6676 -2.17653 0
    endloop
  endfacet
  facet normal 0 0 -1
    outer loop
      vertex -2.57507 4.46016 0
      vertex -7.5 12.9904 0
      vertex -6.33927 13.5946 0
    endloop
  endfacet
  facet normal 0 0 -1
    outer loop
      vertex -13.5946 -6.33927 0
      vertex -4.6676 -2.17653 0
      vertex -12.9904 -7.5 0
    endloop
  endfacet
  facet normal 0 0 -1
    outer loop
      vertex -2.95399 4.21873 0
      vertex -8.60365 12.2873 0
      vertex -7.5 12.9904 0
    endloop
  endfacet
  facet normal -0 0 -1
    outer loop
      vertex -4.6676 -2.17653 0
      vertex -13.5946 -6.33927 0
      vertex -4.83954 -1.76144 0
    endloop
  endfacet
  facet normal 0 0 -1
    outer loop
      vertex -3.31044 3.94524 0
      vertex -9.64181 11.4907 0
      vertex -8.60365 12.2873 0
    endloop
  endfacet
  facet normal 0 0 -1
    outer loop
      vertex -14.0954 -5.1303 0
      vertex -4.83954 -1.76144 0
      vertex -13.5946 -6.33927 0
    endloop
  endfacet
  facet normal 0 0 -1
    outer loop
      vertex -3.64169 3.64169 0
      vertex -10.6066 10.6066 0
      vertex -9.64181 11.4907 0
    endloop
  endfacet
  facet normal -0 0 -1
    outer loop
      vertex -4.83954 -1.76144 0
      vertex -14.0954 -5.1303 0
      vertex -4.97464 -1.33295 0
    endloop
  endfacet
  facet normal 0 0 -1
    outer loop
      vertex -3.94524 3.31044 0
      vertex -11.4907 9.64181 0
      vertex -10.6066 10.6066 0
    endloop
  endfacet
  facet normal 0 0 -1
    outer loop
      vertex -14.4889 -3.88229 0
      vertex -4.97464 -1.33295 0
      vertex -14.0954 -5.1303 0
    endloop
  endfacet
  facet normal 0 0 -1
    outer loop
      vertex -4.21873 2.95399 0
      vertex -12.2873 8.60365 0
      vertex -11.4907 9.64181 0
    endloop
  endfacet
  facet normal -0 0 -1
    outer loop
      vertex -4.97464 -1.33295 0
      vertex -14.4889 -3.88229 0
      vertex -5.07188 -0.894318 0
    endloop
  endfacet
  facet normal 0 0 -1
    outer loop
      vertex -4.46016 2.57507 0
      vertex -12.9904 7.5 0
      vertex -12.2873 8.60365 0
    endloop
  endfacet
  facet normal 0 0 -1
    outer loop
      vertex -14.7721 -2.60472 0
      vertex -5.07188 -0.894318 0
      vertex -14.4889 -3.88229 0
    endloop
  endfacet
  facet normal 0 0 -1
    outer loop
      vertex -4.6676 2.17653 0
      vertex -13.5946 6.33927 0
      vertex -12.9904 7.5 0
    endloop
  endfacet
  facet normal -0 0 -1
    outer loop
      vertex -5.07188 -0.894318 0
      vertex -14.7721 -2.60472 0
      vertex -5.13054 -0.448868 0
    endloop
  endfacet
  facet normal 0 0 -1
    outer loop
      vertex -4.83954 1.76144 0
      vertex -14.0954 5.1303 0
      vertex -13.5946 6.33927 0
    endloop
  endfacet
  facet normal 0 0 -1
    outer loop
      vertex -14.9429 -1.30734 0
      vertex -5.13054 -0.448868 0
      vertex -14.7721 -2.60472 0
    endloop
  endfacet
  facet normal 0 0 -1
    outer loop
      vertex -4.97464 1.33295 0
      vertex -14.4889 3.88229 0
      vertex -14.0954 5.1303 0
    endloop
  endfacet
  facet normal -0 0 -1
    outer loop
      vertex -5.13054 -0.448868 0
      vertex -14.9429 -1.30734 0
      vertex -5.15015 0 0
    endloop
  endfacet
  facet normal 0 0 -1
    outer loop
      vertex -5.07188 0.894318 0
      vertex -14.7721 2.60472 0
      vertex -14.4889 3.88229 0
    endloop
  endfacet
  facet normal 0 0 -1
    outer loop
      vertex -15 0 0
      vertex -5.15015 0 0
      vertex -14.9429 -1.30734 0
    endloop
  endfacet
  facet normal 0 0 -1
    outer loop
      vertex -5.13054 0.448868 0
      vertex -14.9429 1.30734 0
      vertex -14.7721 2.60472 0
    endloop
  endfacet
  facet normal 0 0 -1
    outer loop
      vertex -5.15015 0 0
      vertex -15 0 0
      vertex -14.9429 1.30734 0
    endloop
  endfacet
  facet normal -0.300709 0.953716 0
    outer loop
      vertex -3.88229 14.4889 0
      vertex -5.1303 14.0954 1
      vertex -3.88229 14.4889 1
    endloop
  endfacet
  facet normal -0.300709 0.953716 0
    outer loop
      vertex -5.1303 14.0954 1
      vertex -3.88229 14.4889 0
      vertex -5.1303 14.0954 0
    endloop
  endfacet
  facet normal -0.300709 0.953716 0
    outer loop
      vertex -3.88229 14.4889 6.4
      vertex -5.1303 14.0954 8
      vertex -3.88229 14.4889 8
    endloop
  endfacet
  facet normal -0.300709 0.953716 0
    outer loop
      vertex -5.1303 14.0954 8
      vertex -3.88229 14.4889 6.4
      vertex -5.1303 14.0954 6.4
    endloop
  endfacet
  facet normal -0.300709 0.953716 0
    outer loop
      vertex -3.88229 14.4889 3.4
      vertex -5.1303 14.0954 4
      vertex -3.88229 14.4889 4
    endloop
  endfacet
  facet normal -0.300709 0.953716 0
    outer loop
      vertex -5.1303 14.0954 4
      vertex -3.88229 14.4889 3.4
      vertex -5.1303 14.0954 3.4
    endloop
  endfacet
  facet normal 0.737265 0.675604 0
    outer loop
      vertex 11.4907 9.64181 1
      vertex 10.6066 10.6066 0
      vertex 10.6066 10.6066 1
    endloop
  endfacet
  facet normal 0.737265 0.675604 0
    outer loop
      vertex 10.6066 10.6066 0
      vertex 11.4907 9.64181 1
      vertex 11.4907 9.64181 0
    endloop
  endfacet
  facet normal 0.737265 0.675604 0
    outer loop
      vertex 11.4907 9.64181 8
      vertex 10.6066 10.6066 6.4
      vertex 10.6066 10.6066 8
    endloop
  endfacet
  facet normal 0.737265 0.675604 0
    outer loop
      vertex 10.6066 10.6066 6.4
      vertex 11.4907 9.64181 8
      vertex 11.4907 9.64181 6.4
    endloop
  endfacet
  facet normal 0.737265 0.675604 0
    outer loop
      vertex 11.4907 9.64181 4
      vertex 10.6066 10.6066 3.4
      vertex 10.6066 10.6066 4
    endloop
  endfacet
  facet normal 0.737265 0.675604 0
    outer loop
      vertex 10.6066 10.6066 3.4
      vertex 11.4907 9.64181 4
      vertex 11.4907 9.64181 3.4
    endloop
  endfacet
  facet normal -0.953716 -0.300709 0
    outer loop
      vertex -14.0954 -5.1303 6.4
      vertex -14.4889 -3.88229 8
      vertex -14.4889 -3.88229 6.4
    endloop
  endfacet
  facet normal -0.953716 -0.300709 0
    outer loop
      vertex -14.4889 -3.88229 8
      vertex -14.0954 -5.1303 6.4
      vertex -14.0954 -5.1303 8
    endloop
  endfacet
  facet normal -0.953716 -0.300709 0
    outer loop
      vertex -14.0954 -5.1303 0
      vertex -14.4889 -3.88229 1
      vertex -14.4889 -3.88229 0
    endloop
  endfacet
  facet normal -0.953716 -0.300709 0
    outer loop
      vertex -14.4889 -3.88229 1
      vertex -14.0954 -5.1303 0
      vertex -14.0954 -5.1303 1
    endloop
  endfacet
  facet normal -0.953716 -0.300709 0
    outer loop
      vertex -14.0954 -5.1303 3.4
      vertex -14.4889 -3.88229 4
      vertex -14.4889 -3.88229 3.4
    endloop
  endfacet
  facet normal -0.953716 -0.300709 0
    outer loop
      vertex -14.4889 -3.88229 4
      vertex -14.0954 -5.1303 3.4
      vertex -14.0954 -5.1303 4
    endloop
  endfacet
  facet normal -0.793356 -0.608757 0
    outer loop
      vertex -11.4907 -9.64181 6.4
      vertex -12.2873 -8.60365 8
      vertex -12.2873 -8.60365 6.4
    endloop
  endfacet
  facet normal -0.793356 -0.608757 0
    outer loop
      vertex -12.2873 -8.60365 8
      vertex -11.4907 -9.64181 6.4
      vertex -11.4907 -9.64181 8
    endloop
  endfacet
  facet normal -0.793356 -0.608757 0
    outer loop
      vertex -11.4907 -9.64181 0
      vertex -12.2873 -8.60365 1
      vertex -12.2873 -8.60365 0
    endloop
  endfacet
  facet normal -0.793356 -0.608757 0
    outer loop
      vertex -12.2873 -8.60365 1
      vertex -11.4907 -9.64181 0
      vertex -11.4907 -9.64181 1
    endloop
  endfacet
  facet normal -0.793356 -0.608757 0
    outer loop
      vertex -11.4907 -9.64181 3.4
      vertex -12.2873 -8.60365 4
      vertex -12.2873 -8.60365 3.4
    endloop
  endfacet
  facet normal -0.793356 -0.608757 0
    outer loop
      vertex -12.2873 -8.60365 4
      vertex -11.4907 -9.64181 3.4
      vertex -11.4907 -9.64181 4
    endloop
  endfacet
  facet normal -0.0436349 -0.999048 0
    outer loop
      vertex -1.30734 -14.9429 6.4
      vertex 0 -15 8
      vertex -1.30734 -14.9429 8
    endloop
  endfacet
  facet normal -0.0436349 -0.999048 -0
    outer loop
      vertex 0 -15 8
      vertex -1.30734 -14.9429 6.4
      vertex 0 -15 6.4
    endloop
  endfacet
  facet normal -0.0436349 -0.999048 0
    outer loop
      vertex -1.30734 -14.9429 0
      vertex 0 -15 1
      vertex -1.30734 -14.9429 1
    endloop
  endfacet
  facet normal -0.0436349 -0.999048 -0
    outer loop
      vertex 0 -15 1
      vertex -1.30734 -14.9429 0
      vertex 0 -15 0
    endloop
  endfacet
  facet normal -0.0436349 -0.999048 0
    outer loop
      vertex -1.30734 -14.9429 3.4
      vertex 0 -15 4
      vertex -1.30734 -14.9429 4
    endloop
  endfacet
  facet normal -0.0436349 -0.999048 -0
    outer loop
      vertex 0 -15 4
      vertex -1.30734 -14.9429 3.4
      vertex 0 -15 3.4
    endloop
  endfacet
  facet normal -0.461726 -0.887023 0
    outer loop
      vertex -7.5 -12.9904 0
      vertex -6.33927 -13.5946 1
      vertex -7.5 -12.9904 1
    endloop
  endfacet
  facet normal -0.461726 -0.887023 -0
    outer loop
      vertex -6.33927 -13.5946 1
      vertex -7.5 -12.9904 0
      vertex -6.33927 -13.5946 0
    endloop
  endfacet
  facet normal -0.461726 -0.887023 0
    outer loop
      vertex -7.5 -12.9904 6.4
      vertex -6.33927 -13.5946 8
      vertex -7.5 -12.9904 8
    endloop
  endfacet
  facet normal -0.461726 -0.887023 -0
    outer loop
      vertex -6.33927 -13.5946 8
      vertex -7.5 -12.9904 6.4
      vertex -6.33927 -13.5946 6.4
    endloop
  endfacet
  facet normal -0.461726 -0.887023 0
    outer loop
      vertex -7.5 -12.9904 3.4
      vertex -6.33927 -13.5946 4
      vertex -7.5 -12.9904 4
    endloop
  endfacet
  facet normal -0.461726 -0.887023 -0
    outer loop
      vertex -6.33927 -13.5946 4
      vertex -7.5 -12.9904 3.4
      vertex -6.33927 -13.5946 3.4
    endloop
  endfacet
  facet normal -0.608757 -0.793356 0
    outer loop
      vertex -9.64181 -11.4907 6.4
      vertex -8.60365 -12.2873 8
      vertex -9.64181 -11.4907 8
    endloop
  endfacet
  facet normal -0.608757 -0.793356 -0
    outer loop
      vertex -8.60365 -12.2873 8
      vertex -9.64181 -11.4907 6.4
      vertex -8.60365 -12.2873 6.4
    endloop
  endfacet
  facet normal -0.608757 -0.793356 0
    outer loop
      vertex -9.64181 -11.4907 0
      vertex -8.60365 -12.2873 1
      vertex -9.64181 -11.4907 1
    endloop
  endfacet
  facet normal -0.608757 -0.793356 -0
    outer loop
      vertex -8.60365 -12.2873 1
      vertex -9.64181 -11.4907 0
      vertex -8.60365 -12.2873 0
    endloop
  endfacet
  facet normal -0.608757 -0.793356 0
    outer loop
      vertex -9.64181 -11.4907 3.4
      vertex -8.60365 -12.2873 4
      vertex -9.64181 -11.4907 4
    endloop
  endfacet
  facet normal -0.608757 -0.793356 -0
    outer loop
      vertex -8.60365 -12.2873 4
      vertex -9.64181 -11.4907 3.4
      vertex -8.60365 -12.2873 3.4
    endloop
  endfacet
  facet normal -0.130524 -0.991445 0
    outer loop
      vertex -2.60472 -14.7721 6.4
      vertex -1.30734 -14.9429 8
      vertex -2.60472 -14.7721 8
    endloop
  endfacet
  facet normal -0.130524 -0.991445 -0
    outer loop
      vertex -1.30734 -14.9429 8
      vertex -2.60472 -14.7721 6.4
      vertex -1.30734 -14.9429 6.4
    endloop
  endfacet
  facet normal -0.130524 -0.991445 0
    outer loop
      vertex -2.60472 -14.7721 0
      vertex -1.30734 -14.9429 1
      vertex -2.60472 -14.7721 1
    endloop
  endfacet
  facet normal -0.130524 -0.991445 -0
    outer loop
      vertex -1.30734 -14.9429 1
      vertex -2.60472 -14.7721 0
      vertex -1.30734 -14.9429 0
    endloop
  endfacet
  facet normal -0.130524 -0.991445 0
    outer loop
      vertex -2.60472 -14.7721 3.4
      vertex -1.30734 -14.9429 4
      vertex -2.60472 -14.7721 4
    endloop
  endfacet
  facet normal -0.130524 -0.991445 -0
    outer loop
      vertex -1.30734 -14.9429 4
      vertex -2.60472 -14.7721 3.4
      vertex -1.30734 -14.9429 3.4
    endloop
  endfacet
  facet normal 0.382702 -0.923872 0
    outer loop
      vertex 5.1303 -14.0954 0
      vertex 6.33927 -13.5946 1
      vertex 5.1303 -14.0954 1
    endloop
  endfacet
  facet normal 0.382702 -0.923872 0
    outer loop
      vertex 6.33927 -13.5946 1
      vertex 5.1303 -14.0954 0
      vertex 6.33927 -13.5946 0
    endloop
  endfacet
  facet normal 0.382702 -0.923872 0
    outer loop
      vertex 5.1303 -14.0954 6.4
      vertex 6.33927 -13.5946 8
      vertex 5.1303 -14.0954 8
    endloop
  endfacet
  facet normal 0.382702 -0.923872 0
    outer loop
      vertex 6.33927 -13.5946 8
      vertex 5.1303 -14.0954 6.4
      vertex 6.33927 -13.5946 6.4
    endloop
  endfacet
  facet normal 0.382702 -0.923872 0
    outer loop
      vertex 5.1303 -14.0954 3.4
      vertex 6.33927 -13.5946 4
      vertex 5.1303 -14.0954 4
    endloop
  endfacet
  facet normal 0.382702 -0.923872 0
    outer loop
      vertex 6.33927 -13.5946 4
      vertex 5.1303 -14.0954 3.4
      vertex 6.33927 -13.5946 3.4
    endloop
  endfacet
  facet normal 0.923872 -0.382702 0
    outer loop
      vertex 13.5946 -6.33927 8
      vertex 14.0954 -5.1303 6.4
      vertex 14.0954 -5.1303 8
    endloop
  endfacet
  facet normal 0.923872 -0.382702 0
    outer loop
      vertex 14.0954 -5.1303 6.4
      vertex 13.5946 -6.33927 8
      vertex 13.5946 -6.33927 6.4
    endloop
  endfacet
  facet normal 0.923872 -0.382702 0
    outer loop
      vertex 13.5946 -6.33927 1
      vertex 14.0954 -5.1303 0
      vertex 14.0954 -5.1303 1
    endloop
  endfacet
  facet normal 0.923872 -0.382702 0
    outer loop
      vertex 14.0954 -5.1303 0
      vertex 13.5946 -6.33927 1
      vertex 13.5946 -6.33927 0
    endloop
  endfacet
  facet normal 0.923872 -0.382702 0
    outer loop
      vertex 13.5946 -6.33927 4
      vertex 14.0954 -5.1303 3.4
      vertex 14.0954 -5.1303 4
    endloop
  endfacet
  facet normal 0.923872 -0.382702 0
    outer loop
      vertex 14.0954 -5.1303 3.4
      vertex 13.5946 -6.33927 4
      vertex 13.5946 -6.33927 3.4
    endloop
  endfacet
  facet normal -0.923872 0.382702 0
    outer loop
      vertex -14.0954 5.1303 6.4
      vertex -13.5946 6.33927 8
      vertex -13.5946 6.33927 6.4
    endloop
  endfacet
  facet normal -0.923872 0.382702 0
    outer loop
      vertex -13.5946 6.33927 8
      vertex -14.0954 5.1303 6.4
      vertex -14.0954 5.1303 8
    endloop
  endfacet
  facet normal -0.923872 0.382702 0
    outer loop
      vertex -14.0954 5.1303 0
      vertex -13.5946 6.33927 1
      vertex -13.5946 6.33927 0
    endloop
  endfacet
  facet normal -0.923872 0.382702 0
    outer loop
      vertex -13.5946 6.33927 1
      vertex -14.0954 5.1303 0
      vertex -14.0954 5.1303 1
    endloop
  endfacet
  facet normal -0.923872 0.382702 0
    outer loop
      vertex -14.0954 5.1303 3.4
      vertex -13.5946 6.33927 4
      vertex -13.5946 6.33927 3.4
    endloop
  endfacet
  facet normal -0.923872 0.382702 0
    outer loop
      vertex -13.5946 6.33927 4
      vertex -14.0954 5.1303 3.4
      vertex -14.0954 5.1303 4
    endloop
  endfacet
  facet normal 0.300709 0.953716 -0
    outer loop
      vertex 5.1303 14.0954 0
      vertex 3.88229 14.4889 1
      vertex 5.1303 14.0954 1
    endloop
  endfacet
  facet normal 0.300709 0.953716 0
    outer loop
      vertex 3.88229 14.4889 1
      vertex 5.1303 14.0954 0
      vertex 3.88229 14.4889 0
    endloop
  endfacet
  facet normal 0.300709 0.953716 -0
    outer loop
      vertex 5.1303 14.0954 6.4
      vertex 3.88229 14.4889 8
      vertex 5.1303 14.0954 8
    endloop
  endfacet
  facet normal 0.300709 0.953716 0
    outer loop
      vertex 3.88229 14.4889 8
      vertex 5.1303 14.0954 6.4
      vertex 3.88229 14.4889 6.4
    endloop
  endfacet
  facet normal 0.300709 0.953716 -0
    outer loop
      vertex 5.1303 14.0954 3.4
      vertex 3.88229 14.4889 4
      vertex 5.1303 14.0954 4
    endloop
  endfacet
  facet normal 0.300709 0.953716 0
    outer loop
      vertex 3.88229 14.4889 4
      vertex 5.1303 14.0954 3.4
      vertex 3.88229 14.4889 3.4
    endloop
  endfacet
  facet normal -0.0436349 0.999048 0
    outer loop
      vertex 0 15 6.4
      vertex -1.30734 14.9429 8
      vertex 0 15 8
    endloop
  endfacet
  facet normal -0.0436349 0.999048 0
    outer loop
      vertex -1.30734 14.9429 8
      vertex 0 15 6.4
      vertex -1.30734 14.9429 6.4
    endloop
  endfacet
  facet normal -0.0436349 0.999048 0
    outer loop
      vertex 0 15 0
      vertex -1.30734 14.9429 1
      vertex 0 15 1
    endloop
  endfacet
  facet normal -0.0436349 0.999048 0
    outer loop
      vertex -1.30734 14.9429 1
      vertex 0 15 0
      vertex -1.30734 14.9429 0
    endloop
  endfacet
  facet normal -0.0436349 0.999048 0
    outer loop
      vertex 0 15 3.4
      vertex -1.30734 14.9429 4
      vertex 0 15 4
    endloop
  endfacet
  facet normal -0.0436349 0.999048 0
    outer loop
      vertex -1.30734 14.9429 4
      vertex 0 15 3.4
      vertex -1.30734 14.9429 3.4
    endloop
  endfacet
  facet normal 0.793356 0.608757 0
    outer loop
      vertex 12.2873 8.60365 1
      vertex 11.4907 9.64181 0
      vertex 11.4907 9.64181 1
    endloop
  endfacet
  facet normal 0.793356 0.608757 0
    outer loop
      vertex 11.4907 9.64181 0
      vertex 12.2873 8.60365 1
      vertex 12.2873 8.60365 0
    endloop
  endfacet
  facet normal 0.793356 0.608757 0
    outer loop
      vertex 12.2873 8.60365 8
      vertex 11.4907 9.64181 6.4
      vertex 11.4907 9.64181 8
    endloop
  endfacet
  facet normal 0.793356 0.608757 0
    outer loop
      vertex 11.4907 9.64181 6.4
      vertex 12.2873 8.60365 8
      vertex 12.2873 8.60365 6.4
    endloop
  endfacet
  facet normal 0.793356 0.608757 0
    outer loop
      vertex 12.2873 8.60365 4
      vertex 11.4907 9.64181 3.4
      vertex 11.4907 9.64181 4
    endloop
  endfacet
  facet normal 0.793356 0.608757 0
    outer loop
      vertex 11.4907 9.64181 3.4
      vertex 12.2873 8.60365 4
      vertex 12.2873 8.60365 3.4
    endloop
  endfacet
  facet normal 0 0 1
    outer loop
      vertex 7 0 8
      vertex 15 0 8
      vertex 14.9429 1.30734 8
    endloop
  endfacet
  facet normal 0 0 1
    outer loop
      vertex 6.97336 0.610089 8
      vertex 14.9429 1.30734 8
      vertex 14.7721 2.60472 8
    endloop
  endfacet
  facet normal 0 0 1
    outer loop
      vertex 15 0 8
      vertex 7 0 8
      vertex 14.9429 -1.30734 8
    endloop
  endfacet
  facet normal 0 0 1
    outer loop
      vertex 6.89365 1.21554 8
      vertex 14.7721 2.60472 8
      vertex 14.4889 3.88229 8
    endloop
  endfacet
  facet normal -0 0 1
    outer loop
      vertex 6.97336 -0.610089 8
      vertex 14.9429 -1.30734 8
      vertex 7 0 8
    endloop
  endfacet
  facet normal 0 0 1
    outer loop
      vertex 6.76148 1.81173 8
      vertex 14.4889 3.88229 8
      vertex 14.0954 5.1303 8
    endloop
  endfacet
  facet normal 0 0 1
    outer loop
      vertex 14.9429 -1.30734 8
      vertex 6.97336 -0.610089 8
      vertex 14.7721 -2.60472 8
    endloop
  endfacet
  facet normal 0 0 1
    outer loop
      vertex 6.57785 2.39414 8
      vertex 14.0954 5.1303 8
      vertex 13.5946 6.33927 8
    endloop
  endfacet
  facet normal -0 0 1
    outer loop
      vertex 6.89365 -1.21554 8
      vertex 14.7721 -2.60472 8
      vertex 6.97336 -0.610089 8
    endloop
  endfacet
  facet normal 0 0 1
    outer loop
      vertex 6.34415 2.95833 8
      vertex 13.5946 6.33927 8
      vertex 12.9904 7.5 8
    endloop
  endfacet
  facet normal 0 0 1
    outer loop
      vertex 14.7721 -2.60472 8
      vertex 6.89365 -1.21554 8
      vertex 14.4889 -3.88229 8
    endloop
  endfacet
  facet normal 0 0 1
    outer loop
      vertex 6.06218 3.5 8
      vertex 12.9904 7.5 8
      vertex 12.2873 8.60365 8
    endloop
  endfacet
  facet normal -0 0 1
    outer loop
      vertex 6.76148 -1.81173 8
      vertex 14.4889 -3.88229 8
      vertex 6.89365 -1.21554 8
    endloop
  endfacet
  facet normal 0 0 1
    outer loop
      vertex 5.73406 4.01503 8
      vertex 12.2873 8.60365 8
      vertex 11.4907 9.64181 8
    endloop
  endfacet
  facet normal 0 0 1
    outer loop
      vertex 14.4889 -3.88229 8
      vertex 6.76148 -1.81173 8
      vertex 14.0954 -5.1303 8
    endloop
  endfacet
  facet normal 0 0 1
    outer loop
      vertex 5.36231 4.49951 8
      vertex 11.4907 9.64181 8
      vertex 10.6066 10.6066 8
    endloop
  endfacet
  facet normal -0 0 1
    outer loop
      vertex 6.57785 -2.39414 8
      vertex 14.0954 -5.1303 8
      vertex 6.76148 -1.81173 8
    endloop
  endfacet
  facet normal 0 0 1
    outer loop
      vertex 4.94975 4.94975 8
      vertex 10.6066 10.6066 8
      vertex 9.64181 11.4907 8
    endloop
  endfacet
  facet normal 0 0 1
    outer loop
      vertex 14.0954 -5.1303 8
      vertex 6.57785 -2.39414 8
      vertex 13.5946 -6.33927 8
    endloop
  endfacet
  facet normal 0 0 1
    outer loop
      vertex 4.49951 5.36231 8
      vertex 9.64181 11.4907 8
      vertex 8.60365 12.2873 8
    endloop
  endfacet
  facet normal -0 0 1
    outer loop
      vertex 6.34415 -2.95833 8
      vertex 13.5946 -6.33927 8
      vertex 6.57785 -2.39414 8
    endloop
  endfacet
  facet normal 0 0 1
    outer loop
      vertex 4.01503 5.73406 8
      vertex 8.60365 12.2873 8
      vertex 7.5 12.9904 8
    endloop
  endfacet
  facet normal 0 0 1
    outer loop
      vertex 13.5946 -6.33927 8
      vertex 6.34415 -2.95833 8
      vertex 12.9904 -7.5 8
    endloop
  endfacet
  facet normal -0 0 1
    outer loop
      vertex 6.06218 -3.5 8
      vertex 12.9904 -7.5 8
      vertex 6.34415 -2.95833 8
    endloop
  endfacet
  facet normal 0 0 1
    outer loop
      vertex 14.9429 1.30734 8
      vertex 6.97336 0.610089 8
      vertex 7 0 8
    endloop
  endfacet
  facet normal 0 0 1
    outer loop
      vertex 14.7721 2.60472 8
      vertex 6.89365 1.21554 8
      vertex 6.97336 0.610089 8
    endloop
  endfacet
  facet normal 0 0 1
    outer loop
      vertex 14.4889 3.88229 8
      vertex 6.76148 1.81173 8
      vertex 6.89365 1.21554 8
    endloop
  endfacet
  facet normal 0 0 1
    outer loop
      vertex 14.0954 5.1303 8
      vertex 6.57785 2.39414 8
      vertex 6.76148 1.81173 8
    endloop
  endfacet
  facet normal 0 0 1
    outer loop
      vertex 13.5946 6.33927 8
      vertex 6.34415 2.95833 8
      vertex 6.57785 2.39414 8
    endloop
  endfacet
  facet normal 0 0 1
    outer loop
      vertex 3.5 6.06218 8
      vertex 7.5 12.9904 8
      vertex 6.33927 13.5946 8
    endloop
  endfacet
  facet normal 0 0 1
    outer loop
      vertex 12.9904 7.5 8
      vertex 6.06218 3.5 8
      vertex 6.34415 2.95833 8
    endloop
  endfacet
  facet normal 0 0 1
    outer loop
      vertex 12.2873 8.60365 8
      vertex 5.73406 4.01503 8
      vertex 6.06218 3.5 8
    endloop
  endfacet
  facet normal 0 0 1
    outer loop
      vertex 11.4907 9.64181 8
      vertex 5.36231 4.49951 8
      vertex 5.73406 4.01503 8
    endloop
  endfacet
  facet normal 0 0 1
    outer loop
      vertex 0.996194 10.9128 8
      vertex 6.33927 13.5946 8
      vertex 5.1303 14.0954 8
    endloop
  endfacet
  facet normal 0 0 1
    outer loop
      vertex 10.6066 10.6066 8
      vertex 4.94975 4.94975 8
      vertex 5.36231 4.49951 8
    endloop
  endfacet
  facet normal 0 0 1
    outer loop
      vertex 9.64181 11.4907 8
      vertex 4.49951 5.36231 8
      vertex 4.94975 4.94975 8
    endloop
  endfacet
  facet normal 0 0 1
    outer loop
      vertex 8.60365 12.2873 8
      vertex 4.01503 5.73406 8
      vertex 4.49951 5.36231 8
    endloop
  endfacet
  facet normal 0 0 1
    outer loop
      vertex 0.984807 11.1736 8
      vertex 5.1303 14.0954 8
      vertex 3.88229 14.4889 8
    endloop
  endfacet
  facet normal 0 0 1
    outer loop
      vertex 7.5 12.9904 8
      vertex 3.5 6.06218 8
      vertex 4.01503 5.73406 8
    endloop
  endfacet
  facet normal 0 0 1
    outer loop
      vertex 0.965925 10.7412 8
      vertex 6.33927 13.5946 8
      vertex 0.984807 10.8264 8
    endloop
  endfacet
  facet normal 0 0 1
    outer loop
      vertex 0.866025 11.5 8
      vertex 3.88229 14.4889 8
      vertex 2.60472 14.7721 8
    endloop
  endfacet
  facet normal 0 0 1
    outer loop
      vertex 6.33927 13.5946 8
      vertex 0.996194 10.9128 8
      vertex 0.984807 10.8264 8
    endloop
  endfacet
  facet normal 0 0 1
    outer loop
      vertex 6.33927 13.5946 8
      vertex 2.95833 6.34415 8
      vertex 3.5 6.06218 8
    endloop
  endfacet
  facet normal 0 0 1
    outer loop
      vertex 0.642787 11.766 8
      vertex 2.60472 14.7721 8
      vertex 1.30734 14.9429 8
    endloop
  endfacet
  facet normal 0 0 1
    outer loop
      vertex 5.1303 14.0954 8
      vertex 1 11 8
      vertex 0.996194 10.9128 8
    endloop
  endfacet
  facet normal 0 0 1
    outer loop
      vertex 6.33927 13.5946 8
      vertex 0.965925 10.7412 8
      vertex 2.95833 6.34415 8
    endloop
  endfacet
  facet normal 0 0 1
    outer loop
      vertex 5.1303 14.0954 8
      vertex 0.996194 11.0872 8
      vertex 1 11 8
    endloop
  endfacet
  facet normal 0 0 1
    outer loop
      vertex 5.1303 14.0954 8
      vertex 0.984807 11.1736 8
      vertex 0.996194 11.0872 8
    endloop
  endfacet
  facet normal 0 0 1
    outer loop
      vertex 3.88229 14.4889 8
      vertex 0.965925 11.2588 8
      vertex 0.984807 11.1736 8
    endloop
  endfacet
  facet normal 0 0 1
    outer loop
      vertex 3.88229 14.4889 8
      vertex 0.939692 11.342 8
      vertex 0.965925 11.2588 8
    endloop
  endfacet
  facet normal 0 0 1
    outer loop
      vertex 3.88229 14.4889 8
      vertex 0.906307 11.4226 8
      vertex 0.939692 11.342 8
    endloop
  endfacet
  facet normal 0 0 1
    outer loop
      vertex 3.88229 14.4889 8
      vertex 0.866025 11.5 8
      vertex 0.906307 11.4226 8
    endloop
  endfacet
  facet normal 0 0 1
    outer loop
      vertex 2.60472 14.7721 8
      vertex 0.819152 11.5736 8
      vertex 0.866025 11.5 8
    endloop
  endfacet
  facet normal 0 0 1
    outer loop
      vertex 2.60472 14.7721 8
      vertex 0.766044 11.6428 8
      vertex 0.819152 11.5736 8
    endloop
  endfacet
  facet normal 0 0 1
    outer loop
      vertex 2.60472 14.7721 8
      vertex 0.707107 11.7071 8
      vertex 0.766044 11.6428 8
    endloop
  endfacet
  facet normal 0 0 1
    outer loop
      vertex 2.60472 14.7721 8
      vertex 0.642787 11.766 8
      vertex 0.707107 11.7071 8
    endloop
  endfacet
  facet normal 0 0 1
    outer loop
      vertex 1.30734 14.9429 8
      vertex 0.573576 11.8192 8
      vertex 0.642787 11.766 8
    endloop
  endfacet
  facet normal 0 0 1
    outer loop
      vertex 1.30734 14.9429 8
      vertex 0.5 11.866 8
      vertex 0.573576 11.8192 8
    endloop
  endfacet
  facet normal 0 0 1
    outer loop
      vertex 1.30734 14.9429 8
      vertex 0.422618 11.9063 8
      vertex 0.5 11.866 8
    endloop
  endfacet
  facet normal 0 0 1
    outer loop
      vertex 1.30734 14.9429 8
      vertex 0.34202 11.9397 8
      vertex 0.422618 11.9063 8
    endloop
  endfacet
  facet normal 0 0 1
    outer loop
      vertex 1.30734 14.9429 8
      vertex 0.258819 11.9659 8
      vertex 0.34202 11.9397 8
    endloop
  endfacet
  facet normal 0 0 1
    outer loop
      vertex 0 15 8
      vertex 0.258819 11.9659 8
      vertex 1.30734 14.9429 8
    endloop
  endfacet
  facet normal 0 0 1
    outer loop
      vertex 0.258819 11.9659 8
      vertex 0 15 8
      vertex 0.173648 11.9848 8
    endloop
  endfacet
  facet normal 0 0 1
    outer loop
      vertex 0.173648 11.9848 8
      vertex 0 15 8
      vertex 0.0871553 11.9962 8
    endloop
  endfacet
  facet normal 0 0 1
    outer loop
      vertex 0 15 8
      vertex 0 12 8
      vertex 0.0871553 11.9962 8
    endloop
  endfacet
  facet normal 0 0 1
    outer loop
      vertex 0 15 8
      vertex -0.0871553 11.9962 8
      vertex 0 12 8
    endloop
  endfacet
  facet normal 0 0 1
    outer loop
      vertex 0 15 8
      vertex -0.173648 11.9848 8
      vertex -0.0871553 11.9962 8
    endloop
  endfacet
  facet normal 0 0 1
    outer loop
      vertex 0 15 8
      vertex -0.258819 11.9659 8
      vertex -0.173648 11.9848 8
    endloop
  endfacet
  facet normal -0 0 1
    outer loop
      vertex -1.30734 14.9429 8
      vertex -0.258819 11.9659 8
      vertex 0 15 8
    endloop
  endfacet
  facet normal 0 0 1
    outer loop
      vertex -0.258819 11.9659 8
      vertex -1.30734 14.9429 8
      vertex -0.34202 11.9397 8
    endloop
  endfacet
  facet normal 0 0 1
    outer loop
      vertex -0.34202 11.9397 8
      vertex -1.30734 14.9429 8
      vertex -0.422618 11.9063 8
    endloop
  endfacet
  facet normal 0 0 1
    outer loop
      vertex -0.422618 11.9063 8
      vertex -1.30734 14.9429 8
      vertex -0.5 11.866 8
    endloop
  endfacet
  facet normal 0 0 1
    outer loop
      vertex -0.5 11.866 8
      vertex -1.30734 14.9429 8
      vertex -0.573576 11.8192 8
    endloop
  endfacet
  facet normal 0 0 1
    outer loop
      vertex -0.573576 11.8192 8
      vertex -1.30734 14.9429 8
      vertex -0.642787 11.766 8
    endloop
  endfacet
  facet normal -0 0 1
    outer loop
      vertex -2.60472 14.7721 8
      vertex -0.642787 11.766 8
      vertex -1.30734 14.9429 8
    endloop
  endfacet
  facet normal 0 0 1
    outer loop
      vertex -0.642787 11.766 8
      vertex -2.60472 14.7721 8
      vertex -0.707107 11.7071 8
    endloop
  endfacet
  facet normal 0 0 1
    outer loop
      vertex -0.707107 11.7071 8
      vertex -2.60472 14.7721 8
      vertex -0.766044 11.6428 8
    endloop
  endfacet
  facet normal 0 0 1
    outer loop
      vertex -0.766044 11.6428 8
      vertex -2.60472 14.7721 8
      vertex -0.819152 11.5736 8
    endloop
  endfacet
  facet normal 0 0 1
    outer loop
      vertex -0.819152 11.5736 8
      vertex -2.60472 14.7721 8
      vertex -0.866025 11.5 8
    endloop
  endfacet
  facet normal -0 0 1
    outer loop
      vertex -3.88229 14.4889 8
      vertex -0.866025 11.5 8
      vertex -2.60472 14.7721 8
    endloop
  endfacet
  facet normal 0 0 1
    outer loop
      vertex -5.1303 14.0954 8
      vertex -1 11 8
      vertex -0.996194 11.0872 8
    endloop
  endfacet
  facet normal 0 0 1
    outer loop
      vertex -0.866025 11.5 8
      vertex -3.88229 14.4889 8
      vertex -0.906307 11.4226 8
    endloop
  endfacet
  facet normal 0 0 1
    outer loop
      vertex -0.906307 11.4226 8
      vertex -3.88229 14.4889 8
      vertex -0.939692 11.342 8
    endloop
  endfacet
  facet normal 0 0 1
    outer loop
      vertex -0.939692 11.342 8
      vertex -3.88229 14.4889 8
      vertex -0.965925 11.2588 8
    endloop
  endfacet
  facet normal 0 0 1
    outer loop
      vertex -0.965925 11.2588 8
      vertex -3.88229 14.4889 8
      vertex -0.984807 11.1736 8
    endloop
  endfacet
  facet normal -0 0 1
    outer loop
      vertex -5.1303 14.0954 8
      vertex -0.984807 11.1736 8
      vertex -3.88229 14.4889 8
    endloop
  endfacet
  facet normal 0 0 1
    outer loop
      vertex -1 11 8
      vertex -1.81173 6.76148 8
      vertex -1.21554 6.89365 8
    endloop
  endfacet
  facet normal 0 0 1
    outer loop
      vertex -0.984807 11.1736 8
      vertex -5.1303 14.0954 8
      vertex -0.996194 11.0872 8
    endloop
  endfacet
  facet normal 0 0 1
    outer loop
      vertex -1 11 8
      vertex -2.39414 6.57785 8
      vertex -1.81173 6.76148 8
    endloop
  endfacet
  facet normal 0 0 1
    outer loop
      vertex -1 11 8
      vertex -5.1303 14.0954 8
      vertex -6.33927 13.5946 8
    endloop
  endfacet
  facet normal 0 0 1
    outer loop
      vertex -1 11 8
      vertex -2.95833 6.34415 8
      vertex -2.39414 6.57785 8
    endloop
  endfacet
  facet normal 0 0 1
    outer loop
      vertex -1 11 8
      vertex -6.33927 13.5946 8
      vertex -2.95833 6.34415 8
    endloop
  endfacet
  facet normal 0 0 1
    outer loop
      vertex -2.95833 6.34415 8
      vertex -6.33927 13.5946 8
      vertex -3.5 6.06218 8
    endloop
  endfacet
  facet normal -0 0 1
    outer loop
      vertex -7.5 12.9904 8
      vertex -3.5 6.06218 8
      vertex -6.33927 13.5946 8
    endloop
  endfacet
  facet normal 0 0 1
    outer loop
      vertex -3.5 6.06218 8
      vertex -7.5 12.9904 8
      vertex -4.01503 5.73406 8
    endloop
  endfacet
  facet normal -0 0 1
    outer loop
      vertex -8.60365 12.2873 8
      vertex -4.01503 5.73406 8
      vertex -7.5 12.9904 8
    endloop
  endfacet
  facet normal 0 0 1
    outer loop
      vertex -4.01503 5.73406 8
      vertex -8.60365 12.2873 8
      vertex -4.49951 5.36231 8
    endloop
  endfacet
  facet normal -0 0 1
    outer loop
      vertex -9.64181 11.4907 8
      vertex -4.49951 5.36231 8
      vertex -8.60365 12.2873 8
    endloop
  endfacet
  facet normal 0 0 1
    outer loop
      vertex -4.49951 5.36231 8
      vertex -9.64181 11.4907 8
      vertex -4.94975 4.94975 8
    endloop
  endfacet
  facet normal -0 0 1
    outer loop
      vertex -10.6066 10.6066 8
      vertex -4.94975 4.94975 8
      vertex -9.64181 11.4907 8
    endloop
  endfacet
  facet normal 0 0 1
    outer loop
      vertex -4.94975 4.94975 8
      vertex -10.6066 10.6066 8
      vertex -5.36231 4.49951 8
    endloop
  endfacet
  facet normal -0 0 1
    outer loop
      vertex -11.4907 9.64181 8
      vertex -5.36231 4.49951 8
      vertex -10.6066 10.6066 8
    endloop
  endfacet
  facet normal 0 0 1
    outer loop
      vertex -5.36231 4.49951 8
      vertex -11.4907 9.64181 8
      vertex -5.73406 4.01503 8
    endloop
  endfacet
  facet normal -0 0 1
    outer loop
      vertex -12.2873 8.60365 8
      vertex -5.73406 4.01503 8
      vertex -11.4907 9.64181 8
    endloop
  endfacet
  facet normal -0 0 1
    outer loop
      vertex -12.9904 7.5 8
      vertex -6.06218 3.5 8
      vertex -12.2873 8.60365 8
    endloop
  endfacet
  facet normal 0 0 1
    outer loop
      vertex -5.73406 4.01503 8
      vertex -12.2873 8.60365 8
      vertex -6.06218 3.5 8
    endloop
  endfacet
  facet normal 0 0 1
    outer loop
      vertex 12.9904 -7.5 8
      vertex 6.06218 -3.5 8
      vertex 12.2873 -8.60365 8
    endloop
  endfacet
  facet normal -0 0 1
    outer loop
      vertex 5.73406 -4.01503 8
      vertex 12.2873 -8.60365 8
      vertex 6.06218 -3.5 8
    endloop
  endfacet
  facet normal 0 0 1
    outer loop
      vertex 12.2873 -8.60365 8
      vertex 5.73406 -4.01503 8
      vertex 11.4907 -9.64181 8
    endloop
  endfacet
  facet normal -0 0 1
    outer loop
      vertex 5.36231 -4.49951 8
      vertex 11.4907 -9.64181 8
      vertex 5.73406 -4.01503 8
    endloop
  endfacet
  facet normal 0 0 1
    outer loop
      vertex 11.4907 -9.64181 8
      vertex 5.36231 -4.49951 8
      vertex 10.6066 -10.6066 8
    endloop
  endfacet
  facet normal -0 0 1
    outer loop
      vertex 4.94975 -4.94975 8
      vertex 10.6066 -10.6066 8
      vertex 5.36231 -4.49951 8
    endloop
  endfacet
  facet normal 0 0 1
    outer loop
      vertex 10.6066 -10.6066 8
      vertex 4.94975 -4.94975 8
      vertex 9.64181 -11.4907 8
    endloop
  endfacet
  facet normal -0 0 1
    outer loop
      vertex 4.49951 -5.36231 8
      vertex 9.64181 -11.4907 8
      vertex 4.94975 -4.94975 8
    endloop
  endfacet
  facet normal 0 0 1
    outer loop
      vertex 9.64181 -11.4907 8
      vertex 4.49951 -5.36231 8
      vertex 8.60365 -12.2873 8
    endloop
  endfacet
  facet normal -0 0 1
    outer loop
      vertex 4.01503 -5.73406 8
      vertex 8.60365 -12.2873 8
      vertex 4.49951 -5.36231 8
    endloop
  endfacet
  facet normal 0 0 1
    outer loop
      vertex 8.60365 -12.2873 8
      vertex 4.01503 -5.73406 8
      vertex 7.5 -12.9904 8
    endloop
  endfacet
  facet normal -0 0 1
    outer loop
      vertex 3.5 -6.06218 8
      vertex 7.5 -12.9904 8
      vertex 4.01503 -5.73406 8
    endloop
  endfacet
  facet normal 0 0 1
    outer loop
      vertex 7.5 -12.9904 8
      vertex 3.5 -6.06218 8
      vertex 6.33927 -13.5946 8
    endloop
  endfacet
  facet normal -0 0 1
    outer loop
      vertex 2.95833 -6.34415 8
      vertex 6.33927 -13.5946 8
      vertex 3.5 -6.06218 8
    endloop
  endfacet
  facet normal 0 0 1
    outer loop
      vertex 6.33927 -13.5946 8
      vertex 2.95833 -6.34415 8
      vertex 5.1303 -14.0954 8
    endloop
  endfacet
  facet normal -0 0 1
    outer loop
      vertex 2.39414 -6.57785 8
      vertex 5.1303 -14.0954 8
      vertex 2.95833 -6.34415 8
    endloop
  endfacet
  facet normal 0 0 1
    outer loop
      vertex 5.1303 -14.0954 8
      vertex 2.39414 -6.57785 8
      vertex 3.88229 -14.4889 8
    endloop
  endfacet
  facet normal -0 0 1
    outer loop
      vertex 1.81173 -6.76148 8
      vertex 3.88229 -14.4889 8
      vertex 2.39414 -6.57785 8
    endloop
  endfacet
  facet normal 0 0 1
    outer loop
      vertex 3.88229 -14.4889 8
      vertex 1.81173 -6.76148 8
      vertex 2.60472 -14.7721 8
    endloop
  endfacet
  facet normal -0 0 1
    outer loop
      vertex 1.21554 -6.89365 8
      vertex 2.60472 -14.7721 8
      vertex 1.81173 -6.76148 8
    endloop
  endfacet
  facet normal 0 0 1
    outer loop
      vertex 2.60472 -14.7721 8
      vertex 1.21554 -6.89365 8
      vertex 1.30734 -14.9429 8
    endloop
  endfacet
  facet normal -0 0 1
    outer loop
      vertex 0.610089 -6.97336 8
      vertex 1.30734 -14.9429 8
      vertex 1.21554 -6.89365 8
    endloop
  endfacet
  facet normal -0 0 1
    outer loop
      vertex 0 -7 8
      vertex 1.30734 -14.9429 8
      vertex 0.610089 -6.97336 8
    endloop
  endfacet
  facet normal 0 0 1
    outer loop
      vertex 0 -7 8
      vertex 0 -15 8
      vertex 1.30734 -14.9429 8
    endloop
  endfacet
  facet normal 0 0 1
    outer loop
      vertex -0.610089 -6.97336 8
      vertex 0 -15 8
      vertex 0 -7 8
    endloop
  endfacet
  facet normal 0 0 1
    outer loop
      vertex -1.30734 -14.9429 8
      vertex -0.610089 -6.97336 8
      vertex -1.21554 -6.89365 8
    endloop
  endfacet
  facet normal 0 0 1
    outer loop
      vertex -0.610089 -6.97336 8
      vertex -1.30734 -14.9429 8
      vertex 0 -15 8
    endloop
  endfacet
  facet normal 0 0 1
    outer loop
      vertex -2.60472 -14.7721 8
      vertex -1.21554 -6.89365 8
      vertex -1.81173 -6.76148 8
    endloop
  endfacet
  facet normal 0 0 1
    outer loop
      vertex -3.88229 -14.4889 8
      vertex -1.81173 -6.76148 8
      vertex -2.39414 -6.57785 8
    endloop
  endfacet
  facet normal 0 0 1
    outer loop
      vertex -1.21554 -6.89365 8
      vertex -2.60472 -14.7721 8
      vertex -1.30734 -14.9429 8
    endloop
  endfacet
  facet normal 0 0 1
    outer loop
      vertex -5.1303 -14.0954 8
      vertex -2.39414 -6.57785 8
      vertex -2.95833 -6.34415 8
    endloop
  endfacet
  facet normal 0 0 1
    outer loop
      vertex -6.33927 -13.5946 8
      vertex -2.95833 -6.34415 8
      vertex -3.5 -6.06218 8
    endloop
  endfacet
  facet normal 0 0 1
    outer loop
      vertex -1.81173 -6.76148 8
      vertex -3.88229 -14.4889 8
      vertex -2.60472 -14.7721 8
    endloop
  endfacet
  facet normal 0 0 1
    outer loop
      vertex -7.5 -12.9904 8
      vertex -3.5 -6.06218 8
      vertex -4.01503 -5.73406 8
    endloop
  endfacet
  facet normal 0 0 1
    outer loop
      vertex -8.60365 -12.2873 8
      vertex -4.01503 -5.73406 8
      vertex -4.49951 -5.36231 8
    endloop
  endfacet
  facet normal 0 0 1
    outer loop
      vertex -9.64181 -11.4907 8
      vertex -4.49951 -5.36231 8
      vertex -4.94975 -4.94975 8
    endloop
  endfacet
  facet normal 0 0 1
    outer loop
      vertex -2.39414 -6.57785 8
      vertex -5.1303 -14.0954 8
      vertex -3.88229 -14.4889 8
    endloop
  endfacet
  facet normal 0 0 1
    outer loop
      vertex -10.6066 -10.6066 8
      vertex -4.94975 -4.94975 8
      vertex -5.36231 -4.49951 8
    endloop
  endfacet
  facet normal 0 0 1
    outer loop
      vertex -11.4907 -9.64181 8
      vertex -5.36231 -4.49951 8
      vertex -5.73406 -4.01503 8
    endloop
  endfacet
  facet normal 0 0 1
    outer loop
      vertex -12.2873 -8.60365 8
      vertex -5.73406 -4.01503 8
      vertex -6.06218 -3.5 8
    endloop
  endfacet
  facet normal 0 0 1
    outer loop
      vertex -2.95833 -6.34415 8
      vertex -6.33927 -13.5946 8
      vertex -5.1303 -14.0954 8
    endloop
  endfacet
  facet normal 0 0 1
    outer loop
      vertex -12.9904 -7.5 8
      vertex -6.06218 -3.5 8
      vertex -6.34415 -2.95833 8
    endloop
  endfacet
  facet normal 0 0 1
    outer loop
      vertex -13.5946 -6.33927 8
      vertex -6.34415 -2.95833 8
      vertex -6.57785 -2.39414 8
    endloop
  endfacet
  facet normal 0 0 1
    outer loop
      vertex -14.0954 -5.1303 8
      vertex -6.57785 -2.39414 8
      vertex -6.76148 -1.81173 8
    endloop
  endfacet
  facet normal 0 0 1
    outer loop
      vertex -14.4889 -3.88229 8
      vertex -6.76148 -1.81173 8
      vertex -6.89365 -1.21554 8
    endloop
  endfacet
  facet normal 0 0 1
    outer loop
      vertex -14.7721 -2.60472 8
      vertex -6.89365 -1.21554 8
      vertex -6.97336 -0.610089 8
    endloop
  endfacet
  facet normal 0 0 1
    outer loop
      vertex -3.5 -6.06218 8
      vertex -7.5 -12.9904 8
      vertex -6.33927 -13.5946 8
    endloop
  endfacet
  facet normal 0 0 1
    outer loop
      vertex -14.9429 -1.30734 8
      vertex -6.97336 -0.610089 8
      vertex -7 0 8
    endloop
  endfacet
  facet normal 0 0 1
    outer loop
      vertex -6.06218 3.5 8
      vertex -12.9904 7.5 8
      vertex -6.34415 2.95833 8
    endloop
  endfacet
  facet normal -0 0 1
    outer loop
      vertex -13.5946 6.33927 8
      vertex -6.34415 2.95833 8
      vertex -12.9904 7.5 8
    endloop
  endfacet
  facet normal 0 0 1
    outer loop
      vertex -4.01503 -5.73406 8
      vertex -8.60365 -12.2873 8
      vertex -7.5 -12.9904 8
    endloop
  endfacet
  facet normal 0 0 1
    outer loop
      vertex -6.34415 2.95833 8
      vertex -13.5946 6.33927 8
      vertex -6.57785 2.39414 8
    endloop
  endfacet
  facet normal 0 0 1
    outer loop
      vertex -4.49951 -5.36231 8
      vertex -9.64181 -11.4907 8
      vertex -8.60365 -12.2873 8
    endloop
  endfacet
  facet normal -0 0 1
    outer loop
      vertex -14.0954 5.1303 8
      vertex -6.57785 2.39414 8
      vertex -13.5946 6.33927 8
    endloop
  endfacet
  facet normal 0 0 1
    outer loop
      vertex -4.94975 -4.94975 8
      vertex -10.6066 -10.6066 8
      vertex -9.64181 -11.4907 8
    endloop
  endfacet
  facet normal 0 0 1
    outer loop
      vertex -6.57785 2.39414 8
      vertex -14.0954 5.1303 8
      vertex -6.76148 1.81173 8
    endloop
  endfacet
  facet normal 0 0 1
    outer loop
      vertex -5.36231 -4.49951 8
      vertex -11.4907 -9.64181 8
      vertex -10.6066 -10.6066 8
    endloop
  endfacet
  facet normal -0 0 1
    outer loop
      vertex -14.4889 3.88229 8
      vertex -6.76148 1.81173 8
      vertex -14.0954 5.1303 8
    endloop
  endfacet
  facet normal 0 0 1
    outer loop
      vertex -5.73406 -4.01503 8
      vertex -12.2873 -8.60365 8
      vertex -11.4907 -9.64181 8
    endloop
  endfacet
  facet normal 0 0 1
    outer loop
      vertex -6.76148 1.81173 8
      vertex -14.4889 3.88229 8
      vertex -6.89365 1.21554 8
    endloop
  endfacet
  facet normal 0 0 1
    outer loop
      vertex -6.06218 -3.5 8
      vertex -12.9904 -7.5 8
      vertex -12.2873 -8.60365 8
    endloop
  endfacet
  facet normal -0 0 1
    outer loop
      vertex -14.7721 2.60472 8
      vertex -6.89365 1.21554 8
      vertex -14.4889 3.88229 8
    endloop
  endfacet
  facet normal 0 0 1
    outer loop
      vertex -6.34415 -2.95833 8
      vertex -13.5946 -6.33927 8
      vertex -12.9904 -7.5 8
    endloop
  endfacet
  facet normal 0 0 1
    outer loop
      vertex -6.89365 1.21554 8
      vertex -14.7721 2.60472 8
      vertex -6.97336 0.610089 8
    endloop
  endfacet
  facet normal 0 0 1
    outer loop
      vertex -6.57785 -2.39414 8
      vertex -14.0954 -5.1303 8
      vertex -13.5946 -6.33927 8
    endloop
  endfacet
  facet normal -0 0 1
    outer loop
      vertex -14.9429 1.30734 8
      vertex -6.97336 0.610089 8
      vertex -14.7721 2.60472 8
    endloop
  endfacet
  facet normal 0 0 1
    outer loop
      vertex -6.76148 -1.81173 8
      vertex -14.4889 -3.88229 8
      vertex -14.0954 -5.1303 8
    endloop
  endfacet
  facet normal 0 0 1
    outer loop
      vertex -6.97336 0.610089 8
      vertex -14.9429 1.30734 8
      vertex -7 0 8
    endloop
  endfacet
  facet normal 0 0 1
    outer loop
      vertex -6.89365 -1.21554 8
      vertex -14.7721 -2.60472 8
      vertex -14.4889 -3.88229 8
    endloop
  endfacet
  facet normal 0 0 1
    outer loop
      vertex -15 0 8
      vertex -7 0 8
      vertex -14.9429 1.30734 8
    endloop
  endfacet
  facet normal 0 0 1
    outer loop
      vertex -6.97336 -0.610089 8
      vertex -14.9429 -1.30734 8
      vertex -14.7721 -2.60472 8
    endloop
  endfacet
  facet normal 0 0 1
    outer loop
      vertex -7 0 8
      vertex -15 0 8
      vertex -14.9429 -1.30734 8
    endloop
  endfacet
  facet normal -0 0 1
    outer loop
      vertex 0.939692 10.658 8
      vertex 2.95833 6.34415 8
      vertex 0.965925 10.7412 8
    endloop
  endfacet
  facet normal 0 0 1
    outer loop
      vertex 2.95833 6.34415 8
      vertex 0.939692 10.658 8
      vertex 2.39414 6.57785 8
    endloop
  endfacet
  facet normal -0 0 1
    outer loop
      vertex 0.906307 10.5774 8
      vertex 2.39414 6.57785 8
      vertex 0.939692 10.658 8
    endloop
  endfacet
  facet normal -0 0 1
    outer loop
      vertex 0.866025 10.5 8
      vertex 2.39414 6.57785 8
      vertex 0.906307 10.5774 8
    endloop
  endfacet
  facet normal -0 0 1
    outer loop
      vertex 0.819152 10.4264 8
      vertex 2.39414 6.57785 8
      vertex 0.866025 10.5 8
    endloop
  endfacet
  facet normal 0 0 1
    outer loop
      vertex 2.39414 6.57785 8
      vertex 0.819152 10.4264 8
      vertex 1.81173 6.76148 8
    endloop
  endfacet
  facet normal -0 0 1
    outer loop
      vertex 0.766044 10.3572 8
      vertex 1.81173 6.76148 8
      vertex 0.819152 10.4264 8
    endloop
  endfacet
  facet normal -0 0 1
    outer loop
      vertex 0.707107 10.2929 8
      vertex 1.81173 6.76148 8
      vertex 0.766044 10.3572 8
    endloop
  endfacet
  facet normal -0 0 1
    outer loop
      vertex 0.642787 10.234 8
      vertex 1.81173 6.76148 8
      vertex 0.707107 10.2929 8
    endloop
  endfacet
  facet normal 0 0 1
    outer loop
      vertex 1.81173 6.76148 8
      vertex 0.642787 10.234 8
      vertex 1.21554 6.89365 8
    endloop
  endfacet
  facet normal -0 0 1
    outer loop
      vertex 0.573576 10.1808 8
      vertex 1.21554 6.89365 8
      vertex 0.642787 10.234 8
    endloop
  endfacet
  facet normal -0 0 1
    outer loop
      vertex 0.5 10.134 8
      vertex 1.21554 6.89365 8
      vertex 0.573576 10.1808 8
    endloop
  endfacet
  facet normal -0 0 1
    outer loop
      vertex 0.422618 10.0937 8
      vertex 1.21554 6.89365 8
      vertex 0.5 10.134 8
    endloop
  endfacet
  facet normal 0 0 1
    outer loop
      vertex 1.21554 6.89365 8
      vertex 0.422618 10.0937 8
      vertex 0.610089 6.97336 8
    endloop
  endfacet
  facet normal -0 0 1
    outer loop
      vertex 0.34202 10.0603 8
      vertex 0.610089 6.97336 8
      vertex 0.422618 10.0937 8
    endloop
  endfacet
  facet normal -0 0 1
    outer loop
      vertex 0.258819 10.0341 8
      vertex 0.610089 6.97336 8
      vertex 0.34202 10.0603 8
    endloop
  endfacet
  facet normal -0 0 1
    outer loop
      vertex 0.173648 10.0152 8
      vertex 0.610089 6.97336 8
      vertex 0.258819 10.0341 8
    endloop
  endfacet
  facet normal 0 0 1
    outer loop
      vertex 0 7 8
      vertex 0.173648 10.0152 8
      vertex 0.0871553 10.0038 8
    endloop
  endfacet
  facet normal 0 0 1
    outer loop
      vertex 0 7 8
      vertex 0.0871553 10.0038 8
      vertex 0 10 8
    endloop
  endfacet
  facet normal 0 0 1
    outer loop
      vertex 0.173648 10.0152 8
      vertex 0 7 8
      vertex 0.610089 6.97336 8
    endloop
  endfacet
  facet normal 0 0 1
    outer loop
      vertex -0.0871553 10.0038 8
      vertex 0 7 8
      vertex 0 10 8
    endloop
  endfacet
  facet normal 0 0 1
    outer loop
      vertex -0.173648 10.0152 8
      vertex 0 7 8
      vertex -0.0871553 10.0038 8
    endloop
  endfacet
  facet normal 0 0 1
    outer loop
      vertex -0.610089 6.97336 8
      vertex -0.173648 10.0152 8
      vertex -0.258819 10.0341 8
    endloop
  endfacet
  facet normal 0 0 1
    outer loop
      vertex -0.610089 6.97336 8
      vertex -0.258819 10.0341 8
      vertex -0.34202 10.0603 8
    endloop
  endfacet
  facet normal 0 0 1
    outer loop
      vertex -0.610089 6.97336 8
      vertex -0.34202 10.0603 8
      vertex -0.422618 10.0937 8
    endloop
  endfacet
  facet normal 0 0 1
    outer loop
      vertex -1.21554 6.89365 8
      vertex -0.422618 10.0937 8
      vertex -0.5 10.134 8
    endloop
  endfacet
  facet normal 0 0 1
    outer loop
      vertex -1.21554 6.89365 8
      vertex -0.5 10.134 8
      vertex -0.573576 10.1808 8
    endloop
  endfacet
  facet normal 0 0 1
    outer loop
      vertex -0.173648 10.0152 8
      vertex -0.610089 6.97336 8
      vertex 0 7 8
    endloop
  endfacet
  facet normal 0 0 1
    outer loop
      vertex -1.21554 6.89365 8
      vertex -0.573576 10.1808 8
      vertex -0.642787 10.234 8
    endloop
  endfacet
  facet normal 0 0 1
    outer loop
      vertex -1.21554 6.89365 8
      vertex -0.642787 10.234 8
      vertex -0.707107 10.2929 8
    endloop
  endfacet
  facet normal 0 0 1
    outer loop
      vertex -1.21554 6.89365 8
      vertex -0.707107 10.2929 8
      vertex -0.766044 10.3572 8
    endloop
  endfacet
  facet normal 0 0 1
    outer loop
      vertex -1.21554 6.89365 8
      vertex -0.766044 10.3572 8
      vertex -0.819152 10.4264 8
    endloop
  endfacet
  facet normal 0 0 1
    outer loop
      vertex -1.21554 6.89365 8
      vertex -0.819152 10.4264 8
      vertex -0.866025 10.5 8
    endloop
  endfacet
  facet normal 0 0 1
    outer loop
      vertex -1.21554 6.89365 8
      vertex -0.866025 10.5 8
      vertex -0.906307 10.5774 8
    endloop
  endfacet
  facet normal 0 0 1
    outer loop
      vertex -1.21554 6.89365 8
      vertex -0.906307 10.5774 8
      vertex -0.939692 10.658 8
    endloop
  endfacet
  facet normal 0 0 1
    outer loop
      vertex -1.21554 6.89365 8
      vertex -0.939692 10.658 8
      vertex -0.965925 10.7412 8
    endloop
  endfacet
  facet normal 0 0 1
    outer loop
      vertex -1.21554 6.89365 8
      vertex -0.965925 10.7412 8
      vertex -0.984807 10.8264 8
    endloop
  endfacet
  facet normal 0 0 1
    outer loop
      vertex -1.21554 6.89365 8
      vertex -0.984807 10.8264 8
      vertex -0.996194 10.9128 8
    endloop
  endfacet
  facet normal 0 0 1
    outer loop
      vertex -0.422618 10.0937 8
      vertex -1.21554 6.89365 8
      vertex -0.610089 6.97336 8
    endloop
  endfacet
  facet normal 0 0 1
    outer loop
      vertex -1.21554 6.89365 8
      vertex -0.996194 10.9128 8
      vertex -1 11 8
    endloop
  endfacet
  facet normal -0.843392 -0.537298 0
    outer loop
      vertex -12.2873 -8.60365 6.4
      vertex -12.9904 -7.5 8
      vertex -12.9904 -7.5 6.4
    endloop
  endfacet
  facet normal -0.843392 -0.537298 0
    outer loop
      vertex -12.9904 -7.5 8
      vertex -12.2873 -8.60365 6.4
      vertex -12.2873 -8.60365 8
    endloop
  endfacet
  facet normal -0.843392 -0.537298 0
    outer loop
      vertex -12.2873 -8.60365 0
      vertex -12.9904 -7.5 1
      vertex -12.9904 -7.5 0
    endloop
  endfacet
  facet normal -0.843392 -0.537298 0
    outer loop
      vertex -12.9904 -7.5 1
      vertex -12.2873 -8.60365 0
      vertex -12.2873 -8.60365 1
    endloop
  endfacet
  facet normal -0.843392 -0.537298 0
    outer loop
      vertex -12.2873 -8.60365 3.4
      vertex -12.9904 -7.5 4
      vertex -12.9904 -7.5 3.4
    endloop
  endfacet
  facet normal -0.843392 -0.537298 0
    outer loop
      vertex -12.9904 -7.5 4
      vertex -12.2873 -8.60365 3.4
      vertex -12.2873 -8.60365 4
    endloop
  endfacet
  facet normal -0.999048 -0.0436349 0
    outer loop
      vertex -14.9429 -1.30734 0
      vertex -15 0 1
      vertex -15 0 0
    endloop
  endfacet
  facet normal -0.999048 -0.0436349 0
    outer loop
      vertex -15 0 1
      vertex -14.9429 -1.30734 0
      vertex -14.9429 -1.30734 1
    endloop
  endfacet
  facet normal -0.999048 -0.0436349 0
    outer loop
      vertex -14.9429 -1.30734 6.4
      vertex -15 0 8
      vertex -15 0 6.4
    endloop
  endfacet
  facet normal -0.999048 -0.0436349 0
    outer loop
      vertex -15 0 8
      vertex -14.9429 -1.30734 6.4
      vertex -14.9429 -1.30734 8
    endloop
  endfacet
  facet normal -0.999048 -0.0436349 0
    outer loop
      vertex -14.9429 -1.30734 3.4
      vertex -15 0 4
      vertex -15 0 3.4
    endloop
  endfacet
  facet normal -0.999048 -0.0436349 0
    outer loop
      vertex -15 0 4
      vertex -14.9429 -1.30734 3.4
      vertex -14.9429 -1.30734 4
    endloop
  endfacet
  facet normal -0.999048 0.0436349 0
    outer loop
      vertex -15 0 0
      vertex -14.9429 1.30734 1
      vertex -14.9429 1.30734 0
    endloop
  endfacet
  facet normal -0.999048 0.0436349 0
    outer loop
      vertex -14.9429 1.30734 1
      vertex -15 0 0
      vertex -15 0 1
    endloop
  endfacet
  facet normal -0.999048 0.0436349 0
    outer loop
      vertex -15 0 6.4
      vertex -14.9429 1.30734 8
      vertex -14.9429 1.30734 6.4
    endloop
  endfacet
  facet normal -0.999048 0.0436349 0
    outer loop
      vertex -14.9429 1.30734 8
      vertex -15 0 6.4
      vertex -15 0 8
    endloop
  endfacet
  facet normal -0.999048 0.0436349 0
    outer loop
      vertex -15 0 3.4
      vertex -14.9429 1.30734 4
      vertex -14.9429 1.30734 3.4
    endloop
  endfacet
  facet normal -0.999048 0.0436349 0
    outer loop
      vertex -14.9429 1.30734 4
      vertex -15 0 3.4
      vertex -15 0 4
    endloop
  endfacet
  facet normal -0.382702 -0.923872 0
    outer loop
      vertex -6.33927 -13.5946 0
      vertex -5.1303 -14.0954 1
      vertex -6.33927 -13.5946 1
    endloop
  endfacet
  facet normal -0.382702 -0.923872 -0
    outer loop
      vertex -5.1303 -14.0954 1
      vertex -6.33927 -13.5946 0
      vertex -5.1303 -14.0954 0
    endloop
  endfacet
  facet normal -0.382702 -0.923872 0
    outer loop
      vertex -6.33927 -13.5946 6.4
      vertex -5.1303 -14.0954 8
      vertex -6.33927 -13.5946 8
    endloop
  endfacet
  facet normal -0.382702 -0.923872 -0
    outer loop
      vertex -5.1303 -14.0954 8
      vertex -6.33927 -13.5946 6.4
      vertex -5.1303 -14.0954 6.4
    endloop
  endfacet
  facet normal -0.382702 -0.923872 0
    outer loop
      vertex -6.33927 -13.5946 3.4
      vertex -5.1303 -14.0954 4
      vertex -6.33927 -13.5946 4
    endloop
  endfacet
  facet normal -0.382702 -0.923872 -0
    outer loop
      vertex -5.1303 -14.0954 4
      vertex -6.33927 -13.5946 3.4
      vertex -5.1303 -14.0954 3.4
    endloop
  endfacet
  facet normal -0.300709 -0.953716 0
    outer loop
      vertex -5.1303 -14.0954 0
      vertex -3.88229 -14.4889 1
      vertex -5.1303 -14.0954 1
    endloop
  endfacet
  facet normal -0.300709 -0.953716 -0
    outer loop
      vertex -3.88229 -14.4889 1
      vertex -5.1303 -14.0954 0
      vertex -3.88229 -14.4889 0
    endloop
  endfacet
  facet normal -0.300709 -0.953716 0
    outer loop
      vertex -5.1303 -14.0954 6.4
      vertex -3.88229 -14.4889 8
      vertex -5.1303 -14.0954 8
    endloop
  endfacet
  facet normal -0.300709 -0.953716 -0
    outer loop
      vertex -3.88229 -14.4889 8
      vertex -5.1303 -14.0954 6.4
      vertex -3.88229 -14.4889 6.4
    endloop
  endfacet
  facet normal -0.300709 -0.953716 0
    outer loop
      vertex -5.1303 -14.0954 3.4
      vertex -3.88229 -14.4889 4
      vertex -5.1303 -14.0954 4
    endloop
  endfacet
  facet normal -0.300709 -0.953716 -0
    outer loop
      vertex -3.88229 -14.4889 4
      vertex -5.1303 -14.0954 3.4
      vertex -3.88229 -14.4889 3.4
    endloop
  endfacet
  facet normal 0.382702 0.923872 -0
    outer loop
      vertex 6.33927 13.5946 0
      vertex 5.1303 14.0954 1
      vertex 6.33927 13.5946 1
    endloop
  endfacet
  facet normal 0.382702 0.923872 0
    outer loop
      vertex 5.1303 14.0954 1
      vertex 6.33927 13.5946 0
      vertex 5.1303 14.0954 0
    endloop
  endfacet
  facet normal 0.382702 0.923872 -0
    outer loop
      vertex 6.33927 13.5946 6.4
      vertex 5.1303 14.0954 8
      vertex 6.33927 13.5946 8
    endloop
  endfacet
  facet normal 0.382702 0.923872 0
    outer loop
      vertex 5.1303 14.0954 8
      vertex 6.33927 13.5946 6.4
      vertex 5.1303 14.0954 6.4
    endloop
  endfacet
  facet normal 0.382702 0.923872 -0
    outer loop
      vertex 6.33927 13.5946 3.4
      vertex 5.1303 14.0954 4
      vertex 6.33927 13.5946 4
    endloop
  endfacet
  facet normal 0.382702 0.923872 0
    outer loop
      vertex 5.1303 14.0954 4
      vertex 6.33927 13.5946 3.4
      vertex 5.1303 14.0954 3.4
    endloop
  endfacet
  facet normal -0.216417 -0.976301 0
    outer loop
      vertex -3.88229 -14.4889 0
      vertex -2.60472 -14.7721 1
      vertex -3.88229 -14.4889 1
    endloop
  endfacet
  facet normal -0.216417 -0.976301 -0
    outer loop
      vertex -2.60472 -14.7721 1
      vertex -3.88229 -14.4889 0
      vertex -2.60472 -14.7721 0
    endloop
  endfacet
  facet normal -0.216417 -0.976301 0
    outer loop
      vertex -3.88229 -14.4889 6.4
      vertex -2.60472 -14.7721 8
      vertex -3.88229 -14.4889 8
    endloop
  endfacet
  facet normal -0.216417 -0.976301 -0
    outer loop
      vertex -2.60472 -14.7721 8
      vertex -3.88229 -14.4889 6.4
      vertex -2.60472 -14.7721 6.4
    endloop
  endfacet
  facet normal -0.216417 -0.976301 0
    outer loop
      vertex -3.88229 -14.4889 3.4
      vertex -2.60472 -14.7721 4
      vertex -3.88229 -14.4889 4
    endloop
  endfacet
  facet normal -0.216417 -0.976301 -0
    outer loop
      vertex -2.60472 -14.7721 4
      vertex -3.88229 -14.4889 3.4
      vertex -2.60472 -14.7721 3.4
    endloop
  endfacet
  facet normal 0.675604 -0.737265 0
    outer loop
      vertex 9.64181 -11.4907 6.4
      vertex 10.6066 -10.6066 8
      vertex 9.64181 -11.4907 8
    endloop
  endfacet
  facet normal 0.675604 -0.737265 0
    outer loop
      vertex 10.6066 -10.6066 8
      vertex 9.64181 -11.4907 6.4
      vertex 10.6066 -10.6066 6.4
    endloop
  endfacet
  facet normal 0.675604 -0.737265 0
    outer loop
      vertex 9.64181 -11.4907 0
      vertex 10.6066 -10.6066 1
      vertex 9.64181 -11.4907 1
    endloop
  endfacet
  facet normal 0.675604 -0.737265 0
    outer loop
      vertex 10.6066 -10.6066 1
      vertex 9.64181 -11.4907 0
      vertex 10.6066 -10.6066 0
    endloop
  endfacet
  facet normal 0.675604 -0.737265 0
    outer loop
      vertex 9.64181 -11.4907 3.4
      vertex 10.6066 -10.6066 4
      vertex 9.64181 -11.4907 4
    endloop
  endfacet
  facet normal 0.675604 -0.737265 0
    outer loop
      vertex 10.6066 -10.6066 4
      vertex 9.64181 -11.4907 3.4
      vertex 10.6066 -10.6066 3.4
    endloop
  endfacet
  facet normal 0.608757 -0.793356 0
    outer loop
      vertex 8.60365 -12.2873 0
      vertex 9.64181 -11.4907 1
      vertex 8.60365 -12.2873 1
    endloop
  endfacet
  facet normal 0.608757 -0.793356 0
    outer loop
      vertex 9.64181 -11.4907 1
      vertex 8.60365 -12.2873 0
      vertex 9.64181 -11.4907 0
    endloop
  endfacet
  facet normal 0.608757 -0.793356 0
    outer loop
      vertex 8.60365 -12.2873 6.4
      vertex 9.64181 -11.4907 8
      vertex 8.60365 -12.2873 8
    endloop
  endfacet
  facet normal 0.608757 -0.793356 0
    outer loop
      vertex 9.64181 -11.4907 8
      vertex 8.60365 -12.2873 6.4
      vertex 9.64181 -11.4907 6.4
    endloop
  endfacet
  facet normal 0.608757 -0.793356 0
    outer loop
      vertex 8.60365 -12.2873 3.4
      vertex 9.64181 -11.4907 4
      vertex 8.60365 -12.2873 4
    endloop
  endfacet
  facet normal 0.608757 -0.793356 0
    outer loop
      vertex 9.64181 -11.4907 4
      vertex 8.60365 -12.2873 3.4
      vertex 9.64181 -11.4907 3.4
    endloop
  endfacet
  facet normal 0.130524 0.991445 -0
    outer loop
      vertex 2.60472 14.7721 6.4
      vertex 1.30734 14.9429 8
      vertex 2.60472 14.7721 8
    endloop
  endfacet
  facet normal 0.130524 0.991445 0
    outer loop
      vertex 1.30734 14.9429 8
      vertex 2.60472 14.7721 6.4
      vertex 1.30734 14.9429 6.4
    endloop
  endfacet
  facet normal 0.130524 0.991445 -0
    outer loop
      vertex 2.60472 14.7721 0
      vertex 1.30734 14.9429 1
      vertex 2.60472 14.7721 1
    endloop
  endfacet
  facet normal 0.130524 0.991445 0
    outer loop
      vertex 1.30734 14.9429 1
      vertex 2.60472 14.7721 0
      vertex 1.30734 14.9429 0
    endloop
  endfacet
  facet normal 0.130524 0.991445 -0
    outer loop
      vertex 2.60472 14.7721 3.4
      vertex 1.30734 14.9429 4
      vertex 2.60472 14.7721 4
    endloop
  endfacet
  facet normal 0.130524 0.991445 0
    outer loop
      vertex 1.30734 14.9429 4
      vertex 2.60472 14.7721 3.4
      vertex 1.30734 14.9429 3.4
    endloop
  endfacet
  facet normal -0.887023 0.461726 0
    outer loop
      vertex -13.5946 6.33927 6.4
      vertex -12.9904 7.5 8
      vertex -12.9904 7.5 6.4
    endloop
  endfacet
  facet normal -0.887023 0.461726 0
    outer loop
      vertex -12.9904 7.5 8
      vertex -13.5946 6.33927 6.4
      vertex -13.5946 6.33927 8
    endloop
  endfacet
  facet normal -0.887023 0.461726 0
    outer loop
      vertex -13.5946 6.33927 0
      vertex -12.9904 7.5 1
      vertex -12.9904 7.5 0
    endloop
  endfacet
  facet normal -0.887023 0.461726 0
    outer loop
      vertex -12.9904 7.5 1
      vertex -13.5946 6.33927 0
      vertex -13.5946 6.33927 1
    endloop
  endfacet
  facet normal -0.887023 0.461726 0
    outer loop
      vertex -13.5946 6.33927 3.4
      vertex -12.9904 7.5 4
      vertex -12.9904 7.5 3.4
    endloop
  endfacet
  facet normal -0.887023 0.461726 0
    outer loop
      vertex -12.9904 7.5 4
      vertex -13.5946 6.33927 3.4
      vertex -13.5946 6.33927 4
    endloop
  endfacet
  facet normal 0.737285 -0.675582 0
    outer loop
      vertex 4.94975 -4.94975 10
      vertex 5.36231 -4.49951 8
      vertex 5.36231 -4.49951 10
    endloop
  endfacet
  facet normal 0.737285 -0.675582 0
    outer loop
      vertex 5.36231 -4.49951 8
      vertex 4.94975 -4.94975 10
      vertex 4.94975 -4.94975 8
    endloop
  endfacet
  facet normal 0.991445 0.130528 0
    outer loop
      vertex 6.97336 0.610089 10
      vertex 6.89365 1.21554 8
      vertex 6.89365 1.21554 10
    endloop
  endfacet
  facet normal 0.991445 0.130528 0
    outer loop
      vertex 6.89365 1.21554 8
      vertex 6.97336 0.610089 10
      vertex 6.97336 0.610089 8
    endloop
  endfacet
  facet normal 0.999048 0.0436242 0
    outer loop
      vertex 7 0 10
      vertex 6.97336 0.610089 8
      vertex 6.97336 0.610089 10
    endloop
  endfacet
  facet normal 0.999048 0.0436242 0
    outer loop
      vertex 6.97336 0.610089 8
      vertex 7 0 10
      vertex 7 0 8
    endloop
  endfacet
  facet normal 0.976297 0.216436 0
    outer loop
      vertex 6.89365 1.21554 10
      vertex 6.76148 1.81173 8
      vertex 6.76148 1.81173 10
    endloop
  endfacet
  facet normal 0.976297 0.216436 0
    outer loop
      vertex 6.76148 1.81173 8
      vertex 6.89365 1.21554 10
      vertex 6.89365 1.21554 8
    endloop
  endfacet
  facet normal 0.537311 -0.843384 0
    outer loop
      vertex 3.5 -6.06218 8
      vertex 4.01503 -5.73406 10
      vertex 3.5 -6.06218 10
    endloop
  endfacet
  facet normal 0.537311 -0.843384 0
    outer loop
      vertex 4.01503 -5.73406 10
      vertex 3.5 -6.06218 8
      vertex 4.01503 -5.73406 8
    endloop
  endfacet
  facet normal 0.461741 -0.887015 0
    outer loop
      vertex 2.95833 -6.34415 8
      vertex 3.5 -6.06218 10
      vertex 2.95833 -6.34415 10
    endloop
  endfacet
  facet normal 0.461741 -0.887015 0
    outer loop
      vertex 3.5 -6.06218 10
      vertex 2.95833 -6.34415 8
      vertex 3.5 -6.06218 8
    endloop
  endfacet
  facet normal 0.216436 -0.976297 0
    outer loop
      vertex 1.21554 -6.89365 8
      vertex 1.81173 -6.76148 10
      vertex 1.21554 -6.89365 10
    endloop
  endfacet
  facet normal 0.216436 -0.976297 0
    outer loop
      vertex 1.81173 -6.76148 10
      vertex 1.21554 -6.89365 8
      vertex 1.81173 -6.76148 8
    endloop
  endfacet
  facet normal -0.130528 0.991445 0
    outer loop
      vertex -0.610089 6.97336 8
      vertex -1.21554 6.89365 10
      vertex -0.610089 6.97336 10
    endloop
  endfacet
  facet normal -0.130528 0.991445 0
    outer loop
      vertex -1.21554 6.89365 10
      vertex -0.610089 6.97336 8
      vertex -1.21554 6.89365 8
    endloop
  endfacet
  facet normal -0.843384 0.537311 0
    outer loop
      vertex -6.06218 3.5 8
      vertex -5.73406 4.01503 10
      vertex -5.73406 4.01503 8
    endloop
  endfacet
  facet normal -0.843384 0.537311 0
    outer loop
      vertex -5.73406 4.01503 10
      vertex -6.06218 3.5 8
      vertex -6.06218 3.5 10
    endloop
  endfacet
  facet normal -0.38269 0.923877 0
    outer loop
      vertex -2.39414 6.57785 8
      vertex -2.95833 6.34415 10
      vertex -2.39414 6.57785 10
    endloop
  endfacet
  facet normal -0.38269 0.923877 0
    outer loop
      vertex -2.95833 6.34415 10
      vertex -2.39414 6.57785 8
      vertex -2.95833 6.34415 8
    endloop
  endfacet
  facet normal 0.608757 0.793357 -0
    outer loop
      vertex 4.49951 5.36231 8
      vertex 4.01503 5.73406 10
      vertex 4.49951 5.36231 10
    endloop
  endfacet
  facet normal 0.608757 0.793357 0
    outer loop
      vertex 4.01503 5.73406 10
      vertex 4.49951 5.36231 8
      vertex 4.01503 5.73406 8
    endloop
  endfacet
  facet normal 0.216436 0.976297 -0
    outer loop
      vertex 1.81173 6.76148 8
      vertex 1.21554 6.89365 10
      vertex 1.81173 6.76148 10
    endloop
  endfacet
  facet normal 0.216436 0.976297 0
    outer loop
      vertex 1.21554 6.89365 10
      vertex 1.81173 6.76148 8
      vertex 1.21554 6.89365 8
    endloop
  endfacet
  facet normal -0.923877 -0.38269 0
    outer loop
      vertex -6.34415 -2.95833 8
      vertex -6.57785 -2.39414 10
      vertex -6.57785 -2.39414 8
    endloop
  endfacet
  facet normal -0.923877 -0.38269 0
    outer loop
      vertex -6.57785 -2.39414 10
      vertex -6.34415 -2.95833 8
      vertex -6.34415 -2.95833 10
    endloop
  endfacet
  facet normal -0.737285 -0.675582 0
    outer loop
      vertex -4.94975 -4.94975 8
      vertex -5.36231 -4.49951 10
      vertex -5.36231 -4.49951 8
    endloop
  endfacet
  facet normal -0.737285 -0.675582 0
    outer loop
      vertex -5.36231 -4.49951 10
      vertex -4.94975 -4.94975 8
      vertex -4.94975 -4.94975 10
    endloop
  endfacet
  facet normal 0.461741 0.887015 -0
    outer loop
      vertex 3.5 6.06218 8
      vertex 2.95833 6.34415 10
      vertex 3.5 6.06218 10
    endloop
  endfacet
  facet normal 0.461741 0.887015 0
    outer loop
      vertex 2.95833 6.34415 10
      vertex 3.5 6.06218 8
      vertex 2.95833 6.34415 8
    endloop
  endfacet
  facet normal 0.537311 0.843384 -0
    outer loop
      vertex 4.01503 5.73406 8
      vertex 3.5 6.06218 10
      vertex 4.01503 5.73406 10
    endloop
  endfacet
  facet normal 0.537311 0.843384 0
    outer loop
      vertex 3.5 6.06218 10
      vertex 4.01503 5.73406 8
      vertex 3.5 6.06218 8
    endloop
  endfacet
  facet normal -0.537311 0.843384 0
    outer loop
      vertex -3.5 6.06218 8
      vertex -4.01503 5.73406 10
      vertex -3.5 6.06218 10
    endloop
  endfacet
  facet normal -0.537311 0.843384 0
    outer loop
      vertex -4.01503 5.73406 10
      vertex -3.5 6.06218 8
      vertex -4.01503 5.73406 8
    endloop
  endfacet
  facet normal 0.953718 -0.300701 0
    outer loop
      vertex 6.57785 -2.39414 10
      vertex 6.76148 -1.81173 8
      vertex 6.76148 -1.81173 10
    endloop
  endfacet
  facet normal 0.953718 -0.300701 0
    outer loop
      vertex 6.76148 -1.81173 8
      vertex 6.57785 -2.39414 10
      vertex 6.57785 -2.39414 8
    endloop
  endfacet
  facet normal -0.675582 0.737285 0
    outer loop
      vertex -4.49951 5.36231 8
      vertex -4.94975 4.94975 10
      vertex -4.49951 5.36231 10
    endloop
  endfacet
  facet normal -0.675582 0.737285 0
    outer loop
      vertex -4.94975 4.94975 10
      vertex -4.49951 5.36231 8
      vertex -4.94975 4.94975 8
    endloop
  endfacet
  facet normal 0.300701 -0.953718 0
    outer loop
      vertex 1.81173 -6.76148 8
      vertex 2.39414 -6.57785 10
      vertex 1.81173 -6.76148 10
    endloop
  endfacet
  facet normal 0.300701 -0.953718 0
    outer loop
      vertex 2.39414 -6.57785 10
      vertex 1.81173 -6.76148 8
      vertex 2.39414 -6.57785 8
    endloop
  endfacet
  facet normal 0.130528 -0.991445 0
    outer loop
      vertex 0.610089 -6.97336 8
      vertex 1.21554 -6.89365 10
      vertex 0.610089 -6.97336 10
    endloop
  endfacet
  facet normal 0.130528 -0.991445 0
    outer loop
      vertex 1.21554 -6.89365 10
      vertex 0.610089 -6.97336 8
      vertex 1.21554 -6.89365 8
    endloop
  endfacet
  facet normal -0.675582 -0.737285 0
    outer loop
      vertex -4.94975 -4.94975 8
      vertex -4.49951 -5.36231 10
      vertex -4.94975 -4.94975 10
    endloop
  endfacet
  facet normal -0.675582 -0.737285 -0
    outer loop
      vertex -4.49951 -5.36231 10
      vertex -4.94975 -4.94975 8
      vertex -4.49951 -5.36231 8
    endloop
  endfacet
  facet normal 0.0436242 -0.999048 0
    outer loop
      vertex 0 -7 8
      vertex 0.610089 -6.97336 10
      vertex 0 -7 10
    endloop
  endfacet
  facet normal 0.0436242 -0.999048 0
    outer loop
      vertex 0.610089 -6.97336 10
      vertex 0 -7 8
      vertex 0.610089 -6.97336 8
    endloop
  endfacet
  facet normal -0.976297 0.216436 0
    outer loop
      vertex -6.89365 1.21554 8
      vertex -6.76148 1.81173 10
      vertex -6.76148 1.81173 8
    endloop
  endfacet
  facet normal -0.976297 0.216436 0
    outer loop
      vertex -6.76148 1.81173 10
      vertex -6.89365 1.21554 8
      vertex -6.89365 1.21554 10
    endloop
  endfacet
  facet normal -0.461741 0.887015 0
    outer loop
      vertex -2.95833 6.34415 8
      vertex -3.5 6.06218 10
      vertex -2.95833 6.34415 10
    endloop
  endfacet
  facet normal -0.461741 0.887015 0
    outer loop
      vertex -3.5 6.06218 10
      vertex -2.95833 6.34415 8
      vertex -3.5 6.06218 8
    endloop
  endfacet
  facet normal 0.843384 0.537311 0
    outer loop
      vertex 6.06218 3.5 10
      vertex 5.73406 4.01503 8
      vertex 5.73406 4.01503 10
    endloop
  endfacet
  facet normal 0.843384 0.537311 0
    outer loop
      vertex 5.73406 4.01503 8
      vertex 6.06218 3.5 10
      vertex 6.06218 3.5 8
    endloop
  endfacet
  facet normal 0.0436242 0.999048 -0
    outer loop
      vertex 0.610089 6.97336 8
      vertex 0 7 10
      vertex 0.610089 6.97336 10
    endloop
  endfacet
  facet normal 0.0436242 0.999048 0
    outer loop
      vertex 0 7 10
      vertex 0.610089 6.97336 8
      vertex 0 7 8
    endloop
  endfacet
  facet normal -0.216436 0.976297 0
    outer loop
      vertex -1.21554 6.89365 8
      vertex -1.81173 6.76148 10
      vertex -1.21554 6.89365 10
    endloop
  endfacet
  facet normal -0.216436 0.976297 0
    outer loop
      vertex -1.81173 6.76148 10
      vertex -1.21554 6.89365 8
      vertex -1.81173 6.76148 8
    endloop
  endfacet
  facet normal 0.976297 -0.216436 0
    outer loop
      vertex 6.76148 -1.81173 10
      vertex 6.89365 -1.21554 8
      vertex 6.89365 -1.21554 10
    endloop
  endfacet
  facet normal 0.976297 -0.216436 0
    outer loop
      vertex 6.89365 -1.21554 8
      vertex 6.76148 -1.81173 10
      vertex 6.76148 -1.81173 8
    endloop
  endfacet
  facet normal -0.0436242 0.999048 0
    outer loop
      vertex 0 7 8
      vertex -0.610089 6.97336 10
      vertex 0 7 10
    endloop
  endfacet
  facet normal -0.0436242 0.999048 0
    outer loop
      vertex -0.610089 6.97336 10
      vertex 0 7 8
      vertex -0.610089 6.97336 8
    endloop
  endfacet
  facet normal 0.793357 -0.608757 0
    outer loop
      vertex 5.36231 -4.49951 10
      vertex 5.73406 -4.01503 8
      vertex 5.73406 -4.01503 10
    endloop
  endfacet
  facet normal 0.793357 -0.608757 0
    outer loop
      vertex 5.73406 -4.01503 8
      vertex 5.36231 -4.49951 10
      vertex 5.36231 -4.49951 8
    endloop
  endfacet
  facet normal 0.675582 0.737285 -0
    outer loop
      vertex 4.94975 4.94975 8
      vertex 4.49951 5.36231 10
      vertex 4.94975 4.94975 10
    endloop
  endfacet
  facet normal 0.675582 0.737285 0
    outer loop
      vertex 4.49951 5.36231 10
      vertex 4.94975 4.94975 8
      vertex 4.49951 5.36231 8
    endloop
  endfacet
  facet normal 0.887015 -0.461741 0
    outer loop
      vertex 6.06218 -3.5 10
      vertex 6.34415 -2.95833 8
      vertex 6.34415 -2.95833 10
    endloop
  endfacet
  facet normal 0.887015 -0.461741 0
    outer loop
      vertex 6.34415 -2.95833 8
      vertex 6.06218 -3.5 10
      vertex 6.06218 -3.5 8
    endloop
  endfacet
  facet normal -0.537311 -0.843384 0
    outer loop
      vertex -4.01503 -5.73406 8
      vertex -3.5 -6.06218 10
      vertex -4.01503 -5.73406 10
    endloop
  endfacet
  facet normal -0.537311 -0.843384 -0
    outer loop
      vertex -3.5 -6.06218 10
      vertex -4.01503 -5.73406 8
      vertex -3.5 -6.06218 8
    endloop
  endfacet
  facet normal -0.737285 0.675582 0
    outer loop
      vertex -5.36231 4.49951 8
      vertex -4.94975 4.94975 10
      vertex -4.94975 4.94975 8
    endloop
  endfacet
  facet normal -0.737285 0.675582 0
    outer loop
      vertex -4.94975 4.94975 10
      vertex -5.36231 4.49951 8
      vertex -5.36231 4.49951 10
    endloop
  endfacet
  facet normal 0.953718 0.300701 0
    outer loop
      vertex 6.76148 1.81173 10
      vertex 6.57785 2.39414 8
      vertex 6.57785 2.39414 10
    endloop
  endfacet
  facet normal 0.953718 0.300701 0
    outer loop
      vertex 6.57785 2.39414 8
      vertex 6.76148 1.81173 10
      vertex 6.76148 1.81173 8
    endloop
  endfacet
  facet normal 0.843384 -0.537311 0
    outer loop
      vertex 5.73406 -4.01503 10
      vertex 6.06218 -3.5 8
      vertex 6.06218 -3.5 10
    endloop
  endfacet
  facet normal 0.843384 -0.537311 0
    outer loop
      vertex 6.06218 -3.5 8
      vertex 5.73406 -4.01503 10
      vertex 5.73406 -4.01503 8
    endloop
  endfacet
  facet normal -0.953718 0.300701 0
    outer loop
      vertex -6.76148 1.81173 8
      vertex -6.57785 2.39414 10
      vertex -6.57785 2.39414 8
    endloop
  endfacet
  facet normal -0.953718 0.300701 0
    outer loop
      vertex -6.57785 2.39414 10
      vertex -6.76148 1.81173 8
      vertex -6.76148 1.81173 10
    endloop
  endfacet
  facet normal -0.608757 0.793357 0
    outer loop
      vertex -4.01503 5.73406 8
      vertex -4.49951 5.36231 10
      vertex -4.01503 5.73406 10
    endloop
  endfacet
  facet normal -0.608757 0.793357 0
    outer loop
      vertex -4.49951 5.36231 10
      vertex -4.01503 5.73406 8
      vertex -4.49951 5.36231 8
    endloop
  endfacet
  facet normal 0.991445 -0.130528 0
    outer loop
      vertex 6.89365 -1.21554 10
      vertex 6.97336 -0.610089 8
      vertex 6.97336 -0.610089 10
    endloop
  endfacet
  facet normal 0.991445 -0.130528 0
    outer loop
      vertex 6.97336 -0.610089 8
      vertex 6.89365 -1.21554 10
      vertex 6.89365 -1.21554 8
    endloop
  endfacet
  facet normal 0.999048 -0.0436242 0
    outer loop
      vertex 6.97336 -0.610089 10
      vertex 7 0 8
      vertex 7 0 10
    endloop
  endfacet
  facet normal 0.999048 -0.0436242 0
    outer loop
      vertex 7 0 8
      vertex 6.97336 -0.610089 10
      vertex 6.97336 -0.610089 8
    endloop
  endfacet
  facet normal -0.991445 0.130528 0
    outer loop
      vertex -6.97336 0.610089 8
      vertex -6.89365 1.21554 10
      vertex -6.89365 1.21554 8
    endloop
  endfacet
  facet normal -0.991445 0.130528 0
    outer loop
      vertex -6.89365 1.21554 10
      vertex -6.97336 0.610089 8
      vertex -6.97336 0.610089 10
    endloop
  endfacet
  facet normal 0.923877 0.38269 0
    outer loop
      vertex 6.57785 2.39414 10
      vertex 6.34415 2.95833 8
      vertex 6.34415 2.95833 10
    endloop
  endfacet
  facet normal 0.923877 0.38269 0
    outer loop
      vertex 6.34415 2.95833 8
      vertex 6.57785 2.39414 10
      vertex 6.57785 2.39414 8
    endloop
  endfacet
  facet normal -0.976297 -0.216436 0
    outer loop
      vertex -6.76148 -1.81173 8
      vertex -6.89365 -1.21554 10
      vertex -6.89365 -1.21554 8
    endloop
  endfacet
  facet normal -0.976297 -0.216436 0
    outer loop
      vertex -6.89365 -1.21554 10
      vertex -6.76148 -1.81173 8
      vertex -6.76148 -1.81173 10
    endloop
  endfacet
  facet normal 0.887015 0.461741 0
    outer loop
      vertex 6.34415 2.95833 10
      vertex 6.06218 3.5 8
      vertex 6.06218 3.5 10
    endloop
  endfacet
  facet normal 0.887015 0.461741 0
    outer loop
      vertex 6.06218 3.5 8
      vertex 6.34415 2.95833 10
      vertex 6.34415 2.95833 8
    endloop
  endfacet
  facet normal -0.793357 0.608757 0
    outer loop
      vertex -5.73406 4.01503 8
      vertex -5.36231 4.49951 10
      vertex -5.36231 4.49951 8
    endloop
  endfacet
  facet normal -0.793357 0.608757 0
    outer loop
      vertex -5.36231 4.49951 10
      vertex -5.73406 4.01503 8
      vertex -5.73406 4.01503 10
    endloop
  endfacet
  facet normal -0.887015 -0.461741 0
    outer loop
      vertex -6.06218 -3.5 8
      vertex -6.34415 -2.95833 10
      vertex -6.34415 -2.95833 8
    endloop
  endfacet
  facet normal -0.887015 -0.461741 0
    outer loop
      vertex -6.34415 -2.95833 10
      vertex -6.06218 -3.5 8
      vertex -6.06218 -3.5 10
    endloop
  endfacet
  facet normal 0.38269 -0.923877 0
    outer loop
      vertex 2.39414 -6.57785 8
      vertex 2.95833 -6.34415 10
      vertex 2.39414 -6.57785 10
    endloop
  endfacet
  facet normal 0.38269 -0.923877 0
    outer loop
      vertex 2.95833 -6.34415 10
      vertex 2.39414 -6.57785 8
      vertex 2.95833 -6.34415 8
    endloop
  endfacet
  facet normal -0.608757 -0.793357 0
    outer loop
      vertex -4.49951 -5.36231 8
      vertex -4.01503 -5.73406 10
      vertex -4.49951 -5.36231 10
    endloop
  endfacet
  facet normal -0.608757 -0.793357 -0
    outer loop
      vertex -4.01503 -5.73406 10
      vertex -4.49951 -5.36231 8
      vertex -4.01503 -5.73406 8
    endloop
  endfacet
  facet normal -0.300701 0.953718 0
    outer loop
      vertex -1.81173 6.76148 8
      vertex -2.39414 6.57785 10
      vertex -1.81173 6.76148 10
    endloop
  endfacet
  facet normal -0.300701 0.953718 0
    outer loop
      vertex -2.39414 6.57785 10
      vertex -1.81173 6.76148 8
      vertex -2.39414 6.57785 8
    endloop
  endfacet
  facet normal 0.737285 0.675582 0
    outer loop
      vertex 5.36231 4.49951 10
      vertex 4.94975 4.94975 8
      vertex 4.94975 4.94975 10
    endloop
  endfacet
  facet normal 0.737285 0.675582 0
    outer loop
      vertex 4.94975 4.94975 8
      vertex 5.36231 4.49951 10
      vertex 5.36231 4.49951 8
    endloop
  endfacet
  facet normal -0.953718 -0.300701 0
    outer loop
      vertex -6.57785 -2.39414 8
      vertex -6.76148 -1.81173 10
      vertex -6.76148 -1.81173 8
    endloop
  endfacet
  facet normal -0.953718 -0.300701 0
    outer loop
      vertex -6.76148 -1.81173 10
      vertex -6.57785 -2.39414 8
      vertex -6.57785 -2.39414 10
    endloop
  endfacet
  facet normal -0.793357 -0.608757 0
    outer loop
      vertex -5.36231 -4.49951 8
      vertex -5.73406 -4.01503 10
      vertex -5.73406 -4.01503 8
    endloop
  endfacet
  facet normal -0.793357 -0.608757 0
    outer loop
      vertex -5.73406 -4.01503 10
      vertex -5.36231 -4.49951 8
      vertex -5.36231 -4.49951 10
    endloop
  endfacet
  facet normal -0.0436242 -0.999048 0
    outer loop
      vertex -0.610089 -6.97336 8
      vertex 0 -7 10
      vertex -0.610089 -6.97336 10
    endloop
  endfacet
  facet normal -0.0436242 -0.999048 -0
    outer loop
      vertex 0 -7 10
      vertex -0.610089 -6.97336 8
      vertex 0 -7 8
    endloop
  endfacet
  facet normal -0.461741 -0.887015 0
    outer loop
      vertex -3.5 -6.06218 8
      vertex -2.95833 -6.34415 10
      vertex -3.5 -6.06218 10
    endloop
  endfacet
  facet normal -0.461741 -0.887015 -0
    outer loop
      vertex -2.95833 -6.34415 10
      vertex -3.5 -6.06218 8
      vertex -2.95833 -6.34415 8
    endloop
  endfacet
  facet normal -0.130528 -0.991445 0
    outer loop
      vertex -1.21554 -6.89365 8
      vertex -0.610089 -6.97336 10
      vertex -1.21554 -6.89365 10
    endloop
  endfacet
  facet normal -0.130528 -0.991445 -0
    outer loop
      vertex -0.610089 -6.97336 10
      vertex -1.21554 -6.89365 8
      vertex -0.610089 -6.97336 8
    endloop
  endfacet
  facet normal 0.923877 -0.38269 0
    outer loop
      vertex 6.34415 -2.95833 10
      vertex 6.57785 -2.39414 8
      vertex 6.57785 -2.39414 10
    endloop
  endfacet
  facet normal 0.923877 -0.38269 0
    outer loop
      vertex 6.57785 -2.39414 8
      vertex 6.34415 -2.95833 10
      vertex 6.34415 -2.95833 8
    endloop
  endfacet
  facet normal -0.923877 0.38269 0
    outer loop
      vertex -6.57785 2.39414 8
      vertex -6.34415 2.95833 10
      vertex -6.34415 2.95833 8
    endloop
  endfacet
  facet normal -0.923877 0.38269 0
    outer loop
      vertex -6.34415 2.95833 10
      vertex -6.57785 2.39414 8
      vertex -6.57785 2.39414 10
    endloop
  endfacet
  facet normal 0.300701 0.953718 -0
    outer loop
      vertex 2.39414 6.57785 8
      vertex 1.81173 6.76148 10
      vertex 2.39414 6.57785 10
    endloop
  endfacet
  facet normal 0.300701 0.953718 0
    outer loop
      vertex 1.81173 6.76148 10
      vertex 2.39414 6.57785 8
      vertex 1.81173 6.76148 8
    endloop
  endfacet
  facet normal 0.793357 0.608757 0
    outer loop
      vertex 5.73406 4.01503 10
      vertex 5.36231 4.49951 8
      vertex 5.36231 4.49951 10
    endloop
  endfacet
  facet normal 0.793357 0.608757 0
    outer loop
      vertex 5.36231 4.49951 8
      vertex 5.73406 4.01503 10
      vertex 5.73406 4.01503 8
    endloop
  endfacet
  facet normal 0 0 1
    outer loop
      vertex 4.14999 3.04358 10
      vertex 7 0 10
      vertex 6.97336 0.610089 10
    endloop
  endfacet
  facet normal 0 0 1
    outer loop
      vertex 4.14999 3.04358 10
      vertex 6.97336 0.610089 10
      vertex 6.89365 1.21554 10
    endloop
  endfacet
  facet normal 0 0 1
    outer loop
      vertex 4.14999 -3.04358 10
      vertex 7 0 10
      vertex 4.14999 3.04358 10
    endloop
  endfacet
  facet normal 0 0 1
    outer loop
      vertex 4.14999 3.04358 10
      vertex 6.89365 1.21554 10
      vertex 6.76148 1.81173 10
    endloop
  endfacet
  facet normal 0 0 1
    outer loop
      vertex 7 0 10
      vertex 4.14999 -3.04358 10
      vertex 6.97336 -0.610089 10
    endloop
  endfacet
  facet normal 0 0 1
    outer loop
      vertex 4.14999 3.04358 10
      vertex 6.76148 1.81173 10
      vertex 6.57785 2.39414 10
    endloop
  endfacet
  facet normal 0 0 1
    outer loop
      vertex 6.97336 -0.610089 10
      vertex 4.14999 -3.04358 10
      vertex 6.89365 -1.21554 10
    endloop
  endfacet
  facet normal 0 0 1
    outer loop
      vertex 4.14999 3.04358 10
      vertex 6.57785 2.39414 10
      vertex 6.34415 2.95833 10
    endloop
  endfacet
  facet normal 0 0 1
    outer loop
      vertex 6.89365 -1.21554 10
      vertex 4.14999 -3.04358 10
      vertex 6.76148 -1.81173 10
    endloop
  endfacet
  facet normal -0 0 1
    outer loop
      vertex 4.14999 3.04358 10
      vertex 6.34415 2.95833 10
      vertex 6.06218 3.5 10
    endloop
  endfacet
  facet normal 0 0 1
    outer loop
      vertex 6.76148 -1.81173 10
      vertex 4.14999 -3.04358 10
      vertex 6.57785 -2.39414 10
    endloop
  endfacet
  facet normal 0 0 1
    outer loop
      vertex 4.14999 3.04358 10
      vertex 6.06218 3.5 10
      vertex 5.73406 4.01503 10
    endloop
  endfacet
  facet normal 0 0 1
    outer loop
      vertex 6.57785 -2.39414 10
      vertex 4.14999 -3.04358 10
      vertex 6.34415 -2.95833 10
    endloop
  endfacet
  facet normal 0 0 1
    outer loop
      vertex 4.14999 3.04358 10
      vertex 5.73406 4.01503 10
      vertex 5.36231 4.49951 10
    endloop
  endfacet
  facet normal 0 0 1
    outer loop
      vertex 6.34415 -2.95833 10
      vertex 4.14999 -3.04358 10
      vertex 6.06218 -3.5 10
    endloop
  endfacet
  facet normal 0 0 1
    outer loop
      vertex 3.94524 3.31044 10
      vertex 5.36231 4.49951 10
      vertex 4.94975 4.94975 10
    endloop
  endfacet
  facet normal 0 0 1
    outer loop
      vertex 6.06218 -3.5 10
      vertex 4.14999 -3.04358 10
      vertex 5.73406 -4.01503 10
    endloop
  endfacet
  facet normal 0 0 1
    outer loop
      vertex 3.64169 3.64169 10
      vertex 4.94975 4.94975 10
      vertex 4.49951 5.36231 10
    endloop
  endfacet
  facet normal 0 0 1
    outer loop
      vertex 5.73406 -4.01503 10
      vertex 4.14999 -3.04358 10
      vertex 5.36231 -4.49951 10
    endloop
  endfacet
  facet normal -0 0 1
    outer loop
      vertex 3.94524 -3.31044 10
      vertex 5.36231 -4.49951 10
      vertex 4.14999 -3.04358 10
    endloop
  endfacet
  facet normal 0 0 1
    outer loop
      vertex 3.31044 3.94524 10
      vertex 4.49951 5.36231 10
      vertex 4.01503 5.73406 10
    endloop
  endfacet
  facet normal 0 0 1
    outer loop
      vertex 5.36231 4.49951 10
      vertex 3.94524 3.31044 10
      vertex 4.14999 3.04358 10
    endloop
  endfacet
  facet normal 0 0 1
    outer loop
      vertex 4.94975 4.94975 10
      vertex 3.64169 3.64169 10
      vertex 3.94524 3.31044 10
    endloop
  endfacet
  facet normal 0 0 1
    outer loop
      vertex 2.95399 4.21873 10
      vertex 4.01503 5.73406 10
      vertex 3.5 6.06218 10
    endloop
  endfacet
  facet normal 0 0 1
    outer loop
      vertex 4.49951 5.36231 10
      vertex 3.31044 3.94524 10
      vertex 3.64169 3.64169 10
    endloop
  endfacet
  facet normal 0 0 1
    outer loop
      vertex 2.57507 4.46016 10
      vertex 3.5 6.06218 10
      vertex 2.95833 6.34415 10
    endloop
  endfacet
  facet normal 0 0 1
    outer loop
      vertex 4.01503 5.73406 10
      vertex 2.95399 4.21873 10
      vertex 3.31044 3.94524 10
    endloop
  endfacet
  facet normal 0 0 1
    outer loop
      vertex 3.5 6.06218 10
      vertex 2.57507 4.46016 10
      vertex 2.95399 4.21873 10
    endloop
  endfacet
  facet normal 0 0 1
    outer loop
      vertex 2.17653 4.6676 10
      vertex 2.95833 6.34415 10
      vertex 2.39414 6.57785 10
    endloop
  endfacet
  facet normal 0 0 1
    outer loop
      vertex 2.95833 6.34415 10
      vertex 2.17653 4.6676 10
      vertex 2.57507 4.46016 10
    endloop
  endfacet
  facet normal 0 0 1
    outer loop
      vertex 1.76144 4.83954 10
      vertex 2.39414 6.57785 10
      vertex 1.81173 6.76148 10
    endloop
  endfacet
  facet normal 0 0 1
    outer loop
      vertex 2.39414 6.57785 10
      vertex 1.76144 4.83954 10
      vertex 2.17653 4.6676 10
    endloop
  endfacet
  facet normal 0 0 1
    outer loop
      vertex 1.81173 6.76148 10
      vertex 1.33295 4.97464 10
      vertex 1.76144 4.83954 10
    endloop
  endfacet
  facet normal 0 0 1
    outer loop
      vertex 1.21554 6.89365 10
      vertex 1.33295 4.97464 10
      vertex 1.81173 6.76148 10
    endloop
  endfacet
  facet normal 0 0 1
    outer loop
      vertex 1.21554 6.89365 10
      vertex 0.894318 5.07188 10
      vertex 1.33295 4.97464 10
    endloop
  endfacet
  facet normal 0 0 1
    outer loop
      vertex 0.610089 6.97336 10
      vertex 0.894318 5.07188 10
      vertex 1.21554 6.89365 10
    endloop
  endfacet
  facet normal 0 0 1
    outer loop
      vertex 0.610089 6.97336 10
      vertex 0.448868 5.13054 10
      vertex 0.894318 5.07188 10
    endloop
  endfacet
  facet normal 0 0 1
    outer loop
      vertex 0 7 10
      vertex 0.448868 5.13054 10
      vertex 0.610089 6.97336 10
    endloop
  endfacet
  facet normal 0 0 1
    outer loop
      vertex 0 7 10
      vertex 0 5.15015 10
      vertex 0.448868 5.13054 10
    endloop
  endfacet
  facet normal 0 0 1
    outer loop
      vertex 0 7 10
      vertex -0.448868 5.13054 10
      vertex 0 5.15015 10
    endloop
  endfacet
  facet normal -0 0 1
    outer loop
      vertex -0.610089 6.97336 10
      vertex -0.448868 5.13054 10
      vertex 0 7 10
    endloop
  endfacet
  facet normal 0 0 1
    outer loop
      vertex -0.610089 6.97336 10
      vertex -0.894318 5.07188 10
      vertex -0.448868 5.13054 10
    endloop
  endfacet
  facet normal -0 0 1
    outer loop
      vertex -1.21554 6.89365 10
      vertex -0.894318 5.07188 10
      vertex -0.610089 6.97336 10
    endloop
  endfacet
  facet normal 0 0 1
    outer loop
      vertex -1.21554 6.89365 10
      vertex -1.33295 4.97464 10
      vertex -0.894318 5.07188 10
    endloop
  endfacet
  facet normal -0 0 1
    outer loop
      vertex -1.81173 6.76148 10
      vertex -1.33295 4.97464 10
      vertex -1.21554 6.89365 10
    endloop
  endfacet
  facet normal 0 0 1
    outer loop
      vertex -1.33295 4.97464 10
      vertex -1.81173 6.76148 10
      vertex -1.76144 4.83954 10
    endloop
  endfacet
  facet normal -0 0 1
    outer loop
      vertex -2.39414 6.57785 10
      vertex -1.76144 4.83954 10
      vertex -1.81173 6.76148 10
    endloop
  endfacet
  facet normal 0 0 1
    outer loop
      vertex -1.76144 4.83954 10
      vertex -2.39414 6.57785 10
      vertex -2.17653 4.6676 10
    endloop
  endfacet
  facet normal -0 0 1
    outer loop
      vertex -2.95833 6.34415 10
      vertex -2.17653 4.6676 10
      vertex -2.39414 6.57785 10
    endloop
  endfacet
  facet normal 0 0 1
    outer loop
      vertex -2.17653 4.6676 10
      vertex -2.95833 6.34415 10
      vertex -2.57507 4.46016 10
    endloop
  endfacet
  facet normal -0 0 1
    outer loop
      vertex -3.5 6.06218 10
      vertex -2.57507 4.46016 10
      vertex -2.95833 6.34415 10
    endloop
  endfacet
  facet normal 0 0 1
    outer loop
      vertex -2.57507 4.46016 10
      vertex -3.5 6.06218 10
      vertex -2.95399 4.21873 10
    endloop
  endfacet
  facet normal -0 0 1
    outer loop
      vertex -4.01503 5.73406 10
      vertex -2.95399 4.21873 10
      vertex -3.5 6.06218 10
    endloop
  endfacet
  facet normal 0 0 1
    outer loop
      vertex -2.95399 4.21873 10
      vertex -4.01503 5.73406 10
      vertex -3.31044 3.94524 10
    endloop
  endfacet
  facet normal -0 0 1
    outer loop
      vertex -4.49951 5.36231 10
      vertex -3.31044 3.94524 10
      vertex -4.01503 5.73406 10
    endloop
  endfacet
  facet normal 0 0 1
    outer loop
      vertex -3.31044 3.94524 10
      vertex -4.49951 5.36231 10
      vertex -3.64169 3.64169 10
    endloop
  endfacet
  facet normal -0 0 1
    outer loop
      vertex -4.94975 4.94975 10
      vertex -3.64169 3.64169 10
      vertex -4.49951 5.36231 10
    endloop
  endfacet
  facet normal 0 0 1
    outer loop
      vertex -3.64169 3.64169 10
      vertex -4.94975 4.94975 10
      vertex -3.94524 3.31044 10
    endloop
  endfacet
  facet normal -0 0 1
    outer loop
      vertex -5.36231 4.49951 10
      vertex -3.94524 3.31044 10
      vertex -4.94975 4.94975 10
    endloop
  endfacet
  facet normal 0 0 1
    outer loop
      vertex -3.94524 3.31044 10
      vertex -5.36231 4.49951 10
      vertex -4.21873 2.95399 10
    endloop
  endfacet
  facet normal -0 0 1
    outer loop
      vertex -5.73406 4.01503 10
      vertex -4.21873 2.95399 10
      vertex -5.36231 4.49951 10
    endloop
  endfacet
  facet normal 0 0 1
    outer loop
      vertex -4.21873 2.95399 10
      vertex -5.73406 4.01503 10
      vertex -4.46016 2.57507 10
    endloop
  endfacet
  facet normal -0 0 1
    outer loop
      vertex -6.06218 3.5 10
      vertex -4.46016 2.57507 10
      vertex -5.73406 4.01503 10
    endloop
  endfacet
  facet normal 0 0 1
    outer loop
      vertex -4.46016 2.57507 10
      vertex -6.06218 3.5 10
      vertex -4.6676 2.17653 10
    endloop
  endfacet
  facet normal -0 0 1
    outer loop
      vertex -6.34415 2.95833 10
      vertex -4.6676 2.17653 10
      vertex -6.06218 3.5 10
    endloop
  endfacet
  facet normal 0 0 1
    outer loop
      vertex -4.6676 2.17653 10
      vertex -6.34415 2.95833 10
      vertex -4.83954 1.76144 10
    endloop
  endfacet
  facet normal -0 0 1
    outer loop
      vertex -6.57785 2.39414 10
      vertex -4.83954 1.76144 10
      vertex -6.34415 2.95833 10
    endloop
  endfacet
  facet normal 0 0 1
    outer loop
      vertex 5.36231 -4.49951 10
      vertex 3.94524 -3.31044 10
      vertex 4.94975 -4.94975 10
    endloop
  endfacet
  facet normal -0 0 1
    outer loop
      vertex 3.64169 -3.64169 10
      vertex 4.94975 -4.94975 10
      vertex 3.94524 -3.31044 10
    endloop
  endfacet
  facet normal 0 0 1
    outer loop
      vertex 4.94975 -4.94975 10
      vertex 3.64169 -3.64169 10
      vertex 4.49951 -5.36231 10
    endloop
  endfacet
  facet normal -0 0 1
    outer loop
      vertex 3.31044 -3.94524 10
      vertex 4.49951 -5.36231 10
      vertex 3.64169 -3.64169 10
    endloop
  endfacet
  facet normal 0 0 1
    outer loop
      vertex 4.49951 -5.36231 10
      vertex 3.31044 -3.94524 10
      vertex 4.01503 -5.73406 10
    endloop
  endfacet
  facet normal -0 0 1
    outer loop
      vertex 2.95399 -4.21873 10
      vertex 4.01503 -5.73406 10
      vertex 3.31044 -3.94524 10
    endloop
  endfacet
  facet normal 0 0 1
    outer loop
      vertex 4.01503 -5.73406 10
      vertex 2.95399 -4.21873 10
      vertex 3.5 -6.06218 10
    endloop
  endfacet
  facet normal -0 0 1
    outer loop
      vertex 2.57507 -4.46016 10
      vertex 3.5 -6.06218 10
      vertex 2.95399 -4.21873 10
    endloop
  endfacet
  facet normal 0 0 1
    outer loop
      vertex 3.5 -6.06218 10
      vertex 2.57507 -4.46016 10
      vertex 2.95833 -6.34415 10
    endloop
  endfacet
  facet normal -0 0 1
    outer loop
      vertex 2.17653 -4.6676 10
      vertex 2.95833 -6.34415 10
      vertex 2.57507 -4.46016 10
    endloop
  endfacet
  facet normal 0 0 1
    outer loop
      vertex 2.95833 -6.34415 10
      vertex 2.17653 -4.6676 10
      vertex 2.39414 -6.57785 10
    endloop
  endfacet
  facet normal -0 0 1
    outer loop
      vertex 1.76144 -4.83954 10
      vertex 2.39414 -6.57785 10
      vertex 2.17653 -4.6676 10
    endloop
  endfacet
  facet normal 0 0 1
    outer loop
      vertex 2.39414 -6.57785 10
      vertex 1.76144 -4.83954 10
      vertex 1.81173 -6.76148 10
    endloop
  endfacet
  facet normal -0 0 1
    outer loop
      vertex 1.33295 -4.97464 10
      vertex 1.81173 -6.76148 10
      vertex 1.76144 -4.83954 10
    endloop
  endfacet
  facet normal 0 0 1
    outer loop
      vertex 1.33295 -4.97464 10
      vertex 1.21554 -6.89365 10
      vertex 1.81173 -6.76148 10
    endloop
  endfacet
  facet normal -0 0 1
    outer loop
      vertex 0.894318 -5.07188 10
      vertex 1.21554 -6.89365 10
      vertex 1.33295 -4.97464 10
    endloop
  endfacet
  facet normal 0 0 1
    outer loop
      vertex 0.894318 -5.07188 10
      vertex 0.610089 -6.97336 10
      vertex 1.21554 -6.89365 10
    endloop
  endfacet
  facet normal -0 0 1
    outer loop
      vertex 0.448868 -5.13054 10
      vertex 0.610089 -6.97336 10
      vertex 0.894318 -5.07188 10
    endloop
  endfacet
  facet normal -0 0 1
    outer loop
      vertex 0 -5.15015 10
      vertex 0.610089 -6.97336 10
      vertex 0.448868 -5.13054 10
    endloop
  endfacet
  facet normal 0 0 1
    outer loop
      vertex 0 -5.15015 10
      vertex 0 -7 10
      vertex 0.610089 -6.97336 10
    endloop
  endfacet
  facet normal 0 0 1
    outer loop
      vertex -0.448868 -5.13054 10
      vertex 0 -7 10
      vertex 0 -5.15015 10
    endloop
  endfacet
  facet normal 0 0 1
    outer loop
      vertex -0.448868 -5.13054 10
      vertex -0.610089 -6.97336 10
      vertex 0 -7 10
    endloop
  endfacet
  facet normal 0 0 1
    outer loop
      vertex -0.894318 -5.07188 10
      vertex -0.610089 -6.97336 10
      vertex -0.448868 -5.13054 10
    endloop
  endfacet
  facet normal 0 0 1
    outer loop
      vertex -0.894318 -5.07188 10
      vertex -1.21554 -6.89365 10
      vertex -0.610089 -6.97336 10
    endloop
  endfacet
  facet normal 0 0 1
    outer loop
      vertex -1.33295 -4.97464 10
      vertex -1.21554 -6.89365 10
      vertex -0.894318 -5.07188 10
    endloop
  endfacet
  facet normal 0 0 1
    outer loop
      vertex -1.81173 -6.76148 10
      vertex -1.33295 -4.97464 10
      vertex -1.76144 -4.83954 10
    endloop
  endfacet
  facet normal 0 0 1
    outer loop
      vertex -1.33295 -4.97464 10
      vertex -1.81173 -6.76148 10
      vertex -1.21554 -6.89365 10
    endloop
  endfacet
  facet normal 0 0 1
    outer loop
      vertex -2.39414 -6.57785 10
      vertex -1.76144 -4.83954 10
      vertex -2.17653 -4.6676 10
    endloop
  endfacet
  facet normal 0 0 1
    outer loop
      vertex -1.76144 -4.83954 10
      vertex -2.39414 -6.57785 10
      vertex -1.81173 -6.76148 10
    endloop
  endfacet
  facet normal 0 0 1
    outer loop
      vertex -2.95833 -6.34415 10
      vertex -2.17653 -4.6676 10
      vertex -2.57507 -4.46016 10
    endloop
  endfacet
  facet normal 0 0 1
    outer loop
      vertex -3.5 -6.06218 10
      vertex -2.57507 -4.46016 10
      vertex -2.95399 -4.21873 10
    endloop
  endfacet
  facet normal 0 0 1
    outer loop
      vertex -2.17653 -4.6676 10
      vertex -2.95833 -6.34415 10
      vertex -2.39414 -6.57785 10
    endloop
  endfacet
  facet normal 0 0 1
    outer loop
      vertex -4.01503 -5.73406 10
      vertex -2.95399 -4.21873 10
      vertex -3.31044 -3.94524 10
    endloop
  endfacet
  facet normal 0 0 1
    outer loop
      vertex -2.57507 -4.46016 10
      vertex -3.5 -6.06218 10
      vertex -2.95833 -6.34415 10
    endloop
  endfacet
  facet normal 0 0 1
    outer loop
      vertex -4.49951 -5.36231 10
      vertex -3.31044 -3.94524 10
      vertex -3.64169 -3.64169 10
    endloop
  endfacet
  facet normal 0 0 1
    outer loop
      vertex -4.94975 -4.94975 10
      vertex -3.64169 -3.64169 10
      vertex -3.94524 -3.31044 10
    endloop
  endfacet
  facet normal 0 0 1
    outer loop
      vertex -2.95399 -4.21873 10
      vertex -4.01503 -5.73406 10
      vertex -3.5 -6.06218 10
    endloop
  endfacet
  facet normal 0 0 1
    outer loop
      vertex -5.36231 -4.49951 10
      vertex -3.94524 -3.31044 10
      vertex -4.21873 -2.95399 10
    endloop
  endfacet
  facet normal 0 0 1
    outer loop
      vertex -5.73406 -4.01503 10
      vertex -4.21873 -2.95399 10
      vertex -4.46016 -2.57507 10
    endloop
  endfacet
  facet normal 0 0 1
    outer loop
      vertex -3.31044 -3.94524 10
      vertex -4.49951 -5.36231 10
      vertex -4.01503 -5.73406 10
    endloop
  endfacet
  facet normal 0 0 1
    outer loop
      vertex -6.06218 -3.5 10
      vertex -4.46016 -2.57507 10
      vertex -4.6676 -2.17653 10
    endloop
  endfacet
  facet normal 0 0 1
    outer loop
      vertex -6.34415 -2.95833 10
      vertex -4.6676 -2.17653 10
      vertex -4.83954 -1.76144 10
    endloop
  endfacet
  facet normal 0 0 1
    outer loop
      vertex -3.64169 -3.64169 10
      vertex -4.94975 -4.94975 10
      vertex -4.49951 -5.36231 10
    endloop
  endfacet
  facet normal 0 0 1
    outer loop
      vertex -6.57785 -2.39414 10
      vertex -4.83954 -1.76144 10
      vertex -4.97464 -1.33295 10
    endloop
  endfacet
  facet normal 0 0 1
    outer loop
      vertex -6.76148 -1.81173 10
      vertex -4.97464 -1.33295 10
      vertex -5.07188 -0.894318 10
    endloop
  endfacet
  facet normal 0 0 1
    outer loop
      vertex -6.89365 -1.21554 10
      vertex -5.07188 -0.894318 10
      vertex -5.13054 -0.448868 10
    endloop
  endfacet
  facet normal 0 0 1
    outer loop
      vertex -6.97336 -0.610089 10
      vertex -5.13054 -0.448868 10
      vertex -5.15015 0 10
    endloop
  endfacet
  facet normal 0 0 1
    outer loop
      vertex -4.83954 1.76144 10
      vertex -6.57785 2.39414 10
      vertex -4.97464 1.33295 10
    endloop
  endfacet
  facet normal 0 0 1
    outer loop
      vertex -3.94524 -3.31044 10
      vertex -5.36231 -4.49951 10
      vertex -4.94975 -4.94975 10
    endloop
  endfacet
  facet normal -0 0 1
    outer loop
      vertex -6.76148 1.81173 10
      vertex -4.97464 1.33295 10
      vertex -6.57785 2.39414 10
    endloop
  endfacet
  facet normal 0 0 1
    outer loop
      vertex -4.21873 -2.95399 10
      vertex -5.73406 -4.01503 10
      vertex -5.36231 -4.49951 10
    endloop
  endfacet
  facet normal 0 0 1
    outer loop
      vertex -4.97464 1.33295 10
      vertex -6.76148 1.81173 10
      vertex -5.07188 0.894318 10
    endloop
  endfacet
  facet normal 0 0 1
    outer loop
      vertex -4.46016 -2.57507 10
      vertex -6.06218 -3.5 10
      vertex -5.73406 -4.01503 10
    endloop
  endfacet
  facet normal -0 0 1
    outer loop
      vertex -6.89365 1.21554 10
      vertex -5.07188 0.894318 10
      vertex -6.76148 1.81173 10
    endloop
  endfacet
  facet normal 0 0 1
    outer loop
      vertex -4.6676 -2.17653 10
      vertex -6.34415 -2.95833 10
      vertex -6.06218 -3.5 10
    endloop
  endfacet
  facet normal 0 0 1
    outer loop
      vertex -5.07188 0.894318 10
      vertex -6.89365 1.21554 10
      vertex -5.13054 0.448868 10
    endloop
  endfacet
  facet normal 0 0 1
    outer loop
      vertex -4.83954 -1.76144 10
      vertex -6.57785 -2.39414 10
      vertex -6.34415 -2.95833 10
    endloop
  endfacet
  facet normal -0 0 1
    outer loop
      vertex -6.97336 0.610089 10
      vertex -5.13054 0.448868 10
      vertex -6.89365 1.21554 10
    endloop
  endfacet
  facet normal 0 0 1
    outer loop
      vertex -4.97464 -1.33295 10
      vertex -6.76148 -1.81173 10
      vertex -6.57785 -2.39414 10
    endloop
  endfacet
  facet normal 0 0 1
    outer loop
      vertex -5.13054 0.448868 10
      vertex -6.97336 0.610089 10
      vertex -5.15015 0 10
    endloop
  endfacet
  facet normal 0 0 1
    outer loop
      vertex -5.07188 -0.894318 10
      vertex -6.89365 -1.21554 10
      vertex -6.76148 -1.81173 10
    endloop
  endfacet
  facet normal 0 0 1
    outer loop
      vertex -7 0 10
      vertex -5.15015 0 10
      vertex -6.97336 0.610089 10
    endloop
  endfacet
  facet normal 0 0 1
    outer loop
      vertex -5.13054 -0.448868 10
      vertex -6.97336 -0.610089 10
      vertex -6.89365 -1.21554 10
    endloop
  endfacet
  facet normal 0 0 1
    outer loop
      vertex -5.15015 0 10
      vertex -7 0 10
      vertex -6.97336 -0.610089 10
    endloop
  endfacet
  facet normal -0.843384 -0.537311 0
    outer loop
      vertex -5.73406 -4.01503 8
      vertex -6.06218 -3.5 10
      vertex -6.06218 -3.5 8
    endloop
  endfacet
  facet normal -0.843384 -0.537311 0
    outer loop
      vertex -6.06218 -3.5 10
      vertex -5.73406 -4.01503 8
      vertex -5.73406 -4.01503 10
    endloop
  endfacet
  facet normal -0.991445 -0.130528 0
    outer loop
      vertex -6.89365 -1.21554 8
      vertex -6.97336 -0.610089 10
      vertex -6.97336 -0.610089 8
    endloop
  endfacet
  facet normal -0.991445 -0.130528 0
    outer loop
      vertex -6.97336 -0.610089 10
      vertex -6.89365 -1.21554 8
      vertex -6.89365 -1.21554 10
    endloop
  endfacet
  facet normal -0.999048 -0.0436242 0
    outer loop
      vertex -6.97336 -0.610089 8
      vertex -7 0 10
      vertex -7 0 8
    endloop
  endfacet
  facet normal -0.999048 -0.0436242 0
    outer loop
      vertex -7 0 10
      vertex -6.97336 -0.610089 8
      vertex -6.97336 -0.610089 10
    endloop
  endfacet
  facet normal -0.999048 0.0436242 0
    outer loop
      vertex -7 0 8
      vertex -6.97336 0.610089 10
      vertex -6.97336 0.610089 8
    endloop
  endfacet
  facet normal -0.999048 0.0436242 0
    outer loop
      vertex -6.97336 0.610089 10
      vertex -7 0 8
      vertex -7 0 10
    endloop
  endfacet
  facet normal -0.38269 -0.923877 0
    outer loop
      vertex -2.95833 -6.34415 8
      vertex -2.39414 -6.57785 10
      vertex -2.95833 -6.34415 10
    endloop
  endfacet
  facet normal -0.38269 -0.923877 -0
    outer loop
      vertex -2.39414 -6.57785 10
      vertex -2.95833 -6.34415 8
      vertex -2.39414 -6.57785 8
    endloop
  endfacet
  facet normal -0.300701 -0.953718 0
    outer loop
      vertex -2.39414 -6.57785 8
      vertex -1.81173 -6.76148 10
      vertex -2.39414 -6.57785 10
    endloop
  endfacet
  facet normal -0.300701 -0.953718 -0
    outer loop
      vertex -1.81173 -6.76148 10
      vertex -2.39414 -6.57785 8
      vertex -1.81173 -6.76148 8
    endloop
  endfacet
  facet normal 0.38269 0.923877 -0
    outer loop
      vertex 2.95833 6.34415 8
      vertex 2.39414 6.57785 10
      vertex 2.95833 6.34415 10
    endloop
  endfacet
  facet normal 0.38269 0.923877 0
    outer loop
      vertex 2.39414 6.57785 10
      vertex 2.95833 6.34415 8
      vertex 2.39414 6.57785 8
    endloop
  endfacet
  facet normal -0.216436 -0.976297 0
    outer loop
      vertex -1.81173 -6.76148 8
      vertex -1.21554 -6.89365 10
      vertex -1.81173 -6.76148 10
    endloop
  endfacet
  facet normal -0.216436 -0.976297 -0
    outer loop
      vertex -1.21554 -6.89365 10
      vertex -1.81173 -6.76148 8
      vertex -1.21554 -6.89365 8
    endloop
  endfacet
  facet normal 0.675582 -0.737285 0
    outer loop
      vertex 4.49951 -5.36231 8
      vertex 4.94975 -4.94975 10
      vertex 4.49951 -5.36231 10
    endloop
  endfacet
  facet normal 0.675582 -0.737285 0
    outer loop
      vertex 4.94975 -4.94975 10
      vertex 4.49951 -5.36231 8
      vertex 4.94975 -4.94975 8
    endloop
  endfacet
  facet normal 0.608757 -0.793357 0
    outer loop
      vertex 4.01503 -5.73406 8
      vertex 4.49951 -5.36231 10
      vertex 4.01503 -5.73406 10
    endloop
  endfacet
  facet normal 0.608757 -0.793357 0
    outer loop
      vertex 4.49951 -5.36231 10
      vertex 4.01503 -5.73406 8
      vertex 4.49951 -5.36231 8
    endloop
  endfacet
  facet normal 0.130528 0.991445 -0
    outer loop
      vertex 1.21554 6.89365 8
      vertex 0.610089 6.97336 10
      vertex 1.21554 6.89365 10
    endloop
  endfacet
  facet normal 0.130528 0.991445 0
    outer loop
      vertex 0.610089 6.97336 10
      vertex 1.21554 6.89365 8
      vertex 0.610089 6.97336 8
    endloop
  endfacet
  facet normal -0.887015 0.461741 0
    outer loop
      vertex -6.34415 2.95833 8
      vertex -6.06218 3.5 10
      vertex -6.06218 3.5 8
    endloop
  endfacet
  facet normal -0.887015 0.461741 0
    outer loop
      vertex -6.06218 3.5 10
      vertex -6.34415 2.95833 8
      vertex -6.34415 2.95833 10
    endloop
  endfacet
  facet normal -0.70677 0.0308505 -0.70677
    outer loop
      vertex -13.8 0 2.2
      vertex -15 0 3.4
      vertex -13.7475 1.20275 2.2
    endloop
  endfacet
  facet normal -0.706779 0.0308696 -0.70676
    outer loop
      vertex -13.7475 1.20275 2.2
      vertex -15 0 3.4
      vertex -14.9429 1.30734 3.4
    endloop
  endfacet
  facet normal -0.70677 0.0308692 0.70677
    outer loop
      vertex -14.9429 1.30734 1
      vertex -15 0 1
      vertex -13.8 0 2.2
    endloop
  endfacet
  facet normal -0.70678 0.0308509 0.70676
    outer loop
      vertex -13.7475 1.20275 2.2
      vertex -14.9429 1.30734 1
      vertex -13.8 0 2.2
    endloop
  endfacet
  facet normal -0.701397 0.0923764 -0.70676
    outer loop
      vertex -13.7475 1.20275 2.2
      vertex -14.9429 1.30734 3.4
      vertex -13.5903 2.39634 2.2
    endloop
  endfacet
  facet normal -0.701382 0.0923369 -0.706779
    outer loop
      vertex -13.5903 2.39634 2.2
      vertex -14.9429 1.30734 3.4
      vertex -14.7721 2.60472 3.4
    endloop
  endfacet
  facet normal -0.701401 0.0923394 0.70676
    outer loop
      vertex -14.7721 2.60472 1
      vertex -14.9429 1.30734 1
      vertex -13.7475 1.20275 2.2
    endloop
  endfacet
  facet normal -0.701377 0.0923738 0.70678
    outer loop
      vertex -13.5903 2.39634 2.2
      vertex -14.7721 2.60472 1
      vertex -13.7475 1.20275 2.2
    endloop
  endfacet
  facet normal -0.690673 0.153077 -0.70678
    outer loop
      vertex -13.5903 2.39634 2.2
      vertex -14.7721 2.60472 3.4
      vertex -13.3298 3.5717 2.2
    endloop
  endfacet
  facet normal -0.690681 0.153104 -0.706767
    outer loop
      vertex -13.3298 3.5717 2.2
      vertex -14.7721 2.60472 3.4
      vertex -14.4889 3.88229 3.4
    endloop
  endfacet
  facet normal -0.690669 0.153101 0.706779
    outer loop
      vertex -14.4889 3.88229 1
      vertex -14.7721 2.60472 1
      vertex -13.5903 2.39634 2.2
    endloop
  endfacet
  facet normal -0.690686 0.15308 0.706766
    outer loop
      vertex -13.3298 3.5717 2.2
      vertex -14.4889 3.88229 1
      vertex -13.5903 2.39634 2.2
    endloop
  endfacet
  facet normal -0.674706 0.212722 -0.706768
    outer loop
      vertex -13.3298 3.5717 2.2
      vertex -14.4889 3.88229 3.4
      vertex -12.9678 4.71988 2.2
    endloop
  endfacet
  facet normal -0.674709 0.212737 -0.706761
    outer loop
      vertex -12.9678 4.71988 2.2
      vertex -14.4889 3.88229 3.4
      vertex -14.0954 5.1303 3.4
    endloop
  endfacet
  facet normal -0.674703 0.212735 0.706768
    outer loop
      vertex -14.0954 5.1303 1
      vertex -14.4889 3.88229 1
      vertex -13.3298 3.5717 2.2
    endloop
  endfacet
  facet normal -0.674713 0.212725 0.706761
    outer loop
      vertex -12.9678 4.71988 2.2
      vertex -14.0954 5.1303 1
      vertex -13.3298 3.5717 2.2
    endloop
  endfacet
  facet normal -0.653583 0.270776 -0.70676
    outer loop
      vertex -12.9678 4.71988 2.2
      vertex -14.0954 5.1303 3.4
      vertex -12.507 5.83213 2.2
    endloop
  endfacet
  facet normal -0.653579 0.270737 -0.706778
    outer loop
      vertex -12.507 5.83213 2.2
      vertex -14.0954 5.1303 3.4
      vertex -13.5946 6.33927 3.4
    endloop
  endfacet
  facet normal -0.653596 0.270743 0.706761
    outer loop
      vertex -13.5946 6.33927 1
      vertex -14.0954 5.1303 1
      vertex -12.9678 4.71988 2.2
    endloop
  endfacet
  facet normal -0.653565 0.270769 0.706779
    outer loop
      vertex -12.507 5.83213 2.2
      vertex -13.5946 6.33927 1
      vertex -12.9678 4.71988 2.2
    endloop
  endfacet
  facet normal -0.627503 0.326658 -0.706778
    outer loop
      vertex -12.507 5.83213 2.2
      vertex -13.5946 6.33927 3.4
      vertex -11.9511 6.9 2.2
    endloop
  endfacet
  facet normal -0.627503 0.326637 -0.706788
    outer loop
      vertex -11.9511 6.9 2.2
      vertex -13.5946 6.33927 3.4
      vertex -12.9904 7.5 3.4
    endloop
  endfacet
  facet normal -0.627511 0.326641 0.706778
    outer loop
      vertex -12.9904 7.5 1
      vertex -13.5946 6.33927 1
      vertex -12.507 5.83213 2.2
    endloop
  endfacet
  facet normal -0.627493 0.326654 0.706788
    outer loop
      vertex -11.9511 6.9 2.2
      vertex -12.9904 7.5 1
      vertex -12.507 5.83213 2.2
    endloop
  endfacet
  facet normal -0.59665 0.380079 -0.706788
    outer loop
      vertex -11.9511 6.9 2.2
      vertex -12.9904 7.5 3.4
      vertex -11.3043 7.91535 2.2
    endloop
  endfacet
  facet normal -0.596648 0.380105 -0.706776
    outer loop
      vertex -11.3043 7.91535 2.2
      vertex -12.9904 7.5 3.4
      vertex -12.2873 8.60365 3.4
    endloop
  endfacet
  facet normal -0.596638 0.380099 0.706787
    outer loop
      vertex -12.2873 8.60365 1
      vertex -12.9904 7.5 1
      vertex -11.9511 6.9 2.2
    endloop
  endfacet
  facet normal -0.59666 0.380086 0.706775
    outer loop
      vertex -11.3043 7.91535 2.2
      vertex -12.2873 8.60365 1
      vertex -11.9511 6.9 2.2
    endloop
  endfacet
  facet normal -0.561245 0.430665 -0.706776
    outer loop
      vertex -11.3043 7.91535 2.2
      vertex -12.2873 8.60365 3.4
      vertex -10.5714 8.87047 2.2
    endloop
  endfacet
  facet normal -0.561247 0.430655 -0.70678
    outer loop
      vertex -10.5714 8.87047 2.2
      vertex -12.2873 8.60365 3.4
      vertex -11.4907 9.64181 3.4
    endloop
  endfacet
  facet normal -0.56125 0.430658 0.706776
    outer loop
      vertex -11.4907 9.64181 1
      vertex -12.2873 8.60365 1
      vertex -11.3043 7.91535 2.2
    endloop
  endfacet
  facet normal -0.561242 0.430662 0.70678
    outer loop
      vertex -10.5714 8.87047 2.2
      vertex -11.4907 9.64181 1
      vertex -11.3043 7.91535 2.2
    endloop
  endfacet
  facet normal -0.521577 0.477934 -0.706779
    outer loop
      vertex -10.5714 8.87047 2.2
      vertex -11.4907 9.64181 3.4
      vertex -9.75807 9.75807 2.2
    endloop
  endfacet
  facet normal -0.521572 0.477951 -0.706771
    outer loop
      vertex -9.75807 9.75807 2.2
      vertex -11.4907 9.64181 3.4
      vertex -10.6066 10.6066 3.4
    endloop
  endfacet
  facet normal -0.521567 0.477945 0.706779
    outer loop
      vertex -10.6066 10.6066 1
      vertex -11.4907 9.64181 1
      vertex -10.5714 8.87047 2.2
    endloop
  endfacet
  facet normal -0.521583 0.47794 0.706771
    outer loop
      vertex -9.75807 9.75807 2.2
      vertex -10.6066 10.6066 1
      vertex -10.5714 8.87047 2.2
    endloop
  endfacet
  facet normal -0.47794 0.521583 -0.706771
    outer loop
      vertex -9.75807 9.75807 2.2
      vertex -10.6066 10.6066 3.4
      vertex -8.87047 10.5714 2.2
    endloop
  endfacet
  facet normal -0.477945 0.521567 -0.706779
    outer loop
      vertex -8.87047 10.5714 2.2
      vertex -10.6066 10.6066 3.4
      vertex -9.64181 11.4907 3.4
    endloop
  endfacet
  facet normal -0.477951 0.521572 0.706771
    outer loop
      vertex -9.64181 11.4907 1
      vertex -10.6066 10.6066 1
      vertex -9.75807 9.75807 2.2
    endloop
  endfacet
  facet normal -0.477934 0.521577 0.706779
    outer loop
      vertex -9.64181 11.4907 1
      vertex -9.75807 9.75807 2.2
      vertex -8.87047 10.5714 2.2
    endloop
  endfacet
  facet normal -0.430662 0.561242 -0.70678
    outer loop
      vertex -8.87047 10.5714 2.2
      vertex -9.64181 11.4907 3.4
      vertex -7.91535 11.3043 2.2
    endloop
  endfacet
  facet normal -0.430658 0.56125 -0.706776
    outer loop
      vertex -7.91535 11.3043 2.2
      vertex -9.64181 11.4907 3.4
      vertex -8.60365 12.2873 3.4
    endloop
  endfacet
  facet normal -0.430655 0.561247 0.70678
    outer loop
      vertex -8.60365 12.2873 1
      vertex -9.64181 11.4907 1
      vertex -8.87047 10.5714 2.2
    endloop
  endfacet
  facet normal -0.430665 0.561245 0.706776
    outer loop
      vertex -8.60365 12.2873 1
      vertex -8.87047 10.5714 2.2
      vertex -7.91535 11.3043 2.2
    endloop
  endfacet
  facet normal -0.380086 0.59666 -0.706775
    outer loop
      vertex -7.91535 11.3043 2.2
      vertex -8.60365 12.2873 3.4
      vertex -6.9 11.9511 2.2
    endloop
  endfacet
  facet normal -0.380099 0.596638 -0.706787
    outer loop
      vertex -6.9 11.9511 2.2
      vertex -8.60365 12.2873 3.4
      vertex -7.5 12.9904 3.4
    endloop
  endfacet
  facet normal -0.380105 0.596648 0.706776
    outer loop
      vertex -7.5 12.9904 1
      vertex -8.60365 12.2873 1
      vertex -7.91535 11.3043 2.2
    endloop
  endfacet
  facet normal -0.380079 0.59665 0.706788
    outer loop
      vertex -7.5 12.9904 1
      vertex -7.91535 11.3043 2.2
      vertex -6.9 11.9511 2.2
    endloop
  endfacet
  facet normal -0.326654 0.627493 -0.706788
    outer loop
      vertex -6.9 11.9511 2.2
      vertex -7.5 12.9904 3.4
      vertex -5.83213 12.507 2.2
    endloop
  endfacet
  facet normal -0.326641 0.627511 -0.706778
    outer loop
      vertex -5.83213 12.507 2.2
      vertex -7.5 12.9904 3.4
      vertex -6.33927 13.5946 3.4
    endloop
  endfacet
  facet normal -0.326637 0.627503 0.706788
    outer loop
      vertex -6.33927 13.5946 1
      vertex -7.5 12.9904 1
      vertex -6.9 11.9511 2.2
    endloop
  endfacet
  facet normal -0.326658 0.627503 0.706778
    outer loop
      vertex -6.33927 13.5946 1
      vertex -6.9 11.9511 2.2
      vertex -5.83213 12.507 2.2
    endloop
  endfacet
  facet normal -0.270769 0.653565 -0.706779
    outer loop
      vertex -5.83213 12.507 2.2
      vertex -6.33927 13.5946 3.4
      vertex -4.71988 12.9678 2.2
    endloop
  endfacet
  facet normal -0.270743 0.653596 -0.706761
    outer loop
      vertex -4.71988 12.9678 2.2
      vertex -6.33927 13.5946 3.4
      vertex -5.1303 14.0954 3.4
    endloop
  endfacet
  facet normal -0.270737 0.653579 0.706778
    outer loop
      vertex -5.1303 14.0954 1
      vertex -6.33927 13.5946 1
      vertex -5.83213 12.507 2.2
    endloop
  endfacet
  facet normal -0.270776 0.653583 0.70676
    outer loop
      vertex -5.1303 14.0954 1
      vertex -5.83213 12.507 2.2
      vertex -4.71988 12.9678 2.2
    endloop
  endfacet
  facet normal -0.212725 0.674713 -0.706761
    outer loop
      vertex -4.71988 12.9678 2.2
      vertex -5.1303 14.0954 3.4
      vertex -3.5717 13.3298 2.2
    endloop
  endfacet
  facet normal -0.212735 0.674703 -0.706768
    outer loop
      vertex -3.5717 13.3298 2.2
      vertex -5.1303 14.0954 3.4
      vertex -3.88229 14.4889 3.4
    endloop
  endfacet
  facet normal -0.212737 0.674709 0.706761
    outer loop
      vertex -3.88229 14.4889 1
      vertex -5.1303 14.0954 1
      vertex -4.71988 12.9678 2.2
    endloop
  endfacet
  facet normal -0.212722 0.674706 0.706768
    outer loop
      vertex -3.88229 14.4889 1
      vertex -4.71988 12.9678 2.2
      vertex -3.5717 13.3298 2.2
    endloop
  endfacet
  facet normal -0.15308 0.690686 -0.706766
    outer loop
      vertex -3.5717 13.3298 2.2
      vertex -3.88229 14.4889 3.4
      vertex -2.39634 13.5903 2.2
    endloop
  endfacet
  facet normal -0.153101 0.690669 -0.706779
    outer loop
      vertex -2.39634 13.5903 2.2
      vertex -3.88229 14.4889 3.4
      vertex -2.60472 14.7721 3.4
    endloop
  endfacet
  facet normal -0.153104 0.690681 0.706767
    outer loop
      vertex -2.60472 14.7721 1
      vertex -3.88229 14.4889 1
      vertex -3.5717 13.3298 2.2
    endloop
  endfacet
  facet normal -0.153077 0.690673 0.70678
    outer loop
      vertex -2.60472 14.7721 1
      vertex -3.5717 13.3298 2.2
      vertex -2.39634 13.5903 2.2
    endloop
  endfacet
  facet normal -0.0923738 0.701377 -0.70678
    outer loop
      vertex -2.39634 13.5903 2.2
      vertex -2.60472 14.7721 3.4
      vertex -1.20275 13.7475 2.2
    endloop
  endfacet
  facet normal -0.0923394 0.701401 -0.70676
    outer loop
      vertex -1.20275 13.7475 2.2
      vertex -2.60472 14.7721 3.4
      vertex -1.30734 14.9429 3.4
    endloop
  endfacet
  facet normal -0.0923369 0.701382 0.706779
    outer loop
      vertex -1.30734 14.9429 1
      vertex -2.60472 14.7721 1
      vertex -2.39634 13.5903 2.2
    endloop
  endfacet
  facet normal -0.0923764 0.701397 0.70676
    outer loop
      vertex -1.30734 14.9429 1
      vertex -2.39634 13.5903 2.2
      vertex -1.20275 13.7475 2.2
    endloop
  endfacet
  facet normal -0.0308509 0.70678 -0.70676
    outer loop
      vertex -1.20275 13.7475 2.2
      vertex -1.30734 14.9429 3.4
      vertex 0 13.8 2.2
    endloop
  endfacet
  facet normal -0.0308692 0.70677 -0.70677
    outer loop
      vertex 0 13.8 2.2
      vertex -1.30734 14.9429 3.4
      vertex 0 15 3.4
    endloop
  endfacet
  facet normal -0.0308696 0.706779 0.70676
    outer loop
      vertex 0 15 1
      vertex -1.30734 14.9429 1
      vertex -1.20275 13.7475 2.2
    endloop
  endfacet
  facet normal -0.0308505 0.70677 0.70677
    outer loop
      vertex 0 15 1
      vertex -1.20275 13.7475 2.2
      vertex 0 13.8 2.2
    endloop
  endfacet
  facet normal 0.0308505 0.70677 -0.70677
    outer loop
      vertex 1.20275 13.7475 2.2
      vertex 0 13.8 2.2
      vertex 0 15 3.4
    endloop
  endfacet
  facet normal 0.0308696 0.706779 -0.70676
    outer loop
      vertex 1.20275 13.7475 2.2
      vertex 0 15 3.4
      vertex 1.30734 14.9429 3.4
    endloop
  endfacet
  facet normal 0.0308692 0.70677 0.70677
    outer loop
      vertex 0 15 1
      vertex 0 13.8 2.2
      vertex 1.30734 14.9429 1
    endloop
  endfacet
  facet normal 0.0308509 0.70678 0.70676
    outer loop
      vertex 1.30734 14.9429 1
      vertex 0 13.8 2.2
      vertex 1.20275 13.7475 2.2
    endloop
  endfacet
  facet normal 0.0923764 0.701397 -0.70676
    outer loop
      vertex 2.39634 13.5903 2.2
      vertex 1.20275 13.7475 2.2
      vertex 1.30734 14.9429 3.4
    endloop
  endfacet
  facet normal 0.0923369 0.701382 -0.706779
    outer loop
      vertex 2.39634 13.5903 2.2
      vertex 1.30734 14.9429 3.4
      vertex 2.60472 14.7721 3.4
    endloop
  endfacet
  facet normal 0.0923394 0.701401 0.70676
    outer loop
      vertex 1.30734 14.9429 1
      vertex 1.20275 13.7475 2.2
      vertex 2.60472 14.7721 1
    endloop
  endfacet
  facet normal 0.0923738 0.701377 0.70678
    outer loop
      vertex 2.60472 14.7721 1
      vertex 1.20275 13.7475 2.2
      vertex 2.39634 13.5903 2.2
    endloop
  endfacet
  facet normal 0.153077 0.690673 -0.70678
    outer loop
      vertex 3.5717 13.3298 2.2
      vertex 2.39634 13.5903 2.2
      vertex 2.60472 14.7721 3.4
    endloop
  endfacet
  facet normal 0.153104 0.690681 -0.706767
    outer loop
      vertex 3.5717 13.3298 2.2
      vertex 2.60472 14.7721 3.4
      vertex 3.88229 14.4889 3.4
    endloop
  endfacet
  facet normal 0.153101 0.690669 0.706779
    outer loop
      vertex 2.60472 14.7721 1
      vertex 2.39634 13.5903 2.2
      vertex 3.88229 14.4889 1
    endloop
  endfacet
  facet normal 0.15308 0.690686 0.706766
    outer loop
      vertex 3.88229 14.4889 1
      vertex 2.39634 13.5903 2.2
      vertex 3.5717 13.3298 2.2
    endloop
  endfacet
  facet normal 0.212722 0.674706 -0.706768
    outer loop
      vertex 4.71988 12.9678 2.2
      vertex 3.5717 13.3298 2.2
      vertex 3.88229 14.4889 3.4
    endloop
  endfacet
  facet normal 0.212737 0.674709 -0.706761
    outer loop
      vertex 4.71988 12.9678 2.2
      vertex 3.88229 14.4889 3.4
      vertex 5.1303 14.0954 3.4
    endloop
  endfacet
  facet normal 0.212735 0.674703 0.706768
    outer loop
      vertex 3.88229 14.4889 1
      vertex 3.5717 13.3298 2.2
      vertex 5.1303 14.0954 1
    endloop
  endfacet
  facet normal 0.212725 0.674713 0.706761
    outer loop
      vertex 5.1303 14.0954 1
      vertex 3.5717 13.3298 2.2
      vertex 4.71988 12.9678 2.2
    endloop
  endfacet
  facet normal 0.270776 0.653583 -0.70676
    outer loop
      vertex 5.83213 12.507 2.2
      vertex 4.71988 12.9678 2.2
      vertex 5.1303 14.0954 3.4
    endloop
  endfacet
  facet normal 0.270737 0.653579 -0.706778
    outer loop
      vertex 5.83213 12.507 2.2
      vertex 5.1303 14.0954 3.4
      vertex 6.33927 13.5946 3.4
    endloop
  endfacet
  facet normal 0.270743 0.653596 0.706761
    outer loop
      vertex 5.1303 14.0954 1
      vertex 4.71988 12.9678 2.2
      vertex 6.33927 13.5946 1
    endloop
  endfacet
  facet normal 0.270769 0.653565 0.706779
    outer loop
      vertex 6.33927 13.5946 1
      vertex 4.71988 12.9678 2.2
      vertex 5.83213 12.507 2.2
    endloop
  endfacet
  facet normal 0.326658 0.627503 -0.706778
    outer loop
      vertex 6.9 11.9511 2.2
      vertex 5.83213 12.507 2.2
      vertex 6.33927 13.5946 3.4
    endloop
  endfacet
  facet normal 0.326637 0.627503 -0.706788
    outer loop
      vertex 6.9 11.9511 2.2
      vertex 6.33927 13.5946 3.4
      vertex 7.5 12.9904 3.4
    endloop
  endfacet
  facet normal 0.326641 0.627511 0.706778
    outer loop
      vertex 6.33927 13.5946 1
      vertex 5.83213 12.507 2.2
      vertex 7.5 12.9904 1
    endloop
  endfacet
  facet normal 0.326654 0.627493 0.706788
    outer loop
      vertex 7.5 12.9904 1
      vertex 5.83213 12.507 2.2
      vertex 6.9 11.9511 2.2
    endloop
  endfacet
  facet normal 0.380079 0.59665 -0.706788
    outer loop
      vertex 7.91535 11.3043 2.2
      vertex 6.9 11.9511 2.2
      vertex 7.5 12.9904 3.4
    endloop
  endfacet
  facet normal 0.380105 0.596648 -0.706776
    outer loop
      vertex 7.91535 11.3043 2.2
      vertex 7.5 12.9904 3.4
      vertex 8.60365 12.2873 3.4
    endloop
  endfacet
  facet normal 0.380099 0.596638 0.706787
    outer loop
      vertex 7.5 12.9904 1
      vertex 6.9 11.9511 2.2
      vertex 8.60365 12.2873 1
    endloop
  endfacet
  facet normal 0.380086 0.59666 0.706775
    outer loop
      vertex 8.60365 12.2873 1
      vertex 6.9 11.9511 2.2
      vertex 7.91535 11.3043 2.2
    endloop
  endfacet
  facet normal 0.430665 0.561245 -0.706776
    outer loop
      vertex 8.87047 10.5714 2.2
      vertex 7.91535 11.3043 2.2
      vertex 8.60365 12.2873 3.4
    endloop
  endfacet
  facet normal 0.430655 0.561247 -0.70678
    outer loop
      vertex 8.87047 10.5714 2.2
      vertex 8.60365 12.2873 3.4
      vertex 9.64181 11.4907 3.4
    endloop
  endfacet
  facet normal 0.430658 0.56125 0.706776
    outer loop
      vertex 8.60365 12.2873 1
      vertex 7.91535 11.3043 2.2
      vertex 9.64181 11.4907 1
    endloop
  endfacet
  facet normal 0.430662 0.561242 0.70678
    outer loop
      vertex 9.64181 11.4907 1
      vertex 7.91535 11.3043 2.2
      vertex 8.87047 10.5714 2.2
    endloop
  endfacet
  facet normal 0.477934 0.521577 -0.706779
    outer loop
      vertex 9.75807 9.75807 2.2
      vertex 8.87047 10.5714 2.2
      vertex 9.64181 11.4907 3.4
    endloop
  endfacet
  facet normal 0.477951 0.521572 -0.706771
    outer loop
      vertex 9.75807 9.75807 2.2
      vertex 9.64181 11.4907 3.4
      vertex 10.6066 10.6066 3.4
    endloop
  endfacet
  facet normal 0.477945 0.521567 0.706779
    outer loop
      vertex 9.64181 11.4907 1
      vertex 8.87047 10.5714 2.2
      vertex 10.6066 10.6066 1
    endloop
  endfacet
  facet normal 0.47794 0.521583 0.706771
    outer loop
      vertex 10.6066 10.6066 1
      vertex 8.87047 10.5714 2.2
      vertex 9.75807 9.75807 2.2
    endloop
  endfacet
  facet normal 0.521583 0.47794 -0.706771
    outer loop
      vertex 10.5714 8.87047 2.2
      vertex 9.75807 9.75807 2.2
      vertex 10.6066 10.6066 3.4
    endloop
  endfacet
  facet normal 0.521567 0.477945 -0.706779
    outer loop
      vertex 11.4907 9.64181 3.4
      vertex 10.5714 8.87047 2.2
      vertex 10.6066 10.6066 3.4
    endloop
  endfacet
  facet normal 0.521572 0.477951 0.706771
    outer loop
      vertex 10.6066 10.6066 1
      vertex 9.75807 9.75807 2.2
      vertex 11.4907 9.64181 1
    endloop
  endfacet
  facet normal 0.521577 0.477934 0.706779
    outer loop
      vertex 11.4907 9.64181 1
      vertex 9.75807 9.75807 2.2
      vertex 10.5714 8.87047 2.2
    endloop
  endfacet
  facet normal 0.561242 0.430662 -0.70678
    outer loop
      vertex 11.3043 7.91535 2.2
      vertex 10.5714 8.87047 2.2
      vertex 11.4907 9.64181 3.4
    endloop
  endfacet
  facet normal 0.56125 0.430658 -0.706776
    outer loop
      vertex 12.2873 8.60365 3.4
      vertex 11.3043 7.91535 2.2
      vertex 11.4907 9.64181 3.4
    endloop
  endfacet
  facet normal 0.561247 0.430655 0.70678
    outer loop
      vertex 11.4907 9.64181 1
      vertex 10.5714 8.87047 2.2
      vertex 12.2873 8.60365 1
    endloop
  endfacet
  facet normal 0.561245 0.430665 0.706776
    outer loop
      vertex 12.2873 8.60365 1
      vertex 10.5714 8.87047 2.2
      vertex 11.3043 7.91535 2.2
    endloop
  endfacet
  facet normal 0.59666 0.380086 -0.706775
    outer loop
      vertex 11.9511 6.9 2.2
      vertex 11.3043 7.91535 2.2
      vertex 12.2873 8.60365 3.4
    endloop
  endfacet
  facet normal 0.596638 0.380099 -0.706787
    outer loop
      vertex 12.9904 7.5 3.4
      vertex 11.9511 6.9 2.2
      vertex 12.2873 8.60365 3.4
    endloop
  endfacet
  facet normal 0.596648 0.380105 0.706776
    outer loop
      vertex 12.2873 8.60365 1
      vertex 11.3043 7.91535 2.2
      vertex 12.9904 7.5 1
    endloop
  endfacet
  facet normal 0.59665 0.380079 0.706788
    outer loop
      vertex 12.9904 7.5 1
      vertex 11.3043 7.91535 2.2
      vertex 11.9511 6.9 2.2
    endloop
  endfacet
  facet normal 0.627493 0.326654 -0.706788
    outer loop
      vertex 12.507 5.83213 2.2
      vertex 11.9511 6.9 2.2
      vertex 12.9904 7.5 3.4
    endloop
  endfacet
  facet normal 0.627511 0.326641 -0.706778
    outer loop
      vertex 13.5946 6.33927 3.4
      vertex 12.507 5.83213 2.2
      vertex 12.9904 7.5 3.4
    endloop
  endfacet
  facet normal 0.627503 0.326637 0.706788
    outer loop
      vertex 12.9904 7.5 1
      vertex 11.9511 6.9 2.2
      vertex 13.5946 6.33927 1
    endloop
  endfacet
  facet normal 0.627503 0.326658 0.706778
    outer loop
      vertex 13.5946 6.33927 1
      vertex 11.9511 6.9 2.2
      vertex 12.507 5.83213 2.2
    endloop
  endfacet
  facet normal 0.653565 0.270769 -0.706779
    outer loop
      vertex 12.9678 4.71988 2.2
      vertex 12.507 5.83213 2.2
      vertex 13.5946 6.33927 3.4
    endloop
  endfacet
  facet normal 0.653596 0.270743 -0.706761
    outer loop
      vertex 14.0954 5.1303 3.4
      vertex 12.9678 4.71988 2.2
      vertex 13.5946 6.33927 3.4
    endloop
  endfacet
  facet normal 0.653579 0.270737 0.706778
    outer loop
      vertex 13.5946 6.33927 1
      vertex 12.507 5.83213 2.2
      vertex 14.0954 5.1303 1
    endloop
  endfacet
  facet normal 0.653583 0.270776 0.70676
    outer loop
      vertex 14.0954 5.1303 1
      vertex 12.507 5.83213 2.2
      vertex 12.9678 4.71988 2.2
    endloop
  endfacet
  facet normal 0.674713 0.212725 -0.706761
    outer loop
      vertex 13.3298 3.5717 2.2
      vertex 12.9678 4.71988 2.2
      vertex 14.0954 5.1303 3.4
    endloop
  endfacet
  facet normal 0.674703 0.212735 -0.706768
    outer loop
      vertex 14.4889 3.88229 3.4
      vertex 13.3298 3.5717 2.2
      vertex 14.0954 5.1303 3.4
    endloop
  endfacet
  facet normal 0.674709 0.212737 0.706761
    outer loop
      vertex 14.0954 5.1303 1
      vertex 12.9678 4.71988 2.2
      vertex 14.4889 3.88229 1
    endloop
  endfacet
  facet normal 0.674706 0.212722 0.706768
    outer loop
      vertex 14.4889 3.88229 1
      vertex 12.9678 4.71988 2.2
      vertex 13.3298 3.5717 2.2
    endloop
  endfacet
  facet normal 0.690686 0.15308 -0.706766
    outer loop
      vertex 13.5903 2.39634 2.2
      vertex 13.3298 3.5717 2.2
      vertex 14.4889 3.88229 3.4
    endloop
  endfacet
  facet normal 0.690669 0.153101 -0.706779
    outer loop
      vertex 14.7721 2.60472 3.4
      vertex 13.5903 2.39634 2.2
      vertex 14.4889 3.88229 3.4
    endloop
  endfacet
  facet normal 0.690681 0.153104 0.706767
    outer loop
      vertex 14.4889 3.88229 1
      vertex 13.3298 3.5717 2.2
      vertex 14.7721 2.60472 1
    endloop
  endfacet
  facet normal 0.690673 0.153077 0.70678
    outer loop
      vertex 14.7721 2.60472 1
      vertex 13.3298 3.5717 2.2
      vertex 13.5903 2.39634 2.2
    endloop
  endfacet
  facet normal 0.701377 0.0923738 -0.70678
    outer loop
      vertex 13.7475 1.20275 2.2
      vertex 13.5903 2.39634 2.2
      vertex 14.7721 2.60472 3.4
    endloop
  endfacet
  facet normal 0.701401 0.0923394 -0.70676
    outer loop
      vertex 14.9429 1.30734 3.4
      vertex 13.7475 1.20275 2.2
      vertex 14.7721 2.60472 3.4
    endloop
  endfacet
  facet normal 0.701382 0.0923369 0.706779
    outer loop
      vertex 14.7721 2.60472 1
      vertex 13.5903 2.39634 2.2
      vertex 14.9429 1.30734 1
    endloop
  endfacet
  facet normal 0.701397 0.0923764 0.70676
    outer loop
      vertex 14.9429 1.30734 1
      vertex 13.5903 2.39634 2.2
      vertex 13.7475 1.20275 2.2
    endloop
  endfacet
  facet normal 0.70678 0.0308509 -0.70676
    outer loop
      vertex 13.8 0 2.2
      vertex 13.7475 1.20275 2.2
      vertex 14.9429 1.30734 3.4
    endloop
  endfacet
  facet normal 0.70677 0.0308692 -0.70677
    outer loop
      vertex 15 0 3.4
      vertex 13.8 0 2.2
      vertex 14.9429 1.30734 3.4
    endloop
  endfacet
  facet normal 0.706779 0.0308696 0.70676
    outer loop
      vertex 14.9429 1.30734 1
      vertex 13.7475 1.20275 2.2
      vertex 15 0 1
    endloop
  endfacet
  facet normal 0.70677 0.0308505 0.70677
    outer loop
      vertex 15 0 1
      vertex 13.7475 1.20275 2.2
      vertex 13.8 0 2.2
    endloop
  endfacet
  facet normal 0.70677 -0.0308505 -0.70677
    outer loop
      vertex 15 0 3.4
      vertex 13.7475 -1.20275 2.2
      vertex 13.8 0 2.2
    endloop
  endfacet
  facet normal 0.706779 -0.0308696 -0.70676
    outer loop
      vertex 14.9429 -1.30734 3.4
      vertex 13.7475 -1.20275 2.2
      vertex 15 0 3.4
    endloop
  endfacet
  facet normal 0.70677 -0.0308692 0.70677
    outer loop
      vertex 15 0 1
      vertex 13.8 0 2.2
      vertex 14.9429 -1.30734 1
    endloop
  endfacet
  facet normal 0.70678 -0.0308509 0.70676
    outer loop
      vertex 13.8 0 2.2
      vertex 13.7475 -1.20275 2.2
      vertex 14.9429 -1.30734 1
    endloop
  endfacet
  facet normal 0.701397 -0.0923764 -0.70676
    outer loop
      vertex 14.9429 -1.30734 3.4
      vertex 13.5903 -2.39634 2.2
      vertex 13.7475 -1.20275 2.2
    endloop
  endfacet
  facet normal 0.701382 -0.0923369 -0.706779
    outer loop
      vertex 14.7721 -2.60472 3.4
      vertex 13.5903 -2.39634 2.2
      vertex 14.9429 -1.30734 3.4
    endloop
  endfacet
  facet normal 0.701401 -0.0923394 0.70676
    outer loop
      vertex 14.9429 -1.30734 1
      vertex 13.7475 -1.20275 2.2
      vertex 14.7721 -2.60472 1
    endloop
  endfacet
  facet normal 0.701377 -0.0923738 0.70678
    outer loop
      vertex 13.7475 -1.20275 2.2
      vertex 13.5903 -2.39634 2.2
      vertex 14.7721 -2.60472 1
    endloop
  endfacet
  facet normal 0.690673 -0.153077 -0.70678
    outer loop
      vertex 14.7721 -2.60472 3.4
      vertex 13.3298 -3.5717 2.2
      vertex 13.5903 -2.39634 2.2
    endloop
  endfacet
  facet normal 0.690681 -0.153104 -0.706767
    outer loop
      vertex 14.4889 -3.88229 3.4
      vertex 13.3298 -3.5717 2.2
      vertex 14.7721 -2.60472 3.4
    endloop
  endfacet
  facet normal 0.690669 -0.153101 0.706779
    outer loop
      vertex 14.7721 -2.60472 1
      vertex 13.5903 -2.39634 2.2
      vertex 14.4889 -3.88229 1
    endloop
  endfacet
  facet normal 0.690686 -0.15308 0.706766
    outer loop
      vertex 13.5903 -2.39634 2.2
      vertex 13.3298 -3.5717 2.2
      vertex 14.4889 -3.88229 1
    endloop
  endfacet
  facet normal 0.674706 -0.212722 -0.706768
    outer loop
      vertex 14.4889 -3.88229 3.4
      vertex 12.9678 -4.71988 2.2
      vertex 13.3298 -3.5717 2.2
    endloop
  endfacet
  facet normal 0.674709 -0.212737 -0.706761
    outer loop
      vertex 14.0954 -5.1303 3.4
      vertex 12.9678 -4.71988 2.2
      vertex 14.4889 -3.88229 3.4
    endloop
  endfacet
  facet normal 0.674703 -0.212735 0.706768
    outer loop
      vertex 14.4889 -3.88229 1
      vertex 13.3298 -3.5717 2.2
      vertex 14.0954 -5.1303 1
    endloop
  endfacet
  facet normal 0.674713 -0.212725 0.706761
    outer loop
      vertex 13.3298 -3.5717 2.2
      vertex 12.9678 -4.71988 2.2
      vertex 14.0954 -5.1303 1
    endloop
  endfacet
  facet normal 0.653583 -0.270776 -0.70676
    outer loop
      vertex 14.0954 -5.1303 3.4
      vertex 12.507 -5.83213 2.2
      vertex 12.9678 -4.71988 2.2
    endloop
  endfacet
  facet normal 0.653579 -0.270737 -0.706778
    outer loop
      vertex 13.5946 -6.33927 3.4
      vertex 12.507 -5.83213 2.2
      vertex 14.0954 -5.1303 3.4
    endloop
  endfacet
  facet normal 0.653596 -0.270743 0.706761
    outer loop
      vertex 14.0954 -5.1303 1
      vertex 12.9678 -4.71988 2.2
      vertex 13.5946 -6.33927 1
    endloop
  endfacet
  facet normal 0.653565 -0.270769 0.706779
    outer loop
      vertex 12.9678 -4.71988 2.2
      vertex 12.507 -5.83213 2.2
      vertex 13.5946 -6.33927 1
    endloop
  endfacet
  facet normal 0.627503 -0.326658 -0.706778
    outer loop
      vertex 13.5946 -6.33927 3.4
      vertex 11.9511 -6.9 2.2
      vertex 12.507 -5.83213 2.2
    endloop
  endfacet
  facet normal 0.627503 -0.326637 -0.706788
    outer loop
      vertex 12.9904 -7.5 3.4
      vertex 11.9511 -6.9 2.2
      vertex 13.5946 -6.33927 3.4
    endloop
  endfacet
  facet normal 0.627511 -0.326641 0.706778
    outer loop
      vertex 13.5946 -6.33927 1
      vertex 12.507 -5.83213 2.2
      vertex 12.9904 -7.5 1
    endloop
  endfacet
  facet normal 0.627493 -0.326654 0.706788
    outer loop
      vertex 12.507 -5.83213 2.2
      vertex 11.9511 -6.9 2.2
      vertex 12.9904 -7.5 1
    endloop
  endfacet
  facet normal 0.59665 -0.380079 -0.706788
    outer loop
      vertex 12.9904 -7.5 3.4
      vertex 11.3043 -7.91535 2.2
      vertex 11.9511 -6.9 2.2
    endloop
  endfacet
  facet normal 0.596648 -0.380105 -0.706776
    outer loop
      vertex 12.2873 -8.60365 3.4
      vertex 11.3043 -7.91535 2.2
      vertex 12.9904 -7.5 3.4
    endloop
  endfacet
  facet normal 0.596638 -0.380099 0.706787
    outer loop
      vertex 12.9904 -7.5 1
      vertex 11.9511 -6.9 2.2
      vertex 12.2873 -8.60365 1
    endloop
  endfacet
  facet normal 0.59666 -0.380086 0.706775
    outer loop
      vertex 11.9511 -6.9 2.2
      vertex 11.3043 -7.91535 2.2
      vertex 12.2873 -8.60365 1
    endloop
  endfacet
  facet normal 0.561245 -0.430665 -0.706776
    outer loop
      vertex 12.2873 -8.60365 3.4
      vertex 10.5714 -8.87047 2.2
      vertex 11.3043 -7.91535 2.2
    endloop
  endfacet
  facet normal 0.561247 -0.430655 -0.70678
    outer loop
      vertex 11.4907 -9.64181 3.4
      vertex 10.5714 -8.87047 2.2
      vertex 12.2873 -8.60365 3.4
    endloop
  endfacet
  facet normal 0.56125 -0.430658 0.706776
    outer loop
      vertex 12.2873 -8.60365 1
      vertex 11.3043 -7.91535 2.2
      vertex 11.4907 -9.64181 1
    endloop
  endfacet
  facet normal 0.561242 -0.430662 0.70678
    outer loop
      vertex 11.3043 -7.91535 2.2
      vertex 10.5714 -8.87047 2.2
      vertex 11.4907 -9.64181 1
    endloop
  endfacet
  facet normal 0.521577 -0.477934 -0.706779
    outer loop
      vertex 11.4907 -9.64181 3.4
      vertex 9.75807 -9.75807 2.2
      vertex 10.5714 -8.87047 2.2
    endloop
  endfacet
  facet normal 0.521572 -0.477951 -0.706771
    outer loop
      vertex 10.6066 -10.6066 3.4
      vertex 9.75807 -9.75807 2.2
      vertex 11.4907 -9.64181 3.4
    endloop
  endfacet
  facet normal 0.521567 -0.477945 0.706779
    outer loop
      vertex 11.4907 -9.64181 1
      vertex 10.5714 -8.87047 2.2
      vertex 10.6066 -10.6066 1
    endloop
  endfacet
  facet normal 0.521583 -0.47794 0.706771
    outer loop
      vertex 10.5714 -8.87047 2.2
      vertex 9.75807 -9.75807 2.2
      vertex 10.6066 -10.6066 1
    endloop
  endfacet
  facet normal 0.47794 -0.521583 -0.706771
    outer loop
      vertex 10.6066 -10.6066 3.4
      vertex 8.87047 -10.5714 2.2
      vertex 9.75807 -9.75807 2.2
    endloop
  endfacet
  facet normal 0.477945 -0.521567 -0.706779
    outer loop
      vertex 9.64181 -11.4907 3.4
      vertex 8.87047 -10.5714 2.2
      vertex 10.6066 -10.6066 3.4
    endloop
  endfacet
  facet normal 0.477951 -0.521572 0.706771
    outer loop
      vertex 9.75807 -9.75807 2.2
      vertex 9.64181 -11.4907 1
      vertex 10.6066 -10.6066 1
    endloop
  endfacet
  facet normal 0.477934 -0.521577 0.706779
    outer loop
      vertex 9.75807 -9.75807 2.2
      vertex 8.87047 -10.5714 2.2
      vertex 9.64181 -11.4907 1
    endloop
  endfacet
  facet normal 0.430662 -0.561242 -0.70678
    outer loop
      vertex 9.64181 -11.4907 3.4
      vertex 7.91535 -11.3043 2.2
      vertex 8.87047 -10.5714 2.2
    endloop
  endfacet
  facet normal 0.430658 -0.56125 -0.706776
    outer loop
      vertex 8.60365 -12.2873 3.4
      vertex 7.91535 -11.3043 2.2
      vertex 9.64181 -11.4907 3.4
    endloop
  endfacet
  facet normal 0.430655 -0.561247 0.70678
    outer loop
      vertex 8.87047 -10.5714 2.2
      vertex 8.60365 -12.2873 1
      vertex 9.64181 -11.4907 1
    endloop
  endfacet
  facet normal 0.430665 -0.561245 0.706776
    outer loop
      vertex 8.87047 -10.5714 2.2
      vertex 7.91535 -11.3043 2.2
      vertex 8.60365 -12.2873 1
    endloop
  endfacet
  facet normal 0.380086 -0.59666 -0.706775
    outer loop
      vertex 8.60365 -12.2873 3.4
      vertex 6.9 -11.9511 2.2
      vertex 7.91535 -11.3043 2.2
    endloop
  endfacet
  facet normal 0.380099 -0.596638 -0.706787
    outer loop
      vertex 7.5 -12.9904 3.4
      vertex 6.9 -11.9511 2.2
      vertex 8.60365 -12.2873 3.4
    endloop
  endfacet
  facet normal 0.380105 -0.596648 0.706776
    outer loop
      vertex 7.91535 -11.3043 2.2
      vertex 7.5 -12.9904 1
      vertex 8.60365 -12.2873 1
    endloop
  endfacet
  facet normal 0.380079 -0.59665 0.706788
    outer loop
      vertex 7.91535 -11.3043 2.2
      vertex 6.9 -11.9511 2.2
      vertex 7.5 -12.9904 1
    endloop
  endfacet
  facet normal 0.326654 -0.627493 -0.706788
    outer loop
      vertex 7.5 -12.9904 3.4
      vertex 5.83213 -12.507 2.2
      vertex 6.9 -11.9511 2.2
    endloop
  endfacet
  facet normal 0.326641 -0.627511 -0.706778
    outer loop
      vertex 6.33927 -13.5946 3.4
      vertex 5.83213 -12.507 2.2
      vertex 7.5 -12.9904 3.4
    endloop
  endfacet
  facet normal 0.326637 -0.627503 0.706788
    outer loop
      vertex 6.9 -11.9511 2.2
      vertex 6.33927 -13.5946 1
      vertex 7.5 -12.9904 1
    endloop
  endfacet
  facet normal 0.326658 -0.627503 0.706778
    outer loop
      vertex 6.9 -11.9511 2.2
      vertex 5.83213 -12.507 2.2
      vertex 6.33927 -13.5946 1
    endloop
  endfacet
  facet normal 0.270769 -0.653565 -0.706779
    outer loop
      vertex 6.33927 -13.5946 3.4
      vertex 4.71988 -12.9678 2.2
      vertex 5.83213 -12.507 2.2
    endloop
  endfacet
  facet normal 0.270743 -0.653596 -0.706761
    outer loop
      vertex 5.1303 -14.0954 3.4
      vertex 4.71988 -12.9678 2.2
      vertex 6.33927 -13.5946 3.4
    endloop
  endfacet
  facet normal 0.270737 -0.653579 0.706778
    outer loop
      vertex 5.83213 -12.507 2.2
      vertex 5.1303 -14.0954 1
      vertex 6.33927 -13.5946 1
    endloop
  endfacet
  facet normal 0.270776 -0.653583 0.70676
    outer loop
      vertex 5.83213 -12.507 2.2
      vertex 4.71988 -12.9678 2.2
      vertex 5.1303 -14.0954 1
    endloop
  endfacet
  facet normal 0.212725 -0.674713 -0.706761
    outer loop
      vertex 5.1303 -14.0954 3.4
      vertex 3.5717 -13.3298 2.2
      vertex 4.71988 -12.9678 2.2
    endloop
  endfacet
  facet normal 0.212735 -0.674703 -0.706768
    outer loop
      vertex 3.88229 -14.4889 3.4
      vertex 3.5717 -13.3298 2.2
      vertex 5.1303 -14.0954 3.4
    endloop
  endfacet
  facet normal 0.212737 -0.674709 0.706761
    outer loop
      vertex 4.71988 -12.9678 2.2
      vertex 3.88229 -14.4889 1
      vertex 5.1303 -14.0954 1
    endloop
  endfacet
  facet normal 0.212722 -0.674706 0.706768
    outer loop
      vertex 4.71988 -12.9678 2.2
      vertex 3.5717 -13.3298 2.2
      vertex 3.88229 -14.4889 1
    endloop
  endfacet
  facet normal 0.15308 -0.690686 -0.706766
    outer loop
      vertex 3.88229 -14.4889 3.4
      vertex 2.39634 -13.5903 2.2
      vertex 3.5717 -13.3298 2.2
    endloop
  endfacet
  facet normal 0.153101 -0.690669 -0.706779
    outer loop
      vertex 2.60472 -14.7721 3.4
      vertex 2.39634 -13.5903 2.2
      vertex 3.88229 -14.4889 3.4
    endloop
  endfacet
  facet normal 0.153104 -0.690681 0.706767
    outer loop
      vertex 3.5717 -13.3298 2.2
      vertex 2.60472 -14.7721 1
      vertex 3.88229 -14.4889 1
    endloop
  endfacet
  facet normal 0.153077 -0.690673 0.70678
    outer loop
      vertex 3.5717 -13.3298 2.2
      vertex 2.39634 -13.5903 2.2
      vertex 2.60472 -14.7721 1
    endloop
  endfacet
  facet normal 0.0923738 -0.701377 -0.70678
    outer loop
      vertex 2.60472 -14.7721 3.4
      vertex 1.20275 -13.7475 2.2
      vertex 2.39634 -13.5903 2.2
    endloop
  endfacet
  facet normal 0.0923394 -0.701401 -0.70676
    outer loop
      vertex 1.30734 -14.9429 3.4
      vertex 1.20275 -13.7475 2.2
      vertex 2.60472 -14.7721 3.4
    endloop
  endfacet
  facet normal 0.0923369 -0.701382 0.706779
    outer loop
      vertex 2.39634 -13.5903 2.2
      vertex 1.30734 -14.9429 1
      vertex 2.60472 -14.7721 1
    endloop
  endfacet
  facet normal 0.0923764 -0.701397 0.70676
    outer loop
      vertex 2.39634 -13.5903 2.2
      vertex 1.20275 -13.7475 2.2
      vertex 1.30734 -14.9429 1
    endloop
  endfacet
  facet normal 0.0308509 -0.70678 -0.70676
    outer loop
      vertex 1.30734 -14.9429 3.4
      vertex 0 -13.8 2.2
      vertex 1.20275 -13.7475 2.2
    endloop
  endfacet
  facet normal 0.0308692 -0.70677 -0.70677
    outer loop
      vertex 1.30734 -14.9429 3.4
      vertex 0 -15 3.4
      vertex 0 -13.8 2.2
    endloop
  endfacet
  facet normal 0.0308696 -0.706779 0.70676
    outer loop
      vertex 1.20275 -13.7475 2.2
      vertex 0 -15 1
      vertex 1.30734 -14.9429 1
    endloop
  endfacet
  facet normal 0.0308505 -0.70677 0.70677
    outer loop
      vertex 0 -13.8 2.2
      vertex 0 -15 1
      vertex 1.20275 -13.7475 2.2
    endloop
  endfacet
  facet normal -0.0308505 -0.70677 -0.70677
    outer loop
      vertex 0 -15 3.4
      vertex -1.20275 -13.7475 2.2
      vertex 0 -13.8 2.2
    endloop
  endfacet
  facet normal -0.0308696 -0.706779 -0.70676
    outer loop
      vertex 0 -15 3.4
      vertex -1.30734 -14.9429 3.4
      vertex -1.20275 -13.7475 2.2
    endloop
  endfacet
  facet normal -0.0308692 -0.70677 0.70677
    outer loop
      vertex 0 -13.8 2.2
      vertex -1.30734 -14.9429 1
      vertex 0 -15 1
    endloop
  endfacet
  facet normal -0.0308509 -0.70678 0.70676
    outer loop
      vertex -1.20275 -13.7475 2.2
      vertex -1.30734 -14.9429 1
      vertex 0 -13.8 2.2
    endloop
  endfacet
  facet normal -0.0923764 -0.701397 -0.70676
    outer loop
      vertex -1.30734 -14.9429 3.4
      vertex -2.39634 -13.5903 2.2
      vertex -1.20275 -13.7475 2.2
    endloop
  endfacet
  facet normal -0.0923369 -0.701382 -0.706779
    outer loop
      vertex -1.30734 -14.9429 3.4
      vertex -2.60472 -14.7721 3.4
      vertex -2.39634 -13.5903 2.2
    endloop
  endfacet
  facet normal -0.0923394 -0.701401 0.70676
    outer loop
      vertex -1.20275 -13.7475 2.2
      vertex -2.60472 -14.7721 1
      vertex -1.30734 -14.9429 1
    endloop
  endfacet
  facet normal -0.0923738 -0.701377 0.70678
    outer loop
      vertex -2.39634 -13.5903 2.2
      vertex -2.60472 -14.7721 1
      vertex -1.20275 -13.7475 2.2
    endloop
  endfacet
  facet normal -0.153077 -0.690673 -0.70678
    outer loop
      vertex -2.60472 -14.7721 3.4
      vertex -3.5717 -13.3298 2.2
      vertex -2.39634 -13.5903 2.2
    endloop
  endfacet
  facet normal -0.153104 -0.690681 -0.706767
    outer loop
      vertex -2.60472 -14.7721 3.4
      vertex -3.88229 -14.4889 3.4
      vertex -3.5717 -13.3298 2.2
    endloop
  endfacet
  facet normal -0.153101 -0.690669 0.706779
    outer loop
      vertex -2.39634 -13.5903 2.2
      vertex -3.88229 -14.4889 1
      vertex -2.60472 -14.7721 1
    endloop
  endfacet
  facet normal -0.15308 -0.690686 0.706766
    outer loop
      vertex -3.5717 -13.3298 2.2
      vertex -3.88229 -14.4889 1
      vertex -2.39634 -13.5903 2.2
    endloop
  endfacet
  facet normal -0.212722 -0.674706 -0.706768
    outer loop
      vertex -3.88229 -14.4889 3.4
      vertex -4.71988 -12.9678 2.2
      vertex -3.5717 -13.3298 2.2
    endloop
  endfacet
  facet normal -0.212737 -0.674709 -0.706761
    outer loop
      vertex -3.88229 -14.4889 3.4
      vertex -5.1303 -14.0954 3.4
      vertex -4.71988 -12.9678 2.2
    endloop
  endfacet
  facet normal -0.212735 -0.674703 0.706768
    outer loop
      vertex -3.5717 -13.3298 2.2
      vertex -5.1303 -14.0954 1
      vertex -3.88229 -14.4889 1
    endloop
  endfacet
  facet normal -0.212725 -0.674713 0.706761
    outer loop
      vertex -4.71988 -12.9678 2.2
      vertex -5.1303 -14.0954 1
      vertex -3.5717 -13.3298 2.2
    endloop
  endfacet
  facet normal -0.270776 -0.653583 -0.70676
    outer loop
      vertex -5.1303 -14.0954 3.4
      vertex -5.83213 -12.507 2.2
      vertex -4.71988 -12.9678 2.2
    endloop
  endfacet
  facet normal -0.270737 -0.653579 -0.706778
    outer loop
      vertex -5.1303 -14.0954 3.4
      vertex -6.33927 -13.5946 3.4
      vertex -5.83213 -12.507 2.2
    endloop
  endfacet
  facet normal -0.270743 -0.653596 0.706761
    outer loop
      vertex -4.71988 -12.9678 2.2
      vertex -6.33927 -13.5946 1
      vertex -5.1303 -14.0954 1
    endloop
  endfacet
  facet normal -0.270769 -0.653565 0.706779
    outer loop
      vertex -5.83213 -12.507 2.2
      vertex -6.33927 -13.5946 1
      vertex -4.71988 -12.9678 2.2
    endloop
  endfacet
  facet normal -0.326658 -0.627503 -0.706778
    outer loop
      vertex -6.33927 -13.5946 3.4
      vertex -6.9 -11.9511 2.2
      vertex -5.83213 -12.507 2.2
    endloop
  endfacet
  facet normal -0.326637 -0.627503 -0.706788
    outer loop
      vertex -6.33927 -13.5946 3.4
      vertex -7.5 -12.9904 3.4
      vertex -6.9 -11.9511 2.2
    endloop
  endfacet
  facet normal -0.326641 -0.627511 0.706778
    outer loop
      vertex -5.83213 -12.507 2.2
      vertex -7.5 -12.9904 1
      vertex -6.33927 -13.5946 1
    endloop
  endfacet
  facet normal -0.326654 -0.627493 0.706788
    outer loop
      vertex -6.9 -11.9511 2.2
      vertex -7.5 -12.9904 1
      vertex -5.83213 -12.507 2.2
    endloop
  endfacet
  facet normal -0.380079 -0.59665 -0.706788
    outer loop
      vertex -7.5 -12.9904 3.4
      vertex -7.91535 -11.3043 2.2
      vertex -6.9 -11.9511 2.2
    endloop
  endfacet
  facet normal -0.380105 -0.596648 -0.706776
    outer loop
      vertex -7.5 -12.9904 3.4
      vertex -8.60365 -12.2873 3.4
      vertex -7.91535 -11.3043 2.2
    endloop
  endfacet
  facet normal -0.380099 -0.596638 0.706787
    outer loop
      vertex -6.9 -11.9511 2.2
      vertex -8.60365 -12.2873 1
      vertex -7.5 -12.9904 1
    endloop
  endfacet
  facet normal -0.380086 -0.59666 0.706775
    outer loop
      vertex -7.91535 -11.3043 2.2
      vertex -8.60365 -12.2873 1
      vertex -6.9 -11.9511 2.2
    endloop
  endfacet
  facet normal -0.430665 -0.561245 -0.706776
    outer loop
      vertex -8.60365 -12.2873 3.4
      vertex -8.87047 -10.5714 2.2
      vertex -7.91535 -11.3043 2.2
    endloop
  endfacet
  facet normal -0.430655 -0.561247 -0.70678
    outer loop
      vertex -8.60365 -12.2873 3.4
      vertex -9.64181 -11.4907 3.4
      vertex -8.87047 -10.5714 2.2
    endloop
  endfacet
  facet normal -0.430658 -0.56125 0.706776
    outer loop
      vertex -7.91535 -11.3043 2.2
      vertex -9.64181 -11.4907 1
      vertex -8.60365 -12.2873 1
    endloop
  endfacet
  facet normal -0.430662 -0.561242 0.70678
    outer loop
      vertex -8.87047 -10.5714 2.2
      vertex -9.64181 -11.4907 1
      vertex -7.91535 -11.3043 2.2
    endloop
  endfacet
  facet normal -0.477934 -0.521577 -0.706779
    outer loop
      vertex -9.64181 -11.4907 3.4
      vertex -9.75807 -9.75807 2.2
      vertex -8.87047 -10.5714 2.2
    endloop
  endfacet
  facet normal -0.477951 -0.521572 -0.706771
    outer loop
      vertex -9.64181 -11.4907 3.4
      vertex -10.6066 -10.6066 3.4
      vertex -9.75807 -9.75807 2.2
    endloop
  endfacet
  facet normal -0.477945 -0.521567 0.706779
    outer loop
      vertex -8.87047 -10.5714 2.2
      vertex -10.6066 -10.6066 1
      vertex -9.64181 -11.4907 1
    endloop
  endfacet
  facet normal -0.47794 -0.521583 0.706771
    outer loop
      vertex -9.75807 -9.75807 2.2
      vertex -10.6066 -10.6066 1
      vertex -8.87047 -10.5714 2.2
    endloop
  endfacet
  facet normal -0.521583 -0.47794 -0.706771
    outer loop
      vertex -9.75807 -9.75807 2.2
      vertex -10.6066 -10.6066 3.4
      vertex -10.5714 -8.87047 2.2
    endloop
  endfacet
  facet normal -0.521567 -0.477945 -0.706779
    outer loop
      vertex -10.6066 -10.6066 3.4
      vertex -11.4907 -9.64181 3.4
      vertex -10.5714 -8.87047 2.2
    endloop
  endfacet
  facet normal -0.521572 -0.477951 0.706771
    outer loop
      vertex -9.75807 -9.75807 2.2
      vertex -11.4907 -9.64181 1
      vertex -10.6066 -10.6066 1
    endloop
  endfacet
  facet normal -0.521577 -0.477934 0.706779
    outer loop
      vertex -10.5714 -8.87047 2.2
      vertex -11.4907 -9.64181 1
      vertex -9.75807 -9.75807 2.2
    endloop
  endfacet
  facet normal -0.561242 -0.430662 -0.70678
    outer loop
      vertex -10.5714 -8.87047 2.2
      vertex -11.4907 -9.64181 3.4
      vertex -11.3043 -7.91535 2.2
    endloop
  endfacet
  facet normal -0.56125 -0.430658 -0.706776
    outer loop
      vertex -11.4907 -9.64181 3.4
      vertex -12.2873 -8.60365 3.4
      vertex -11.3043 -7.91535 2.2
    endloop
  endfacet
  facet normal -0.561247 -0.430655 0.70678
    outer loop
      vertex -10.5714 -8.87047 2.2
      vertex -12.2873 -8.60365 1
      vertex -11.4907 -9.64181 1
    endloop
  endfacet
  facet normal -0.561245 -0.430665 0.706776
    outer loop
      vertex -11.3043 -7.91535 2.2
      vertex -12.2873 -8.60365 1
      vertex -10.5714 -8.87047 2.2
    endloop
  endfacet
  facet normal -0.59666 -0.380086 -0.706775
    outer loop
      vertex -11.3043 -7.91535 2.2
      vertex -12.2873 -8.60365 3.4
      vertex -11.9511 -6.9 2.2
    endloop
  endfacet
  facet normal -0.596638 -0.380099 -0.706787
    outer loop
      vertex -12.2873 -8.60365 3.4
      vertex -12.9904 -7.5 3.4
      vertex -11.9511 -6.9 2.2
    endloop
  endfacet
  facet normal -0.596648 -0.380105 0.706776
    outer loop
      vertex -11.3043 -7.91535 2.2
      vertex -12.9904 -7.5 1
      vertex -12.2873 -8.60365 1
    endloop
  endfacet
  facet normal -0.59665 -0.380079 0.706788
    outer loop
      vertex -11.9511 -6.9 2.2
      vertex -12.9904 -7.5 1
      vertex -11.3043 -7.91535 2.2
    endloop
  endfacet
  facet normal -0.627493 -0.326654 -0.706788
    outer loop
      vertex -11.9511 -6.9 2.2
      vertex -12.9904 -7.5 3.4
      vertex -12.507 -5.83213 2.2
    endloop
  endfacet
  facet normal -0.627511 -0.326641 -0.706778
    outer loop
      vertex -12.9904 -7.5 3.4
      vertex -13.5946 -6.33927 3.4
      vertex -12.507 -5.83213 2.2
    endloop
  endfacet
  facet normal -0.627503 -0.326637 0.706788
    outer loop
      vertex -11.9511 -6.9 2.2
      vertex -13.5946 -6.33927 1
      vertex -12.9904 -7.5 1
    endloop
  endfacet
  facet normal -0.627503 -0.326658 0.706778
    outer loop
      vertex -12.507 -5.83213 2.2
      vertex -13.5946 -6.33927 1
      vertex -11.9511 -6.9 2.2
    endloop
  endfacet
  facet normal -0.653565 -0.270769 -0.706779
    outer loop
      vertex -12.507 -5.83213 2.2
      vertex -13.5946 -6.33927 3.4
      vertex -12.9678 -4.71988 2.2
    endloop
  endfacet
  facet normal -0.653596 -0.270743 -0.706761
    outer loop
      vertex -13.5946 -6.33927 3.4
      vertex -14.0954 -5.1303 3.4
      vertex -12.9678 -4.71988 2.2
    endloop
  endfacet
  facet normal -0.653579 -0.270737 0.706778
    outer loop
      vertex -12.507 -5.83213 2.2
      vertex -14.0954 -5.1303 1
      vertex -13.5946 -6.33927 1
    endloop
  endfacet
  facet normal -0.653583 -0.270776 0.70676
    outer loop
      vertex -12.9678 -4.71988 2.2
      vertex -14.0954 -5.1303 1
      vertex -12.507 -5.83213 2.2
    endloop
  endfacet
  facet normal -0.674713 -0.212725 -0.706761
    outer loop
      vertex -12.9678 -4.71988 2.2
      vertex -14.0954 -5.1303 3.4
      vertex -13.3298 -3.5717 2.2
    endloop
  endfacet
  facet normal -0.674703 -0.212735 -0.706768
    outer loop
      vertex -14.0954 -5.1303 3.4
      vertex -14.4889 -3.88229 3.4
      vertex -13.3298 -3.5717 2.2
    endloop
  endfacet
  facet normal -0.674709 -0.212737 0.706761
    outer loop
      vertex -12.9678 -4.71988 2.2
      vertex -14.4889 -3.88229 1
      vertex -14.0954 -5.1303 1
    endloop
  endfacet
  facet normal -0.674706 -0.212722 0.706768
    outer loop
      vertex -13.3298 -3.5717 2.2
      vertex -14.4889 -3.88229 1
      vertex -12.9678 -4.71988 2.2
    endloop
  endfacet
  facet normal -0.690686 -0.15308 -0.706766
    outer loop
      vertex -13.3298 -3.5717 2.2
      vertex -14.4889 -3.88229 3.4
      vertex -13.5903 -2.39634 2.2
    endloop
  endfacet
  facet normal -0.690669 -0.153101 -0.706779
    outer loop
      vertex -14.4889 -3.88229 3.4
      vertex -14.7721 -2.60472 3.4
      vertex -13.5903 -2.39634 2.2
    endloop
  endfacet
  facet normal -0.690681 -0.153104 0.706767
    outer loop
      vertex -13.3298 -3.5717 2.2
      vertex -14.7721 -2.60472 1
      vertex -14.4889 -3.88229 1
    endloop
  endfacet
  facet normal -0.690673 -0.153077 0.70678
    outer loop
      vertex -13.5903 -2.39634 2.2
      vertex -14.7721 -2.60472 1
      vertex -13.3298 -3.5717 2.2
    endloop
  endfacet
  facet normal -0.701377 -0.0923738 -0.70678
    outer loop
      vertex -13.5903 -2.39634 2.2
      vertex -14.7721 -2.60472 3.4
      vertex -13.7475 -1.20275 2.2
    endloop
  endfacet
  facet normal -0.701401 -0.0923394 -0.70676
    outer loop
      vertex -14.7721 -2.60472 3.4
      vertex -14.9429 -1.30734 3.4
      vertex -13.7475 -1.20275 2.2
    endloop
  endfacet
  facet normal -0.701382 -0.0923369 0.706779
    outer loop
      vertex -13.5903 -2.39634 2.2
      vertex -14.9429 -1.30734 1
      vertex -14.7721 -2.60472 1
    endloop
  endfacet
  facet normal -0.701397 -0.0923764 0.70676
    outer loop
      vertex -13.7475 -1.20275 2.2
      vertex -14.9429 -1.30734 1
      vertex -13.5903 -2.39634 2.2
    endloop
  endfacet
  facet normal -0.70678 -0.0308509 -0.70676
    outer loop
      vertex -13.7475 -1.20275 2.2
      vertex -14.9429 -1.30734 3.4
      vertex -13.8 0 2.2
    endloop
  endfacet
  facet normal -0.70677 -0.0308692 -0.70677
    outer loop
      vertex -14.9429 -1.30734 3.4
      vertex -15 0 3.4
      vertex -13.8 0 2.2
    endloop
  endfacet
  facet normal -0.706779 -0.0308696 0.70676
    outer loop
      vertex -13.7475 -1.20275 2.2
      vertex -15 0 1
      vertex -14.9429 -1.30734 1
    endloop
  endfacet
  facet normal -0.70677 -0.0308505 0.70677
    outer loop
      vertex -13.8 0 2.2
      vertex -15 0 1
      vertex -13.7475 -1.20275 2.2
    endloop
  endfacet
  facet normal -0.70677 0.0308505 -0.70677
    outer loop
      vertex -13.8 0 5.2
      vertex -15 0 6.4
      vertex -13.7475 1.20275 5.2
    endloop
  endfacet
  facet normal -0.706779 0.0308696 -0.70676
    outer loop
      vertex -13.7475 1.20275 5.2
      vertex -15 0 6.4
      vertex -14.9429 1.30734 6.4
    endloop
  endfacet
  facet normal -0.70677 0.0308692 0.70677
    outer loop
      vertex -14.9429 1.30734 4
      vertex -15 0 4
      vertex -13.8 0 5.2
    endloop
  endfacet
  facet normal -0.70678 0.0308509 0.70676
    outer loop
      vertex -13.7475 1.20275 5.2
      vertex -14.9429 1.30734 4
      vertex -13.8 0 5.2
    endloop
  endfacet
  facet normal -0.701397 0.0923764 -0.70676
    outer loop
      vertex -13.7475 1.20275 5.2
      vertex -14.9429 1.30734 6.4
      vertex -13.5903 2.39634 5.2
    endloop
  endfacet
  facet normal -0.701382 0.0923369 -0.706779
    outer loop
      vertex -13.5903 2.39634 5.2
      vertex -14.9429 1.30734 6.4
      vertex -14.7721 2.60472 6.4
    endloop
  endfacet
  facet normal -0.701401 0.0923394 0.70676
    outer loop
      vertex -14.7721 2.60472 4
      vertex -14.9429 1.30734 4
      vertex -13.7475 1.20275 5.2
    endloop
  endfacet
  facet normal -0.701377 0.0923738 0.70678
    outer loop
      vertex -13.5903 2.39634 5.2
      vertex -14.7721 2.60472 4
      vertex -13.7475 1.20275 5.2
    endloop
  endfacet
  facet normal -0.690673 0.153077 -0.70678
    outer loop
      vertex -13.5903 2.39634 5.2
      vertex -14.7721 2.60472 6.4
      vertex -13.3298 3.5717 5.2
    endloop
  endfacet
  facet normal -0.690681 0.153104 -0.706767
    outer loop
      vertex -13.3298 3.5717 5.2
      vertex -14.7721 2.60472 6.4
      vertex -14.4889 3.88229 6.4
    endloop
  endfacet
  facet normal -0.690669 0.153101 0.706779
    outer loop
      vertex -14.4889 3.88229 4
      vertex -14.7721 2.60472 4
      vertex -13.5903 2.39634 5.2
    endloop
  endfacet
  facet normal -0.690686 0.15308 0.706766
    outer loop
      vertex -13.3298 3.5717 5.2
      vertex -14.4889 3.88229 4
      vertex -13.5903 2.39634 5.2
    endloop
  endfacet
  facet normal -0.674706 0.212722 -0.706768
    outer loop
      vertex -13.3298 3.5717 5.2
      vertex -14.4889 3.88229 6.4
      vertex -12.9678 4.71988 5.2
    endloop
  endfacet
  facet normal -0.674709 0.212737 -0.706761
    outer loop
      vertex -12.9678 4.71988 5.2
      vertex -14.4889 3.88229 6.4
      vertex -14.0954 5.1303 6.4
    endloop
  endfacet
  facet normal -0.674703 0.212735 0.706768
    outer loop
      vertex -14.0954 5.1303 4
      vertex -14.4889 3.88229 4
      vertex -13.3298 3.5717 5.2
    endloop
  endfacet
  facet normal -0.674713 0.212725 0.706761
    outer loop
      vertex -12.9678 4.71988 5.2
      vertex -14.0954 5.1303 4
      vertex -13.3298 3.5717 5.2
    endloop
  endfacet
  facet normal -0.653583 0.270776 -0.70676
    outer loop
      vertex -12.9678 4.71988 5.2
      vertex -14.0954 5.1303 6.4
      vertex -12.507 5.83213 5.2
    endloop
  endfacet
  facet normal -0.653579 0.270737 -0.706778
    outer loop
      vertex -12.507 5.83213 5.2
      vertex -14.0954 5.1303 6.4
      vertex -13.5946 6.33927 6.4
    endloop
  endfacet
  facet normal -0.653596 0.270743 0.706761
    outer loop
      vertex -13.5946 6.33927 4
      vertex -14.0954 5.1303 4
      vertex -12.9678 4.71988 5.2
    endloop
  endfacet
  facet normal -0.653565 0.270769 0.706779
    outer loop
      vertex -12.507 5.83213 5.2
      vertex -13.5946 6.33927 4
      vertex -12.9678 4.71988 5.2
    endloop
  endfacet
  facet normal -0.627503 0.326658 -0.706778
    outer loop
      vertex -12.507 5.83213 5.2
      vertex -13.5946 6.33927 6.4
      vertex -11.9511 6.9 5.2
    endloop
  endfacet
  facet normal -0.627503 0.326637 -0.706788
    outer loop
      vertex -11.9511 6.9 5.2
      vertex -13.5946 6.33927 6.4
      vertex -12.9904 7.5 6.4
    endloop
  endfacet
  facet normal -0.627511 0.326641 0.706778
    outer loop
      vertex -12.9904 7.5 4
      vertex -13.5946 6.33927 4
      vertex -12.507 5.83213 5.2
    endloop
  endfacet
  facet normal -0.627493 0.326654 0.706788
    outer loop
      vertex -11.9511 6.9 5.2
      vertex -12.9904 7.5 4
      vertex -12.507 5.83213 5.2
    endloop
  endfacet
  facet normal -0.59665 0.380079 -0.706788
    outer loop
      vertex -11.9511 6.9 5.2
      vertex -12.9904 7.5 6.4
      vertex -11.3043 7.91535 5.2
    endloop
  endfacet
  facet normal -0.596648 0.380105 -0.706776
    outer loop
      vertex -11.3043 7.91535 5.2
      vertex -12.9904 7.5 6.4
      vertex -12.2873 8.60365 6.4
    endloop
  endfacet
  facet normal -0.596638 0.380099 0.706787
    outer loop
      vertex -12.2873 8.60365 4
      vertex -12.9904 7.5 4
      vertex -11.9511 6.9 5.2
    endloop
  endfacet
  facet normal -0.59666 0.380086 0.706775
    outer loop
      vertex -11.3043 7.91535 5.2
      vertex -12.2873 8.60365 4
      vertex -11.9511 6.9 5.2
    endloop
  endfacet
  facet normal -0.561245 0.430665 -0.706776
    outer loop
      vertex -11.3043 7.91535 5.2
      vertex -12.2873 8.60365 6.4
      vertex -10.5714 8.87047 5.2
    endloop
  endfacet
  facet normal -0.561247 0.430655 -0.70678
    outer loop
      vertex -10.5714 8.87047 5.2
      vertex -12.2873 8.60365 6.4
      vertex -11.4907 9.64181 6.4
    endloop
  endfacet
  facet normal -0.56125 0.430658 0.706776
    outer loop
      vertex -11.4907 9.64181 4
      vertex -12.2873 8.60365 4
      vertex -11.3043 7.91535 5.2
    endloop
  endfacet
  facet normal -0.561242 0.430662 0.70678
    outer loop
      vertex -10.5714 8.87047 5.2
      vertex -11.4907 9.64181 4
      vertex -11.3043 7.91535 5.2
    endloop
  endfacet
  facet normal -0.521577 0.477934 -0.706779
    outer loop
      vertex -10.5714 8.87047 5.2
      vertex -11.4907 9.64181 6.4
      vertex -9.75807 9.75807 5.2
    endloop
  endfacet
  facet normal -0.521572 0.477951 -0.706771
    outer loop
      vertex -9.75807 9.75807 5.2
      vertex -11.4907 9.64181 6.4
      vertex -10.6066 10.6066 6.4
    endloop
  endfacet
  facet normal -0.521567 0.477945 0.706779
    outer loop
      vertex -10.6066 10.6066 4
      vertex -11.4907 9.64181 4
      vertex -10.5714 8.87047 5.2
    endloop
  endfacet
  facet normal -0.521583 0.47794 0.706771
    outer loop
      vertex -9.75807 9.75807 5.2
      vertex -10.6066 10.6066 4
      vertex -10.5714 8.87047 5.2
    endloop
  endfacet
  facet normal -0.47794 0.521583 -0.706771
    outer loop
      vertex -9.75807 9.75807 5.2
      vertex -10.6066 10.6066 6.4
      vertex -8.87047 10.5714 5.2
    endloop
  endfacet
  facet normal -0.477945 0.521567 -0.706779
    outer loop
      vertex -8.87047 10.5714 5.2
      vertex -10.6066 10.6066 6.4
      vertex -9.64181 11.4907 6.4
    endloop
  endfacet
  facet normal -0.477951 0.521572 0.706771
    outer loop
      vertex -9.64181 11.4907 4
      vertex -10.6066 10.6066 4
      vertex -9.75807 9.75807 5.2
    endloop
  endfacet
  facet normal -0.477934 0.521577 0.706779
    outer loop
      vertex -9.64181 11.4907 4
      vertex -9.75807 9.75807 5.2
      vertex -8.87047 10.5714 5.2
    endloop
  endfacet
  facet normal -0.430662 0.561242 -0.70678
    outer loop
      vertex -8.87047 10.5714 5.2
      vertex -9.64181 11.4907 6.4
      vertex -7.91535 11.3043 5.2
    endloop
  endfacet
  facet normal -0.430658 0.56125 -0.706776
    outer loop
      vertex -7.91535 11.3043 5.2
      vertex -9.64181 11.4907 6.4
      vertex -8.60365 12.2873 6.4
    endloop
  endfacet
  facet normal -0.430655 0.561247 0.70678
    outer loop
      vertex -8.60365 12.2873 4
      vertex -9.64181 11.4907 4
      vertex -8.87047 10.5714 5.2
    endloop
  endfacet
  facet normal -0.430665 0.561245 0.706776
    outer loop
      vertex -8.60365 12.2873 4
      vertex -8.87047 10.5714 5.2
      vertex -7.91535 11.3043 5.2
    endloop
  endfacet
  facet normal -0.380086 0.59666 -0.706775
    outer loop
      vertex -7.91535 11.3043 5.2
      vertex -8.60365 12.2873 6.4
      vertex -6.9 11.9511 5.2
    endloop
  endfacet
  facet normal -0.380099 0.596638 -0.706787
    outer loop
      vertex -6.9 11.9511 5.2
      vertex -8.60365 12.2873 6.4
      vertex -7.5 12.9904 6.4
    endloop
  endfacet
  facet normal -0.380105 0.596648 0.706776
    outer loop
      vertex -7.5 12.9904 4
      vertex -8.60365 12.2873 4
      vertex -7.91535 11.3043 5.2
    endloop
  endfacet
  facet normal -0.380079 0.59665 0.706788
    outer loop
      vertex -7.5 12.9904 4
      vertex -7.91535 11.3043 5.2
      vertex -6.9 11.9511 5.2
    endloop
  endfacet
  facet normal -0.326654 0.627493 -0.706788
    outer loop
      vertex -6.9 11.9511 5.2
      vertex -7.5 12.9904 6.4
      vertex -5.83213 12.507 5.2
    endloop
  endfacet
  facet normal -0.326641 0.627511 -0.706778
    outer loop
      vertex -5.83213 12.507 5.2
      vertex -7.5 12.9904 6.4
      vertex -6.33927 13.5946 6.4
    endloop
  endfacet
  facet normal -0.326637 0.627503 0.706788
    outer loop
      vertex -6.33927 13.5946 4
      vertex -7.5 12.9904 4
      vertex -6.9 11.9511 5.2
    endloop
  endfacet
  facet normal -0.326658 0.627503 0.706778
    outer loop
      vertex -6.33927 13.5946 4
      vertex -6.9 11.9511 5.2
      vertex -5.83213 12.507 5.2
    endloop
  endfacet
  facet normal -0.270769 0.653565 -0.706779
    outer loop
      vertex -5.83213 12.507 5.2
      vertex -6.33927 13.5946 6.4
      vertex -4.71988 12.9678 5.2
    endloop
  endfacet
  facet normal -0.270743 0.653596 -0.706761
    outer loop
      vertex -4.71988 12.9678 5.2
      vertex -6.33927 13.5946 6.4
      vertex -5.1303 14.0954 6.4
    endloop
  endfacet
  facet normal -0.270737 0.653579 0.706778
    outer loop
      vertex -5.1303 14.0954 4
      vertex -6.33927 13.5946 4
      vertex -5.83213 12.507 5.2
    endloop
  endfacet
  facet normal -0.270776 0.653583 0.70676
    outer loop
      vertex -5.1303 14.0954 4
      vertex -5.83213 12.507 5.2
      vertex -4.71988 12.9678 5.2
    endloop
  endfacet
  facet normal -0.212725 0.674713 -0.706761
    outer loop
      vertex -4.71988 12.9678 5.2
      vertex -5.1303 14.0954 6.4
      vertex -3.5717 13.3298 5.2
    endloop
  endfacet
  facet normal -0.212735 0.674703 -0.706768
    outer loop
      vertex -3.5717 13.3298 5.2
      vertex -5.1303 14.0954 6.4
      vertex -3.88229 14.4889 6.4
    endloop
  endfacet
  facet normal -0.212737 0.674709 0.706761
    outer loop
      vertex -3.88229 14.4889 4
      vertex -5.1303 14.0954 4
      vertex -4.71988 12.9678 5.2
    endloop
  endfacet
  facet normal -0.212722 0.674706 0.706768
    outer loop
      vertex -3.88229 14.4889 4
      vertex -4.71988 12.9678 5.2
      vertex -3.5717 13.3298 5.2
    endloop
  endfacet
  facet normal -0.15308 0.690686 -0.706766
    outer loop
      vertex -3.5717 13.3298 5.2
      vertex -3.88229 14.4889 6.4
      vertex -2.39634 13.5903 5.2
    endloop
  endfacet
  facet normal -0.153101 0.690669 -0.706779
    outer loop
      vertex -2.39634 13.5903 5.2
      vertex -3.88229 14.4889 6.4
      vertex -2.60472 14.7721 6.4
    endloop
  endfacet
  facet normal -0.153104 0.690681 0.706767
    outer loop
      vertex -2.60472 14.7721 4
      vertex -3.88229 14.4889 4
      vertex -3.5717 13.3298 5.2
    endloop
  endfacet
  facet normal -0.153077 0.690673 0.70678
    outer loop
      vertex -2.60472 14.7721 4
      vertex -3.5717 13.3298 5.2
      vertex -2.39634 13.5903 5.2
    endloop
  endfacet
  facet normal -0.0923738 0.701377 -0.70678
    outer loop
      vertex -2.39634 13.5903 5.2
      vertex -2.60472 14.7721 6.4
      vertex -1.20275 13.7475 5.2
    endloop
  endfacet
  facet normal -0.0923394 0.701401 -0.70676
    outer loop
      vertex -1.20275 13.7475 5.2
      vertex -2.60472 14.7721 6.4
      vertex -1.30734 14.9429 6.4
    endloop
  endfacet
  facet normal -0.0923369 0.701382 0.706779
    outer loop
      vertex -1.30734 14.9429 4
      vertex -2.60472 14.7721 4
      vertex -2.39634 13.5903 5.2
    endloop
  endfacet
  facet normal -0.0923764 0.701397 0.70676
    outer loop
      vertex -1.30734 14.9429 4
      vertex -2.39634 13.5903 5.2
      vertex -1.20275 13.7475 5.2
    endloop
  endfacet
  facet normal -0.0308509 0.70678 -0.70676
    outer loop
      vertex -1.20275 13.7475 5.2
      vertex -1.30734 14.9429 6.4
      vertex 0 13.8 5.2
    endloop
  endfacet
  facet normal -0.0308692 0.70677 -0.70677
    outer loop
      vertex 0 13.8 5.2
      vertex -1.30734 14.9429 6.4
      vertex 0 15 6.4
    endloop
  endfacet
  facet normal -0.0308696 0.706779 0.70676
    outer loop
      vertex 0 15 4
      vertex -1.30734 14.9429 4
      vertex -1.20275 13.7475 5.2
    endloop
  endfacet
  facet normal -0.0308505 0.70677 0.70677
    outer loop
      vertex 0 15 4
      vertex -1.20275 13.7475 5.2
      vertex 0 13.8 5.2
    endloop
  endfacet
  facet normal 0.0308505 0.70677 -0.70677
    outer loop
      vertex 1.20275 13.7475 5.2
      vertex 0 13.8 5.2
      vertex 0 15 6.4
    endloop
  endfacet
  facet normal 0.0308696 0.706779 -0.70676
    outer loop
      vertex 1.20275 13.7475 5.2
      vertex 0 15 6.4
      vertex 1.30734 14.9429 6.4
    endloop
  endfacet
  facet normal 0.0308692 0.70677 0.70677
    outer loop
      vertex 0 15 4
      vertex 0 13.8 5.2
      vertex 1.30734 14.9429 4
    endloop
  endfacet
  facet normal 0.0308509 0.70678 0.70676
    outer loop
      vertex 1.30734 14.9429 4
      vertex 0 13.8 5.2
      vertex 1.20275 13.7475 5.2
    endloop
  endfacet
  facet normal 0.0923764 0.701397 -0.70676
    outer loop
      vertex 2.39634 13.5903 5.2
      vertex 1.20275 13.7475 5.2
      vertex 1.30734 14.9429 6.4
    endloop
  endfacet
  facet normal 0.0923369 0.701382 -0.706779
    outer loop
      vertex 2.39634 13.5903 5.2
      vertex 1.30734 14.9429 6.4
      vertex 2.60472 14.7721 6.4
    endloop
  endfacet
  facet normal 0.0923394 0.701401 0.70676
    outer loop
      vertex 1.30734 14.9429 4
      vertex 1.20275 13.7475 5.2
      vertex 2.60472 14.7721 4
    endloop
  endfacet
  facet normal 0.0923738 0.701377 0.70678
    outer loop
      vertex 2.60472 14.7721 4
      vertex 1.20275 13.7475 5.2
      vertex 2.39634 13.5903 5.2
    endloop
  endfacet
  facet normal 0.153077 0.690673 -0.70678
    outer loop
      vertex 3.5717 13.3298 5.2
      vertex 2.39634 13.5903 5.2
      vertex 2.60472 14.7721 6.4
    endloop
  endfacet
  facet normal 0.153104 0.690681 -0.706767
    outer loop
      vertex 3.5717 13.3298 5.2
      vertex 2.60472 14.7721 6.4
      vertex 3.88229 14.4889 6.4
    endloop
  endfacet
  facet normal 0.153101 0.690669 0.706779
    outer loop
      vertex 2.60472 14.7721 4
      vertex 2.39634 13.5903 5.2
      vertex 3.88229 14.4889 4
    endloop
  endfacet
  facet normal 0.15308 0.690686 0.706766
    outer loop
      vertex 3.88229 14.4889 4
      vertex 2.39634 13.5903 5.2
      vertex 3.5717 13.3298 5.2
    endloop
  endfacet
  facet normal 0.212722 0.674706 -0.706768
    outer loop
      vertex 4.71988 12.9678 5.2
      vertex 3.5717 13.3298 5.2
      vertex 3.88229 14.4889 6.4
    endloop
  endfacet
  facet normal 0.212737 0.674709 -0.706761
    outer loop
      vertex 4.71988 12.9678 5.2
      vertex 3.88229 14.4889 6.4
      vertex 5.1303 14.0954 6.4
    endloop
  endfacet
  facet normal 0.212735 0.674703 0.706768
    outer loop
      vertex 3.88229 14.4889 4
      vertex 3.5717 13.3298 5.2
      vertex 5.1303 14.0954 4
    endloop
  endfacet
  facet normal 0.212725 0.674713 0.706761
    outer loop
      vertex 5.1303 14.0954 4
      vertex 3.5717 13.3298 5.2
      vertex 4.71988 12.9678 5.2
    endloop
  endfacet
  facet normal 0.270776 0.653583 -0.70676
    outer loop
      vertex 5.83213 12.507 5.2
      vertex 4.71988 12.9678 5.2
      vertex 5.1303 14.0954 6.4
    endloop
  endfacet
  facet normal 0.270737 0.653579 -0.706778
    outer loop
      vertex 5.83213 12.507 5.2
      vertex 5.1303 14.0954 6.4
      vertex 6.33927 13.5946 6.4
    endloop
  endfacet
  facet normal 0.270743 0.653596 0.706761
    outer loop
      vertex 5.1303 14.0954 4
      vertex 4.71988 12.9678 5.2
      vertex 6.33927 13.5946 4
    endloop
  endfacet
  facet normal 0.270769 0.653565 0.706779
    outer loop
      vertex 6.33927 13.5946 4
      vertex 4.71988 12.9678 5.2
      vertex 5.83213 12.507 5.2
    endloop
  endfacet
  facet normal 0.326658 0.627503 -0.706778
    outer loop
      vertex 6.9 11.9511 5.2
      vertex 5.83213 12.507 5.2
      vertex 6.33927 13.5946 6.4
    endloop
  endfacet
  facet normal 0.326637 0.627503 -0.706788
    outer loop
      vertex 6.9 11.9511 5.2
      vertex 6.33927 13.5946 6.4
      vertex 7.5 12.9904 6.4
    endloop
  endfacet
  facet normal 0.326641 0.627511 0.706778
    outer loop
      vertex 6.33927 13.5946 4
      vertex 5.83213 12.507 5.2
      vertex 7.5 12.9904 4
    endloop
  endfacet
  facet normal 0.326654 0.627493 0.706788
    outer loop
      vertex 7.5 12.9904 4
      vertex 5.83213 12.507 5.2
      vertex 6.9 11.9511 5.2
    endloop
  endfacet
  facet normal 0.380079 0.59665 -0.706788
    outer loop
      vertex 7.91535 11.3043 5.2
      vertex 6.9 11.9511 5.2
      vertex 7.5 12.9904 6.4
    endloop
  endfacet
  facet normal 0.380105 0.596648 -0.706776
    outer loop
      vertex 7.91535 11.3043 5.2
      vertex 7.5 12.9904 6.4
      vertex 8.60365 12.2873 6.4
    endloop
  endfacet
  facet normal 0.380099 0.596638 0.706787
    outer loop
      vertex 7.5 12.9904 4
      vertex 6.9 11.9511 5.2
      vertex 8.60365 12.2873 4
    endloop
  endfacet
  facet normal 0.380086 0.59666 0.706775
    outer loop
      vertex 8.60365 12.2873 4
      vertex 6.9 11.9511 5.2
      vertex 7.91535 11.3043 5.2
    endloop
  endfacet
  facet normal 0.430665 0.561245 -0.706776
    outer loop
      vertex 8.87047 10.5714 5.2
      vertex 7.91535 11.3043 5.2
      vertex 8.60365 12.2873 6.4
    endloop
  endfacet
  facet normal 0.430655 0.561247 -0.70678
    outer loop
      vertex 8.87047 10.5714 5.2
      vertex 8.60365 12.2873 6.4
      vertex 9.64181 11.4907 6.4
    endloop
  endfacet
  facet normal 0.430658 0.56125 0.706776
    outer loop
      vertex 8.60365 12.2873 4
      vertex 7.91535 11.3043 5.2
      vertex 9.64181 11.4907 4
    endloop
  endfacet
  facet normal 0.430662 0.561242 0.70678
    outer loop
      vertex 9.64181 11.4907 4
      vertex 7.91535 11.3043 5.2
      vertex 8.87047 10.5714 5.2
    endloop
  endfacet
  facet normal 0.477934 0.521577 -0.706779
    outer loop
      vertex 9.75807 9.75807 5.2
      vertex 8.87047 10.5714 5.2
      vertex 9.64181 11.4907 6.4
    endloop
  endfacet
  facet normal 0.477951 0.521572 -0.706771
    outer loop
      vertex 9.75807 9.75807 5.2
      vertex 9.64181 11.4907 6.4
      vertex 10.6066 10.6066 6.4
    endloop
  endfacet
  facet normal 0.477945 0.521567 0.706779
    outer loop
      vertex 9.64181 11.4907 4
      vertex 8.87047 10.5714 5.2
      vertex 10.6066 10.6066 4
    endloop
  endfacet
  facet normal 0.47794 0.521583 0.706771
    outer loop
      vertex 10.6066 10.6066 4
      vertex 8.87047 10.5714 5.2
      vertex 9.75807 9.75807 5.2
    endloop
  endfacet
  facet normal 0.521583 0.47794 -0.706771
    outer loop
      vertex 10.5714 8.87047 5.2
      vertex 9.75807 9.75807 5.2
      vertex 10.6066 10.6066 6.4
    endloop
  endfacet
  facet normal 0.521567 0.477945 -0.706779
    outer loop
      vertex 11.4907 9.64181 6.4
      vertex 10.5714 8.87047 5.2
      vertex 10.6066 10.6066 6.4
    endloop
  endfacet
  facet normal 0.521572 0.477951 0.706771
    outer loop
      vertex 10.6066 10.6066 4
      vertex 9.75807 9.75807 5.2
      vertex 11.4907 9.64181 4
    endloop
  endfacet
  facet normal 0.521577 0.477934 0.706779
    outer loop
      vertex 11.4907 9.64181 4
      vertex 9.75807 9.75807 5.2
      vertex 10.5714 8.87047 5.2
    endloop
  endfacet
  facet normal 0.561242 0.430662 -0.70678
    outer loop
      vertex 11.3043 7.91535 5.2
      vertex 10.5714 8.87047 5.2
      vertex 11.4907 9.64181 6.4
    endloop
  endfacet
  facet normal 0.56125 0.430658 -0.706776
    outer loop
      vertex 12.2873 8.60365 6.4
      vertex 11.3043 7.91535 5.2
      vertex 11.4907 9.64181 6.4
    endloop
  endfacet
  facet normal 0.561247 0.430655 0.70678
    outer loop
      vertex 11.4907 9.64181 4
      vertex 10.5714 8.87047 5.2
      vertex 12.2873 8.60365 4
    endloop
  endfacet
  facet normal 0.561245 0.430665 0.706776
    outer loop
      vertex 12.2873 8.60365 4
      vertex 10.5714 8.87047 5.2
      vertex 11.3043 7.91535 5.2
    endloop
  endfacet
  facet normal 0.59666 0.380086 -0.706775
    outer loop
      vertex 11.9511 6.9 5.2
      vertex 11.3043 7.91535 5.2
      vertex 12.2873 8.60365 6.4
    endloop
  endfacet
  facet normal 0.596638 0.380099 -0.706787
    outer loop
      vertex 12.9904 7.5 6.4
      vertex 11.9511 6.9 5.2
      vertex 12.2873 8.60365 6.4
    endloop
  endfacet
  facet normal 0.596648 0.380105 0.706776
    outer loop
      vertex 12.2873 8.60365 4
      vertex 11.3043 7.91535 5.2
      vertex 12.9904 7.5 4
    endloop
  endfacet
  facet normal 0.59665 0.380079 0.706788
    outer loop
      vertex 12.9904 7.5 4
      vertex 11.3043 7.91535 5.2
      vertex 11.9511 6.9 5.2
    endloop
  endfacet
  facet normal 0.627493 0.326654 -0.706788
    outer loop
      vertex 12.507 5.83213 5.2
      vertex 11.9511 6.9 5.2
      vertex 12.9904 7.5 6.4
    endloop
  endfacet
  facet normal 0.627511 0.326641 -0.706778
    outer loop
      vertex 13.5946 6.33927 6.4
      vertex 12.507 5.83213 5.2
      vertex 12.9904 7.5 6.4
    endloop
  endfacet
  facet normal 0.627503 0.326637 0.706788
    outer loop
      vertex 12.9904 7.5 4
      vertex 11.9511 6.9 5.2
      vertex 13.5946 6.33927 4
    endloop
  endfacet
  facet normal 0.627503 0.326658 0.706778
    outer loop
      vertex 13.5946 6.33927 4
      vertex 11.9511 6.9 5.2
      vertex 12.507 5.83213 5.2
    endloop
  endfacet
  facet normal 0.653565 0.270769 -0.706779
    outer loop
      vertex 12.9678 4.71988 5.2
      vertex 12.507 5.83213 5.2
      vertex 13.5946 6.33927 6.4
    endloop
  endfacet
  facet normal 0.653596 0.270743 -0.706761
    outer loop
      vertex 14.0954 5.1303 6.4
      vertex 12.9678 4.71988 5.2
      vertex 13.5946 6.33927 6.4
    endloop
  endfacet
  facet normal 0.653579 0.270737 0.706778
    outer loop
      vertex 13.5946 6.33927 4
      vertex 12.507 5.83213 5.2
      vertex 14.0954 5.1303 4
    endloop
  endfacet
  facet normal 0.653583 0.270776 0.70676
    outer loop
      vertex 14.0954 5.1303 4
      vertex 12.507 5.83213 5.2
      vertex 12.9678 4.71988 5.2
    endloop
  endfacet
  facet normal 0.674713 0.212725 -0.706761
    outer loop
      vertex 13.3298 3.5717 5.2
      vertex 12.9678 4.71988 5.2
      vertex 14.0954 5.1303 6.4
    endloop
  endfacet
  facet normal 0.674703 0.212735 -0.706768
    outer loop
      vertex 14.4889 3.88229 6.4
      vertex 13.3298 3.5717 5.2
      vertex 14.0954 5.1303 6.4
    endloop
  endfacet
  facet normal 0.674709 0.212737 0.706761
    outer loop
      vertex 14.0954 5.1303 4
      vertex 12.9678 4.71988 5.2
      vertex 14.4889 3.88229 4
    endloop
  endfacet
  facet normal 0.674706 0.212722 0.706768
    outer loop
      vertex 14.4889 3.88229 4
      vertex 12.9678 4.71988 5.2
      vertex 13.3298 3.5717 5.2
    endloop
  endfacet
  facet normal 0.690686 0.15308 -0.706766
    outer loop
      vertex 13.5903 2.39634 5.2
      vertex 13.3298 3.5717 5.2
      vertex 14.4889 3.88229 6.4
    endloop
  endfacet
  facet normal 0.690669 0.153101 -0.706779
    outer loop
      vertex 14.7721 2.60472 6.4
      vertex 13.5903 2.39634 5.2
      vertex 14.4889 3.88229 6.4
    endloop
  endfacet
  facet normal 0.690681 0.153104 0.706767
    outer loop
      vertex 14.4889 3.88229 4
      vertex 13.3298 3.5717 5.2
      vertex 14.7721 2.60472 4
    endloop
  endfacet
  facet normal 0.690673 0.153077 0.70678
    outer loop
      vertex 14.7721 2.60472 4
      vertex 13.3298 3.5717 5.2
      vertex 13.5903 2.39634 5.2
    endloop
  endfacet
  facet normal 0.701377 0.0923738 -0.70678
    outer loop
      vertex 13.7475 1.20275 5.2
      vertex 13.5903 2.39634 5.2
      vertex 14.7721 2.60472 6.4
    endloop
  endfacet
  facet normal 0.701401 0.0923394 -0.70676
    outer loop
      vertex 14.9429 1.30734 6.4
      vertex 13.7475 1.20275 5.2
      vertex 14.7721 2.60472 6.4
    endloop
  endfacet
  facet normal 0.701382 0.0923369 0.706779
    outer loop
      vertex 14.7721 2.60472 4
      vertex 13.5903 2.39634 5.2
      vertex 14.9429 1.30734 4
    endloop
  endfacet
  facet normal 0.701397 0.0923764 0.70676
    outer loop
      vertex 14.9429 1.30734 4
      vertex 13.5903 2.39634 5.2
      vertex 13.7475 1.20275 5.2
    endloop
  endfacet
  facet normal 0.70678 0.0308509 -0.70676
    outer loop
      vertex 13.8 0 5.2
      vertex 13.7475 1.20275 5.2
      vertex 14.9429 1.30734 6.4
    endloop
  endfacet
  facet normal 0.70677 0.0308692 -0.70677
    outer loop
      vertex 15 0 6.4
      vertex 13.8 0 5.2
      vertex 14.9429 1.30734 6.4
    endloop
  endfacet
  facet normal 0.706779 0.0308696 0.70676
    outer loop
      vertex 14.9429 1.30734 4
      vertex 13.7475 1.20275 5.2
      vertex 15 0 4
    endloop
  endfacet
  facet normal 0.70677 0.0308505 0.70677
    outer loop
      vertex 15 0 4
      vertex 13.7475 1.20275 5.2
      vertex 13.8 0 5.2
    endloop
  endfacet
  facet normal 0.70677 -0.0308505 -0.70677
    outer loop
      vertex 15 0 6.4
      vertex 13.7475 -1.20275 5.2
      vertex 13.8 0 5.2
    endloop
  endfacet
  facet normal 0.706779 -0.0308696 -0.70676
    outer loop
      vertex 14.9429 -1.30734 6.4
      vertex 13.7475 -1.20275 5.2
      vertex 15 0 6.4
    endloop
  endfacet
  facet normal 0.70677 -0.0308692 0.70677
    outer loop
      vertex 15 0 4
      vertex 13.8 0 5.2
      vertex 14.9429 -1.30734 4
    endloop
  endfacet
  facet normal 0.70678 -0.0308509 0.70676
    outer loop
      vertex 13.8 0 5.2
      vertex 13.7475 -1.20275 5.2
      vertex 14.9429 -1.30734 4
    endloop
  endfacet
  facet normal 0.701397 -0.0923764 -0.70676
    outer loop
      vertex 14.9429 -1.30734 6.4
      vertex 13.5903 -2.39634 5.2
      vertex 13.7475 -1.20275 5.2
    endloop
  endfacet
  facet normal 0.701382 -0.0923369 -0.706779
    outer loop
      vertex 14.7721 -2.60472 6.4
      vertex 13.5903 -2.39634 5.2
      vertex 14.9429 -1.30734 6.4
    endloop
  endfacet
  facet normal 0.701401 -0.0923394 0.70676
    outer loop
      vertex 14.9429 -1.30734 4
      vertex 13.7475 -1.20275 5.2
      vertex 14.7721 -2.60472 4
    endloop
  endfacet
  facet normal 0.701377 -0.0923738 0.70678
    outer loop
      vertex 13.7475 -1.20275 5.2
      vertex 13.5903 -2.39634 5.2
      vertex 14.7721 -2.60472 4
    endloop
  endfacet
  facet normal 0.690673 -0.153077 -0.70678
    outer loop
      vertex 14.7721 -2.60472 6.4
      vertex 13.3298 -3.5717 5.2
      vertex 13.5903 -2.39634 5.2
    endloop
  endfacet
  facet normal 0.690681 -0.153104 -0.706767
    outer loop
      vertex 14.4889 -3.88229 6.4
      vertex 13.3298 -3.5717 5.2
      vertex 14.7721 -2.60472 6.4
    endloop
  endfacet
  facet normal 0.690669 -0.153101 0.706779
    outer loop
      vertex 14.7721 -2.60472 4
      vertex 13.5903 -2.39634 5.2
      vertex 14.4889 -3.88229 4
    endloop
  endfacet
  facet normal 0.690686 -0.15308 0.706766
    outer loop
      vertex 13.5903 -2.39634 5.2
      vertex 13.3298 -3.5717 5.2
      vertex 14.4889 -3.88229 4
    endloop
  endfacet
  facet normal 0.674706 -0.212722 -0.706768
    outer loop
      vertex 14.4889 -3.88229 6.4
      vertex 12.9678 -4.71988 5.2
      vertex 13.3298 -3.5717 5.2
    endloop
  endfacet
  facet normal 0.674709 -0.212737 -0.706761
    outer loop
      vertex 14.0954 -5.1303 6.4
      vertex 12.9678 -4.71988 5.2
      vertex 14.4889 -3.88229 6.4
    endloop
  endfacet
  facet normal 0.674703 -0.212735 0.706768
    outer loop
      vertex 14.4889 -3.88229 4
      vertex 13.3298 -3.5717 5.2
      vertex 14.0954 -5.1303 4
    endloop
  endfacet
  facet normal 0.674713 -0.212725 0.706761
    outer loop
      vertex 13.3298 -3.5717 5.2
      vertex 12.9678 -4.71988 5.2
      vertex 14.0954 -5.1303 4
    endloop
  endfacet
  facet normal 0.653583 -0.270776 -0.70676
    outer loop
      vertex 14.0954 -5.1303 6.4
      vertex 12.507 -5.83213 5.2
      vertex 12.9678 -4.71988 5.2
    endloop
  endfacet
  facet normal 0.653579 -0.270737 -0.706778
    outer loop
      vertex 13.5946 -6.33927 6.4
      vertex 12.507 -5.83213 5.2
      vertex 14.0954 -5.1303 6.4
    endloop
  endfacet
  facet normal 0.653596 -0.270743 0.706761
    outer loop
      vertex 14.0954 -5.1303 4
      vertex 12.9678 -4.71988 5.2
      vertex 13.5946 -6.33927 4
    endloop
  endfacet
  facet normal 0.653565 -0.270769 0.706779
    outer loop
      vertex 12.9678 -4.71988 5.2
      vertex 12.507 -5.83213 5.2
      vertex 13.5946 -6.33927 4
    endloop
  endfacet
  facet normal 0.627503 -0.326658 -0.706778
    outer loop
      vertex 13.5946 -6.33927 6.4
      vertex 11.9511 -6.9 5.2
      vertex 12.507 -5.83213 5.2
    endloop
  endfacet
  facet normal 0.627503 -0.326637 -0.706788
    outer loop
      vertex 12.9904 -7.5 6.4
      vertex 11.9511 -6.9 5.2
      vertex 13.5946 -6.33927 6.4
    endloop
  endfacet
  facet normal 0.627511 -0.326641 0.706778
    outer loop
      vertex 13.5946 -6.33927 4
      vertex 12.507 -5.83213 5.2
      vertex 12.9904 -7.5 4
    endloop
  endfacet
  facet normal 0.627493 -0.326654 0.706788
    outer loop
      vertex 12.507 -5.83213 5.2
      vertex 11.9511 -6.9 5.2
      vertex 12.9904 -7.5 4
    endloop
  endfacet
  facet normal 0.59665 -0.380079 -0.706788
    outer loop
      vertex 12.9904 -7.5 6.4
      vertex 11.3043 -7.91535 5.2
      vertex 11.9511 -6.9 5.2
    endloop
  endfacet
  facet normal 0.596648 -0.380105 -0.706776
    outer loop
      vertex 12.2873 -8.60365 6.4
      vertex 11.3043 -7.91535 5.2
      vertex 12.9904 -7.5 6.4
    endloop
  endfacet
  facet normal 0.596638 -0.380099 0.706787
    outer loop
      vertex 12.9904 -7.5 4
      vertex 11.9511 -6.9 5.2
      vertex 12.2873 -8.60365 4
    endloop
  endfacet
  facet normal 0.59666 -0.380086 0.706775
    outer loop
      vertex 11.9511 -6.9 5.2
      vertex 11.3043 -7.91535 5.2
      vertex 12.2873 -8.60365 4
    endloop
  endfacet
  facet normal 0.561245 -0.430665 -0.706776
    outer loop
      vertex 12.2873 -8.60365 6.4
      vertex 10.5714 -8.87047 5.2
      vertex 11.3043 -7.91535 5.2
    endloop
  endfacet
  facet normal 0.561247 -0.430655 -0.70678
    outer loop
      vertex 11.4907 -9.64181 6.4
      vertex 10.5714 -8.87047 5.2
      vertex 12.2873 -8.60365 6.4
    endloop
  endfacet
  facet normal 0.56125 -0.430658 0.706776
    outer loop
      vertex 12.2873 -8.60365 4
      vertex 11.3043 -7.91535 5.2
      vertex 11.4907 -9.64181 4
    endloop
  endfacet
  facet normal 0.561242 -0.430662 0.70678
    outer loop
      vertex 11.3043 -7.91535 5.2
      vertex 10.5714 -8.87047 5.2
      vertex 11.4907 -9.64181 4
    endloop
  endfacet
  facet normal 0.521577 -0.477934 -0.706779
    outer loop
      vertex 11.4907 -9.64181 6.4
      vertex 9.75807 -9.75807 5.2
      vertex 10.5714 -8.87047 5.2
    endloop
  endfacet
  facet normal 0.521572 -0.477951 -0.706771
    outer loop
      vertex 10.6066 -10.6066 6.4
      vertex 9.75807 -9.75807 5.2
      vertex 11.4907 -9.64181 6.4
    endloop
  endfacet
  facet normal 0.521567 -0.477945 0.706779
    outer loop
      vertex 11.4907 -9.64181 4
      vertex 10.5714 -8.87047 5.2
      vertex 10.6066 -10.6066 4
    endloop
  endfacet
  facet normal 0.521583 -0.47794 0.706771
    outer loop
      vertex 10.5714 -8.87047 5.2
      vertex 9.75807 -9.75807 5.2
      vertex 10.6066 -10.6066 4
    endloop
  endfacet
  facet normal 0.47794 -0.521583 -0.706771
    outer loop
      vertex 10.6066 -10.6066 6.4
      vertex 8.87047 -10.5714 5.2
      vertex 9.75807 -9.75807 5.2
    endloop
  endfacet
  facet normal 0.477945 -0.521567 -0.706779
    outer loop
      vertex 9.64181 -11.4907 6.4
      vertex 8.87047 -10.5714 5.2
      vertex 10.6066 -10.6066 6.4
    endloop
  endfacet
  facet normal 0.477951 -0.521572 0.706771
    outer loop
      vertex 9.75807 -9.75807 5.2
      vertex 9.64181 -11.4907 4
      vertex 10.6066 -10.6066 4
    endloop
  endfacet
  facet normal 0.477934 -0.521577 0.706779
    outer loop
      vertex 9.75807 -9.75807 5.2
      vertex 8.87047 -10.5714 5.2
      vertex 9.64181 -11.4907 4
    endloop
  endfacet
  facet normal 0.430662 -0.561242 -0.70678
    outer loop
      vertex 9.64181 -11.4907 6.4
      vertex 7.91535 -11.3043 5.2
      vertex 8.87047 -10.5714 5.2
    endloop
  endfacet
  facet normal 0.430658 -0.56125 -0.706776
    outer loop
      vertex 8.60365 -12.2873 6.4
      vertex 7.91535 -11.3043 5.2
      vertex 9.64181 -11.4907 6.4
    endloop
  endfacet
  facet normal 0.430655 -0.561247 0.70678
    outer loop
      vertex 8.87047 -10.5714 5.2
      vertex 8.60365 -12.2873 4
      vertex 9.64181 -11.4907 4
    endloop
  endfacet
  facet normal 0.430665 -0.561245 0.706776
    outer loop
      vertex 8.87047 -10.5714 5.2
      vertex 7.91535 -11.3043 5.2
      vertex 8.60365 -12.2873 4
    endloop
  endfacet
  facet normal 0.380086 -0.59666 -0.706775
    outer loop
      vertex 8.60365 -12.2873 6.4
      vertex 6.9 -11.9511 5.2
      vertex 7.91535 -11.3043 5.2
    endloop
  endfacet
  facet normal 0.380099 -0.596638 -0.706787
    outer loop
      vertex 7.5 -12.9904 6.4
      vertex 6.9 -11.9511 5.2
      vertex 8.60365 -12.2873 6.4
    endloop
  endfacet
  facet normal 0.380105 -0.596648 0.706776
    outer loop
      vertex 7.91535 -11.3043 5.2
      vertex 7.5 -12.9904 4
      vertex 8.60365 -12.2873 4
    endloop
  endfacet
  facet normal 0.380079 -0.59665 0.706788
    outer loop
      vertex 7.91535 -11.3043 5.2
      vertex 6.9 -11.9511 5.2
      vertex 7.5 -12.9904 4
    endloop
  endfacet
  facet normal 0.326654 -0.627493 -0.706788
    outer loop
      vertex 7.5 -12.9904 6.4
      vertex 5.83213 -12.507 5.2
      vertex 6.9 -11.9511 5.2
    endloop
  endfacet
  facet normal 0.326641 -0.627511 -0.706778
    outer loop
      vertex 6.33927 -13.5946 6.4
      vertex 5.83213 -12.507 5.2
      vertex 7.5 -12.9904 6.4
    endloop
  endfacet
  facet normal 0.326637 -0.627503 0.706788
    outer loop
      vertex 6.9 -11.9511 5.2
      vertex 6.33927 -13.5946 4
      vertex 7.5 -12.9904 4
    endloop
  endfacet
  facet normal 0.326658 -0.627503 0.706778
    outer loop
      vertex 6.9 -11.9511 5.2
      vertex 5.83213 -12.507 5.2
      vertex 6.33927 -13.5946 4
    endloop
  endfacet
  facet normal 0.270769 -0.653565 -0.706779
    outer loop
      vertex 6.33927 -13.5946 6.4
      vertex 4.71988 -12.9678 5.2
      vertex 5.83213 -12.507 5.2
    endloop
  endfacet
  facet normal 0.270743 -0.653596 -0.706761
    outer loop
      vertex 5.1303 -14.0954 6.4
      vertex 4.71988 -12.9678 5.2
      vertex 6.33927 -13.5946 6.4
    endloop
  endfacet
  facet normal 0.270737 -0.653579 0.706778
    outer loop
      vertex 5.83213 -12.507 5.2
      vertex 5.1303 -14.0954 4
      vertex 6.33927 -13.5946 4
    endloop
  endfacet
  facet normal 0.270776 -0.653583 0.70676
    outer loop
      vertex 5.83213 -12.507 5.2
      vertex 4.71988 -12.9678 5.2
      vertex 5.1303 -14.0954 4
    endloop
  endfacet
  facet normal 0.212725 -0.674713 -0.706761
    outer loop
      vertex 5.1303 -14.0954 6.4
      vertex 3.5717 -13.3298 5.2
      vertex 4.71988 -12.9678 5.2
    endloop
  endfacet
  facet normal 0.212735 -0.674703 -0.706768
    outer loop
      vertex 3.88229 -14.4889 6.4
      vertex 3.5717 -13.3298 5.2
      vertex 5.1303 -14.0954 6.4
    endloop
  endfacet
  facet normal 0.212737 -0.674709 0.706761
    outer loop
      vertex 4.71988 -12.9678 5.2
      vertex 3.88229 -14.4889 4
      vertex 5.1303 -14.0954 4
    endloop
  endfacet
  facet normal 0.212722 -0.674706 0.706768
    outer loop
      vertex 4.71988 -12.9678 5.2
      vertex 3.5717 -13.3298 5.2
      vertex 3.88229 -14.4889 4
    endloop
  endfacet
  facet normal 0.15308 -0.690686 -0.706766
    outer loop
      vertex 3.88229 -14.4889 6.4
      vertex 2.39634 -13.5903 5.2
      vertex 3.5717 -13.3298 5.2
    endloop
  endfacet
  facet normal 0.153101 -0.690669 -0.706779
    outer loop
      vertex 2.60472 -14.7721 6.4
      vertex 2.39634 -13.5903 5.2
      vertex 3.88229 -14.4889 6.4
    endloop
  endfacet
  facet normal 0.153104 -0.690681 0.706767
    outer loop
      vertex 3.5717 -13.3298 5.2
      vertex 2.60472 -14.7721 4
      vertex 3.88229 -14.4889 4
    endloop
  endfacet
  facet normal 0.153077 -0.690673 0.70678
    outer loop
      vertex 3.5717 -13.3298 5.2
      vertex 2.39634 -13.5903 5.2
      vertex 2.60472 -14.7721 4
    endloop
  endfacet
  facet normal 0.0923738 -0.701377 -0.70678
    outer loop
      vertex 2.60472 -14.7721 6.4
      vertex 1.20275 -13.7475 5.2
      vertex 2.39634 -13.5903 5.2
    endloop
  endfacet
  facet normal 0.0923394 -0.701401 -0.70676
    outer loop
      vertex 1.30734 -14.9429 6.4
      vertex 1.20275 -13.7475 5.2
      vertex 2.60472 -14.7721 6.4
    endloop
  endfacet
  facet normal 0.0923369 -0.701382 0.706779
    outer loop
      vertex 2.39634 -13.5903 5.2
      vertex 1.30734 -14.9429 4
      vertex 2.60472 -14.7721 4
    endloop
  endfacet
  facet normal 0.0923764 -0.701397 0.70676
    outer loop
      vertex 2.39634 -13.5903 5.2
      vertex 1.20275 -13.7475 5.2
      vertex 1.30734 -14.9429 4
    endloop
  endfacet
  facet normal 0.0308509 -0.70678 -0.70676
    outer loop
      vertex 1.30734 -14.9429 6.4
      vertex 0 -13.8 5.2
      vertex 1.20275 -13.7475 5.2
    endloop
  endfacet
  facet normal 0.0308692 -0.70677 -0.70677
    outer loop
      vertex 1.30734 -14.9429 6.4
      vertex 0 -15 6.4
      vertex 0 -13.8 5.2
    endloop
  endfacet
  facet normal 0.0308696 -0.706779 0.70676
    outer loop
      vertex 1.20275 -13.7475 5.2
      vertex 0 -15 4
      vertex 1.30734 -14.9429 4
    endloop
  endfacet
  facet normal 0.0308505 -0.70677 0.70677
    outer loop
      vertex 0 -13.8 5.2
      vertex 0 -15 4
      vertex 1.20275 -13.7475 5.2
    endloop
  endfacet
  facet normal -0.0308505 -0.70677 -0.70677
    outer loop
      vertex 0 -15 6.4
      vertex -1.20275 -13.7475 5.2
      vertex 0 -13.8 5.2
    endloop
  endfacet
  facet normal -0.0308696 -0.706779 -0.70676
    outer loop
      vertex 0 -15 6.4
      vertex -1.30734 -14.9429 6.4
      vertex -1.20275 -13.7475 5.2
    endloop
  endfacet
  facet normal -0.0308692 -0.70677 0.70677
    outer loop
      vertex 0 -13.8 5.2
      vertex -1.30734 -14.9429 4
      vertex 0 -15 4
    endloop
  endfacet
  facet normal -0.0308509 -0.70678 0.70676
    outer loop
      vertex -1.20275 -13.7475 5.2
      vertex -1.30734 -14.9429 4
      vertex 0 -13.8 5.2
    endloop
  endfacet
  facet normal -0.0923764 -0.701397 -0.70676
    outer loop
      vertex -1.30734 -14.9429 6.4
      vertex -2.39634 -13.5903 5.2
      vertex -1.20275 -13.7475 5.2
    endloop
  endfacet
  facet normal -0.0923369 -0.701382 -0.706779
    outer loop
      vertex -1.30734 -14.9429 6.4
      vertex -2.60472 -14.7721 6.4
      vertex -2.39634 -13.5903 5.2
    endloop
  endfacet
  facet normal -0.0923394 -0.701401 0.70676
    outer loop
      vertex -1.20275 -13.7475 5.2
      vertex -2.60472 -14.7721 4
      vertex -1.30734 -14.9429 4
    endloop
  endfacet
  facet normal -0.0923738 -0.701377 0.70678
    outer loop
      vertex -2.39634 -13.5903 5.2
      vertex -2.60472 -14.7721 4
      vertex -1.20275 -13.7475 5.2
    endloop
  endfacet
  facet normal -0.153077 -0.690673 -0.70678
    outer loop
      vertex -2.60472 -14.7721 6.4
      vertex -3.5717 -13.3298 5.2
      vertex -2.39634 -13.5903 5.2
    endloop
  endfacet
  facet normal -0.153104 -0.690681 -0.706767
    outer loop
      vertex -2.60472 -14.7721 6.4
      vertex -3.88229 -14.4889 6.4
      vertex -3.5717 -13.3298 5.2
    endloop
  endfacet
  facet normal -0.153101 -0.690669 0.706779
    outer loop
      vertex -2.39634 -13.5903 5.2
      vertex -3.88229 -14.4889 4
      vertex -2.60472 -14.7721 4
    endloop
  endfacet
  facet normal -0.15308 -0.690686 0.706766
    outer loop
      vertex -3.5717 -13.3298 5.2
      vertex -3.88229 -14.4889 4
      vertex -2.39634 -13.5903 5.2
    endloop
  endfacet
  facet normal -0.212722 -0.674706 -0.706768
    outer loop
      vertex -3.88229 -14.4889 6.4
      vertex -4.71988 -12.9678 5.2
      vertex -3.5717 -13.3298 5.2
    endloop
  endfacet
  facet normal -0.212737 -0.674709 -0.706761
    outer loop
      vertex -3.88229 -14.4889 6.4
      vertex -5.1303 -14.0954 6.4
      vertex -4.71988 -12.9678 5.2
    endloop
  endfacet
  facet normal -0.212735 -0.674703 0.706768
    outer loop
      vertex -3.5717 -13.3298 5.2
      vertex -5.1303 -14.0954 4
      vertex -3.88229 -14.4889 4
    endloop
  endfacet
  facet normal -0.212725 -0.674713 0.706761
    outer loop
      vertex -4.71988 -12.9678 5.2
      vertex -5.1303 -14.0954 4
      vertex -3.5717 -13.3298 5.2
    endloop
  endfacet
  facet normal -0.270776 -0.653583 -0.70676
    outer loop
      vertex -5.1303 -14.0954 6.4
      vertex -5.83213 -12.507 5.2
      vertex -4.71988 -12.9678 5.2
    endloop
  endfacet
  facet normal -0.270737 -0.653579 -0.706778
    outer loop
      vertex -5.1303 -14.0954 6.4
      vertex -6.33927 -13.5946 6.4
      vertex -5.83213 -12.507 5.2
    endloop
  endfacet
  facet normal -0.270743 -0.653596 0.706761
    outer loop
      vertex -4.71988 -12.9678 5.2
      vertex -6.33927 -13.5946 4
      vertex -5.1303 -14.0954 4
    endloop
  endfacet
  facet normal -0.270769 -0.653565 0.706779
    outer loop
      vertex -5.83213 -12.507 5.2
      vertex -6.33927 -13.5946 4
      vertex -4.71988 -12.9678 5.2
    endloop
  endfacet
  facet normal -0.326658 -0.627503 -0.706778
    outer loop
      vertex -6.33927 -13.5946 6.4
      vertex -6.9 -11.9511 5.2
      vertex -5.83213 -12.507 5.2
    endloop
  endfacet
  facet normal -0.326637 -0.627503 -0.706788
    outer loop
      vertex -6.33927 -13.5946 6.4
      vertex -7.5 -12.9904 6.4
      vertex -6.9 -11.9511 5.2
    endloop
  endfacet
  facet normal -0.326641 -0.627511 0.706778
    outer loop
      vertex -5.83213 -12.507 5.2
      vertex -7.5 -12.9904 4
      vertex -6.33927 -13.5946 4
    endloop
  endfacet
  facet normal -0.326654 -0.627493 0.706788
    outer loop
      vertex -6.9 -11.9511 5.2
      vertex -7.5 -12.9904 4
      vertex -5.83213 -12.507 5.2
    endloop
  endfacet
  facet normal -0.380079 -0.59665 -0.706788
    outer loop
      vertex -7.5 -12.9904 6.4
      vertex -7.91535 -11.3043 5.2
      vertex -6.9 -11.9511 5.2
    endloop
  endfacet
  facet normal -0.380105 -0.596648 -0.706776
    outer loop
      vertex -7.5 -12.9904 6.4
      vertex -8.60365 -12.2873 6.4
      vertex -7.91535 -11.3043 5.2
    endloop
  endfacet
  facet normal -0.380099 -0.596638 0.706787
    outer loop
      vertex -6.9 -11.9511 5.2
      vertex -8.60365 -12.2873 4
      vertex -7.5 -12.9904 4
    endloop
  endfacet
  facet normal -0.380086 -0.59666 0.706775
    outer loop
      vertex -7.91535 -11.3043 5.2
      vertex -8.60365 -12.2873 4
      vertex -6.9 -11.9511 5.2
    endloop
  endfacet
  facet normal -0.430665 -0.561245 -0.706776
    outer loop
      vertex -8.60365 -12.2873 6.4
      vertex -8.87047 -10.5714 5.2
      vertex -7.91535 -11.3043 5.2
    endloop
  endfacet
  facet normal -0.430655 -0.561247 -0.70678
    outer loop
      vertex -8.60365 -12.2873 6.4
      vertex -9.64181 -11.4907 6.4
      vertex -8.87047 -10.5714 5.2
    endloop
  endfacet
  facet normal -0.430658 -0.56125 0.706776
    outer loop
      vertex -7.91535 -11.3043 5.2
      vertex -9.64181 -11.4907 4
      vertex -8.60365 -12.2873 4
    endloop
  endfacet
  facet normal -0.430662 -0.561242 0.70678
    outer loop
      vertex -8.87047 -10.5714 5.2
      vertex -9.64181 -11.4907 4
      vertex -7.91535 -11.3043 5.2
    endloop
  endfacet
  facet normal -0.477934 -0.521577 -0.706779
    outer loop
      vertex -9.64181 -11.4907 6.4
      vertex -9.75807 -9.75807 5.2
      vertex -8.87047 -10.5714 5.2
    endloop
  endfacet
  facet normal -0.477951 -0.521572 -0.706771
    outer loop
      vertex -9.64181 -11.4907 6.4
      vertex -10.6066 -10.6066 6.4
      vertex -9.75807 -9.75807 5.2
    endloop
  endfacet
  facet normal -0.477945 -0.521567 0.706779
    outer loop
      vertex -8.87047 -10.5714 5.2
      vertex -10.6066 -10.6066 4
      vertex -9.64181 -11.4907 4
    endloop
  endfacet
  facet normal -0.47794 -0.521583 0.706771
    outer loop
      vertex -9.75807 -9.75807 5.2
      vertex -10.6066 -10.6066 4
      vertex -8.87047 -10.5714 5.2
    endloop
  endfacet
  facet normal -0.521583 -0.47794 -0.706771
    outer loop
      vertex -9.75807 -9.75807 5.2
      vertex -10.6066 -10.6066 6.4
      vertex -10.5714 -8.87047 5.2
    endloop
  endfacet
  facet normal -0.521567 -0.477945 -0.706779
    outer loop
      vertex -10.6066 -10.6066 6.4
      vertex -11.4907 -9.64181 6.4
      vertex -10.5714 -8.87047 5.2
    endloop
  endfacet
  facet normal -0.521572 -0.477951 0.706771
    outer loop
      vertex -9.75807 -9.75807 5.2
      vertex -11.4907 -9.64181 4
      vertex -10.6066 -10.6066 4
    endloop
  endfacet
  facet normal -0.521577 -0.477934 0.706779
    outer loop
      vertex -10.5714 -8.87047 5.2
      vertex -11.4907 -9.64181 4
      vertex -9.75807 -9.75807 5.2
    endloop
  endfacet
  facet normal -0.561242 -0.430662 -0.70678
    outer loop
      vertex -10.5714 -8.87047 5.2
      vertex -11.4907 -9.64181 6.4
      vertex -11.3043 -7.91535 5.2
    endloop
  endfacet
  facet normal -0.56125 -0.430658 -0.706776
    outer loop
      vertex -11.4907 -9.64181 6.4
      vertex -12.2873 -8.60365 6.4
      vertex -11.3043 -7.91535 5.2
    endloop
  endfacet
  facet normal -0.561247 -0.430655 0.70678
    outer loop
      vertex -10.5714 -8.87047 5.2
      vertex -12.2873 -8.60365 4
      vertex -11.4907 -9.64181 4
    endloop
  endfacet
  facet normal -0.561245 -0.430665 0.706776
    outer loop
      vertex -11.3043 -7.91535 5.2
      vertex -12.2873 -8.60365 4
      vertex -10.5714 -8.87047 5.2
    endloop
  endfacet
  facet normal -0.59666 -0.380086 -0.706775
    outer loop
      vertex -11.3043 -7.91535 5.2
      vertex -12.2873 -8.60365 6.4
      vertex -11.9511 -6.9 5.2
    endloop
  endfacet
  facet normal -0.596638 -0.380099 -0.706787
    outer loop
      vertex -12.2873 -8.60365 6.4
      vertex -12.9904 -7.5 6.4
      vertex -11.9511 -6.9 5.2
    endloop
  endfacet
  facet normal -0.596648 -0.380105 0.706776
    outer loop
      vertex -11.3043 -7.91535 5.2
      vertex -12.9904 -7.5 4
      vertex -12.2873 -8.60365 4
    endloop
  endfacet
  facet normal -0.59665 -0.380079 0.706788
    outer loop
      vertex -11.9511 -6.9 5.2
      vertex -12.9904 -7.5 4
      vertex -11.3043 -7.91535 5.2
    endloop
  endfacet
  facet normal -0.627493 -0.326654 -0.706788
    outer loop
      vertex -11.9511 -6.9 5.2
      vertex -12.9904 -7.5 6.4
      vertex -12.507 -5.83213 5.2
    endloop
  endfacet
  facet normal -0.627511 -0.326641 -0.706778
    outer loop
      vertex -12.9904 -7.5 6.4
      vertex -13.5946 -6.33927 6.4
      vertex -12.507 -5.83213 5.2
    endloop
  endfacet
  facet normal -0.627503 -0.326637 0.706788
    outer loop
      vertex -11.9511 -6.9 5.2
      vertex -13.5946 -6.33927 4
      vertex -12.9904 -7.5 4
    endloop
  endfacet
  facet normal -0.627503 -0.326658 0.706778
    outer loop
      vertex -12.507 -5.83213 5.2
      vertex -13.5946 -6.33927 4
      vertex -11.9511 -6.9 5.2
    endloop
  endfacet
  facet normal -0.653565 -0.270769 -0.706779
    outer loop
      vertex -12.507 -5.83213 5.2
      vertex -13.5946 -6.33927 6.4
      vertex -12.9678 -4.71988 5.2
    endloop
  endfacet
  facet normal -0.653596 -0.270743 -0.706761
    outer loop
      vertex -13.5946 -6.33927 6.4
      vertex -14.0954 -5.1303 6.4
      vertex -12.9678 -4.71988 5.2
    endloop
  endfacet
  facet normal -0.653579 -0.270737 0.706778
    outer loop
      vertex -12.507 -5.83213 5.2
      vertex -14.0954 -5.1303 4
      vertex -13.5946 -6.33927 4
    endloop
  endfacet
  facet normal -0.653583 -0.270776 0.70676
    outer loop
      vertex -12.9678 -4.71988 5.2
      vertex -14.0954 -5.1303 4
      vertex -12.507 -5.83213 5.2
    endloop
  endfacet
  facet normal -0.674713 -0.212725 -0.706761
    outer loop
      vertex -12.9678 -4.71988 5.2
      vertex -14.0954 -5.1303 6.4
      vertex -13.3298 -3.5717 5.2
    endloop
  endfacet
  facet normal -0.674703 -0.212735 -0.706768
    outer loop
      vertex -14.0954 -5.1303 6.4
      vertex -14.4889 -3.88229 6.4
      vertex -13.3298 -3.5717 5.2
    endloop
  endfacet
  facet normal -0.674709 -0.212737 0.706761
    outer loop
      vertex -12.9678 -4.71988 5.2
      vertex -14.4889 -3.88229 4
      vertex -14.0954 -5.1303 4
    endloop
  endfacet
  facet normal -0.674706 -0.212722 0.706768
    outer loop
      vertex -13.3298 -3.5717 5.2
      vertex -14.4889 -3.88229 4
      vertex -12.9678 -4.71988 5.2
    endloop
  endfacet
  facet normal -0.690686 -0.15308 -0.706766
    outer loop
      vertex -13.3298 -3.5717 5.2
      vertex -14.4889 -3.88229 6.4
      vertex -13.5903 -2.39634 5.2
    endloop
  endfacet
  facet normal -0.690669 -0.153101 -0.706779
    outer loop
      vertex -14.4889 -3.88229 6.4
      vertex -14.7721 -2.60472 6.4
      vertex -13.5903 -2.39634 5.2
    endloop
  endfacet
  facet normal -0.690681 -0.153104 0.706767
    outer loop
      vertex -13.3298 -3.5717 5.2
      vertex -14.7721 -2.60472 4
      vertex -14.4889 -3.88229 4
    endloop
  endfacet
  facet normal -0.690673 -0.153077 0.70678
    outer loop
      vertex -13.5903 -2.39634 5.2
      vertex -14.7721 -2.60472 4
      vertex -13.3298 -3.5717 5.2
    endloop
  endfacet
  facet normal -0.701377 -0.0923738 -0.70678
    outer loop
      vertex -13.5903 -2.39634 5.2
      vertex -14.7721 -2.60472 6.4
      vertex -13.7475 -1.20275 5.2
    endloop
  endfacet
  facet normal -0.701401 -0.0923394 -0.70676
    outer loop
      vertex -14.7721 -2.60472 6.4
      vertex -14.9429 -1.30734 6.4
      vertex -13.7475 -1.20275 5.2
    endloop
  endfacet
  facet normal -0.701382 -0.0923369 0.706779
    outer loop
      vertex -13.5903 -2.39634 5.2
      vertex -14.9429 -1.30734 4
      vertex -14.7721 -2.60472 4
    endloop
  endfacet
  facet normal -0.701397 -0.0923764 0.70676
    outer loop
      vertex -13.7475 -1.20275 5.2
      vertex -14.9429 -1.30734 4
      vertex -13.5903 -2.39634 5.2
    endloop
  endfacet
  facet normal -0.70678 -0.0308509 -0.70676
    outer loop
      vertex -13.7475 -1.20275 5.2
      vertex -14.9429 -1.30734 6.4
      vertex -13.8 0 5.2
    endloop
  endfacet
  facet normal -0.70677 -0.0308692 -0.70677
    outer loop
      vertex -14.9429 -1.30734 6.4
      vertex -15 0 6.4
      vertex -13.8 0 5.2
    endloop
  endfacet
  facet normal -0.706779 -0.0308696 0.70676
    outer loop
      vertex -13.7475 -1.20275 5.2
      vertex -15 0 4
      vertex -14.9429 -1.30734 4
    endloop
  endfacet
  facet normal -0.70677 -0.0308505 0.70677
    outer loop
      vertex -13.8 0 5.2
      vertex -15 0 4
      vertex -13.7475 -1.20275 5.2
    endloop
  endfacet
  facet normal -0.675609 0.73726 0
    outer loop
      vertex 3.64169 -3.64169 0
      vertex 3.31044 -3.94524 10
      vertex 3.64169 -3.64169 10
    endloop
  endfacet
  facet normal -0.675609 0.73726 0
    outer loop
      vertex 3.31044 -3.94524 10
      vertex 3.64169 -3.64169 0
      vertex 3.31044 -3.94524 0
    endloop
  endfacet
  facet normal -0.73726 0.675609 0
    outer loop
      vertex 3.64169 -3.64169 0
      vertex 3.94524 -3.31044 10
      vertex 3.94524 -3.31044 0
    endloop
  endfacet
  facet normal -0.73726 0.675609 0
    outer loop
      vertex 3.94524 -3.31044 10
      vertex 3.64169 -3.64169 0
      vertex 3.64169 -3.64169 10
    endloop
  endfacet
  facet normal -0.537349 0.84336 0
    outer loop
      vertex 2.95399 -4.21873 0
      vertex 2.57507 -4.46016 10
      vertex 2.95399 -4.21873 10
    endloop
  endfacet
  facet normal -0.537349 0.84336 0
    outer loop
      vertex 2.57507 -4.46016 10
      vertex 2.95399 -4.21873 0
      vertex 2.57507 -4.46016 0
    endloop
  endfacet
  facet normal -0.675609 -0.73726 0
    outer loop
      vertex 3.31044 3.94524 0
      vertex 3.64169 3.64169 10
      vertex 3.31044 3.94524 10
    endloop
  endfacet
  facet normal -0.675609 -0.73726 -0
    outer loop
      vertex 3.64169 3.64169 10
      vertex 3.31044 3.94524 0
      vertex 3.64169 3.64169 0
    endloop
  endfacet
  facet normal 0.608728 0.793379 -0
    outer loop
      vertex -2.95399 -4.21873 0
      vertex -3.31044 -3.94524 10
      vertex -2.95399 -4.21873 10
    endloop
  endfacet
  facet normal 0.608728 0.793379 0
    outer loop
      vertex -3.31044 -3.94524 10
      vertex -2.95399 -4.21873 0
      vertex -3.31044 -3.94524 0
    endloop
  endfacet
  facet normal -0.79338 -0.608726 0
    outer loop
      vertex 4.14999 3.04358 0
      vertex 3.94524 3.31044 10
      vertex 3.94524 3.31044 0
    endloop
  endfacet
  facet normal -0.79338 -0.608726 0
    outer loop
      vertex 3.94524 3.31044 10
      vertex 4.14999 3.04358 0
      vertex 4.14999 3.04358 10
    endloop
  endfacet
  facet normal -0.73726 -0.675609 0
    outer loop
      vertex 3.94524 3.31044 0
      vertex 3.64169 3.64169 10
      vertex 3.64169 3.64169 0
    endloop
  endfacet
  facet normal -0.73726 -0.675609 0
    outer loop
      vertex 3.64169 3.64169 10
      vertex 3.94524 3.31044 0
      vertex 3.94524 3.31044 10
    endloop
  endfacet
  facet normal 0.300701 0.953718 -0
    outer loop
      vertex -1.33295 -4.97464 0
      vertex -1.76144 -4.83954 10
      vertex -1.33295 -4.97464 10
    endloop
  endfacet
  facet normal 0.300701 0.953718 0
    outer loop
      vertex -1.76144 -4.83954 10
      vertex -1.33295 -4.97464 0
      vertex -1.76144 -4.83954 0
    endloop
  endfacet
  facet normal -0.537349 -0.84336 0
    outer loop
      vertex 2.57507 4.46016 0
      vertex 2.95399 4.21873 10
      vertex 2.57507 4.46016 10
    endloop
  endfacet
  facet normal -0.537349 -0.84336 -0
    outer loop
      vertex 2.95399 4.21873 10
      vertex 2.57507 4.46016 0
      vertex 2.95399 4.21873 0
    endloop
  endfacet
  facet normal 0.043646 -0.999047 0
    outer loop
      vertex -0.448868 5.13054 0
      vertex 0 5.15015 10
      vertex -0.448868 5.13054 10
    endloop
  endfacet
  facet normal 0.043646 -0.999047 0
    outer loop
      vertex 0 5.15015 10
      vertex -0.448868 5.13054 0
      vertex 0 5.15015 0
    endloop
  endfacet
  facet normal -0.043646 0.999047 0
    outer loop
      vertex 0.448868 -5.13054 0
      vertex 0 -5.15015 10
      vertex 0.448868 -5.13054 10
    endloop
  endfacet
  facet normal -0.043646 0.999047 0
    outer loop
      vertex 0 -5.15015 10
      vertex 0.448868 -5.13054 0
      vertex 0 -5.15015 0
    endloop
  endfacet
  facet normal 0.537349 -0.84336 0
    outer loop
      vertex -2.95399 4.21873 0
      vertex -2.57507 4.46016 10
      vertex -2.95399 4.21873 10
    endloop
  endfacet
  facet normal 0.537349 -0.84336 0
    outer loop
      vertex -2.57507 4.46016 10
      vertex -2.95399 4.21873 0
      vertex -2.57507 4.46016 0
    endloop
  endfacet
  facet normal -0.608728 0.793379 0
    outer loop
      vertex 3.31044 -3.94524 0
      vertex 2.95399 -4.21873 10
      vertex 3.31044 -3.94524 10
    endloop
  endfacet
  facet normal -0.608728 0.793379 0
    outer loop
      vertex 2.95399 -4.21873 10
      vertex 3.31044 -3.94524 0
      vertex 2.95399 -4.21873 0
    endloop
  endfacet
  facet normal -0.216435 0.976297 0
    outer loop
      vertex 1.33295 -4.97464 0
      vertex 0.894318 -5.07188 10
      vertex 1.33295 -4.97464 10
    endloop
  endfacet
  facet normal -0.216435 0.976297 0
    outer loop
      vertex 0.894318 -5.07188 10
      vertex 1.33295 -4.97464 0
      vertex 0.894318 -5.07188 0
    endloop
  endfacet
  facet normal -0.461702 0.887035 0
    outer loop
      vertex 2.57507 -4.46016 0
      vertex 2.17653 -4.6676 10
      vertex 2.57507 -4.46016 10
    endloop
  endfacet
  facet normal -0.461702 0.887035 0
    outer loop
      vertex 2.17653 -4.6676 10
      vertex 2.57507 -4.46016 0
      vertex 2.17653 -4.6676 0
    endloop
  endfacet
  facet normal 0.887035 -0.461702 0
    outer loop
      vertex -4.6676 2.17653 10
      vertex -4.46016 2.57507 0
      vertex -4.46016 2.57507 10
    endloop
  endfacet
  facet normal 0.887035 -0.461702 0
    outer loop
      vertex -4.46016 2.57507 0
      vertex -4.6676 2.17653 10
      vertex -4.6676 2.17653 0
    endloop
  endfacet
  facet normal -0.461702 -0.887035 0
    outer loop
      vertex 2.17653 4.6676 0
      vertex 2.57507 4.46016 10
      vertex 2.17653 4.6676 10
    endloop
  endfacet
  facet normal -0.461702 -0.887035 -0
    outer loop
      vertex 2.57507 4.46016 10
      vertex 2.17653 4.6676 0
      vertex 2.57507 4.46016 0
    endloop
  endfacet
  facet normal -0.382691 0.923876 0
    outer loop
      vertex 2.17653 -4.6676 0
      vertex 1.76144 -4.83954 10
      vertex 2.17653 -4.6676 10
    endloop
  endfacet
  facet normal -0.382691 0.923876 0
    outer loop
      vertex 1.76144 -4.83954 10
      vertex 2.17653 -4.6676 0
      vertex 1.76144 -4.83954 0
    endloop
  endfacet
  facet normal -0.300701 0.953718 0
    outer loop
      vertex 1.76144 -4.83954 0
      vertex 1.33295 -4.97464 10
      vertex 1.76144 -4.83954 10
    endloop
  endfacet
  facet normal -0.300701 0.953718 0
    outer loop
      vertex 1.33295 -4.97464 10
      vertex 1.76144 -4.83954 0
      vertex 1.33295 -4.97464 0
    endloop
  endfacet
  facet normal -0.13056 0.99144 0
    outer loop
      vertex 0.894318 -5.07188 0
      vertex 0.448868 -5.13054 10
      vertex 0.894318 -5.07188 10
    endloop
  endfacet
  facet normal -0.13056 0.99144 0
    outer loop
      vertex 0.448868 -5.13054 10
      vertex 0.894318 -5.07188 0
      vertex 0.448868 -5.13054 0
    endloop
  endfacet
  facet normal -0.79338 0.608726 0
    outer loop
      vertex 3.94524 -3.31044 0
      vertex 4.14999 -3.04358 10
      vertex 4.14999 -3.04358 0
    endloop
  endfacet
  facet normal -0.79338 0.608726 0
    outer loop
      vertex 4.14999 -3.04358 10
      vertex 3.94524 -3.31044 0
      vertex 3.94524 -3.31044 10
    endloop
  endfacet
  facet normal -0.043646 -0.999047 0
    outer loop
      vertex 0 5.15015 0
      vertex 0.448868 5.13054 10
      vertex 0 5.15015 10
    endloop
  endfacet
  facet normal -0.043646 -0.999047 -0
    outer loop
      vertex 0.448868 5.13054 10
      vertex 0 5.15015 0
      vertex 0.448868 5.13054 0
    endloop
  endfacet
  facet normal 0.84336 0.537349 0
    outer loop
      vertex -4.21873 -2.95399 10
      vertex -4.46016 -2.57507 0
      vertex -4.46016 -2.57507 10
    endloop
  endfacet
  facet normal 0.84336 0.537349 0
    outer loop
      vertex -4.46016 -2.57507 0
      vertex -4.21873 -2.95399 10
      vertex -4.21873 -2.95399 0
    endloop
  endfacet
  facet normal 0.13056 0.99144 -0
    outer loop
      vertex -0.448868 -5.13054 0
      vertex -0.894318 -5.07188 10
      vertex -0.448868 -5.13054 10
    endloop
  endfacet
  facet normal 0.13056 0.99144 0
    outer loop
      vertex -0.894318 -5.07188 10
      vertex -0.448868 -5.13054 0
      vertex -0.894318 -5.07188 0
    endloop
  endfacet
  facet normal 0.216435 0.976297 -0
    outer loop
      vertex -0.894318 -5.07188 0
      vertex -1.33295 -4.97464 10
      vertex -0.894318 -5.07188 10
    endloop
  endfacet
  facet normal 0.216435 0.976297 0
    outer loop
      vertex -1.33295 -4.97464 10
      vertex -0.894318 -5.07188 0
      vertex -1.33295 -4.97464 0
    endloop
  endfacet
  facet normal 0.793379 0.608728 0
    outer loop
      vertex -3.94524 -3.31044 10
      vertex -4.21873 -2.95399 0
      vertex -4.21873 -2.95399 10
    endloop
  endfacet
  facet normal 0.793379 0.608728 0
    outer loop
      vertex -4.21873 -2.95399 0
      vertex -3.94524 -3.31044 10
      vertex -3.94524 -3.31044 0
    endloop
  endfacet
  facet normal 0.382691 0.923876 -0
    outer loop
      vertex -1.76144 -4.83954 0
      vertex -2.17653 -4.6676 10
      vertex -1.76144 -4.83954 10
    endloop
  endfacet
  facet normal 0.382691 0.923876 0
    outer loop
      vertex -2.17653 -4.6676 10
      vertex -1.76144 -4.83954 0
      vertex -2.17653 -4.6676 0
    endloop
  endfacet
  facet normal 0.793379 -0.608728 0
    outer loop
      vertex -4.21873 2.95399 10
      vertex -3.94524 3.31044 0
      vertex -3.94524 3.31044 10
    endloop
  endfacet
  facet normal 0.793379 -0.608728 0
    outer loop
      vertex -3.94524 3.31044 0
      vertex -4.21873 2.95399 10
      vertex -4.21873 2.95399 0
    endloop
  endfacet
  facet normal -1 0 0
    outer loop
      vertex 4.14999 -3.04358 0
      vertex 4.14999 3.04358 10
      vertex 4.14999 3.04358 0
    endloop
  endfacet
  facet normal -1 -0 0
    outer loop
      vertex 4.14999 3.04358 10
      vertex 4.14999 -3.04358 0
      vertex 4.14999 -3.04358 10
    endloop
  endfacet
  facet normal 0.300701 -0.953718 0
    outer loop
      vertex -1.76144 4.83954 0
      vertex -1.33295 4.97464 10
      vertex -1.76144 4.83954 10
    endloop
  endfacet
  facet normal 0.300701 -0.953718 0
    outer loop
      vertex -1.33295 4.97464 10
      vertex -1.76144 4.83954 0
      vertex -1.33295 4.97464 0
    endloop
  endfacet
  facet normal 0.043646 0.999047 -0
    outer loop
      vertex 0 -5.15015 0
      vertex -0.448868 -5.13054 10
      vertex 0 -5.15015 10
    endloop
  endfacet
  facet normal 0.043646 0.999047 0
    outer loop
      vertex -0.448868 -5.13054 10
      vertex 0 -5.15015 0
      vertex -0.448868 -5.13054 0
    endloop
  endfacet
  facet normal 0.887035 0.461702 0
    outer loop
      vertex -4.46016 -2.57507 10
      vertex -4.6676 -2.17653 0
      vertex -4.6676 -2.17653 10
    endloop
  endfacet
  facet normal 0.887035 0.461702 0
    outer loop
      vertex -4.6676 -2.17653 0
      vertex -4.46016 -2.57507 10
      vertex -4.46016 -2.57507 0
    endloop
  endfacet
  facet normal 0.537349 0.84336 -0
    outer loop
      vertex -2.57507 -4.46016 0
      vertex -2.95399 -4.21873 10
      vertex -2.57507 -4.46016 10
    endloop
  endfacet
  facet normal 0.537349 0.84336 0
    outer loop
      vertex -2.95399 -4.21873 10
      vertex -2.57507 -4.46016 0
      vertex -2.95399 -4.21873 0
    endloop
  endfacet
  facet normal 0.73726 0.675609 0
    outer loop
      vertex -3.64169 -3.64169 10
      vertex -3.94524 -3.31044 0
      vertex -3.94524 -3.31044 10
    endloop
  endfacet
  facet normal 0.73726 0.675609 0
    outer loop
      vertex -3.94524 -3.31044 0
      vertex -3.64169 -3.64169 10
      vertex -3.64169 -3.64169 0
    endloop
  endfacet
  facet normal 0.923876 0.382691 0
    outer loop
      vertex -4.6676 -2.17653 10
      vertex -4.83954 -1.76144 0
      vertex -4.83954 -1.76144 10
    endloop
  endfacet
  facet normal 0.923876 0.382691 0
    outer loop
      vertex -4.83954 -1.76144 0
      vertex -4.6676 -2.17653 10
      vertex -4.6676 -2.17653 0
    endloop
  endfacet
  facet normal 0.73726 -0.675609 0
    outer loop
      vertex -3.94524 3.31044 10
      vertex -3.64169 3.64169 0
      vertex -3.64169 3.64169 10
    endloop
  endfacet
  facet normal 0.73726 -0.675609 0
    outer loop
      vertex -3.64169 3.64169 0
      vertex -3.94524 3.31044 10
      vertex -3.94524 3.31044 0
    endloop
  endfacet
  facet normal -0.13056 -0.99144 0
    outer loop
      vertex 0.448868 5.13054 0
      vertex 0.894318 5.07188 10
      vertex 0.448868 5.13054 10
    endloop
  endfacet
  facet normal -0.13056 -0.99144 -0
    outer loop
      vertex 0.894318 5.07188 10
      vertex 0.448868 5.13054 0
      vertex 0.894318 5.07188 0
    endloop
  endfacet
  facet normal 0.461702 -0.887035 0
    outer loop
      vertex -2.57507 4.46016 0
      vertex -2.17653 4.6676 10
      vertex -2.57507 4.46016 10
    endloop
  endfacet
  facet normal 0.461702 -0.887035 0
    outer loop
      vertex -2.17653 4.6676 10
      vertex -2.57507 4.46016 0
      vertex -2.17653 4.6676 0
    endloop
  endfacet
  facet normal -0.216435 -0.976297 0
    outer loop
      vertex 0.894318 5.07188 0
      vertex 1.33295 4.97464 10
      vertex 0.894318 5.07188 10
    endloop
  endfacet
  facet normal -0.216435 -0.976297 -0
    outer loop
      vertex 1.33295 4.97464 10
      vertex 0.894318 5.07188 0
      vertex 1.33295 4.97464 0
    endloop
  endfacet
  facet normal 0.675609 -0.73726 0
    outer loop
      vertex -3.64169 3.64169 0
      vertex -3.31044 3.94524 10
      vertex -3.64169 3.64169 10
    endloop
  endfacet
  facet normal 0.675609 -0.73726 0
    outer loop
      vertex -3.31044 3.94524 10
      vertex -3.64169 3.64169 0
      vertex -3.31044 3.94524 0
    endloop
  endfacet
  facet normal 0.953718 -0.300701 0
    outer loop
      vertex -4.97464 1.33295 10
      vertex -4.83954 1.76144 0
      vertex -4.83954 1.76144 10
    endloop
  endfacet
  facet normal 0.953718 -0.300701 0
    outer loop
      vertex -4.83954 1.76144 0
      vertex -4.97464 1.33295 10
      vertex -4.97464 1.33295 0
    endloop
  endfacet
  facet normal 0.999047 0.043646 0
    outer loop
      vertex -5.13054 -0.448868 10
      vertex -5.15015 0 0
      vertex -5.15015 0 10
    endloop
  endfacet
  facet normal 0.999047 0.043646 0
    outer loop
      vertex -5.15015 0 0
      vertex -5.13054 -0.448868 10
      vertex -5.13054 -0.448868 0
    endloop
  endfacet
  facet normal 0.84336 -0.537349 0
    outer loop
      vertex -4.46016 2.57507 10
      vertex -4.21873 2.95399 0
      vertex -4.21873 2.95399 10
    endloop
  endfacet
  facet normal 0.84336 -0.537349 0
    outer loop
      vertex -4.21873 2.95399 0
      vertex -4.46016 2.57507 10
      vertex -4.46016 2.57507 0
    endloop
  endfacet
  facet normal 0.953718 0.300701 0
    outer loop
      vertex -4.83954 -1.76144 10
      vertex -4.97464 -1.33295 0
      vertex -4.97464 -1.33295 10
    endloop
  endfacet
  facet normal 0.953718 0.300701 0
    outer loop
      vertex -4.97464 -1.33295 0
      vertex -4.83954 -1.76144 10
      vertex -4.83954 -1.76144 0
    endloop
  endfacet
  facet normal 0.976297 0.216435 0
    outer loop
      vertex -4.97464 -1.33295 10
      vertex -5.07188 -0.894318 0
      vertex -5.07188 -0.894318 10
    endloop
  endfacet
  facet normal 0.976297 0.216435 0
    outer loop
      vertex -5.07188 -0.894318 0
      vertex -4.97464 -1.33295 10
      vertex -4.97464 -1.33295 0
    endloop
  endfacet
  facet normal 0.461702 0.887035 -0
    outer loop
      vertex -2.17653 -4.6676 0
      vertex -2.57507 -4.46016 10
      vertex -2.17653 -4.6676 10
    endloop
  endfacet
  facet normal 0.461702 0.887035 0
    outer loop
      vertex -2.57507 -4.46016 10
      vertex -2.17653 -4.6676 0
      vertex -2.57507 -4.46016 0
    endloop
  endfacet
  facet normal 0.99144 0.13056 0
    outer loop
      vertex -5.07188 -0.894318 10
      vertex -5.13054 -0.448868 0
      vertex -5.13054 -0.448868 10
    endloop
  endfacet
  facet normal 0.99144 0.13056 0
    outer loop
      vertex -5.13054 -0.448868 0
      vertex -5.07188 -0.894318 10
      vertex -5.07188 -0.894318 0
    endloop
  endfacet
  facet normal 0.675609 0.73726 -0
    outer loop
      vertex -3.31044 -3.94524 0
      vertex -3.64169 -3.64169 10
      vertex -3.31044 -3.94524 10
    endloop
  endfacet
  facet normal 0.675609 0.73726 0
    outer loop
      vertex -3.64169 -3.64169 10
      vertex -3.31044 -3.94524 0
      vertex -3.64169 -3.64169 0
    endloop
  endfacet
  facet normal -0.382691 -0.923876 0
    outer loop
      vertex 1.76144 4.83954 0
      vertex 2.17653 4.6676 10
      vertex 1.76144 4.83954 10
    endloop
  endfacet
  facet normal -0.382691 -0.923876 -0
    outer loop
      vertex 2.17653 4.6676 10
      vertex 1.76144 4.83954 0
      vertex 2.17653 4.6676 0
    endloop
  endfacet
  facet normal 0.976297 -0.216435 0
    outer loop
      vertex -5.07188 0.894318 10
      vertex -4.97464 1.33295 0
      vertex -4.97464 1.33295 10
    endloop
  endfacet
  facet normal 0.976297 -0.216435 0
    outer loop
      vertex -4.97464 1.33295 0
      vertex -5.07188 0.894318 10
      vertex -5.07188 0.894318 0
    endloop
  endfacet
  facet normal 0.216435 -0.976297 0
    outer loop
      vertex -1.33295 4.97464 0
      vertex -0.894318 5.07188 10
      vertex -1.33295 4.97464 10
    endloop
  endfacet
  facet normal 0.216435 -0.976297 0
    outer loop
      vertex -0.894318 5.07188 10
      vertex -1.33295 4.97464 0
      vertex -0.894318 5.07188 0
    endloop
  endfacet
  facet normal 0.608728 -0.793379 0
    outer loop
      vertex -3.31044 3.94524 0
      vertex -2.95399 4.21873 10
      vertex -3.31044 3.94524 10
    endloop
  endfacet
  facet normal 0.608728 -0.793379 0
    outer loop
      vertex -2.95399 4.21873 10
      vertex -3.31044 3.94524 0
      vertex -2.95399 4.21873 0
    endloop
  endfacet
  facet normal 0.13056 -0.99144 0
    outer loop
      vertex -0.894318 5.07188 0
      vertex -0.448868 5.13054 10
      vertex -0.894318 5.07188 10
    endloop
  endfacet
  facet normal 0.13056 -0.99144 0
    outer loop
      vertex -0.448868 5.13054 10
      vertex -0.894318 5.07188 0
      vertex -0.448868 5.13054 0
    endloop
  endfacet
  facet normal 0.99144 -0.13056 0
    outer loop
      vertex -5.13054 0.448868 10
      vertex -5.07188 0.894318 0
      vertex -5.07188 0.894318 10
    endloop
  endfacet
  facet normal 0.99144 -0.13056 0
    outer loop
      vertex -5.07188 0.894318 0
      vertex -5.13054 0.448868 10
      vertex -5.13054 0.448868 0
    endloop
  endfacet
  facet normal 0.999047 -0.043646 0
    outer loop
      vertex -5.15015 0 10
      vertex -5.13054 0.448868 0
      vertex -5.13054 0.448868 10
    endloop
  endfacet
  facet normal 0.999047 -0.043646 0
    outer loop
      vertex -5.13054 0.448868 0
      vertex -5.15015 0 10
      vertex -5.15015 0 0
    endloop
  endfacet
  facet normal -0.608728 -0.793379 0
    outer loop
      vertex 2.95399 4.21873 0
      vertex 3.31044 3.94524 10
      vertex 2.95399 4.21873 10
    endloop
  endfacet
  facet normal -0.608728 -0.793379 -0
    outer loop
      vertex 3.31044 3.94524 10
      vertex 2.95399 4.21873 0
      vertex 3.31044 3.94524 0
    endloop
  endfacet
  facet normal 0.382691 -0.923876 0
    outer loop
      vertex -2.17653 4.6676 0
      vertex -1.76144 4.83954 10
      vertex -2.17653 4.6676 10
    endloop
  endfacet
  facet normal 0.382691 -0.923876 0
    outer loop
      vertex -1.76144 4.83954 10
      vertex -2.17653 4.6676 0
      vertex -1.76144 4.83954 0
    endloop
  endfacet
  facet normal 0.923876 -0.382691 0
    outer loop
      vertex -4.83954 1.76144 10
      vertex -4.6676 2.17653 0
      vertex -4.6676 2.17653 10
    endloop
  endfacet
  facet normal 0.923876 -0.382691 0
    outer loop
      vertex -4.6676 2.17653 0
      vertex -4.83954 1.76144 10
      vertex -4.83954 1.76144 0
    endloop
  endfacet
  facet normal -0.300701 -0.953718 0
    outer loop
      vertex 1.33295 4.97464 0
      vertex 1.76144 4.83954 10
      vertex 1.33295 4.97464 10
    endloop
  endfacet
  facet normal -0.300701 -0.953718 -0
    outer loop
      vertex 1.76144 4.83954 10
      vertex 1.33295 4.97464 0
      vertex 1.76144 4.83954 0
    endloop
  endfacet
  facet normal -0.991427 -0.130664 0
    outer loop
      vertex 0.996194 11.0872 7
      vertex 0.984807 11.1736 8
      vertex 0.984807 11.1736 7
    endloop
  endfacet
  facet normal -0.991427 -0.130664 0
    outer loop
      vertex 0.984807 11.1736 8
      vertex 0.996194 11.0872 7
      vertex 0.996194 11.0872 8
    endloop
  endfacet
  facet normal -0.999049 -0.0436053 0
    outer loop
      vertex 1 11 7
      vertex 0.996194 11.0872 8
      vertex 0.996194 11.0872 7
    endloop
  endfacet
  facet normal -0.999049 -0.0436053 0
    outer loop
      vertex 0.996194 11.0872 8
      vertex 1 11 7
      vertex 1 11 8
    endloop
  endfacet
  facet normal 0.536703 -0.843771 0
    outer loop
      vertex -0.573576 11.8192 7
      vertex -0.5 11.866 8
      vertex -0.573576 11.8192 8
    endloop
  endfacet
  facet normal 0.536703 -0.843771 0
    outer loop
      vertex -0.5 11.866 8
      vertex -0.573576 11.8192 7
      vertex -0.5 11.866 7
    endloop
  endfacet
  facet normal 0.923882 0.382677 0
    outer loop
      vertex -0.906307 10.5774 8
      vertex -0.939692 10.658 7
      vertex -0.939692 10.658 8
    endloop
  endfacet
  facet normal 0.923882 0.382677 0
    outer loop
      vertex -0.939692 10.658 7
      vertex -0.906307 10.5774 8
      vertex -0.906307 10.5774 7
    endloop
  endfacet
  facet normal -0.536703 -0.843771 0
    outer loop
      vertex 0.5 11.866 7
      vertex 0.573576 11.8192 8
      vertex 0.5 11.866 8
    endloop
  endfacet
  facet normal -0.536703 -0.843771 -0
    outer loop
      vertex 0.573576 11.8192 8
      vertex 0.5 11.866 7
      vertex 0.573576 11.8192 7
    endloop
  endfacet
  facet normal -0.536703 0.843771 0
    outer loop
      vertex 0.573576 10.1808 7
      vertex 0.5 10.134 8
      vertex 0.573576 10.1808 8
    endloop
  endfacet
  facet normal -0.536703 0.843771 0
    outer loop
      vertex 0.5 10.134 8
      vertex 0.573576 10.1808 7
      vertex 0.5 10.134 7
    endloop
  endfacet
  facet normal 0.30036 0.953826 -0
    outer loop
      vertex -0.258819 10.0341 7
      vertex -0.34202 10.0603 8
      vertex -0.258819 10.0341 8
    endloop
  endfacet
  facet normal 0.30036 0.953826 0
    outer loop
      vertex -0.34202 10.0603 8
      vertex -0.258819 10.0341 7
      vertex -0.34202 10.0603 7
    endloop
  endfacet
  facet normal -0.382832 0.923818 0
    outer loop
      vertex 0.422618 10.0937 7
      vertex 0.34202 10.0603 8
      vertex 0.422618 10.0937 8
    endloop
  endfacet
  facet normal -0.382832 0.923818 0
    outer loop
      vertex 0.34202 10.0603 8
      vertex 0.422618 10.0937 7
      vertex 0.34202 10.0603 7
    endloop
  endfacet
  facet normal 0.0435589 -0.999051 0
    outer loop
      vertex -0.0871553 11.9962 7
      vertex 0 12 8
      vertex -0.0871553 11.9962 8
    endloop
  endfacet
  facet normal 0.0435589 -0.999051 0
    outer loop
      vertex 0 12 8
      vertex -0.0871553 11.9962 7
      vertex 0 12 7
    endloop
  endfacet
  facet normal -0.953716 -0.300707 0
    outer loop
      vertex 0.965925 11.2588 7
      vertex 0.939692 11.342 8
      vertex 0.939692 11.342 7
    endloop
  endfacet
  facet normal -0.953716 -0.300707 0
    outer loop
      vertex 0.939692 11.342 8
      vertex 0.965925 11.2588 7
      vertex 0.965925 11.2588 8
    endloop
  endfacet
  facet normal 0.675351 -0.737497 0
    outer loop
      vertex -0.707107 11.7071 7
      vertex -0.642787 11.766 8
      vertex -0.707107 11.7071 8
    endloop
  endfacet
  facet normal 0.675351 -0.737497 0
    outer loop
      vertex -0.642787 11.766 8
      vertex -0.707107 11.7071 7
      vertex -0.642787 11.766 7
    endloop
  endfacet
  facet normal 0.793304 -0.608826 0
    outer loop
      vertex -0.819152 11.5736 8
      vertex -0.766044 11.6428 7
      vertex -0.766044 11.6428 8
    endloop
  endfacet
  facet normal 0.793304 -0.608826 0
    outer loop
      vertex -0.766044 11.6428 7
      vertex -0.819152 11.5736 8
      vertex -0.819152 11.5736 7
    endloop
  endfacet
  facet normal -0.130673 0.991426 0
    outer loop
      vertex 0.173648 10.0152 7
      vertex 0.0871553 10.0038 8
      vertex 0.173648 10.0152 8
    endloop
  endfacet
  facet normal -0.130673 0.991426 0
    outer loop
      vertex 0.0871553 10.0038 8
      vertex 0.173648 10.0152 7
      vertex 0.0871553 10.0038 7
    endloop
  endfacet
  facet normal -0.953716 0.300707 0
    outer loop
      vertex 0.939692 10.658 7
      vertex 0.965925 10.7412 8
      vertex 0.965925 10.7412 7
    endloop
  endfacet
  facet normal -0.953716 0.300707 0
    outer loop
      vertex 0.965925 10.7412 8
      vertex 0.939692 10.658 7
      vertex 0.939692 10.658 8
    endloop
  endfacet
  facet normal 0.536703 0.843771 -0
    outer loop
      vertex -0.5 10.134 7
      vertex -0.573576 10.1808 8
      vertex -0.5 10.134 8
    endloop
  endfacet
  facet normal 0.536703 0.843771 0
    outer loop
      vertex -0.573576 10.1808 8
      vertex -0.5 10.134 7
      vertex -0.573576 10.1808 7
    endloop
  endfacet
  facet normal -0.887057 -0.461659 0
    outer loop
      vertex 0.906307 11.4226 7
      vertex 0.866025 11.5 8
      vertex 0.866025 11.5 7
    endloop
  endfacet
  facet normal -0.887057 -0.461659 0
    outer loop
      vertex 0.866025 11.5 8
      vertex 0.906307 11.4226 7
      vertex 0.906307 11.4226 8
    endloop
  endfacet
  facet normal 0.30036 -0.953826 0
    outer loop
      vertex -0.34202 11.9397 7
      vertex -0.258819 11.9659 8
      vertex -0.34202 11.9397 8
    endloop
  endfacet
  facet normal 0.30036 -0.953826 0
    outer loop
      vertex -0.258819 11.9659 8
      vertex -0.34202 11.9397 7
      vertex -0.258819 11.9659 7
    endloop
  endfacet
  facet normal -0.609428 -0.792841 0
    outer loop
      vertex 0.573576 11.8192 7
      vertex 0.642787 11.766 8
      vertex 0.573576 11.8192 8
    endloop
  endfacet
  facet normal -0.609428 -0.792841 -0
    outer loop
      vertex 0.642787 11.766 8
      vertex 0.573576 11.8192 7
      vertex 0.642787 11.766 7
    endloop
  endfacet
  facet normal -0.793304 0.608826 0
    outer loop
      vertex 0.766044 10.3572 7
      vertex 0.819152 10.4264 8
      vertex 0.819152 10.4264 7
    endloop
  endfacet
  facet normal -0.793304 0.608826 0
    outer loop
      vertex 0.819152 10.4264 8
      vertex 0.766044 10.3572 7
      vertex 0.766044 10.3572 8
    endloop
  endfacet
  facet normal 0.216637 0.976252 -0
    outer loop
      vertex -0.173648 10.0152 7
      vertex -0.258819 10.0341 8
      vertex -0.173648 10.0152 8
    endloop
  endfacet
  facet normal 0.216637 0.976252 0
    outer loop
      vertex -0.258819 10.0341 8
      vertex -0.173648 10.0152 7
      vertex -0.258819 10.0341 7
    endloop
  endfacet
  facet normal -0.793304 -0.608826 0
    outer loop
      vertex 0.819152 11.5736 7
      vertex 0.766044 11.6428 8
      vertex 0.766044 11.6428 7
    endloop
  endfacet
  facet normal -0.793304 -0.608826 0
    outer loop
      vertex 0.766044 11.6428 8
      vertex 0.819152 11.5736 7
      vertex 0.819152 11.5736 8
    endloop
  endfacet
  facet normal -0.999049 0.0436053 0
    outer loop
      vertex 0.996194 10.9128 7
      vertex 1 11 8
      vertex 1 11 7
    endloop
  endfacet
  facet normal -0.999049 0.0436053 0
    outer loop
      vertex 1 11 8
      vertex 0.996194 10.9128 7
      vertex 0.996194 10.9128 8
    endloop
  endfacet
  facet normal 0.609428 -0.792841 0
    outer loop
      vertex -0.642787 11.766 7
      vertex -0.573576 11.8192 8
      vertex -0.642787 11.766 8
    endloop
  endfacet
  facet normal 0.609428 -0.792841 0
    outer loop
      vertex -0.573576 11.8192 8
      vertex -0.642787 11.766 7
      vertex -0.573576 11.8192 7
    endloop
  endfacet
  facet normal 0.130673 -0.991426 0
    outer loop
      vertex -0.173648 11.9848 7
      vertex -0.0871553 11.9962 8
      vertex -0.173648 11.9848 8
    endloop
  endfacet
  facet normal 0.130673 -0.991426 0
    outer loop
      vertex -0.0871553 11.9962 8
      vertex -0.173648 11.9848 7
      vertex -0.0871553 11.9962 7
    endloop
  endfacet
  facet normal 0.737181 0.675696 0
    outer loop
      vertex -0.707107 10.2929 8
      vertex -0.766044 10.3572 7
      vertex -0.766044 10.3572 8
    endloop
  endfacet
  facet normal 0.737181 0.675696 0
    outer loop
      vertex -0.766044 10.3572 7
      vertex -0.707107 10.2929 8
      vertex -0.707107 10.2929 7
    endloop
  endfacet
  facet normal 0.953716 0.300707 0
    outer loop
      vertex -0.939692 10.658 8
      vertex -0.965925 10.7412 7
      vertex -0.965925 10.7412 8
    endloop
  endfacet
  facet normal 0.953716 0.300707 0
    outer loop
      vertex -0.965925 10.7412 7
      vertex -0.939692 10.658 8
      vertex -0.939692 10.658 7
    endloop
  endfacet
  facet normal 0.461906 -0.886929 0
    outer loop
      vertex -0.5 11.866 7
      vertex -0.422618 11.9063 8
      vertex -0.5 11.866 8
    endloop
  endfacet
  facet normal 0.461906 -0.886929 0
    outer loop
      vertex -0.422618 11.9063 8
      vertex -0.5 11.866 7
      vertex -0.422618 11.9063 7
    endloop
  endfacet
  facet normal -0.887057 0.461659 0
    outer loop
      vertex 0.866025 10.5 7
      vertex 0.906307 10.5774 8
      vertex 0.906307 10.5774 7
    endloop
  endfacet
  facet normal -0.887057 0.461659 0
    outer loop
      vertex 0.906307 10.5774 8
      vertex 0.866025 10.5 7
      vertex 0.866025 10.5 8
    endloop
  endfacet
  facet normal -0.675351 -0.737497 0
    outer loop
      vertex 0.642787 11.766 7
      vertex 0.707107 11.7071 8
      vertex 0.642787 11.766 8
    endloop
  endfacet
  facet normal -0.675351 -0.737497 -0
    outer loop
      vertex 0.707107 11.7071 8
      vertex 0.642787 11.766 7
      vertex 0.707107 11.7071 7
    endloop
  endfacet
  facet normal -0.923882 0.382677 0
    outer loop
      vertex 0.906307 10.5774 7
      vertex 0.939692 10.658 8
      vertex 0.939692 10.658 7
    endloop
  endfacet
  facet normal -0.923882 0.382677 0
    outer loop
      vertex 0.939692 10.658 8
      vertex 0.906307 10.5774 7
      vertex 0.906307 10.5774 8
    endloop
  endfacet
  facet normal -0.843471 -0.537174 0
    outer loop
      vertex 0.866025 11.5 7
      vertex 0.819152 11.5736 8
      vertex 0.819152 11.5736 7
    endloop
  endfacet
  facet normal -0.843471 -0.537174 0
    outer loop
      vertex 0.819152 11.5736 8
      vertex 0.866025 11.5 7
      vertex 0.866025 11.5 8
    endloop
  endfacet
  facet normal -0.923882 -0.382677 0
    outer loop
      vertex 0.939692 11.342 7
      vertex 0.906307 11.4226 8
      vertex 0.906307 11.4226 7
    endloop
  endfacet
  facet normal -0.923882 -0.382677 0
    outer loop
      vertex 0.906307 11.4226 8
      vertex 0.939692 11.342 7
      vertex 0.939692 11.342 8
    endloop
  endfacet
  facet normal 0.999049 0.0436053 0
    outer loop
      vertex -0.996194 10.9128 8
      vertex -1 11 7
      vertex -1 11 8
    endloop
  endfacet
  facet normal 0.999049 0.0436053 0
    outer loop
      vertex -1 11 7
      vertex -0.996194 10.9128 8
      vertex -0.996194 10.9128 7
    endloop
  endfacet
  facet normal 0.130673 0.991426 -0
    outer loop
      vertex -0.0871553 10.0038 7
      vertex -0.173648 10.0152 8
      vertex -0.0871553 10.0038 8
    endloop
  endfacet
  facet normal 0.130673 0.991426 0
    outer loop
      vertex -0.173648 10.0152 8
      vertex -0.0871553 10.0038 7
      vertex -0.173648 10.0152 7
    endloop
  endfacet
  facet normal -0.0435589 0.999051 0
    outer loop
      vertex 0.0871553 10.0038 7
      vertex 0 10 8
      vertex 0.0871553 10.0038 8
    endloop
  endfacet
  facet normal -0.0435589 0.999051 0
    outer loop
      vertex 0 10 8
      vertex 0.0871553 10.0038 7
      vertex 0 10 7
    endloop
  endfacet
  facet normal -0.382832 -0.923818 0
    outer loop
      vertex 0.34202 11.9397 7
      vertex 0.422618 11.9063 8
      vertex 0.34202 11.9397 8
    endloop
  endfacet
  facet normal -0.382832 -0.923818 -0
    outer loop
      vertex 0.422618 11.9063 8
      vertex 0.34202 11.9397 7
      vertex 0.422618 11.9063 7
    endloop
  endfacet
  facet normal 0.382832 -0.923818 0
    outer loop
      vertex -0.422618 11.9063 7
      vertex -0.34202 11.9397 8
      vertex -0.422618 11.9063 8
    endloop
  endfacet
  facet normal 0.382832 -0.923818 0
    outer loop
      vertex -0.34202 11.9397 8
      vertex -0.422618 11.9063 7
      vertex -0.34202 11.9397 7
    endloop
  endfacet
  facet normal -0.130673 -0.991426 0
    outer loop
      vertex 0.0871553 11.9962 7
      vertex 0.173648 11.9848 8
      vertex 0.0871553 11.9962 8
    endloop
  endfacet
  facet normal -0.130673 -0.991426 -0
    outer loop
      vertex 0.173648 11.9848 8
      vertex 0.0871553 11.9962 7
      vertex 0.173648 11.9848 7
    endloop
  endfacet
  facet normal -0.216637 0.976252 0
    outer loop
      vertex 0.258819 10.0341 7
      vertex 0.173648 10.0152 8
      vertex 0.258819 10.0341 8
    endloop
  endfacet
  facet normal -0.216637 0.976252 0
    outer loop
      vertex 0.173648 10.0152 8
      vertex 0.258819 10.0341 7
      vertex 0.173648 10.0152 7
    endloop
  endfacet
  facet normal -0.843471 0.537174 0
    outer loop
      vertex 0.819152 10.4264 7
      vertex 0.866025 10.5 8
      vertex 0.866025 10.5 7
    endloop
  endfacet
  facet normal -0.843471 0.537174 0
    outer loop
      vertex 0.866025 10.5 8
      vertex 0.819152 10.4264 7
      vertex 0.819152 10.4264 8
    endloop
  endfacet
  facet normal -0.461906 -0.886929 0
    outer loop
      vertex 0.422618 11.9063 7
      vertex 0.5 11.866 8
      vertex 0.422618 11.9063 8
    endloop
  endfacet
  facet normal -0.461906 -0.886929 -0
    outer loop
      vertex 0.5 11.866 8
      vertex 0.422618 11.9063 7
      vertex 0.5 11.866 7
    endloop
  endfacet
  facet normal 0.793304 0.608826 0
    outer loop
      vertex -0.766044 10.3572 8
      vertex -0.819152 10.4264 7
      vertex -0.819152 10.4264 8
    endloop
  endfacet
  facet normal 0.793304 0.608826 0
    outer loop
      vertex -0.819152 10.4264 7
      vertex -0.766044 10.3572 8
      vertex -0.766044 10.3572 7
    endloop
  endfacet
  facet normal 0.887057 0.461659 0
    outer loop
      vertex -0.866025 10.5 8
      vertex -0.906307 10.5774 7
      vertex -0.906307 10.5774 8
    endloop
  endfacet
  facet normal 0.887057 0.461659 0
    outer loop
      vertex -0.906307 10.5774 7
      vertex -0.866025 10.5 8
      vertex -0.866025 10.5 7
    endloop
  endfacet
  facet normal 0.887057 -0.461659 0
    outer loop
      vertex -0.906307 11.4226 8
      vertex -0.866025 11.5 7
      vertex -0.866025 11.5 8
    endloop
  endfacet
  facet normal 0.887057 -0.461659 0
    outer loop
      vertex -0.866025 11.5 7
      vertex -0.906307 11.4226 8
      vertex -0.906307 11.4226 7
    endloop
  endfacet
  facet normal 0.0435589 0.999051 -0
    outer loop
      vertex 0 10 7
      vertex -0.0871553 10.0038 8
      vertex 0 10 8
    endloop
  endfacet
  facet normal 0.0435589 0.999051 0
    outer loop
      vertex -0.0871553 10.0038 8
      vertex 0 10 7
      vertex -0.0871553 10.0038 7
    endloop
  endfacet
  facet normal 0.737181 -0.675696 0
    outer loop
      vertex -0.766044 11.6428 8
      vertex -0.707107 11.7071 7
      vertex -0.707107 11.7071 8
    endloop
  endfacet
  facet normal 0.737181 -0.675696 0
    outer loop
      vertex -0.707107 11.7071 7
      vertex -0.766044 11.6428 8
      vertex -0.766044 11.6428 7
    endloop
  endfacet
  facet normal 0 0 1
    outer loop
      vertex 0.996194 11.0872 7
      vertex 0.996194 10.9128 7
      vertex 1 11 7
    endloop
  endfacet
  facet normal 0 0 1
    outer loop
      vertex 0.984807 11.1736 7
      vertex 0.996194 10.9128 7
      vertex 0.996194 11.0872 7
    endloop
  endfacet
  facet normal 0 0 1
    outer loop
      vertex 0.984807 11.1736 7
      vertex 0.984807 10.8264 7
      vertex 0.996194 10.9128 7
    endloop
  endfacet
  facet normal 0 0 1
    outer loop
      vertex 0.965925 11.2588 7
      vertex 0.984807 10.8264 7
      vertex 0.984807 11.1736 7
    endloop
  endfacet
  facet normal 0 0 1
    outer loop
      vertex 0.965925 11.2588 7
      vertex 0.965925 10.7412 7
      vertex 0.984807 10.8264 7
    endloop
  endfacet
  facet normal 0 0 1
    outer loop
      vertex 0.939692 11.342 7
      vertex 0.965925 10.7412 7
      vertex 0.965925 11.2588 7
    endloop
  endfacet
  facet normal 0 0 1
    outer loop
      vertex 0.939692 11.342 7
      vertex 0.939692 10.658 7
      vertex 0.965925 10.7412 7
    endloop
  endfacet
  facet normal 0 0 1
    outer loop
      vertex 0.906307 11.4226 7
      vertex 0.939692 10.658 7
      vertex 0.939692 11.342 7
    endloop
  endfacet
  facet normal 0 0 1
    outer loop
      vertex 0.906307 11.4226 7
      vertex 0.906307 10.5774 7
      vertex 0.939692 10.658 7
    endloop
  endfacet
  facet normal 0 0 1
    outer loop
      vertex 0.866025 11.5 7
      vertex 0.906307 10.5774 7
      vertex 0.906307 11.4226 7
    endloop
  endfacet
  facet normal 0 0 1
    outer loop
      vertex 0.866025 11.5 7
      vertex 0.866025 10.5 7
      vertex 0.906307 10.5774 7
    endloop
  endfacet
  facet normal 0 0 1
    outer loop
      vertex 0.819152 11.5736 7
      vertex 0.866025 10.5 7
      vertex 0.866025 11.5 7
    endloop
  endfacet
  facet normal 0 0 1
    outer loop
      vertex 0.819152 11.5736 7
      vertex 0.819152 10.4264 7
      vertex 0.866025 10.5 7
    endloop
  endfacet
  facet normal 0 0 1
    outer loop
      vertex 0.766044 11.6428 7
      vertex 0.819152 10.4264 7
      vertex 0.819152 11.5736 7
    endloop
  endfacet
  facet normal 0 0 1
    outer loop
      vertex 0.766044 11.6428 7
      vertex 0.766044 10.3572 7
      vertex 0.819152 10.4264 7
    endloop
  endfacet
  facet normal 0 0 1
    outer loop
      vertex 0.707107 11.7071 7
      vertex 0.766044 10.3572 7
      vertex 0.766044 11.6428 7
    endloop
  endfacet
  facet normal 0 0 1
    outer loop
      vertex 0.707107 11.7071 7
      vertex 0.707107 10.2929 7
      vertex 0.766044 10.3572 7
    endloop
  endfacet
  facet normal 0 0 1
    outer loop
      vertex 0.642787 11.766 7
      vertex 0.707107 10.2929 7
      vertex 0.707107 11.7071 7
    endloop
  endfacet
  facet normal 0 0 1
    outer loop
      vertex 0.642787 11.766 7
      vertex 0.642787 10.234 7
      vertex 0.707107 10.2929 7
    endloop
  endfacet
  facet normal 0 0 1
    outer loop
      vertex 0.573576 11.8192 7
      vertex 0.642787 10.234 7
      vertex 0.642787 11.766 7
    endloop
  endfacet
  facet normal 0 0 1
    outer loop
      vertex 0.573576 11.8192 7
      vertex 0.573576 10.1808 7
      vertex 0.642787 10.234 7
    endloop
  endfacet
  facet normal 0 0 1
    outer loop
      vertex 0.5 11.866 7
      vertex 0.573576 10.1808 7
      vertex 0.573576 11.8192 7
    endloop
  endfacet
  facet normal 0 0 1
    outer loop
      vertex 0.5 11.866 7
      vertex 0.5 10.134 7
      vertex 0.573576 10.1808 7
    endloop
  endfacet
  facet normal 0 0 1
    outer loop
      vertex 0.422618 11.9063 7
      vertex 0.5 10.134 7
      vertex 0.5 11.866 7
    endloop
  endfacet
  facet normal 0 0 1
    outer loop
      vertex 0.422618 11.9063 7
      vertex 0.422618 10.0937 7
      vertex 0.5 10.134 7
    endloop
  endfacet
  facet normal 0 0 1
    outer loop
      vertex 0.34202 11.9397 7
      vertex 0.422618 10.0937 7
      vertex 0.422618 11.9063 7
    endloop
  endfacet
  facet normal 0 0 1
    outer loop
      vertex 0.34202 11.9397 7
      vertex 0.34202 10.0603 7
      vertex 0.422618 10.0937 7
    endloop
  endfacet
  facet normal 0 0 1
    outer loop
      vertex 0.258819 11.9659 7
      vertex 0.34202 10.0603 7
      vertex 0.34202 11.9397 7
    endloop
  endfacet
  facet normal 0 0 1
    outer loop
      vertex 0.258819 11.9659 7
      vertex 0.258819 10.0341 7
      vertex 0.34202 10.0603 7
    endloop
  endfacet
  facet normal 0 0 1
    outer loop
      vertex 0.173648 11.9848 7
      vertex 0.258819 10.0341 7
      vertex 0.258819 11.9659 7
    endloop
  endfacet
  facet normal 0 0 1
    outer loop
      vertex 0.173648 11.9848 7
      vertex 0.173648 10.0152 7
      vertex 0.258819 10.0341 7
    endloop
  endfacet
  facet normal 0 0 1
    outer loop
      vertex 0.0871553 11.9962 7
      vertex 0.173648 10.0152 7
      vertex 0.173648 11.9848 7
    endloop
  endfacet
  facet normal 0 0 1
    outer loop
      vertex 0.0871553 11.9962 7
      vertex 0.0871553 10.0038 7
      vertex 0.173648 10.0152 7
    endloop
  endfacet
  facet normal 0 0 1
    outer loop
      vertex 0 12 7
      vertex 0.0871553 10.0038 7
      vertex 0.0871553 11.9962 7
    endloop
  endfacet
  facet normal 0 0 1
    outer loop
      vertex 0 12 7
      vertex 0 10 7
      vertex 0.0871553 10.0038 7
    endloop
  endfacet
  facet normal -0 0 1
    outer loop
      vertex -0.0871553 11.9962 7
      vertex 0 10 7
      vertex 0 12 7
    endloop
  endfacet
  facet normal 0 0 1
    outer loop
      vertex -0.0871553 11.9962 7
      vertex -0.0871553 10.0038 7
      vertex 0 10 7
    endloop
  endfacet
  facet normal -0 0 1
    outer loop
      vertex -0.173648 11.9848 7
      vertex -0.0871553 10.0038 7
      vertex -0.0871553 11.9962 7
    endloop
  endfacet
  facet normal 0 0 1
    outer loop
      vertex -0.173648 11.9848 7
      vertex -0.173648 10.0152 7
      vertex -0.0871553 10.0038 7
    endloop
  endfacet
  facet normal -0 0 1
    outer loop
      vertex -0.258819 11.9659 7
      vertex -0.173648 10.0152 7
      vertex -0.173648 11.9848 7
    endloop
  endfacet
  facet normal 0 0 1
    outer loop
      vertex -0.258819 11.9659 7
      vertex -0.258819 10.0341 7
      vertex -0.173648 10.0152 7
    endloop
  endfacet
  facet normal -0 0 1
    outer loop
      vertex -0.34202 11.9397 7
      vertex -0.258819 10.0341 7
      vertex -0.258819 11.9659 7
    endloop
  endfacet
  facet normal 0 0 1
    outer loop
      vertex -0.34202 11.9397 7
      vertex -0.34202 10.0603 7
      vertex -0.258819 10.0341 7
    endloop
  endfacet
  facet normal -0 0 1
    outer loop
      vertex -0.422618 11.9063 7
      vertex -0.34202 10.0603 7
      vertex -0.34202 11.9397 7
    endloop
  endfacet
  facet normal 0 0 1
    outer loop
      vertex -0.422618 11.9063 7
      vertex -0.422618 10.0937 7
      vertex -0.34202 10.0603 7
    endloop
  endfacet
  facet normal -0 0 1
    outer loop
      vertex -0.5 11.866 7
      vertex -0.422618 10.0937 7
      vertex -0.422618 11.9063 7
    endloop
  endfacet
  facet normal 0 0 1
    outer loop
      vertex -0.5 11.866 7
      vertex -0.5 10.134 7
      vertex -0.422618 10.0937 7
    endloop
  endfacet
  facet normal -0 0 1
    outer loop
      vertex -0.573576 11.8192 7
      vertex -0.5 10.134 7
      vertex -0.5 11.866 7
    endloop
  endfacet
  facet normal 0 0 1
    outer loop
      vertex -0.573576 11.8192 7
      vertex -0.573576 10.1808 7
      vertex -0.5 10.134 7
    endloop
  endfacet
  facet normal -0 0 1
    outer loop
      vertex -0.642787 11.766 7
      vertex -0.573576 10.1808 7
      vertex -0.573576 11.8192 7
    endloop
  endfacet
  facet normal 0 0 1
    outer loop
      vertex -0.642787 11.766 7
      vertex -0.642787 10.234 7
      vertex -0.573576 10.1808 7
    endloop
  endfacet
  facet normal -0 0 1
    outer loop
      vertex -0.707107 11.7071 7
      vertex -0.642787 10.234 7
      vertex -0.642787 11.766 7
    endloop
  endfacet
  facet normal 0 0 1
    outer loop
      vertex -0.707107 11.7071 7
      vertex -0.707107 10.2929 7
      vertex -0.642787 10.234 7
    endloop
  endfacet
  facet normal -0 0 1
    outer loop
      vertex -0.766044 11.6428 7
      vertex -0.707107 10.2929 7
      vertex -0.707107 11.7071 7
    endloop
  endfacet
  facet normal 0 0 1
    outer loop
      vertex -0.766044 11.6428 7
      vertex -0.766044 10.3572 7
      vertex -0.707107 10.2929 7
    endloop
  endfacet
  facet normal -0 0 1
    outer loop
      vertex -0.819152 11.5736 7
      vertex -0.766044 10.3572 7
      vertex -0.766044 11.6428 7
    endloop
  endfacet
  facet normal 0 0 1
    outer loop
      vertex -0.819152 11.5736 7
      vertex -0.819152 10.4264 7
      vertex -0.766044 10.3572 7
    endloop
  endfacet
  facet normal -0 0 1
    outer loop
      vertex -0.866025 11.5 7
      vertex -0.819152 10.4264 7
      vertex -0.819152 11.5736 7
    endloop
  endfacet
  facet normal 0 0 1
    outer loop
      vertex -0.866025 11.5 7
      vertex -0.866025 10.5 7
      vertex -0.819152 10.4264 7
    endloop
  endfacet
  facet normal -0 0 1
    outer loop
      vertex -0.906307 11.4226 7
      vertex -0.866025 10.5 7
      vertex -0.866025 11.5 7
    endloop
  endfacet
  facet normal 0 0 1
    outer loop
      vertex -0.906307 11.4226 7
      vertex -0.906307 10.5774 7
      vertex -0.866025 10.5 7
    endloop
  endfacet
  facet normal -0 0 1
    outer loop
      vertex -0.939692 11.342 7
      vertex -0.906307 10.5774 7
      vertex -0.906307 11.4226 7
    endloop
  endfacet
  facet normal 0 0 1
    outer loop
      vertex -0.939692 11.342 7
      vertex -0.939692 10.658 7
      vertex -0.906307 10.5774 7
    endloop
  endfacet
  facet normal -0 0 1
    outer loop
      vertex -0.965925 11.2588 7
      vertex -0.939692 10.658 7
      vertex -0.939692 11.342 7
    endloop
  endfacet
  facet normal 0 0 1
    outer loop
      vertex -0.965925 11.2588 7
      vertex -0.965925 10.7412 7
      vertex -0.939692 10.658 7
    endloop
  endfacet
  facet normal -0 0 1
    outer loop
      vertex -0.984807 11.1736 7
      vertex -0.965925 10.7412 7
      vertex -0.965925 11.2588 7
    endloop
  endfacet
  facet normal 0 0 1
    outer loop
      vertex -0.984807 11.1736 7
      vertex -0.984807 10.8264 7
      vertex -0.965925 10.7412 7
    endloop
  endfacet
  facet normal -0 0 1
    outer loop
      vertex -0.996194 11.0872 7
      vertex -0.984807 10.8264 7
      vertex -0.984807 11.1736 7
    endloop
  endfacet
  facet normal 0 0 1
    outer loop
      vertex -0.996194 11.0872 7
      vertex -0.996194 10.9128 7
      vertex -0.984807 10.8264 7
    endloop
  endfacet
  facet normal 0 -0 1
    outer loop
      vertex -0.996194 10.9128 7
      vertex -0.996194 11.0872 7
      vertex -1 11 7
    endloop
  endfacet
  facet normal 0.976311 0.21637 0
    outer loop
      vertex -0.965925 10.7412 8
      vertex -0.984807 10.8264 7
      vertex -0.984807 10.8264 8
    endloop
  endfacet
  facet normal 0.976311 0.21637 0
    outer loop
      vertex -0.984807 10.8264 7
      vertex -0.965925 10.7412 8
      vertex -0.965925 10.7412 7
    endloop
  endfacet
  facet normal 0.675351 0.737497 -0
    outer loop
      vertex -0.642787 10.234 7
      vertex -0.707107 10.2929 8
      vertex -0.642787 10.234 8
    endloop
  endfacet
  facet normal 0.675351 0.737497 0
    outer loop
      vertex -0.707107 10.2929 8
      vertex -0.642787 10.234 7
      vertex -0.707107 10.2929 7
    endloop
  endfacet
  facet normal 0.991427 -0.130664 0
    outer loop
      vertex -0.996194 11.0872 8
      vertex -0.984807 11.1736 7
      vertex -0.984807 11.1736 8
    endloop
  endfacet
  facet normal 0.991427 -0.130664 0
    outer loop
      vertex -0.984807 11.1736 7
      vertex -0.996194 11.0872 8
      vertex -0.996194 11.0872 7
    endloop
  endfacet
  facet normal 0.216637 -0.976252 0
    outer loop
      vertex -0.258819 11.9659 7
      vertex -0.173648 11.9848 8
      vertex -0.258819 11.9659 8
    endloop
  endfacet
  facet normal 0.216637 -0.976252 0
    outer loop
      vertex -0.173648 11.9848 8
      vertex -0.258819 11.9659 7
      vertex -0.173648 11.9848 7
    endloop
  endfacet
  facet normal -0.30036 -0.953826 0
    outer loop
      vertex 0.258819 11.9659 7
      vertex 0.34202 11.9397 8
      vertex 0.258819 11.9659 8
    endloop
  endfacet
  facet normal -0.30036 -0.953826 -0
    outer loop
      vertex 0.34202 11.9397 8
      vertex 0.258819 11.9659 7
      vertex 0.34202 11.9397 7
    endloop
  endfacet
  facet normal -0.461906 0.886929 0
    outer loop
      vertex 0.5 10.134 7
      vertex 0.422618 10.0937 8
      vertex 0.5 10.134 8
    endloop
  endfacet
  facet normal -0.461906 0.886929 0
    outer loop
      vertex 0.422618 10.0937 8
      vertex 0.5 10.134 7
      vertex 0.422618 10.0937 7
    endloop
  endfacet
  facet normal -0.991427 0.130664 0
    outer loop
      vertex 0.984807 10.8264 7
      vertex 0.996194 10.9128 8
      vertex 0.996194 10.9128 7
    endloop
  endfacet
  facet normal -0.991427 0.130664 0
    outer loop
      vertex 0.996194 10.9128 8
      vertex 0.984807 10.8264 7
      vertex 0.984807 10.8264 8
    endloop
  endfacet
  facet normal 0.991427 0.130664 0
    outer loop
      vertex -0.984807 10.8264 8
      vertex -0.996194 10.9128 7
      vertex -0.996194 10.9128 8
    endloop
  endfacet
  facet normal 0.991427 0.130664 0
    outer loop
      vertex -0.996194 10.9128 7
      vertex -0.984807 10.8264 8
      vertex -0.984807 10.8264 7
    endloop
  endfacet
  facet normal -0.0435589 -0.999051 0
    outer loop
      vertex 0 12 7
      vertex 0.0871553 11.9962 8
      vertex 0 12 8
    endloop
  endfacet
  facet normal -0.0435589 -0.999051 -0
    outer loop
      vertex 0.0871553 11.9962 8
      vertex 0 12 7
      vertex 0.0871553 11.9962 7
    endloop
  endfacet
  facet normal 0.843471 -0.537174 0
    outer loop
      vertex -0.866025 11.5 8
      vertex -0.819152 11.5736 7
      vertex -0.819152 11.5736 8
    endloop
  endfacet
  facet normal 0.843471 -0.537174 0
    outer loop
      vertex -0.819152 11.5736 7
      vertex -0.866025 11.5 8
      vertex -0.866025 11.5 7
    endloop
  endfacet
  facet normal -0.609428 0.792841 0
    outer loop
      vertex 0.642787 10.234 7
      vertex 0.573576 10.1808 8
      vertex 0.642787 10.234 8
    endloop
  endfacet
  facet normal -0.609428 0.792841 0
    outer loop
      vertex 0.573576 10.1808 8
      vertex 0.642787 10.234 7
      vertex 0.573576 10.1808 7
    endloop
  endfacet
  facet normal -0.976311 0.21637 0
    outer loop
      vertex 0.965925 10.7412 7
      vertex 0.984807 10.8264 8
      vertex 0.984807 10.8264 7
    endloop
  endfacet
  facet normal -0.976311 0.21637 0
    outer loop
      vertex 0.984807 10.8264 8
      vertex 0.965925 10.7412 7
      vertex 0.965925 10.7412 8
    endloop
  endfacet
  facet normal -0.737181 -0.675696 0
    outer loop
      vertex 0.766044 11.6428 7
      vertex 0.707107 11.7071 8
      vertex 0.707107 11.7071 7
    endloop
  endfacet
  facet normal -0.737181 -0.675696 0
    outer loop
      vertex 0.707107 11.7071 8
      vertex 0.766044 11.6428 7
      vertex 0.766044 11.6428 8
    endloop
  endfacet
  facet normal 0.609428 0.792841 -0
    outer loop
      vertex -0.573576 10.1808 7
      vertex -0.642787 10.234 8
      vertex -0.573576 10.1808 8
    endloop
  endfacet
  facet normal 0.609428 0.792841 0
    outer loop
      vertex -0.642787 10.234 8
      vertex -0.573576 10.1808 7
      vertex -0.642787 10.234 7
    endloop
  endfacet
  facet normal -0.976311 -0.21637 0
    outer loop
      vertex 0.984807 11.1736 7
      vertex 0.965925 11.2588 8
      vertex 0.965925 11.2588 7
    endloop
  endfacet
  facet normal -0.976311 -0.21637 0
    outer loop
      vertex 0.965925 11.2588 8
      vertex 0.984807 11.1736 7
      vertex 0.984807 11.1736 8
    endloop
  endfacet
  facet normal -0.216637 -0.976252 0
    outer loop
      vertex 0.173648 11.9848 7
      vertex 0.258819 11.9659 8
      vertex 0.173648 11.9848 8
    endloop
  endfacet
  facet normal -0.216637 -0.976252 -0
    outer loop
      vertex 0.258819 11.9659 8
      vertex 0.173648 11.9848 7
      vertex 0.258819 11.9659 7
    endloop
  endfacet
  facet normal 0.976311 -0.21637 0
    outer loop
      vertex -0.984807 11.1736 8
      vertex -0.965925 11.2588 7
      vertex -0.965925 11.2588 8
    endloop
  endfacet
  facet normal 0.976311 -0.21637 0
    outer loop
      vertex -0.965925 11.2588 7
      vertex -0.984807 11.1736 8
      vertex -0.984807 11.1736 7
    endloop
  endfacet
  facet normal 0.843471 0.537174 0
    outer loop
      vertex -0.819152 10.4264 8
      vertex -0.866025 10.5 7
      vertex -0.866025 10.5 8
    endloop
  endfacet
  facet normal 0.843471 0.537174 0
    outer loop
      vertex -0.866025 10.5 7
      vertex -0.819152 10.4264 8
      vertex -0.819152 10.4264 7
    endloop
  endfacet
  facet normal 0.999049 -0.0436053 0
    outer loop
      vertex -1 11 8
      vertex -0.996194 11.0872 7
      vertex -0.996194 11.0872 8
    endloop
  endfacet
  facet normal 0.999049 -0.0436053 0
    outer loop
      vertex -0.996194 11.0872 7
      vertex -1 11 8
      vertex -1 11 7
    endloop
  endfacet
  facet normal 0.461906 0.886929 -0
    outer loop
      vertex -0.422618 10.0937 7
      vertex -0.5 10.134 8
      vertex -0.422618 10.0937 8
    endloop
  endfacet
  facet normal 0.461906 0.886929 0
    outer loop
      vertex -0.5 10.134 8
      vertex -0.422618 10.0937 7
      vertex -0.5 10.134 7
    endloop
  endfacet
  facet normal 0.382832 0.923818 -0
    outer loop
      vertex -0.34202 10.0603 7
      vertex -0.422618 10.0937 8
      vertex -0.34202 10.0603 8
    endloop
  endfacet
  facet normal 0.382832 0.923818 0
    outer loop
      vertex -0.422618 10.0937 8
      vertex -0.34202 10.0603 7
      vertex -0.422618 10.0937 7
    endloop
  endfacet
  facet normal -0.30036 0.953826 0
    outer loop
      vertex 0.34202 10.0603 7
      vertex 0.258819 10.0341 8
      vertex 0.34202 10.0603 8
    endloop
  endfacet
  facet normal -0.30036 0.953826 0
    outer loop
      vertex 0.258819 10.0341 8
      vertex 0.34202 10.0603 7
      vertex 0.258819 10.0341 7
    endloop
  endfacet
  facet normal -0.737181 0.675696 0
    outer loop
      vertex 0.707107 10.2929 7
      vertex 0.766044 10.3572 8
      vertex 0.766044 10.3572 7
    endloop
  endfacet
  facet normal -0.737181 0.675696 0
    outer loop
      vertex 0.766044 10.3572 8
      vertex 0.707107 10.2929 7
      vertex 0.707107 10.2929 8
    endloop
  endfacet
  facet normal -0.675351 0.737497 0
    outer loop
      vertex 0.707107 10.2929 7
      vertex 0.642787 10.234 8
      vertex 0.707107 10.2929 8
    endloop
  endfacet
  facet normal -0.675351 0.737497 0
    outer loop
      vertex 0.642787 10.234 8
      vertex 0.707107 10.2929 7
      vertex 0.642787 10.234 7
    endloop
  endfacet
  facet normal 0.923882 -0.382677 0
    outer loop
      vertex -0.939692 11.342 8
      vertex -0.906307 11.4226 7
      vertex -0.906307 11.4226 8
    endloop
  endfacet
  facet normal 0.923882 -0.382677 0
    outer loop
      vertex -0.906307 11.4226 7
      vertex -0.939692 11.342 8
      vertex -0.939692 11.342 7
    endloop
  endfacet
  facet normal 0.953716 -0.300707 0
    outer loop
      vertex -0.965925 11.2588 8
      vertex -0.939692 11.342 7
      vertex -0.939692 11.342 8
    endloop
  endfacet
  facet normal 0.953716 -0.300707 0
    outer loop
      vertex -0.939692 11.342 7
      vertex -0.965925 11.2588 8
      vertex -0.965925 11.2588 7
    endloop
  endfacet
endsolid OpenSCAD_Model
