solid OpenSCAD_Model
  facet normal -0.537277 -0.843406 0
    outer loop
      vertex -7.3131 -10.4442 6.8
      vertex -6.375 -11.0418 22
      vertex -7.3131 -10.4442 22
    endloop
  endfacet
  facet normal -0.537277 -0.843406 -0
    outer loop
      vertex -6.375 -11.0418 22
      vertex -7.3131 -10.4442 6.8
      vertex -6.375 -11.0418 6.8
    endloop
  endfacet
  facet normal -0.537277 -0.843406 0
    outer loop
      vertex -7.3131 -10.4442 0
      vertex -6.375 -11.0418 2
      vertex -7.3131 -10.4442 2
    endloop
  endfacet
  facet normal -0.537277 -0.843406 -0
    outer loop
      vertex -6.375 -11.0418 2
      vertex -7.3131 -10.4442 0
      vertex -6.375 -11.0418 0
    endloop
  endfacet
  facet normal -0.537277 -0.843406 0
    outer loop
      vertex -7.3131 -10.4442 2.8
      vertex -6.375 -11.0418 4
      vertex -7.3131 -10.4442 4
    endloop
  endfacet
  facet normal -0.537277 -0.843406 -0
    outer loop
      vertex -6.375 -11.0418 4
      vertex -7.3131 -10.4442 2.8
      vertex -6.375 -11.0418 2.8
    endloop
  endfacet
  facet normal -0.537277 -0.843406 0
    outer loop
      vertex -7.3131 -10.4442 4.8
      vertex -6.375 -11.0418 6
      vertex -7.3131 -10.4442 6
    endloop
  endfacet
  facet normal -0.537277 -0.843406 -0
    outer loop
      vertex -6.375 -11.0418 6
      vertex -7.3131 -10.4442 4.8
      vertex -6.375 -11.0418 4.8
    endloop
  endfacet
  facet normal 0.991443 0.130542 0
    outer loop
      vertex 12.7015 1.11124 2
      vertex 12.5563 2.21401 0
      vertex 12.5563 2.21401 2
    endloop
  endfacet
  facet normal 0.991443 0.130542 0
    outer loop
      vertex 12.5563 2.21401 0
      vertex 12.7015 1.11124 2
      vertex 12.7015 1.11124 0
    endloop
  endfacet
  facet normal 0.991431 0.130632 0
    outer loop
      vertex 12.5563 2.21401 22
      vertex 12.562 2.17075 14.52
      vertex 12.5563 2.21401 14.4521
    endloop
  endfacet
  facet normal 0.99147 0.130338 1.73036e-06
    outer loop
      vertex 12.5563 2.21401 22
      vertex 12.5805 2.03002 14.7034
      vertex 12.562 2.17075 14.52
    endloop
  endfacet
  facet normal 0.991416 0.130749 -8.80161e-06
    outer loop
      vertex 12.5563 2.21401 22
      vertex 12.6011 1.87383 14.8738
      vertex 12.5805 2.03002 14.7034
    endloop
  endfacet
  facet normal 0.991443 0.130542 -0
    outer loop
      vertex 12.7015 1.11124 15.6405
      vertex 12.5563 2.21401 22
      vertex 12.7015 1.11124 22
    endloop
  endfacet
  facet normal 0.991444 0.130532 1.73388e-06
    outer loop
      vertex 12.5563 2.21401 22
      vertex 12.7015 1.11124 15.6405
      vertex 12.6011 1.87383 14.8738
    endloop
  endfacet
  facet normal 0.991431 0.130632 0
    outer loop
      vertex 12.562 2.17075 11.48
      vertex 12.5563 2.21401 6.8
      vertex 12.5563 2.21401 11.5479
    endloop
  endfacet
  facet normal 0.991469 0.13034 -2.7533e-06
    outer loop
      vertex 12.5805 2.03002 11.2966
      vertex 12.5563 2.21401 6.8
      vertex 12.562 2.17075 11.48
    endloop
  endfacet
  facet normal 0.991416 0.130743 1.40481e-05
    outer loop
      vertex 12.6011 1.87383 11.1262
      vertex 12.5563 2.21401 6.8
      vertex 12.5805 2.03002 11.2966
    endloop
  endfacet
  facet normal 0.991472 0.130322 -1.96665e-05
    outer loop
      vertex 12.6235 1.70339 10.97
      vertex 12.5563 2.21401 6.8
      vertex 12.6011 1.87383 11.1262
    endloop
  endfacet
  facet normal 0.991411 0.130783 3.7741e-05
    outer loop
      vertex 12.6477 1.51998 10.8292
      vertex 12.5563 2.21401 6.8
      vertex 12.6235 1.70339 10.97
    endloop
  endfacet
  facet normal 0.991486 0.130217 -6.14171e-05
    outer loop
      vertex 12.6733 1.325 10.705
      vertex 12.5563 2.21401 6.8
      vertex 12.6477 1.51998 10.8292
    endloop
  endfacet
  facet normal 0.991444 0.130536 1.24537e-05
    outer loop
      vertex 12.7003 1.11994 10.5983
      vertex 12.5563 2.21401 6.8
      vertex 12.6733 1.325 10.705
    endloop
  endfacet
  facet normal 0.99071 0.135984 0.00160951
    outer loop
      vertex 12.7015 1.11124 10.5947
      vertex 12.5563 2.21401 6.8
      vertex 12.7003 1.11994 10.5983
    endloop
  endfacet
  facet normal 0.991443 0.130542 0
    outer loop
      vertex 12.5563 2.21401 6.8
      vertex 12.7015 1.11124 10.5947
      vertex 12.7015 1.11124 6.8
    endloop
  endfacet
  facet normal 0.991443 0.130542 0
    outer loop
      vertex 12.7015 1.11124 4
      vertex 12.5563 2.21401 2.8
      vertex 12.5563 2.21401 4
    endloop
  endfacet
  facet normal 0.991443 0.130542 0
    outer loop
      vertex 12.5563 2.21401 2.8
      vertex 12.7015 1.11124 4
      vertex 12.7015 1.11124 2.8
    endloop
  endfacet
  facet normal 0.991443 0.130542 0
    outer loop
      vertex 12.7015 1.11124 6
      vertex 12.5563 2.21401 4.8
      vertex 12.5563 2.21401 6
    endloop
  endfacet
  facet normal 0.991443 0.130542 0
    outer loop
      vertex 12.5563 2.21401 4.8
      vertex 12.7015 1.11124 6
      vertex 12.7015 1.11124 4.8
    endloop
  endfacet
  facet normal 0.999049 0.0436034 0
    outer loop
      vertex 12.75 0 2
      vertex 12.7015 1.11124 0
      vertex 12.7015 1.11124 2
    endloop
  endfacet
  facet normal 0.999049 0.0436034 0
    outer loop
      vertex 12.7015 1.11124 0
      vertex 12.75 0 2
      vertex 12.75 0 0
    endloop
  endfacet
  facet normal 0.999048 0.0436198 0
    outer loop
      vertex 12.7015 1.11124 22
      vertex 12.7498 0.00499916 16.7527
      vertex 12.7015 1.11124 15.6405
    endloop
  endfacet
  facet normal 0.999049 0.0436034 3.46287e-06
    outer loop
      vertex 12.75 0 22
      vertex 12.7498 0.00499916 16.7527
      vertex 12.7015 1.11124 22
    endloop
  endfacet
  facet normal 0.999201 0.0399747 0
    outer loop
      vertex 12.7498 0.00499916 16.7527
      vertex 12.75 0 22
      vertex 12.75 0 16.7527
    endloop
  endfacet
  facet normal 0.999058 0.0433977 0
    outer loop
      vertex 12.7104 0.906353 10.5098
      vertex 12.7015 1.11124 6.8
      vertex 12.7015 1.11124 10.5947
    endloop
  endfacet
  facet normal 0.999034 0.0439423 3.01386e-05
    outer loop
      vertex 12.7201 0.68587 10.4403
      vertex 12.7015 1.11124 6.8
      vertex 12.7104 0.906353 10.5098
    endloop
  endfacet
  facet normal 0.999058 0.0433867 -3.4906e-05
    outer loop
      vertex 12.7299 0.460167 10.3903
      vertex 12.7015 1.11124 6.8
      vertex 12.7201 0.68587 10.4403
    endloop
  endfacet
  facet normal 0.99905 0.0435874 1.5509e-06
    outer loop
      vertex 12.7399 0.230962 10.3601
      vertex 12.7015 1.11124 6.8
      vertex 12.7299 0.460167 10.3903
    endloop
  endfacet
  facet normal 0.999045 0.0436884 -0
    outer loop
      vertex 12.75 0 6.8
      vertex 12.7399 0.230962 10.3601
      vertex 12.75 0 10.35
    endloop
  endfacet
  facet normal 0.999049 0.0436034 5.52212e-06
    outer loop
      vertex 12.7399 0.230962 10.3601
      vertex 12.75 0 6.8
      vertex 12.7015 1.11124 6.8
    endloop
  endfacet
  facet normal 0.999049 0.0436034 0
    outer loop
      vertex 12.75 0 4
      vertex 12.7015 1.11124 2.8
      vertex 12.7015 1.11124 4
    endloop
  endfacet
  facet normal 0.999049 0.0436034 0
    outer loop
      vertex 12.7015 1.11124 2.8
      vertex 12.75 0 4
      vertex 12.75 0 2.8
    endloop
  endfacet
  facet normal 0.999049 0.0436034 0
    outer loop
      vertex 12.75 0 6
      vertex 12.7015 1.11124 4.8
      vertex 12.7015 1.11124 6
    endloop
  endfacet
  facet normal 0.999049 0.0436034 0
    outer loop
      vertex 12.7015 1.11124 4.8
      vertex 12.75 0 6
      vertex 12.75 0 4.8
    endloop
  endfacet
  facet normal 0.976305 0.216401 0
    outer loop
      vertex 12.5563 2.21401 2
      vertex 12.3156 3.29994 0
      vertex 12.3156 3.29994 2
    endloop
  endfacet
  facet normal 0.976305 0.216401 0
    outer loop
      vertex 12.3156 3.29994 0
      vertex 12.5563 2.21401 2
      vertex 12.5563 2.21401 0
    endloop
  endfacet
  facet normal 0.976324 0.216313 0
    outer loop
      vertex 12.3156 3.29994 22
      vertex 12.4596 2.65 13
      vertex 12.3156 3.29994 6.8
    endloop
  endfacet
  facet normal 0.975808 0.21863 -0.000175596
    outer loop
      vertex 12.3156 3.29994 22
      vertex 12.4619 2.63992 13.231
      vertex 12.4596 2.65 13
    endloop
  endfacet
  facet normal 0.976258 0.216609 -1.59609e-05
    outer loop
      vertex 12.3156 3.29994 22
      vertex 12.4686 2.60974 13.4602
      vertex 12.4619 2.63992 13.231
    endloop
  endfacet
  facet normal 0.976278 0.216522 -8.53873e-06
    outer loop
      vertex 12.3156 3.29994 22
      vertex 12.4797 2.5597 13.6859
      vertex 12.4686 2.60974 13.4602
    endloop
  endfacet
  facet normal 0.976325 0.21631 1.12435e-05
    outer loop
      vertex 12.3156 3.29994 22
      vertex 12.4951 2.49018 13.9064
      vertex 12.4797 2.5597 13.6859
    endloop
  endfacet
  facet normal 0.976318 0.216341 7.98986e-06
    outer loop
      vertex 12.3156 3.29994 22
      vertex 12.5147 2.40172 14.1199
      vertex 12.4951 2.49018 13.9064
    endloop
  endfacet
  facet normal 0.976243 0.216678 -3.22636e-05
    outer loop
      vertex 12.3156 3.29994 22
      vertex 12.5384 2.29497 14.325
      vertex 12.5147 2.40172 14.1199
    endloop
  endfacet
  facet normal 0.976305 0.216401 -0
    outer loop
      vertex 12.5563 2.21401 14.4521
      vertex 12.3156 3.29994 22
      vertex 12.5563 2.21401 22
    endloop
  endfacet
  facet normal 0.976398 0.215979 6.37703e-05
    outer loop
      vertex 12.3156 3.29994 22
      vertex 12.5563 2.21401 14.4521
      vertex 12.5384 2.29497 14.325
    endloop
  endfacet
  facet normal 0.975922 0.218122 0.000198928
    outer loop
      vertex 12.4619 2.63992 12.769
      vertex 12.3156 3.29994 6.8
      vertex 12.4596 2.65 13
    endloop
  endfacet
  facet normal 0.976265 0.21658 2.00307e-05
    outer loop
      vertex 12.4686 2.60974 12.5398
      vertex 12.3156 3.29994 6.8
      vertex 12.4619 2.63992 12.769
    endloop
  endfacet
  facet normal 0.97628 0.21651 1.12394e-05
    outer loop
      vertex 12.4797 2.5597 12.3141
      vertex 12.3156 3.29994 6.8
      vertex 12.4686 2.60974 12.5398
    endloop
  endfacet
  facet normal 0.976322 0.216322 -1.52478e-05
    outer loop
      vertex 12.4951 2.49018 12.0936
      vertex 12.3156 3.29994 6.8
      vertex 12.4797 2.5597 12.3141
    endloop
  endfacet
  facet normal 0.976316 0.216348 -1.10764e-05
    outer loop
      vertex 12.5147 2.40172 11.8801
      vertex 12.3156 3.29994 6.8
      vertex 12.4951 2.49018 12.0936
    endloop
  endfacet
  facet normal 0.976249 0.216653 4.55374e-05
    outer loop
      vertex 12.5384 2.29497 11.675
      vertex 12.3156 3.29994 6.8
      vertex 12.5147 2.40172 11.8801
    endloop
  endfacet
  facet normal 0.976389 0.21602 -9.1441e-05
    outer loop
      vertex 12.5563 2.21401 11.5479
      vertex 12.3156 3.29994 6.8
      vertex 12.5384 2.29497 11.675
    endloop
  endfacet
  facet normal 0.976305 0.216401 0
    outer loop
      vertex 12.3156 3.29994 6.8
      vertex 12.5563 2.21401 11.5479
      vertex 12.5563 2.21401 6.8
    endloop
  endfacet
  facet normal 0.976305 0.216401 0
    outer loop
      vertex 12.5563 2.21401 4
      vertex 12.3156 3.29994 2.8
      vertex 12.3156 3.29994 4
    endloop
  endfacet
  facet normal 0.976305 0.216401 0
    outer loop
      vertex 12.3156 3.29994 2.8
      vertex 12.5563 2.21401 4
      vertex 12.5563 2.21401 2.8
    endloop
  endfacet
  facet normal 0.976305 0.216401 0
    outer loop
      vertex 12.5563 2.21401 6
      vertex 12.3156 3.29994 4.8
      vertex 12.3156 3.29994 6
    endloop
  endfacet
  facet normal 0.976305 0.216401 0
    outer loop
      vertex 12.3156 3.29994 4.8
      vertex 12.5563 2.21401 6
      vertex 12.5563 2.21401 4.8
    endloop
  endfacet
  facet normal 0.382719 0.923865 -0
    outer loop
      vertex 5.38838 11.5554 0
      vertex 4.36076 11.9811 2
      vertex 5.38838 11.5554 2
    endloop
  endfacet
  facet normal 0.382719 0.923865 0
    outer loop
      vertex 4.36076 11.9811 2
      vertex 5.38838 11.5554 0
      vertex 4.36076 11.9811 0
    endloop
  endfacet
  facet normal 0.382719 0.923865 -0
    outer loop
      vertex 5.38838 11.5554 6.8
      vertex 4.36076 11.9811 22
      vertex 5.38838 11.5554 22
    endloop
  endfacet
  facet normal 0.382719 0.923865 0
    outer loop
      vertex 4.36076 11.9811 22
      vertex 5.38838 11.5554 6.8
      vertex 4.36076 11.9811 6.8
    endloop
  endfacet
  facet normal 0.382719 0.923865 -0
    outer loop
      vertex 5.38838 11.5554 2.8
      vertex 4.36076 11.9811 4
      vertex 5.38838 11.5554 4
    endloop
  endfacet
  facet normal 0.382719 0.923865 0
    outer loop
      vertex 4.36076 11.9811 4
      vertex 5.38838 11.5554 2.8
      vertex 4.36076 11.9811 2.8
    endloop
  endfacet
  facet normal 0.382719 0.923865 -0
    outer loop
      vertex 5.38838 11.5554 4.8
      vertex 4.36076 11.9811 6
      vertex 5.38838 11.5554 6
    endloop
  endfacet
  facet normal 0.382719 0.923865 0
    outer loop
      vertex 4.36076 11.9811 6
      vertex 5.38838 11.5554 4.8
      vertex 4.36076 11.9811 4.8
    endloop
  endfacet
  facet normal -0.999049 0.0436034 0
    outer loop
      vertex -12.75 0 0
      vertex -12.7015 1.11124 2
      vertex -12.7015 1.11124 0
    endloop
  endfacet
  facet normal -0.999049 0.0436034 0
    outer loop
      vertex -12.7015 1.11124 2
      vertex -12.75 0 0
      vertex -12.75 0 2
    endloop
  endfacet
  facet normal -0.999048 0.0436198 0
    outer loop
      vertex -12.7498 0.00499916 16.7527
      vertex -12.7015 1.11124 22
      vertex -12.7015 1.11124 15.6405
    endloop
  endfacet
  facet normal -0.999201 0.0399747 0
    outer loop
      vertex -12.75 0 22
      vertex -12.7498 0.00499916 16.7527
      vertex -12.75 0 16.7527
    endloop
  endfacet
  facet normal -0.999049 0.0436034 3.46287e-06
    outer loop
      vertex -12.7498 0.00499916 16.7527
      vertex -12.75 0 22
      vertex -12.7015 1.11124 22
    endloop
  endfacet
  facet normal -0.999058 0.0433977 0
    outer loop
      vertex -12.7015 1.11124 6.8
      vertex -12.7104 0.906353 10.5098
      vertex -12.7015 1.11124 10.5947
    endloop
  endfacet
  facet normal -0.999034 0.0439423 3.01386e-05
    outer loop
      vertex -12.7015 1.11124 6.8
      vertex -12.7201 0.68587 10.4403
      vertex -12.7104 0.906353 10.5098
    endloop
  endfacet
  facet normal -0.999058 0.0433867 -3.4906e-05
    outer loop
      vertex -12.7015 1.11124 6.8
      vertex -12.7299 0.460167 10.3903
      vertex -12.7201 0.68587 10.4403
    endloop
  endfacet
  facet normal -0.99905 0.0435874 1.5509e-06
    outer loop
      vertex -12.7015 1.11124 6.8
      vertex -12.7399 0.230962 10.3601
      vertex -12.7299 0.460167 10.3903
    endloop
  endfacet
  facet normal -0.999049 0.0436034 5.52212e-06
    outer loop
      vertex -12.75 0 6.8
      vertex -12.7399 0.230962 10.3601
      vertex -12.7015 1.11124 6.8
    endloop
  endfacet
  facet normal -0.999045 0.0436884 0
    outer loop
      vertex -12.7399 0.230962 10.3601
      vertex -12.75 0 6.8
      vertex -12.75 0 10.35
    endloop
  endfacet
  facet normal -0.999049 0.0436034 0
    outer loop
      vertex -12.75 0 2.8
      vertex -12.7015 1.11124 4
      vertex -12.7015 1.11124 2.8
    endloop
  endfacet
  facet normal -0.999049 0.0436034 0
    outer loop
      vertex -12.7015 1.11124 4
      vertex -12.75 0 2.8
      vertex -12.75 0 4
    endloop
  endfacet
  facet normal -0.999049 0.0436034 0
    outer loop
      vertex -12.75 0 4.8
      vertex -12.7015 1.11124 6
      vertex -12.7015 1.11124 4.8
    endloop
  endfacet
  facet normal -0.999049 0.0436034 0
    outer loop
      vertex -12.7015 1.11124 6
      vertex -12.75 0 4.8
      vertex -12.75 0 6
    endloop
  endfacet
  facet normal -0.991443 0.130542 0
    outer loop
      vertex -12.7015 1.11124 0
      vertex -12.5563 2.21401 2
      vertex -12.5563 2.21401 0
    endloop
  endfacet
  facet normal -0.991443 0.130542 0
    outer loop
      vertex -12.5563 2.21401 2
      vertex -12.7015 1.11124 0
      vertex -12.7015 1.11124 2
    endloop
  endfacet
  facet normal -0.991431 0.130632 0
    outer loop
      vertex -12.562 2.17075 14.52
      vertex -12.5563 2.21401 22
      vertex -12.5563 2.21401 14.4521
    endloop
  endfacet
  facet normal -0.99147 0.130338 1.73036e-06
    outer loop
      vertex -12.5805 2.03002 14.7034
      vertex -12.5563 2.21401 22
      vertex -12.562 2.17075 14.52
    endloop
  endfacet
  facet normal -0.991416 0.130749 -8.80161e-06
    outer loop
      vertex -12.6011 1.87383 14.8738
      vertex -12.5563 2.21401 22
      vertex -12.5805 2.03002 14.7034
    endloop
  endfacet
  facet normal -0.991444 0.130532 1.73388e-06
    outer loop
      vertex -12.7015 1.11124 15.6405
      vertex -12.5563 2.21401 22
      vertex -12.6011 1.87383 14.8738
    endloop
  endfacet
  facet normal -0.991443 0.130542 0
    outer loop
      vertex -12.5563 2.21401 22
      vertex -12.7015 1.11124 15.6405
      vertex -12.7015 1.11124 22
    endloop
  endfacet
  facet normal -0.991431 0.130632 0
    outer loop
      vertex -12.5563 2.21401 6.8
      vertex -12.562 2.17075 11.48
      vertex -12.5563 2.21401 11.5479
    endloop
  endfacet
  facet normal -0.991469 0.13034 -2.7533e-06
    outer loop
      vertex -12.5563 2.21401 6.8
      vertex -12.5805 2.03002 11.2966
      vertex -12.562 2.17075 11.48
    endloop
  endfacet
  facet normal -0.991416 0.130743 1.40481e-05
    outer loop
      vertex -12.5563 2.21401 6.8
      vertex -12.6011 1.87383 11.1262
      vertex -12.5805 2.03002 11.2966
    endloop
  endfacet
  facet normal -0.991472 0.130322 -1.96665e-05
    outer loop
      vertex -12.5563 2.21401 6.8
      vertex -12.6235 1.70339 10.97
      vertex -12.6011 1.87383 11.1262
    endloop
  endfacet
  facet normal -0.991411 0.130783 3.7741e-05
    outer loop
      vertex -12.5563 2.21401 6.8
      vertex -12.6477 1.51998 10.8292
      vertex -12.6235 1.70339 10.97
    endloop
  endfacet
  facet normal -0.991486 0.130217 -6.14171e-05
    outer loop
      vertex -12.5563 2.21401 6.8
      vertex -12.6733 1.325 10.705
      vertex -12.6477 1.51998 10.8292
    endloop
  endfacet
  facet normal -0.991444 0.130536 1.24537e-05
    outer loop
      vertex -12.5563 2.21401 6.8
      vertex -12.7003 1.11994 10.5983
      vertex -12.6733 1.325 10.705
    endloop
  endfacet
  facet normal -0.991443 0.130542 0
    outer loop
      vertex -12.7015 1.11124 10.5947
      vertex -12.5563 2.21401 6.8
      vertex -12.7015 1.11124 6.8
    endloop
  endfacet
  facet normal -0.99071 0.135984 0.00160951
    outer loop
      vertex -12.5563 2.21401 6.8
      vertex -12.7015 1.11124 10.5947
      vertex -12.7003 1.11994 10.5983
    endloop
  endfacet
  facet normal -0.991443 0.130542 0
    outer loop
      vertex -12.7015 1.11124 2.8
      vertex -12.5563 2.21401 4
      vertex -12.5563 2.21401 2.8
    endloop
  endfacet
  facet normal -0.991443 0.130542 0
    outer loop
      vertex -12.5563 2.21401 4
      vertex -12.7015 1.11124 2.8
      vertex -12.7015 1.11124 4
    endloop
  endfacet
  facet normal -0.991443 0.130542 0
    outer loop
      vertex -12.7015 1.11124 4.8
      vertex -12.5563 2.21401 6
      vertex -12.5563 2.21401 4.8
    endloop
  endfacet
  facet normal -0.991443 0.130542 0
    outer loop
      vertex -12.5563 2.21401 6
      vertex -12.7015 1.11124 4.8
      vertex -12.7015 1.11124 6
    endloop
  endfacet
  facet normal 0.216401 0.976305 -0
    outer loop
      vertex 3.29994 12.3156 0
      vertex 2.21401 12.5563 2
      vertex 3.29994 12.3156 2
    endloop
  endfacet
  facet normal 0.216401 0.976305 0
    outer loop
      vertex 2.21401 12.5563 2
      vertex 3.29994 12.3156 0
      vertex 2.21401 12.5563 0
    endloop
  endfacet
  facet normal 0.216401 0.976305 -0
    outer loop
      vertex 3.29994 12.3156 6.8
      vertex 2.21401 12.5563 22
      vertex 3.29994 12.3156 22
    endloop
  endfacet
  facet normal 0.216401 0.976305 0
    outer loop
      vertex 2.21401 12.5563 22
      vertex 3.29994 12.3156 6.8
      vertex 2.21401 12.5563 6.8
    endloop
  endfacet
  facet normal 0.216401 0.976305 -0
    outer loop
      vertex 3.29994 12.3156 2.8
      vertex 2.21401 12.5563 4
      vertex 3.29994 12.3156 4
    endloop
  endfacet
  facet normal 0.216401 0.976305 0
    outer loop
      vertex 2.21401 12.5563 4
      vertex 3.29994 12.3156 2.8
      vertex 2.21401 12.5563 2.8
    endloop
  endfacet
  facet normal 0.216401 0.976305 -0
    outer loop
      vertex 3.29994 12.3156 4.8
      vertex 2.21401 12.5563 6
      vertex 3.29994 12.3156 6
    endloop
  endfacet
  facet normal 0.216401 0.976305 0
    outer loop
      vertex 2.21401 12.5563 6
      vertex 3.29994 12.3156 4.8
      vertex 2.21401 12.5563 4.8
    endloop
  endfacet
  facet normal -0.130542 0.991443 0
    outer loop
      vertex -1.11124 12.7015 6.8
      vertex -2.21401 12.5563 22
      vertex -1.11124 12.7015 22
    endloop
  endfacet
  facet normal -0.130542 0.991443 0
    outer loop
      vertex -2.21401 12.5563 22
      vertex -1.11124 12.7015 6.8
      vertex -2.21401 12.5563 6.8
    endloop
  endfacet
  facet normal -0.130542 0.991443 0
    outer loop
      vertex -1.11124 12.7015 0
      vertex -2.21401 12.5563 2
      vertex -1.11124 12.7015 2
    endloop
  endfacet
  facet normal -0.130542 0.991443 0
    outer loop
      vertex -2.21401 12.5563 2
      vertex -1.11124 12.7015 0
      vertex -2.21401 12.5563 0
    endloop
  endfacet
  facet normal -0.130542 0.991443 0
    outer loop
      vertex -1.11124 12.7015 2.8
      vertex -2.21401 12.5563 4
      vertex -1.11124 12.7015 4
    endloop
  endfacet
  facet normal -0.130542 0.991443 0
    outer loop
      vertex -2.21401 12.5563 4
      vertex -1.11124 12.7015 2.8
      vertex -2.21401 12.5563 2.8
    endloop
  endfacet
  facet normal -0.130542 0.991443 0
    outer loop
      vertex -1.11124 12.7015 4.8
      vertex -2.21401 12.5563 6
      vertex -1.11124 12.7015 6
    endloop
  endfacet
  facet normal -0.130542 0.991443 0
    outer loop
      vertex -2.21401 12.5563 6
      vertex -1.11124 12.7015 4.8
      vertex -2.21401 12.5563 4.8
    endloop
  endfacet
  facet normal -0.382719 -0.923865 0
    outer loop
      vertex -5.38838 -11.5554 6.8
      vertex -4.36076 -11.9811 22
      vertex -5.38838 -11.5554 22
    endloop
  endfacet
  facet normal -0.382719 -0.923865 -0
    outer loop
      vertex -4.36076 -11.9811 22
      vertex -5.38838 -11.5554 6.8
      vertex -4.36076 -11.9811 6.8
    endloop
  endfacet
  facet normal -0.382719 -0.923865 0
    outer loop
      vertex -5.38838 -11.5554 0
      vertex -4.36076 -11.9811 2
      vertex -5.38838 -11.5554 2
    endloop
  endfacet
  facet normal -0.382719 -0.923865 -0
    outer loop
      vertex -4.36076 -11.9811 2
      vertex -5.38838 -11.5554 0
      vertex -4.36076 -11.9811 0
    endloop
  endfacet
  facet normal -0.382719 -0.923865 0
    outer loop
      vertex -5.38838 -11.5554 2.8
      vertex -4.36076 -11.9811 4
      vertex -5.38838 -11.5554 4
    endloop
  endfacet
  facet normal -0.382719 -0.923865 -0
    outer loop
      vertex -4.36076 -11.9811 4
      vertex -5.38838 -11.5554 2.8
      vertex -4.36076 -11.9811 2.8
    endloop
  endfacet
  facet normal -0.382719 -0.923865 0
    outer loop
      vertex -5.38838 -11.5554 4.8
      vertex -4.36076 -11.9811 6
      vertex -5.38838 -11.5554 6
    endloop
  endfacet
  facet normal -0.382719 -0.923865 -0
    outer loop
      vertex -4.36076 -11.9811 6
      vertex -5.38838 -11.5554 4.8
      vertex -4.36076 -11.9811 4.8
    endloop
  endfacet
  facet normal 0.130542 -0.991443 0
    outer loop
      vertex 1.11124 -12.7015 6.8
      vertex 2.21401 -12.5563 22
      vertex 1.11124 -12.7015 22
    endloop
  endfacet
  facet normal 0.130542 -0.991443 0
    outer loop
      vertex 2.21401 -12.5563 22
      vertex 1.11124 -12.7015 6.8
      vertex 2.21401 -12.5563 6.8
    endloop
  endfacet
  facet normal 0.130542 -0.991443 0
    outer loop
      vertex 1.11124 -12.7015 0
      vertex 2.21401 -12.5563 2
      vertex 1.11124 -12.7015 2
    endloop
  endfacet
  facet normal 0.130542 -0.991443 0
    outer loop
      vertex 2.21401 -12.5563 2
      vertex 1.11124 -12.7015 0
      vertex 2.21401 -12.5563 0
    endloop
  endfacet
  facet normal 0.130542 -0.991443 0
    outer loop
      vertex 1.11124 -12.7015 2.8
      vertex 2.21401 -12.5563 4
      vertex 1.11124 -12.7015 4
    endloop
  endfacet
  facet normal 0.130542 -0.991443 0
    outer loop
      vertex 2.21401 -12.5563 4
      vertex 1.11124 -12.7015 2.8
      vertex 2.21401 -12.5563 2.8
    endloop
  endfacet
  facet normal 0.130542 -0.991443 0
    outer loop
      vertex 1.11124 -12.7015 4.8
      vertex 2.21401 -12.5563 6
      vertex 1.11124 -12.7015 6
    endloop
  endfacet
  facet normal 0.130542 -0.991443 0
    outer loop
      vertex 2.21401 -12.5563 6
      vertex 1.11124 -12.7015 4.8
      vertex 2.21401 -12.5563 4.8
    endloop
  endfacet
  facet normal -0.843406 0.537277 0
    outer loop
      vertex -11.0418 6.375 6.8
      vertex -10.4442 7.3131 22
      vertex -10.4442 7.3131 6.8
    endloop
  endfacet
  facet normal -0.843406 0.537277 0
    outer loop
      vertex -10.4442 7.3131 22
      vertex -11.0418 6.375 6.8
      vertex -11.0418 6.375 22
    endloop
  endfacet
  facet normal -0.843406 0.537277 0
    outer loop
      vertex -11.0418 6.375 0
      vertex -10.4442 7.3131 2
      vertex -10.4442 7.3131 0
    endloop
  endfacet
  facet normal -0.843406 0.537277 0
    outer loop
      vertex -10.4442 7.3131 2
      vertex -11.0418 6.375 0
      vertex -11.0418 6.375 2
    endloop
  endfacet
  facet normal -0.843406 0.537277 0
    outer loop
      vertex -11.0418 6.375 2.8
      vertex -10.4442 7.3131 4
      vertex -10.4442 7.3131 2.8
    endloop
  endfacet
  facet normal -0.843406 0.537277 0
    outer loop
      vertex -10.4442 7.3131 4
      vertex -11.0418 6.375 2.8
      vertex -11.0418 6.375 4
    endloop
  endfacet
  facet normal -0.843406 0.537277 0
    outer loop
      vertex -11.0418 6.375 4.8
      vertex -10.4442 7.3131 6
      vertex -10.4442 7.3131 4.8
    endloop
  endfacet
  facet normal -0.843406 0.537277 0
    outer loop
      vertex -10.4442 7.3131 6
      vertex -11.0418 6.375 4.8
      vertex -11.0418 6.375 6
    endloop
  endfacet
  facet normal 0.608767 -0.793349 0
    outer loop
      vertex 7.3131 -10.4442 6.8
      vertex 8.19554 -9.76707 22
      vertex 7.3131 -10.4442 22
    endloop
  endfacet
  facet normal 0.608767 -0.793349 0
    outer loop
      vertex 8.19554 -9.76707 22
      vertex 7.3131 -10.4442 6.8
      vertex 8.19554 -9.76707 6.8
    endloop
  endfacet
  facet normal 0.608767 -0.793349 0
    outer loop
      vertex 7.3131 -10.4442 0
      vertex 8.19554 -9.76707 2
      vertex 7.3131 -10.4442 2
    endloop
  endfacet
  facet normal 0.608767 -0.793349 0
    outer loop
      vertex 8.19554 -9.76707 2
      vertex 7.3131 -10.4442 0
      vertex 8.19554 -9.76707 0
    endloop
  endfacet
  facet normal 0.608767 -0.793349 0
    outer loop
      vertex 7.3131 -10.4442 2.8
      vertex 8.19554 -9.76707 4
      vertex 7.3131 -10.4442 4
    endloop
  endfacet
  facet normal 0.608767 -0.793349 0
    outer loop
      vertex 8.19554 -9.76707 4
      vertex 7.3131 -10.4442 2.8
      vertex 8.19554 -9.76707 2.8
    endloop
  endfacet
  facet normal 0.608767 -0.793349 0
    outer loop
      vertex 7.3131 -10.4442 4.8
      vertex 8.19554 -9.76707 6
      vertex 7.3131 -10.4442 6
    endloop
  endfacet
  facet normal 0.608767 -0.793349 0
    outer loop
      vertex 8.19554 -9.76707 6
      vertex 7.3131 -10.4442 4.8
      vertex 8.19554 -9.76707 4.8
    endloop
  endfacet
  facet normal 0.461747 -0.887012 0
    outer loop
      vertex 5.38838 -11.5554 6.8
      vertex 6.375 -11.0418 22
      vertex 5.38838 -11.5554 22
    endloop
  endfacet
  facet normal 0.461747 -0.887012 0
    outer loop
      vertex 6.375 -11.0418 22
      vertex 5.38838 -11.5554 6.8
      vertex 6.375 -11.0418 6.8
    endloop
  endfacet
  facet normal 0.461747 -0.887012 0
    outer loop
      vertex 5.38838 -11.5554 0
      vertex 6.375 -11.0418 2
      vertex 5.38838 -11.5554 2
    endloop
  endfacet
  facet normal 0.461747 -0.887012 0
    outer loop
      vertex 6.375 -11.0418 2
      vertex 5.38838 -11.5554 0
      vertex 6.375 -11.0418 0
    endloop
  endfacet
  facet normal 0.461747 -0.887012 0
    outer loop
      vertex 5.38838 -11.5554 2.8
      vertex 6.375 -11.0418 4
      vertex 5.38838 -11.5554 4
    endloop
  endfacet
  facet normal 0.461747 -0.887012 0
    outer loop
      vertex 6.375 -11.0418 4
      vertex 5.38838 -11.5554 2.8
      vertex 6.375 -11.0418 2.8
    endloop
  endfacet
  facet normal 0.461747 -0.887012 0
    outer loop
      vertex 5.38838 -11.5554 4.8
      vertex 6.375 -11.0418 6
      vertex 5.38838 -11.5554 6
    endloop
  endfacet
  facet normal 0.461747 -0.887012 0
    outer loop
      vertex 6.375 -11.0418 6
      vertex 5.38838 -11.5554 4.8
      vertex 6.375 -11.0418 4.8
    endloop
  endfacet
  facet normal 0.793349 -0.608767 0
    outer loop
      vertex 9.76707 -8.19554 22
      vertex 10.4442 -7.3131 6.8
      vertex 10.4442 -7.3131 22
    endloop
  endfacet
  facet normal 0.793349 -0.608767 0
    outer loop
      vertex 10.4442 -7.3131 6.8
      vertex 9.76707 -8.19554 22
      vertex 9.76707 -8.19554 6.8
    endloop
  endfacet
  facet normal 0.793349 -0.608767 0
    outer loop
      vertex 9.76707 -8.19554 2
      vertex 10.4442 -7.3131 0
      vertex 10.4442 -7.3131 2
    endloop
  endfacet
  facet normal 0.793349 -0.608767 0
    outer loop
      vertex 10.4442 -7.3131 0
      vertex 9.76707 -8.19554 2
      vertex 9.76707 -8.19554 0
    endloop
  endfacet
  facet normal 0.793349 -0.608767 0
    outer loop
      vertex 9.76707 -8.19554 4
      vertex 10.4442 -7.3131 2.8
      vertex 10.4442 -7.3131 4
    endloop
  endfacet
  facet normal 0.793349 -0.608767 0
    outer loop
      vertex 10.4442 -7.3131 2.8
      vertex 9.76707 -8.19554 4
      vertex 9.76707 -8.19554 2.8
    endloop
  endfacet
  facet normal 0.793349 -0.608767 0
    outer loop
      vertex 9.76707 -8.19554 6
      vertex 10.4442 -7.3131 4.8
      vertex 10.4442 -7.3131 6
    endloop
  endfacet
  facet normal 0.793349 -0.608767 0
    outer loop
      vertex 10.4442 -7.3131 4.8
      vertex 9.76707 -8.19554 6
      vertex 9.76707 -8.19554 4.8
    endloop
  endfacet
  facet normal -0.953711 -0.300726 0
    outer loop
      vertex -11.9811 -4.36076 6.8
      vertex -12.3156 -3.29994 22
      vertex -12.3156 -3.29994 6.8
    endloop
  endfacet
  facet normal -0.953711 -0.300726 0
    outer loop
      vertex -12.3156 -3.29994 22
      vertex -11.9811 -4.36076 6.8
      vertex -11.9811 -4.36076 22
    endloop
  endfacet
  facet normal -0.953711 -0.300726 0
    outer loop
      vertex -11.9811 -4.36076 0
      vertex -12.3156 -3.29994 2
      vertex -12.3156 -3.29994 0
    endloop
  endfacet
  facet normal -0.953711 -0.300726 0
    outer loop
      vertex -12.3156 -3.29994 2
      vertex -11.9811 -4.36076 0
      vertex -11.9811 -4.36076 2
    endloop
  endfacet
  facet normal -0.953711 -0.300726 0
    outer loop
      vertex -11.9811 -4.36076 2.8
      vertex -12.3156 -3.29994 4
      vertex -12.3156 -3.29994 2.8
    endloop
  endfacet
  facet normal -0.953711 -0.300726 0
    outer loop
      vertex -12.3156 -3.29994 4
      vertex -11.9811 -4.36076 2.8
      vertex -11.9811 -4.36076 4
    endloop
  endfacet
  facet normal -0.953711 -0.300726 0
    outer loop
      vertex -11.9811 -4.36076 4.8
      vertex -12.3156 -3.29994 6
      vertex -12.3156 -3.29994 4.8
    endloop
  endfacet
  facet normal -0.953711 -0.300726 0
    outer loop
      vertex -12.3156 -3.29994 6
      vertex -11.9811 -4.36076 4.8
      vertex -11.9811 -4.36076 6
    endloop
  endfacet
  facet normal 0.953711 -0.300726 0
    outer loop
      vertex 11.9811 -4.36076 2
      vertex 12.3156 -3.29994 0
      vertex 12.3156 -3.29994 2
    endloop
  endfacet
  facet normal 0.953711 -0.300726 0
    outer loop
      vertex 12.3156 -3.29994 0
      vertex 11.9811 -4.36076 2
      vertex 11.9811 -4.36076 0
    endloop
  endfacet
  facet normal 0.953711 -0.300726 0
    outer loop
      vertex 11.9811 -4.36076 22
      vertex 12.3156 -3.29994 6.8
      vertex 12.3156 -3.29994 22
    endloop
  endfacet
  facet normal 0.953711 -0.300726 0
    outer loop
      vertex 12.3156 -3.29994 6.8
      vertex 11.9811 -4.36076 22
      vertex 11.9811 -4.36076 6.8
    endloop
  endfacet
  facet normal 0.953711 -0.300726 0
    outer loop
      vertex 11.9811 -4.36076 4
      vertex 12.3156 -3.29994 2.8
      vertex 12.3156 -3.29994 4
    endloop
  endfacet
  facet normal 0.953711 -0.300726 0
    outer loop
      vertex 12.3156 -3.29994 2.8
      vertex 11.9811 -4.36076 4
      vertex 11.9811 -4.36076 2.8
    endloop
  endfacet
  facet normal 0.953711 -0.300726 0
    outer loop
      vertex 11.9811 -4.36076 6
      vertex 12.3156 -3.29994 4.8
      vertex 12.3156 -3.29994 6
    endloop
  endfacet
  facet normal 0.953711 -0.300726 0
    outer loop
      vertex 12.3156 -3.29994 4.8
      vertex 11.9811 -4.36076 6
      vertex 11.9811 -4.36076 4.8
    endloop
  endfacet
  facet normal -0.608767 -0.793349 0
    outer loop
      vertex -8.19554 -9.76707 6.8
      vertex -7.3131 -10.4442 22
      vertex -8.19554 -9.76707 22
    endloop
  endfacet
  facet normal -0.608767 -0.793349 -0
    outer loop
      vertex -7.3131 -10.4442 22
      vertex -8.19554 -9.76707 6.8
      vertex -7.3131 -10.4442 6.8
    endloop
  endfacet
  facet normal -0.608767 -0.793349 0
    outer loop
      vertex -8.19554 -9.76707 0
      vertex -7.3131 -10.4442 2
      vertex -8.19554 -9.76707 2
    endloop
  endfacet
  facet normal -0.608767 -0.793349 -0
    outer loop
      vertex -7.3131 -10.4442 2
      vertex -8.19554 -9.76707 0
      vertex -7.3131 -10.4442 0
    endloop
  endfacet
  facet normal -0.608767 -0.793349 0
    outer loop
      vertex -8.19554 -9.76707 2.8
      vertex -7.3131 -10.4442 4
      vertex -8.19554 -9.76707 4
    endloop
  endfacet
  facet normal -0.608767 -0.793349 -0
    outer loop
      vertex -7.3131 -10.4442 4
      vertex -8.19554 -9.76707 2.8
      vertex -7.3131 -10.4442 2.8
    endloop
  endfacet
  facet normal -0.608767 -0.793349 0
    outer loop
      vertex -8.19554 -9.76707 4.8
      vertex -7.3131 -10.4442 6
      vertex -8.19554 -9.76707 6
    endloop
  endfacet
  facet normal -0.608767 -0.793349 -0
    outer loop
      vertex -7.3131 -10.4442 6
      vertex -8.19554 -9.76707 4.8
      vertex -7.3131 -10.4442 4.8
    endloop
  endfacet
  facet normal 0.991443 -0.130542 0
    outer loop
      vertex 12.5563 -2.21401 22
      vertex 12.7015 -1.11124 15.6405
      vertex 12.7015 -1.11124 22
    endloop
  endfacet
  facet normal 0.991444 -0.130532 1.73388e-06
    outer loop
      vertex 12.7015 -1.11124 15.6405
      vertex 12.5563 -2.21401 22
      vertex 12.6011 -1.87383 14.8738
    endloop
  endfacet
  facet normal 0.991416 -0.130749 -8.80161e-06
    outer loop
      vertex 12.6011 -1.87383 14.8738
      vertex 12.5563 -2.21401 22
      vertex 12.5805 -2.03002 14.7034
    endloop
  endfacet
  facet normal 0.99147 -0.130338 1.73036e-06
    outer loop
      vertex 12.5805 -2.03002 14.7034
      vertex 12.5563 -2.21401 22
      vertex 12.562 -2.17075 14.52
    endloop
  endfacet
  facet normal 0.991431 -0.130632 0
    outer loop
      vertex 12.562 -2.17075 14.52
      vertex 12.5563 -2.21401 22
      vertex 12.5563 -2.21401 14.4521
    endloop
  endfacet
  facet normal 0.991443 -0.130542 0
    outer loop
      vertex 12.5563 -2.21401 2
      vertex 12.7015 -1.11124 0
      vertex 12.7015 -1.11124 2
    endloop
  endfacet
  facet normal 0.991443 -0.130542 0
    outer loop
      vertex 12.7015 -1.11124 0
      vertex 12.5563 -2.21401 2
      vertex 12.5563 -2.21401 0
    endloop
  endfacet
  facet normal 0.99071 -0.135984 0.00160951
    outer loop
      vertex 12.5563 -2.21401 6.8
      vertex 12.7015 -1.11124 10.5947
      vertex 12.7003 -1.11994 10.5983
    endloop
  endfacet
  facet normal 0.991444 -0.130536 1.24537e-05
    outer loop
      vertex 12.5563 -2.21401 6.8
      vertex 12.7003 -1.11994 10.5983
      vertex 12.6733 -1.325 10.705
    endloop
  endfacet
  facet normal 0.991486 -0.130217 -6.14171e-05
    outer loop
      vertex 12.5563 -2.21401 6.8
      vertex 12.6733 -1.325 10.705
      vertex 12.6477 -1.51998 10.8292
    endloop
  endfacet
  facet normal 0.991411 -0.130783 3.7741e-05
    outer loop
      vertex 12.5563 -2.21401 6.8
      vertex 12.6477 -1.51998 10.8292
      vertex 12.6235 -1.70339 10.97
    endloop
  endfacet
  facet normal 0.991472 -0.130322 -1.96665e-05
    outer loop
      vertex 12.5563 -2.21401 6.8
      vertex 12.6235 -1.70339 10.97
      vertex 12.6011 -1.87383 11.1262
    endloop
  endfacet
  facet normal 0.991416 -0.130743 1.40481e-05
    outer loop
      vertex 12.5563 -2.21401 6.8
      vertex 12.6011 -1.87383 11.1262
      vertex 12.5805 -2.03002 11.2966
    endloop
  endfacet
  facet normal 0.991469 -0.13034 -2.7533e-06
    outer loop
      vertex 12.5563 -2.21401 6.8
      vertex 12.5805 -2.03002 11.2966
      vertex 12.562 -2.17075 11.48
    endloop
  endfacet
  facet normal 0.991431 -0.130632 0
    outer loop
      vertex 12.5563 -2.21401 6.8
      vertex 12.562 -2.17075 11.48
      vertex 12.5563 -2.21401 11.5479
    endloop
  endfacet
  facet normal 0.991443 -0.130542 0
    outer loop
      vertex 12.7015 -1.11124 10.5947
      vertex 12.5563 -2.21401 6.8
      vertex 12.7015 -1.11124 6.8
    endloop
  endfacet
  facet normal 0.991443 -0.130542 0
    outer loop
      vertex 12.5563 -2.21401 4
      vertex 12.7015 -1.11124 2.8
      vertex 12.7015 -1.11124 4
    endloop
  endfacet
  facet normal 0.991443 -0.130542 0
    outer loop
      vertex 12.7015 -1.11124 2.8
      vertex 12.5563 -2.21401 4
      vertex 12.5563 -2.21401 2.8
    endloop
  endfacet
  facet normal 0.991443 -0.130542 0
    outer loop
      vertex 12.5563 -2.21401 6
      vertex 12.7015 -1.11124 4.8
      vertex 12.7015 -1.11124 6
    endloop
  endfacet
  facet normal 0.991443 -0.130542 0
    outer loop
      vertex 12.7015 -1.11124 4.8
      vertex 12.5563 -2.21401 6
      vertex 12.5563 -2.21401 4.8
    endloop
  endfacet
  facet normal 0.130542 0.991443 -0
    outer loop
      vertex 2.21401 12.5563 0
      vertex 1.11124 12.7015 2
      vertex 2.21401 12.5563 2
    endloop
  endfacet
  facet normal 0.130542 0.991443 0
    outer loop
      vertex 1.11124 12.7015 2
      vertex 2.21401 12.5563 0
      vertex 1.11124 12.7015 0
    endloop
  endfacet
  facet normal 0.130542 0.991443 -0
    outer loop
      vertex 2.21401 12.5563 6.8
      vertex 1.11124 12.7015 22
      vertex 2.21401 12.5563 22
    endloop
  endfacet
  facet normal 0.130542 0.991443 0
    outer loop
      vertex 1.11124 12.7015 22
      vertex 2.21401 12.5563 6.8
      vertex 1.11124 12.7015 6.8
    endloop
  endfacet
  facet normal 0.130542 0.991443 -0
    outer loop
      vertex 2.21401 12.5563 2.8
      vertex 1.11124 12.7015 4
      vertex 2.21401 12.5563 4
    endloop
  endfacet
  facet normal 0.130542 0.991443 0
    outer loop
      vertex 1.11124 12.7015 4
      vertex 2.21401 12.5563 2.8
      vertex 1.11124 12.7015 2.8
    endloop
  endfacet
  facet normal 0.130542 0.991443 -0
    outer loop
      vertex 2.21401 12.5563 4.8
      vertex 1.11124 12.7015 6
      vertex 2.21401 12.5563 6
    endloop
  endfacet
  facet normal 0.130542 0.991443 0
    outer loop
      vertex 1.11124 12.7015 6
      vertex 2.21401 12.5563 4.8
      vertex 1.11124 12.7015 4.8
    endloop
  endfacet
  facet normal 0.461747 0.887012 -0
    outer loop
      vertex 6.375 11.0418 0
      vertex 5.38838 11.5554 2
      vertex 6.375 11.0418 2
    endloop
  endfacet
  facet normal 0.461747 0.887012 0
    outer loop
      vertex 5.38838 11.5554 2
      vertex 6.375 11.0418 0
      vertex 5.38838 11.5554 0
    endloop
  endfacet
  facet normal 0.461747 0.887012 -0
    outer loop
      vertex 6.375 11.0418 6.8
      vertex 5.38838 11.5554 22
      vertex 6.375 11.0418 22
    endloop
  endfacet
  facet normal 0.461747 0.887012 0
    outer loop
      vertex 5.38838 11.5554 22
      vertex 6.375 11.0418 6.8
      vertex 5.38838 11.5554 6.8
    endloop
  endfacet
  facet normal 0.461747 0.887012 -0
    outer loop
      vertex 6.375 11.0418 2.8
      vertex 5.38838 11.5554 4
      vertex 6.375 11.0418 4
    endloop
  endfacet
  facet normal 0.461747 0.887012 0
    outer loop
      vertex 5.38838 11.5554 4
      vertex 6.375 11.0418 2.8
      vertex 5.38838 11.5554 2.8
    endloop
  endfacet
  facet normal 0.461747 0.887012 -0
    outer loop
      vertex 6.375 11.0418 4.8
      vertex 5.38838 11.5554 6
      vertex 6.375 11.0418 6
    endloop
  endfacet
  facet normal 0.461747 0.887012 0
    outer loop
      vertex 5.38838 11.5554 6
      vertex 6.375 11.0418 4.8
      vertex 5.38838 11.5554 4.8
    endloop
  endfacet
  facet normal -0.953711 0.300726 0
    outer loop
      vertex -12.3156 3.29994 0
      vertex -11.9811 4.36076 2
      vertex -11.9811 4.36076 0
    endloop
  endfacet
  facet normal -0.953711 0.300726 0
    outer loop
      vertex -11.9811 4.36076 2
      vertex -12.3156 3.29994 0
      vertex -12.3156 3.29994 2
    endloop
  endfacet
  facet normal -0.953711 0.300726 0
    outer loop
      vertex -12.3156 3.29994 6.8
      vertex -11.9811 4.36076 22
      vertex -11.9811 4.36076 6.8
    endloop
  endfacet
  facet normal -0.953711 0.300726 0
    outer loop
      vertex -11.9811 4.36076 22
      vertex -12.3156 3.29994 6.8
      vertex -12.3156 3.29994 22
    endloop
  endfacet
  facet normal -0.953711 0.300726 0
    outer loop
      vertex -12.3156 3.29994 2.8
      vertex -11.9811 4.36076 4
      vertex -11.9811 4.36076 2.8
    endloop
  endfacet
  facet normal -0.953711 0.300726 0
    outer loop
      vertex -11.9811 4.36076 4
      vertex -12.3156 3.29994 2.8
      vertex -12.3156 3.29994 4
    endloop
  endfacet
  facet normal -0.953711 0.300726 0
    outer loop
      vertex -12.3156 3.29994 4.8
      vertex -11.9811 4.36076 6
      vertex -11.9811 4.36076 4.8
    endloop
  endfacet
  facet normal -0.953711 0.300726 0
    outer loop
      vertex -11.9811 4.36076 6
      vertex -12.3156 3.29994 4.8
      vertex -12.3156 3.29994 6
    endloop
  endfacet
  facet normal -0.976305 -0.216401 0
    outer loop
      vertex -12.3156 -3.29994 6.8
      vertex -12.5563 -2.21401 11.5479
      vertex -12.5563 -2.21401 6.8
    endloop
  endfacet
  facet normal -0.976389 -0.21602 -9.1441e-05
    outer loop
      vertex -12.5563 -2.21401 11.5479
      vertex -12.3156 -3.29994 6.8
      vertex -12.5384 -2.29497 11.675
    endloop
  endfacet
  facet normal -0.976249 -0.216653 4.55374e-05
    outer loop
      vertex -12.5384 -2.29497 11.675
      vertex -12.3156 -3.29994 6.8
      vertex -12.5147 -2.40172 11.8801
    endloop
  endfacet
  facet normal -0.976316 -0.216348 -1.10764e-05
    outer loop
      vertex -12.5147 -2.40172 11.8801
      vertex -12.3156 -3.29994 6.8
      vertex -12.4951 -2.49018 12.0936
    endloop
  endfacet
  facet normal -0.976322 -0.216322 -1.52478e-05
    outer loop
      vertex -12.4951 -2.49018 12.0936
      vertex -12.3156 -3.29994 6.8
      vertex -12.4797 -2.5597 12.3141
    endloop
  endfacet
  facet normal -0.97628 -0.21651 1.12394e-05
    outer loop
      vertex -12.4797 -2.5597 12.3141
      vertex -12.3156 -3.29994 6.8
      vertex -12.4686 -2.60974 12.5398
    endloop
  endfacet
  facet normal -0.975922 -0.218122 0.000198928
    outer loop
      vertex -12.4619 -2.63992 12.769
      vertex -12.3156 -3.29994 6.8
      vertex -12.4596 -2.65 13
    endloop
  endfacet
  facet normal -0.976265 -0.21658 2.00307e-05
    outer loop
      vertex -12.4686 -2.60974 12.5398
      vertex -12.3156 -3.29994 6.8
      vertex -12.4619 -2.63992 12.769
    endloop
  endfacet
  facet normal -0.976398 -0.215979 6.37703e-05
    outer loop
      vertex -12.3156 -3.29994 22
      vertex -12.5563 -2.21401 14.4521
      vertex -12.5384 -2.29497 14.325
    endloop
  endfacet
  facet normal -0.976243 -0.216678 -3.22636e-05
    outer loop
      vertex -12.3156 -3.29994 22
      vertex -12.5384 -2.29497 14.325
      vertex -12.5147 -2.40172 14.1199
    endloop
  endfacet
  facet normal -0.976318 -0.216341 7.98986e-06
    outer loop
      vertex -12.3156 -3.29994 22
      vertex -12.5147 -2.40172 14.1199
      vertex -12.4951 -2.49018 13.9064
    endloop
  endfacet
  facet normal -0.976325 -0.21631 1.12435e-05
    outer loop
      vertex -12.3156 -3.29994 22
      vertex -12.4951 -2.49018 13.9064
      vertex -12.4797 -2.5597 13.6859
    endloop
  endfacet
  facet normal -0.976278 -0.216522 -8.53873e-06
    outer loop
      vertex -12.3156 -3.29994 22
      vertex -12.4797 -2.5597 13.6859
      vertex -12.4686 -2.60974 13.4602
    endloop
  endfacet
  facet normal -0.976258 -0.216609 -1.59609e-05
    outer loop
      vertex -12.3156 -3.29994 22
      vertex -12.4686 -2.60974 13.4602
      vertex -12.4619 -2.63992 13.231
    endloop
  endfacet
  facet normal -0.976324 -0.216313 -0
    outer loop
      vertex -12.3156 -3.29994 22
      vertex -12.4596 -2.65 13
      vertex -12.3156 -3.29994 6.8
    endloop
  endfacet
  facet normal -0.975808 -0.21863 -0.000175596
    outer loop
      vertex -12.4596 -2.65 13
      vertex -12.3156 -3.29994 22
      vertex -12.4619 -2.63992 13.231
    endloop
  endfacet
  facet normal -0.976305 -0.216401 0
    outer loop
      vertex -12.5563 -2.21401 14.4521
      vertex -12.3156 -3.29994 22
      vertex -12.5563 -2.21401 22
    endloop
  endfacet
  facet normal -0.976305 -0.216401 0
    outer loop
      vertex -12.3156 -3.29994 0
      vertex -12.5563 -2.21401 2
      vertex -12.5563 -2.21401 0
    endloop
  endfacet
  facet normal -0.976305 -0.216401 0
    outer loop
      vertex -12.5563 -2.21401 2
      vertex -12.3156 -3.29994 0
      vertex -12.3156 -3.29994 2
    endloop
  endfacet
  facet normal -0.976305 -0.216401 0
    outer loop
      vertex -12.3156 -3.29994 2.8
      vertex -12.5563 -2.21401 4
      vertex -12.5563 -2.21401 2.8
    endloop
  endfacet
  facet normal -0.976305 -0.216401 0
    outer loop
      vertex -12.5563 -2.21401 4
      vertex -12.3156 -3.29994 2.8
      vertex -12.3156 -3.29994 4
    endloop
  endfacet
  facet normal -0.976305 -0.216401 0
    outer loop
      vertex -12.3156 -3.29994 4.8
      vertex -12.5563 -2.21401 6
      vertex -12.5563 -2.21401 4.8
    endloop
  endfacet
  facet normal -0.976305 -0.216401 0
    outer loop
      vertex -12.5563 -2.21401 6
      vertex -12.3156 -3.29994 4.8
      vertex -12.3156 -3.29994 6
    endloop
  endfacet
  facet normal -0.300726 0.953711 0
    outer loop
      vertex -3.29994 12.3156 6.8
      vertex -4.36076 11.9811 22
      vertex -3.29994 12.3156 22
    endloop
  endfacet
  facet normal -0.300726 0.953711 0
    outer loop
      vertex -4.36076 11.9811 22
      vertex -3.29994 12.3156 6.8
      vertex -4.36076 11.9811 6.8
    endloop
  endfacet
  facet normal -0.300726 0.953711 0
    outer loop
      vertex -3.29994 12.3156 0
      vertex -4.36076 11.9811 2
      vertex -3.29994 12.3156 2
    endloop
  endfacet
  facet normal -0.300726 0.953711 0
    outer loop
      vertex -4.36076 11.9811 2
      vertex -3.29994 12.3156 0
      vertex -4.36076 11.9811 0
    endloop
  endfacet
  facet normal -0.300726 0.953711 0
    outer loop
      vertex -3.29994 12.3156 2.8
      vertex -4.36076 11.9811 4
      vertex -3.29994 12.3156 4
    endloop
  endfacet
  facet normal -0.300726 0.953711 0
    outer loop
      vertex -4.36076 11.9811 4
      vertex -3.29994 12.3156 2.8
      vertex -4.36076 11.9811 2.8
    endloop
  endfacet
  facet normal -0.300726 0.953711 0
    outer loop
      vertex -3.29994 12.3156 4.8
      vertex -4.36076 11.9811 6
      vertex -3.29994 12.3156 6
    endloop
  endfacet
  facet normal -0.300726 0.953711 0
    outer loop
      vertex -4.36076 11.9811 6
      vertex -3.29994 12.3156 4.8
      vertex -4.36076 11.9811 4.8
    endloop
  endfacet
  facet normal 0.976305 -0.216401 0
    outer loop
      vertex 12.3156 -3.29994 22
      vertex 12.5563 -2.21401 14.4521
      vertex 12.5563 -2.21401 22
    endloop
  endfacet
  facet normal 0.976398 -0.215979 6.37703e-05
    outer loop
      vertex 12.5563 -2.21401 14.4521
      vertex 12.3156 -3.29994 22
      vertex 12.5384 -2.29497 14.325
    endloop
  endfacet
  facet normal 0.976243 -0.216678 -3.22636e-05
    outer loop
      vertex 12.5384 -2.29497 14.325
      vertex 12.3156 -3.29994 22
      vertex 12.5147 -2.40172 14.1199
    endloop
  endfacet
  facet normal 0.976318 -0.216341 7.98986e-06
    outer loop
      vertex 12.5147 -2.40172 14.1199
      vertex 12.3156 -3.29994 22
      vertex 12.4951 -2.49018 13.9064
    endloop
  endfacet
  facet normal 0.976325 -0.21631 1.12435e-05
    outer loop
      vertex 12.4951 -2.49018 13.9064
      vertex 12.3156 -3.29994 22
      vertex 12.4797 -2.5597 13.6859
    endloop
  endfacet
  facet normal 0.976278 -0.216522 -8.53873e-06
    outer loop
      vertex 12.4797 -2.5597 13.6859
      vertex 12.3156 -3.29994 22
      vertex 12.4686 -2.60974 13.4602
    endloop
  endfacet
  facet normal 0.975808 -0.21863 -0.000175596
    outer loop
      vertex 12.4619 -2.63992 13.231
      vertex 12.3156 -3.29994 22
      vertex 12.4596 -2.65 13
    endloop
  endfacet
  facet normal 0.976258 -0.216609 -1.59609e-05
    outer loop
      vertex 12.4686 -2.60974 13.4602
      vertex 12.3156 -3.29994 22
      vertex 12.4619 -2.63992 13.231
    endloop
  endfacet
  facet normal 0.976389 -0.21602 -9.1441e-05
    outer loop
      vertex 12.3156 -3.29994 6.8
      vertex 12.5563 -2.21401 11.5479
      vertex 12.5384 -2.29497 11.675
    endloop
  endfacet
  facet normal 0.976249 -0.216653 4.55374e-05
    outer loop
      vertex 12.3156 -3.29994 6.8
      vertex 12.5384 -2.29497 11.675
      vertex 12.5147 -2.40172 11.8801
    endloop
  endfacet
  facet normal 0.976316 -0.216348 -1.10764e-05
    outer loop
      vertex 12.3156 -3.29994 6.8
      vertex 12.5147 -2.40172 11.8801
      vertex 12.4951 -2.49018 12.0936
    endloop
  endfacet
  facet normal 0.976322 -0.216322 -1.52478e-05
    outer loop
      vertex 12.3156 -3.29994 6.8
      vertex 12.4951 -2.49018 12.0936
      vertex 12.4797 -2.5597 12.3141
    endloop
  endfacet
  facet normal 0.97628 -0.21651 1.12394e-05
    outer loop
      vertex 12.3156 -3.29994 6.8
      vertex 12.4797 -2.5597 12.3141
      vertex 12.4686 -2.60974 12.5398
    endloop
  endfacet
  facet normal 0.976265 -0.21658 2.00307e-05
    outer loop
      vertex 12.3156 -3.29994 6.8
      vertex 12.4686 -2.60974 12.5398
      vertex 12.4619 -2.63992 12.769
    endloop
  endfacet
  facet normal 0.976324 -0.216313 0
    outer loop
      vertex 12.3156 -3.29994 6.8
      vertex 12.4596 -2.65 13
      vertex 12.3156 -3.29994 22
    endloop
  endfacet
  facet normal 0.975922 -0.218122 0.000198928
    outer loop
      vertex 12.4596 -2.65 13
      vertex 12.3156 -3.29994 6.8
      vertex 12.4619 -2.63992 12.769
    endloop
  endfacet
  facet normal 0.976305 -0.216401 0
    outer loop
      vertex 12.5563 -2.21401 11.5479
      vertex 12.3156 -3.29994 6.8
      vertex 12.5563 -2.21401 6.8
    endloop
  endfacet
  facet normal 0.976305 -0.216401 0
    outer loop
      vertex 12.3156 -3.29994 2
      vertex 12.5563 -2.21401 0
      vertex 12.5563 -2.21401 2
    endloop
  endfacet
  facet normal 0.976305 -0.216401 0
    outer loop
      vertex 12.5563 -2.21401 0
      vertex 12.3156 -3.29994 2
      vertex 12.3156 -3.29994 0
    endloop
  endfacet
  facet normal 0.976305 -0.216401 0
    outer loop
      vertex 12.3156 -3.29994 4
      vertex 12.5563 -2.21401 2.8
      vertex 12.5563 -2.21401 4
    endloop
  endfacet
  facet normal 0.976305 -0.216401 0
    outer loop
      vertex 12.5563 -2.21401 2.8
      vertex 12.3156 -3.29994 4
      vertex 12.3156 -3.29994 2.8
    endloop
  endfacet
  facet normal 0.976305 -0.216401 0
    outer loop
      vertex 12.3156 -3.29994 6
      vertex 12.5563 -2.21401 4.8
      vertex 12.5563 -2.21401 6
    endloop
  endfacet
  facet normal 0.976305 -0.216401 0
    outer loop
      vertex 12.5563 -2.21401 4.8
      vertex 12.3156 -3.29994 6
      vertex 12.3156 -3.29994 4.8
    endloop
  endfacet
  facet normal -0.608767 0.793349 0
    outer loop
      vertex -7.3131 10.4442 6.8
      vertex -8.19554 9.76707 22
      vertex -7.3131 10.4442 22
    endloop
  endfacet
  facet normal -0.608767 0.793349 0
    outer loop
      vertex -8.19554 9.76707 22
      vertex -7.3131 10.4442 6.8
      vertex -8.19554 9.76707 6.8
    endloop
  endfacet
  facet normal -0.608767 0.793349 0
    outer loop
      vertex -7.3131 10.4442 0
      vertex -8.19554 9.76707 2
      vertex -7.3131 10.4442 2
    endloop
  endfacet
  facet normal -0.608767 0.793349 0
    outer loop
      vertex -8.19554 9.76707 2
      vertex -7.3131 10.4442 0
      vertex -8.19554 9.76707 0
    endloop
  endfacet
  facet normal -0.608767 0.793349 0
    outer loop
      vertex -7.3131 10.4442 2.8
      vertex -8.19554 9.76707 4
      vertex -7.3131 10.4442 4
    endloop
  endfacet
  facet normal -0.608767 0.793349 0
    outer loop
      vertex -8.19554 9.76707 4
      vertex -7.3131 10.4442 2.8
      vertex -8.19554 9.76707 2.8
    endloop
  endfacet
  facet normal -0.608767 0.793349 0
    outer loop
      vertex -7.3131 10.4442 4.8
      vertex -8.19554 9.76707 6
      vertex -7.3131 10.4442 6
    endloop
  endfacet
  facet normal -0.608767 0.793349 0
    outer loop
      vertex -8.19554 9.76707 6
      vertex -7.3131 10.4442 4.8
      vertex -8.19554 9.76707 4.8
    endloop
  endfacet
  facet normal 0.216401 -0.976305 0
    outer loop
      vertex 2.21401 -12.5563 6.8
      vertex 3.29994 -12.3156 22
      vertex 2.21401 -12.5563 22
    endloop
  endfacet
  facet normal 0.216401 -0.976305 0
    outer loop
      vertex 3.29994 -12.3156 22
      vertex 2.21401 -12.5563 6.8
      vertex 3.29994 -12.3156 6.8
    endloop
  endfacet
  facet normal 0.216401 -0.976305 0
    outer loop
      vertex 2.21401 -12.5563 0
      vertex 3.29994 -12.3156 2
      vertex 2.21401 -12.5563 2
    endloop
  endfacet
  facet normal 0.216401 -0.976305 0
    outer loop
      vertex 3.29994 -12.3156 2
      vertex 2.21401 -12.5563 0
      vertex 3.29994 -12.3156 0
    endloop
  endfacet
  facet normal 0.216401 -0.976305 0
    outer loop
      vertex 2.21401 -12.5563 2.8
      vertex 3.29994 -12.3156 4
      vertex 2.21401 -12.5563 4
    endloop
  endfacet
  facet normal 0.216401 -0.976305 0
    outer loop
      vertex 3.29994 -12.3156 4
      vertex 2.21401 -12.5563 2.8
      vertex 3.29994 -12.3156 2.8
    endloop
  endfacet
  facet normal 0.216401 -0.976305 0
    outer loop
      vertex 2.21401 -12.5563 4.8
      vertex 3.29994 -12.3156 6
      vertex 2.21401 -12.5563 6
    endloop
  endfacet
  facet normal 0.216401 -0.976305 0
    outer loop
      vertex 3.29994 -12.3156 6
      vertex 2.21401 -12.5563 4.8
      vertex 3.29994 -12.3156 4.8
    endloop
  endfacet
  facet normal 0.793349 0.608767 0
    outer loop
      vertex 10.4442 7.3131 22
      vertex 9.76707 8.19554 6.8
      vertex 9.76707 8.19554 22
    endloop
  endfacet
  facet normal 0.793349 0.608767 0
    outer loop
      vertex 9.76707 8.19554 6.8
      vertex 10.4442 7.3131 22
      vertex 10.4442 7.3131 6.8
    endloop
  endfacet
  facet normal 0.793349 0.608767 0
    outer loop
      vertex 10.4442 7.3131 2
      vertex 9.76707 8.19554 0
      vertex 9.76707 8.19554 2
    endloop
  endfacet
  facet normal 0.793349 0.608767 0
    outer loop
      vertex 9.76707 8.19554 0
      vertex 10.4442 7.3131 2
      vertex 10.4442 7.3131 0
    endloop
  endfacet
  facet normal 0.793349 0.608767 0
    outer loop
      vertex 10.4442 7.3131 4
      vertex 9.76707 8.19554 2.8
      vertex 9.76707 8.19554 4
    endloop
  endfacet
  facet normal 0.793349 0.608767 0
    outer loop
      vertex 9.76707 8.19554 2.8
      vertex 10.4442 7.3131 4
      vertex 10.4442 7.3131 2.8
    endloop
  endfacet
  facet normal 0.793349 0.608767 0
    outer loop
      vertex 10.4442 7.3131 6
      vertex 9.76707 8.19554 4.8
      vertex 9.76707 8.19554 6
    endloop
  endfacet
  facet normal 0.793349 0.608767 0
    outer loop
      vertex 9.76707 8.19554 4.8
      vertex 10.4442 7.3131 6
      vertex 10.4442 7.3131 4.8
    endloop
  endfacet
  facet normal 0.953711 0.300726 0
    outer loop
      vertex 12.3156 3.29994 2
      vertex 11.9811 4.36076 0
      vertex 11.9811 4.36076 2
    endloop
  endfacet
  facet normal 0.953711 0.300726 0
    outer loop
      vertex 11.9811 4.36076 0
      vertex 12.3156 3.29994 2
      vertex 12.3156 3.29994 0
    endloop
  endfacet
  facet normal 0.953711 0.300726 0
    outer loop
      vertex 12.3156 3.29994 22
      vertex 11.9811 4.36076 6.8
      vertex 11.9811 4.36076 22
    endloop
  endfacet
  facet normal 0.953711 0.300726 0
    outer loop
      vertex 11.9811 4.36076 6.8
      vertex 12.3156 3.29994 22
      vertex 12.3156 3.29994 6.8
    endloop
  endfacet
  facet normal 0.953711 0.300726 0
    outer loop
      vertex 12.3156 3.29994 4
      vertex 11.9811 4.36076 2.8
      vertex 11.9811 4.36076 4
    endloop
  endfacet
  facet normal 0.953711 0.300726 0
    outer loop
      vertex 11.9811 4.36076 2.8
      vertex 12.3156 3.29994 4
      vertex 12.3156 3.29994 2.8
    endloop
  endfacet
  facet normal 0.953711 0.300726 0
    outer loop
      vertex 12.3156 3.29994 6
      vertex 11.9811 4.36076 4.8
      vertex 11.9811 4.36076 6
    endloop
  endfacet
  facet normal 0.953711 0.300726 0
    outer loop
      vertex 11.9811 4.36076 4.8
      vertex 12.3156 3.29994 6
      vertex 12.3156 3.29994 4.8
    endloop
  endfacet
  facet normal 0.675592 0.737275 -0
    outer loop
      vertex 9.01561 9.01561 0
      vertex 8.19554 9.76707 2
      vertex 9.01561 9.01561 2
    endloop
  endfacet
  facet normal 0.675592 0.737275 0
    outer loop
      vertex 8.19554 9.76707 2
      vertex 9.01561 9.01561 0
      vertex 8.19554 9.76707 0
    endloop
  endfacet
  facet normal 0.675592 0.737275 -0
    outer loop
      vertex 9.01561 9.01561 6.8
      vertex 8.19554 9.76707 22
      vertex 9.01561 9.01561 22
    endloop
  endfacet
  facet normal 0.675592 0.737275 0
    outer loop
      vertex 8.19554 9.76707 22
      vertex 9.01561 9.01561 6.8
      vertex 8.19554 9.76707 6.8
    endloop
  endfacet
  facet normal 0.675592 0.737275 -0
    outer loop
      vertex 9.01561 9.01561 2.8
      vertex 8.19554 9.76707 4
      vertex 9.01561 9.01561 4
    endloop
  endfacet
  facet normal 0.675592 0.737275 0
    outer loop
      vertex 8.19554 9.76707 4
      vertex 9.01561 9.01561 2.8
      vertex 8.19554 9.76707 2.8
    endloop
  endfacet
  facet normal 0.675592 0.737275 -0
    outer loop
      vertex 9.01561 9.01561 4.8
      vertex 8.19554 9.76707 6
      vertex 9.01561 9.01561 6
    endloop
  endfacet
  facet normal 0.675592 0.737275 0
    outer loop
      vertex 8.19554 9.76707 6
      vertex 9.01561 9.01561 4.8
      vertex 8.19554 9.76707 4.8
    endloop
  endfacet
  facet normal 0.923865 0.382719 0
    outer loop
      vertex 11.9811 4.36076 22
      vertex 11.5554 5.38838 6.8
      vertex 11.5554 5.38838 22
    endloop
  endfacet
  facet normal 0.923865 0.382719 0
    outer loop
      vertex 11.5554 5.38838 6.8
      vertex 11.9811 4.36076 22
      vertex 11.9811 4.36076 6.8
    endloop
  endfacet
  facet normal 0.923865 0.382719 0
    outer loop
      vertex 11.9811 4.36076 2
      vertex 11.5554 5.38838 0
      vertex 11.5554 5.38838 2
    endloop
  endfacet
  facet normal 0.923865 0.382719 0
    outer loop
      vertex 11.5554 5.38838 0
      vertex 11.9811 4.36076 2
      vertex 11.9811 4.36076 0
    endloop
  endfacet
  facet normal 0.923865 0.382719 0
    outer loop
      vertex 11.9811 4.36076 4
      vertex 11.5554 5.38838 2.8
      vertex 11.5554 5.38838 4
    endloop
  endfacet
  facet normal 0.923865 0.382719 0
    outer loop
      vertex 11.5554 5.38838 2.8
      vertex 11.9811 4.36076 4
      vertex 11.9811 4.36076 2.8
    endloop
  endfacet
  facet normal 0.923865 0.382719 0
    outer loop
      vertex 11.9811 4.36076 6
      vertex 11.5554 5.38838 4.8
      vertex 11.5554 5.38838 6
    endloop
  endfacet
  facet normal 0.923865 0.382719 0
    outer loop
      vertex 11.5554 5.38838 4.8
      vertex 11.9811 4.36076 6
      vertex 11.9811 4.36076 4.8
    endloop
  endfacet
  facet normal 0.999201 -0.0399747 0
    outer loop
      vertex 12.75 0 22
      vertex 12.7498 -0.00499916 16.7527
      vertex 12.75 0 16.7527
    endloop
  endfacet
  facet normal 0.999049 -0.0436034 3.46287e-06
    outer loop
      vertex 12.7015 -1.11124 22
      vertex 12.7498 -0.00499916 16.7527
      vertex 12.75 0 22
    endloop
  endfacet
  facet normal 0.999048 -0.0436198 0
    outer loop
      vertex 12.7498 -0.00499916 16.7527
      vertex 12.7015 -1.11124 22
      vertex 12.7015 -1.11124 15.6405
    endloop
  endfacet
  facet normal 0.999049 -0.0436034 0
    outer loop
      vertex 12.7015 -1.11124 2
      vertex 12.75 0 0
      vertex 12.75 0 2
    endloop
  endfacet
  facet normal 0.999049 -0.0436034 0
    outer loop
      vertex 12.75 0 0
      vertex 12.7015 -1.11124 2
      vertex 12.7015 -1.11124 0
    endloop
  endfacet
  facet normal 0.999045 -0.0436884 0
    outer loop
      vertex 12.7399 -0.230962 10.3601
      vertex 12.75 0 6.8
      vertex 12.75 0 10.35
    endloop
  endfacet
  facet normal 0.99905 -0.0435874 1.5509e-06
    outer loop
      vertex 12.7015 -1.11124 6.8
      vertex 12.7399 -0.230962 10.3601
      vertex 12.7299 -0.460167 10.3903
    endloop
  endfacet
  facet normal 0.999058 -0.0433867 -3.4906e-05
    outer loop
      vertex 12.7015 -1.11124 6.8
      vertex 12.7299 -0.460167 10.3903
      vertex 12.7201 -0.68587 10.4403
    endloop
  endfacet
  facet normal 0.999034 -0.0439423 3.01386e-05
    outer loop
      vertex 12.7015 -1.11124 6.8
      vertex 12.7201 -0.68587 10.4403
      vertex 12.7104 -0.906353 10.5098
    endloop
  endfacet
  facet normal 0.999058 -0.0433977 0
    outer loop
      vertex 12.7015 -1.11124 6.8
      vertex 12.7104 -0.906353 10.5098
      vertex 12.7015 -1.11124 10.5947
    endloop
  endfacet
  facet normal 0.999049 -0.0436034 5.52212e-06
    outer loop
      vertex 12.7399 -0.230962 10.3601
      vertex 12.7015 -1.11124 6.8
      vertex 12.75 0 6.8
    endloop
  endfacet
  facet normal 0.999049 -0.0436034 0
    outer loop
      vertex 12.7015 -1.11124 4
      vertex 12.75 0 2.8
      vertex 12.75 0 4
    endloop
  endfacet
  facet normal 0.999049 -0.0436034 0
    outer loop
      vertex 12.75 0 2.8
      vertex 12.7015 -1.11124 4
      vertex 12.7015 -1.11124 2.8
    endloop
  endfacet
  facet normal 0.999049 -0.0436034 0
    outer loop
      vertex 12.7015 -1.11124 6
      vertex 12.75 0 4.8
      vertex 12.75 0 6
    endloop
  endfacet
  facet normal 0.999049 -0.0436034 0
    outer loop
      vertex 12.75 0 4.8
      vertex 12.7015 -1.11124 6
      vertex 12.7015 -1.11124 4.8
    endloop
  endfacet
  facet normal 0.887012 -0.461747 0
    outer loop
      vertex 11.0418 -6.375 2
      vertex 11.5554 -5.38838 0
      vertex 11.5554 -5.38838 2
    endloop
  endfacet
  facet normal 0.887012 -0.461747 0
    outer loop
      vertex 11.5554 -5.38838 0
      vertex 11.0418 -6.375 2
      vertex 11.0418 -6.375 0
    endloop
  endfacet
  facet normal 0.887012 -0.461747 0
    outer loop
      vertex 11.0418 -6.375 22
      vertex 11.5554 -5.38838 6.8
      vertex 11.5554 -5.38838 22
    endloop
  endfacet
  facet normal 0.887012 -0.461747 0
    outer loop
      vertex 11.5554 -5.38838 6.8
      vertex 11.0418 -6.375 22
      vertex 11.0418 -6.375 6.8
    endloop
  endfacet
  facet normal 0.887012 -0.461747 0
    outer loop
      vertex 11.0418 -6.375 4
      vertex 11.5554 -5.38838 2.8
      vertex 11.5554 -5.38838 4
    endloop
  endfacet
  facet normal 0.887012 -0.461747 0
    outer loop
      vertex 11.5554 -5.38838 2.8
      vertex 11.0418 -6.375 4
      vertex 11.0418 -6.375 2.8
    endloop
  endfacet
  facet normal 0.887012 -0.461747 0
    outer loop
      vertex 11.0418 -6.375 6
      vertex 11.5554 -5.38838 4.8
      vertex 11.5554 -5.38838 6
    endloop
  endfacet
  facet normal 0.887012 -0.461747 0
    outer loop
      vertex 11.5554 -5.38838 4.8
      vertex 11.0418 -6.375 6
      vertex 11.0418 -6.375 4.8
    endloop
  endfacet
  facet normal -0.300726 -0.953711 0
    outer loop
      vertex -4.36076 -11.9811 6.8
      vertex -3.29994 -12.3156 22
      vertex -4.36076 -11.9811 22
    endloop
  endfacet
  facet normal -0.300726 -0.953711 -0
    outer loop
      vertex -3.29994 -12.3156 22
      vertex -4.36076 -11.9811 6.8
      vertex -3.29994 -12.3156 6.8
    endloop
  endfacet
  facet normal -0.300726 -0.953711 0
    outer loop
      vertex -4.36076 -11.9811 0
      vertex -3.29994 -12.3156 2
      vertex -4.36076 -11.9811 2
    endloop
  endfacet
  facet normal -0.300726 -0.953711 -0
    outer loop
      vertex -3.29994 -12.3156 2
      vertex -4.36076 -11.9811 0
      vertex -3.29994 -12.3156 0
    endloop
  endfacet
  facet normal -0.300726 -0.953711 0
    outer loop
      vertex -4.36076 -11.9811 2.8
      vertex -3.29994 -12.3156 4
      vertex -4.36076 -11.9811 4
    endloop
  endfacet
  facet normal -0.300726 -0.953711 -0
    outer loop
      vertex -3.29994 -12.3156 4
      vertex -4.36076 -11.9811 2.8
      vertex -3.29994 -12.3156 2.8
    endloop
  endfacet
  facet normal -0.300726 -0.953711 0
    outer loop
      vertex -4.36076 -11.9811 4.8
      vertex -3.29994 -12.3156 6
      vertex -4.36076 -11.9811 6
    endloop
  endfacet
  facet normal -0.300726 -0.953711 -0
    outer loop
      vertex -3.29994 -12.3156 6
      vertex -4.36076 -11.9811 4.8
      vertex -3.29994 -12.3156 4.8
    endloop
  endfacet
  facet normal -0.461747 -0.887012 0
    outer loop
      vertex -6.375 -11.0418 6.8
      vertex -5.38838 -11.5554 22
      vertex -6.375 -11.0418 22
    endloop
  endfacet
  facet normal -0.461747 -0.887012 -0
    outer loop
      vertex -5.38838 -11.5554 22
      vertex -6.375 -11.0418 6.8
      vertex -5.38838 -11.5554 6.8
    endloop
  endfacet
  facet normal -0.461747 -0.887012 0
    outer loop
      vertex -6.375 -11.0418 0
      vertex -5.38838 -11.5554 2
      vertex -6.375 -11.0418 2
    endloop
  endfacet
  facet normal -0.461747 -0.887012 -0
    outer loop
      vertex -5.38838 -11.5554 2
      vertex -6.375 -11.0418 0
      vertex -5.38838 -11.5554 0
    endloop
  endfacet
  facet normal -0.461747 -0.887012 0
    outer loop
      vertex -6.375 -11.0418 2.8
      vertex -5.38838 -11.5554 4
      vertex -6.375 -11.0418 4
    endloop
  endfacet
  facet normal -0.461747 -0.887012 -0
    outer loop
      vertex -5.38838 -11.5554 4
      vertex -6.375 -11.0418 2.8
      vertex -5.38838 -11.5554 2.8
    endloop
  endfacet
  facet normal -0.461747 -0.887012 0
    outer loop
      vertex -6.375 -11.0418 4.8
      vertex -5.38838 -11.5554 6
      vertex -6.375 -11.0418 6
    endloop
  endfacet
  facet normal -0.461747 -0.887012 -0
    outer loop
      vertex -5.38838 -11.5554 6
      vertex -6.375 -11.0418 4.8
      vertex -5.38838 -11.5554 4.8
    endloop
  endfacet
  facet normal -0.923865 0.382719 0
    outer loop
      vertex -11.9811 4.36076 0
      vertex -11.5554 5.38838 2
      vertex -11.5554 5.38838 0
    endloop
  endfacet
  facet normal -0.923865 0.382719 0
    outer loop
      vertex -11.5554 5.38838 2
      vertex -11.9811 4.36076 0
      vertex -11.9811 4.36076 2
    endloop
  endfacet
  facet normal -0.923865 0.382719 0
    outer loop
      vertex -11.9811 4.36076 6.8
      vertex -11.5554 5.38838 22
      vertex -11.5554 5.38838 6.8
    endloop
  endfacet
  facet normal -0.923865 0.382719 0
    outer loop
      vertex -11.5554 5.38838 22
      vertex -11.9811 4.36076 6.8
      vertex -11.9811 4.36076 22
    endloop
  endfacet
  facet normal -0.923865 0.382719 0
    outer loop
      vertex -11.9811 4.36076 2.8
      vertex -11.5554 5.38838 4
      vertex -11.5554 5.38838 2.8
    endloop
  endfacet
  facet normal -0.923865 0.382719 0
    outer loop
      vertex -11.5554 5.38838 4
      vertex -11.9811 4.36076 2.8
      vertex -11.9811 4.36076 4
    endloop
  endfacet
  facet normal -0.923865 0.382719 0
    outer loop
      vertex -11.9811 4.36076 4.8
      vertex -11.5554 5.38838 6
      vertex -11.5554 5.38838 4.8
    endloop
  endfacet
  facet normal -0.923865 0.382719 0
    outer loop
      vertex -11.5554 5.38838 6
      vertex -11.9811 4.36076 4.8
      vertex -11.9811 4.36076 6
    endloop
  endfacet
  facet normal -0.843406 -0.537277 0
    outer loop
      vertex -10.4442 -7.3131 0
      vertex -11.0418 -6.375 2
      vertex -11.0418 -6.375 0
    endloop
  endfacet
  facet normal -0.843406 -0.537277 0
    outer loop
      vertex -11.0418 -6.375 2
      vertex -10.4442 -7.3131 0
      vertex -10.4442 -7.3131 2
    endloop
  endfacet
  facet normal -0.843406 -0.537277 0
    outer loop
      vertex -10.4442 -7.3131 6.8
      vertex -11.0418 -6.375 22
      vertex -11.0418 -6.375 6.8
    endloop
  endfacet
  facet normal -0.843406 -0.537277 0
    outer loop
      vertex -11.0418 -6.375 22
      vertex -10.4442 -7.3131 6.8
      vertex -10.4442 -7.3131 22
    endloop
  endfacet
  facet normal -0.843406 -0.537277 0
    outer loop
      vertex -10.4442 -7.3131 2.8
      vertex -11.0418 -6.375 4
      vertex -11.0418 -6.375 2.8
    endloop
  endfacet
  facet normal -0.843406 -0.537277 0
    outer loop
      vertex -11.0418 -6.375 4
      vertex -10.4442 -7.3131 2.8
      vertex -10.4442 -7.3131 4
    endloop
  endfacet
  facet normal -0.843406 -0.537277 0
    outer loop
      vertex -10.4442 -7.3131 4.8
      vertex -11.0418 -6.375 6
      vertex -11.0418 -6.375 4.8
    endloop
  endfacet
  facet normal -0.843406 -0.537277 0
    outer loop
      vertex -11.0418 -6.375 6
      vertex -10.4442 -7.3131 4.8
      vertex -10.4442 -7.3131 6
    endloop
  endfacet
  facet normal 0.608767 0.793349 -0
    outer loop
      vertex 8.19554 9.76707 6.8
      vertex 7.3131 10.4442 22
      vertex 8.19554 9.76707 22
    endloop
  endfacet
  facet normal 0.608767 0.793349 0
    outer loop
      vertex 7.3131 10.4442 22
      vertex 8.19554 9.76707 6.8
      vertex 7.3131 10.4442 6.8
    endloop
  endfacet
  facet normal 0.608767 0.793349 -0
    outer loop
      vertex 8.19554 9.76707 0
      vertex 7.3131 10.4442 2
      vertex 8.19554 9.76707 2
    endloop
  endfacet
  facet normal 0.608767 0.793349 0
    outer loop
      vertex 7.3131 10.4442 2
      vertex 8.19554 9.76707 0
      vertex 7.3131 10.4442 0
    endloop
  endfacet
  facet normal 0.608767 0.793349 -0
    outer loop
      vertex 8.19554 9.76707 2.8
      vertex 7.3131 10.4442 4
      vertex 8.19554 9.76707 4
    endloop
  endfacet
  facet normal 0.608767 0.793349 0
    outer loop
      vertex 7.3131 10.4442 4
      vertex 8.19554 9.76707 2.8
      vertex 7.3131 10.4442 2.8
    endloop
  endfacet
  facet normal 0.608767 0.793349 -0
    outer loop
      vertex 8.19554 9.76707 4.8
      vertex 7.3131 10.4442 6
      vertex 8.19554 9.76707 6
    endloop
  endfacet
  facet normal 0.608767 0.793349 0
    outer loop
      vertex 7.3131 10.4442 6
      vertex 8.19554 9.76707 4.8
      vertex 7.3131 10.4442 4.8
    endloop
  endfacet
  facet normal 0.537277 0.843406 -0
    outer loop
      vertex 7.3131 10.4442 6.8
      vertex 6.375 11.0418 22
      vertex 7.3131 10.4442 22
    endloop
  endfacet
  facet normal 0.537277 0.843406 0
    outer loop
      vertex 6.375 11.0418 22
      vertex 7.3131 10.4442 6.8
      vertex 6.375 11.0418 6.8
    endloop
  endfacet
  facet normal 0.537277 0.843406 -0
    outer loop
      vertex 7.3131 10.4442 0
      vertex 6.375 11.0418 2
      vertex 7.3131 10.4442 2
    endloop
  endfacet
  facet normal 0.537277 0.843406 0
    outer loop
      vertex 6.375 11.0418 2
      vertex 7.3131 10.4442 0
      vertex 6.375 11.0418 0
    endloop
  endfacet
  facet normal 0.537277 0.843406 -0
    outer loop
      vertex 7.3131 10.4442 2.8
      vertex 6.375 11.0418 4
      vertex 7.3131 10.4442 4
    endloop
  endfacet
  facet normal 0.537277 0.843406 0
    outer loop
      vertex 6.375 11.0418 4
      vertex 7.3131 10.4442 2.8
      vertex 6.375 11.0418 2.8
    endloop
  endfacet
  facet normal 0.537277 0.843406 -0
    outer loop
      vertex 7.3131 10.4442 4.8
      vertex 6.375 11.0418 6
      vertex 7.3131 10.4442 6
    endloop
  endfacet
  facet normal 0.537277 0.843406 0
    outer loop
      vertex 6.375 11.0418 6
      vertex 7.3131 10.4442 4.8
      vertex 6.375 11.0418 4.8
    endloop
  endfacet
  facet normal 0.0436034 -0.999049 0
    outer loop
      vertex 0 -12.75 6.8
      vertex 1.11124 -12.7015 22
      vertex 0 -12.75 22
    endloop
  endfacet
  facet normal 0.0436034 -0.999049 0
    outer loop
      vertex 1.11124 -12.7015 22
      vertex 0 -12.75 6.8
      vertex 1.11124 -12.7015 6.8
    endloop
  endfacet
  facet normal 0.0436034 -0.999049 0
    outer loop
      vertex 0 -12.75 0
      vertex 1.11124 -12.7015 2
      vertex 0 -12.75 2
    endloop
  endfacet
  facet normal 0.0436034 -0.999049 0
    outer loop
      vertex 1.11124 -12.7015 2
      vertex 0 -12.75 0
      vertex 1.11124 -12.7015 0
    endloop
  endfacet
  facet normal 0.0436034 -0.999049 0
    outer loop
      vertex 0 -12.75 2.8
      vertex 1.11124 -12.7015 4
      vertex 0 -12.75 4
    endloop
  endfacet
  facet normal 0.0436034 -0.999049 0
    outer loop
      vertex 1.11124 -12.7015 4
      vertex 0 -12.75 2.8
      vertex 1.11124 -12.7015 2.8
    endloop
  endfacet
  facet normal 0.0436034 -0.999049 0
    outer loop
      vertex 0 -12.75 4.8
      vertex 1.11124 -12.7015 6
      vertex 0 -12.75 6
    endloop
  endfacet
  facet normal 0.0436034 -0.999049 0
    outer loop
      vertex 1.11124 -12.7015 6
      vertex 0 -12.75 4.8
      vertex 1.11124 -12.7015 4.8
    endloop
  endfacet
  facet normal 0.843406 -0.537277 0
    outer loop
      vertex 10.4442 -7.3131 22
      vertex 11.0418 -6.375 6.8
      vertex 11.0418 -6.375 22
    endloop
  endfacet
  facet normal 0.843406 -0.537277 0
    outer loop
      vertex 11.0418 -6.375 6.8
      vertex 10.4442 -7.3131 22
      vertex 10.4442 -7.3131 6.8
    endloop
  endfacet
  facet normal 0.843406 -0.537277 0
    outer loop
      vertex 10.4442 -7.3131 2
      vertex 11.0418 -6.375 0
      vertex 11.0418 -6.375 2
    endloop
  endfacet
  facet normal 0.843406 -0.537277 0
    outer loop
      vertex 11.0418 -6.375 0
      vertex 10.4442 -7.3131 2
      vertex 10.4442 -7.3131 0
    endloop
  endfacet
  facet normal 0.843406 -0.537277 0
    outer loop
      vertex 10.4442 -7.3131 4
      vertex 11.0418 -6.375 2.8
      vertex 11.0418 -6.375 4
    endloop
  endfacet
  facet normal 0.843406 -0.537277 0
    outer loop
      vertex 11.0418 -6.375 2.8
      vertex 10.4442 -7.3131 4
      vertex 10.4442 -7.3131 2.8
    endloop
  endfacet
  facet normal 0.843406 -0.537277 0
    outer loop
      vertex 10.4442 -7.3131 6
      vertex 11.0418 -6.375 4.8
      vertex 11.0418 -6.375 6
    endloop
  endfacet
  facet normal 0.843406 -0.537277 0
    outer loop
      vertex 11.0418 -6.375 4.8
      vertex 10.4442 -7.3131 6
      vertex 10.4442 -7.3131 4.8
    endloop
  endfacet
  facet normal 0 0 1
    outer loop
      vertex 11.15 0 22
      vertex 12.75 0 22
      vertex 12.7015 1.11124 22
    endloop
  endfacet
  facet normal 0 0 1
    outer loop
      vertex 11.1076 0.971786 22
      vertex 12.7015 1.11124 22
      vertex 12.5563 2.21401 22
    endloop
  endfacet
  facet normal 0 0 1
    outer loop
      vertex 12.75 0 22
      vertex 11.15 0 22
      vertex 12.7015 -1.11124 22
    endloop
  endfacet
  facet normal 0 0 1
    outer loop
      vertex 10.9806 1.93618 22
      vertex 12.5563 2.21401 22
      vertex 12.3156 3.29994 22
    endloop
  endfacet
  facet normal -0 0 1
    outer loop
      vertex 11.1076 -0.971786 22
      vertex 12.7015 -1.11124 22
      vertex 11.15 0 22
    endloop
  endfacet
  facet normal 0 0 1
    outer loop
      vertex 10.7701 2.88583 22
      vertex 12.3156 3.29994 22
      vertex 11.9811 4.36076 22
    endloop
  endfacet
  facet normal 0 0 1
    outer loop
      vertex 12.7015 -1.11124 22
      vertex 11.1076 -0.971786 22
      vertex 12.5563 -2.21401 22
    endloop
  endfacet
  facet normal 0 0 1
    outer loop
      vertex 10.4776 3.81352 22
      vertex 11.9811 4.36076 22
      vertex 11.5554 5.38838 22
    endloop
  endfacet
  facet normal -0 0 1
    outer loop
      vertex 10.9806 -1.93618 22
      vertex 12.5563 -2.21401 22
      vertex 11.1076 -0.971786 22
    endloop
  endfacet
  facet normal 0 0 1
    outer loop
      vertex 12.5563 -2.21401 22
      vertex 10.9806 -1.93618 22
      vertex 12.3156 -3.29994 22
    endloop
  endfacet
  facet normal 0 0 1
    outer loop
      vertex 12.7015 1.11124 22
      vertex 11.1076 0.971786 22
      vertex 11.15 0 22
    endloop
  endfacet
  facet normal 0 0 1
    outer loop
      vertex 10.1053 4.71219 22
      vertex 11.5554 5.38838 22
      vertex 11.0418 6.375 22
    endloop
  endfacet
  facet normal 0 0 1
    outer loop
      vertex 12.5563 2.21401 22
      vertex 10.9806 1.93618 22
      vertex 11.1076 0.971786 22
    endloop
  endfacet
  facet normal 0 0 1
    outer loop
      vertex 12.3156 3.29994 22
      vertex 10.7701 2.88583 22
      vertex 10.9806 1.93618 22
    endloop
  endfacet
  facet normal 0 0 1
    outer loop
      vertex 11.9811 4.36076 22
      vertex 10.4776 3.81352 22
      vertex 10.7701 2.88583 22
    endloop
  endfacet
  facet normal 0 0 1
    outer loop
      vertex 9.65618 5.575 22
      vertex 11.0418 6.375 22
      vertex 10.4442 7.3131 22
    endloop
  endfacet
  facet normal 0 0 1
    outer loop
      vertex 11.5554 5.38838 22
      vertex 10.1053 4.71219 22
      vertex 10.4776 3.81352 22
    endloop
  endfacet
  facet normal 0 0 1
    outer loop
      vertex 9.13354 6.39538 22
      vertex 10.4442 7.3131 22
      vertex 9.76707 8.19554 22
    endloop
  endfacet
  facet normal 0 0 1
    outer loop
      vertex 11.0418 6.375 22
      vertex 9.65618 5.575 22
      vertex 10.1053 4.71219 22
    endloop
  endfacet
  facet normal 0 0 1
    outer loop
      vertex 10.4442 7.3131 22
      vertex 9.13354 6.39538 22
      vertex 9.65618 5.575 22
    endloop
  endfacet
  facet normal 0 0 1
    outer loop
      vertex 8.5414 7.16708 22
      vertex 9.76707 8.19554 22
      vertex 9.01561 9.01561 22
    endloop
  endfacet
  facet normal 0 0 1
    outer loop
      vertex 9.76707 8.19554 22
      vertex 8.5414 7.16708 22
      vertex 9.13354 6.39538 22
    endloop
  endfacet
  facet normal 0 0 1
    outer loop
      vertex 7.88424 7.88424 22
      vertex 9.01561 9.01561 22
      vertex 8.19554 9.76707 22
    endloop
  endfacet
  facet normal 0 0 1
    outer loop
      vertex 9.01561 9.01561 22
      vertex 7.88424 7.88424 22
      vertex 8.5414 7.16708 22
    endloop
  endfacet
  facet normal 0 0 1
    outer loop
      vertex 7.16708 8.5414 22
      vertex 8.19554 9.76707 22
      vertex 7.3131 10.4442 22
    endloop
  endfacet
  facet normal 0 0 1
    outer loop
      vertex 8.19554 9.76707 22
      vertex 7.16708 8.5414 22
      vertex 7.88424 7.88424 22
    endloop
  endfacet
  facet normal 0 0 1
    outer loop
      vertex 7.3131 10.4442 22
      vertex 6.39538 9.13354 22
      vertex 7.16708 8.5414 22
    endloop
  endfacet
  facet normal 0 0 1
    outer loop
      vertex 6.375 11.0418 22
      vertex 6.39538 9.13354 22
      vertex 7.3131 10.4442 22
    endloop
  endfacet
  facet normal 0 0 1
    outer loop
      vertex 6.375 11.0418 22
      vertex 5.575 9.65618 22
      vertex 6.39538 9.13354 22
    endloop
  endfacet
  facet normal 0 0 1
    outer loop
      vertex 5.38838 11.5554 22
      vertex 5.575 9.65618 22
      vertex 6.375 11.0418 22
    endloop
  endfacet
  facet normal 0 0 1
    outer loop
      vertex 5.38838 11.5554 22
      vertex 4.71219 10.1053 22
      vertex 5.575 9.65618 22
    endloop
  endfacet
  facet normal 0 0 1
    outer loop
      vertex 4.36076 11.9811 22
      vertex 4.71219 10.1053 22
      vertex 5.38838 11.5554 22
    endloop
  endfacet
  facet normal 0 0 1
    outer loop
      vertex 4.36076 11.9811 22
      vertex 3.81352 10.4776 22
      vertex 4.71219 10.1053 22
    endloop
  endfacet
  facet normal 0 0 1
    outer loop
      vertex 3.29994 12.3156 22
      vertex 3.81352 10.4776 22
      vertex 4.36076 11.9811 22
    endloop
  endfacet
  facet normal 0 0 1
    outer loop
      vertex 3.29994 12.3156 22
      vertex 2.88583 10.7701 22
      vertex 3.81352 10.4776 22
    endloop
  endfacet
  facet normal 0 0 1
    outer loop
      vertex 2.21401 12.5563 22
      vertex 2.88583 10.7701 22
      vertex 3.29994 12.3156 22
    endloop
  endfacet
  facet normal 0 0 1
    outer loop
      vertex 2.21401 12.5563 22
      vertex 1.93618 10.9806 22
      vertex 2.88583 10.7701 22
    endloop
  endfacet
  facet normal 0 0 1
    outer loop
      vertex 1.11124 12.7015 22
      vertex 1.93618 10.9806 22
      vertex 2.21401 12.5563 22
    endloop
  endfacet
  facet normal 0 0 1
    outer loop
      vertex 1.11124 12.7015 22
      vertex 0.971786 11.1076 22
      vertex 1.93618 10.9806 22
    endloop
  endfacet
  facet normal 0 0 1
    outer loop
      vertex 0 12.75 22
      vertex 0.971786 11.1076 22
      vertex 1.11124 12.7015 22
    endloop
  endfacet
  facet normal 0 0 1
    outer loop
      vertex 0 12.75 22
      vertex 0 11.15 22
      vertex 0.971786 11.1076 22
    endloop
  endfacet
  facet normal 0 0 1
    outer loop
      vertex 0 12.75 22
      vertex -0.971786 11.1076 22
      vertex 0 11.15 22
    endloop
  endfacet
  facet normal -0 0 1
    outer loop
      vertex -1.11124 12.7015 22
      vertex -0.971786 11.1076 22
      vertex 0 12.75 22
    endloop
  endfacet
  facet normal 0 0 1
    outer loop
      vertex -1.11124 12.7015 22
      vertex -1.93618 10.9806 22
      vertex -0.971786 11.1076 22
    endloop
  endfacet
  facet normal -0 0 1
    outer loop
      vertex -2.21401 12.5563 22
      vertex -1.93618 10.9806 22
      vertex -1.11124 12.7015 22
    endloop
  endfacet
  facet normal 0 0 1
    outer loop
      vertex -2.21401 12.5563 22
      vertex -2.88583 10.7701 22
      vertex -1.93618 10.9806 22
    endloop
  endfacet
  facet normal -0 0 1
    outer loop
      vertex -3.29994 12.3156 22
      vertex -2.88583 10.7701 22
      vertex -2.21401 12.5563 22
    endloop
  endfacet
  facet normal 0 0 1
    outer loop
      vertex -3.29994 12.3156 22
      vertex -3.81352 10.4776 22
      vertex -2.88583 10.7701 22
    endloop
  endfacet
  facet normal -0 0 1
    outer loop
      vertex -4.36076 11.9811 22
      vertex -3.81352 10.4776 22
      vertex -3.29994 12.3156 22
    endloop
  endfacet
  facet normal 0 0 1
    outer loop
      vertex -4.36076 11.9811 22
      vertex -4.71219 10.1053 22
      vertex -3.81352 10.4776 22
    endloop
  endfacet
  facet normal -0 0 1
    outer loop
      vertex -5.38838 11.5554 22
      vertex -4.71219 10.1053 22
      vertex -4.36076 11.9811 22
    endloop
  endfacet
  facet normal 0 0 1
    outer loop
      vertex -5.38838 11.5554 22
      vertex -5.575 9.65618 22
      vertex -4.71219 10.1053 22
    endloop
  endfacet
  facet normal -0 0 1
    outer loop
      vertex -6.375 11.0418 22
      vertex -5.575 9.65618 22
      vertex -5.38838 11.5554 22
    endloop
  endfacet
  facet normal 0 0 1
    outer loop
      vertex -6.375 11.0418 22
      vertex -6.39538 9.13354 22
      vertex -5.575 9.65618 22
    endloop
  endfacet
  facet normal -0 0 1
    outer loop
      vertex -7.3131 10.4442 22
      vertex -6.39538 9.13354 22
      vertex -6.375 11.0418 22
    endloop
  endfacet
  facet normal 0 0 1
    outer loop
      vertex -6.39538 9.13354 22
      vertex -7.3131 10.4442 22
      vertex -7.16708 8.5414 22
    endloop
  endfacet
  facet normal -0 0 1
    outer loop
      vertex -8.19554 9.76707 22
      vertex -7.16708 8.5414 22
      vertex -7.3131 10.4442 22
    endloop
  endfacet
  facet normal 0 0 1
    outer loop
      vertex -7.16708 8.5414 22
      vertex -8.19554 9.76707 22
      vertex -7.88424 7.88424 22
    endloop
  endfacet
  facet normal -0 0 1
    outer loop
      vertex -9.01561 9.01561 22
      vertex -7.88424 7.88424 22
      vertex -8.19554 9.76707 22
    endloop
  endfacet
  facet normal 0 0 1
    outer loop
      vertex -7.88424 7.88424 22
      vertex -9.01561 9.01561 22
      vertex -8.5414 7.16708 22
    endloop
  endfacet
  facet normal -0 0 1
    outer loop
      vertex -9.76707 8.19554 22
      vertex -8.5414 7.16708 22
      vertex -9.01561 9.01561 22
    endloop
  endfacet
  facet normal 0 0 1
    outer loop
      vertex -8.5414 7.16708 22
      vertex -9.76707 8.19554 22
      vertex -9.13354 6.39538 22
    endloop
  endfacet
  facet normal -0 0 1
    outer loop
      vertex -10.4442 7.3131 22
      vertex -9.13354 6.39538 22
      vertex -9.76707 8.19554 22
    endloop
  endfacet
  facet normal 0 0 1
    outer loop
      vertex -9.13354 6.39538 22
      vertex -10.4442 7.3131 22
      vertex -9.65618 5.575 22
    endloop
  endfacet
  facet normal -0 0 1
    outer loop
      vertex -11.0418 6.375 22
      vertex -9.65618 5.575 22
      vertex -10.4442 7.3131 22
    endloop
  endfacet
  facet normal 0 0 1
    outer loop
      vertex -9.65618 5.575 22
      vertex -11.0418 6.375 22
      vertex -10.1053 4.71219 22
    endloop
  endfacet
  facet normal -0 0 1
    outer loop
      vertex -11.5554 5.38838 22
      vertex -10.1053 4.71219 22
      vertex -11.0418 6.375 22
    endloop
  endfacet
  facet normal 0 0 1
    outer loop
      vertex -10.1053 4.71219 22
      vertex -11.5554 5.38838 22
      vertex -10.4776 3.81352 22
    endloop
  endfacet
  facet normal -0 0 1
    outer loop
      vertex -11.9811 4.36076 22
      vertex -10.4776 3.81352 22
      vertex -11.5554 5.38838 22
    endloop
  endfacet
  facet normal 0 0 1
    outer loop
      vertex -10.4776 3.81352 22
      vertex -11.9811 4.36076 22
      vertex -10.7701 2.88583 22
    endloop
  endfacet
  facet normal -0 0 1
    outer loop
      vertex -12.3156 3.29994 22
      vertex -10.7701 2.88583 22
      vertex -11.9811 4.36076 22
    endloop
  endfacet
  facet normal 0 0 1
    outer loop
      vertex -10.7701 2.88583 22
      vertex -12.3156 3.29994 22
      vertex -10.9806 1.93618 22
    endloop
  endfacet
  facet normal -0 0 1
    outer loop
      vertex 10.7701 -2.88583 22
      vertex 12.3156 -3.29994 22
      vertex 10.9806 -1.93618 22
    endloop
  endfacet
  facet normal 0 0 1
    outer loop
      vertex 12.3156 -3.29994 22
      vertex 10.7701 -2.88583 22
      vertex 11.9811 -4.36076 22
    endloop
  endfacet
  facet normal -0 0 1
    outer loop
      vertex 10.4776 -3.81352 22
      vertex 11.9811 -4.36076 22
      vertex 10.7701 -2.88583 22
    endloop
  endfacet
  facet normal 0 0 1
    outer loop
      vertex 11.9811 -4.36076 22
      vertex 10.4776 -3.81352 22
      vertex 11.5554 -5.38838 22
    endloop
  endfacet
  facet normal -0 0 1
    outer loop
      vertex 10.1053 -4.71219 22
      vertex 11.5554 -5.38838 22
      vertex 10.4776 -3.81352 22
    endloop
  endfacet
  facet normal 0 0 1
    outer loop
      vertex 11.5554 -5.38838 22
      vertex 10.1053 -4.71219 22
      vertex 11.0418 -6.375 22
    endloop
  endfacet
  facet normal -0 0 1
    outer loop
      vertex 9.65618 -5.575 22
      vertex 11.0418 -6.375 22
      vertex 10.1053 -4.71219 22
    endloop
  endfacet
  facet normal 0 0 1
    outer loop
      vertex 11.0418 -6.375 22
      vertex 9.65618 -5.575 22
      vertex 10.4442 -7.3131 22
    endloop
  endfacet
  facet normal -0 0 1
    outer loop
      vertex 9.13354 -6.39538 22
      vertex 10.4442 -7.3131 22
      vertex 9.65618 -5.575 22
    endloop
  endfacet
  facet normal 0 0 1
    outer loop
      vertex 10.4442 -7.3131 22
      vertex 9.13354 -6.39538 22
      vertex 9.76707 -8.19554 22
    endloop
  endfacet
  facet normal -0 0 1
    outer loop
      vertex 8.5414 -7.16708 22
      vertex 9.76707 -8.19554 22
      vertex 9.13354 -6.39538 22
    endloop
  endfacet
  facet normal 0 0 1
    outer loop
      vertex 9.76707 -8.19554 22
      vertex 8.5414 -7.16708 22
      vertex 9.01561 -9.01561 22
    endloop
  endfacet
  facet normal -0 0 1
    outer loop
      vertex 7.88424 -7.88424 22
      vertex 9.01561 -9.01561 22
      vertex 8.5414 -7.16708 22
    endloop
  endfacet
  facet normal 0 0 1
    outer loop
      vertex 9.01561 -9.01561 22
      vertex 7.88424 -7.88424 22
      vertex 8.19554 -9.76707 22
    endloop
  endfacet
  facet normal -0 0 1
    outer loop
      vertex 7.16708 -8.5414 22
      vertex 8.19554 -9.76707 22
      vertex 7.88424 -7.88424 22
    endloop
  endfacet
  facet normal 0 0 1
    outer loop
      vertex 8.19554 -9.76707 22
      vertex 7.16708 -8.5414 22
      vertex 7.3131 -10.4442 22
    endloop
  endfacet
  facet normal -0 0 1
    outer loop
      vertex 6.39538 -9.13354 22
      vertex 7.3131 -10.4442 22
      vertex 7.16708 -8.5414 22
    endloop
  endfacet
  facet normal 0 0 1
    outer loop
      vertex 6.39538 -9.13354 22
      vertex 6.375 -11.0418 22
      vertex 7.3131 -10.4442 22
    endloop
  endfacet
  facet normal -0 0 1
    outer loop
      vertex 5.575 -9.65618 22
      vertex 6.375 -11.0418 22
      vertex 6.39538 -9.13354 22
    endloop
  endfacet
  facet normal 0 0 1
    outer loop
      vertex 5.575 -9.65618 22
      vertex 5.38838 -11.5554 22
      vertex 6.375 -11.0418 22
    endloop
  endfacet
  facet normal -0 0 1
    outer loop
      vertex 4.71219 -10.1053 22
      vertex 5.38838 -11.5554 22
      vertex 5.575 -9.65618 22
    endloop
  endfacet
  facet normal 0 0 1
    outer loop
      vertex 4.71219 -10.1053 22
      vertex 4.36076 -11.9811 22
      vertex 5.38838 -11.5554 22
    endloop
  endfacet
  facet normal -0 0 1
    outer loop
      vertex 3.81352 -10.4776 22
      vertex 4.36076 -11.9811 22
      vertex 4.71219 -10.1053 22
    endloop
  endfacet
  facet normal 0 0 1
    outer loop
      vertex 3.81352 -10.4776 22
      vertex 3.29994 -12.3156 22
      vertex 4.36076 -11.9811 22
    endloop
  endfacet
  facet normal -0 0 1
    outer loop
      vertex 2.88583 -10.7701 22
      vertex 3.29994 -12.3156 22
      vertex 3.81352 -10.4776 22
    endloop
  endfacet
  facet normal 0 0 1
    outer loop
      vertex 2.88583 -10.7701 22
      vertex 2.21401 -12.5563 22
      vertex 3.29994 -12.3156 22
    endloop
  endfacet
  facet normal -0 0 1
    outer loop
      vertex 1.93618 -10.9806 22
      vertex 2.21401 -12.5563 22
      vertex 2.88583 -10.7701 22
    endloop
  endfacet
  facet normal 0 0 1
    outer loop
      vertex 1.93618 -10.9806 22
      vertex 1.11124 -12.7015 22
      vertex 2.21401 -12.5563 22
    endloop
  endfacet
  facet normal -0 0 1
    outer loop
      vertex 0.971786 -11.1076 22
      vertex 1.11124 -12.7015 22
      vertex 1.93618 -10.9806 22
    endloop
  endfacet
  facet normal -0 0 1
    outer loop
      vertex 0 -11.15 22
      vertex 1.11124 -12.7015 22
      vertex 0.971786 -11.1076 22
    endloop
  endfacet
  facet normal 0 0 1
    outer loop
      vertex 0 -11.15 22
      vertex 0 -12.75 22
      vertex 1.11124 -12.7015 22
    endloop
  endfacet
  facet normal 0 0 1
    outer loop
      vertex -0.971786 -11.1076 22
      vertex 0 -12.75 22
      vertex 0 -11.15 22
    endloop
  endfacet
  facet normal 0 0 1
    outer loop
      vertex -0.971786 -11.1076 22
      vertex -1.11124 -12.7015 22
      vertex 0 -12.75 22
    endloop
  endfacet
  facet normal 0 0 1
    outer loop
      vertex -1.93618 -10.9806 22
      vertex -1.11124 -12.7015 22
      vertex -0.971786 -11.1076 22
    endloop
  endfacet
  facet normal 0 0 1
    outer loop
      vertex -1.93618 -10.9806 22
      vertex -2.21401 -12.5563 22
      vertex -1.11124 -12.7015 22
    endloop
  endfacet
  facet normal 0 0 1
    outer loop
      vertex -2.88583 -10.7701 22
      vertex -2.21401 -12.5563 22
      vertex -1.93618 -10.9806 22
    endloop
  endfacet
  facet normal 0 0 1
    outer loop
      vertex -2.88583 -10.7701 22
      vertex -3.29994 -12.3156 22
      vertex -2.21401 -12.5563 22
    endloop
  endfacet
  facet normal 0 0 1
    outer loop
      vertex -3.81352 -10.4776 22
      vertex -3.29994 -12.3156 22
      vertex -2.88583 -10.7701 22
    endloop
  endfacet
  facet normal 0 0 1
    outer loop
      vertex -3.81352 -10.4776 22
      vertex -4.36076 -11.9811 22
      vertex -3.29994 -12.3156 22
    endloop
  endfacet
  facet normal 0 0 1
    outer loop
      vertex -4.71219 -10.1053 22
      vertex -4.36076 -11.9811 22
      vertex -3.81352 -10.4776 22
    endloop
  endfacet
  facet normal 0 0 1
    outer loop
      vertex -4.71219 -10.1053 22
      vertex -5.38838 -11.5554 22
      vertex -4.36076 -11.9811 22
    endloop
  endfacet
  facet normal 0 0 1
    outer loop
      vertex -5.575 -9.65618 22
      vertex -5.38838 -11.5554 22
      vertex -4.71219 -10.1053 22
    endloop
  endfacet
  facet normal 0 0 1
    outer loop
      vertex -5.575 -9.65618 22
      vertex -6.375 -11.0418 22
      vertex -5.38838 -11.5554 22
    endloop
  endfacet
  facet normal 0 0 1
    outer loop
      vertex -6.39538 -9.13354 22
      vertex -6.375 -11.0418 22
      vertex -5.575 -9.65618 22
    endloop
  endfacet
  facet normal 0 0 1
    outer loop
      vertex -7.3131 -10.4442 22
      vertex -6.39538 -9.13354 22
      vertex -7.16708 -8.5414 22
    endloop
  endfacet
  facet normal 0 0 1
    outer loop
      vertex -6.39538 -9.13354 22
      vertex -7.3131 -10.4442 22
      vertex -6.375 -11.0418 22
    endloop
  endfacet
  facet normal 0 0 1
    outer loop
      vertex -8.19554 -9.76707 22
      vertex -7.16708 -8.5414 22
      vertex -7.88424 -7.88424 22
    endloop
  endfacet
  facet normal 0 0 1
    outer loop
      vertex -7.16708 -8.5414 22
      vertex -8.19554 -9.76707 22
      vertex -7.3131 -10.4442 22
    endloop
  endfacet
  facet normal 0 0 1
    outer loop
      vertex -9.01561 -9.01561 22
      vertex -7.88424 -7.88424 22
      vertex -8.5414 -7.16708 22
    endloop
  endfacet
  facet normal 0 0 1
    outer loop
      vertex -7.88424 -7.88424 22
      vertex -9.01561 -9.01561 22
      vertex -8.19554 -9.76707 22
    endloop
  endfacet
  facet normal 0 0 1
    outer loop
      vertex -9.76707 -8.19554 22
      vertex -8.5414 -7.16708 22
      vertex -9.13354 -6.39538 22
    endloop
  endfacet
  facet normal 0 0 1
    outer loop
      vertex -10.4442 -7.3131 22
      vertex -9.13354 -6.39538 22
      vertex -9.65618 -5.575 22
    endloop
  endfacet
  facet normal 0 0 1
    outer loop
      vertex -8.5414 -7.16708 22
      vertex -9.76707 -8.19554 22
      vertex -9.01561 -9.01561 22
    endloop
  endfacet
  facet normal 0 0 1
    outer loop
      vertex -11.0418 -6.375 22
      vertex -9.65618 -5.575 22
      vertex -10.1053 -4.71219 22
    endloop
  endfacet
  facet normal 0 0 1
    outer loop
      vertex -9.13354 -6.39538 22
      vertex -10.4442 -7.3131 22
      vertex -9.76707 -8.19554 22
    endloop
  endfacet
  facet normal 0 0 1
    outer loop
      vertex -11.5554 -5.38838 22
      vertex -10.1053 -4.71219 22
      vertex -10.4776 -3.81352 22
    endloop
  endfacet
  facet normal 0 0 1
    outer loop
      vertex -11.9811 -4.36076 22
      vertex -10.4776 -3.81352 22
      vertex -10.7701 -2.88583 22
    endloop
  endfacet
  facet normal 0 0 1
    outer loop
      vertex -12.3156 -3.29994 22
      vertex -10.7701 -2.88583 22
      vertex -10.9806 -1.93618 22
    endloop
  endfacet
  facet normal 0 0 1
    outer loop
      vertex -9.65618 -5.575 22
      vertex -11.0418 -6.375 22
      vertex -10.4442 -7.3131 22
    endloop
  endfacet
  facet normal 0 0 1
    outer loop
      vertex -12.5563 -2.21401 22
      vertex -10.9806 -1.93618 22
      vertex -11.1076 -0.971786 22
    endloop
  endfacet
  facet normal 0 0 1
    outer loop
      vertex -12.7015 -1.11124 22
      vertex -11.1076 -0.971786 22
      vertex -11.15 0 22
    endloop
  endfacet
  facet normal -0 0 1
    outer loop
      vertex -12.5563 2.21401 22
      vertex -10.9806 1.93618 22
      vertex -12.3156 3.29994 22
    endloop
  endfacet
  facet normal 0 0 1
    outer loop
      vertex -10.1053 -4.71219 22
      vertex -11.5554 -5.38838 22
      vertex -11.0418 -6.375 22
    endloop
  endfacet
  facet normal 0 0 1
    outer loop
      vertex -10.9806 1.93618 22
      vertex -12.5563 2.21401 22
      vertex -11.1076 0.971786 22
    endloop
  endfacet
  facet normal 0 0 1
    outer loop
      vertex -10.4776 -3.81352 22
      vertex -11.9811 -4.36076 22
      vertex -11.5554 -5.38838 22
    endloop
  endfacet
  facet normal -0 0 1
    outer loop
      vertex -12.7015 1.11124 22
      vertex -11.1076 0.971786 22
      vertex -12.5563 2.21401 22
    endloop
  endfacet
  facet normal 0 0 1
    outer loop
      vertex -10.7701 -2.88583 22
      vertex -12.3156 -3.29994 22
      vertex -11.9811 -4.36076 22
    endloop
  endfacet
  facet normal 0 0 1
    outer loop
      vertex -11.1076 0.971786 22
      vertex -12.7015 1.11124 22
      vertex -11.15 0 22
    endloop
  endfacet
  facet normal 0 0 1
    outer loop
      vertex -10.9806 -1.93618 22
      vertex -12.5563 -2.21401 22
      vertex -12.3156 -3.29994 22
    endloop
  endfacet
  facet normal 0 0 1
    outer loop
      vertex -12.75 0 22
      vertex -11.15 0 22
      vertex -12.7015 1.11124 22
    endloop
  endfacet
  facet normal 0 0 1
    outer loop
      vertex -11.1076 -0.971786 22
      vertex -12.7015 -1.11124 22
      vertex -12.5563 -2.21401 22
    endloop
  endfacet
  facet normal 0 0 1
    outer loop
      vertex -11.15 0 22
      vertex -12.75 0 22
      vertex -12.7015 -1.11124 22
    endloop
  endfacet
  facet normal -0.130542 -0.991443 0
    outer loop
      vertex -2.21401 -12.5563 6.8
      vertex -1.11124 -12.7015 22
      vertex -2.21401 -12.5563 22
    endloop
  endfacet
  facet normal -0.130542 -0.991443 -0
    outer loop
      vertex -1.11124 -12.7015 22
      vertex -2.21401 -12.5563 6.8
      vertex -1.11124 -12.7015 6.8
    endloop
  endfacet
  facet normal -0.130542 -0.991443 0
    outer loop
      vertex -2.21401 -12.5563 0
      vertex -1.11124 -12.7015 2
      vertex -2.21401 -12.5563 2
    endloop
  endfacet
  facet normal -0.130542 -0.991443 -0
    outer loop
      vertex -1.11124 -12.7015 2
      vertex -2.21401 -12.5563 0
      vertex -1.11124 -12.7015 0
    endloop
  endfacet
  facet normal -0.130542 -0.991443 0
    outer loop
      vertex -2.21401 -12.5563 2.8
      vertex -1.11124 -12.7015 4
      vertex -2.21401 -12.5563 4
    endloop
  endfacet
  facet normal -0.130542 -0.991443 -0
    outer loop
      vertex -1.11124 -12.7015 4
      vertex -2.21401 -12.5563 2.8
      vertex -1.11124 -12.7015 2.8
    endloop
  endfacet
  facet normal -0.130542 -0.991443 0
    outer loop
      vertex -2.21401 -12.5563 4.8
      vertex -1.11124 -12.7015 6
      vertex -2.21401 -12.5563 6
    endloop
  endfacet
  facet normal -0.130542 -0.991443 -0
    outer loop
      vertex -1.11124 -12.7015 6
      vertex -2.21401 -12.5563 4.8
      vertex -1.11124 -12.7015 4.8
    endloop
  endfacet
  facet normal 0.0436034 0.999049 -0
    outer loop
      vertex 1.11124 12.7015 0
      vertex 0 12.75 2
      vertex 1.11124 12.7015 2
    endloop
  endfacet
  facet normal 0.0436034 0.999049 0
    outer loop
      vertex 0 12.75 2
      vertex 1.11124 12.7015 0
      vertex 0 12.75 0
    endloop
  endfacet
  facet normal 0.0436034 0.999049 -0
    outer loop
      vertex 1.11124 12.7015 6.8
      vertex 0 12.75 22
      vertex 1.11124 12.7015 22
    endloop
  endfacet
  facet normal 0.0436034 0.999049 0
    outer loop
      vertex 0 12.75 22
      vertex 1.11124 12.7015 6.8
      vertex 0 12.75 6.8
    endloop
  endfacet
  facet normal 0.0436034 0.999049 -0
    outer loop
      vertex 1.11124 12.7015 2.8
      vertex 0 12.75 4
      vertex 1.11124 12.7015 4
    endloop
  endfacet
  facet normal 0.0436034 0.999049 0
    outer loop
      vertex 0 12.75 4
      vertex 1.11124 12.7015 2.8
      vertex 0 12.75 2.8
    endloop
  endfacet
  facet normal 0.0436034 0.999049 -0
    outer loop
      vertex 1.11124 12.7015 4.8
      vertex 0 12.75 6
      vertex 1.11124 12.7015 6
    endloop
  endfacet
  facet normal 0.0436034 0.999049 0
    outer loop
      vertex 0 12.75 6
      vertex 1.11124 12.7015 4.8
      vertex 0 12.75 4.8
    endloop
  endfacet
  facet normal -0.0436034 0.999049 0
    outer loop
      vertex 0 12.75 6.8
      vertex -1.11124 12.7015 22
      vertex 0 12.75 22
    endloop
  endfacet
  facet normal -0.0436034 0.999049 0
    outer loop
      vertex -1.11124 12.7015 22
      vertex 0 12.75 6.8
      vertex -1.11124 12.7015 6.8
    endloop
  endfacet
  facet normal -0.0436034 0.999049 0
    outer loop
      vertex 0 12.75 0
      vertex -1.11124 12.7015 2
      vertex 0 12.75 2
    endloop
  endfacet
  facet normal -0.0436034 0.999049 0
    outer loop
      vertex -1.11124 12.7015 2
      vertex 0 12.75 0
      vertex -1.11124 12.7015 0
    endloop
  endfacet
  facet normal -0.0436034 0.999049 0
    outer loop
      vertex 0 12.75 2.8
      vertex -1.11124 12.7015 4
      vertex 0 12.75 4
    endloop
  endfacet
  facet normal -0.0436034 0.999049 0
    outer loop
      vertex -1.11124 12.7015 4
      vertex 0 12.75 2.8
      vertex -1.11124 12.7015 2.8
    endloop
  endfacet
  facet normal -0.0436034 0.999049 0
    outer loop
      vertex 0 12.75 4.8
      vertex -1.11124 12.7015 6
      vertex 0 12.75 6
    endloop
  endfacet
  facet normal -0.0436034 0.999049 0
    outer loop
      vertex -1.11124 12.7015 6
      vertex 0 12.75 4.8
      vertex -1.11124 12.7015 4.8
    endloop
  endfacet
  facet normal 0.737275 0.675592 0
    outer loop
      vertex 9.76707 8.19554 22
      vertex 9.01561 9.01561 6.8
      vertex 9.01561 9.01561 22
    endloop
  endfacet
  facet normal 0.737275 0.675592 0
    outer loop
      vertex 9.01561 9.01561 6.8
      vertex 9.76707 8.19554 22
      vertex 9.76707 8.19554 6.8
    endloop
  endfacet
  facet normal 0.737275 0.675592 0
    outer loop
      vertex 9.76707 8.19554 2
      vertex 9.01561 9.01561 0
      vertex 9.01561 9.01561 2
    endloop
  endfacet
  facet normal 0.737275 0.675592 0
    outer loop
      vertex 9.01561 9.01561 0
      vertex 9.76707 8.19554 2
      vertex 9.76707 8.19554 0
    endloop
  endfacet
  facet normal 0.737275 0.675592 0
    outer loop
      vertex 9.76707 8.19554 4
      vertex 9.01561 9.01561 2.8
      vertex 9.01561 9.01561 4
    endloop
  endfacet
  facet normal 0.737275 0.675592 0
    outer loop
      vertex 9.01561 9.01561 2.8
      vertex 9.76707 8.19554 4
      vertex 9.76707 8.19554 2.8
    endloop
  endfacet
  facet normal 0.737275 0.675592 0
    outer loop
      vertex 9.76707 8.19554 6
      vertex 9.01561 9.01561 4.8
      vertex 9.01561 9.01561 6
    endloop
  endfacet
  facet normal 0.737275 0.675592 0
    outer loop
      vertex 9.01561 9.01561 4.8
      vertex 9.76707 8.19554 6
      vertex 9.76707 8.19554 4.8
    endloop
  endfacet
  facet normal 0.887012 0.461747 0
    outer loop
      vertex 11.5554 5.38838 22
      vertex 11.0418 6.375 6.8
      vertex 11.0418 6.375 22
    endloop
  endfacet
  facet normal 0.887012 0.461747 0
    outer loop
      vertex 11.0418 6.375 6.8
      vertex 11.5554 5.38838 22
      vertex 11.5554 5.38838 6.8
    endloop
  endfacet
  facet normal 0.887012 0.461747 0
    outer loop
      vertex 11.5554 5.38838 2
      vertex 11.0418 6.375 0
      vertex 11.0418 6.375 2
    endloop
  endfacet
  facet normal 0.887012 0.461747 0
    outer loop
      vertex 11.0418 6.375 0
      vertex 11.5554 5.38838 2
      vertex 11.5554 5.38838 0
    endloop
  endfacet
  facet normal 0.887012 0.461747 0
    outer loop
      vertex 11.5554 5.38838 4
      vertex 11.0418 6.375 2.8
      vertex 11.0418 6.375 4
    endloop
  endfacet
  facet normal 0.887012 0.461747 0
    outer loop
      vertex 11.0418 6.375 2.8
      vertex 11.5554 5.38838 4
      vertex 11.5554 5.38838 2.8
    endloop
  endfacet
  facet normal 0.887012 0.461747 0
    outer loop
      vertex 11.5554 5.38838 6
      vertex 11.0418 6.375 4.8
      vertex 11.0418 6.375 6
    endloop
  endfacet
  facet normal 0.887012 0.461747 0
    outer loop
      vertex 11.0418 6.375 4.8
      vertex 11.5554 5.38838 6
      vertex 11.5554 5.38838 4.8
    endloop
  endfacet
  facet normal 0.843406 0.537277 0
    outer loop
      vertex 11.0418 6.375 22
      vertex 10.4442 7.3131 6.8
      vertex 10.4442 7.3131 22
    endloop
  endfacet
  facet normal 0.843406 0.537277 0
    outer loop
      vertex 10.4442 7.3131 6.8
      vertex 11.0418 6.375 22
      vertex 11.0418 6.375 6.8
    endloop
  endfacet
  facet normal 0.843406 0.537277 0
    outer loop
      vertex 11.0418 6.375 2
      vertex 10.4442 7.3131 0
      vertex 10.4442 7.3131 2
    endloop
  endfacet
  facet normal 0.843406 0.537277 0
    outer loop
      vertex 10.4442 7.3131 0
      vertex 11.0418 6.375 2
      vertex 11.0418 6.375 0
    endloop
  endfacet
  facet normal 0.843406 0.537277 0
    outer loop
      vertex 11.0418 6.375 4
      vertex 10.4442 7.3131 2.8
      vertex 10.4442 7.3131 4
    endloop
  endfacet
  facet normal 0.843406 0.537277 0
    outer loop
      vertex 10.4442 7.3131 2.8
      vertex 11.0418 6.375 4
      vertex 11.0418 6.375 2.8
    endloop
  endfacet
  facet normal 0.843406 0.537277 0
    outer loop
      vertex 11.0418 6.375 6
      vertex 10.4442 7.3131 4.8
      vertex 10.4442 7.3131 6
    endloop
  endfacet
  facet normal 0.843406 0.537277 0
    outer loop
      vertex 10.4442 7.3131 4.8
      vertex 11.0418 6.375 6
      vertex 11.0418 6.375 4.8
    endloop
  endfacet
  facet normal -0.675592 0.737275 0
    outer loop
      vertex -8.19554 9.76707 6.8
      vertex -9.01561 9.01561 22
      vertex -8.19554 9.76707 22
    endloop
  endfacet
  facet normal -0.675592 0.737275 0
    outer loop
      vertex -9.01561 9.01561 22
      vertex -8.19554 9.76707 6.8
      vertex -9.01561 9.01561 6.8
    endloop
  endfacet
  facet normal -0.675592 0.737275 0
    outer loop
      vertex -8.19554 9.76707 0
      vertex -9.01561 9.01561 2
      vertex -8.19554 9.76707 2
    endloop
  endfacet
  facet normal -0.675592 0.737275 0
    outer loop
      vertex -9.01561 9.01561 2
      vertex -8.19554 9.76707 0
      vertex -9.01561 9.01561 0
    endloop
  endfacet
  facet normal -0.675592 0.737275 0
    outer loop
      vertex -8.19554 9.76707 2.8
      vertex -9.01561 9.01561 4
      vertex -8.19554 9.76707 4
    endloop
  endfacet
  facet normal -0.675592 0.737275 0
    outer loop
      vertex -9.01561 9.01561 4
      vertex -8.19554 9.76707 2.8
      vertex -9.01561 9.01561 2.8
    endloop
  endfacet
  facet normal -0.675592 0.737275 0
    outer loop
      vertex -8.19554 9.76707 4.8
      vertex -9.01561 9.01561 6
      vertex -8.19554 9.76707 6
    endloop
  endfacet
  facet normal -0.675592 0.737275 0
    outer loop
      vertex -9.01561 9.01561 6
      vertex -8.19554 9.76707 4.8
      vertex -9.01561 9.01561 4.8
    endloop
  endfacet
  facet normal 0.382719 -0.923865 0
    outer loop
      vertex 4.36076 -11.9811 6.8
      vertex 5.38838 -11.5554 22
      vertex 4.36076 -11.9811 22
    endloop
  endfacet
  facet normal 0.382719 -0.923865 0
    outer loop
      vertex 5.38838 -11.5554 22
      vertex 4.36076 -11.9811 6.8
      vertex 5.38838 -11.5554 6.8
    endloop
  endfacet
  facet normal 0.382719 -0.923865 0
    outer loop
      vertex 4.36076 -11.9811 0
      vertex 5.38838 -11.5554 2
      vertex 4.36076 -11.9811 2
    endloop
  endfacet
  facet normal 0.382719 -0.923865 0
    outer loop
      vertex 5.38838 -11.5554 2
      vertex 4.36076 -11.9811 0
      vertex 5.38838 -11.5554 0
    endloop
  endfacet
  facet normal 0.382719 -0.923865 0
    outer loop
      vertex 4.36076 -11.9811 2.8
      vertex 5.38838 -11.5554 4
      vertex 4.36076 -11.9811 4
    endloop
  endfacet
  facet normal 0.382719 -0.923865 0
    outer loop
      vertex 5.38838 -11.5554 4
      vertex 4.36076 -11.9811 2.8
      vertex 5.38838 -11.5554 2.8
    endloop
  endfacet
  facet normal 0.382719 -0.923865 0
    outer loop
      vertex 4.36076 -11.9811 4.8
      vertex 5.38838 -11.5554 6
      vertex 4.36076 -11.9811 6
    endloop
  endfacet
  facet normal 0.382719 -0.923865 0
    outer loop
      vertex 5.38838 -11.5554 6
      vertex 4.36076 -11.9811 4.8
      vertex 5.38838 -11.5554 4.8
    endloop
  endfacet
  facet normal -0.976305 0.216401 0
    outer loop
      vertex -12.5563 2.21401 0
      vertex -12.3156 3.29994 2
      vertex -12.3156 3.29994 0
    endloop
  endfacet
  facet normal -0.976305 0.216401 0
    outer loop
      vertex -12.3156 3.29994 2
      vertex -12.5563 2.21401 0
      vertex -12.5563 2.21401 2
    endloop
  endfacet
  facet normal -0.976324 0.216313 0
    outer loop
      vertex -12.3156 3.29994 6.8
      vertex -12.4596 2.65 13
      vertex -12.3156 3.29994 22
    endloop
  endfacet
  facet normal -0.975922 0.218122 0.000198928
    outer loop
      vertex -12.3156 3.29994 6.8
      vertex -12.4619 2.63992 12.769
      vertex -12.4596 2.65 13
    endloop
  endfacet
  facet normal -0.976265 0.21658 2.00307e-05
    outer loop
      vertex -12.3156 3.29994 6.8
      vertex -12.4686 2.60974 12.5398
      vertex -12.4619 2.63992 12.769
    endloop
  endfacet
  facet normal -0.97628 0.21651 1.12394e-05
    outer loop
      vertex -12.3156 3.29994 6.8
      vertex -12.4797 2.5597 12.3141
      vertex -12.4686 2.60974 12.5398
    endloop
  endfacet
  facet normal -0.976322 0.216322 -1.52478e-05
    outer loop
      vertex -12.3156 3.29994 6.8
      vertex -12.4951 2.49018 12.0936
      vertex -12.4797 2.5597 12.3141
    endloop
  endfacet
  facet normal -0.976316 0.216348 -1.10764e-05
    outer loop
      vertex -12.3156 3.29994 6.8
      vertex -12.5147 2.40172 11.8801
      vertex -12.4951 2.49018 12.0936
    endloop
  endfacet
  facet normal -0.976249 0.216653 4.55374e-05
    outer loop
      vertex -12.3156 3.29994 6.8
      vertex -12.5384 2.29497 11.675
      vertex -12.5147 2.40172 11.8801
    endloop
  endfacet
  facet normal -0.976305 0.216401 0
    outer loop
      vertex -12.5563 2.21401 11.5479
      vertex -12.3156 3.29994 6.8
      vertex -12.5563 2.21401 6.8
    endloop
  endfacet
  facet normal -0.976389 0.21602 -9.1441e-05
    outer loop
      vertex -12.3156 3.29994 6.8
      vertex -12.5563 2.21401 11.5479
      vertex -12.5384 2.29497 11.675
    endloop
  endfacet
  facet normal -0.975808 0.21863 -0.000175596
    outer loop
      vertex -12.4619 2.63992 13.231
      vertex -12.3156 3.29994 22
      vertex -12.4596 2.65 13
    endloop
  endfacet
  facet normal -0.976258 0.216609 -1.59609e-05
    outer loop
      vertex -12.4686 2.60974 13.4602
      vertex -12.3156 3.29994 22
      vertex -12.4619 2.63992 13.231
    endloop
  endfacet
  facet normal -0.976278 0.216522 -8.53873e-06
    outer loop
      vertex -12.4797 2.5597 13.6859
      vertex -12.3156 3.29994 22
      vertex -12.4686 2.60974 13.4602
    endloop
  endfacet
  facet normal -0.976325 0.21631 1.12435e-05
    outer loop
      vertex -12.4951 2.49018 13.9064
      vertex -12.3156 3.29994 22
      vertex -12.4797 2.5597 13.6859
    endloop
  endfacet
  facet normal -0.976318 0.216341 7.98986e-06
    outer loop
      vertex -12.5147 2.40172 14.1199
      vertex -12.3156 3.29994 22
      vertex -12.4951 2.49018 13.9064
    endloop
  endfacet
  facet normal -0.976243 0.216678 -3.22636e-05
    outer loop
      vertex -12.5384 2.29497 14.325
      vertex -12.3156 3.29994 22
      vertex -12.5147 2.40172 14.1199
    endloop
  endfacet
  facet normal -0.976398 0.215979 6.37703e-05
    outer loop
      vertex -12.5563 2.21401 14.4521
      vertex -12.3156 3.29994 22
      vertex -12.5384 2.29497 14.325
    endloop
  endfacet
  facet normal -0.976305 0.216401 0
    outer loop
      vertex -12.3156 3.29994 22
      vertex -12.5563 2.21401 14.4521
      vertex -12.5563 2.21401 22
    endloop
  endfacet
  facet normal -0.976305 0.216401 0
    outer loop
      vertex -12.5563 2.21401 2.8
      vertex -12.3156 3.29994 4
      vertex -12.3156 3.29994 2.8
    endloop
  endfacet
  facet normal -0.976305 0.216401 0
    outer loop
      vertex -12.3156 3.29994 4
      vertex -12.5563 2.21401 2.8
      vertex -12.5563 2.21401 4
    endloop
  endfacet
  facet normal -0.976305 0.216401 0
    outer loop
      vertex -12.5563 2.21401 4.8
      vertex -12.3156 3.29994 6
      vertex -12.3156 3.29994 4.8
    endloop
  endfacet
  facet normal -0.976305 0.216401 0
    outer loop
      vertex -12.3156 3.29994 6
      vertex -12.5563 2.21401 4.8
      vertex -12.5563 2.21401 6
    endloop
  endfacet
  facet normal -0.216401 0.976305 0
    outer loop
      vertex -2.21401 12.5563 0
      vertex -3.29994 12.3156 2
      vertex -2.21401 12.5563 2
    endloop
  endfacet
  facet normal -0.216401 0.976305 0
    outer loop
      vertex -3.29994 12.3156 2
      vertex -2.21401 12.5563 0
      vertex -3.29994 12.3156 0
    endloop
  endfacet
  facet normal -0.216401 0.976305 0
    outer loop
      vertex -2.21401 12.5563 6.8
      vertex -3.29994 12.3156 22
      vertex -2.21401 12.5563 22
    endloop
  endfacet
  facet normal -0.216401 0.976305 0
    outer loop
      vertex -3.29994 12.3156 22
      vertex -2.21401 12.5563 6.8
      vertex -3.29994 12.3156 6.8
    endloop
  endfacet
  facet normal -0.216401 0.976305 0
    outer loop
      vertex -2.21401 12.5563 2.8
      vertex -3.29994 12.3156 4
      vertex -2.21401 12.5563 4
    endloop
  endfacet
  facet normal -0.216401 0.976305 0
    outer loop
      vertex -3.29994 12.3156 4
      vertex -2.21401 12.5563 2.8
      vertex -3.29994 12.3156 2.8
    endloop
  endfacet
  facet normal -0.216401 0.976305 0
    outer loop
      vertex -2.21401 12.5563 4.8
      vertex -3.29994 12.3156 6
      vertex -2.21401 12.5563 6
    endloop
  endfacet
  facet normal -0.216401 0.976305 0
    outer loop
      vertex -3.29994 12.3156 6
      vertex -2.21401 12.5563 4.8
      vertex -3.29994 12.3156 4.8
    endloop
  endfacet
  facet normal -0.991444 -0.130532 1.73388e-06
    outer loop
      vertex -12.5563 -2.21401 22
      vertex -12.7015 -1.11124 15.6405
      vertex -12.6011 -1.87383 14.8738
    endloop
  endfacet
  facet normal -0.991416 -0.130749 -8.80161e-06
    outer loop
      vertex -12.5563 -2.21401 22
      vertex -12.6011 -1.87383 14.8738
      vertex -12.5805 -2.03002 14.7034
    endloop
  endfacet
  facet normal -0.99147 -0.130338 1.73036e-06
    outer loop
      vertex -12.5563 -2.21401 22
      vertex -12.5805 -2.03002 14.7034
      vertex -12.562 -2.17075 14.52
    endloop
  endfacet
  facet normal -0.991431 -0.130632 -0
    outer loop
      vertex -12.5563 -2.21401 22
      vertex -12.562 -2.17075 14.52
      vertex -12.5563 -2.21401 14.4521
    endloop
  endfacet
  facet normal -0.991443 -0.130542 0
    outer loop
      vertex -12.7015 -1.11124 15.6405
      vertex -12.5563 -2.21401 22
      vertex -12.7015 -1.11124 22
    endloop
  endfacet
  facet normal -0.991443 -0.130542 0
    outer loop
      vertex -12.5563 -2.21401 0
      vertex -12.7015 -1.11124 2
      vertex -12.7015 -1.11124 0
    endloop
  endfacet
  facet normal -0.991443 -0.130542 0
    outer loop
      vertex -12.7015 -1.11124 2
      vertex -12.5563 -2.21401 0
      vertex -12.5563 -2.21401 2
    endloop
  endfacet
  facet normal -0.991443 -0.130542 0
    outer loop
      vertex -12.5563 -2.21401 6.8
      vertex -12.7015 -1.11124 10.5947
      vertex -12.7015 -1.11124 6.8
    endloop
  endfacet
  facet normal -0.99071 -0.135984 0.00160951
    outer loop
      vertex -12.7015 -1.11124 10.5947
      vertex -12.5563 -2.21401 6.8
      vertex -12.7003 -1.11994 10.5983
    endloop
  endfacet
  facet normal -0.991444 -0.130536 1.24537e-05
    outer loop
      vertex -12.7003 -1.11994 10.5983
      vertex -12.5563 -2.21401 6.8
      vertex -12.6733 -1.325 10.705
    endloop
  endfacet
  facet normal -0.991486 -0.130217 -6.14171e-05
    outer loop
      vertex -12.6733 -1.325 10.705
      vertex -12.5563 -2.21401 6.8
      vertex -12.6477 -1.51998 10.8292
    endloop
  endfacet
  facet normal -0.991411 -0.130783 3.7741e-05
    outer loop
      vertex -12.6477 -1.51998 10.8292
      vertex -12.5563 -2.21401 6.8
      vertex -12.6235 -1.70339 10.97
    endloop
  endfacet
  facet normal -0.991472 -0.130322 -1.96665e-05
    outer loop
      vertex -12.6235 -1.70339 10.97
      vertex -12.5563 -2.21401 6.8
      vertex -12.6011 -1.87383 11.1262
    endloop
  endfacet
  facet normal -0.991416 -0.130743 1.40481e-05
    outer loop
      vertex -12.6011 -1.87383 11.1262
      vertex -12.5563 -2.21401 6.8
      vertex -12.5805 -2.03002 11.2966
    endloop
  endfacet
  facet normal -0.991469 -0.13034 -2.7533e-06
    outer loop
      vertex -12.5805 -2.03002 11.2966
      vertex -12.5563 -2.21401 6.8
      vertex -12.562 -2.17075 11.48
    endloop
  endfacet
  facet normal -0.991431 -0.130632 0
    outer loop
      vertex -12.562 -2.17075 11.48
      vertex -12.5563 -2.21401 6.8
      vertex -12.5563 -2.21401 11.5479
    endloop
  endfacet
  facet normal -0.991443 -0.130542 0
    outer loop
      vertex -12.5563 -2.21401 2.8
      vertex -12.7015 -1.11124 4
      vertex -12.7015 -1.11124 2.8
    endloop
  endfacet
  facet normal -0.991443 -0.130542 0
    outer loop
      vertex -12.7015 -1.11124 4
      vertex -12.5563 -2.21401 2.8
      vertex -12.5563 -2.21401 4
    endloop
  endfacet
  facet normal -0.991443 -0.130542 0
    outer loop
      vertex -12.5563 -2.21401 4.8
      vertex -12.7015 -1.11124 6
      vertex -12.7015 -1.11124 4.8
    endloop
  endfacet
  facet normal -0.991443 -0.130542 0
    outer loop
      vertex -12.7015 -1.11124 6
      vertex -12.5563 -2.21401 4.8
      vertex -12.5563 -2.21401 6
    endloop
  endfacet
  facet normal -0.737275 -0.675592 0
    outer loop
      vertex -9.01561 -9.01561 6.8
      vertex -9.76707 -8.19554 22
      vertex -9.76707 -8.19554 6.8
    endloop
  endfacet
  facet normal -0.737275 -0.675592 0
    outer loop
      vertex -9.76707 -8.19554 22
      vertex -9.01561 -9.01561 6.8
      vertex -9.01561 -9.01561 22
    endloop
  endfacet
  facet normal -0.737275 -0.675592 0
    outer loop
      vertex -9.01561 -9.01561 0
      vertex -9.76707 -8.19554 2
      vertex -9.76707 -8.19554 0
    endloop
  endfacet
  facet normal -0.737275 -0.675592 0
    outer loop
      vertex -9.76707 -8.19554 2
      vertex -9.01561 -9.01561 0
      vertex -9.01561 -9.01561 2
    endloop
  endfacet
  facet normal -0.737275 -0.675592 0
    outer loop
      vertex -9.01561 -9.01561 2.8
      vertex -9.76707 -8.19554 4
      vertex -9.76707 -8.19554 2.8
    endloop
  endfacet
  facet normal -0.737275 -0.675592 0
    outer loop
      vertex -9.76707 -8.19554 4
      vertex -9.01561 -9.01561 2.8
      vertex -9.01561 -9.01561 4
    endloop
  endfacet
  facet normal -0.737275 -0.675592 0
    outer loop
      vertex -9.01561 -9.01561 4.8
      vertex -9.76707 -8.19554 6
      vertex -9.76707 -8.19554 4.8
    endloop
  endfacet
  facet normal -0.737275 -0.675592 0
    outer loop
      vertex -9.76707 -8.19554 6
      vertex -9.01561 -9.01561 4.8
      vertex -9.01561 -9.01561 6
    endloop
  endfacet
  facet normal -0.737275 0.675592 0
    outer loop
      vertex -9.76707 8.19554 0
      vertex -9.01561 9.01561 2
      vertex -9.01561 9.01561 0
    endloop
  endfacet
  facet normal -0.737275 0.675592 0
    outer loop
      vertex -9.01561 9.01561 2
      vertex -9.76707 8.19554 0
      vertex -9.76707 8.19554 2
    endloop
  endfacet
  facet normal -0.737275 0.675592 0
    outer loop
      vertex -9.76707 8.19554 6.8
      vertex -9.01561 9.01561 22
      vertex -9.01561 9.01561 6.8
    endloop
  endfacet
  facet normal -0.737275 0.675592 0
    outer loop
      vertex -9.01561 9.01561 22
      vertex -9.76707 8.19554 6.8
      vertex -9.76707 8.19554 22
    endloop
  endfacet
  facet normal -0.737275 0.675592 0
    outer loop
      vertex -9.76707 8.19554 2.8
      vertex -9.01561 9.01561 4
      vertex -9.01561 9.01561 2.8
    endloop
  endfacet
  facet normal -0.737275 0.675592 0
    outer loop
      vertex -9.01561 9.01561 4
      vertex -9.76707 8.19554 2.8
      vertex -9.76707 8.19554 4
    endloop
  endfacet
  facet normal -0.737275 0.675592 0
    outer loop
      vertex -9.76707 8.19554 4.8
      vertex -9.01561 9.01561 6
      vertex -9.01561 9.01561 4.8
    endloop
  endfacet
  facet normal -0.737275 0.675592 0
    outer loop
      vertex -9.01561 9.01561 6
      vertex -9.76707 8.19554 4.8
      vertex -9.76707 8.19554 6
    endloop
  endfacet
  facet normal -0.537277 0.843406 0
    outer loop
      vertex -6.375 11.0418 6.8
      vertex -7.3131 10.4442 22
      vertex -6.375 11.0418 22
    endloop
  endfacet
  facet normal -0.537277 0.843406 0
    outer loop
      vertex -7.3131 10.4442 22
      vertex -6.375 11.0418 6.8
      vertex -7.3131 10.4442 6.8
    endloop
  endfacet
  facet normal -0.537277 0.843406 0
    outer loop
      vertex -6.375 11.0418 0
      vertex -7.3131 10.4442 2
      vertex -6.375 11.0418 2
    endloop
  endfacet
  facet normal -0.537277 0.843406 0
    outer loop
      vertex -7.3131 10.4442 2
      vertex -6.375 11.0418 0
      vertex -7.3131 10.4442 0
    endloop
  endfacet
  facet normal -0.537277 0.843406 0
    outer loop
      vertex -6.375 11.0418 2.8
      vertex -7.3131 10.4442 4
      vertex -6.375 11.0418 4
    endloop
  endfacet
  facet normal -0.537277 0.843406 0
    outer loop
      vertex -7.3131 10.4442 4
      vertex -6.375 11.0418 2.8
      vertex -7.3131 10.4442 2.8
    endloop
  endfacet
  facet normal -0.537277 0.843406 0
    outer loop
      vertex -6.375 11.0418 4.8
      vertex -7.3131 10.4442 6
      vertex -6.375 11.0418 6
    endloop
  endfacet
  facet normal -0.537277 0.843406 0
    outer loop
      vertex -7.3131 10.4442 6
      vertex -6.375 11.0418 4.8
      vertex -7.3131 10.4442 4.8
    endloop
  endfacet
  facet normal -0.793349 -0.608767 0
    outer loop
      vertex -9.76707 -8.19554 0
      vertex -10.4442 -7.3131 2
      vertex -10.4442 -7.3131 0
    endloop
  endfacet
  facet normal -0.793349 -0.608767 0
    outer loop
      vertex -10.4442 -7.3131 2
      vertex -9.76707 -8.19554 0
      vertex -9.76707 -8.19554 2
    endloop
  endfacet
  facet normal -0.793349 -0.608767 0
    outer loop
      vertex -9.76707 -8.19554 6.8
      vertex -10.4442 -7.3131 22
      vertex -10.4442 -7.3131 6.8
    endloop
  endfacet
  facet normal -0.793349 -0.608767 0
    outer loop
      vertex -10.4442 -7.3131 22
      vertex -9.76707 -8.19554 6.8
      vertex -9.76707 -8.19554 22
    endloop
  endfacet
  facet normal -0.793349 -0.608767 0
    outer loop
      vertex -9.76707 -8.19554 2.8
      vertex -10.4442 -7.3131 4
      vertex -10.4442 -7.3131 2.8
    endloop
  endfacet
  facet normal -0.793349 -0.608767 0
    outer loop
      vertex -10.4442 -7.3131 4
      vertex -9.76707 -8.19554 2.8
      vertex -9.76707 -8.19554 4
    endloop
  endfacet
  facet normal -0.793349 -0.608767 0
    outer loop
      vertex -9.76707 -8.19554 4.8
      vertex -10.4442 -7.3131 6
      vertex -10.4442 -7.3131 4.8
    endloop
  endfacet
  facet normal -0.793349 -0.608767 0
    outer loop
      vertex -10.4442 -7.3131 6
      vertex -9.76707 -8.19554 4.8
      vertex -9.76707 -8.19554 6
    endloop
  endfacet
  facet normal -0.675592 -0.737275 0
    outer loop
      vertex -9.01561 -9.01561 6.8
      vertex -8.19554 -9.76707 22
      vertex -9.01561 -9.01561 22
    endloop
  endfacet
  facet normal -0.675592 -0.737275 -0
    outer loop
      vertex -8.19554 -9.76707 22
      vertex -9.01561 -9.01561 6.8
      vertex -8.19554 -9.76707 6.8
    endloop
  endfacet
  facet normal -0.675592 -0.737275 0
    outer loop
      vertex -9.01561 -9.01561 0
      vertex -8.19554 -9.76707 2
      vertex -9.01561 -9.01561 2
    endloop
  endfacet
  facet normal -0.675592 -0.737275 -0
    outer loop
      vertex -8.19554 -9.76707 2
      vertex -9.01561 -9.01561 0
      vertex -8.19554 -9.76707 0
    endloop
  endfacet
  facet normal -0.675592 -0.737275 0
    outer loop
      vertex -9.01561 -9.01561 2.8
      vertex -8.19554 -9.76707 4
      vertex -9.01561 -9.01561 4
    endloop
  endfacet
  facet normal -0.675592 -0.737275 -0
    outer loop
      vertex -8.19554 -9.76707 4
      vertex -9.01561 -9.01561 2.8
      vertex -8.19554 -9.76707 2.8
    endloop
  endfacet
  facet normal -0.675592 -0.737275 0
    outer loop
      vertex -9.01561 -9.01561 4.8
      vertex -8.19554 -9.76707 6
      vertex -9.01561 -9.01561 6
    endloop
  endfacet
  facet normal -0.675592 -0.737275 -0
    outer loop
      vertex -8.19554 -9.76707 6
      vertex -9.01561 -9.01561 4.8
      vertex -8.19554 -9.76707 4.8
    endloop
  endfacet
  facet normal -0.999049 -0.0436034 0
    outer loop
      vertex -12.7015 -1.11124 0
      vertex -12.75 0 2
      vertex -12.75 0 0
    endloop
  endfacet
  facet normal -0.999049 -0.0436034 0
    outer loop
      vertex -12.75 0 2
      vertex -12.7015 -1.11124 0
      vertex -12.7015 -1.11124 2
    endloop
  endfacet
  facet normal -0.999201 -0.0399747 0
    outer loop
      vertex -12.7498 -0.00499916 16.7527
      vertex -12.75 0 22
      vertex -12.75 0 16.7527
    endloop
  endfacet
  facet normal -0.999048 -0.0436198 -0
    outer loop
      vertex -12.7015 -1.11124 22
      vertex -12.7498 -0.00499916 16.7527
      vertex -12.7015 -1.11124 15.6405
    endloop
  endfacet
  facet normal -0.999049 -0.0436034 3.46287e-06
    outer loop
      vertex -12.7498 -0.00499916 16.7527
      vertex -12.7015 -1.11124 22
      vertex -12.75 0 22
    endloop
  endfacet
  facet normal -0.999045 -0.0436884 0
    outer loop
      vertex -12.75 0 6.8
      vertex -12.7399 -0.230962 10.3601
      vertex -12.75 0 10.35
    endloop
  endfacet
  facet normal -0.999049 -0.0436034 5.52212e-06
    outer loop
      vertex -12.7015 -1.11124 6.8
      vertex -12.7399 -0.230962 10.3601
      vertex -12.75 0 6.8
    endloop
  endfacet
  facet normal -0.99905 -0.0435874 1.5509e-06
    outer loop
      vertex -12.7399 -0.230962 10.3601
      vertex -12.7015 -1.11124 6.8
      vertex -12.7299 -0.460167 10.3903
    endloop
  endfacet
  facet normal -0.999058 -0.0433867 -3.4906e-05
    outer loop
      vertex -12.7299 -0.460167 10.3903
      vertex -12.7015 -1.11124 6.8
      vertex -12.7201 -0.68587 10.4403
    endloop
  endfacet
  facet normal -0.999034 -0.0439423 3.01386e-05
    outer loop
      vertex -12.7201 -0.68587 10.4403
      vertex -12.7015 -1.11124 6.8
      vertex -12.7104 -0.906353 10.5098
    endloop
  endfacet
  facet normal -0.999058 -0.0433977 0
    outer loop
      vertex -12.7104 -0.906353 10.5098
      vertex -12.7015 -1.11124 6.8
      vertex -12.7015 -1.11124 10.5947
    endloop
  endfacet
  facet normal -0.999049 -0.0436034 0
    outer loop
      vertex -12.7015 -1.11124 2.8
      vertex -12.75 0 4
      vertex -12.75 0 2.8
    endloop
  endfacet
  facet normal -0.999049 -0.0436034 0
    outer loop
      vertex -12.75 0 4
      vertex -12.7015 -1.11124 2.8
      vertex -12.7015 -1.11124 4
    endloop
  endfacet
  facet normal -0.999049 -0.0436034 0
    outer loop
      vertex -12.7015 -1.11124 4.8
      vertex -12.75 0 6
      vertex -12.75 0 4.8
    endloop
  endfacet
  facet normal -0.999049 -0.0436034 0
    outer loop
      vertex -12.75 0 6
      vertex -12.7015 -1.11124 4.8
      vertex -12.7015 -1.11124 6
    endloop
  endfacet
  facet normal -0.461747 0.887012 0
    outer loop
      vertex -5.38838 11.5554 0
      vertex -6.375 11.0418 2
      vertex -5.38838 11.5554 2
    endloop
  endfacet
  facet normal -0.461747 0.887012 0
    outer loop
      vertex -6.375 11.0418 2
      vertex -5.38838 11.5554 0
      vertex -6.375 11.0418 0
    endloop
  endfacet
  facet normal -0.461747 0.887012 0
    outer loop
      vertex -5.38838 11.5554 6.8
      vertex -6.375 11.0418 22
      vertex -5.38838 11.5554 22
    endloop
  endfacet
  facet normal -0.461747 0.887012 0
    outer loop
      vertex -6.375 11.0418 22
      vertex -5.38838 11.5554 6.8
      vertex -6.375 11.0418 6.8
    endloop
  endfacet
  facet normal -0.461747 0.887012 0
    outer loop
      vertex -5.38838 11.5554 2.8
      vertex -6.375 11.0418 4
      vertex -5.38838 11.5554 4
    endloop
  endfacet
  facet normal -0.461747 0.887012 0
    outer loop
      vertex -6.375 11.0418 4
      vertex -5.38838 11.5554 2.8
      vertex -6.375 11.0418 2.8
    endloop
  endfacet
  facet normal -0.461747 0.887012 0
    outer loop
      vertex -5.38838 11.5554 4.8
      vertex -6.375 11.0418 6
      vertex -5.38838 11.5554 6
    endloop
  endfacet
  facet normal -0.461747 0.887012 0
    outer loop
      vertex -6.375 11.0418 6
      vertex -5.38838 11.5554 4.8
      vertex -6.375 11.0418 4.8
    endloop
  endfacet
  facet normal -0.793349 0.608767 0
    outer loop
      vertex -10.4442 7.3131 0
      vertex -9.76707 8.19554 2
      vertex -9.76707 8.19554 0
    endloop
  endfacet
  facet normal -0.793349 0.608767 0
    outer loop
      vertex -9.76707 8.19554 2
      vertex -10.4442 7.3131 0
      vertex -10.4442 7.3131 2
    endloop
  endfacet
  facet normal -0.793349 0.608767 0
    outer loop
      vertex -10.4442 7.3131 6.8
      vertex -9.76707 8.19554 22
      vertex -9.76707 8.19554 6.8
    endloop
  endfacet
  facet normal -0.793349 0.608767 0
    outer loop
      vertex -9.76707 8.19554 22
      vertex -10.4442 7.3131 6.8
      vertex -10.4442 7.3131 22
    endloop
  endfacet
  facet normal -0.793349 0.608767 0
    outer loop
      vertex -10.4442 7.3131 2.8
      vertex -9.76707 8.19554 4
      vertex -9.76707 8.19554 2.8
    endloop
  endfacet
  facet normal -0.793349 0.608767 0
    outer loop
      vertex -9.76707 8.19554 4
      vertex -10.4442 7.3131 2.8
      vertex -10.4442 7.3131 4
    endloop
  endfacet
  facet normal -0.793349 0.608767 0
    outer loop
      vertex -10.4442 7.3131 4.8
      vertex -9.76707 8.19554 6
      vertex -9.76707 8.19554 4.8
    endloop
  endfacet
  facet normal -0.793349 0.608767 0
    outer loop
      vertex -9.76707 8.19554 6
      vertex -10.4442 7.3131 4.8
      vertex -10.4442 7.3131 6
    endloop
  endfacet
  facet normal 0.537277 -0.843406 0
    outer loop
      vertex 6.375 -11.0418 0
      vertex 7.3131 -10.4442 2
      vertex 6.375 -11.0418 2
    endloop
  endfacet
  facet normal 0.537277 -0.843406 0
    outer loop
      vertex 7.3131 -10.4442 2
      vertex 6.375 -11.0418 0
      vertex 7.3131 -10.4442 0
    endloop
  endfacet
  facet normal 0.537277 -0.843406 0
    outer loop
      vertex 6.375 -11.0418 6.8
      vertex 7.3131 -10.4442 22
      vertex 6.375 -11.0418 22
    endloop
  endfacet
  facet normal 0.537277 -0.843406 0
    outer loop
      vertex 7.3131 -10.4442 22
      vertex 6.375 -11.0418 6.8
      vertex 7.3131 -10.4442 6.8
    endloop
  endfacet
  facet normal 0.537277 -0.843406 0
    outer loop
      vertex 6.375 -11.0418 2.8
      vertex 7.3131 -10.4442 4
      vertex 6.375 -11.0418 4
    endloop
  endfacet
  facet normal 0.537277 -0.843406 0
    outer loop
      vertex 7.3131 -10.4442 4
      vertex 6.375 -11.0418 2.8
      vertex 7.3131 -10.4442 2.8
    endloop
  endfacet
  facet normal 0.537277 -0.843406 0
    outer loop
      vertex 6.375 -11.0418 4.8
      vertex 7.3131 -10.4442 6
      vertex 6.375 -11.0418 6
    endloop
  endfacet
  facet normal 0.537277 -0.843406 0
    outer loop
      vertex 7.3131 -10.4442 6
      vertex 6.375 -11.0418 4.8
      vertex 7.3131 -10.4442 4.8
    endloop
  endfacet
  facet normal 0 0 -1
    outer loop
      vertex 12.7015 -1.11124 0
      vertex 12.7015 1.11124 0
      vertex 12.75 0 0
    endloop
  endfacet
  facet normal 0 0 -1
    outer loop
      vertex 12.5563 -2.21401 0
      vertex 12.7015 1.11124 0
      vertex 12.7015 -1.11124 0
    endloop
  endfacet
  facet normal 0 0 -1
    outer loop
      vertex 12.5563 -2.21401 0
      vertex 12.5563 2.21401 0
      vertex 12.7015 1.11124 0
    endloop
  endfacet
  facet normal 0 0 -1
    outer loop
      vertex 12.3156 -3.29994 0
      vertex 12.5563 2.21401 0
      vertex 12.5563 -2.21401 0
    endloop
  endfacet
  facet normal 0 0 -1
    outer loop
      vertex 12.3156 -3.29994 0
      vertex 12.3156 3.29994 0
      vertex 12.5563 2.21401 0
    endloop
  endfacet
  facet normal 0 0 -1
    outer loop
      vertex 11.9811 -4.36076 0
      vertex 12.3156 3.29994 0
      vertex 12.3156 -3.29994 0
    endloop
  endfacet
  facet normal 0 0 -1
    outer loop
      vertex 11.9811 -4.36076 0
      vertex 11.9811 4.36076 0
      vertex 12.3156 3.29994 0
    endloop
  endfacet
  facet normal 0 0 -1
    outer loop
      vertex 11.5554 -5.38838 0
      vertex 11.9811 4.36076 0
      vertex 11.9811 -4.36076 0
    endloop
  endfacet
  facet normal 0 0 -1
    outer loop
      vertex 11.5554 -5.38838 0
      vertex 11.5554 5.38838 0
      vertex 11.9811 4.36076 0
    endloop
  endfacet
  facet normal 0 0 -1
    outer loop
      vertex 11.0418 -6.375 0
      vertex 11.5554 5.38838 0
      vertex 11.5554 -5.38838 0
    endloop
  endfacet
  facet normal 0 0 -1
    outer loop
      vertex 11.0418 -6.375 0
      vertex 11.0418 6.375 0
      vertex 11.5554 5.38838 0
    endloop
  endfacet
  facet normal 0 0 -1
    outer loop
      vertex 10.4442 -7.3131 0
      vertex 11.0418 6.375 0
      vertex 11.0418 -6.375 0
    endloop
  endfacet
  facet normal 0 0 -1
    outer loop
      vertex 10.4442 -7.3131 0
      vertex 10.4442 7.3131 0
      vertex 11.0418 6.375 0
    endloop
  endfacet
  facet normal 0 0 -1
    outer loop
      vertex 9.76707 -8.19554 0
      vertex 10.4442 7.3131 0
      vertex 10.4442 -7.3131 0
    endloop
  endfacet
  facet normal 0 0 -1
    outer loop
      vertex 9.76707 -8.19554 0
      vertex 9.76707 8.19554 0
      vertex 10.4442 7.3131 0
    endloop
  endfacet
  facet normal 0 0 -1
    outer loop
      vertex 9.01561 -9.01561 0
      vertex 9.76707 8.19554 0
      vertex 9.76707 -8.19554 0
    endloop
  endfacet
  facet normal 0 0 -1
    outer loop
      vertex 9.01561 -9.01561 0
      vertex 9.01561 9.01561 0
      vertex 9.76707 8.19554 0
    endloop
  endfacet
  facet normal 0 0 -1
    outer loop
      vertex 8.19554 -9.76707 0
      vertex 9.01561 9.01561 0
      vertex 9.01561 -9.01561 0
    endloop
  endfacet
  facet normal 0 0 -1
    outer loop
      vertex 8.19554 -9.76707 0
      vertex 8.19554 9.76707 0
      vertex 9.01561 9.01561 0
    endloop
  endfacet
  facet normal 0 0 -1
    outer loop
      vertex 7.3131 -10.4442 0
      vertex 8.19554 9.76707 0
      vertex 8.19554 -9.76707 0
    endloop
  endfacet
  facet normal 0 0 -1
    outer loop
      vertex 7.3131 -10.4442 0
      vertex 7.3131 10.4442 0
      vertex 8.19554 9.76707 0
    endloop
  endfacet
  facet normal 0 0 -1
    outer loop
      vertex 6.375 -11.0418 0
      vertex 7.3131 10.4442 0
      vertex 7.3131 -10.4442 0
    endloop
  endfacet
  facet normal 0 0 -1
    outer loop
      vertex 6.375 -11.0418 0
      vertex 6.375 11.0418 0
      vertex 7.3131 10.4442 0
    endloop
  endfacet
  facet normal 0 0 -1
    outer loop
      vertex 5.38838 -11.5554 0
      vertex 6.375 11.0418 0
      vertex 6.375 -11.0418 0
    endloop
  endfacet
  facet normal 0 0 -1
    outer loop
      vertex 5.38838 -11.5554 0
      vertex 5.38838 11.5554 0
      vertex 6.375 11.0418 0
    endloop
  endfacet
  facet normal 0 0 -1
    outer loop
      vertex 4.36076 -11.9811 0
      vertex 5.38838 11.5554 0
      vertex 5.38838 -11.5554 0
    endloop
  endfacet
  facet normal 0 0 -1
    outer loop
      vertex 4.36076 -11.9811 0
      vertex 4.36076 11.9811 0
      vertex 5.38838 11.5554 0
    endloop
  endfacet
  facet normal 0 0 -1
    outer loop
      vertex 3.29994 -12.3156 0
      vertex 4.36076 11.9811 0
      vertex 4.36076 -11.9811 0
    endloop
  endfacet
  facet normal 0 0 -1
    outer loop
      vertex 3.29994 -12.3156 0
      vertex 3.29994 12.3156 0
      vertex 4.36076 11.9811 0
    endloop
  endfacet
  facet normal 0 0 -1
    outer loop
      vertex 2.21401 -12.5563 0
      vertex 3.29994 12.3156 0
      vertex 3.29994 -12.3156 0
    endloop
  endfacet
  facet normal 0 0 -1
    outer loop
      vertex 2.21401 -12.5563 0
      vertex 2.21401 12.5563 0
      vertex 3.29994 12.3156 0
    endloop
  endfacet
  facet normal 0 0 -1
    outer loop
      vertex 1.11124 -12.7015 0
      vertex 2.21401 12.5563 0
      vertex 2.21401 -12.5563 0
    endloop
  endfacet
  facet normal 0 0 -1
    outer loop
      vertex 1.11124 -12.7015 0
      vertex 1.11124 12.7015 0
      vertex 2.21401 12.5563 0
    endloop
  endfacet
  facet normal 0 0 -1
    outer loop
      vertex 0 -12.75 0
      vertex 1.11124 12.7015 0
      vertex 1.11124 -12.7015 0
    endloop
  endfacet
  facet normal 0 0 -1
    outer loop
      vertex 0 -12.75 0
      vertex 0 12.75 0
      vertex 1.11124 12.7015 0
    endloop
  endfacet
  facet normal 0 0 -1
    outer loop
      vertex -1.11124 -12.7015 0
      vertex 0 12.75 0
      vertex 0 -12.75 0
    endloop
  endfacet
  facet normal 0 0 -1
    outer loop
      vertex -1.11124 -12.7015 0
      vertex -1.11124 12.7015 0
      vertex 0 12.75 0
    endloop
  endfacet
  facet normal 0 0 -1
    outer loop
      vertex -2.21401 -12.5563 0
      vertex -1.11124 12.7015 0
      vertex -1.11124 -12.7015 0
    endloop
  endfacet
  facet normal 0 0 -1
    outer loop
      vertex -2.21401 -12.5563 0
      vertex -2.21401 12.5563 0
      vertex -1.11124 12.7015 0
    endloop
  endfacet
  facet normal 0 0 -1
    outer loop
      vertex -3.29994 -12.3156 0
      vertex -2.21401 12.5563 0
      vertex -2.21401 -12.5563 0
    endloop
  endfacet
  facet normal 0 0 -1
    outer loop
      vertex -3.29994 -12.3156 0
      vertex -3.29994 12.3156 0
      vertex -2.21401 12.5563 0
    endloop
  endfacet
  facet normal 0 0 -1
    outer loop
      vertex -4.36076 -11.9811 0
      vertex -3.29994 12.3156 0
      vertex -3.29994 -12.3156 0
    endloop
  endfacet
  facet normal 0 0 -1
    outer loop
      vertex -4.36076 -11.9811 0
      vertex -4.36076 11.9811 0
      vertex -3.29994 12.3156 0
    endloop
  endfacet
  facet normal 0 0 -1
    outer loop
      vertex -5.38838 -11.5554 0
      vertex -4.36076 11.9811 0
      vertex -4.36076 -11.9811 0
    endloop
  endfacet
  facet normal 0 0 -1
    outer loop
      vertex -5.38838 -11.5554 0
      vertex -5.38838 11.5554 0
      vertex -4.36076 11.9811 0
    endloop
  endfacet
  facet normal 0 0 -1
    outer loop
      vertex -6.375 -11.0418 0
      vertex -5.38838 11.5554 0
      vertex -5.38838 -11.5554 0
    endloop
  endfacet
  facet normal 0 0 -1
    outer loop
      vertex -6.375 -11.0418 0
      vertex -6.375 11.0418 0
      vertex -5.38838 11.5554 0
    endloop
  endfacet
  facet normal 0 0 -1
    outer loop
      vertex -7.3131 -10.4442 0
      vertex -6.375 11.0418 0
      vertex -6.375 -11.0418 0
    endloop
  endfacet
  facet normal 0 0 -1
    outer loop
      vertex -7.3131 -10.4442 0
      vertex -7.3131 10.4442 0
      vertex -6.375 11.0418 0
    endloop
  endfacet
  facet normal 0 0 -1
    outer loop
      vertex -8.19554 -9.76707 0
      vertex -7.3131 10.4442 0
      vertex -7.3131 -10.4442 0
    endloop
  endfacet
  facet normal 0 0 -1
    outer loop
      vertex -8.19554 -9.76707 0
      vertex -8.19554 9.76707 0
      vertex -7.3131 10.4442 0
    endloop
  endfacet
  facet normal 0 0 -1
    outer loop
      vertex -9.01561 -9.01561 0
      vertex -8.19554 9.76707 0
      vertex -8.19554 -9.76707 0
    endloop
  endfacet
  facet normal 0 0 -1
    outer loop
      vertex -9.01561 -9.01561 0
      vertex -9.01561 9.01561 0
      vertex -8.19554 9.76707 0
    endloop
  endfacet
  facet normal 0 0 -1
    outer loop
      vertex -9.76707 -8.19554 0
      vertex -9.01561 9.01561 0
      vertex -9.01561 -9.01561 0
    endloop
  endfacet
  facet normal 0 0 -1
    outer loop
      vertex -9.76707 -8.19554 0
      vertex -9.76707 8.19554 0
      vertex -9.01561 9.01561 0
    endloop
  endfacet
  facet normal 0 0 -1
    outer loop
      vertex -10.4442 -7.3131 0
      vertex -9.76707 8.19554 0
      vertex -9.76707 -8.19554 0
    endloop
  endfacet
  facet normal 0 0 -1
    outer loop
      vertex -10.4442 -7.3131 0
      vertex -10.4442 7.3131 0
      vertex -9.76707 8.19554 0
    endloop
  endfacet
  facet normal 0 0 -1
    outer loop
      vertex -11.0418 -6.375 0
      vertex -10.4442 7.3131 0
      vertex -10.4442 -7.3131 0
    endloop
  endfacet
  facet normal 0 0 -1
    outer loop
      vertex -11.0418 -6.375 0
      vertex -11.0418 6.375 0
      vertex -10.4442 7.3131 0
    endloop
  endfacet
  facet normal 0 0 -1
    outer loop
      vertex -11.5554 -5.38838 0
      vertex -11.0418 6.375 0
      vertex -11.0418 -6.375 0
    endloop
  endfacet
  facet normal 0 0 -1
    outer loop
      vertex -11.5554 -5.38838 0
      vertex -11.5554 5.38838 0
      vertex -11.0418 6.375 0
    endloop
  endfacet
  facet normal 0 0 -1
    outer loop
      vertex -11.9811 -4.36076 0
      vertex -11.5554 5.38838 0
      vertex -11.5554 -5.38838 0
    endloop
  endfacet
  facet normal 0 0 -1
    outer loop
      vertex -11.9811 -4.36076 0
      vertex -11.9811 4.36076 0
      vertex -11.5554 5.38838 0
    endloop
  endfacet
  facet normal 0 0 -1
    outer loop
      vertex -12.3156 -3.29994 0
      vertex -11.9811 4.36076 0
      vertex -11.9811 -4.36076 0
    endloop
  endfacet
  facet normal 0 0 -1
    outer loop
      vertex -12.3156 -3.29994 0
      vertex -12.3156 3.29994 0
      vertex -11.9811 4.36076 0
    endloop
  endfacet
  facet normal 0 0 -1
    outer loop
      vertex -12.5563 -2.21401 0
      vertex -12.3156 3.29994 0
      vertex -12.3156 -3.29994 0
    endloop
  endfacet
  facet normal 0 0 -1
    outer loop
      vertex -12.5563 -2.21401 0
      vertex -12.5563 2.21401 0
      vertex -12.3156 3.29994 0
    endloop
  endfacet
  facet normal 0 0 -1
    outer loop
      vertex -12.7015 -1.11124 0
      vertex -12.5563 2.21401 0
      vertex -12.5563 -2.21401 0
    endloop
  endfacet
  facet normal 0 0 -1
    outer loop
      vertex -12.7015 -1.11124 0
      vertex -12.7015 1.11124 0
      vertex -12.5563 2.21401 0
    endloop
  endfacet
  facet normal 0 -0 -1
    outer loop
      vertex -12.7015 1.11124 0
      vertex -12.7015 -1.11124 0
      vertex -12.75 0 0
    endloop
  endfacet
  facet normal -0.382719 0.923865 0
    outer loop
      vertex -4.36076 11.9811 0
      vertex -5.38838 11.5554 2
      vertex -4.36076 11.9811 2
    endloop
  endfacet
  facet normal -0.382719 0.923865 0
    outer loop
      vertex -5.38838 11.5554 2
      vertex -4.36076 11.9811 0
      vertex -5.38838 11.5554 0
    endloop
  endfacet
  facet normal -0.382719 0.923865 0
    outer loop
      vertex -4.36076 11.9811 6.8
      vertex -5.38838 11.5554 22
      vertex -4.36076 11.9811 22
    endloop
  endfacet
  facet normal -0.382719 0.923865 0
    outer loop
      vertex -5.38838 11.5554 22
      vertex -4.36076 11.9811 6.8
      vertex -5.38838 11.5554 6.8
    endloop
  endfacet
  facet normal -0.382719 0.923865 0
    outer loop
      vertex -4.36076 11.9811 2.8
      vertex -5.38838 11.5554 4
      vertex -4.36076 11.9811 4
    endloop
  endfacet
  facet normal -0.382719 0.923865 0
    outer loop
      vertex -5.38838 11.5554 4
      vertex -4.36076 11.9811 2.8
      vertex -5.38838 11.5554 2.8
    endloop
  endfacet
  facet normal -0.382719 0.923865 0
    outer loop
      vertex -4.36076 11.9811 4.8
      vertex -5.38838 11.5554 6
      vertex -4.36076 11.9811 6
    endloop
  endfacet
  facet normal -0.382719 0.923865 0
    outer loop
      vertex -5.38838 11.5554 6
      vertex -4.36076 11.9811 4.8
      vertex -5.38838 11.5554 4.8
    endloop
  endfacet
  facet normal -0.923865 -0.382719 0
    outer loop
      vertex -11.5554 -5.38838 0
      vertex -11.9811 -4.36076 2
      vertex -11.9811 -4.36076 0
    endloop
  endfacet
  facet normal -0.923865 -0.382719 0
    outer loop
      vertex -11.9811 -4.36076 2
      vertex -11.5554 -5.38838 0
      vertex -11.5554 -5.38838 2
    endloop
  endfacet
  facet normal -0.923865 -0.382719 0
    outer loop
      vertex -11.5554 -5.38838 6.8
      vertex -11.9811 -4.36076 22
      vertex -11.9811 -4.36076 6.8
    endloop
  endfacet
  facet normal -0.923865 -0.382719 0
    outer loop
      vertex -11.9811 -4.36076 22
      vertex -11.5554 -5.38838 6.8
      vertex -11.5554 -5.38838 22
    endloop
  endfacet
  facet normal -0.923865 -0.382719 0
    outer loop
      vertex -11.5554 -5.38838 2.8
      vertex -11.9811 -4.36076 4
      vertex -11.9811 -4.36076 2.8
    endloop
  endfacet
  facet normal -0.923865 -0.382719 0
    outer loop
      vertex -11.9811 -4.36076 4
      vertex -11.5554 -5.38838 2.8
      vertex -11.5554 -5.38838 4
    endloop
  endfacet
  facet normal -0.923865 -0.382719 0
    outer loop
      vertex -11.5554 -5.38838 4.8
      vertex -11.9811 -4.36076 6
      vertex -11.9811 -4.36076 4.8
    endloop
  endfacet
  facet normal -0.923865 -0.382719 0
    outer loop
      vertex -11.9811 -4.36076 6
      vertex -11.5554 -5.38838 4.8
      vertex -11.5554 -5.38838 6
    endloop
  endfacet
  facet normal 0.300726 -0.953711 0
    outer loop
      vertex 3.29994 -12.3156 6.8
      vertex 4.36076 -11.9811 22
      vertex 3.29994 -12.3156 22
    endloop
  endfacet
  facet normal 0.300726 -0.953711 0
    outer loop
      vertex 4.36076 -11.9811 22
      vertex 3.29994 -12.3156 6.8
      vertex 4.36076 -11.9811 6.8
    endloop
  endfacet
  facet normal 0.300726 -0.953711 0
    outer loop
      vertex 3.29994 -12.3156 0
      vertex 4.36076 -11.9811 2
      vertex 3.29994 -12.3156 2
    endloop
  endfacet
  facet normal 0.300726 -0.953711 0
    outer loop
      vertex 4.36076 -11.9811 2
      vertex 3.29994 -12.3156 0
      vertex 4.36076 -11.9811 0
    endloop
  endfacet
  facet normal 0.300726 -0.953711 0
    outer loop
      vertex 3.29994 -12.3156 2.8
      vertex 4.36076 -11.9811 4
      vertex 3.29994 -12.3156 4
    endloop
  endfacet
  facet normal 0.300726 -0.953711 0
    outer loop
      vertex 4.36076 -11.9811 4
      vertex 3.29994 -12.3156 2.8
      vertex 4.36076 -11.9811 2.8
    endloop
  endfacet
  facet normal 0.300726 -0.953711 0
    outer loop
      vertex 3.29994 -12.3156 4.8
      vertex 4.36076 -11.9811 6
      vertex 3.29994 -12.3156 6
    endloop
  endfacet
  facet normal 0.300726 -0.953711 0
    outer loop
      vertex 4.36076 -11.9811 6
      vertex 3.29994 -12.3156 4.8
      vertex 4.36076 -11.9811 4.8
    endloop
  endfacet
  facet normal -0.0436034 -0.999049 0
    outer loop
      vertex -1.11124 -12.7015 6.8
      vertex 0 -12.75 22
      vertex -1.11124 -12.7015 22
    endloop
  endfacet
  facet normal -0.0436034 -0.999049 -0
    outer loop
      vertex 0 -12.75 22
      vertex -1.11124 -12.7015 6.8
      vertex 0 -12.75 6.8
    endloop
  endfacet
  facet normal -0.0436034 -0.999049 0
    outer loop
      vertex -1.11124 -12.7015 0
      vertex 0 -12.75 2
      vertex -1.11124 -12.7015 2
    endloop
  endfacet
  facet normal -0.0436034 -0.999049 -0
    outer loop
      vertex 0 -12.75 2
      vertex -1.11124 -12.7015 0
      vertex 0 -12.75 0
    endloop
  endfacet
  facet normal -0.0436034 -0.999049 0
    outer loop
      vertex -1.11124 -12.7015 2.8
      vertex 0 -12.75 4
      vertex -1.11124 -12.7015 4
    endloop
  endfacet
  facet normal -0.0436034 -0.999049 -0
    outer loop
      vertex 0 -12.75 4
      vertex -1.11124 -12.7015 2.8
      vertex 0 -12.75 2.8
    endloop
  endfacet
  facet normal -0.0436034 -0.999049 0
    outer loop
      vertex -1.11124 -12.7015 4.8
      vertex 0 -12.75 6
      vertex -1.11124 -12.7015 6
    endloop
  endfacet
  facet normal -0.0436034 -0.999049 -0
    outer loop
      vertex 0 -12.75 6
      vertex -1.11124 -12.7015 4.8
      vertex 0 -12.75 4.8
    endloop
  endfacet
  facet normal -0.216401 -0.976305 0
    outer loop
      vertex -3.29994 -12.3156 6.8
      vertex -2.21401 -12.5563 22
      vertex -3.29994 -12.3156 22
    endloop
  endfacet
  facet normal -0.216401 -0.976305 -0
    outer loop
      vertex -2.21401 -12.5563 22
      vertex -3.29994 -12.3156 6.8
      vertex -2.21401 -12.5563 6.8
    endloop
  endfacet
  facet normal -0.216401 -0.976305 0
    outer loop
      vertex -3.29994 -12.3156 0
      vertex -2.21401 -12.5563 2
      vertex -3.29994 -12.3156 2
    endloop
  endfacet
  facet normal -0.216401 -0.976305 -0
    outer loop
      vertex -2.21401 -12.5563 2
      vertex -3.29994 -12.3156 0
      vertex -2.21401 -12.5563 0
    endloop
  endfacet
  facet normal -0.216401 -0.976305 0
    outer loop
      vertex -3.29994 -12.3156 2.8
      vertex -2.21401 -12.5563 4
      vertex -3.29994 -12.3156 4
    endloop
  endfacet
  facet normal -0.216401 -0.976305 -0
    outer loop
      vertex -2.21401 -12.5563 4
      vertex -3.29994 -12.3156 2.8
      vertex -2.21401 -12.5563 2.8
    endloop
  endfacet
  facet normal -0.216401 -0.976305 0
    outer loop
      vertex -3.29994 -12.3156 4.8
      vertex -2.21401 -12.5563 6
      vertex -3.29994 -12.3156 6
    endloop
  endfacet
  facet normal -0.216401 -0.976305 -0
    outer loop
      vertex -2.21401 -12.5563 6
      vertex -3.29994 -12.3156 4.8
      vertex -2.21401 -12.5563 4.8
    endloop
  endfacet
  facet normal -0.887012 -0.461747 0
    outer loop
      vertex -11.0418 -6.375 0
      vertex -11.5554 -5.38838 2
      vertex -11.5554 -5.38838 0
    endloop
  endfacet
  facet normal -0.887012 -0.461747 0
    outer loop
      vertex -11.5554 -5.38838 2
      vertex -11.0418 -6.375 0
      vertex -11.0418 -6.375 2
    endloop
  endfacet
  facet normal -0.887012 -0.461747 0
    outer loop
      vertex -11.0418 -6.375 6.8
      vertex -11.5554 -5.38838 22
      vertex -11.5554 -5.38838 6.8
    endloop
  endfacet
  facet normal -0.887012 -0.461747 0
    outer loop
      vertex -11.5554 -5.38838 22
      vertex -11.0418 -6.375 6.8
      vertex -11.0418 -6.375 22
    endloop
  endfacet
  facet normal -0.887012 -0.461747 0
    outer loop
      vertex -11.0418 -6.375 2.8
      vertex -11.5554 -5.38838 4
      vertex -11.5554 -5.38838 2.8
    endloop
  endfacet
  facet normal -0.887012 -0.461747 0
    outer loop
      vertex -11.5554 -5.38838 4
      vertex -11.0418 -6.375 2.8
      vertex -11.0418 -6.375 4
    endloop
  endfacet
  facet normal -0.887012 -0.461747 0
    outer loop
      vertex -11.0418 -6.375 4.8
      vertex -11.5554 -5.38838 6
      vertex -11.5554 -5.38838 4.8
    endloop
  endfacet
  facet normal -0.887012 -0.461747 0
    outer loop
      vertex -11.5554 -5.38838 6
      vertex -11.0418 -6.375 4.8
      vertex -11.0418 -6.375 6
    endloop
  endfacet
  facet normal 0.300726 0.953711 -0
    outer loop
      vertex 4.36076 11.9811 0
      vertex 3.29994 12.3156 2
      vertex 4.36076 11.9811 2
    endloop
  endfacet
  facet normal 0.300726 0.953711 0
    outer loop
      vertex 3.29994 12.3156 2
      vertex 4.36076 11.9811 0
      vertex 3.29994 12.3156 0
    endloop
  endfacet
  facet normal 0.300726 0.953711 -0
    outer loop
      vertex 4.36076 11.9811 6.8
      vertex 3.29994 12.3156 22
      vertex 4.36076 11.9811 22
    endloop
  endfacet
  facet normal 0.300726 0.953711 0
    outer loop
      vertex 3.29994 12.3156 22
      vertex 4.36076 11.9811 6.8
      vertex 3.29994 12.3156 6.8
    endloop
  endfacet
  facet normal 0.300726 0.953711 -0
    outer loop
      vertex 4.36076 11.9811 2.8
      vertex 3.29994 12.3156 4
      vertex 4.36076 11.9811 4
    endloop
  endfacet
  facet normal 0.300726 0.953711 0
    outer loop
      vertex 3.29994 12.3156 4
      vertex 4.36076 11.9811 2.8
      vertex 3.29994 12.3156 2.8
    endloop
  endfacet
  facet normal 0.300726 0.953711 -0
    outer loop
      vertex 4.36076 11.9811 4.8
      vertex 3.29994 12.3156 6
      vertex 4.36076 11.9811 6
    endloop
  endfacet
  facet normal 0.300726 0.953711 0
    outer loop
      vertex 3.29994 12.3156 6
      vertex 4.36076 11.9811 4.8
      vertex 3.29994 12.3156 4.8
    endloop
  endfacet
  facet normal 0.923865 -0.382719 0
    outer loop
      vertex 11.5554 -5.38838 2
      vertex 11.9811 -4.36076 0
      vertex 11.9811 -4.36076 2
    endloop
  endfacet
  facet normal 0.923865 -0.382719 0
    outer loop
      vertex 11.9811 -4.36076 0
      vertex 11.5554 -5.38838 2
      vertex 11.5554 -5.38838 0
    endloop
  endfacet
  facet normal 0.923865 -0.382719 0
    outer loop
      vertex 11.5554 -5.38838 22
      vertex 11.9811 -4.36076 6.8
      vertex 11.9811 -4.36076 22
    endloop
  endfacet
  facet normal 0.923865 -0.382719 0
    outer loop
      vertex 11.9811 -4.36076 6.8
      vertex 11.5554 -5.38838 22
      vertex 11.5554 -5.38838 6.8
    endloop
  endfacet
  facet normal 0.923865 -0.382719 0
    outer loop
      vertex 11.5554 -5.38838 4
      vertex 11.9811 -4.36076 2.8
      vertex 11.9811 -4.36076 4
    endloop
  endfacet
  facet normal 0.923865 -0.382719 0
    outer loop
      vertex 11.9811 -4.36076 2.8
      vertex 11.5554 -5.38838 4
      vertex 11.5554 -5.38838 2.8
    endloop
  endfacet
  facet normal 0.923865 -0.382719 0
    outer loop
      vertex 11.5554 -5.38838 6
      vertex 11.9811 -4.36076 4.8
      vertex 11.9811 -4.36076 6
    endloop
  endfacet
  facet normal 0.923865 -0.382719 0
    outer loop
      vertex 11.9811 -4.36076 4.8
      vertex 11.5554 -5.38838 6
      vertex 11.5554 -5.38838 4.8
    endloop
  endfacet
  facet normal -0.887012 0.461747 0
    outer loop
      vertex -11.5554 5.38838 6.8
      vertex -11.0418 6.375 22
      vertex -11.0418 6.375 6.8
    endloop
  endfacet
  facet normal -0.887012 0.461747 0
    outer loop
      vertex -11.0418 6.375 22
      vertex -11.5554 5.38838 6.8
      vertex -11.5554 5.38838 22
    endloop
  endfacet
  facet normal -0.887012 0.461747 0
    outer loop
      vertex -11.5554 5.38838 0
      vertex -11.0418 6.375 2
      vertex -11.0418 6.375 0
    endloop
  endfacet
  facet normal -0.887012 0.461747 0
    outer loop
      vertex -11.0418 6.375 2
      vertex -11.5554 5.38838 0
      vertex -11.5554 5.38838 2
    endloop
  endfacet
  facet normal -0.887012 0.461747 0
    outer loop
      vertex -11.5554 5.38838 2.8
      vertex -11.0418 6.375 4
      vertex -11.0418 6.375 2.8
    endloop
  endfacet
  facet normal -0.887012 0.461747 0
    outer loop
      vertex -11.0418 6.375 4
      vertex -11.5554 5.38838 2.8
      vertex -11.5554 5.38838 4
    endloop
  endfacet
  facet normal -0.887012 0.461747 0
    outer loop
      vertex -11.5554 5.38838 4.8
      vertex -11.0418 6.375 6
      vertex -11.0418 6.375 4.8
    endloop
  endfacet
  facet normal -0.887012 0.461747 0
    outer loop
      vertex -11.0418 6.375 6
      vertex -11.5554 5.38838 4.8
      vertex -11.5554 5.38838 6
    endloop
  endfacet
  facet normal 0.737275 -0.675592 0
    outer loop
      vertex 9.01561 -9.01561 22
      vertex 9.76707 -8.19554 6.8
      vertex 9.76707 -8.19554 22
    endloop
  endfacet
  facet normal 0.737275 -0.675592 0
    outer loop
      vertex 9.76707 -8.19554 6.8
      vertex 9.01561 -9.01561 22
      vertex 9.01561 -9.01561 6.8
    endloop
  endfacet
  facet normal 0.737275 -0.675592 0
    outer loop
      vertex 9.01561 -9.01561 2
      vertex 9.76707 -8.19554 0
      vertex 9.76707 -8.19554 2
    endloop
  endfacet
  facet normal 0.737275 -0.675592 0
    outer loop
      vertex 9.76707 -8.19554 0
      vertex 9.01561 -9.01561 2
      vertex 9.01561 -9.01561 0
    endloop
  endfacet
  facet normal 0.737275 -0.675592 0
    outer loop
      vertex 9.01561 -9.01561 4
      vertex 9.76707 -8.19554 2.8
      vertex 9.76707 -8.19554 4
    endloop
  endfacet
  facet normal 0.737275 -0.675592 0
    outer loop
      vertex 9.76707 -8.19554 2.8
      vertex 9.01561 -9.01561 4
      vertex 9.01561 -9.01561 2.8
    endloop
  endfacet
  facet normal 0.737275 -0.675592 0
    outer loop
      vertex 9.01561 -9.01561 6
      vertex 9.76707 -8.19554 4.8
      vertex 9.76707 -8.19554 6
    endloop
  endfacet
  facet normal 0.737275 -0.675592 0
    outer loop
      vertex 9.76707 -8.19554 4.8
      vertex 9.01561 -9.01561 6
      vertex 9.01561 -9.01561 4.8
    endloop
  endfacet
  facet normal 0.675592 -0.737275 0
    outer loop
      vertex 8.19554 -9.76707 0
      vertex 9.01561 -9.01561 2
      vertex 8.19554 -9.76707 2
    endloop
  endfacet
  facet normal 0.675592 -0.737275 0
    outer loop
      vertex 9.01561 -9.01561 2
      vertex 8.19554 -9.76707 0
      vertex 9.01561 -9.01561 0
    endloop
  endfacet
  facet normal 0.675592 -0.737275 0
    outer loop
      vertex 8.19554 -9.76707 6.8
      vertex 9.01561 -9.01561 22
      vertex 8.19554 -9.76707 22
    endloop
  endfacet
  facet normal 0.675592 -0.737275 0
    outer loop
      vertex 9.01561 -9.01561 22
      vertex 8.19554 -9.76707 6.8
      vertex 9.01561 -9.01561 6.8
    endloop
  endfacet
  facet normal 0.675592 -0.737275 0
    outer loop
      vertex 8.19554 -9.76707 2.8
      vertex 9.01561 -9.01561 4
      vertex 8.19554 -9.76707 4
    endloop
  endfacet
  facet normal 0.675592 -0.737275 0
    outer loop
      vertex 9.01561 -9.01561 4
      vertex 8.19554 -9.76707 2.8
      vertex 9.01561 -9.01561 2.8
    endloop
  endfacet
  facet normal 0.675592 -0.737275 0
    outer loop
      vertex 8.19554 -9.76707 4.8
      vertex 9.01561 -9.01561 6
      vertex 8.19554 -9.76707 6
    endloop
  endfacet
  facet normal 0.675592 -0.737275 0
    outer loop
      vertex 9.01561 -9.01561 6
      vertex 8.19554 -9.76707 4.8
      vertex 9.01561 -9.01561 4.8
    endloop
  endfacet
  facet normal 0.300706 -0.953717 0
    outer loop
      vertex -3.81352 10.4776 3
      vertex -2.88583 10.7701 22
      vertex -3.81352 10.4776 22
    endloop
  endfacet
  facet normal 0.300706 -0.953717 0
    outer loop
      vertex -2.88583 10.7701 22
      vertex -3.81352 10.4776 3
      vertex -2.88583 10.7701 3
    endloop
  endfacet
  facet normal -0.99144 -0.130562 0
    outer loop
      vertex 11.1076 0.971786 18.5
      vertex 10.9806 1.93618 22
      vertex 10.9806 1.93618 18.5
    endloop
  endfacet
  facet normal -0.99144 -0.130562 0
    outer loop
      vertex 10.9806 1.93618 22
      vertex 11.1076 0.971786 18.5
      vertex 11.1076 0.971786 22
    endloop
  endfacet
  facet normal -0.99905 -0.0435895 0
    outer loop
      vertex 11.15 0 18.5
      vertex 11.1076 0.971786 22
      vertex 11.1076 0.971786 18.5
    endloop
  endfacet
  facet normal -0.99905 -0.0435895 0
    outer loop
      vertex 11.1076 0.971786 22
      vertex 11.15 0 18.5
      vertex 11.15 0 22
    endloop
  endfacet
  facet normal -0.976303 -0.216408 0
    outer loop
      vertex 10.9806 1.93618 18.5
      vertex 10.7701 2.88583 22
      vertex 10.7701 2.88583 18.5
    endloop
  endfacet
  facet normal -0.976303 -0.216408 0
    outer loop
      vertex 10.7701 2.88583 22
      vertex 10.9806 1.93618 18.5
      vertex 10.9806 1.93618 22
    endloop
  endfacet
  facet normal 0.675592 0.737275 -0
    outer loop
      vertex -7.16708 -8.5414 3
      vertex -7.88424 -7.88424 22
      vertex -7.16708 -8.5414 22
    endloop
  endfacet
  facet normal 0.675592 0.737275 0
    outer loop
      vertex -7.88424 -7.88424 22
      vertex -7.16708 -8.5414 3
      vertex -7.88424 -7.88424 3
    endloop
  endfacet
  facet normal 0.216408 0.976303 -0
    outer loop
      vertex -1.93618 -10.9806 3
      vertex -2.88583 -10.7701 22
      vertex -1.93618 -10.9806 22
    endloop
  endfacet
  facet normal 0.216408 0.976303 0
    outer loop
      vertex -2.88583 -10.7701 22
      vertex -1.93618 -10.9806 3
      vertex -2.88583 -10.7701 3
    endloop
  endfacet
  facet normal -0.99905 0.0435895 0
    outer loop
      vertex 11.1076 -0.971786 18.5
      vertex 11.15 0 22
      vertex 11.15 0 18.5
    endloop
  endfacet
  facet normal -0.99905 0.0435895 0
    outer loop
      vertex 11.15 0 22
      vertex 11.1076 -0.971786 18.5
      vertex 11.1076 -0.971786 22
    endloop
  endfacet
  facet normal -0.216408 0.976303 0
    outer loop
      vertex 2.88583 -10.7701 3
      vertex 1.93618 -10.9806 22
      vertex 2.88583 -10.7701 22
    endloop
  endfacet
  facet normal -0.216408 0.976303 0
    outer loop
      vertex 1.93618 -10.9806 22
      vertex 2.88583 -10.7701 3
      vertex 1.93618 -10.9806 3
    endloop
  endfacet
  facet normal -0.793356 0.608757 0
    outer loop
      vertex 8.5414 -7.16708 3
      vertex 9.13354 -6.39538 22
      vertex 9.13354 -6.39538 3
    endloop
  endfacet
  facet normal -0.793356 0.608757 0
    outer loop
      vertex 9.13354 -6.39538 22
      vertex 8.5414 -7.16708 3
      vertex 8.5414 -7.16708 22
    endloop
  endfacet
  facet normal -0.976303 0.216408 0
    outer loop
      vertex 10.7701 -2.88583 18.5
      vertex 10.9806 -1.93618 22
      vertex 10.9806 -1.93618 18.5
    endloop
  endfacet
  facet normal -0.976303 0.216408 0
    outer loop
      vertex 10.9806 -1.93618 22
      vertex 10.7701 -2.88583 18.5
      vertex 10.7701 -2.88583 22
    endloop
  endfacet
  facet normal 0.130562 -0.99144 0
    outer loop
      vertex -1.93618 10.9806 3
      vertex -0.971786 11.1076 22
      vertex -1.93618 10.9806 22
    endloop
  endfacet
  facet normal 0.130562 -0.99144 0
    outer loop
      vertex -0.971786 11.1076 22
      vertex -1.93618 10.9806 3
      vertex -0.971786 11.1076 3
    endloop
  endfacet
  facet normal 0.216408 -0.976303 0
    outer loop
      vertex -2.88583 10.7701 3
      vertex -1.93618 10.9806 22
      vertex -2.88583 10.7701 22
    endloop
  endfacet
  facet normal 0.216408 -0.976303 0
    outer loop
      vertex -1.93618 10.9806 22
      vertex -2.88583 10.7701 3
      vertex -1.93618 10.9806 3
    endloop
  endfacet
  facet normal 0.923858 0.382735 0
    outer loop
      vertex -10.1053 -4.71219 22
      vertex -10.4776 -3.81352 18.5
      vertex -10.4776 -3.81352 22
    endloop
  endfacet
  facet normal 0.923858 0.382735 0
    outer loop
      vertex -10.4776 -3.81352 18.5
      vertex -10.1053 -4.71219 22
      vertex -10.1053 -4.71219 18.5
    endloop
  endfacet
  facet normal -0.461724 0.887024 0
    outer loop
      vertex 5.575 -9.65618 3
      vertex 4.71219 -10.1053 22
      vertex 5.575 -9.65618 22
    endloop
  endfacet
  facet normal -0.461724 0.887024 0
    outer loop
      vertex 4.71219 -10.1053 22
      vertex 5.575 -9.65618 3
      vertex 4.71219 -10.1053 3
    endloop
  endfacet
  facet normal -0.737275 -0.675592 0
    outer loop
      vertex 8.5414 7.16708 3
      vertex 7.88424 7.88424 22
      vertex 7.88424 7.88424 3
    endloop
  endfacet
  facet normal -0.737275 -0.675592 0
    outer loop
      vertex 7.88424 7.88424 22
      vertex 8.5414 7.16708 3
      vertex 8.5414 7.16708 22
    endloop
  endfacet
  facet normal -0.0435895 0.99905 0
    outer loop
      vertex 0.971786 -11.1076 3
      vertex 0 -11.15 22
      vertex 0.971786 -11.1076 22
    endloop
  endfacet
  facet normal -0.0435895 0.99905 0
    outer loop
      vertex 0 -11.15 22
      vertex 0.971786 -11.1076 3
      vertex 0 -11.15 3
    endloop
  endfacet
  facet normal -0.130562 0.99144 0
    outer loop
      vertex 1.93618 -10.9806 3
      vertex 0.971786 -11.1076 22
      vertex 1.93618 -10.9806 22
    endloop
  endfacet
  facet normal -0.130562 0.99144 0
    outer loop
      vertex 0.971786 -11.1076 22
      vertex 1.93618 -10.9806 3
      vertex 0.971786 -11.1076 3
    endloop
  endfacet
  facet normal 0.953717 0.300706 0
    outer loop
      vertex -10.4776 -3.81352 22
      vertex -10.7701 -2.88583 18.5
      vertex -10.7701 -2.88583 22
    endloop
  endfacet
  facet normal 0.953717 0.300706 0
    outer loop
      vertex -10.7701 -2.88583 18.5
      vertex -10.4776 -3.81352 22
      vertex -10.4776 -3.81352 18.5
    endloop
  endfacet
  facet normal -0.953717 -0.300706 0
    outer loop
      vertex 10.7701 2.88583 18.5
      vertex 10.4776 3.81352 22
      vertex 10.4776 3.81352 18.5
    endloop
  endfacet
  facet normal -0.953717 -0.300706 0
    outer loop
      vertex 10.4776 3.81352 22
      vertex 10.7701 2.88583 18.5
      vertex 10.7701 2.88583 22
    endloop
  endfacet
  facet normal -0.793356 -0.608757 0
    outer loop
      vertex 9.13354 6.39538 3
      vertex 8.5414 7.16708 22
      vertex 8.5414 7.16708 3
    endloop
  endfacet
  facet normal -0.793356 -0.608757 0
    outer loop
      vertex 8.5414 7.16708 22
      vertex 9.13354 6.39538 3
      vertex 9.13354 6.39538 22
    endloop
  endfacet
  facet normal 0.737275 0.675592 0
    outer loop
      vertex -7.88424 -7.88424 22
      vertex -8.5414 -7.16708 3
      vertex -8.5414 -7.16708 22
    endloop
  endfacet
  facet normal 0.737275 0.675592 0
    outer loop
      vertex -8.5414 -7.16708 3
      vertex -7.88424 -7.88424 22
      vertex -7.88424 -7.88424 3
    endloop
  endfacet
  facet normal 0.843391 0.5373 0
    outer loop
      vertex -9.13354 -6.39538 22
      vertex -9.65618 -5.575 3
      vertex -9.65618 -5.575 22
    endloop
  endfacet
  facet normal 0.843391 0.5373 0
    outer loop
      vertex -9.65618 -5.575 3
      vertex -9.13354 -6.39538 22
      vertex -9.13354 -6.39538 3
    endloop
  endfacet
  facet normal 0.99144 -0.130562 0
    outer loop
      vertex -11.1076 0.971786 22
      vertex -10.9806 1.93618 18.5
      vertex -10.9806 1.93618 22
    endloop
  endfacet
  facet normal 0.99144 -0.130562 0
    outer loop
      vertex -10.9806 1.93618 18.5
      vertex -11.1076 0.971786 22
      vertex -11.1076 0.971786 18.5
    endloop
  endfacet
  facet normal 0.793356 -0.608757 0
    outer loop
      vertex -9.13354 6.39538 22
      vertex -8.5414 7.16708 3
      vertex -8.5414 7.16708 22
    endloop
  endfacet
  facet normal 0.793356 -0.608757 0
    outer loop
      vertex -8.5414 7.16708 3
      vertex -9.13354 6.39538 22
      vertex -9.13354 6.39538 3
    endloop
  endfacet
  facet normal -0.737275 0.675592 0
    outer loop
      vertex 7.88424 -7.88424 3
      vertex 8.5414 -7.16708 22
      vertex 8.5414 -7.16708 3
    endloop
  endfacet
  facet normal -0.737275 0.675592 0
    outer loop
      vertex 8.5414 -7.16708 22
      vertex 7.88424 -7.88424 3
      vertex 7.88424 -7.88424 22
    endloop
  endfacet
  facet normal 0.99905 0.0435895 0
    outer loop
      vertex -11.1076 -0.971786 22
      vertex -11.15 0 18.5
      vertex -11.15 0 22
    endloop
  endfacet
  facet normal 0.99905 0.0435895 0
    outer loop
      vertex -11.15 0 18.5
      vertex -11.1076 -0.971786 22
      vertex -11.1076 -0.971786 18.5
    endloop
  endfacet
  facet normal -0.923858 0.382735 0
    outer loop
      vertex 10.1053 -4.71219 18.5
      vertex 10.4776 -3.81352 22
      vertex 10.4776 -3.81352 18.5
    endloop
  endfacet
  facet normal -0.923858 0.382735 0
    outer loop
      vertex 10.4776 -3.81352 22
      vertex 10.1053 -4.71219 18.5
      vertex 10.1053 -4.71219 22
    endloop
  endfacet
  facet normal -0.675592 -0.737275 0
    outer loop
      vertex 7.16708 8.5414 3
      vertex 7.88424 7.88424 22
      vertex 7.16708 8.5414 22
    endloop
  endfacet
  facet normal -0.675592 -0.737275 -0
    outer loop
      vertex 7.88424 7.88424 22
      vertex 7.16708 8.5414 3
      vertex 7.88424 7.88424 3
    endloop
  endfacet
  facet normal -0.300706 0.953717 0
    outer loop
      vertex 3.81352 -10.4776 3
      vertex 2.88583 -10.7701 22
      vertex 3.81352 -10.4776 22
    endloop
  endfacet
  facet normal -0.300706 0.953717 0
    outer loop
      vertex 2.88583 -10.7701 22
      vertex 3.81352 -10.4776 3
      vertex 2.88583 -10.7701 3
    endloop
  endfacet
  facet normal 0.5373 -0.843391 0
    outer loop
      vertex -6.39538 9.13354 3
      vertex -5.575 9.65618 22
      vertex -6.39538 9.13354 22
    endloop
  endfacet
  facet normal 0.5373 -0.843391 0
    outer loop
      vertex -5.575 9.65618 22
      vertex -6.39538 9.13354 3
      vertex -5.575 9.65618 3
    endloop
  endfacet
  facet normal -0.5373 -0.843391 0
    outer loop
      vertex 5.575 9.65618 3
      vertex 6.39538 9.13354 22
      vertex 5.575 9.65618 22
    endloop
  endfacet
  facet normal -0.5373 -0.843391 -0
    outer loop
      vertex 6.39538 9.13354 22
      vertex 5.575 9.65618 3
      vertex 6.39538 9.13354 3
    endloop
  endfacet
  facet normal -0.130562 -0.99144 0
    outer loop
      vertex 0.971786 11.1076 3
      vertex 1.93618 10.9806 22
      vertex 0.971786 11.1076 22
    endloop
  endfacet
  facet normal -0.130562 -0.99144 -0
    outer loop
      vertex 1.93618 10.9806 22
      vertex 0.971786 11.1076 3
      vertex 1.93618 10.9806 3
    endloop
  endfacet
  facet normal -0.608757 0.793356 0
    outer loop
      vertex 7.16708 -8.5414 3
      vertex 6.39538 -9.13354 22
      vertex 7.16708 -8.5414 22
    endloop
  endfacet
  facet normal -0.608757 0.793356 0
    outer loop
      vertex 6.39538 -9.13354 22
      vertex 7.16708 -8.5414 3
      vertex 6.39538 -9.13354 3
    endloop
  endfacet
  facet normal -0.300706 -0.953717 0
    outer loop
      vertex 2.88583 10.7701 3
      vertex 3.81352 10.4776 22
      vertex 2.88583 10.7701 22
    endloop
  endfacet
  facet normal -0.300706 -0.953717 -0
    outer loop
      vertex 3.81352 10.4776 22
      vertex 2.88583 10.7701 3
      vertex 3.81352 10.4776 3
    endloop
  endfacet
  facet normal 0.953717 -0.300706 0
    outer loop
      vertex -10.7701 2.88583 22
      vertex -10.4776 3.81352 18.5
      vertex -10.4776 3.81352 22
    endloop
  endfacet
  facet normal 0.953717 -0.300706 0
    outer loop
      vertex -10.4776 3.81352 18.5
      vertex -10.7701 2.88583 22
      vertex -10.7701 2.88583 18.5
    endloop
  endfacet
  facet normal -0.608757 -0.793356 0
    outer loop
      vertex 6.39538 9.13354 3
      vertex 7.16708 8.5414 22
      vertex 6.39538 9.13354 22
    endloop
  endfacet
  facet normal -0.608757 -0.793356 -0
    outer loop
      vertex 7.16708 8.5414 22
      vertex 6.39538 9.13354 3
      vertex 7.16708 8.5414 3
    endloop
  endfacet
  facet normal 0.675592 -0.737275 0
    outer loop
      vertex -7.88424 7.88424 3
      vertex -7.16708 8.5414 22
      vertex -7.88424 7.88424 22
    endloop
  endfacet
  facet normal 0.675592 -0.737275 0
    outer loop
      vertex -7.16708 8.5414 22
      vertex -7.88424 7.88424 3
      vertex -7.16708 8.5414 3
    endloop
  endfacet
  facet normal 0.0435895 0.99905 -0
    outer loop
      vertex 0 -11.15 3
      vertex -0.971786 -11.1076 22
      vertex 0 -11.15 22
    endloop
  endfacet
  facet normal 0.0435895 0.99905 0
    outer loop
      vertex -0.971786 -11.1076 22
      vertex 0 -11.15 3
      vertex -0.971786 -11.1076 3
    endloop
  endfacet
  facet normal -0.843391 -0.5373 0
    outer loop
      vertex 9.65618 5.575 3
      vertex 9.13354 6.39538 22
      vertex 9.13354 6.39538 3
    endloop
  endfacet
  facet normal -0.843391 -0.5373 0
    outer loop
      vertex 9.13354 6.39538 22
      vertex 9.65618 5.575 3
      vertex 9.65618 5.575 22
    endloop
  endfacet
  facet normal -0.923858 -0.382735 0
    outer loop
      vertex 10.4776 3.81352 18.5
      vertex 10.1053 4.71219 22
      vertex 10.1053 4.71219 18.5
    endloop
  endfacet
  facet normal -0.923858 -0.382735 0
    outer loop
      vertex 10.1053 4.71219 22
      vertex 10.4776 3.81352 18.5
      vertex 10.4776 3.81352 22
    endloop
  endfacet
  facet normal 0.793356 0.608757 0
    outer loop
      vertex -8.5414 -7.16708 22
      vertex -9.13354 -6.39538 3
      vertex -9.13354 -6.39538 22
    endloop
  endfacet
  facet normal 0.793356 0.608757 0
    outer loop
      vertex -9.13354 -6.39538 3
      vertex -8.5414 -7.16708 22
      vertex -8.5414 -7.16708 3
    endloop
  endfacet
  facet normal -0.99144 0.130562 0
    outer loop
      vertex 10.9806 -1.93618 18.5
      vertex 11.1076 -0.971786 22
      vertex 11.1076 -0.971786 18.5
    endloop
  endfacet
  facet normal -0.99144 0.130562 0
    outer loop
      vertex 11.1076 -0.971786 22
      vertex 10.9806 -1.93618 18.5
      vertex 10.9806 -1.93618 22
    endloop
  endfacet
  facet normal 0.976303 0.216408 0
    outer loop
      vertex -10.7701 -2.88583 22
      vertex -10.9806 -1.93618 18.5
      vertex -10.9806 -1.93618 22
    endloop
  endfacet
  facet normal 0.976303 0.216408 0
    outer loop
      vertex -10.9806 -1.93618 18.5
      vertex -10.7701 -2.88583 22
      vertex -10.7701 -2.88583 18.5
    endloop
  endfacet
  facet normal 0.461724 -0.887024 0
    outer loop
      vertex -5.575 9.65618 3
      vertex -4.71219 10.1053 22
      vertex -5.575 9.65618 22
    endloop
  endfacet
  facet normal 0.461724 -0.887024 0
    outer loop
      vertex -4.71219 10.1053 22
      vertex -5.575 9.65618 3
      vertex -4.71219 10.1053 3
    endloop
  endfacet
  facet normal 0.886975 -0.461818 0
    outer loop
      vertex -9.65618 5.575 22
      vertex -9.69523 5.5 18.5
      vertex -9.65618 5.575 3
    endloop
  endfacet
  facet normal 0.887024 -0.461724 -2.56443e-06
    outer loop
      vertex -10.1053 4.71219 22
      vertex -9.69523 5.5 18.5
      vertex -9.65618 5.575 22
    endloop
  endfacet
  facet normal 0.887028 -0.461715 0
    outer loop
      vertex -9.69523 5.5 18.5
      vertex -10.1053 4.71219 22
      vertex -10.1053 4.71219 18.5
    endloop
  endfacet
  facet normal 0.886975 -0.461818 0
    outer loop
      vertex -9.65618 5.575 3
      vertex -9.69523 5.5 18.5
      vertex -9.69523 5.5 3
    endloop
  endfacet
  facet normal 0.737275 -0.675592 0
    outer loop
      vertex -8.5414 7.16708 22
      vertex -7.88424 7.88424 3
      vertex -7.88424 7.88424 22
    endloop
  endfacet
  facet normal 0.737275 -0.675592 0
    outer loop
      vertex -7.88424 7.88424 3
      vertex -8.5414 7.16708 22
      vertex -8.5414 7.16708 3
    endloop
  endfacet
  facet normal -0.5373 0.843391 0
    outer loop
      vertex 6.39538 -9.13354 3
      vertex 5.575 -9.65618 22
      vertex 6.39538 -9.13354 22
    endloop
  endfacet
  facet normal -0.5373 0.843391 0
    outer loop
      vertex 5.575 -9.65618 22
      vertex 6.39538 -9.13354 3
      vertex 5.575 -9.65618 3
    endloop
  endfacet
  facet normal -0.953717 0.300706 0
    outer loop
      vertex 10.4776 -3.81352 18.5
      vertex 10.7701 -2.88583 22
      vertex 10.7701 -2.88583 18.5
    endloop
  endfacet
  facet normal -0.953717 0.300706 0
    outer loop
      vertex 10.7701 -2.88583 22
      vertex 10.4776 -3.81352 18.5
      vertex 10.4776 -3.81352 22
    endloop
  endfacet
  facet normal 0.887028 0.461715 0
    outer loop
      vertex -10.1053 -4.71219 22
      vertex -9.69523 -5.5 18.5
      vertex -10.1053 -4.71219 18.5
    endloop
  endfacet
  facet normal 0.887024 0.461724 -2.56443e-06
    outer loop
      vertex -9.65618 -5.575 22
      vertex -9.69523 -5.5 18.5
      vertex -10.1053 -4.71219 22
    endloop
  endfacet
  facet normal 0.886975 0.461818 -0
    outer loop
      vertex -9.65618 -5.575 3
      vertex -9.69523 -5.5 18.5
      vertex -9.65618 -5.575 22
    endloop
  endfacet
  facet normal 0.886975 0.461818 0
    outer loop
      vertex -9.69523 -5.5 18.5
      vertex -9.65618 -5.575 3
      vertex -9.69523 -5.5 3
    endloop
  endfacet
  facet normal 0.608757 -0.793356 0
    outer loop
      vertex -7.16708 8.5414 3
      vertex -6.39538 9.13354 22
      vertex -7.16708 8.5414 22
    endloop
  endfacet
  facet normal 0.608757 -0.793356 0
    outer loop
      vertex -6.39538 9.13354 22
      vertex -7.16708 8.5414 3
      vertex -6.39538 9.13354 3
    endloop
  endfacet
  facet normal 0.300706 0.953717 -0
    outer loop
      vertex -2.88583 -10.7701 3
      vertex -3.81352 -10.4776 22
      vertex -2.88583 -10.7701 22
    endloop
  endfacet
  facet normal 0.300706 0.953717 0
    outer loop
      vertex -3.81352 -10.4776 22
      vertex -2.88583 -10.7701 3
      vertex -3.81352 -10.4776 3
    endloop
  endfacet
  facet normal -0.886975 0.461818 0
    outer loop
      vertex 9.69523 -5.5 3
      vertex 9.65618 -5.575 3
      vertex 9.69523 -5.5 18.5
    endloop
  endfacet
  facet normal -0.887028 0.461715 0
    outer loop
      vertex 9.69523 -5.5 18.5
      vertex 10.1053 -4.71219 22
      vertex 10.1053 -4.71219 18.5
    endloop
  endfacet
  facet normal -0.887024 0.461724 -2.56443e-06
    outer loop
      vertex 9.69523 -5.5 18.5
      vertex 9.65618 -5.575 22
      vertex 10.1053 -4.71219 22
    endloop
  endfacet
  facet normal -0.886975 0.461818 0
    outer loop
      vertex 9.65618 -5.575 22
      vertex 9.69523 -5.5 18.5
      vertex 9.65618 -5.575 3
    endloop
  endfacet
  facet normal -0.382735 0.923858 0
    outer loop
      vertex 4.71219 -10.1053 3
      vertex 3.81352 -10.4776 22
      vertex 4.71219 -10.1053 22
    endloop
  endfacet
  facet normal -0.382735 0.923858 0
    outer loop
      vertex 3.81352 -10.4776 22
      vertex 4.71219 -10.1053 3
      vertex 3.81352 -10.4776 3
    endloop
  endfacet
  facet normal 0.382735 -0.923858 0
    outer loop
      vertex -4.71219 10.1053 3
      vertex -3.81352 10.4776 22
      vertex -4.71219 10.1053 22
    endloop
  endfacet
  facet normal 0.382735 -0.923858 0
    outer loop
      vertex -3.81352 10.4776 22
      vertex -4.71219 10.1053 3
      vertex -3.81352 10.4776 3
    endloop
  endfacet
  facet normal -0.0435895 -0.99905 0
    outer loop
      vertex 0 11.15 3
      vertex 0.971786 11.1076 22
      vertex 0 11.15 22
    endloop
  endfacet
  facet normal -0.0435895 -0.99905 -0
    outer loop
      vertex 0.971786 11.1076 22
      vertex 0 11.15 3
      vertex 0.971786 11.1076 3
    endloop
  endfacet
  facet normal -0.216408 -0.976303 0
    outer loop
      vertex 1.93618 10.9806 3
      vertex 2.88583 10.7701 22
      vertex 1.93618 10.9806 22
    endloop
  endfacet
  facet normal -0.216408 -0.976303 -0
    outer loop
      vertex 2.88583 10.7701 22
      vertex 1.93618 10.9806 3
      vertex 2.88583 10.7701 3
    endloop
  endfacet
  facet normal 0.976303 -0.216408 0
    outer loop
      vertex -10.9806 1.93618 22
      vertex -10.7701 2.88583 18.5
      vertex -10.7701 2.88583 22
    endloop
  endfacet
  facet normal 0.976303 -0.216408 0
    outer loop
      vertex -10.7701 2.88583 18.5
      vertex -10.9806 1.93618 22
      vertex -10.9806 1.93618 18.5
    endloop
  endfacet
  facet normal 0.608757 0.793356 -0
    outer loop
      vertex -6.39538 -9.13354 3
      vertex -7.16708 -8.5414 22
      vertex -6.39538 -9.13354 22
    endloop
  endfacet
  facet normal 0.608757 0.793356 0
    outer loop
      vertex -7.16708 -8.5414 22
      vertex -6.39538 -9.13354 3
      vertex -7.16708 -8.5414 3
    endloop
  endfacet
  facet normal 0.0435895 -0.99905 0
    outer loop
      vertex -0.971786 11.1076 3
      vertex 0 11.15 22
      vertex -0.971786 11.1076 22
    endloop
  endfacet
  facet normal 0.0435895 -0.99905 0
    outer loop
      vertex 0 11.15 22
      vertex -0.971786 11.1076 3
      vertex 0 11.15 3
    endloop
  endfacet
  facet normal 0.130562 0.99144 -0
    outer loop
      vertex -0.971786 -11.1076 3
      vertex -1.93618 -10.9806 22
      vertex -0.971786 -11.1076 22
    endloop
  endfacet
  facet normal 0.130562 0.99144 0
    outer loop
      vertex -1.93618 -10.9806 22
      vertex -0.971786 -11.1076 3
      vertex -1.93618 -10.9806 3
    endloop
  endfacet
  facet normal -0.461724 -0.887024 0
    outer loop
      vertex 4.71219 10.1053 3
      vertex 5.575 9.65618 22
      vertex 4.71219 10.1053 22
    endloop
  endfacet
  facet normal -0.461724 -0.887024 -0
    outer loop
      vertex 5.575 9.65618 22
      vertex 4.71219 10.1053 3
      vertex 5.575 9.65618 3
    endloop
  endfacet
  facet normal -0.843391 0.5373 0
    outer loop
      vertex 9.13354 -6.39538 3
      vertex 9.65618 -5.575 22
      vertex 9.65618 -5.575 3
    endloop
  endfacet
  facet normal -0.843391 0.5373 0
    outer loop
      vertex 9.65618 -5.575 22
      vertex 9.13354 -6.39538 3
      vertex 9.13354 -6.39538 22
    endloop
  endfacet
  facet normal -0.675592 0.737275 0
    outer loop
      vertex 7.88424 -7.88424 3
      vertex 7.16708 -8.5414 22
      vertex 7.88424 -7.88424 22
    endloop
  endfacet
  facet normal -0.675592 0.737275 0
    outer loop
      vertex 7.16708 -8.5414 22
      vertex 7.88424 -7.88424 3
      vertex 7.16708 -8.5414 3
    endloop
  endfacet
  facet normal 0.99905 -0.0435895 0
    outer loop
      vertex -11.15 0 22
      vertex -11.1076 0.971786 18.5
      vertex -11.1076 0.971786 22
    endloop
  endfacet
  facet normal 0.99905 -0.0435895 0
    outer loop
      vertex -11.1076 0.971786 18.5
      vertex -11.15 0 22
      vertex -11.15 0 18.5
    endloop
  endfacet
  facet normal 0.461724 0.887024 -0
    outer loop
      vertex -4.71219 -10.1053 3
      vertex -5.575 -9.65618 22
      vertex -4.71219 -10.1053 22
    endloop
  endfacet
  facet normal 0.461724 0.887024 0
    outer loop
      vertex -5.575 -9.65618 22
      vertex -4.71219 -10.1053 3
      vertex -5.575 -9.65618 3
    endloop
  endfacet
  facet normal 0.843391 -0.5373 0
    outer loop
      vertex -9.65618 5.575 22
      vertex -9.13354 6.39538 3
      vertex -9.13354 6.39538 22
    endloop
  endfacet
  facet normal 0.843391 -0.5373 0
    outer loop
      vertex -9.13354 6.39538 3
      vertex -9.65618 5.575 22
      vertex -9.65618 5.575 3
    endloop
  endfacet
  facet normal -0.886975 -0.461818 -0
    outer loop
      vertex 9.69523 5.5 18.5
      vertex 9.65618 5.575 3
      vertex 9.69523 5.5 3
    endloop
  endfacet
  facet normal -0.886975 -0.461818 0
    outer loop
      vertex 9.65618 5.575 3
      vertex 9.69523 5.5 18.5
      vertex 9.65618 5.575 22
    endloop
  endfacet
  facet normal -0.887028 -0.461715 -0
    outer loop
      vertex 10.1053 4.71219 22
      vertex 9.69523 5.5 18.5
      vertex 10.1053 4.71219 18.5
    endloop
  endfacet
  facet normal -0.887024 -0.461724 -2.56443e-06
    outer loop
      vertex 9.69523 5.5 18.5
      vertex 10.1053 4.71219 22
      vertex 9.65618 5.575 22
    endloop
  endfacet
  facet normal 0.99144 0.130562 0
    outer loop
      vertex -10.9806 -1.93618 22
      vertex -11.1076 -0.971786 18.5
      vertex -11.1076 -0.971786 22
    endloop
  endfacet
  facet normal 0.99144 0.130562 0
    outer loop
      vertex -11.1076 -0.971786 18.5
      vertex -10.9806 -1.93618 22
      vertex -10.9806 -1.93618 18.5
    endloop
  endfacet
  facet normal 0 0 1
    outer loop
      vertex 4 5.5 3
      vertex 9.65618 5.575 3
      vertex 9.13354 6.39538 3
    endloop
  endfacet
  facet normal 0 0 1
    outer loop
      vertex 4 5.5 3
      vertex 9.13354 6.39538 3
      vertex 8.5414 7.16708 3
    endloop
  endfacet
  facet normal 0 0 1
    outer loop
      vertex 4 5.5 3
      vertex 8.5414 7.16708 3
      vertex 7.88424 7.88424 3
    endloop
  endfacet
  facet normal 0 0 1
    outer loop
      vertex 4 5.5 3
      vertex 7.88424 7.88424 3
      vertex 7.16708 8.5414 3
    endloop
  endfacet
  facet normal 0 0 1
    outer loop
      vertex 4 5.5 3
      vertex 7.16708 8.5414 3
      vertex 6.39538 9.13354 3
    endloop
  endfacet
  facet normal 0 0 1
    outer loop
      vertex 4 5.5 3
      vertex 6.39538 9.13354 3
      vertex 5.575 9.65618 3
    endloop
  endfacet
  facet normal 0 0 1
    outer loop
      vertex 4 5.5 3
      vertex 5.575 9.65618 3
      vertex 4.71219 10.1053 3
    endloop
  endfacet
  facet normal 0 0 1
    outer loop
      vertex 9.65618 5.575 3
      vertex 4 5.5 3
      vertex 9.69523 5.5 3
    endloop
  endfacet
  facet normal 0 0 1
    outer loop
      vertex 2.88583 10.7701 3
      vertex 4 5.5 3
      vertex 3.81352 10.4776 3
    endloop
  endfacet
  facet normal 0 0 1
    outer loop
      vertex 3.81352 10.4776 3
      vertex 4 5.5 3
      vertex 4.71219 10.1053 3
    endloop
  endfacet
  facet normal -0 0 1
    outer loop
      vertex 4 -5.5 3
      vertex 9.65618 -5.575 3
      vertex 9.69523 -5.5 3
    endloop
  endfacet
  facet normal 0 0 1
    outer loop
      vertex 9.65618 -5.575 3
      vertex 4 -5.5 3
      vertex 9.13354 -6.39538 3
    endloop
  endfacet
  facet normal 0 0 1
    outer loop
      vertex 9.13354 -6.39538 3
      vertex 4 -5.5 3
      vertex 8.5414 -7.16708 3
    endloop
  endfacet
  facet normal 0 0 1
    outer loop
      vertex 8.5414 -7.16708 3
      vertex 4 -5.5 3
      vertex 7.88424 -7.88424 3
    endloop
  endfacet
  facet normal 0 0 1
    outer loop
      vertex 7.88424 -7.88424 3
      vertex 4 -5.5 3
      vertex 7.16708 -8.5414 3
    endloop
  endfacet
  facet normal 0 0 1
    outer loop
      vertex 7.16708 -8.5414 3
      vertex 4 -5.5 3
      vertex 6.39538 -9.13354 3
    endloop
  endfacet
  facet normal 0 0 1
    outer loop
      vertex 6.39538 -9.13354 3
      vertex 4 -5.5 3
      vertex 5.575 -9.65618 3
    endloop
  endfacet
  facet normal 0 0 1
    outer loop
      vertex 5.575 -9.65618 3
      vertex 4 -5.5 3
      vertex 4.71219 -10.1053 3
    endloop
  endfacet
  facet normal 0 0 1
    outer loop
      vertex 4 -5.5 3
      vertex 3.81352 -10.4776 3
      vertex 4.71219 -10.1053 3
    endloop
  endfacet
  facet normal 0 0 1
    outer loop
      vertex 4 5.5 3
      vertex -4 5.5 3
      vertex 4 -5.5 3
    endloop
  endfacet
  facet normal 0 0 1
    outer loop
      vertex 1.93618 10.9806 3
      vertex 4 5.5 3
      vertex 2.88583 10.7701 3
    endloop
  endfacet
  facet normal 0 0 1
    outer loop
      vertex -4 -5.5 3
      vertex 4 -5.5 3
      vertex -4 5.5 3
    endloop
  endfacet
  facet normal 0 0 1
    outer loop
      vertex 0.971786 11.1076 3
      vertex 4 5.5 3
      vertex 1.93618 10.9806 3
    endloop
  endfacet
  facet normal 0 -0 1
    outer loop
      vertex 0 -11.15 3
      vertex 4 -5.5 3
      vertex -4 -5.5 3
    endloop
  endfacet
  facet normal 0 0 1
    outer loop
      vertex 0 11.15 3
      vertex 4 5.5 3
      vertex 0.971786 11.1076 3
    endloop
  endfacet
  facet normal 0 0 1
    outer loop
      vertex 4 -5.5 3
      vertex 2.88583 -10.7701 3
      vertex 3.81352 -10.4776 3
    endloop
  endfacet
  facet normal 0 0 1
    outer loop
      vertex 4 5.5 3
      vertex 0 11.15 3
      vertex -4 5.5 3
    endloop
  endfacet
  facet normal 0 0 1
    outer loop
      vertex 4 -5.5 3
      vertex 1.93618 -10.9806 3
      vertex 2.88583 -10.7701 3
    endloop
  endfacet
  facet normal 0 0 1
    outer loop
      vertex -4 5.5 3
      vertex 0 11.15 3
      vertex -0.971786 11.1076 3
    endloop
  endfacet
  facet normal 0 0 1
    outer loop
      vertex 4 -5.5 3
      vertex 0.971786 -11.1076 3
      vertex 1.93618 -10.9806 3
    endloop
  endfacet
  facet normal 0 0 1
    outer loop
      vertex -4 5.5 3
      vertex -0.971786 11.1076 3
      vertex -1.93618 10.9806 3
    endloop
  endfacet
  facet normal 0 0 1
    outer loop
      vertex 4 -5.5 3
      vertex 0 -11.15 3
      vertex 0.971786 -11.1076 3
    endloop
  endfacet
  facet normal 0 0 1
    outer loop
      vertex -4 5.5 3
      vertex -1.93618 10.9806 3
      vertex -2.88583 10.7701 3
    endloop
  endfacet
  facet normal 0 0 1
    outer loop
      vertex 0 -11.15 3
      vertex -4 -5.5 3
      vertex -0.971786 -11.1076 3
    endloop
  endfacet
  facet normal 0 0 1
    outer loop
      vertex -4 5.5 3
      vertex -2.88583 10.7701 3
      vertex -3.81352 10.4776 3
    endloop
  endfacet
  facet normal 0 0 1
    outer loop
      vertex -0.971786 -11.1076 3
      vertex -4 -5.5 3
      vertex -1.93618 -10.9806 3
    endloop
  endfacet
  facet normal 0 0 1
    outer loop
      vertex -1.93618 -10.9806 3
      vertex -4 -5.5 3
      vertex -2.88583 -10.7701 3
    endloop
  endfacet
  facet normal -0 0 1
    outer loop
      vertex -4.71219 10.1053 3
      vertex -4 5.5 3
      vertex -3.81352 10.4776 3
    endloop
  endfacet
  facet normal -0 0 1
    outer loop
      vertex -5.575 9.65618 3
      vertex -4 5.5 3
      vertex -4.71219 10.1053 3
    endloop
  endfacet
  facet normal -0 0 1
    outer loop
      vertex -6.39538 9.13354 3
      vertex -4 5.5 3
      vertex -5.575 9.65618 3
    endloop
  endfacet
  facet normal -0 0 1
    outer loop
      vertex -7.16708 8.5414 3
      vertex -4 5.5 3
      vertex -6.39538 9.13354 3
    endloop
  endfacet
  facet normal -0 0 1
    outer loop
      vertex -7.88424 7.88424 3
      vertex -4 5.5 3
      vertex -7.16708 8.5414 3
    endloop
  endfacet
  facet normal -0 0 1
    outer loop
      vertex -8.5414 7.16708 3
      vertex -4 5.5 3
      vertex -7.88424 7.88424 3
    endloop
  endfacet
  facet normal -0 0 1
    outer loop
      vertex -9.13354 6.39538 3
      vertex -4 5.5 3
      vertex -8.5414 7.16708 3
    endloop
  endfacet
  facet normal -0 0 1
    outer loop
      vertex -9.65618 5.575 3
      vertex -4 5.5 3
      vertex -9.13354 6.39538 3
    endloop
  endfacet
  facet normal 0 0 1
    outer loop
      vertex -4 5.5 3
      vertex -9.65618 5.575 3
      vertex -9.69523 5.5 3
    endloop
  endfacet
  facet normal 0 0 1
    outer loop
      vertex -2.88583 -10.7701 3
      vertex -4 -5.5 3
      vertex -3.81352 -10.4776 3
    endloop
  endfacet
  facet normal 0 0 1
    outer loop
      vertex -4 -5.5 3
      vertex -4.71219 -10.1053 3
      vertex -3.81352 -10.4776 3
    endloop
  endfacet
  facet normal 0 0 1
    outer loop
      vertex -4 -5.5 3
      vertex -5.575 -9.65618 3
      vertex -4.71219 -10.1053 3
    endloop
  endfacet
  facet normal 0 0 1
    outer loop
      vertex -4 -5.5 3
      vertex -6.39538 -9.13354 3
      vertex -5.575 -9.65618 3
    endloop
  endfacet
  facet normal 0 0 1
    outer loop
      vertex -4 -5.5 3
      vertex -7.16708 -8.5414 3
      vertex -6.39538 -9.13354 3
    endloop
  endfacet
  facet normal 0 0 1
    outer loop
      vertex -4 -5.5 3
      vertex -7.88424 -7.88424 3
      vertex -7.16708 -8.5414 3
    endloop
  endfacet
  facet normal 0 0 1
    outer loop
      vertex -4 -5.5 3
      vertex -8.5414 -7.16708 3
      vertex -7.88424 -7.88424 3
    endloop
  endfacet
  facet normal 0 0 1
    outer loop
      vertex -4 -5.5 3
      vertex -9.13354 -6.39538 3
      vertex -8.5414 -7.16708 3
    endloop
  endfacet
  facet normal 0 0 1
    outer loop
      vertex -4 -5.5 3
      vertex -9.65618 -5.575 3
      vertex -9.13354 -6.39538 3
    endloop
  endfacet
  facet normal 0 -0 1
    outer loop
      vertex -9.65618 -5.575 3
      vertex -4 -5.5 3
      vertex -9.69523 -5.5 3
    endloop
  endfacet
  facet normal -0.382735 -0.923858 0
    outer loop
      vertex 3.81352 10.4776 3
      vertex 4.71219 10.1053 22
      vertex 3.81352 10.4776 22
    endloop
  endfacet
  facet normal -0.382735 -0.923858 -0
    outer loop
      vertex 4.71219 10.1053 22
      vertex 3.81352 10.4776 3
      vertex 4.71219 10.1053 3
    endloop
  endfacet
  facet normal 0.382735 0.923858 -0
    outer loop
      vertex -3.81352 -10.4776 3
      vertex -4.71219 -10.1053 22
      vertex -3.81352 -10.4776 22
    endloop
  endfacet
  facet normal 0.382735 0.923858 0
    outer loop
      vertex -4.71219 -10.1053 22
      vertex -3.81352 -10.4776 3
      vertex -4.71219 -10.1053 3
    endloop
  endfacet
  facet normal 0.923858 -0.382735 0
    outer loop
      vertex -10.4776 3.81352 22
      vertex -10.1053 4.71219 18.5
      vertex -10.1053 4.71219 22
    endloop
  endfacet
  facet normal 0.923858 -0.382735 0
    outer loop
      vertex -10.1053 4.71219 18.5
      vertex -10.4776 3.81352 22
      vertex -10.4776 3.81352 18.5
    endloop
  endfacet
  facet normal 0.5373 0.843391 -0
    outer loop
      vertex -5.575 -9.65618 3
      vertex -6.39538 -9.13354 22
      vertex -5.575 -9.65618 22
    endloop
  endfacet
  facet normal 0.5373 0.843391 0
    outer loop
      vertex -6.39538 -9.13354 22
      vertex -5.575 -9.65618 3
      vertex -6.39538 -9.13354 3
    endloop
  endfacet
  facet normal 0 0 1
    outer loop
      vertex 4 5.5 18.5
      vertex 11.15 0 18.5
      vertex 11.1076 0.971786 18.5
    endloop
  endfacet
  facet normal 0 0 1
    outer loop
      vertex 4 5.5 18.5
      vertex 11.1076 0.971786 18.5
      vertex 10.9806 1.93618 18.5
    endloop
  endfacet
  facet normal 0 0 1
    outer loop
      vertex 4 -5.5 18.5
      vertex 11.15 0 18.5
      vertex 4 5.5 18.5
    endloop
  endfacet
  facet normal 0 0 1
    outer loop
      vertex 4 5.5 18.5
      vertex 10.9806 1.93618 18.5
      vertex 10.7701 2.88583 18.5
    endloop
  endfacet
  facet normal 0 0 1
    outer loop
      vertex 11.15 0 18.5
      vertex 4 -5.5 18.5
      vertex 11.1076 -0.971786 18.5
    endloop
  endfacet
  facet normal 0 0 1
    outer loop
      vertex 4 5.5 18.5
      vertex 10.7701 2.88583 18.5
      vertex 10.4776 3.81352 18.5
    endloop
  endfacet
  facet normal 0 0 1
    outer loop
      vertex 11.1076 -0.971786 18.5
      vertex 4 -5.5 18.5
      vertex 10.9806 -1.93618 18.5
    endloop
  endfacet
  facet normal 0 0 1
    outer loop
      vertex 4 5.5 18.5
      vertex 10.4776 3.81352 18.5
      vertex 10.1053 4.71219 18.5
    endloop
  endfacet
  facet normal 0 0 1
    outer loop
      vertex 10.9806 -1.93618 18.5
      vertex 4 -5.5 18.5
      vertex 10.7701 -2.88583 18.5
    endloop
  endfacet
  facet normal -0 0 1
    outer loop
      vertex 4 5.5 18.5
      vertex 10.1053 4.71219 18.5
      vertex 9.69523 5.5 18.5
    endloop
  endfacet
  facet normal 0 0 1
    outer loop
      vertex 10.7701 -2.88583 18.5
      vertex 4 -5.5 18.5
      vertex 10.4776 -3.81352 18.5
    endloop
  endfacet
  facet normal 0 0 1
    outer loop
      vertex 10.4776 -3.81352 18.5
      vertex 4 -5.5 18.5
      vertex 10.1053 -4.71219 18.5
    endloop
  endfacet
  facet normal 0 0 1
    outer loop
      vertex 10.1053 -4.71219 18.5
      vertex 4 -5.5 18.5
      vertex 9.69523 -5.5 18.5
    endloop
  endfacet
  facet normal -1 0 0
    outer loop
      vertex 4 2.60974 12.5398
      vertex 4 5.5 18.5
      vertex 4 5.5 3
    endloop
  endfacet
  facet normal -1 0 0
    outer loop
      vertex 4 5.5 18.5
      vertex 4 2.63992 12.769
      vertex 4 2.65 13
    endloop
  endfacet
  facet normal -1 0 0
    outer loop
      vertex 4 5.5 18.5
      vertex 4 2.60974 12.5398
      vertex 4 2.63992 12.769
    endloop
  endfacet
  facet normal -1 0 0
    outer loop
      vertex 4 5.5 3
      vertex 4 2.5597 12.3141
      vertex 4 2.60974 12.5398
    endloop
  endfacet
  facet normal -1 0 0
    outer loop
      vertex 4 5.5 3
      vertex 4 2.49018 12.0936
      vertex 4 2.5597 12.3141
    endloop
  endfacet
  facet normal -1 0 0
    outer loop
      vertex 4 5.5 3
      vertex 4 2.40172 11.8801
      vertex 4 2.49018 12.0936
    endloop
  endfacet
  facet normal -1 0 0
    outer loop
      vertex 4 5.5 3
      vertex 4 2.29497 11.675
      vertex 4 2.40172 11.8801
    endloop
  endfacet
  facet normal -1 0 0
    outer loop
      vertex 4 5.5 3
      vertex 4 2.17075 11.48
      vertex 4 2.29497 11.675
    endloop
  endfacet
  facet normal -1 0 0
    outer loop
      vertex 4 5.5 3
      vertex 4 2.03002 11.2966
      vertex 4 2.17075 11.48
    endloop
  endfacet
  facet normal -1 0 0
    outer loop
      vertex 4 5.5 3
      vertex 4 1.87383 11.1262
      vertex 4 2.03002 11.2966
    endloop
  endfacet
  facet normal -1 0 0
    outer loop
      vertex 4 5.5 3
      vertex 4 1.70339 10.97
      vertex 4 1.87383 11.1262
    endloop
  endfacet
  facet normal -1 0 0
    outer loop
      vertex 4 5.5 3
      vertex 4 1.51998 10.8292
      vertex 4 1.70339 10.97
    endloop
  endfacet
  facet normal -1 0 0
    outer loop
      vertex 4 5.5 3
      vertex 4 1.325 10.705
      vertex 4 1.51998 10.8292
    endloop
  endfacet
  facet normal -1 0 0
    outer loop
      vertex 4 5.5 3
      vertex 4 1.11994 10.5983
      vertex 4 1.325 10.705
    endloop
  endfacet
  facet normal -1 0 0
    outer loop
      vertex 4 5.5 3
      vertex 4 0.906353 10.5098
      vertex 4 1.11994 10.5983
    endloop
  endfacet
  facet normal -1 0 0
    outer loop
      vertex 4 5.5 3
      vertex 4 0.68587 10.4403
      vertex 4 0.906353 10.5098
    endloop
  endfacet
  facet normal -1 0 0
    outer loop
      vertex 4 5.5 3
      vertex 4 0.460167 10.3903
      vertex 4 0.68587 10.4403
    endloop
  endfacet
  facet normal -1 0 0
    outer loop
      vertex 4 5.5 3
      vertex 4 0.230962 10.3601
      vertex 4 0.460167 10.3903
    endloop
  endfacet
  facet normal -1 0 0
    outer loop
      vertex 4 5.5 3
      vertex 4 0 10.35
      vertex 4 0.230962 10.3601
    endloop
  endfacet
  facet normal -1 0 0
    outer loop
      vertex 4 -5.5 3
      vertex 4 0 10.35
      vertex 4 5.5 3
    endloop
  endfacet
  facet normal -1 -0 0
    outer loop
      vertex 4 0 10.35
      vertex 4 -5.5 3
      vertex 4 -0.230962 10.3601
    endloop
  endfacet
  facet normal -1 -0 0
    outer loop
      vertex 4 -0.230962 10.3601
      vertex 4 -5.5 3
      vertex 4 -0.460167 10.3903
    endloop
  endfacet
  facet normal -1 -0 0
    outer loop
      vertex 4 -0.460167 10.3903
      vertex 4 -5.5 3
      vertex 4 -0.68587 10.4403
    endloop
  endfacet
  facet normal -1 -0 0
    outer loop
      vertex 4 -0.68587 10.4403
      vertex 4 -5.5 3
      vertex 4 -0.906353 10.5098
    endloop
  endfacet
  facet normal -1 -0 0
    outer loop
      vertex 4 -0.906353 10.5098
      vertex 4 -5.5 3
      vertex 4 -1.11994 10.5983
    endloop
  endfacet
  facet normal -1 -0 0
    outer loop
      vertex 4 -1.11994 10.5983
      vertex 4 -5.5 3
      vertex 4 -1.325 10.705
    endloop
  endfacet
  facet normal -1 -0 0
    outer loop
      vertex 4 -1.325 10.705
      vertex 4 -5.5 3
      vertex 4 -1.51998 10.8292
    endloop
  endfacet
  facet normal -1 -0 0
    outer loop
      vertex 4 -1.51998 10.8292
      vertex 4 -5.5 3
      vertex 4 -1.70339 10.97
    endloop
  endfacet
  facet normal -1 -0 0
    outer loop
      vertex 4 -1.70339 10.97
      vertex 4 -5.5 3
      vertex 4 -1.87383 11.1262
    endloop
  endfacet
  facet normal -1 0 0
    outer loop
      vertex 4 -2.60974 12.5398
      vertex 4 -5.5 18.5
      vertex 4 -2.63992 12.769
    endloop
  endfacet
  facet normal -1 0 0
    outer loop
      vertex 4 -5.5 18.5
      vertex 4 -2.60974 12.5398
      vertex 4 -5.5 3
    endloop
  endfacet
  facet normal -1 -0 0
    outer loop
      vertex 4 -2.5597 12.3141
      vertex 4 -5.5 3
      vertex 4 -2.60974 12.5398
    endloop
  endfacet
  facet normal -1 -0 0
    outer loop
      vertex 4 -2.49018 12.0936
      vertex 4 -5.5 3
      vertex 4 -2.5597 12.3141
    endloop
  endfacet
  facet normal -1 -0 0
    outer loop
      vertex 4 -2.40172 11.8801
      vertex 4 -5.5 3
      vertex 4 -2.49018 12.0936
    endloop
  endfacet
  facet normal -1 -0 0
    outer loop
      vertex 4 -2.29497 11.675
      vertex 4 -5.5 3
      vertex 4 -2.40172 11.8801
    endloop
  endfacet
  facet normal -1 -0 0
    outer loop
      vertex 4 -2.17075 11.48
      vertex 4 -5.5 3
      vertex 4 -2.29497 11.675
    endloop
  endfacet
  facet normal -1 -0 0
    outer loop
      vertex 4 -2.03002 11.2966
      vertex 4 -5.5 3
      vertex 4 -2.17075 11.48
    endloop
  endfacet
  facet normal -1 -0 0
    outer loop
      vertex 4 -1.87383 11.1262
      vertex 4 -5.5 3
      vertex 4 -2.03002 11.2966
    endloop
  endfacet
  facet normal -1 0 0
    outer loop
      vertex 4 2.63992 13.231
      vertex 4 5.5 18.5
      vertex 4 2.65 13
    endloop
  endfacet
  facet normal -1 0 0
    outer loop
      vertex 4 2.60974 13.4602
      vertex 4 5.5 18.5
      vertex 4 2.63992 13.231
    endloop
  endfacet
  facet normal -1 0 0
    outer loop
      vertex 4 2.5597 13.6859
      vertex 4 5.5 18.5
      vertex 4 2.60974 13.4602
    endloop
  endfacet
  facet normal -1 0 0
    outer loop
      vertex 4 2.49018 13.9064
      vertex 4 5.5 18.5
      vertex 4 2.5597 13.6859
    endloop
  endfacet
  facet normal -1 0 0
    outer loop
      vertex 4 2.40172 14.1199
      vertex 4 5.5 18.5
      vertex 4 2.49018 13.9064
    endloop
  endfacet
  facet normal -1 0 0
    outer loop
      vertex 4 2.29497 14.325
      vertex 4 5.5 18.5
      vertex 4 2.40172 14.1199
    endloop
  endfacet
  facet normal -1 0 0
    outer loop
      vertex 4 2.17075 14.52
      vertex 4 5.5 18.5
      vertex 4 2.29497 14.325
    endloop
  endfacet
  facet normal -1 0 0
    outer loop
      vertex 4 2.03002 14.7034
      vertex 4 5.5 18.5
      vertex 4 2.17075 14.52
    endloop
  endfacet
  facet normal -1 0 0
    outer loop
      vertex 4 1.87383 14.8738
      vertex 4 5.5 18.5
      vertex 4 2.03002 14.7034
    endloop
  endfacet
  facet normal -1 0 0
    outer loop
      vertex 4 0.00499916 16.7527
      vertex 4 5.5 18.5
      vertex 4 1.87383 14.8738
    endloop
  endfacet
  facet normal -1 0 0
    outer loop
      vertex 4 -0.00499916 16.7527
      vertex 4 5.5 18.5
      vertex 4 0.00499916 16.7527
    endloop
  endfacet
  facet normal -1 0 0
    outer loop
      vertex 4 -2.63992 12.769
      vertex 4 -5.5 18.5
      vertex 4 -2.65 13
    endloop
  endfacet
  facet normal -1 0 0
    outer loop
      vertex 4 -2.65 13
      vertex 4 -5.5 18.5
      vertex 4 -2.63992 13.231
    endloop
  endfacet
  facet normal -1 0 0
    outer loop
      vertex 4 -2.63992 13.231
      vertex 4 -5.5 18.5
      vertex 4 -2.60974 13.4602
    endloop
  endfacet
  facet normal -1 0 0
    outer loop
      vertex 4 -0.00499916 16.7527
      vertex 4 -5.5 18.5
      vertex 4 5.5 18.5
    endloop
  endfacet
  facet normal -1 0 0
    outer loop
      vertex 4 -1.87383 14.8738
      vertex 4 -5.5 18.5
      vertex 4 -0.00499916 16.7527
    endloop
  endfacet
  facet normal -1 0 0
    outer loop
      vertex 4 -2.03002 14.7034
      vertex 4 -5.5 18.5
      vertex 4 -1.87383 14.8738
    endloop
  endfacet
  facet normal -1 0 0
    outer loop
      vertex 4 -2.17075 14.52
      vertex 4 -5.5 18.5
      vertex 4 -2.03002 14.7034
    endloop
  endfacet
  facet normal -1 0 0
    outer loop
      vertex 4 -2.29497 14.325
      vertex 4 -5.5 18.5
      vertex 4 -2.17075 14.52
    endloop
  endfacet
  facet normal -1 0 0
    outer loop
      vertex 4 -2.40172 14.1199
      vertex 4 -5.5 18.5
      vertex 4 -2.29497 14.325
    endloop
  endfacet
  facet normal -1 0 0
    outer loop
      vertex 4 -2.49018 13.9064
      vertex 4 -5.5 18.5
      vertex 4 -2.40172 14.1199
    endloop
  endfacet
  facet normal -1 0 0
    outer loop
      vertex 4 -2.5597 13.6859
      vertex 4 -5.5 18.5
      vertex 4 -2.49018 13.9064
    endloop
  endfacet
  facet normal -1 0 0
    outer loop
      vertex 4 -2.60974 13.4602
      vertex 4 -5.5 18.5
      vertex 4 -2.5597 13.6859
    endloop
  endfacet
  facet normal 0 1 -0
    outer loop
      vertex 9.69523 5.5 3
      vertex 4 5.5 18.5
      vertex 9.69523 5.5 18.5
    endloop
  endfacet
  facet normal 0 1 0
    outer loop
      vertex 4 5.5 18.5
      vertex 9.69523 5.5 3
      vertex 4 5.5 3
    endloop
  endfacet
  facet normal 0 -1 0
    outer loop
      vertex 4 -5.5 3
      vertex 9.69523 -5.5 18.5
      vertex 4 -5.5 18.5
    endloop
  endfacet
  facet normal 0 -1 -0
    outer loop
      vertex 9.69523 -5.5 18.5
      vertex 4 -5.5 3
      vertex 9.69523 -5.5 3
    endloop
  endfacet
  facet normal 0 0 1
    outer loop
      vertex -10.1053 4.71219 18.5
      vertex -4 5.5 18.5
      vertex -9.69523 5.5 18.5
    endloop
  endfacet
  facet normal 0 0 1
    outer loop
      vertex -10.4776 3.81352 18.5
      vertex -4 5.5 18.5
      vertex -10.1053 4.71219 18.5
    endloop
  endfacet
  facet normal 0 0 1
    outer loop
      vertex -10.7701 2.88583 18.5
      vertex -4 5.5 18.5
      vertex -10.4776 3.81352 18.5
    endloop
  endfacet
  facet normal 0 0 1
    outer loop
      vertex -4 -5.5 18.5
      vertex -10.1053 -4.71219 18.5
      vertex -9.69523 -5.5 18.5
    endloop
  endfacet
  facet normal 0 0 1
    outer loop
      vertex -10.9806 1.93618 18.5
      vertex -4 5.5 18.5
      vertex -10.7701 2.88583 18.5
    endloop
  endfacet
  facet normal 0 0 1
    outer loop
      vertex -4 -5.5 18.5
      vertex -10.4776 -3.81352 18.5
      vertex -10.1053 -4.71219 18.5
    endloop
  endfacet
  facet normal 0 0 1
    outer loop
      vertex -11.1076 0.971786 18.5
      vertex -4 5.5 18.5
      vertex -10.9806 1.93618 18.5
    endloop
  endfacet
  facet normal 0 0 1
    outer loop
      vertex -4 -5.5 18.5
      vertex -10.7701 -2.88583 18.5
      vertex -10.4776 -3.81352 18.5
    endloop
  endfacet
  facet normal 0 0 1
    outer loop
      vertex -11.15 0 18.5
      vertex -4 5.5 18.5
      vertex -11.1076 0.971786 18.5
    endloop
  endfacet
  facet normal 0 0 1
    outer loop
      vertex -4 -5.5 18.5
      vertex -10.9806 -1.93618 18.5
      vertex -10.7701 -2.88583 18.5
    endloop
  endfacet
  facet normal 0 0 1
    outer loop
      vertex -4 5.5 18.5
      vertex -11.15 0 18.5
      vertex -4 -5.5 18.5
    endloop
  endfacet
  facet normal 0 0 1
    outer loop
      vertex -4 -5.5 18.5
      vertex -11.1076 -0.971786 18.5
      vertex -10.9806 -1.93618 18.5
    endloop
  endfacet
  facet normal 0 0 1
    outer loop
      vertex -4 -5.5 18.5
      vertex -11.15 0 18.5
      vertex -11.1076 -0.971786 18.5
    endloop
  endfacet
  facet normal 1 0 0
    outer loop
      vertex -4 2.63992 12.769
      vertex -4 5.5 18.5
      vertex -4 2.65 13
    endloop
  endfacet
  facet normal 1 0 0
    outer loop
      vertex -4 5.5 18.5
      vertex -4 2.63992 13.231
      vertex -4 2.65 13
    endloop
  endfacet
  facet normal 1 0 0
    outer loop
      vertex -4 5.5 18.5
      vertex -4 2.60974 13.4602
      vertex -4 2.63992 13.231
    endloop
  endfacet
  facet normal 1 0 0
    outer loop
      vertex -4 5.5 18.5
      vertex -4 2.5597 13.6859
      vertex -4 2.60974 13.4602
    endloop
  endfacet
  facet normal 1 0 0
    outer loop
      vertex -4 5.5 18.5
      vertex -4 2.49018 13.9064
      vertex -4 2.5597 13.6859
    endloop
  endfacet
  facet normal 1 0 0
    outer loop
      vertex -4 5.5 18.5
      vertex -4 2.40172 14.1199
      vertex -4 2.49018 13.9064
    endloop
  endfacet
  facet normal 1 0 0
    outer loop
      vertex -4 5.5 18.5
      vertex -4 2.29497 14.325
      vertex -4 2.40172 14.1199
    endloop
  endfacet
  facet normal 1 0 0
    outer loop
      vertex -4 5.5 18.5
      vertex -4 2.17075 14.52
      vertex -4 2.29497 14.325
    endloop
  endfacet
  facet normal 1 0 0
    outer loop
      vertex -4 5.5 18.5
      vertex -4 2.03002 14.7034
      vertex -4 2.17075 14.52
    endloop
  endfacet
  facet normal 1 0 0
    outer loop
      vertex -4 5.5 18.5
      vertex -4 1.87383 14.8738
      vertex -4 2.03002 14.7034
    endloop
  endfacet
  facet normal 1 0 0
    outer loop
      vertex -4 5.5 18.5
      vertex -4 0.00499916 16.7527
      vertex -4 1.87383 14.8738
    endloop
  endfacet
  facet normal 1 0 0
    outer loop
      vertex -4 5.5 18.5
      vertex -4 -0.00499916 16.7527
      vertex -4 0.00499916 16.7527
    endloop
  endfacet
  facet normal 1 0 0
    outer loop
      vertex -4 -2.63992 13.231
      vertex -4 -5.5 18.5
      vertex -4 -2.65 13
    endloop
  endfacet
  facet normal 1 0 0
    outer loop
      vertex -4 -2.60974 13.4602
      vertex -4 -5.5 18.5
      vertex -4 -2.63992 13.231
    endloop
  endfacet
  facet normal 1 0 0
    outer loop
      vertex -4 -2.5597 13.6859
      vertex -4 -5.5 18.5
      vertex -4 -2.60974 13.4602
    endloop
  endfacet
  facet normal 1 0 0
    outer loop
      vertex -4 -2.49018 13.9064
      vertex -4 -5.5 18.5
      vertex -4 -2.5597 13.6859
    endloop
  endfacet
  facet normal 1 0 0
    outer loop
      vertex -4 -2.40172 14.1199
      vertex -4 -5.5 18.5
      vertex -4 -2.49018 13.9064
    endloop
  endfacet
  facet normal 1 0 0
    outer loop
      vertex -4 -2.29497 14.325
      vertex -4 -5.5 18.5
      vertex -4 -2.40172 14.1199
    endloop
  endfacet
  facet normal 1 0 0
    outer loop
      vertex -4 -2.17075 14.52
      vertex -4 -5.5 18.5
      vertex -4 -2.29497 14.325
    endloop
  endfacet
  facet normal 1 0 0
    outer loop
      vertex -4 -2.03002 14.7034
      vertex -4 -5.5 18.5
      vertex -4 -2.17075 14.52
    endloop
  endfacet
  facet normal 1 0 0
    outer loop
      vertex -4 -1.87383 14.8738
      vertex -4 -5.5 18.5
      vertex -4 -2.03002 14.7034
    endloop
  endfacet
  facet normal 1 0 0
    outer loop
      vertex -4 -0.00499916 16.7527
      vertex -4 -5.5 18.5
      vertex -4 -1.87383 14.8738
    endloop
  endfacet
  facet normal 1 -0 0
    outer loop
      vertex -4 -5.5 18.5
      vertex -4 -0.00499916 16.7527
      vertex -4 5.5 18.5
    endloop
  endfacet
  facet normal 1 0 0
    outer loop
      vertex -4 2.60974 12.5398
      vertex -4 5.5 18.5
      vertex -4 2.63992 12.769
    endloop
  endfacet
  facet normal 1 0 0
    outer loop
      vertex -4 5.5 18.5
      vertex -4 2.60974 12.5398
      vertex -4 5.5 3
    endloop
  endfacet
  facet normal 1 -0 0
    outer loop
      vertex -4 2.5597 12.3141
      vertex -4 5.5 3
      vertex -4 2.60974 12.5398
    endloop
  endfacet
  facet normal 1 -0 0
    outer loop
      vertex -4 2.49018 12.0936
      vertex -4 5.5 3
      vertex -4 2.5597 12.3141
    endloop
  endfacet
  facet normal 1 -0 0
    outer loop
      vertex -4 2.40172 11.8801
      vertex -4 5.5 3
      vertex -4 2.49018 12.0936
    endloop
  endfacet
  facet normal 1 -0 0
    outer loop
      vertex -4 2.29497 11.675
      vertex -4 5.5 3
      vertex -4 2.40172 11.8801
    endloop
  endfacet
  facet normal 1 -0 0
    outer loop
      vertex -4 2.17075 11.48
      vertex -4 5.5 3
      vertex -4 2.29497 11.675
    endloop
  endfacet
  facet normal 1 -0 0
    outer loop
      vertex -4 2.03002 11.2966
      vertex -4 5.5 3
      vertex -4 2.17075 11.48
    endloop
  endfacet
  facet normal 1 -0 0
    outer loop
      vertex -4 1.87383 11.1262
      vertex -4 5.5 3
      vertex -4 2.03002 11.2966
    endloop
  endfacet
  facet normal 1 -0 0
    outer loop
      vertex -4 1.70339 10.97
      vertex -4 5.5 3
      vertex -4 1.87383 11.1262
    endloop
  endfacet
  facet normal 1 -0 0
    outer loop
      vertex -4 1.51998 10.8292
      vertex -4 5.5 3
      vertex -4 1.70339 10.97
    endloop
  endfacet
  facet normal 1 -0 0
    outer loop
      vertex -4 1.325 10.705
      vertex -4 5.5 3
      vertex -4 1.51998 10.8292
    endloop
  endfacet
  facet normal 1 -0 0
    outer loop
      vertex -4 1.11994 10.5983
      vertex -4 5.5 3
      vertex -4 1.325 10.705
    endloop
  endfacet
  facet normal 1 -0 0
    outer loop
      vertex -4 0.906353 10.5098
      vertex -4 5.5 3
      vertex -4 1.11994 10.5983
    endloop
  endfacet
  facet normal 1 -0 0
    outer loop
      vertex -4 0.68587 10.4403
      vertex -4 5.5 3
      vertex -4 0.906353 10.5098
    endloop
  endfacet
  facet normal 1 -0 0
    outer loop
      vertex -4 0.460167 10.3903
      vertex -4 5.5 3
      vertex -4 0.68587 10.4403
    endloop
  endfacet
  facet normal 1 -0 0
    outer loop
      vertex -4 0.230962 10.3601
      vertex -4 5.5 3
      vertex -4 0.460167 10.3903
    endloop
  endfacet
  facet normal 1 -0 0
    outer loop
      vertex -4 0 10.35
      vertex -4 5.5 3
      vertex -4 0.230962 10.3601
    endloop
  endfacet
  facet normal 1 0 0
    outer loop
      vertex -4 -5.5 3
      vertex -4 0 10.35
      vertex -4 -0.230962 10.3601
    endloop
  endfacet
  facet normal 1 0 0
    outer loop
      vertex -4 -5.5 3
      vertex -4 -0.230962 10.3601
      vertex -4 -0.460167 10.3903
    endloop
  endfacet
  facet normal 1 0 0
    outer loop
      vertex -4 -5.5 3
      vertex -4 -0.460167 10.3903
      vertex -4 -0.68587 10.4403
    endloop
  endfacet
  facet normal 1 0 0
    outer loop
      vertex -4 -5.5 3
      vertex -4 -0.68587 10.4403
      vertex -4 -0.906353 10.5098
    endloop
  endfacet
  facet normal 1 0 0
    outer loop
      vertex -4 -5.5 3
      vertex -4 -0.906353 10.5098
      vertex -4 -1.11994 10.5983
    endloop
  endfacet
  facet normal 1 0 0
    outer loop
      vertex -4 -5.5 3
      vertex -4 -1.11994 10.5983
      vertex -4 -1.325 10.705
    endloop
  endfacet
  facet normal 1 0 0
    outer loop
      vertex -4 -5.5 3
      vertex -4 -1.325 10.705
      vertex -4 -1.51998 10.8292
    endloop
  endfacet
  facet normal 1 0 0
    outer loop
      vertex -4 -5.5 3
      vertex -4 -1.51998 10.8292
      vertex -4 -1.70339 10.97
    endloop
  endfacet
  facet normal 1 0 0
    outer loop
      vertex -4 -5.5 3
      vertex -4 -1.70339 10.97
      vertex -4 -1.87383 11.1262
    endloop
  endfacet
  facet normal 1 0 0
    outer loop
      vertex -4 -5.5 3
      vertex -4 -1.87383 11.1262
      vertex -4 -2.03002 11.2966
    endloop
  endfacet
  facet normal 1 0 0
    outer loop
      vertex -4 -5.5 18.5
      vertex -4 -2.63992 12.769
      vertex -4 -2.65 13
    endloop
  endfacet
  facet normal 1 0 0
    outer loop
      vertex -4 -5.5 18.5
      vertex -4 -2.60974 12.5398
      vertex -4 -2.63992 12.769
    endloop
  endfacet
  facet normal 1 0 0
    outer loop
      vertex -4 -5.5 3
      vertex -4 -2.60974 12.5398
      vertex -4 -5.5 18.5
    endloop
  endfacet
  facet normal 1 0 0
    outer loop
      vertex -4 -2.60974 12.5398
      vertex -4 -5.5 3
      vertex -4 -2.5597 12.3141
    endloop
  endfacet
  facet normal 1 0 0
    outer loop
      vertex -4 -2.5597 12.3141
      vertex -4 -5.5 3
      vertex -4 -2.49018 12.0936
    endloop
  endfacet
  facet normal 1 0 0
    outer loop
      vertex -4 0 10.35
      vertex -4 -5.5 3
      vertex -4 5.5 3
    endloop
  endfacet
  facet normal 1 0 0
    outer loop
      vertex -4 -2.17075 11.48
      vertex -4 -5.5 3
      vertex -4 -2.03002 11.2966
    endloop
  endfacet
  facet normal 1 0 0
    outer loop
      vertex -4 -2.29497 11.675
      vertex -4 -5.5 3
      vertex -4 -2.17075 11.48
    endloop
  endfacet
  facet normal 1 0 0
    outer loop
      vertex -4 -2.40172 11.8801
      vertex -4 -5.5 3
      vertex -4 -2.29497 11.675
    endloop
  endfacet
  facet normal 1 0 0
    outer loop
      vertex -4 -2.49018 12.0936
      vertex -4 -5.5 3
      vertex -4 -2.40172 11.8801
    endloop
  endfacet
  facet normal 0 1 -0
    outer loop
      vertex -4 5.5 3
      vertex -9.69523 5.5 18.5
      vertex -4 5.5 18.5
    endloop
  endfacet
  facet normal 0 1 0
    outer loop
      vertex -9.69523 5.5 18.5
      vertex -4 5.5 3
      vertex -9.69523 5.5 3
    endloop
  endfacet
  facet normal 0 -1 0
    outer loop
      vertex -9.69523 -5.5 3
      vertex -4 -5.5 18.5
      vertex -9.69523 -5.5 18.5
    endloop
  endfacet
  facet normal 0 -1 -0
    outer loop
      vertex -4 -5.5 18.5
      vertex -9.69523 -5.5 3
      vertex -4 -5.5 3
    endloop
  endfacet
  facet normal 0 0 1
    outer loop
      vertex 12.25 0 2
      vertex 12.75 0 2
      vertex 12.7015 1.11124 2
    endloop
  endfacet
  facet normal 0 0 1
    outer loop
      vertex 12.2034 1.06766 2
      vertex 12.7015 1.11124 2
      vertex 12.5563 2.21401 2
    endloop
  endfacet
  facet normal 0 0 1
    outer loop
      vertex 12.75 0 2
      vertex 12.25 0 2
      vertex 12.7015 -1.11124 2
    endloop
  endfacet
  facet normal 0 0 1
    outer loop
      vertex 12.0639 2.12719 2
      vertex 12.5563 2.21401 2
      vertex 12.3156 3.29994 2
    endloop
  endfacet
  facet normal -0 0 1
    outer loop
      vertex 12.2034 -1.06766 2
      vertex 12.7015 -1.11124 2
      vertex 12.25 0 2
    endloop
  endfacet
  facet normal 0 0 1
    outer loop
      vertex 12.7015 -1.11124 2
      vertex 12.2034 -1.06766 2
      vertex 12.5563 -2.21401 2
    endloop
  endfacet
  facet normal 0 0 1
    outer loop
      vertex 12.7015 1.11124 2
      vertex 12.2034 1.06766 2
      vertex 12.25 0 2
    endloop
  endfacet
  facet normal 0 0 1
    outer loop
      vertex 12.5563 2.21401 2
      vertex 12.0639 2.12719 2
      vertex 12.2034 1.06766 2
    endloop
  endfacet
  facet normal 0 0 1
    outer loop
      vertex 11.8326 3.17053 2
      vertex 12.3156 3.29994 2
      vertex 11.9811 4.36076 2
    endloop
  endfacet
  facet normal 0 0 1
    outer loop
      vertex 12.3156 3.29994 2
      vertex 11.8326 3.17053 2
      vertex 12.0639 2.12719 2
    endloop
  endfacet
  facet normal 0 0 1
    outer loop
      vertex 11.5112 4.18975 2
      vertex 11.9811 4.36076 2
      vertex 11.5554 5.38838 2
    endloop
  endfacet
  facet normal 0 0 1
    outer loop
      vertex 11.9811 4.36076 2
      vertex 11.5112 4.18975 2
      vertex 11.8326 3.17053 2
    endloop
  endfacet
  facet normal 0 0 1
    outer loop
      vertex 11.5554 5.38838 2
      vertex 11.1023 5.17707 2
      vertex 11.5112 4.18975 2
    endloop
  endfacet
  facet normal 0 0 1
    outer loop
      vertex 11.0418 6.375 2
      vertex 11.1023 5.17707 2
      vertex 11.5554 5.38838 2
    endloop
  endfacet
  facet normal 0 0 1
    outer loop
      vertex 11.0418 6.375 2
      vertex 10.6088 6.125 2
      vertex 11.1023 5.17707 2
    endloop
  endfacet
  facet normal 0 0 1
    outer loop
      vertex 10.4442 7.3131 2
      vertex 10.6088 6.125 2
      vertex 11.0418 6.375 2
    endloop
  endfacet
  facet normal 0 0 1
    outer loop
      vertex 10.4442 7.3131 2
      vertex 10.0346 7.02631 2
      vertex 10.6088 6.125 2
    endloop
  endfacet
  facet normal 0 0 1
    outer loop
      vertex 9.76707 8.19554 2
      vertex 10.0346 7.02631 2
      vertex 10.4442 7.3131 2
    endloop
  endfacet
  facet normal 0 0 1
    outer loop
      vertex 9.76707 8.19554 2
      vertex 9.38404 7.87415 2
      vertex 10.0346 7.02631 2
    endloop
  endfacet
  facet normal 0 0 1
    outer loop
      vertex 9.01561 9.01561 2
      vertex 9.38404 7.87415 2
      vertex 9.76707 8.19554 2
    endloop
  endfacet
  facet normal 0 0 1
    outer loop
      vertex 9.01561 9.01561 2
      vertex 8.66206 8.66206 2
      vertex 9.38404 7.87415 2
    endloop
  endfacet
  facet normal 0 0 1
    outer loop
      vertex 8.19554 9.76707 2
      vertex 8.66206 8.66206 2
      vertex 9.01561 9.01561 2
    endloop
  endfacet
  facet normal 0 0 1
    outer loop
      vertex 8.19554 9.76707 2
      vertex 7.87415 9.38404 2
      vertex 8.66206 8.66206 2
    endloop
  endfacet
  facet normal 0 0 1
    outer loop
      vertex 7.3131 10.4442 2
      vertex 7.87415 9.38404 2
      vertex 8.19554 9.76707 2
    endloop
  endfacet
  facet normal 0 0 1
    outer loop
      vertex 7.3131 10.4442 2
      vertex 7.02631 10.0346 2
      vertex 7.87415 9.38404 2
    endloop
  endfacet
  facet normal 0 0 1
    outer loop
      vertex 6.375 11.0418 2
      vertex 7.02631 10.0346 2
      vertex 7.3131 10.4442 2
    endloop
  endfacet
  facet normal 0 0 1
    outer loop
      vertex 6.375 11.0418 2
      vertex 6.125 10.6088 2
      vertex 7.02631 10.0346 2
    endloop
  endfacet
  facet normal 0 0 1
    outer loop
      vertex 5.38838 11.5554 2
      vertex 6.125 10.6088 2
      vertex 6.375 11.0418 2
    endloop
  endfacet
  facet normal 0 0 1
    outer loop
      vertex 5.38838 11.5554 2
      vertex 5.17707 11.1023 2
      vertex 6.125 10.6088 2
    endloop
  endfacet
  facet normal 0 0 1
    outer loop
      vertex 4.36076 11.9811 2
      vertex 5.17707 11.1023 2
      vertex 5.38838 11.5554 2
    endloop
  endfacet
  facet normal 0 0 1
    outer loop
      vertex 4.36076 11.9811 2
      vertex 4.18975 11.5112 2
      vertex 5.17707 11.1023 2
    endloop
  endfacet
  facet normal 0 0 1
    outer loop
      vertex 3.29994 12.3156 2
      vertex 4.18975 11.5112 2
      vertex 4.36076 11.9811 2
    endloop
  endfacet
  facet normal 0 0 1
    outer loop
      vertex 3.29994 12.3156 2
      vertex 3.17053 11.8326 2
      vertex 4.18975 11.5112 2
    endloop
  endfacet
  facet normal 0 0 1
    outer loop
      vertex 2.21401 12.5563 2
      vertex 3.17053 11.8326 2
      vertex 3.29994 12.3156 2
    endloop
  endfacet
  facet normal 0 0 1
    outer loop
      vertex 2.21401 12.5563 2
      vertex 2.12719 12.0639 2
      vertex 3.17053 11.8326 2
    endloop
  endfacet
  facet normal 0 0 1
    outer loop
      vertex 1.11124 12.7015 2
      vertex 2.12719 12.0639 2
      vertex 2.21401 12.5563 2
    endloop
  endfacet
  facet normal 0 0 1
    outer loop
      vertex 1.11124 12.7015 2
      vertex 1.06766 12.2034 2
      vertex 2.12719 12.0639 2
    endloop
  endfacet
  facet normal 0 0 1
    outer loop
      vertex 0 12.75 2
      vertex 1.06766 12.2034 2
      vertex 1.11124 12.7015 2
    endloop
  endfacet
  facet normal 0 0 1
    outer loop
      vertex 0 12.75 2
      vertex 0 12.25 2
      vertex 1.06766 12.2034 2
    endloop
  endfacet
  facet normal 0 0 1
    outer loop
      vertex 0 12.75 2
      vertex -1.06766 12.2034 2
      vertex 0 12.25 2
    endloop
  endfacet
  facet normal -0 0 1
    outer loop
      vertex -1.11124 12.7015 2
      vertex -1.06766 12.2034 2
      vertex 0 12.75 2
    endloop
  endfacet
  facet normal 0 0 1
    outer loop
      vertex -1.11124 12.7015 2
      vertex -2.12719 12.0639 2
      vertex -1.06766 12.2034 2
    endloop
  endfacet
  facet normal -0 0 1
    outer loop
      vertex -2.21401 12.5563 2
      vertex -2.12719 12.0639 2
      vertex -1.11124 12.7015 2
    endloop
  endfacet
  facet normal 0 0 1
    outer loop
      vertex -2.21401 12.5563 2
      vertex -3.17053 11.8326 2
      vertex -2.12719 12.0639 2
    endloop
  endfacet
  facet normal -0 0 1
    outer loop
      vertex -3.29994 12.3156 2
      vertex -3.17053 11.8326 2
      vertex -2.21401 12.5563 2
    endloop
  endfacet
  facet normal 0 0 1
    outer loop
      vertex -3.29994 12.3156 2
      vertex -4.18975 11.5112 2
      vertex -3.17053 11.8326 2
    endloop
  endfacet
  facet normal -0 0 1
    outer loop
      vertex -4.36076 11.9811 2
      vertex -4.18975 11.5112 2
      vertex -3.29994 12.3156 2
    endloop
  endfacet
  facet normal 0 0 1
    outer loop
      vertex -4.36076 11.9811 2
      vertex -5.17707 11.1023 2
      vertex -4.18975 11.5112 2
    endloop
  endfacet
  facet normal -0 0 1
    outer loop
      vertex -5.38838 11.5554 2
      vertex -5.17707 11.1023 2
      vertex -4.36076 11.9811 2
    endloop
  endfacet
  facet normal 0 0 1
    outer loop
      vertex -5.38838 11.5554 2
      vertex -6.125 10.6088 2
      vertex -5.17707 11.1023 2
    endloop
  endfacet
  facet normal -0 0 1
    outer loop
      vertex -6.375 11.0418 2
      vertex -6.125 10.6088 2
      vertex -5.38838 11.5554 2
    endloop
  endfacet
  facet normal 0 0 1
    outer loop
      vertex -6.375 11.0418 2
      vertex -7.02631 10.0346 2
      vertex -6.125 10.6088 2
    endloop
  endfacet
  facet normal -0 0 1
    outer loop
      vertex -7.3131 10.4442 2
      vertex -7.02631 10.0346 2
      vertex -6.375 11.0418 2
    endloop
  endfacet
  facet normal 0 0 1
    outer loop
      vertex -7.3131 10.4442 2
      vertex -7.87415 9.38404 2
      vertex -7.02631 10.0346 2
    endloop
  endfacet
  facet normal -0 0 1
    outer loop
      vertex -8.19554 9.76707 2
      vertex -7.87415 9.38404 2
      vertex -7.3131 10.4442 2
    endloop
  endfacet
  facet normal 0 0 1
    outer loop
      vertex -8.19554 9.76707 2
      vertex -8.66206 8.66206 2
      vertex -7.87415 9.38404 2
    endloop
  endfacet
  facet normal -0 0 1
    outer loop
      vertex -9.01561 9.01561 2
      vertex -8.66206 8.66206 2
      vertex -8.19554 9.76707 2
    endloop
  endfacet
  facet normal 0 0 1
    outer loop
      vertex -9.01561 9.01561 2
      vertex -9.38404 7.87415 2
      vertex -8.66206 8.66206 2
    endloop
  endfacet
  facet normal -0 0 1
    outer loop
      vertex -9.76707 8.19554 2
      vertex -9.38404 7.87415 2
      vertex -9.01561 9.01561 2
    endloop
  endfacet
  facet normal 0 0 1
    outer loop
      vertex -9.76707 8.19554 2
      vertex -10.0346 7.02631 2
      vertex -9.38404 7.87415 2
    endloop
  endfacet
  facet normal -0 0 1
    outer loop
      vertex -10.4442 7.3131 2
      vertex -10.0346 7.02631 2
      vertex -9.76707 8.19554 2
    endloop
  endfacet
  facet normal 0 0 1
    outer loop
      vertex -10.4442 7.3131 2
      vertex -10.6088 6.125 2
      vertex -10.0346 7.02631 2
    endloop
  endfacet
  facet normal -0 0 1
    outer loop
      vertex -11.0418 6.375 2
      vertex -10.6088 6.125 2
      vertex -10.4442 7.3131 2
    endloop
  endfacet
  facet normal 0 0 1
    outer loop
      vertex -11.0418 6.375 2
      vertex -11.1023 5.17707 2
      vertex -10.6088 6.125 2
    endloop
  endfacet
  facet normal -0 0 1
    outer loop
      vertex -11.5554 5.38838 2
      vertex -11.1023 5.17707 2
      vertex -11.0418 6.375 2
    endloop
  endfacet
  facet normal 0 0 1
    outer loop
      vertex -11.1023 5.17707 2
      vertex -11.5554 5.38838 2
      vertex -11.5112 4.18975 2
    endloop
  endfacet
  facet normal -0 0 1
    outer loop
      vertex -11.9811 4.36076 2
      vertex -11.5112 4.18975 2
      vertex -11.5554 5.38838 2
    endloop
  endfacet
  facet normal 0 0 1
    outer loop
      vertex -11.5112 4.18975 2
      vertex -11.9811 4.36076 2
      vertex -11.8326 3.17053 2
    endloop
  endfacet
  facet normal -0 0 1
    outer loop
      vertex -12.3156 3.29994 2
      vertex -11.8326 3.17053 2
      vertex -11.9811 4.36076 2
    endloop
  endfacet
  facet normal 0 0 1
    outer loop
      vertex -11.8326 3.17053 2
      vertex -12.3156 3.29994 2
      vertex -12.0639 2.12719 2
    endloop
  endfacet
  facet normal 0 0 1
    outer loop
      vertex -12.0639 2.12719 2
      vertex -12.5563 2.21401 2
      vertex -12.2034 1.06766 2
    endloop
  endfacet
  facet normal -0 0 1
    outer loop
      vertex -12.5563 2.21401 2
      vertex -12.0639 2.12719 2
      vertex -12.3156 3.29994 2
    endloop
  endfacet
  facet normal -0 0 1
    outer loop
      vertex 12.0639 -2.12719 2
      vertex 12.5563 -2.21401 2
      vertex 12.2034 -1.06766 2
    endloop
  endfacet
  facet normal 0 0 1
    outer loop
      vertex 12.5563 -2.21401 2
      vertex 12.0639 -2.12719 2
      vertex 12.3156 -3.29994 2
    endloop
  endfacet
  facet normal -0 0 1
    outer loop
      vertex 11.8326 -3.17053 2
      vertex 12.3156 -3.29994 2
      vertex 12.0639 -2.12719 2
    endloop
  endfacet
  facet normal 0 0 1
    outer loop
      vertex 12.3156 -3.29994 2
      vertex 11.8326 -3.17053 2
      vertex 11.9811 -4.36076 2
    endloop
  endfacet
  facet normal -0 0 1
    outer loop
      vertex 11.5112 -4.18975 2
      vertex 11.9811 -4.36076 2
      vertex 11.8326 -3.17053 2
    endloop
  endfacet
  facet normal 0 0 1
    outer loop
      vertex 11.9811 -4.36076 2
      vertex 11.5112 -4.18975 2
      vertex 11.5554 -5.38838 2
    endloop
  endfacet
  facet normal -0 0 1
    outer loop
      vertex 11.1023 -5.17707 2
      vertex 11.5554 -5.38838 2
      vertex 11.5112 -4.18975 2
    endloop
  endfacet
  facet normal 0 0 1
    outer loop
      vertex 11.1023 -5.17707 2
      vertex 11.0418 -6.375 2
      vertex 11.5554 -5.38838 2
    endloop
  endfacet
  facet normal -0 0 1
    outer loop
      vertex 10.6088 -6.125 2
      vertex 11.0418 -6.375 2
      vertex 11.1023 -5.17707 2
    endloop
  endfacet
  facet normal 0 0 1
    outer loop
      vertex 10.6088 -6.125 2
      vertex 10.4442 -7.3131 2
      vertex 11.0418 -6.375 2
    endloop
  endfacet
  facet normal -0 0 1
    outer loop
      vertex 10.0346 -7.02631 2
      vertex 10.4442 -7.3131 2
      vertex 10.6088 -6.125 2
    endloop
  endfacet
  facet normal 0 0 1
    outer loop
      vertex 10.0346 -7.02631 2
      vertex 9.76707 -8.19554 2
      vertex 10.4442 -7.3131 2
    endloop
  endfacet
  facet normal -0 0 1
    outer loop
      vertex 9.38404 -7.87415 2
      vertex 9.76707 -8.19554 2
      vertex 10.0346 -7.02631 2
    endloop
  endfacet
  facet normal 0 0 1
    outer loop
      vertex 9.38404 -7.87415 2
      vertex 9.01561 -9.01561 2
      vertex 9.76707 -8.19554 2
    endloop
  endfacet
  facet normal -0 0 1
    outer loop
      vertex 8.66206 -8.66206 2
      vertex 9.01561 -9.01561 2
      vertex 9.38404 -7.87415 2
    endloop
  endfacet
  facet normal 0 0 1
    outer loop
      vertex 8.66206 -8.66206 2
      vertex 8.19554 -9.76707 2
      vertex 9.01561 -9.01561 2
    endloop
  endfacet
  facet normal -0 0 1
    outer loop
      vertex 7.87415 -9.38404 2
      vertex 8.19554 -9.76707 2
      vertex 8.66206 -8.66206 2
    endloop
  endfacet
  facet normal 0 0 1
    outer loop
      vertex 7.87415 -9.38404 2
      vertex 7.3131 -10.4442 2
      vertex 8.19554 -9.76707 2
    endloop
  endfacet
  facet normal -0 0 1
    outer loop
      vertex 7.02631 -10.0346 2
      vertex 7.3131 -10.4442 2
      vertex 7.87415 -9.38404 2
    endloop
  endfacet
  facet normal 0 0 1
    outer loop
      vertex 7.02631 -10.0346 2
      vertex 6.375 -11.0418 2
      vertex 7.3131 -10.4442 2
    endloop
  endfacet
  facet normal -0 0 1
    outer loop
      vertex 6.125 -10.6088 2
      vertex 6.375 -11.0418 2
      vertex 7.02631 -10.0346 2
    endloop
  endfacet
  facet normal 0 0 1
    outer loop
      vertex 6.125 -10.6088 2
      vertex 5.38838 -11.5554 2
      vertex 6.375 -11.0418 2
    endloop
  endfacet
  facet normal -0 0 1
    outer loop
      vertex 5.17707 -11.1023 2
      vertex 5.38838 -11.5554 2
      vertex 6.125 -10.6088 2
    endloop
  endfacet
  facet normal 0 0 1
    outer loop
      vertex 5.17707 -11.1023 2
      vertex 4.36076 -11.9811 2
      vertex 5.38838 -11.5554 2
    endloop
  endfacet
  facet normal -0 0 1
    outer loop
      vertex 4.18975 -11.5112 2
      vertex 4.36076 -11.9811 2
      vertex 5.17707 -11.1023 2
    endloop
  endfacet
  facet normal 0 0 1
    outer loop
      vertex 4.18975 -11.5112 2
      vertex 3.29994 -12.3156 2
      vertex 4.36076 -11.9811 2
    endloop
  endfacet
  facet normal -0 0 1
    outer loop
      vertex 3.17053 -11.8326 2
      vertex 3.29994 -12.3156 2
      vertex 4.18975 -11.5112 2
    endloop
  endfacet
  facet normal 0 0 1
    outer loop
      vertex 3.17053 -11.8326 2
      vertex 2.21401 -12.5563 2
      vertex 3.29994 -12.3156 2
    endloop
  endfacet
  facet normal -0 0 1
    outer loop
      vertex 2.12719 -12.0639 2
      vertex 2.21401 -12.5563 2
      vertex 3.17053 -11.8326 2
    endloop
  endfacet
  facet normal 0 0 1
    outer loop
      vertex 2.12719 -12.0639 2
      vertex 1.11124 -12.7015 2
      vertex 2.21401 -12.5563 2
    endloop
  endfacet
  facet normal -0 0 1
    outer loop
      vertex 1.06766 -12.2034 2
      vertex 1.11124 -12.7015 2
      vertex 2.12719 -12.0639 2
    endloop
  endfacet
  facet normal -0 0 1
    outer loop
      vertex 0 -12.25 2
      vertex 1.11124 -12.7015 2
      vertex 1.06766 -12.2034 2
    endloop
  endfacet
  facet normal 0 0 1
    outer loop
      vertex 0 -12.25 2
      vertex 0 -12.75 2
      vertex 1.11124 -12.7015 2
    endloop
  endfacet
  facet normal 0 0 1
    outer loop
      vertex -1.06766 -12.2034 2
      vertex 0 -12.75 2
      vertex 0 -12.25 2
    endloop
  endfacet
  facet normal 0 0 1
    outer loop
      vertex -1.06766 -12.2034 2
      vertex -1.11124 -12.7015 2
      vertex 0 -12.75 2
    endloop
  endfacet
  facet normal 0 0 1
    outer loop
      vertex -2.12719 -12.0639 2
      vertex -1.11124 -12.7015 2
      vertex -1.06766 -12.2034 2
    endloop
  endfacet
  facet normal 0 0 1
    outer loop
      vertex -2.12719 -12.0639 2
      vertex -2.21401 -12.5563 2
      vertex -1.11124 -12.7015 2
    endloop
  endfacet
  facet normal 0 0 1
    outer loop
      vertex -3.17053 -11.8326 2
      vertex -2.21401 -12.5563 2
      vertex -2.12719 -12.0639 2
    endloop
  endfacet
  facet normal 0 0 1
    outer loop
      vertex -3.17053 -11.8326 2
      vertex -3.29994 -12.3156 2
      vertex -2.21401 -12.5563 2
    endloop
  endfacet
  facet normal 0 0 1
    outer loop
      vertex -4.18975 -11.5112 2
      vertex -3.29994 -12.3156 2
      vertex -3.17053 -11.8326 2
    endloop
  endfacet
  facet normal 0 0 1
    outer loop
      vertex -4.18975 -11.5112 2
      vertex -4.36076 -11.9811 2
      vertex -3.29994 -12.3156 2
    endloop
  endfacet
  facet normal 0 0 1
    outer loop
      vertex -5.17707 -11.1023 2
      vertex -4.36076 -11.9811 2
      vertex -4.18975 -11.5112 2
    endloop
  endfacet
  facet normal 0 0 1
    outer loop
      vertex -5.17707 -11.1023 2
      vertex -5.38838 -11.5554 2
      vertex -4.36076 -11.9811 2
    endloop
  endfacet
  facet normal 0 0 1
    outer loop
      vertex -6.125 -10.6088 2
      vertex -5.38838 -11.5554 2
      vertex -5.17707 -11.1023 2
    endloop
  endfacet
  facet normal 0 0 1
    outer loop
      vertex -6.125 -10.6088 2
      vertex -6.375 -11.0418 2
      vertex -5.38838 -11.5554 2
    endloop
  endfacet
  facet normal 0 0 1
    outer loop
      vertex -7.02631 -10.0346 2
      vertex -6.375 -11.0418 2
      vertex -6.125 -10.6088 2
    endloop
  endfacet
  facet normal 0 0 1
    outer loop
      vertex -7.02631 -10.0346 2
      vertex -7.3131 -10.4442 2
      vertex -6.375 -11.0418 2
    endloop
  endfacet
  facet normal 0 0 1
    outer loop
      vertex -7.87415 -9.38404 2
      vertex -7.3131 -10.4442 2
      vertex -7.02631 -10.0346 2
    endloop
  endfacet
  facet normal 0 0 1
    outer loop
      vertex -7.87415 -9.38404 2
      vertex -8.19554 -9.76707 2
      vertex -7.3131 -10.4442 2
    endloop
  endfacet
  facet normal 0 0 1
    outer loop
      vertex -8.66206 -8.66206 2
      vertex -8.19554 -9.76707 2
      vertex -7.87415 -9.38404 2
    endloop
  endfacet
  facet normal 0 0 1
    outer loop
      vertex -8.66206 -8.66206 2
      vertex -9.01561 -9.01561 2
      vertex -8.19554 -9.76707 2
    endloop
  endfacet
  facet normal 0 0 1
    outer loop
      vertex -9.38404 -7.87415 2
      vertex -9.01561 -9.01561 2
      vertex -8.66206 -8.66206 2
    endloop
  endfacet
  facet normal 0 0 1
    outer loop
      vertex -9.38404 -7.87415 2
      vertex -9.76707 -8.19554 2
      vertex -9.01561 -9.01561 2
    endloop
  endfacet
  facet normal 0 0 1
    outer loop
      vertex -10.0346 -7.02631 2
      vertex -9.76707 -8.19554 2
      vertex -9.38404 -7.87415 2
    endloop
  endfacet
  facet normal 0 0 1
    outer loop
      vertex -10.0346 -7.02631 2
      vertex -10.4442 -7.3131 2
      vertex -9.76707 -8.19554 2
    endloop
  endfacet
  facet normal 0 0 1
    outer loop
      vertex -10.6088 -6.125 2
      vertex -10.4442 -7.3131 2
      vertex -10.0346 -7.02631 2
    endloop
  endfacet
  facet normal 0 0 1
    outer loop
      vertex -10.6088 -6.125 2
      vertex -11.0418 -6.375 2
      vertex -10.4442 -7.3131 2
    endloop
  endfacet
  facet normal 0 0 1
    outer loop
      vertex -11.1023 -5.17707 2
      vertex -11.0418 -6.375 2
      vertex -10.6088 -6.125 2
    endloop
  endfacet
  facet normal 0 0 1
    outer loop
      vertex -11.5554 -5.38838 2
      vertex -11.1023 -5.17707 2
      vertex -11.5112 -4.18975 2
    endloop
  endfacet
  facet normal 0 0 1
    outer loop
      vertex -11.1023 -5.17707 2
      vertex -11.5554 -5.38838 2
      vertex -11.0418 -6.375 2
    endloop
  endfacet
  facet normal 0 0 1
    outer loop
      vertex -11.9811 -4.36076 2
      vertex -11.5112 -4.18975 2
      vertex -11.8326 -3.17053 2
    endloop
  endfacet
  facet normal 0 0 1
    outer loop
      vertex -11.5112 -4.18975 2
      vertex -11.9811 -4.36076 2
      vertex -11.5554 -5.38838 2
    endloop
  endfacet
  facet normal 0 0 1
    outer loop
      vertex -12.3156 -3.29994 2
      vertex -11.8326 -3.17053 2
      vertex -12.0639 -2.12719 2
    endloop
  endfacet
  facet normal 0 0 1
    outer loop
      vertex -12.5563 -2.21401 2
      vertex -12.0639 -2.12719 2
      vertex -12.2034 -1.06766 2
    endloop
  endfacet
  facet normal 0 0 1
    outer loop
      vertex -11.8326 -3.17053 2
      vertex -12.3156 -3.29994 2
      vertex -11.9811 -4.36076 2
    endloop
  endfacet
  facet normal 0 0 1
    outer loop
      vertex -12.7015 -1.11124 2
      vertex -12.2034 -1.06766 2
      vertex -12.25 0 2
    endloop
  endfacet
  facet normal -0 0 1
    outer loop
      vertex -12.7015 1.11124 2
      vertex -12.2034 1.06766 2
      vertex -12.5563 2.21401 2
    endloop
  endfacet
  facet normal 0 0 1
    outer loop
      vertex -12.2034 1.06766 2
      vertex -12.7015 1.11124 2
      vertex -12.25 0 2
    endloop
  endfacet
  facet normal 0 0 1
    outer loop
      vertex -12.0639 -2.12719 2
      vertex -12.5563 -2.21401 2
      vertex -12.3156 -3.29994 2
    endloop
  endfacet
  facet normal 0 0 1
    outer loop
      vertex -12.75 0 2
      vertex -12.25 0 2
      vertex -12.7015 1.11124 2
    endloop
  endfacet
  facet normal 0 0 1
    outer loop
      vertex -12.2034 -1.06766 2
      vertex -12.7015 -1.11124 2
      vertex -12.5563 -2.21401 2
    endloop
  endfacet
  facet normal 0 0 1
    outer loop
      vertex -12.25 0 2
      vertex -12.75 0 2
      vertex -12.7015 -1.11124 2
    endloop
  endfacet
  facet normal 0 0 -1
    outer loop
      vertex 12.25 0 2.8
      vertex 12.75 0 2.8
      vertex 12.7015 -1.11124 2.8
    endloop
  endfacet
  facet normal 0 0 -1
    outer loop
      vertex 12.2034 -1.06766 2.8
      vertex 12.7015 -1.11124 2.8
      vertex 12.5563 -2.21401 2.8
    endloop
  endfacet
  facet normal 0 0 -1
    outer loop
      vertex 12.75 0 2.8
      vertex 12.25 0 2.8
      vertex 12.7015 1.11124 2.8
    endloop
  endfacet
  facet normal 0 0 -1
    outer loop
      vertex 12.0639 -2.12719 2.8
      vertex 12.5563 -2.21401 2.8
      vertex 12.3156 -3.29994 2.8
    endloop
  endfacet
  facet normal 0 0 -1
    outer loop
      vertex 12.2034 1.06766 2.8
      vertex 12.7015 1.11124 2.8
      vertex 12.25 0 2.8
    endloop
  endfacet
  facet normal -0 0 -1
    outer loop
      vertex 12.7015 1.11124 2.8
      vertex 12.2034 1.06766 2.8
      vertex 12.5563 2.21401 2.8
    endloop
  endfacet
  facet normal 0 0 -1
    outer loop
      vertex 12.7015 -1.11124 2.8
      vertex 12.2034 -1.06766 2.8
      vertex 12.25 0 2.8
    endloop
  endfacet
  facet normal 0 0 -1
    outer loop
      vertex 12.5563 -2.21401 2.8
      vertex 12.0639 -2.12719 2.8
      vertex 12.2034 -1.06766 2.8
    endloop
  endfacet
  facet normal 0 0 -1
    outer loop
      vertex 11.8326 -3.17053 2.8
      vertex 12.3156 -3.29994 2.8
      vertex 11.9811 -4.36076 2.8
    endloop
  endfacet
  facet normal 0 0 -1
    outer loop
      vertex 12.3156 -3.29994 2.8
      vertex 11.8326 -3.17053 2.8
      vertex 12.0639 -2.12719 2.8
    endloop
  endfacet
  facet normal 0 0 -1
    outer loop
      vertex 11.5112 -4.18975 2.8
      vertex 11.9811 -4.36076 2.8
      vertex 11.5554 -5.38838 2.8
    endloop
  endfacet
  facet normal 0 0 -1
    outer loop
      vertex 11.9811 -4.36076 2.8
      vertex 11.5112 -4.18975 2.8
      vertex 11.8326 -3.17053 2.8
    endloop
  endfacet
  facet normal 0 0 -1
    outer loop
      vertex 11.5554 -5.38838 2.8
      vertex 11.1023 -5.17707 2.8
      vertex 11.5112 -4.18975 2.8
    endloop
  endfacet
  facet normal 0 0 -1
    outer loop
      vertex 11.0418 -6.375 2.8
      vertex 11.1023 -5.17707 2.8
      vertex 11.5554 -5.38838 2.8
    endloop
  endfacet
  facet normal 0 0 -1
    outer loop
      vertex 11.0418 -6.375 2.8
      vertex 10.6088 -6.125 2.8
      vertex 11.1023 -5.17707 2.8
    endloop
  endfacet
  facet normal 0 0 -1
    outer loop
      vertex 10.4442 -7.3131 2.8
      vertex 10.6088 -6.125 2.8
      vertex 11.0418 -6.375 2.8
    endloop
  endfacet
  facet normal 0 0 -1
    outer loop
      vertex 10.4442 -7.3131 2.8
      vertex 10.0346 -7.02631 2.8
      vertex 10.6088 -6.125 2.8
    endloop
  endfacet
  facet normal 0 0 -1
    outer loop
      vertex 9.76707 -8.19554 2.8
      vertex 10.0346 -7.02631 2.8
      vertex 10.4442 -7.3131 2.8
    endloop
  endfacet
  facet normal 0 0 -1
    outer loop
      vertex 9.76707 -8.19554 2.8
      vertex 9.38404 -7.87415 2.8
      vertex 10.0346 -7.02631 2.8
    endloop
  endfacet
  facet normal 0 0 -1
    outer loop
      vertex 9.01561 -9.01561 2.8
      vertex 9.38404 -7.87415 2.8
      vertex 9.76707 -8.19554 2.8
    endloop
  endfacet
  facet normal 0 0 -1
    outer loop
      vertex 9.01561 -9.01561 2.8
      vertex 8.66206 -8.66206 2.8
      vertex 9.38404 -7.87415 2.8
    endloop
  endfacet
  facet normal 0 0 -1
    outer loop
      vertex 8.19554 -9.76707 2.8
      vertex 8.66206 -8.66206 2.8
      vertex 9.01561 -9.01561 2.8
    endloop
  endfacet
  facet normal 0 0 -1
    outer loop
      vertex 8.19554 -9.76707 2.8
      vertex 7.87415 -9.38404 2.8
      vertex 8.66206 -8.66206 2.8
    endloop
  endfacet
  facet normal 0 0 -1
    outer loop
      vertex 7.3131 -10.4442 2.8
      vertex 7.87415 -9.38404 2.8
      vertex 8.19554 -9.76707 2.8
    endloop
  endfacet
  facet normal 0 0 -1
    outer loop
      vertex 7.3131 -10.4442 2.8
      vertex 7.02631 -10.0346 2.8
      vertex 7.87415 -9.38404 2.8
    endloop
  endfacet
  facet normal 0 0 -1
    outer loop
      vertex 6.375 -11.0418 2.8
      vertex 7.02631 -10.0346 2.8
      vertex 7.3131 -10.4442 2.8
    endloop
  endfacet
  facet normal 0 0 -1
    outer loop
      vertex 6.375 -11.0418 2.8
      vertex 6.125 -10.6088 2.8
      vertex 7.02631 -10.0346 2.8
    endloop
  endfacet
  facet normal 0 0 -1
    outer loop
      vertex 5.38838 -11.5554 2.8
      vertex 6.125 -10.6088 2.8
      vertex 6.375 -11.0418 2.8
    endloop
  endfacet
  facet normal 0 0 -1
    outer loop
      vertex 5.38838 -11.5554 2.8
      vertex 5.17707 -11.1023 2.8
      vertex 6.125 -10.6088 2.8
    endloop
  endfacet
  facet normal 0 0 -1
    outer loop
      vertex 4.36076 -11.9811 2.8
      vertex 5.17707 -11.1023 2.8
      vertex 5.38838 -11.5554 2.8
    endloop
  endfacet
  facet normal 0 0 -1
    outer loop
      vertex 4.36076 -11.9811 2.8
      vertex 4.18975 -11.5112 2.8
      vertex 5.17707 -11.1023 2.8
    endloop
  endfacet
  facet normal 0 0 -1
    outer loop
      vertex 3.29994 -12.3156 2.8
      vertex 4.18975 -11.5112 2.8
      vertex 4.36076 -11.9811 2.8
    endloop
  endfacet
  facet normal 0 0 -1
    outer loop
      vertex 3.29994 -12.3156 2.8
      vertex 3.17053 -11.8326 2.8
      vertex 4.18975 -11.5112 2.8
    endloop
  endfacet
  facet normal 0 0 -1
    outer loop
      vertex 2.21401 -12.5563 2.8
      vertex 3.17053 -11.8326 2.8
      vertex 3.29994 -12.3156 2.8
    endloop
  endfacet
  facet normal 0 0 -1
    outer loop
      vertex 2.21401 -12.5563 2.8
      vertex 2.12719 -12.0639 2.8
      vertex 3.17053 -11.8326 2.8
    endloop
  endfacet
  facet normal 0 0 -1
    outer loop
      vertex 1.11124 -12.7015 2.8
      vertex 2.12719 -12.0639 2.8
      vertex 2.21401 -12.5563 2.8
    endloop
  endfacet
  facet normal 0 0 -1
    outer loop
      vertex 1.11124 -12.7015 2.8
      vertex 1.06766 -12.2034 2.8
      vertex 2.12719 -12.0639 2.8
    endloop
  endfacet
  facet normal 0 0 -1
    outer loop
      vertex 0 -12.75 2.8
      vertex 1.06766 -12.2034 2.8
      vertex 1.11124 -12.7015 2.8
    endloop
  endfacet
  facet normal 0 0 -1
    outer loop
      vertex 0 -12.75 2.8
      vertex 0 -12.25 2.8
      vertex 1.06766 -12.2034 2.8
    endloop
  endfacet
  facet normal 0 0 -1
    outer loop
      vertex 0 -12.75 2.8
      vertex -1.06766 -12.2034 2.8
      vertex 0 -12.25 2.8
    endloop
  endfacet
  facet normal 0 0 -1
    outer loop
      vertex -1.11124 -12.7015 2.8
      vertex -1.06766 -12.2034 2.8
      vertex 0 -12.75 2.8
    endloop
  endfacet
  facet normal 0 0 -1
    outer loop
      vertex -1.11124 -12.7015 2.8
      vertex -2.12719 -12.0639 2.8
      vertex -1.06766 -12.2034 2.8
    endloop
  endfacet
  facet normal 0 0 -1
    outer loop
      vertex -2.21401 -12.5563 2.8
      vertex -2.12719 -12.0639 2.8
      vertex -1.11124 -12.7015 2.8
    endloop
  endfacet
  facet normal 0 0 -1
    outer loop
      vertex -2.21401 -12.5563 2.8
      vertex -3.17053 -11.8326 2.8
      vertex -2.12719 -12.0639 2.8
    endloop
  endfacet
  facet normal 0 0 -1
    outer loop
      vertex -3.29994 -12.3156 2.8
      vertex -3.17053 -11.8326 2.8
      vertex -2.21401 -12.5563 2.8
    endloop
  endfacet
  facet normal 0 0 -1
    outer loop
      vertex -3.29994 -12.3156 2.8
      vertex -4.18975 -11.5112 2.8
      vertex -3.17053 -11.8326 2.8
    endloop
  endfacet
  facet normal 0 0 -1
    outer loop
      vertex -4.36076 -11.9811 2.8
      vertex -4.18975 -11.5112 2.8
      vertex -3.29994 -12.3156 2.8
    endloop
  endfacet
  facet normal 0 0 -1
    outer loop
      vertex -4.36076 -11.9811 2.8
      vertex -5.17707 -11.1023 2.8
      vertex -4.18975 -11.5112 2.8
    endloop
  endfacet
  facet normal 0 0 -1
    outer loop
      vertex -5.38838 -11.5554 2.8
      vertex -5.17707 -11.1023 2.8
      vertex -4.36076 -11.9811 2.8
    endloop
  endfacet
  facet normal 0 0 -1
    outer loop
      vertex -5.38838 -11.5554 2.8
      vertex -6.125 -10.6088 2.8
      vertex -5.17707 -11.1023 2.8
    endloop
  endfacet
  facet normal 0 0 -1
    outer loop
      vertex -6.375 -11.0418 2.8
      vertex -6.125 -10.6088 2.8
      vertex -5.38838 -11.5554 2.8
    endloop
  endfacet
  facet normal 0 0 -1
    outer loop
      vertex -6.375 -11.0418 2.8
      vertex -7.02631 -10.0346 2.8
      vertex -6.125 -10.6088 2.8
    endloop
  endfacet
  facet normal 0 0 -1
    outer loop
      vertex -7.3131 -10.4442 2.8
      vertex -7.02631 -10.0346 2.8
      vertex -6.375 -11.0418 2.8
    endloop
  endfacet
  facet normal 0 0 -1
    outer loop
      vertex -7.3131 -10.4442 2.8
      vertex -7.87415 -9.38404 2.8
      vertex -7.02631 -10.0346 2.8
    endloop
  endfacet
  facet normal 0 0 -1
    outer loop
      vertex -8.19554 -9.76707 2.8
      vertex -7.87415 -9.38404 2.8
      vertex -7.3131 -10.4442 2.8
    endloop
  endfacet
  facet normal 0 0 -1
    outer loop
      vertex -8.19554 -9.76707 2.8
      vertex -8.66206 -8.66206 2.8
      vertex -7.87415 -9.38404 2.8
    endloop
  endfacet
  facet normal 0 0 -1
    outer loop
      vertex -9.01561 -9.01561 2.8
      vertex -8.66206 -8.66206 2.8
      vertex -8.19554 -9.76707 2.8
    endloop
  endfacet
  facet normal 0 0 -1
    outer loop
      vertex -9.01561 -9.01561 2.8
      vertex -9.38404 -7.87415 2.8
      vertex -8.66206 -8.66206 2.8
    endloop
  endfacet
  facet normal 0 0 -1
    outer loop
      vertex -9.76707 -8.19554 2.8
      vertex -9.38404 -7.87415 2.8
      vertex -9.01561 -9.01561 2.8
    endloop
  endfacet
  facet normal 0 0 -1
    outer loop
      vertex -9.76707 -8.19554 2.8
      vertex -10.0346 -7.02631 2.8
      vertex -9.38404 -7.87415 2.8
    endloop
  endfacet
  facet normal 0 0 -1
    outer loop
      vertex -10.4442 -7.3131 2.8
      vertex -10.0346 -7.02631 2.8
      vertex -9.76707 -8.19554 2.8
    endloop
  endfacet
  facet normal 0 0 -1
    outer loop
      vertex -10.4442 -7.3131 2.8
      vertex -10.6088 -6.125 2.8
      vertex -10.0346 -7.02631 2.8
    endloop
  endfacet
  facet normal 0 0 -1
    outer loop
      vertex -11.0418 -6.375 2.8
      vertex -10.6088 -6.125 2.8
      vertex -10.4442 -7.3131 2.8
    endloop
  endfacet
  facet normal 0 0 -1
    outer loop
      vertex -11.0418 -6.375 2.8
      vertex -11.1023 -5.17707 2.8
      vertex -10.6088 -6.125 2.8
    endloop
  endfacet
  facet normal 0 0 -1
    outer loop
      vertex -11.5554 -5.38838 2.8
      vertex -11.1023 -5.17707 2.8
      vertex -11.0418 -6.375 2.8
    endloop
  endfacet
  facet normal -0 0 -1
    outer loop
      vertex -11.1023 -5.17707 2.8
      vertex -11.5554 -5.38838 2.8
      vertex -11.5112 -4.18975 2.8
    endloop
  endfacet
  facet normal 0 0 -1
    outer loop
      vertex -11.9811 -4.36076 2.8
      vertex -11.5112 -4.18975 2.8
      vertex -11.5554 -5.38838 2.8
    endloop
  endfacet
  facet normal -0 0 -1
    outer loop
      vertex -11.5112 -4.18975 2.8
      vertex -11.9811 -4.36076 2.8
      vertex -11.8326 -3.17053 2.8
    endloop
  endfacet
  facet normal 0 0 -1
    outer loop
      vertex -12.3156 -3.29994 2.8
      vertex -11.8326 -3.17053 2.8
      vertex -11.9811 -4.36076 2.8
    endloop
  endfacet
  facet normal -0 0 -1
    outer loop
      vertex -11.8326 -3.17053 2.8
      vertex -12.3156 -3.29994 2.8
      vertex -12.0639 -2.12719 2.8
    endloop
  endfacet
  facet normal -0 0 -1
    outer loop
      vertex -12.0639 -2.12719 2.8
      vertex -12.5563 -2.21401 2.8
      vertex -12.2034 -1.06766 2.8
    endloop
  endfacet
  facet normal 0 0 -1
    outer loop
      vertex -12.5563 -2.21401 2.8
      vertex -12.0639 -2.12719 2.8
      vertex -12.3156 -3.29994 2.8
    endloop
  endfacet
  facet normal 0 0 -1
    outer loop
      vertex 12.0639 2.12719 2.8
      vertex 12.5563 2.21401 2.8
      vertex 12.2034 1.06766 2.8
    endloop
  endfacet
  facet normal -0 0 -1
    outer loop
      vertex 12.5563 2.21401 2.8
      vertex 12.0639 2.12719 2.8
      vertex 12.3156 3.29994 2.8
    endloop
  endfacet
  facet normal 0 0 -1
    outer loop
      vertex 11.8326 3.17053 2.8
      vertex 12.3156 3.29994 2.8
      vertex 12.0639 2.12719 2.8
    endloop
  endfacet
  facet normal -0 0 -1
    outer loop
      vertex 12.3156 3.29994 2.8
      vertex 11.8326 3.17053 2.8
      vertex 11.9811 4.36076 2.8
    endloop
  endfacet
  facet normal 0 0 -1
    outer loop
      vertex 11.5112 4.18975 2.8
      vertex 11.9811 4.36076 2.8
      vertex 11.8326 3.17053 2.8
    endloop
  endfacet
  facet normal -0 0 -1
    outer loop
      vertex 11.9811 4.36076 2.8
      vertex 11.5112 4.18975 2.8
      vertex 11.5554 5.38838 2.8
    endloop
  endfacet
  facet normal 0 0 -1
    outer loop
      vertex 11.1023 5.17707 2.8
      vertex 11.5554 5.38838 2.8
      vertex 11.5112 4.18975 2.8
    endloop
  endfacet
  facet normal 0 0 -1
    outer loop
      vertex 11.1023 5.17707 2.8
      vertex 11.0418 6.375 2.8
      vertex 11.5554 5.38838 2.8
    endloop
  endfacet
  facet normal 0 0 -1
    outer loop
      vertex 10.6088 6.125 2.8
      vertex 11.0418 6.375 2.8
      vertex 11.1023 5.17707 2.8
    endloop
  endfacet
  facet normal 0 0 -1
    outer loop
      vertex 10.6088 6.125 2.8
      vertex 10.4442 7.3131 2.8
      vertex 11.0418 6.375 2.8
    endloop
  endfacet
  facet normal 0 0 -1
    outer loop
      vertex 10.0346 7.02631 2.8
      vertex 10.4442 7.3131 2.8
      vertex 10.6088 6.125 2.8
    endloop
  endfacet
  facet normal 0 0 -1
    outer loop
      vertex 10.0346 7.02631 2.8
      vertex 9.76707 8.19554 2.8
      vertex 10.4442 7.3131 2.8
    endloop
  endfacet
  facet normal 0 0 -1
    outer loop
      vertex 9.38404 7.87415 2.8
      vertex 9.76707 8.19554 2.8
      vertex 10.0346 7.02631 2.8
    endloop
  endfacet
  facet normal 0 0 -1
    outer loop
      vertex 9.38404 7.87415 2.8
      vertex 9.01561 9.01561 2.8
      vertex 9.76707 8.19554 2.8
    endloop
  endfacet
  facet normal 0 0 -1
    outer loop
      vertex 8.66206 8.66206 2.8
      vertex 9.01561 9.01561 2.8
      vertex 9.38404 7.87415 2.8
    endloop
  endfacet
  facet normal 0 0 -1
    outer loop
      vertex 8.66206 8.66206 2.8
      vertex 8.19554 9.76707 2.8
      vertex 9.01561 9.01561 2.8
    endloop
  endfacet
  facet normal 0 0 -1
    outer loop
      vertex 7.87415 9.38404 2.8
      vertex 8.19554 9.76707 2.8
      vertex 8.66206 8.66206 2.8
    endloop
  endfacet
  facet normal 0 0 -1
    outer loop
      vertex 7.87415 9.38404 2.8
      vertex 7.3131 10.4442 2.8
      vertex 8.19554 9.76707 2.8
    endloop
  endfacet
  facet normal 0 0 -1
    outer loop
      vertex 7.02631 10.0346 2.8
      vertex 7.3131 10.4442 2.8
      vertex 7.87415 9.38404 2.8
    endloop
  endfacet
  facet normal 0 0 -1
    outer loop
      vertex 7.02631 10.0346 2.8
      vertex 6.375 11.0418 2.8
      vertex 7.3131 10.4442 2.8
    endloop
  endfacet
  facet normal 0 0 -1
    outer loop
      vertex 6.125 10.6088 2.8
      vertex 6.375 11.0418 2.8
      vertex 7.02631 10.0346 2.8
    endloop
  endfacet
  facet normal 0 0 -1
    outer loop
      vertex 6.125 10.6088 2.8
      vertex 5.38838 11.5554 2.8
      vertex 6.375 11.0418 2.8
    endloop
  endfacet
  facet normal 0 0 -1
    outer loop
      vertex 5.17707 11.1023 2.8
      vertex 5.38838 11.5554 2.8
      vertex 6.125 10.6088 2.8
    endloop
  endfacet
  facet normal 0 0 -1
    outer loop
      vertex 5.17707 11.1023 2.8
      vertex 4.36076 11.9811 2.8
      vertex 5.38838 11.5554 2.8
    endloop
  endfacet
  facet normal 0 0 -1
    outer loop
      vertex 4.18975 11.5112 2.8
      vertex 4.36076 11.9811 2.8
      vertex 5.17707 11.1023 2.8
    endloop
  endfacet
  facet normal 0 0 -1
    outer loop
      vertex 4.18975 11.5112 2.8
      vertex 3.29994 12.3156 2.8
      vertex 4.36076 11.9811 2.8
    endloop
  endfacet
  facet normal 0 0 -1
    outer loop
      vertex 3.17053 11.8326 2.8
      vertex 3.29994 12.3156 2.8
      vertex 4.18975 11.5112 2.8
    endloop
  endfacet
  facet normal 0 0 -1
    outer loop
      vertex 3.17053 11.8326 2.8
      vertex 2.21401 12.5563 2.8
      vertex 3.29994 12.3156 2.8
    endloop
  endfacet
  facet normal 0 0 -1
    outer loop
      vertex 2.12719 12.0639 2.8
      vertex 2.21401 12.5563 2.8
      vertex 3.17053 11.8326 2.8
    endloop
  endfacet
  facet normal 0 0 -1
    outer loop
      vertex 2.12719 12.0639 2.8
      vertex 1.11124 12.7015 2.8
      vertex 2.21401 12.5563 2.8
    endloop
  endfacet
  facet normal 0 0 -1
    outer loop
      vertex 1.06766 12.2034 2.8
      vertex 1.11124 12.7015 2.8
      vertex 2.12719 12.0639 2.8
    endloop
  endfacet
  facet normal 0 0 -1
    outer loop
      vertex 0 12.25 2.8
      vertex 1.11124 12.7015 2.8
      vertex 1.06766 12.2034 2.8
    endloop
  endfacet
  facet normal 0 0 -1
    outer loop
      vertex 0 12.25 2.8
      vertex 0 12.75 2.8
      vertex 1.11124 12.7015 2.8
    endloop
  endfacet
  facet normal 0 0 -1
    outer loop
      vertex -1.06766 12.2034 2.8
      vertex 0 12.75 2.8
      vertex 0 12.25 2.8
    endloop
  endfacet
  facet normal 0 0 -1
    outer loop
      vertex -1.06766 12.2034 2.8
      vertex -1.11124 12.7015 2.8
      vertex 0 12.75 2.8
    endloop
  endfacet
  facet normal 0 0 -1
    outer loop
      vertex -2.12719 12.0639 2.8
      vertex -1.11124 12.7015 2.8
      vertex -1.06766 12.2034 2.8
    endloop
  endfacet
  facet normal 0 0 -1
    outer loop
      vertex -2.12719 12.0639 2.8
      vertex -2.21401 12.5563 2.8
      vertex -1.11124 12.7015 2.8
    endloop
  endfacet
  facet normal 0 0 -1
    outer loop
      vertex -3.17053 11.8326 2.8
      vertex -2.21401 12.5563 2.8
      vertex -2.12719 12.0639 2.8
    endloop
  endfacet
  facet normal 0 0 -1
    outer loop
      vertex -3.17053 11.8326 2.8
      vertex -3.29994 12.3156 2.8
      vertex -2.21401 12.5563 2.8
    endloop
  endfacet
  facet normal 0 0 -1
    outer loop
      vertex -4.18975 11.5112 2.8
      vertex -3.29994 12.3156 2.8
      vertex -3.17053 11.8326 2.8
    endloop
  endfacet
  facet normal 0 0 -1
    outer loop
      vertex -4.18975 11.5112 2.8
      vertex -4.36076 11.9811 2.8
      vertex -3.29994 12.3156 2.8
    endloop
  endfacet
  facet normal 0 0 -1
    outer loop
      vertex -5.17707 11.1023 2.8
      vertex -4.36076 11.9811 2.8
      vertex -4.18975 11.5112 2.8
    endloop
  endfacet
  facet normal 0 0 -1
    outer loop
      vertex -5.17707 11.1023 2.8
      vertex -5.38838 11.5554 2.8
      vertex -4.36076 11.9811 2.8
    endloop
  endfacet
  facet normal 0 0 -1
    outer loop
      vertex -6.125 10.6088 2.8
      vertex -5.38838 11.5554 2.8
      vertex -5.17707 11.1023 2.8
    endloop
  endfacet
  facet normal 0 0 -1
    outer loop
      vertex -6.125 10.6088 2.8
      vertex -6.375 11.0418 2.8
      vertex -5.38838 11.5554 2.8
    endloop
  endfacet
  facet normal 0 0 -1
    outer loop
      vertex -7.02631 10.0346 2.8
      vertex -6.375 11.0418 2.8
      vertex -6.125 10.6088 2.8
    endloop
  endfacet
  facet normal 0 0 -1
    outer loop
      vertex -7.02631 10.0346 2.8
      vertex -7.3131 10.4442 2.8
      vertex -6.375 11.0418 2.8
    endloop
  endfacet
  facet normal 0 0 -1
    outer loop
      vertex -7.87415 9.38404 2.8
      vertex -7.3131 10.4442 2.8
      vertex -7.02631 10.0346 2.8
    endloop
  endfacet
  facet normal 0 0 -1
    outer loop
      vertex -7.87415 9.38404 2.8
      vertex -8.19554 9.76707 2.8
      vertex -7.3131 10.4442 2.8
    endloop
  endfacet
  facet normal 0 0 -1
    outer loop
      vertex -8.66206 8.66206 2.8
      vertex -8.19554 9.76707 2.8
      vertex -7.87415 9.38404 2.8
    endloop
  endfacet
  facet normal 0 0 -1
    outer loop
      vertex -8.66206 8.66206 2.8
      vertex -9.01561 9.01561 2.8
      vertex -8.19554 9.76707 2.8
    endloop
  endfacet
  facet normal 0 0 -1
    outer loop
      vertex -9.38404 7.87415 2.8
      vertex -9.01561 9.01561 2.8
      vertex -8.66206 8.66206 2.8
    endloop
  endfacet
  facet normal 0 0 -1
    outer loop
      vertex -9.38404 7.87415 2.8
      vertex -9.76707 8.19554 2.8
      vertex -9.01561 9.01561 2.8
    endloop
  endfacet
  facet normal 0 0 -1
    outer loop
      vertex -10.0346 7.02631 2.8
      vertex -9.76707 8.19554 2.8
      vertex -9.38404 7.87415 2.8
    endloop
  endfacet
  facet normal 0 0 -1
    outer loop
      vertex -10.0346 7.02631 2.8
      vertex -10.4442 7.3131 2.8
      vertex -9.76707 8.19554 2.8
    endloop
  endfacet
  facet normal 0 0 -1
    outer loop
      vertex -10.6088 6.125 2.8
      vertex -10.4442 7.3131 2.8
      vertex -10.0346 7.02631 2.8
    endloop
  endfacet
  facet normal 0 0 -1
    outer loop
      vertex -10.6088 6.125 2.8
      vertex -11.0418 6.375 2.8
      vertex -10.4442 7.3131 2.8
    endloop
  endfacet
  facet normal 0 0 -1
    outer loop
      vertex -11.1023 5.17707 2.8
      vertex -11.0418 6.375 2.8
      vertex -10.6088 6.125 2.8
    endloop
  endfacet
  facet normal 0 0 -1
    outer loop
      vertex -11.5554 5.38838 2.8
      vertex -11.1023 5.17707 2.8
      vertex -11.5112 4.18975 2.8
    endloop
  endfacet
  facet normal 0 0 -1
    outer loop
      vertex -11.1023 5.17707 2.8
      vertex -11.5554 5.38838 2.8
      vertex -11.0418 6.375 2.8
    endloop
  endfacet
  facet normal 0 0 -1
    outer loop
      vertex -11.9811 4.36076 2.8
      vertex -11.5112 4.18975 2.8
      vertex -11.8326 3.17053 2.8
    endloop
  endfacet
  facet normal 0 0 -1
    outer loop
      vertex -11.5112 4.18975 2.8
      vertex -11.9811 4.36076 2.8
      vertex -11.5554 5.38838 2.8
    endloop
  endfacet
  facet normal 0 0 -1
    outer loop
      vertex -12.3156 3.29994 2.8
      vertex -11.8326 3.17053 2.8
      vertex -12.0639 2.12719 2.8
    endloop
  endfacet
  facet normal 0 0 -1
    outer loop
      vertex -12.5563 2.21401 2.8
      vertex -12.0639 2.12719 2.8
      vertex -12.2034 1.06766 2.8
    endloop
  endfacet
  facet normal 0 0 -1
    outer loop
      vertex -11.8326 3.17053 2.8
      vertex -12.3156 3.29994 2.8
      vertex -11.9811 4.36076 2.8
    endloop
  endfacet
  facet normal 0 0 -1
    outer loop
      vertex -12.7015 1.11124 2.8
      vertex -12.2034 1.06766 2.8
      vertex -12.25 0 2.8
    endloop
  endfacet
  facet normal 0 0 -1
    outer loop
      vertex -12.7015 -1.11124 2.8
      vertex -12.2034 -1.06766 2.8
      vertex -12.5563 -2.21401 2.8
    endloop
  endfacet
  facet normal -0 0 -1
    outer loop
      vertex -12.2034 -1.06766 2.8
      vertex -12.7015 -1.11124 2.8
      vertex -12.25 0 2.8
    endloop
  endfacet
  facet normal 0 0 -1
    outer loop
      vertex -12.0639 2.12719 2.8
      vertex -12.5563 2.21401 2.8
      vertex -12.3156 3.29994 2.8
    endloop
  endfacet
  facet normal 0 0 -1
    outer loop
      vertex -12.75 0 2.8
      vertex -12.25 0 2.8
      vertex -12.7015 -1.11124 2.8
    endloop
  endfacet
  facet normal 0 0 -1
    outer loop
      vertex -12.2034 1.06766 2.8
      vertex -12.7015 1.11124 2.8
      vertex -12.5563 2.21401 2.8
    endloop
  endfacet
  facet normal 0 0 -1
    outer loop
      vertex -12.25 0 2.8
      vertex -12.75 0 2.8
      vertex -12.7015 1.11124 2.8
    endloop
  endfacet
  facet normal 0.999049 -0.0436053 0
    outer loop
      vertex 12.2034 -1.06766 2.8
      vertex 12.25 0 2
      vertex 12.25 0 2.8
    endloop
  endfacet
  facet normal 0.999049 -0.0436053 0
    outer loop
      vertex 12.25 0 2
      vertex 12.2034 -1.06766 2.8
      vertex 12.2034 -1.06766 2
    endloop
  endfacet
  facet normal 0.991444 0.130536 0
    outer loop
      vertex 12.2034 1.06766 2.8
      vertex 12.0639 2.12719 2
      vertex 12.0639 2.12719 2.8
    endloop
  endfacet
  facet normal 0.991444 0.130536 0
    outer loop
      vertex 12.0639 2.12719 2
      vertex 12.2034 1.06766 2.8
      vertex 12.2034 1.06766 2
    endloop
  endfacet
  facet normal 0.999049 0.0436053 0
    outer loop
      vertex 12.25 0 2.8
      vertex 12.2034 1.06766 2
      vertex 12.2034 1.06766 2.8
    endloop
  endfacet
  facet normal 0.999049 0.0436053 0
    outer loop
      vertex 12.2034 1.06766 2
      vertex 12.25 0 2.8
      vertex 12.25 0 2
    endloop
  endfacet
  facet normal 0.976297 0.216437 0
    outer loop
      vertex 12.0639 2.12719 2.8
      vertex 11.8326 3.17053 2
      vertex 11.8326 3.17053 2.8
    endloop
  endfacet
  facet normal 0.976297 0.216437 0
    outer loop
      vertex 11.8326 3.17053 2
      vertex 12.0639 2.12719 2.8
      vertex 12.0639 2.12719 2
    endloop
  endfacet
  facet normal -0.0436053 0.999049 0
    outer loop
      vertex 0 12.25 2
      vertex -1.06766 12.2034 2.8
      vertex 0 12.25 2.8
    endloop
  endfacet
  facet normal -0.0436053 0.999049 0
    outer loop
      vertex -1.06766 12.2034 2.8
      vertex 0 12.25 2
      vertex -1.06766 12.2034 2
    endloop
  endfacet
  facet normal 0.216437 0.976297 -0
    outer loop
      vertex 3.17053 11.8326 2
      vertex 2.12719 12.0639 2.8
      vertex 3.17053 11.8326 2.8
    endloop
  endfacet
  facet normal 0.216437 0.976297 0
    outer loop
      vertex 2.12719 12.0639 2.8
      vertex 3.17053 11.8326 2
      vertex 2.12719 12.0639 2
    endloop
  endfacet
  facet normal 0.793358 -0.608755 0
    outer loop
      vertex 9.38404 -7.87415 2.8
      vertex 10.0346 -7.02631 2
      vertex 10.0346 -7.02631 2.8
    endloop
  endfacet
  facet normal 0.793358 -0.608755 0
    outer loop
      vertex 10.0346 -7.02631 2
      vertex 9.38404 -7.87415 2.8
      vertex 9.38404 -7.87415 2
    endloop
  endfacet
  facet normal -0.73728 0.675587 0
    outer loop
      vertex -9.38404 7.87415 2
      vertex -8.66206 8.66206 2.8
      vertex -8.66206 8.66206 2
    endloop
  endfacet
  facet normal -0.73728 0.675587 0
    outer loop
      vertex -8.66206 8.66206 2.8
      vertex -9.38404 7.87415 2
      vertex -9.38404 7.87415 2.8
    endloop
  endfacet
  facet normal 0.216437 -0.976297 0
    outer loop
      vertex 2.12719 -12.0639 2
      vertex 3.17053 -11.8326 2.8
      vertex 2.12719 -12.0639 2.8
    endloop
  endfacet
  facet normal 0.216437 -0.976297 0
    outer loop
      vertex 3.17053 -11.8326 2.8
      vertex 2.12719 -12.0639 2
      vertex 3.17053 -11.8326 2
    endloop
  endfacet
  facet normal -0.216437 -0.976297 0
    outer loop
      vertex -3.17053 -11.8326 2
      vertex -2.12719 -12.0639 2.8
      vertex -3.17053 -11.8326 2.8
    endloop
  endfacet
  facet normal -0.216437 -0.976297 -0
    outer loop
      vertex -2.12719 -12.0639 2.8
      vertex -3.17053 -11.8326 2
      vertex -2.12719 -12.0639 2
    endloop
  endfacet
  facet normal -0.675587 0.73728 0
    outer loop
      vertex -7.87415 9.38404 2
      vertex -8.66206 8.66206 2.8
      vertex -7.87415 9.38404 2.8
    endloop
  endfacet
  facet normal -0.675587 0.73728 0
    outer loop
      vertex -8.66206 8.66206 2.8
      vertex -7.87415 9.38404 2
      vertex -8.66206 8.66206 2
    endloop
  endfacet
  facet normal 0.537301 -0.843391 0
    outer loop
      vertex 6.125 -10.6088 2
      vertex 7.02631 -10.0346 2.8
      vertex 6.125 -10.6088 2.8
    endloop
  endfacet
  facet normal 0.537301 -0.843391 0
    outer loop
      vertex 7.02631 -10.0346 2.8
      vertex 6.125 -10.6088 2
      vertex 7.02631 -10.0346 2
    endloop
  endfacet
  facet normal -0.843391 0.537301 0
    outer loop
      vertex -10.6088 6.125 2
      vertex -10.0346 7.02631 2.8
      vertex -10.0346 7.02631 2
    endloop
  endfacet
  facet normal -0.843391 0.537301 0
    outer loop
      vertex -10.0346 7.02631 2.8
      vertex -10.6088 6.125 2
      vertex -10.6088 6.125 2.8
    endloop
  endfacet
  facet normal -0.991444 -0.130536 0
    outer loop
      vertex -12.0639 -2.12719 2
      vertex -12.2034 -1.06766 2.8
      vertex -12.2034 -1.06766 2
    endloop
  endfacet
  facet normal -0.991444 -0.130536 0
    outer loop
      vertex -12.2034 -1.06766 2.8
      vertex -12.0639 -2.12719 2
      vertex -12.0639 -2.12719 2.8
    endloop
  endfacet
  facet normal 0.608755 0.793358 -0
    outer loop
      vertex 7.87415 9.38404 2
      vertex 7.02631 10.0346 2.8
      vertex 7.87415 9.38404 2.8
    endloop
  endfacet
  facet normal 0.608755 0.793358 0
    outer loop
      vertex 7.02631 10.0346 2.8
      vertex 7.87415 9.38404 2
      vertex 7.02631 10.0346 2
    endloop
  endfacet
  facet normal 0.73728 -0.675587 0
    outer loop
      vertex 8.66206 -8.66206 2.8
      vertex 9.38404 -7.87415 2
      vertex 9.38404 -7.87415 2.8
    endloop
  endfacet
  facet normal 0.73728 -0.675587 0
    outer loop
      vertex 9.38404 -7.87415 2
      vertex 8.66206 -8.66206 2.8
      vertex 8.66206 -8.66206 2
    endloop
  endfacet
  facet normal -0.953706 -0.300741 0
    outer loop
      vertex -11.5112 -4.18975 2
      vertex -11.8326 -3.17053 2.8
      vertex -11.8326 -3.17053 2
    endloop
  endfacet
  facet normal -0.953706 -0.300741 0
    outer loop
      vertex -11.8326 -3.17053 2.8
      vertex -11.5112 -4.18975 2
      vertex -11.5112 -4.18975 2.8
    endloop
  endfacet
  facet normal -0.461777 0.886996 0
    outer loop
      vertex -5.17707 11.1023 2
      vertex -6.125 10.6088 2.8
      vertex -5.17707 11.1023 2.8
    endloop
  endfacet
  facet normal -0.461777 0.886996 0
    outer loop
      vertex -6.125 10.6088 2.8
      vertex -5.17707 11.1023 2
      vertex -6.125 10.6088 2
    endloop
  endfacet
  facet normal 0.461777 0.886996 -0
    outer loop
      vertex 6.125 10.6088 2
      vertex 5.17707 11.1023 2.8
      vertex 6.125 10.6088 2.8
    endloop
  endfacet
  facet normal 0.461777 0.886996 0
    outer loop
      vertex 5.17707 11.1023 2.8
      vertex 6.125 10.6088 2
      vertex 5.17707 11.1023 2
    endloop
  endfacet
  facet normal -0.976297 -0.216437 0
    outer loop
      vertex -11.8326 -3.17053 2
      vertex -12.0639 -2.12719 2.8
      vertex -12.0639 -2.12719 2
    endloop
  endfacet
  facet normal -0.976297 -0.216437 0
    outer loop
      vertex -12.0639 -2.12719 2.8
      vertex -11.8326 -3.17053 2
      vertex -11.8326 -3.17053 2.8
    endloop
  endfacet
  facet normal 0.886996 -0.461777 0
    outer loop
      vertex 10.6088 -6.125 2.8
      vertex 11.1023 -5.17707 2
      vertex 11.1023 -5.17707 2.8
    endloop
  endfacet
  facet normal 0.886996 -0.461777 0
    outer loop
      vertex 11.1023 -5.17707 2
      vertex 10.6088 -6.125 2.8
      vertex 10.6088 -6.125 2
    endloop
  endfacet
  facet normal 0.130536 -0.991444 0
    outer loop
      vertex 1.06766 -12.2034 2
      vertex 2.12719 -12.0639 2.8
      vertex 1.06766 -12.2034 2.8
    endloop
  endfacet
  facet normal 0.130536 -0.991444 0
    outer loop
      vertex 2.12719 -12.0639 2.8
      vertex 1.06766 -12.2034 2
      vertex 2.12719 -12.0639 2
    endloop
  endfacet
  facet normal -0.537301 0.843391 0
    outer loop
      vertex -6.125 10.6088 2
      vertex -7.02631 10.0346 2.8
      vertex -6.125 10.6088 2.8
    endloop
  endfacet
  facet normal -0.537301 0.843391 0
    outer loop
      vertex -7.02631 10.0346 2.8
      vertex -6.125 10.6088 2
      vertex -7.02631 10.0346 2
    endloop
  endfacet
  facet normal 0.953706 0.300741 0
    outer loop
      vertex 11.8326 3.17053 2.8
      vertex 11.5112 4.18975 2
      vertex 11.5112 4.18975 2.8
    endloop
  endfacet
  facet normal 0.953706 0.300741 0
    outer loop
      vertex 11.5112 4.18975 2
      vertex 11.8326 3.17053 2.8
      vertex 11.8326 3.17053 2
    endloop
  endfacet
  facet normal 0.675587 0.73728 -0
    outer loop
      vertex 8.66206 8.66206 2
      vertex 7.87415 9.38404 2.8
      vertex 8.66206 8.66206 2.8
    endloop
  endfacet
  facet normal 0.675587 0.73728 0
    outer loop
      vertex 7.87415 9.38404 2.8
      vertex 8.66206 8.66206 2
      vertex 7.87415 9.38404 2
    endloop
  endfacet
  facet normal -0.73728 -0.675587 0
    outer loop
      vertex -8.66206 -8.66206 2
      vertex -9.38404 -7.87415 2.8
      vertex -9.38404 -7.87415 2
    endloop
  endfacet
  facet normal -0.73728 -0.675587 0
    outer loop
      vertex -9.38404 -7.87415 2.8
      vertex -8.66206 -8.66206 2
      vertex -8.66206 -8.66206 2.8
    endloop
  endfacet
  facet normal 0.0436053 -0.999049 0
    outer loop
      vertex 0 -12.25 2
      vertex 1.06766 -12.2034 2.8
      vertex 0 -12.25 2.8
    endloop
  endfacet
  facet normal 0.0436053 -0.999049 0
    outer loop
      vertex 1.06766 -12.2034 2.8
      vertex 0 -12.25 2
      vertex 1.06766 -12.2034 2
    endloop
  endfacet
  facet normal -0.976297 0.216437 0
    outer loop
      vertex -12.0639 2.12719 2
      vertex -11.8326 3.17053 2.8
      vertex -11.8326 3.17053 2
    endloop
  endfacet
  facet normal -0.976297 0.216437 0
    outer loop
      vertex -11.8326 3.17053 2.8
      vertex -12.0639 2.12719 2
      vertex -12.0639 2.12719 2.8
    endloop
  endfacet
  facet normal -0.382634 0.9239 0
    outer loop
      vertex -4.18975 11.5112 2
      vertex -5.17707 11.1023 2.8
      vertex -4.18975 11.5112 2.8
    endloop
  endfacet
  facet normal -0.382634 0.9239 0
    outer loop
      vertex -5.17707 11.1023 2.8
      vertex -4.18975 11.5112 2
      vertex -5.17707 11.1023 2
    endloop
  endfacet
  facet normal 0.843391 0.537301 0
    outer loop
      vertex 10.6088 6.125 2.8
      vertex 10.0346 7.02631 2
      vertex 10.0346 7.02631 2.8
    endloop
  endfacet
  facet normal 0.843391 0.537301 0
    outer loop
      vertex 10.0346 7.02631 2
      vertex 10.6088 6.125 2.8
      vertex 10.6088 6.125 2
    endloop
  endfacet
  facet normal -0.300741 0.953706 0
    outer loop
      vertex -3.17053 11.8326 2
      vertex -4.18975 11.5112 2.8
      vertex -3.17053 11.8326 2.8
    endloop
  endfacet
  facet normal -0.300741 0.953706 0
    outer loop
      vertex -4.18975 11.5112 2.8
      vertex -3.17053 11.8326 2
      vertex -4.18975 11.5112 2
    endloop
  endfacet
  facet normal -0.608755 0.793358 0
    outer loop
      vertex -7.02631 10.0346 2
      vertex -7.87415 9.38404 2.8
      vertex -7.02631 10.0346 2.8
    endloop
  endfacet
  facet normal -0.608755 0.793358 0
    outer loop
      vertex -7.87415 9.38404 2.8
      vertex -7.02631 10.0346 2
      vertex -7.87415 9.38404 2
    endloop
  endfacet
  facet normal 0.300741 0.953706 -0
    outer loop
      vertex 4.18975 11.5112 2
      vertex 3.17053 11.8326 2.8
      vertex 4.18975 11.5112 2.8
    endloop
  endfacet
  facet normal 0.300741 0.953706 0
    outer loop
      vertex 3.17053 11.8326 2.8
      vertex 4.18975 11.5112 2
      vertex 3.17053 11.8326 2
    endloop
  endfacet
  facet normal 0.461777 -0.886996 0
    outer loop
      vertex 5.17707 -11.1023 2
      vertex 6.125 -10.6088 2.8
      vertex 5.17707 -11.1023 2.8
    endloop
  endfacet
  facet normal 0.461777 -0.886996 0
    outer loop
      vertex 6.125 -10.6088 2.8
      vertex 5.17707 -11.1023 2
      vertex 6.125 -10.6088 2
    endloop
  endfacet
  facet normal -0.0436053 -0.999049 0
    outer loop
      vertex -1.06766 -12.2034 2
      vertex 0 -12.25 2.8
      vertex -1.06766 -12.2034 2.8
    endloop
  endfacet
  facet normal -0.0436053 -0.999049 -0
    outer loop
      vertex 0 -12.25 2.8
      vertex -1.06766 -12.2034 2
      vertex 0 -12.25 2
    endloop
  endfacet
  facet normal -0.537301 -0.843391 0
    outer loop
      vertex -7.02631 -10.0346 2
      vertex -6.125 -10.6088 2.8
      vertex -7.02631 -10.0346 2.8
    endloop
  endfacet
  facet normal -0.537301 -0.843391 -0
    outer loop
      vertex -6.125 -10.6088 2.8
      vertex -7.02631 -10.0346 2
      vertex -6.125 -10.6088 2
    endloop
  endfacet
  facet normal 0.0436053 0.999049 -0
    outer loop
      vertex 1.06766 12.2034 2
      vertex 0 12.25 2.8
      vertex 1.06766 12.2034 2.8
    endloop
  endfacet
  facet normal 0.0436053 0.999049 0
    outer loop
      vertex 0 12.25 2.8
      vertex 1.06766 12.2034 2
      vertex 0 12.25 2
    endloop
  endfacet
  facet normal 0.976297 -0.216437 0
    outer loop
      vertex 11.8326 -3.17053 2.8
      vertex 12.0639 -2.12719 2
      vertex 12.0639 -2.12719 2.8
    endloop
  endfacet
  facet normal 0.976297 -0.216437 0
    outer loop
      vertex 12.0639 -2.12719 2
      vertex 11.8326 -3.17053 2.8
      vertex 11.8326 -3.17053 2
    endloop
  endfacet
  facet normal 0.953706 -0.300741 0
    outer loop
      vertex 11.5112 -4.18975 2.8
      vertex 11.8326 -3.17053 2
      vertex 11.8326 -3.17053 2.8
    endloop
  endfacet
  facet normal 0.953706 -0.300741 0
    outer loop
      vertex 11.8326 -3.17053 2
      vertex 11.5112 -4.18975 2.8
      vertex 11.5112 -4.18975 2
    endloop
  endfacet
  facet normal 0.843391 -0.537301 0
    outer loop
      vertex 10.0346 -7.02631 2.8
      vertex 10.6088 -6.125 2
      vertex 10.6088 -6.125 2.8
    endloop
  endfacet
  facet normal 0.843391 -0.537301 0
    outer loop
      vertex 10.6088 -6.125 2
      vertex 10.0346 -7.02631 2.8
      vertex 10.0346 -7.02631 2
    endloop
  endfacet
  facet normal 0.537301 0.843391 -0
    outer loop
      vertex 7.02631 10.0346 2
      vertex 6.125 10.6088 2.8
      vertex 7.02631 10.0346 2.8
    endloop
  endfacet
  facet normal 0.537301 0.843391 0
    outer loop
      vertex 6.125 10.6088 2.8
      vertex 7.02631 10.0346 2
      vertex 6.125 10.6088 2
    endloop
  endfacet
  facet normal 0.9239 -0.382634 0
    outer loop
      vertex 11.1023 -5.17707 2.8
      vertex 11.5112 -4.18975 2
      vertex 11.5112 -4.18975 2.8
    endloop
  endfacet
  facet normal 0.9239 -0.382634 0
    outer loop
      vertex 11.5112 -4.18975 2
      vertex 11.1023 -5.17707 2.8
      vertex 11.1023 -5.17707 2
    endloop
  endfacet
  facet normal -0.9239 -0.382634 0
    outer loop
      vertex -11.1023 -5.17707 2
      vertex -11.5112 -4.18975 2.8
      vertex -11.5112 -4.18975 2
    endloop
  endfacet
  facet normal -0.9239 -0.382634 0
    outer loop
      vertex -11.5112 -4.18975 2.8
      vertex -11.1023 -5.17707 2
      vertex -11.1023 -5.17707 2.8
    endloop
  endfacet
  facet normal 0.991444 -0.130536 0
    outer loop
      vertex 12.0639 -2.12719 2.8
      vertex 12.2034 -1.06766 2
      vertex 12.2034 -1.06766 2.8
    endloop
  endfacet
  facet normal 0.991444 -0.130536 0
    outer loop
      vertex 12.2034 -1.06766 2
      vertex 12.0639 -2.12719 2.8
      vertex 12.0639 -2.12719 2
    endloop
  endfacet
  facet normal 0.9239 0.382634 0
    outer loop
      vertex 11.5112 4.18975 2.8
      vertex 11.1023 5.17707 2
      vertex 11.1023 5.17707 2.8
    endloop
  endfacet
  facet normal 0.9239 0.382634 0
    outer loop
      vertex 11.1023 5.17707 2
      vertex 11.5112 4.18975 2.8
      vertex 11.5112 4.18975 2
    endloop
  endfacet
  facet normal -0.953706 0.300741 0
    outer loop
      vertex -11.8326 3.17053 2
      vertex -11.5112 4.18975 2.8
      vertex -11.5112 4.18975 2
    endloop
  endfacet
  facet normal -0.953706 0.300741 0
    outer loop
      vertex -11.5112 4.18975 2.8
      vertex -11.8326 3.17053 2
      vertex -11.8326 3.17053 2.8
    endloop
  endfacet
  facet normal -0.886996 -0.461777 0
    outer loop
      vertex -10.6088 -6.125 2
      vertex -11.1023 -5.17707 2.8
      vertex -11.1023 -5.17707 2
    endloop
  endfacet
  facet normal -0.886996 -0.461777 0
    outer loop
      vertex -11.1023 -5.17707 2.8
      vertex -10.6088 -6.125 2
      vertex -10.6088 -6.125 2.8
    endloop
  endfacet
  facet normal 0.886996 0.461777 0
    outer loop
      vertex 11.1023 5.17707 2.8
      vertex 10.6088 6.125 2
      vertex 10.6088 6.125 2.8
    endloop
  endfacet
  facet normal 0.886996 0.461777 0
    outer loop
      vertex 10.6088 6.125 2
      vertex 11.1023 5.17707 2.8
      vertex 11.1023 5.17707 2
    endloop
  endfacet
  facet normal -0.793358 0.608755 0
    outer loop
      vertex -10.0346 7.02631 2
      vertex -9.38404 7.87415 2.8
      vertex -9.38404 7.87415 2
    endloop
  endfacet
  facet normal -0.793358 0.608755 0
    outer loop
      vertex -9.38404 7.87415 2.8
      vertex -10.0346 7.02631 2
      vertex -10.0346 7.02631 2.8
    endloop
  endfacet
  facet normal 0.300741 -0.953706 0
    outer loop
      vertex 3.17053 -11.8326 2
      vertex 4.18975 -11.5112 2.8
      vertex 3.17053 -11.8326 2.8
    endloop
  endfacet
  facet normal 0.300741 -0.953706 0
    outer loop
      vertex 4.18975 -11.5112 2.8
      vertex 3.17053 -11.8326 2
      vertex 4.18975 -11.5112 2
    endloop
  endfacet
  facet normal -0.991444 0.130536 0
    outer loop
      vertex -12.2034 1.06766 2
      vertex -12.0639 2.12719 2.8
      vertex -12.0639 2.12719 2
    endloop
  endfacet
  facet normal -0.991444 0.130536 0
    outer loop
      vertex -12.0639 2.12719 2.8
      vertex -12.2034 1.06766 2
      vertex -12.2034 1.06766 2.8
    endloop
  endfacet
  facet normal -0.793358 -0.608755 0
    outer loop
      vertex -9.38404 -7.87415 2
      vertex -10.0346 -7.02631 2.8
      vertex -10.0346 -7.02631 2
    endloop
  endfacet
  facet normal -0.793358 -0.608755 0
    outer loop
      vertex -10.0346 -7.02631 2.8
      vertex -9.38404 -7.87415 2
      vertex -9.38404 -7.87415 2.8
    endloop
  endfacet
  facet normal -0.216437 0.976297 0
    outer loop
      vertex -2.12719 12.0639 2
      vertex -3.17053 11.8326 2.8
      vertex -2.12719 12.0639 2.8
    endloop
  endfacet
  facet normal -0.216437 0.976297 0
    outer loop
      vertex -3.17053 11.8326 2.8
      vertex -2.12719 12.0639 2
      vertex -3.17053 11.8326 2
    endloop
  endfacet
  facet normal 0.73728 0.675587 0
    outer loop
      vertex 9.38404 7.87415 2.8
      vertex 8.66206 8.66206 2
      vertex 8.66206 8.66206 2.8
    endloop
  endfacet
  facet normal 0.73728 0.675587 0
    outer loop
      vertex 8.66206 8.66206 2
      vertex 9.38404 7.87415 2.8
      vertex 9.38404 7.87415 2
    endloop
  endfacet
  facet normal -0.608755 -0.793358 0
    outer loop
      vertex -7.87415 -9.38404 2
      vertex -7.02631 -10.0346 2.8
      vertex -7.87415 -9.38404 2.8
    endloop
  endfacet
  facet normal -0.608755 -0.793358 -0
    outer loop
      vertex -7.02631 -10.0346 2.8
      vertex -7.87415 -9.38404 2
      vertex -7.02631 -10.0346 2
    endloop
  endfacet
  facet normal -0.461777 -0.886996 0
    outer loop
      vertex -6.125 -10.6088 2
      vertex -5.17707 -11.1023 2.8
      vertex -6.125 -10.6088 2.8
    endloop
  endfacet
  facet normal -0.461777 -0.886996 -0
    outer loop
      vertex -5.17707 -11.1023 2.8
      vertex -6.125 -10.6088 2
      vertex -5.17707 -11.1023 2
    endloop
  endfacet
  facet normal 0.382634 -0.9239 0
    outer loop
      vertex 4.18975 -11.5112 2
      vertex 5.17707 -11.1023 2.8
      vertex 4.18975 -11.5112 2.8
    endloop
  endfacet
  facet normal 0.382634 -0.9239 0
    outer loop
      vertex 5.17707 -11.1023 2.8
      vertex 4.18975 -11.5112 2
      vertex 5.17707 -11.1023 2
    endloop
  endfacet
  facet normal -0.130536 -0.991444 0
    outer loop
      vertex -2.12719 -12.0639 2
      vertex -1.06766 -12.2034 2.8
      vertex -2.12719 -12.0639 2.8
    endloop
  endfacet
  facet normal -0.130536 -0.991444 -0
    outer loop
      vertex -1.06766 -12.2034 2.8
      vertex -2.12719 -12.0639 2
      vertex -1.06766 -12.2034 2
    endloop
  endfacet
  facet normal -0.9239 0.382634 0
    outer loop
      vertex -11.5112 4.18975 2
      vertex -11.1023 5.17707 2.8
      vertex -11.1023 5.17707 2
    endloop
  endfacet
  facet normal -0.9239 0.382634 0
    outer loop
      vertex -11.1023 5.17707 2.8
      vertex -11.5112 4.18975 2
      vertex -11.5112 4.18975 2.8
    endloop
  endfacet
  facet normal -0.675587 -0.73728 0
    outer loop
      vertex -8.66206 -8.66206 2
      vertex -7.87415 -9.38404 2.8
      vertex -8.66206 -8.66206 2.8
    endloop
  endfacet
  facet normal -0.675587 -0.73728 -0
    outer loop
      vertex -7.87415 -9.38404 2.8
      vertex -8.66206 -8.66206 2
      vertex -7.87415 -9.38404 2
    endloop
  endfacet
  facet normal 0.793358 0.608755 0
    outer loop
      vertex 10.0346 7.02631 2.8
      vertex 9.38404 7.87415 2
      vertex 9.38404 7.87415 2.8
    endloop
  endfacet
  facet normal 0.793358 0.608755 0
    outer loop
      vertex 9.38404 7.87415 2
      vertex 10.0346 7.02631 2.8
      vertex 10.0346 7.02631 2
    endloop
  endfacet
  facet normal -0.130536 0.991444 0
    outer loop
      vertex -1.06766 12.2034 2
      vertex -2.12719 12.0639 2.8
      vertex -1.06766 12.2034 2.8
    endloop
  endfacet
  facet normal -0.130536 0.991444 0
    outer loop
      vertex -2.12719 12.0639 2.8
      vertex -1.06766 12.2034 2
      vertex -2.12719 12.0639 2
    endloop
  endfacet
  facet normal -0.843391 -0.537301 0
    outer loop
      vertex -10.0346 -7.02631 2
      vertex -10.6088 -6.125 2.8
      vertex -10.6088 -6.125 2
    endloop
  endfacet
  facet normal -0.843391 -0.537301 0
    outer loop
      vertex -10.6088 -6.125 2.8
      vertex -10.0346 -7.02631 2
      vertex -10.0346 -7.02631 2.8
    endloop
  endfacet
  facet normal -0.999049 -0.0436053 0
    outer loop
      vertex -12.2034 -1.06766 2
      vertex -12.25 0 2.8
      vertex -12.25 0 2
    endloop
  endfacet
  facet normal -0.999049 -0.0436053 0
    outer loop
      vertex -12.25 0 2.8
      vertex -12.2034 -1.06766 2
      vertex -12.2034 -1.06766 2.8
    endloop
  endfacet
  facet normal -0.999049 0.0436053 0
    outer loop
      vertex -12.25 0 2
      vertex -12.2034 1.06766 2.8
      vertex -12.2034 1.06766 2
    endloop
  endfacet
  facet normal -0.999049 0.0436053 0
    outer loop
      vertex -12.2034 1.06766 2.8
      vertex -12.25 0 2
      vertex -12.25 0 2.8
    endloop
  endfacet
  facet normal -0.382634 -0.9239 0
    outer loop
      vertex -5.17707 -11.1023 2
      vertex -4.18975 -11.5112 2.8
      vertex -5.17707 -11.1023 2.8
    endloop
  endfacet
  facet normal -0.382634 -0.9239 -0
    outer loop
      vertex -4.18975 -11.5112 2.8
      vertex -5.17707 -11.1023 2
      vertex -4.18975 -11.5112 2
    endloop
  endfacet
  facet normal -0.300741 -0.953706 0
    outer loop
      vertex -4.18975 -11.5112 2
      vertex -3.17053 -11.8326 2.8
      vertex -4.18975 -11.5112 2.8
    endloop
  endfacet
  facet normal -0.300741 -0.953706 -0
    outer loop
      vertex -3.17053 -11.8326 2.8
      vertex -4.18975 -11.5112 2
      vertex -3.17053 -11.8326 2
    endloop
  endfacet
  facet normal 0.382634 0.9239 -0
    outer loop
      vertex 5.17707 11.1023 2
      vertex 4.18975 11.5112 2.8
      vertex 5.17707 11.1023 2.8
    endloop
  endfacet
  facet normal 0.382634 0.9239 0
    outer loop
      vertex 4.18975 11.5112 2.8
      vertex 5.17707 11.1023 2
      vertex 4.18975 11.5112 2
    endloop
  endfacet
  facet normal 0.675587 -0.73728 0
    outer loop
      vertex 7.87415 -9.38404 2
      vertex 8.66206 -8.66206 2.8
      vertex 7.87415 -9.38404 2.8
    endloop
  endfacet
  facet normal 0.675587 -0.73728 0
    outer loop
      vertex 8.66206 -8.66206 2.8
      vertex 7.87415 -9.38404 2
      vertex 8.66206 -8.66206 2
    endloop
  endfacet
  facet normal 0.608755 -0.793358 0
    outer loop
      vertex 7.02631 -10.0346 2
      vertex 7.87415 -9.38404 2.8
      vertex 7.02631 -10.0346 2.8
    endloop
  endfacet
  facet normal 0.608755 -0.793358 0
    outer loop
      vertex 7.87415 -9.38404 2.8
      vertex 7.02631 -10.0346 2
      vertex 7.87415 -9.38404 2
    endloop
  endfacet
  facet normal 0.130536 0.991444 -0
    outer loop
      vertex 2.12719 12.0639 2
      vertex 1.06766 12.2034 2.8
      vertex 2.12719 12.0639 2.8
    endloop
  endfacet
  facet normal 0.130536 0.991444 0
    outer loop
      vertex 1.06766 12.2034 2.8
      vertex 2.12719 12.0639 2
      vertex 1.06766 12.2034 2
    endloop
  endfacet
  facet normal -0.886996 0.461777 0
    outer loop
      vertex -11.1023 5.17707 2
      vertex -10.6088 6.125 2.8
      vertex -10.6088 6.125 2
    endloop
  endfacet
  facet normal -0.886996 0.461777 0
    outer loop
      vertex -10.6088 6.125 2.8
      vertex -11.1023 5.17707 2
      vertex -11.1023 5.17707 2.8
    endloop
  endfacet
  facet normal 0 0 1
    outer loop
      vertex 12.25 0 4
      vertex 12.75 0 4
      vertex 12.7015 1.11124 4
    endloop
  endfacet
  facet normal 0 0 1
    outer loop
      vertex 12.2034 1.06766 4
      vertex 12.7015 1.11124 4
      vertex 12.5563 2.21401 4
    endloop
  endfacet
  facet normal 0 0 1
    outer loop
      vertex 12.75 0 4
      vertex 12.25 0 4
      vertex 12.7015 -1.11124 4
    endloop
  endfacet
  facet normal 0 0 1
    outer loop
      vertex 12.0639 2.12719 4
      vertex 12.5563 2.21401 4
      vertex 12.3156 3.29994 4
    endloop
  endfacet
  facet normal -0 0 1
    outer loop
      vertex 12.2034 -1.06766 4
      vertex 12.7015 -1.11124 4
      vertex 12.25 0 4
    endloop
  endfacet
  facet normal 0 0 1
    outer loop
      vertex 12.7015 -1.11124 4
      vertex 12.2034 -1.06766 4
      vertex 12.5563 -2.21401 4
    endloop
  endfacet
  facet normal 0 0 1
    outer loop
      vertex 12.7015 1.11124 4
      vertex 12.2034 1.06766 4
      vertex 12.25 0 4
    endloop
  endfacet
  facet normal 0 0 1
    outer loop
      vertex 12.5563 2.21401 4
      vertex 12.0639 2.12719 4
      vertex 12.2034 1.06766 4
    endloop
  endfacet
  facet normal 0 0 1
    outer loop
      vertex 11.8326 3.17053 4
      vertex 12.3156 3.29994 4
      vertex 11.9811 4.36076 4
    endloop
  endfacet
  facet normal 0 0 1
    outer loop
      vertex 12.3156 3.29994 4
      vertex 11.8326 3.17053 4
      vertex 12.0639 2.12719 4
    endloop
  endfacet
  facet normal 0 0 1
    outer loop
      vertex 11.5112 4.18975 4
      vertex 11.9811 4.36076 4
      vertex 11.5554 5.38838 4
    endloop
  endfacet
  facet normal 0 0 1
    outer loop
      vertex 11.9811 4.36076 4
      vertex 11.5112 4.18975 4
      vertex 11.8326 3.17053 4
    endloop
  endfacet
  facet normal 0 0 1
    outer loop
      vertex 11.5554 5.38838 4
      vertex 11.1023 5.17707 4
      vertex 11.5112 4.18975 4
    endloop
  endfacet
  facet normal 0 0 1
    outer loop
      vertex 11.0418 6.375 4
      vertex 11.1023 5.17707 4
      vertex 11.5554 5.38838 4
    endloop
  endfacet
  facet normal 0 0 1
    outer loop
      vertex 11.0418 6.375 4
      vertex 10.6088 6.125 4
      vertex 11.1023 5.17707 4
    endloop
  endfacet
  facet normal 0 0 1
    outer loop
      vertex 10.4442 7.3131 4
      vertex 10.6088 6.125 4
      vertex 11.0418 6.375 4
    endloop
  endfacet
  facet normal 0 0 1
    outer loop
      vertex 10.4442 7.3131 4
      vertex 10.0346 7.02631 4
      vertex 10.6088 6.125 4
    endloop
  endfacet
  facet normal 0 0 1
    outer loop
      vertex 9.76707 8.19554 4
      vertex 10.0346 7.02631 4
      vertex 10.4442 7.3131 4
    endloop
  endfacet
  facet normal 0 0 1
    outer loop
      vertex 9.76707 8.19554 4
      vertex 9.38404 7.87415 4
      vertex 10.0346 7.02631 4
    endloop
  endfacet
  facet normal 0 0 1
    outer loop
      vertex 9.01561 9.01561 4
      vertex 9.38404 7.87415 4
      vertex 9.76707 8.19554 4
    endloop
  endfacet
  facet normal 0 0 1
    outer loop
      vertex 9.01561 9.01561 4
      vertex 8.66206 8.66206 4
      vertex 9.38404 7.87415 4
    endloop
  endfacet
  facet normal 0 0 1
    outer loop
      vertex 8.19554 9.76707 4
      vertex 8.66206 8.66206 4
      vertex 9.01561 9.01561 4
    endloop
  endfacet
  facet normal 0 0 1
    outer loop
      vertex 8.19554 9.76707 4
      vertex 7.87415 9.38404 4
      vertex 8.66206 8.66206 4
    endloop
  endfacet
  facet normal 0 0 1
    outer loop
      vertex 7.3131 10.4442 4
      vertex 7.87415 9.38404 4
      vertex 8.19554 9.76707 4
    endloop
  endfacet
  facet normal 0 0 1
    outer loop
      vertex 7.3131 10.4442 4
      vertex 7.02631 10.0346 4
      vertex 7.87415 9.38404 4
    endloop
  endfacet
  facet normal 0 0 1
    outer loop
      vertex 6.375 11.0418 4
      vertex 7.02631 10.0346 4
      vertex 7.3131 10.4442 4
    endloop
  endfacet
  facet normal 0 0 1
    outer loop
      vertex 6.375 11.0418 4
      vertex 6.125 10.6088 4
      vertex 7.02631 10.0346 4
    endloop
  endfacet
  facet normal 0 0 1
    outer loop
      vertex 5.38838 11.5554 4
      vertex 6.125 10.6088 4
      vertex 6.375 11.0418 4
    endloop
  endfacet
  facet normal 0 0 1
    outer loop
      vertex 5.38838 11.5554 4
      vertex 5.17707 11.1023 4
      vertex 6.125 10.6088 4
    endloop
  endfacet
  facet normal 0 0 1
    outer loop
      vertex 4.36076 11.9811 4
      vertex 5.17707 11.1023 4
      vertex 5.38838 11.5554 4
    endloop
  endfacet
  facet normal 0 0 1
    outer loop
      vertex 4.36076 11.9811 4
      vertex 4.18975 11.5112 4
      vertex 5.17707 11.1023 4
    endloop
  endfacet
  facet normal 0 0 1
    outer loop
      vertex 3.29994 12.3156 4
      vertex 4.18975 11.5112 4
      vertex 4.36076 11.9811 4
    endloop
  endfacet
  facet normal 0 0 1
    outer loop
      vertex 3.29994 12.3156 4
      vertex 3.17053 11.8326 4
      vertex 4.18975 11.5112 4
    endloop
  endfacet
  facet normal 0 0 1
    outer loop
      vertex 2.21401 12.5563 4
      vertex 3.17053 11.8326 4
      vertex 3.29994 12.3156 4
    endloop
  endfacet
  facet normal 0 0 1
    outer loop
      vertex 2.21401 12.5563 4
      vertex 2.12719 12.0639 4
      vertex 3.17053 11.8326 4
    endloop
  endfacet
  facet normal 0 0 1
    outer loop
      vertex 1.11124 12.7015 4
      vertex 2.12719 12.0639 4
      vertex 2.21401 12.5563 4
    endloop
  endfacet
  facet normal 0 0 1
    outer loop
      vertex 1.11124 12.7015 4
      vertex 1.06766 12.2034 4
      vertex 2.12719 12.0639 4
    endloop
  endfacet
  facet normal 0 0 1
    outer loop
      vertex 0 12.75 4
      vertex 1.06766 12.2034 4
      vertex 1.11124 12.7015 4
    endloop
  endfacet
  facet normal 0 0 1
    outer loop
      vertex 0 12.75 4
      vertex 0 12.25 4
      vertex 1.06766 12.2034 4
    endloop
  endfacet
  facet normal 0 0 1
    outer loop
      vertex 0 12.75 4
      vertex -1.06766 12.2034 4
      vertex 0 12.25 4
    endloop
  endfacet
  facet normal -0 0 1
    outer loop
      vertex -1.11124 12.7015 4
      vertex -1.06766 12.2034 4
      vertex 0 12.75 4
    endloop
  endfacet
  facet normal 0 0 1
    outer loop
      vertex -1.11124 12.7015 4
      vertex -2.12719 12.0639 4
      vertex -1.06766 12.2034 4
    endloop
  endfacet
  facet normal -0 0 1
    outer loop
      vertex -2.21401 12.5563 4
      vertex -2.12719 12.0639 4
      vertex -1.11124 12.7015 4
    endloop
  endfacet
  facet normal 0 0 1
    outer loop
      vertex -2.21401 12.5563 4
      vertex -3.17053 11.8326 4
      vertex -2.12719 12.0639 4
    endloop
  endfacet
  facet normal -0 0 1
    outer loop
      vertex -3.29994 12.3156 4
      vertex -3.17053 11.8326 4
      vertex -2.21401 12.5563 4
    endloop
  endfacet
  facet normal 0 0 1
    outer loop
      vertex -3.29994 12.3156 4
      vertex -4.18975 11.5112 4
      vertex -3.17053 11.8326 4
    endloop
  endfacet
  facet normal -0 0 1
    outer loop
      vertex -4.36076 11.9811 4
      vertex -4.18975 11.5112 4
      vertex -3.29994 12.3156 4
    endloop
  endfacet
  facet normal 0 0 1
    outer loop
      vertex -4.36076 11.9811 4
      vertex -5.17707 11.1023 4
      vertex -4.18975 11.5112 4
    endloop
  endfacet
  facet normal -0 0 1
    outer loop
      vertex -5.38838 11.5554 4
      vertex -5.17707 11.1023 4
      vertex -4.36076 11.9811 4
    endloop
  endfacet
  facet normal 0 0 1
    outer loop
      vertex -5.38838 11.5554 4
      vertex -6.125 10.6088 4
      vertex -5.17707 11.1023 4
    endloop
  endfacet
  facet normal -0 0 1
    outer loop
      vertex -6.375 11.0418 4
      vertex -6.125 10.6088 4
      vertex -5.38838 11.5554 4
    endloop
  endfacet
  facet normal 0 0 1
    outer loop
      vertex -6.375 11.0418 4
      vertex -7.02631 10.0346 4
      vertex -6.125 10.6088 4
    endloop
  endfacet
  facet normal -0 0 1
    outer loop
      vertex -7.3131 10.4442 4
      vertex -7.02631 10.0346 4
      vertex -6.375 11.0418 4
    endloop
  endfacet
  facet normal 0 0 1
    outer loop
      vertex -7.3131 10.4442 4
      vertex -7.87415 9.38404 4
      vertex -7.02631 10.0346 4
    endloop
  endfacet
  facet normal -0 0 1
    outer loop
      vertex -8.19554 9.76707 4
      vertex -7.87415 9.38404 4
      vertex -7.3131 10.4442 4
    endloop
  endfacet
  facet normal 0 0 1
    outer loop
      vertex -8.19554 9.76707 4
      vertex -8.66206 8.66206 4
      vertex -7.87415 9.38404 4
    endloop
  endfacet
  facet normal -0 0 1
    outer loop
      vertex -9.01561 9.01561 4
      vertex -8.66206 8.66206 4
      vertex -8.19554 9.76707 4
    endloop
  endfacet
  facet normal 0 0 1
    outer loop
      vertex -9.01561 9.01561 4
      vertex -9.38404 7.87415 4
      vertex -8.66206 8.66206 4
    endloop
  endfacet
  facet normal -0 0 1
    outer loop
      vertex -9.76707 8.19554 4
      vertex -9.38404 7.87415 4
      vertex -9.01561 9.01561 4
    endloop
  endfacet
  facet normal 0 0 1
    outer loop
      vertex -9.76707 8.19554 4
      vertex -10.0346 7.02631 4
      vertex -9.38404 7.87415 4
    endloop
  endfacet
  facet normal -0 0 1
    outer loop
      vertex -10.4442 7.3131 4
      vertex -10.0346 7.02631 4
      vertex -9.76707 8.19554 4
    endloop
  endfacet
  facet normal 0 0 1
    outer loop
      vertex -10.4442 7.3131 4
      vertex -10.6088 6.125 4
      vertex -10.0346 7.02631 4
    endloop
  endfacet
  facet normal -0 0 1
    outer loop
      vertex -11.0418 6.375 4
      vertex -10.6088 6.125 4
      vertex -10.4442 7.3131 4
    endloop
  endfacet
  facet normal 0 0 1
    outer loop
      vertex -11.0418 6.375 4
      vertex -11.1023 5.17707 4
      vertex -10.6088 6.125 4
    endloop
  endfacet
  facet normal -0 0 1
    outer loop
      vertex -11.5554 5.38838 4
      vertex -11.1023 5.17707 4
      vertex -11.0418 6.375 4
    endloop
  endfacet
  facet normal 0 0 1
    outer loop
      vertex -11.1023 5.17707 4
      vertex -11.5554 5.38838 4
      vertex -11.5112 4.18975 4
    endloop
  endfacet
  facet normal -0 0 1
    outer loop
      vertex -11.9811 4.36076 4
      vertex -11.5112 4.18975 4
      vertex -11.5554 5.38838 4
    endloop
  endfacet
  facet normal 0 0 1
    outer loop
      vertex -11.5112 4.18975 4
      vertex -11.9811 4.36076 4
      vertex -11.8326 3.17053 4
    endloop
  endfacet
  facet normal -0 0 1
    outer loop
      vertex -12.3156 3.29994 4
      vertex -11.8326 3.17053 4
      vertex -11.9811 4.36076 4
    endloop
  endfacet
  facet normal 0 0 1
    outer loop
      vertex -11.8326 3.17053 4
      vertex -12.3156 3.29994 4
      vertex -12.0639 2.12719 4
    endloop
  endfacet
  facet normal 0 0 1
    outer loop
      vertex -12.0639 2.12719 4
      vertex -12.5563 2.21401 4
      vertex -12.2034 1.06766 4
    endloop
  endfacet
  facet normal -0 0 1
    outer loop
      vertex -12.5563 2.21401 4
      vertex -12.0639 2.12719 4
      vertex -12.3156 3.29994 4
    endloop
  endfacet
  facet normal -0 0 1
    outer loop
      vertex 12.0639 -2.12719 4
      vertex 12.5563 -2.21401 4
      vertex 12.2034 -1.06766 4
    endloop
  endfacet
  facet normal 0 0 1
    outer loop
      vertex 12.5563 -2.21401 4
      vertex 12.0639 -2.12719 4
      vertex 12.3156 -3.29994 4
    endloop
  endfacet
  facet normal -0 0 1
    outer loop
      vertex 11.8326 -3.17053 4
      vertex 12.3156 -3.29994 4
      vertex 12.0639 -2.12719 4
    endloop
  endfacet
  facet normal 0 0 1
    outer loop
      vertex 12.3156 -3.29994 4
      vertex 11.8326 -3.17053 4
      vertex 11.9811 -4.36076 4
    endloop
  endfacet
  facet normal -0 0 1
    outer loop
      vertex 11.5112 -4.18975 4
      vertex 11.9811 -4.36076 4
      vertex 11.8326 -3.17053 4
    endloop
  endfacet
  facet normal 0 0 1
    outer loop
      vertex 11.9811 -4.36076 4
      vertex 11.5112 -4.18975 4
      vertex 11.5554 -5.38838 4
    endloop
  endfacet
  facet normal -0 0 1
    outer loop
      vertex 11.1023 -5.17707 4
      vertex 11.5554 -5.38838 4
      vertex 11.5112 -4.18975 4
    endloop
  endfacet
  facet normal 0 0 1
    outer loop
      vertex 11.1023 -5.17707 4
      vertex 11.0418 -6.375 4
      vertex 11.5554 -5.38838 4
    endloop
  endfacet
  facet normal -0 0 1
    outer loop
      vertex 10.6088 -6.125 4
      vertex 11.0418 -6.375 4
      vertex 11.1023 -5.17707 4
    endloop
  endfacet
  facet normal 0 0 1
    outer loop
      vertex 10.6088 -6.125 4
      vertex 10.4442 -7.3131 4
      vertex 11.0418 -6.375 4
    endloop
  endfacet
  facet normal -0 0 1
    outer loop
      vertex 10.0346 -7.02631 4
      vertex 10.4442 -7.3131 4
      vertex 10.6088 -6.125 4
    endloop
  endfacet
  facet normal 0 0 1
    outer loop
      vertex 10.0346 -7.02631 4
      vertex 9.76707 -8.19554 4
      vertex 10.4442 -7.3131 4
    endloop
  endfacet
  facet normal -0 0 1
    outer loop
      vertex 9.38404 -7.87415 4
      vertex 9.76707 -8.19554 4
      vertex 10.0346 -7.02631 4
    endloop
  endfacet
  facet normal 0 0 1
    outer loop
      vertex 9.38404 -7.87415 4
      vertex 9.01561 -9.01561 4
      vertex 9.76707 -8.19554 4
    endloop
  endfacet
  facet normal -0 0 1
    outer loop
      vertex 8.66206 -8.66206 4
      vertex 9.01561 -9.01561 4
      vertex 9.38404 -7.87415 4
    endloop
  endfacet
  facet normal 0 0 1
    outer loop
      vertex 8.66206 -8.66206 4
      vertex 8.19554 -9.76707 4
      vertex 9.01561 -9.01561 4
    endloop
  endfacet
  facet normal -0 0 1
    outer loop
      vertex 7.87415 -9.38404 4
      vertex 8.19554 -9.76707 4
      vertex 8.66206 -8.66206 4
    endloop
  endfacet
  facet normal 0 0 1
    outer loop
      vertex 7.87415 -9.38404 4
      vertex 7.3131 -10.4442 4
      vertex 8.19554 -9.76707 4
    endloop
  endfacet
  facet normal -0 0 1
    outer loop
      vertex 7.02631 -10.0346 4
      vertex 7.3131 -10.4442 4
      vertex 7.87415 -9.38404 4
    endloop
  endfacet
  facet normal 0 0 1
    outer loop
      vertex 7.02631 -10.0346 4
      vertex 6.375 -11.0418 4
      vertex 7.3131 -10.4442 4
    endloop
  endfacet
  facet normal -0 0 1
    outer loop
      vertex 6.125 -10.6088 4
      vertex 6.375 -11.0418 4
      vertex 7.02631 -10.0346 4
    endloop
  endfacet
  facet normal 0 0 1
    outer loop
      vertex 6.125 -10.6088 4
      vertex 5.38838 -11.5554 4
      vertex 6.375 -11.0418 4
    endloop
  endfacet
  facet normal -0 0 1
    outer loop
      vertex 5.17707 -11.1023 4
      vertex 5.38838 -11.5554 4
      vertex 6.125 -10.6088 4
    endloop
  endfacet
  facet normal 0 0 1
    outer loop
      vertex 5.17707 -11.1023 4
      vertex 4.36076 -11.9811 4
      vertex 5.38838 -11.5554 4
    endloop
  endfacet
  facet normal -0 0 1
    outer loop
      vertex 4.18975 -11.5112 4
      vertex 4.36076 -11.9811 4
      vertex 5.17707 -11.1023 4
    endloop
  endfacet
  facet normal 0 0 1
    outer loop
      vertex 4.18975 -11.5112 4
      vertex 3.29994 -12.3156 4
      vertex 4.36076 -11.9811 4
    endloop
  endfacet
  facet normal -0 0 1
    outer loop
      vertex 3.17053 -11.8326 4
      vertex 3.29994 -12.3156 4
      vertex 4.18975 -11.5112 4
    endloop
  endfacet
  facet normal 0 0 1
    outer loop
      vertex 3.17053 -11.8326 4
      vertex 2.21401 -12.5563 4
      vertex 3.29994 -12.3156 4
    endloop
  endfacet
  facet normal -0 0 1
    outer loop
      vertex 2.12719 -12.0639 4
      vertex 2.21401 -12.5563 4
      vertex 3.17053 -11.8326 4
    endloop
  endfacet
  facet normal 0 0 1
    outer loop
      vertex 2.12719 -12.0639 4
      vertex 1.11124 -12.7015 4
      vertex 2.21401 -12.5563 4
    endloop
  endfacet
  facet normal -0 0 1
    outer loop
      vertex 1.06766 -12.2034 4
      vertex 1.11124 -12.7015 4
      vertex 2.12719 -12.0639 4
    endloop
  endfacet
  facet normal -0 0 1
    outer loop
      vertex 0 -12.25 4
      vertex 1.11124 -12.7015 4
      vertex 1.06766 -12.2034 4
    endloop
  endfacet
  facet normal 0 0 1
    outer loop
      vertex 0 -12.25 4
      vertex 0 -12.75 4
      vertex 1.11124 -12.7015 4
    endloop
  endfacet
  facet normal 0 0 1
    outer loop
      vertex -1.06766 -12.2034 4
      vertex 0 -12.75 4
      vertex 0 -12.25 4
    endloop
  endfacet
  facet normal 0 0 1
    outer loop
      vertex -1.06766 -12.2034 4
      vertex -1.11124 -12.7015 4
      vertex 0 -12.75 4
    endloop
  endfacet
  facet normal 0 0 1
    outer loop
      vertex -2.12719 -12.0639 4
      vertex -1.11124 -12.7015 4
      vertex -1.06766 -12.2034 4
    endloop
  endfacet
  facet normal 0 0 1
    outer loop
      vertex -2.12719 -12.0639 4
      vertex -2.21401 -12.5563 4
      vertex -1.11124 -12.7015 4
    endloop
  endfacet
  facet normal 0 0 1
    outer loop
      vertex -3.17053 -11.8326 4
      vertex -2.21401 -12.5563 4
      vertex -2.12719 -12.0639 4
    endloop
  endfacet
  facet normal 0 0 1
    outer loop
      vertex -3.17053 -11.8326 4
      vertex -3.29994 -12.3156 4
      vertex -2.21401 -12.5563 4
    endloop
  endfacet
  facet normal 0 0 1
    outer loop
      vertex -4.18975 -11.5112 4
      vertex -3.29994 -12.3156 4
      vertex -3.17053 -11.8326 4
    endloop
  endfacet
  facet normal 0 0 1
    outer loop
      vertex -4.18975 -11.5112 4
      vertex -4.36076 -11.9811 4
      vertex -3.29994 -12.3156 4
    endloop
  endfacet
  facet normal 0 0 1
    outer loop
      vertex -5.17707 -11.1023 4
      vertex -4.36076 -11.9811 4
      vertex -4.18975 -11.5112 4
    endloop
  endfacet
  facet normal 0 0 1
    outer loop
      vertex -5.17707 -11.1023 4
      vertex -5.38838 -11.5554 4
      vertex -4.36076 -11.9811 4
    endloop
  endfacet
  facet normal 0 0 1
    outer loop
      vertex -6.125 -10.6088 4
      vertex -5.38838 -11.5554 4
      vertex -5.17707 -11.1023 4
    endloop
  endfacet
  facet normal 0 0 1
    outer loop
      vertex -6.125 -10.6088 4
      vertex -6.375 -11.0418 4
      vertex -5.38838 -11.5554 4
    endloop
  endfacet
  facet normal 0 0 1
    outer loop
      vertex -7.02631 -10.0346 4
      vertex -6.375 -11.0418 4
      vertex -6.125 -10.6088 4
    endloop
  endfacet
  facet normal 0 0 1
    outer loop
      vertex -7.02631 -10.0346 4
      vertex -7.3131 -10.4442 4
      vertex -6.375 -11.0418 4
    endloop
  endfacet
  facet normal 0 0 1
    outer loop
      vertex -7.87415 -9.38404 4
      vertex -7.3131 -10.4442 4
      vertex -7.02631 -10.0346 4
    endloop
  endfacet
  facet normal 0 0 1
    outer loop
      vertex -7.87415 -9.38404 4
      vertex -8.19554 -9.76707 4
      vertex -7.3131 -10.4442 4
    endloop
  endfacet
  facet normal 0 0 1
    outer loop
      vertex -8.66206 -8.66206 4
      vertex -8.19554 -9.76707 4
      vertex -7.87415 -9.38404 4
    endloop
  endfacet
  facet normal 0 0 1
    outer loop
      vertex -8.66206 -8.66206 4
      vertex -9.01561 -9.01561 4
      vertex -8.19554 -9.76707 4
    endloop
  endfacet
  facet normal 0 0 1
    outer loop
      vertex -9.38404 -7.87415 4
      vertex -9.01561 -9.01561 4
      vertex -8.66206 -8.66206 4
    endloop
  endfacet
  facet normal 0 0 1
    outer loop
      vertex -9.38404 -7.87415 4
      vertex -9.76707 -8.19554 4
      vertex -9.01561 -9.01561 4
    endloop
  endfacet
  facet normal 0 0 1
    outer loop
      vertex -10.0346 -7.02631 4
      vertex -9.76707 -8.19554 4
      vertex -9.38404 -7.87415 4
    endloop
  endfacet
  facet normal 0 0 1
    outer loop
      vertex -10.0346 -7.02631 4
      vertex -10.4442 -7.3131 4
      vertex -9.76707 -8.19554 4
    endloop
  endfacet
  facet normal 0 0 1
    outer loop
      vertex -10.6088 -6.125 4
      vertex -10.4442 -7.3131 4
      vertex -10.0346 -7.02631 4
    endloop
  endfacet
  facet normal 0 0 1
    outer loop
      vertex -10.6088 -6.125 4
      vertex -11.0418 -6.375 4
      vertex -10.4442 -7.3131 4
    endloop
  endfacet
  facet normal 0 0 1
    outer loop
      vertex -11.1023 -5.17707 4
      vertex -11.0418 -6.375 4
      vertex -10.6088 -6.125 4
    endloop
  endfacet
  facet normal 0 0 1
    outer loop
      vertex -11.5554 -5.38838 4
      vertex -11.1023 -5.17707 4
      vertex -11.5112 -4.18975 4
    endloop
  endfacet
  facet normal 0 0 1
    outer loop
      vertex -11.1023 -5.17707 4
      vertex -11.5554 -5.38838 4
      vertex -11.0418 -6.375 4
    endloop
  endfacet
  facet normal 0 0 1
    outer loop
      vertex -11.9811 -4.36076 4
      vertex -11.5112 -4.18975 4
      vertex -11.8326 -3.17053 4
    endloop
  endfacet
  facet normal 0 0 1
    outer loop
      vertex -11.5112 -4.18975 4
      vertex -11.9811 -4.36076 4
      vertex -11.5554 -5.38838 4
    endloop
  endfacet
  facet normal 0 0 1
    outer loop
      vertex -12.3156 -3.29994 4
      vertex -11.8326 -3.17053 4
      vertex -12.0639 -2.12719 4
    endloop
  endfacet
  facet normal 0 0 1
    outer loop
      vertex -12.5563 -2.21401 4
      vertex -12.0639 -2.12719 4
      vertex -12.2034 -1.06766 4
    endloop
  endfacet
  facet normal 0 0 1
    outer loop
      vertex -11.8326 -3.17053 4
      vertex -12.3156 -3.29994 4
      vertex -11.9811 -4.36076 4
    endloop
  endfacet
  facet normal 0 0 1
    outer loop
      vertex -12.7015 -1.11124 4
      vertex -12.2034 -1.06766 4
      vertex -12.25 0 4
    endloop
  endfacet
  facet normal -0 0 1
    outer loop
      vertex -12.7015 1.11124 4
      vertex -12.2034 1.06766 4
      vertex -12.5563 2.21401 4
    endloop
  endfacet
  facet normal 0 0 1
    outer loop
      vertex -12.2034 1.06766 4
      vertex -12.7015 1.11124 4
      vertex -12.25 0 4
    endloop
  endfacet
  facet normal 0 0 1
    outer loop
      vertex -12.0639 -2.12719 4
      vertex -12.5563 -2.21401 4
      vertex -12.3156 -3.29994 4
    endloop
  endfacet
  facet normal 0 0 1
    outer loop
      vertex -12.75 0 4
      vertex -12.25 0 4
      vertex -12.7015 1.11124 4
    endloop
  endfacet
  facet normal 0 0 1
    outer loop
      vertex -12.2034 -1.06766 4
      vertex -12.7015 -1.11124 4
      vertex -12.5563 -2.21401 4
    endloop
  endfacet
  facet normal 0 0 1
    outer loop
      vertex -12.25 0 4
      vertex -12.75 0 4
      vertex -12.7015 -1.11124 4
    endloop
  endfacet
  facet normal 0 0 -1
    outer loop
      vertex 12.25 0 4.8
      vertex 12.75 0 4.8
      vertex 12.7015 -1.11124 4.8
    endloop
  endfacet
  facet normal 0 0 -1
    outer loop
      vertex 12.2034 -1.06766 4.8
      vertex 12.7015 -1.11124 4.8
      vertex 12.5563 -2.21401 4.8
    endloop
  endfacet
  facet normal 0 0 -1
    outer loop
      vertex 12.75 0 4.8
      vertex 12.25 0 4.8
      vertex 12.7015 1.11124 4.8
    endloop
  endfacet
  facet normal 0 0 -1
    outer loop
      vertex 12.0639 -2.12719 4.8
      vertex 12.5563 -2.21401 4.8
      vertex 12.3156 -3.29994 4.8
    endloop
  endfacet
  facet normal 0 0 -1
    outer loop
      vertex 12.2034 1.06766 4.8
      vertex 12.7015 1.11124 4.8
      vertex 12.25 0 4.8
    endloop
  endfacet
  facet normal -0 0 -1
    outer loop
      vertex 12.7015 1.11124 4.8
      vertex 12.2034 1.06766 4.8
      vertex 12.5563 2.21401 4.8
    endloop
  endfacet
  facet normal 0 0 -1
    outer loop
      vertex 12.7015 -1.11124 4.8
      vertex 12.2034 -1.06766 4.8
      vertex 12.25 0 4.8
    endloop
  endfacet
  facet normal 0 0 -1
    outer loop
      vertex 12.5563 -2.21401 4.8
      vertex 12.0639 -2.12719 4.8
      vertex 12.2034 -1.06766 4.8
    endloop
  endfacet
  facet normal 0 0 -1
    outer loop
      vertex 11.8326 -3.17053 4.8
      vertex 12.3156 -3.29994 4.8
      vertex 11.9811 -4.36076 4.8
    endloop
  endfacet
  facet normal 0 0 -1
    outer loop
      vertex 12.3156 -3.29994 4.8
      vertex 11.8326 -3.17053 4.8
      vertex 12.0639 -2.12719 4.8
    endloop
  endfacet
  facet normal 0 0 -1
    outer loop
      vertex 11.5112 -4.18975 4.8
      vertex 11.9811 -4.36076 4.8
      vertex 11.5554 -5.38838 4.8
    endloop
  endfacet
  facet normal 0 0 -1
    outer loop
      vertex 11.9811 -4.36076 4.8
      vertex 11.5112 -4.18975 4.8
      vertex 11.8326 -3.17053 4.8
    endloop
  endfacet
  facet normal 0 0 -1
    outer loop
      vertex 11.5554 -5.38838 4.8
      vertex 11.1023 -5.17707 4.8
      vertex 11.5112 -4.18975 4.8
    endloop
  endfacet
  facet normal 0 0 -1
    outer loop
      vertex 11.0418 -6.375 4.8
      vertex 11.1023 -5.17707 4.8
      vertex 11.5554 -5.38838 4.8
    endloop
  endfacet
  facet normal 0 0 -1
    outer loop
      vertex 11.0418 -6.375 4.8
      vertex 10.6088 -6.125 4.8
      vertex 11.1023 -5.17707 4.8
    endloop
  endfacet
  facet normal 0 0 -1
    outer loop
      vertex 10.4442 -7.3131 4.8
      vertex 10.6088 -6.125 4.8
      vertex 11.0418 -6.375 4.8
    endloop
  endfacet
  facet normal 0 0 -1
    outer loop
      vertex 10.4442 -7.3131 4.8
      vertex 10.0346 -7.02631 4.8
      vertex 10.6088 -6.125 4.8
    endloop
  endfacet
  facet normal 0 0 -1
    outer loop
      vertex 9.76707 -8.19554 4.8
      vertex 10.0346 -7.02631 4.8
      vertex 10.4442 -7.3131 4.8
    endloop
  endfacet
  facet normal 0 0 -1
    outer loop
      vertex 9.76707 -8.19554 4.8
      vertex 9.38404 -7.87415 4.8
      vertex 10.0346 -7.02631 4.8
    endloop
  endfacet
  facet normal 0 0 -1
    outer loop
      vertex 9.01561 -9.01561 4.8
      vertex 9.38404 -7.87415 4.8
      vertex 9.76707 -8.19554 4.8
    endloop
  endfacet
  facet normal 0 0 -1
    outer loop
      vertex 9.01561 -9.01561 4.8
      vertex 8.66206 -8.66206 4.8
      vertex 9.38404 -7.87415 4.8
    endloop
  endfacet
  facet normal 0 0 -1
    outer loop
      vertex 8.19554 -9.76707 4.8
      vertex 8.66206 -8.66206 4.8
      vertex 9.01561 -9.01561 4.8
    endloop
  endfacet
  facet normal 0 0 -1
    outer loop
      vertex 8.19554 -9.76707 4.8
      vertex 7.87415 -9.38404 4.8
      vertex 8.66206 -8.66206 4.8
    endloop
  endfacet
  facet normal 0 0 -1
    outer loop
      vertex 7.3131 -10.4442 4.8
      vertex 7.87415 -9.38404 4.8
      vertex 8.19554 -9.76707 4.8
    endloop
  endfacet
  facet normal 0 0 -1
    outer loop
      vertex 7.3131 -10.4442 4.8
      vertex 7.02631 -10.0346 4.8
      vertex 7.87415 -9.38404 4.8
    endloop
  endfacet
  facet normal 0 0 -1
    outer loop
      vertex 6.375 -11.0418 4.8
      vertex 7.02631 -10.0346 4.8
      vertex 7.3131 -10.4442 4.8
    endloop
  endfacet
  facet normal 0 0 -1
    outer loop
      vertex 6.375 -11.0418 4.8
      vertex 6.125 -10.6088 4.8
      vertex 7.02631 -10.0346 4.8
    endloop
  endfacet
  facet normal 0 0 -1
    outer loop
      vertex 5.38838 -11.5554 4.8
      vertex 6.125 -10.6088 4.8
      vertex 6.375 -11.0418 4.8
    endloop
  endfacet
  facet normal 0 0 -1
    outer loop
      vertex 5.38838 -11.5554 4.8
      vertex 5.17707 -11.1023 4.8
      vertex 6.125 -10.6088 4.8
    endloop
  endfacet
  facet normal 0 0 -1
    outer loop
      vertex 4.36076 -11.9811 4.8
      vertex 5.17707 -11.1023 4.8
      vertex 5.38838 -11.5554 4.8
    endloop
  endfacet
  facet normal 0 0 -1
    outer loop
      vertex 4.36076 -11.9811 4.8
      vertex 4.18975 -11.5112 4.8
      vertex 5.17707 -11.1023 4.8
    endloop
  endfacet
  facet normal 0 0 -1
    outer loop
      vertex 3.29994 -12.3156 4.8
      vertex 4.18975 -11.5112 4.8
      vertex 4.36076 -11.9811 4.8
    endloop
  endfacet
  facet normal 0 0 -1
    outer loop
      vertex 3.29994 -12.3156 4.8
      vertex 3.17053 -11.8326 4.8
      vertex 4.18975 -11.5112 4.8
    endloop
  endfacet
  facet normal 0 0 -1
    outer loop
      vertex 2.21401 -12.5563 4.8
      vertex 3.17053 -11.8326 4.8
      vertex 3.29994 -12.3156 4.8
    endloop
  endfacet
  facet normal 0 0 -1
    outer loop
      vertex 2.21401 -12.5563 4.8
      vertex 2.12719 -12.0639 4.8
      vertex 3.17053 -11.8326 4.8
    endloop
  endfacet
  facet normal 0 0 -1
    outer loop
      vertex 1.11124 -12.7015 4.8
      vertex 2.12719 -12.0639 4.8
      vertex 2.21401 -12.5563 4.8
    endloop
  endfacet
  facet normal 0 0 -1
    outer loop
      vertex 1.11124 -12.7015 4.8
      vertex 1.06766 -12.2034 4.8
      vertex 2.12719 -12.0639 4.8
    endloop
  endfacet
  facet normal 0 0 -1
    outer loop
      vertex 0 -12.75 4.8
      vertex 1.06766 -12.2034 4.8
      vertex 1.11124 -12.7015 4.8
    endloop
  endfacet
  facet normal 0 0 -1
    outer loop
      vertex 0 -12.75 4.8
      vertex 0 -12.25 4.8
      vertex 1.06766 -12.2034 4.8
    endloop
  endfacet
  facet normal 0 0 -1
    outer loop
      vertex 0 -12.75 4.8
      vertex -1.06766 -12.2034 4.8
      vertex 0 -12.25 4.8
    endloop
  endfacet
  facet normal 0 0 -1
    outer loop
      vertex -1.11124 -12.7015 4.8
      vertex -1.06766 -12.2034 4.8
      vertex 0 -12.75 4.8
    endloop
  endfacet
  facet normal 0 0 -1
    outer loop
      vertex -1.11124 -12.7015 4.8
      vertex -2.12719 -12.0639 4.8
      vertex -1.06766 -12.2034 4.8
    endloop
  endfacet
  facet normal 0 0 -1
    outer loop
      vertex -2.21401 -12.5563 4.8
      vertex -2.12719 -12.0639 4.8
      vertex -1.11124 -12.7015 4.8
    endloop
  endfacet
  facet normal 0 0 -1
    outer loop
      vertex -2.21401 -12.5563 4.8
      vertex -3.17053 -11.8326 4.8
      vertex -2.12719 -12.0639 4.8
    endloop
  endfacet
  facet normal 0 0 -1
    outer loop
      vertex -3.29994 -12.3156 4.8
      vertex -3.17053 -11.8326 4.8
      vertex -2.21401 -12.5563 4.8
    endloop
  endfacet
  facet normal 0 0 -1
    outer loop
      vertex -3.29994 -12.3156 4.8
      vertex -4.18975 -11.5112 4.8
      vertex -3.17053 -11.8326 4.8
    endloop
  endfacet
  facet normal 0 0 -1
    outer loop
      vertex -4.36076 -11.9811 4.8
      vertex -4.18975 -11.5112 4.8
      vertex -3.29994 -12.3156 4.8
    endloop
  endfacet
  facet normal 0 0 -1
    outer loop
      vertex -4.36076 -11.9811 4.8
      vertex -5.17707 -11.1023 4.8
      vertex -4.18975 -11.5112 4.8
    endloop
  endfacet
  facet normal 0 0 -1
    outer loop
      vertex -5.38838 -11.5554 4.8
      vertex -5.17707 -11.1023 4.8
      vertex -4.36076 -11.9811 4.8
    endloop
  endfacet
  facet normal 0 0 -1
    outer loop
      vertex -5.38838 -11.5554 4.8
      vertex -6.125 -10.6088 4.8
      vertex -5.17707 -11.1023 4.8
    endloop
  endfacet
  facet normal 0 0 -1
    outer loop
      vertex -6.375 -11.0418 4.8
      vertex -6.125 -10.6088 4.8
      vertex -5.38838 -11.5554 4.8
    endloop
  endfacet
  facet normal 0 0 -1
    outer loop
      vertex -6.375 -11.0418 4.8
      vertex -7.02631 -10.0346 4.8
      vertex -6.125 -10.6088 4.8
    endloop
  endfacet
  facet normal 0 0 -1
    outer loop
      vertex -7.3131 -10.4442 4.8
      vertex -7.02631 -10.0346 4.8
      vertex -6.375 -11.0418 4.8
    endloop
  endfacet
  facet normal 0 0 -1
    outer loop
      vertex -7.3131 -10.4442 4.8
      vertex -7.87415 -9.38404 4.8
      vertex -7.02631 -10.0346 4.8
    endloop
  endfacet
  facet normal 0 0 -1
    outer loop
      vertex -8.19554 -9.76707 4.8
      vertex -7.87415 -9.38404 4.8
      vertex -7.3131 -10.4442 4.8
    endloop
  endfacet
  facet normal 0 0 -1
    outer loop
      vertex -8.19554 -9.76707 4.8
      vertex -8.66206 -8.66206 4.8
      vertex -7.87415 -9.38404 4.8
    endloop
  endfacet
  facet normal 0 0 -1
    outer loop
      vertex -9.01561 -9.01561 4.8
      vertex -8.66206 -8.66206 4.8
      vertex -8.19554 -9.76707 4.8
    endloop
  endfacet
  facet normal 0 0 -1
    outer loop
      vertex -9.01561 -9.01561 4.8
      vertex -9.38404 -7.87415 4.8
      vertex -8.66206 -8.66206 4.8
    endloop
  endfacet
  facet normal 0 0 -1
    outer loop
      vertex -9.76707 -8.19554 4.8
      vertex -9.38404 -7.87415 4.8
      vertex -9.01561 -9.01561 4.8
    endloop
  endfacet
  facet normal 0 0 -1
    outer loop
      vertex -9.76707 -8.19554 4.8
      vertex -10.0346 -7.02631 4.8
      vertex -9.38404 -7.87415 4.8
    endloop
  endfacet
  facet normal 0 0 -1
    outer loop
      vertex -10.4442 -7.3131 4.8
      vertex -10.0346 -7.02631 4.8
      vertex -9.76707 -8.19554 4.8
    endloop
  endfacet
  facet normal 0 0 -1
    outer loop
      vertex -10.4442 -7.3131 4.8
      vertex -10.6088 -6.125 4.8
      vertex -10.0346 -7.02631 4.8
    endloop
  endfacet
  facet normal 0 0 -1
    outer loop
      vertex -11.0418 -6.375 4.8
      vertex -10.6088 -6.125 4.8
      vertex -10.4442 -7.3131 4.8
    endloop
  endfacet
  facet normal 0 0 -1
    outer loop
      vertex -11.0418 -6.375 4.8
      vertex -11.1023 -5.17707 4.8
      vertex -10.6088 -6.125 4.8
    endloop
  endfacet
  facet normal 0 0 -1
    outer loop
      vertex -11.5554 -5.38838 4.8
      vertex -11.1023 -5.17707 4.8
      vertex -11.0418 -6.375 4.8
    endloop
  endfacet
  facet normal -0 0 -1
    outer loop
      vertex -11.1023 -5.17707 4.8
      vertex -11.5554 -5.38838 4.8
      vertex -11.5112 -4.18975 4.8
    endloop
  endfacet
  facet normal 0 0 -1
    outer loop
      vertex -11.9811 -4.36076 4.8
      vertex -11.5112 -4.18975 4.8
      vertex -11.5554 -5.38838 4.8
    endloop
  endfacet
  facet normal -0 0 -1
    outer loop
      vertex -11.5112 -4.18975 4.8
      vertex -11.9811 -4.36076 4.8
      vertex -11.8326 -3.17053 4.8
    endloop
  endfacet
  facet normal 0 0 -1
    outer loop
      vertex -12.3156 -3.29994 4.8
      vertex -11.8326 -3.17053 4.8
      vertex -11.9811 -4.36076 4.8
    endloop
  endfacet
  facet normal -0 0 -1
    outer loop
      vertex -11.8326 -3.17053 4.8
      vertex -12.3156 -3.29994 4.8
      vertex -12.0639 -2.12719 4.8
    endloop
  endfacet
  facet normal -0 0 -1
    outer loop
      vertex -12.0639 -2.12719 4.8
      vertex -12.5563 -2.21401 4.8
      vertex -12.2034 -1.06766 4.8
    endloop
  endfacet
  facet normal 0 0 -1
    outer loop
      vertex -12.5563 -2.21401 4.8
      vertex -12.0639 -2.12719 4.8
      vertex -12.3156 -3.29994 4.8
    endloop
  endfacet
  facet normal 0 0 -1
    outer loop
      vertex 12.0639 2.12719 4.8
      vertex 12.5563 2.21401 4.8
      vertex 12.2034 1.06766 4.8
    endloop
  endfacet
  facet normal -0 0 -1
    outer loop
      vertex 12.5563 2.21401 4.8
      vertex 12.0639 2.12719 4.8
      vertex 12.3156 3.29994 4.8
    endloop
  endfacet
  facet normal 0 0 -1
    outer loop
      vertex 11.8326 3.17053 4.8
      vertex 12.3156 3.29994 4.8
      vertex 12.0639 2.12719 4.8
    endloop
  endfacet
  facet normal -0 0 -1
    outer loop
      vertex 12.3156 3.29994 4.8
      vertex 11.8326 3.17053 4.8
      vertex 11.9811 4.36076 4.8
    endloop
  endfacet
  facet normal 0 0 -1
    outer loop
      vertex 11.5112 4.18975 4.8
      vertex 11.9811 4.36076 4.8
      vertex 11.8326 3.17053 4.8
    endloop
  endfacet
  facet normal -0 0 -1
    outer loop
      vertex 11.9811 4.36076 4.8
      vertex 11.5112 4.18975 4.8
      vertex 11.5554 5.38838 4.8
    endloop
  endfacet
  facet normal 0 0 -1
    outer loop
      vertex 11.1023 5.17707 4.8
      vertex 11.5554 5.38838 4.8
      vertex 11.5112 4.18975 4.8
    endloop
  endfacet
  facet normal 0 0 -1
    outer loop
      vertex 11.1023 5.17707 4.8
      vertex 11.0418 6.375 4.8
      vertex 11.5554 5.38838 4.8
    endloop
  endfacet
  facet normal 0 0 -1
    outer loop
      vertex 10.6088 6.125 4.8
      vertex 11.0418 6.375 4.8
      vertex 11.1023 5.17707 4.8
    endloop
  endfacet
  facet normal 0 0 -1
    outer loop
      vertex 10.6088 6.125 4.8
      vertex 10.4442 7.3131 4.8
      vertex 11.0418 6.375 4.8
    endloop
  endfacet
  facet normal 0 0 -1
    outer loop
      vertex 10.0346 7.02631 4.8
      vertex 10.4442 7.3131 4.8
      vertex 10.6088 6.125 4.8
    endloop
  endfacet
  facet normal 0 0 -1
    outer loop
      vertex 10.0346 7.02631 4.8
      vertex 9.76707 8.19554 4.8
      vertex 10.4442 7.3131 4.8
    endloop
  endfacet
  facet normal 0 0 -1
    outer loop
      vertex 9.38404 7.87415 4.8
      vertex 9.76707 8.19554 4.8
      vertex 10.0346 7.02631 4.8
    endloop
  endfacet
  facet normal 0 0 -1
    outer loop
      vertex 9.38404 7.87415 4.8
      vertex 9.01561 9.01561 4.8
      vertex 9.76707 8.19554 4.8
    endloop
  endfacet
  facet normal 0 0 -1
    outer loop
      vertex 8.66206 8.66206 4.8
      vertex 9.01561 9.01561 4.8
      vertex 9.38404 7.87415 4.8
    endloop
  endfacet
  facet normal 0 0 -1
    outer loop
      vertex 8.66206 8.66206 4.8
      vertex 8.19554 9.76707 4.8
      vertex 9.01561 9.01561 4.8
    endloop
  endfacet
  facet normal 0 0 -1
    outer loop
      vertex 7.87415 9.38404 4.8
      vertex 8.19554 9.76707 4.8
      vertex 8.66206 8.66206 4.8
    endloop
  endfacet
  facet normal 0 0 -1
    outer loop
      vertex 7.87415 9.38404 4.8
      vertex 7.3131 10.4442 4.8
      vertex 8.19554 9.76707 4.8
    endloop
  endfacet
  facet normal 0 0 -1
    outer loop
      vertex 7.02631 10.0346 4.8
      vertex 7.3131 10.4442 4.8
      vertex 7.87415 9.38404 4.8
    endloop
  endfacet
  facet normal 0 0 -1
    outer loop
      vertex 7.02631 10.0346 4.8
      vertex 6.375 11.0418 4.8
      vertex 7.3131 10.4442 4.8
    endloop
  endfacet
  facet normal 0 0 -1
    outer loop
      vertex 6.125 10.6088 4.8
      vertex 6.375 11.0418 4.8
      vertex 7.02631 10.0346 4.8
    endloop
  endfacet
  facet normal 0 0 -1
    outer loop
      vertex 6.125 10.6088 4.8
      vertex 5.38838 11.5554 4.8
      vertex 6.375 11.0418 4.8
    endloop
  endfacet
  facet normal 0 0 -1
    outer loop
      vertex 5.17707 11.1023 4.8
      vertex 5.38838 11.5554 4.8
      vertex 6.125 10.6088 4.8
    endloop
  endfacet
  facet normal 0 0 -1
    outer loop
      vertex 5.17707 11.1023 4.8
      vertex 4.36076 11.9811 4.8
      vertex 5.38838 11.5554 4.8
    endloop
  endfacet
  facet normal 0 0 -1
    outer loop
      vertex 4.18975 11.5112 4.8
      vertex 4.36076 11.9811 4.8
      vertex 5.17707 11.1023 4.8
    endloop
  endfacet
  facet normal 0 0 -1
    outer loop
      vertex 4.18975 11.5112 4.8
      vertex 3.29994 12.3156 4.8
      vertex 4.36076 11.9811 4.8
    endloop
  endfacet
  facet normal 0 0 -1
    outer loop
      vertex 3.17053 11.8326 4.8
      vertex 3.29994 12.3156 4.8
      vertex 4.18975 11.5112 4.8
    endloop
  endfacet
  facet normal 0 0 -1
    outer loop
      vertex 3.17053 11.8326 4.8
      vertex 2.21401 12.5563 4.8
      vertex 3.29994 12.3156 4.8
    endloop
  endfacet
  facet normal 0 0 -1
    outer loop
      vertex 2.12719 12.0639 4.8
      vertex 2.21401 12.5563 4.8
      vertex 3.17053 11.8326 4.8
    endloop
  endfacet
  facet normal 0 0 -1
    outer loop
      vertex 2.12719 12.0639 4.8
      vertex 1.11124 12.7015 4.8
      vertex 2.21401 12.5563 4.8
    endloop
  endfacet
  facet normal 0 0 -1
    outer loop
      vertex 1.06766 12.2034 4.8
      vertex 1.11124 12.7015 4.8
      vertex 2.12719 12.0639 4.8
    endloop
  endfacet
  facet normal 0 0 -1
    outer loop
      vertex 0 12.25 4.8
      vertex 1.11124 12.7015 4.8
      vertex 1.06766 12.2034 4.8
    endloop
  endfacet
  facet normal 0 0 -1
    outer loop
      vertex 0 12.25 4.8
      vertex 0 12.75 4.8
      vertex 1.11124 12.7015 4.8
    endloop
  endfacet
  facet normal 0 0 -1
    outer loop
      vertex -1.06766 12.2034 4.8
      vertex 0 12.75 4.8
      vertex 0 12.25 4.8
    endloop
  endfacet
  facet normal 0 0 -1
    outer loop
      vertex -1.06766 12.2034 4.8
      vertex -1.11124 12.7015 4.8
      vertex 0 12.75 4.8
    endloop
  endfacet
  facet normal 0 0 -1
    outer loop
      vertex -2.12719 12.0639 4.8
      vertex -1.11124 12.7015 4.8
      vertex -1.06766 12.2034 4.8
    endloop
  endfacet
  facet normal 0 0 -1
    outer loop
      vertex -2.12719 12.0639 4.8
      vertex -2.21401 12.5563 4.8
      vertex -1.11124 12.7015 4.8
    endloop
  endfacet
  facet normal 0 0 -1
    outer loop
      vertex -3.17053 11.8326 4.8
      vertex -2.21401 12.5563 4.8
      vertex -2.12719 12.0639 4.8
    endloop
  endfacet
  facet normal 0 0 -1
    outer loop
      vertex -3.17053 11.8326 4.8
      vertex -3.29994 12.3156 4.8
      vertex -2.21401 12.5563 4.8
    endloop
  endfacet
  facet normal 0 0 -1
    outer loop
      vertex -4.18975 11.5112 4.8
      vertex -3.29994 12.3156 4.8
      vertex -3.17053 11.8326 4.8
    endloop
  endfacet
  facet normal 0 0 -1
    outer loop
      vertex -4.18975 11.5112 4.8
      vertex -4.36076 11.9811 4.8
      vertex -3.29994 12.3156 4.8
    endloop
  endfacet
  facet normal 0 0 -1
    outer loop
      vertex -5.17707 11.1023 4.8
      vertex -4.36076 11.9811 4.8
      vertex -4.18975 11.5112 4.8
    endloop
  endfacet
  facet normal 0 0 -1
    outer loop
      vertex -5.17707 11.1023 4.8
      vertex -5.38838 11.5554 4.8
      vertex -4.36076 11.9811 4.8
    endloop
  endfacet
  facet normal 0 0 -1
    outer loop
      vertex -6.125 10.6088 4.8
      vertex -5.38838 11.5554 4.8
      vertex -5.17707 11.1023 4.8
    endloop
  endfacet
  facet normal 0 0 -1
    outer loop
      vertex -6.125 10.6088 4.8
      vertex -6.375 11.0418 4.8
      vertex -5.38838 11.5554 4.8
    endloop
  endfacet
  facet normal 0 0 -1
    outer loop
      vertex -7.02631 10.0346 4.8
      vertex -6.375 11.0418 4.8
      vertex -6.125 10.6088 4.8
    endloop
  endfacet
  facet normal 0 0 -1
    outer loop
      vertex -7.02631 10.0346 4.8
      vertex -7.3131 10.4442 4.8
      vertex -6.375 11.0418 4.8
    endloop
  endfacet
  facet normal 0 0 -1
    outer loop
      vertex -7.87415 9.38404 4.8
      vertex -7.3131 10.4442 4.8
      vertex -7.02631 10.0346 4.8
    endloop
  endfacet
  facet normal 0 0 -1
    outer loop
      vertex -7.87415 9.38404 4.8
      vertex -8.19554 9.76707 4.8
      vertex -7.3131 10.4442 4.8
    endloop
  endfacet
  facet normal 0 0 -1
    outer loop
      vertex -8.66206 8.66206 4.8
      vertex -8.19554 9.76707 4.8
      vertex -7.87415 9.38404 4.8
    endloop
  endfacet
  facet normal 0 0 -1
    outer loop
      vertex -8.66206 8.66206 4.8
      vertex -9.01561 9.01561 4.8
      vertex -8.19554 9.76707 4.8
    endloop
  endfacet
  facet normal 0 0 -1
    outer loop
      vertex -9.38404 7.87415 4.8
      vertex -9.01561 9.01561 4.8
      vertex -8.66206 8.66206 4.8
    endloop
  endfacet
  facet normal 0 0 -1
    outer loop
      vertex -9.38404 7.87415 4.8
      vertex -9.76707 8.19554 4.8
      vertex -9.01561 9.01561 4.8
    endloop
  endfacet
  facet normal 0 0 -1
    outer loop
      vertex -10.0346 7.02631 4.8
      vertex -9.76707 8.19554 4.8
      vertex -9.38404 7.87415 4.8
    endloop
  endfacet
  facet normal 0 0 -1
    outer loop
      vertex -10.0346 7.02631 4.8
      vertex -10.4442 7.3131 4.8
      vertex -9.76707 8.19554 4.8
    endloop
  endfacet
  facet normal 0 0 -1
    outer loop
      vertex -10.6088 6.125 4.8
      vertex -10.4442 7.3131 4.8
      vertex -10.0346 7.02631 4.8
    endloop
  endfacet
  facet normal 0 0 -1
    outer loop
      vertex -10.6088 6.125 4.8
      vertex -11.0418 6.375 4.8
      vertex -10.4442 7.3131 4.8
    endloop
  endfacet
  facet normal 0 0 -1
    outer loop
      vertex -11.1023 5.17707 4.8
      vertex -11.0418 6.375 4.8
      vertex -10.6088 6.125 4.8
    endloop
  endfacet
  facet normal 0 0 -1
    outer loop
      vertex -11.5554 5.38838 4.8
      vertex -11.1023 5.17707 4.8
      vertex -11.5112 4.18975 4.8
    endloop
  endfacet
  facet normal 0 0 -1
    outer loop
      vertex -11.1023 5.17707 4.8
      vertex -11.5554 5.38838 4.8
      vertex -11.0418 6.375 4.8
    endloop
  endfacet
  facet normal 0 0 -1
    outer loop
      vertex -11.9811 4.36076 4.8
      vertex -11.5112 4.18975 4.8
      vertex -11.8326 3.17053 4.8
    endloop
  endfacet
  facet normal 0 0 -1
    outer loop
      vertex -11.5112 4.18975 4.8
      vertex -11.9811 4.36076 4.8
      vertex -11.5554 5.38838 4.8
    endloop
  endfacet
  facet normal 0 0 -1
    outer loop
      vertex -12.3156 3.29994 4.8
      vertex -11.8326 3.17053 4.8
      vertex -12.0639 2.12719 4.8
    endloop
  endfacet
  facet normal 0 0 -1
    outer loop
      vertex -12.5563 2.21401 4.8
      vertex -12.0639 2.12719 4.8
      vertex -12.2034 1.06766 4.8
    endloop
  endfacet
  facet normal 0 0 -1
    outer loop
      vertex -11.8326 3.17053 4.8
      vertex -12.3156 3.29994 4.8
      vertex -11.9811 4.36076 4.8
    endloop
  endfacet
  facet normal 0 0 -1
    outer loop
      vertex -12.7015 1.11124 4.8
      vertex -12.2034 1.06766 4.8
      vertex -12.25 0 4.8
    endloop
  endfacet
  facet normal 0 0 -1
    outer loop
      vertex -12.7015 -1.11124 4.8
      vertex -12.2034 -1.06766 4.8
      vertex -12.5563 -2.21401 4.8
    endloop
  endfacet
  facet normal -0 0 -1
    outer loop
      vertex -12.2034 -1.06766 4.8
      vertex -12.7015 -1.11124 4.8
      vertex -12.25 0 4.8
    endloop
  endfacet
  facet normal 0 0 -1
    outer loop
      vertex -12.0639 2.12719 4.8
      vertex -12.5563 2.21401 4.8
      vertex -12.3156 3.29994 4.8
    endloop
  endfacet
  facet normal 0 0 -1
    outer loop
      vertex -12.75 0 4.8
      vertex -12.25 0 4.8
      vertex -12.7015 -1.11124 4.8
    endloop
  endfacet
  facet normal 0 0 -1
    outer loop
      vertex -12.2034 1.06766 4.8
      vertex -12.7015 1.11124 4.8
      vertex -12.5563 2.21401 4.8
    endloop
  endfacet
  facet normal 0 0 -1
    outer loop
      vertex -12.25 0 4.8
      vertex -12.75 0 4.8
      vertex -12.7015 1.11124 4.8
    endloop
  endfacet
  facet normal 0.999049 -0.0436053 0
    outer loop
      vertex 12.2034 -1.06766 4.8
      vertex 12.25 0 4
      vertex 12.25 0 4.8
    endloop
  endfacet
  facet normal 0.999049 -0.0436053 0
    outer loop
      vertex 12.25 0 4
      vertex 12.2034 -1.06766 4.8
      vertex 12.2034 -1.06766 4
    endloop
  endfacet
  facet normal 0.991444 0.130536 0
    outer loop
      vertex 12.2034 1.06766 4.8
      vertex 12.0639 2.12719 4
      vertex 12.0639 2.12719 4.8
    endloop
  endfacet
  facet normal 0.991444 0.130536 0
    outer loop
      vertex 12.0639 2.12719 4
      vertex 12.2034 1.06766 4.8
      vertex 12.2034 1.06766 4
    endloop
  endfacet
  facet normal 0.999049 0.0436053 0
    outer loop
      vertex 12.25 0 4.8
      vertex 12.2034 1.06766 4
      vertex 12.2034 1.06766 4.8
    endloop
  endfacet
  facet normal 0.999049 0.0436053 0
    outer loop
      vertex 12.2034 1.06766 4
      vertex 12.25 0 4.8
      vertex 12.25 0 4
    endloop
  endfacet
  facet normal 0.976297 0.216437 0
    outer loop
      vertex 12.0639 2.12719 4.8
      vertex 11.8326 3.17053 4
      vertex 11.8326 3.17053 4.8
    endloop
  endfacet
  facet normal 0.976297 0.216437 0
    outer loop
      vertex 11.8326 3.17053 4
      vertex 12.0639 2.12719 4.8
      vertex 12.0639 2.12719 4
    endloop
  endfacet
  facet normal -0.0436053 0.999049 0
    outer loop
      vertex 0 12.25 4
      vertex -1.06766 12.2034 4.8
      vertex 0 12.25 4.8
    endloop
  endfacet
  facet normal -0.0436053 0.999049 0
    outer loop
      vertex -1.06766 12.2034 4.8
      vertex 0 12.25 4
      vertex -1.06766 12.2034 4
    endloop
  endfacet
  facet normal 0.216437 0.976297 -0
    outer loop
      vertex 3.17053 11.8326 4
      vertex 2.12719 12.0639 4.8
      vertex 3.17053 11.8326 4.8
    endloop
  endfacet
  facet normal 0.216437 0.976297 0
    outer loop
      vertex 2.12719 12.0639 4.8
      vertex 3.17053 11.8326 4
      vertex 2.12719 12.0639 4
    endloop
  endfacet
  facet normal 0.793358 -0.608755 0
    outer loop
      vertex 9.38404 -7.87415 4.8
      vertex 10.0346 -7.02631 4
      vertex 10.0346 -7.02631 4.8
    endloop
  endfacet
  facet normal 0.793358 -0.608755 0
    outer loop
      vertex 10.0346 -7.02631 4
      vertex 9.38404 -7.87415 4.8
      vertex 9.38404 -7.87415 4
    endloop
  endfacet
  facet normal -0.73728 0.675587 0
    outer loop
      vertex -9.38404 7.87415 4
      vertex -8.66206 8.66206 4.8
      vertex -8.66206 8.66206 4
    endloop
  endfacet
  facet normal -0.73728 0.675587 0
    outer loop
      vertex -8.66206 8.66206 4.8
      vertex -9.38404 7.87415 4
      vertex -9.38404 7.87415 4.8
    endloop
  endfacet
  facet normal 0.216437 -0.976297 0
    outer loop
      vertex 2.12719 -12.0639 4
      vertex 3.17053 -11.8326 4.8
      vertex 2.12719 -12.0639 4.8
    endloop
  endfacet
  facet normal 0.216437 -0.976297 0
    outer loop
      vertex 3.17053 -11.8326 4.8
      vertex 2.12719 -12.0639 4
      vertex 3.17053 -11.8326 4
    endloop
  endfacet
  facet normal -0.216437 -0.976297 0
    outer loop
      vertex -3.17053 -11.8326 4
      vertex -2.12719 -12.0639 4.8
      vertex -3.17053 -11.8326 4.8
    endloop
  endfacet
  facet normal -0.216437 -0.976297 -0
    outer loop
      vertex -2.12719 -12.0639 4.8
      vertex -3.17053 -11.8326 4
      vertex -2.12719 -12.0639 4
    endloop
  endfacet
  facet normal -0.675587 0.73728 0
    outer loop
      vertex -7.87415 9.38404 4
      vertex -8.66206 8.66206 4.8
      vertex -7.87415 9.38404 4.8
    endloop
  endfacet
  facet normal -0.675587 0.73728 0
    outer loop
      vertex -8.66206 8.66206 4.8
      vertex -7.87415 9.38404 4
      vertex -8.66206 8.66206 4
    endloop
  endfacet
  facet normal 0.537301 -0.843391 0
    outer loop
      vertex 6.125 -10.6088 4
      vertex 7.02631 -10.0346 4.8
      vertex 6.125 -10.6088 4.8
    endloop
  endfacet
  facet normal 0.537301 -0.843391 0
    outer loop
      vertex 7.02631 -10.0346 4.8
      vertex 6.125 -10.6088 4
      vertex 7.02631 -10.0346 4
    endloop
  endfacet
  facet normal -0.843391 0.537301 0
    outer loop
      vertex -10.6088 6.125 4
      vertex -10.0346 7.02631 4.8
      vertex -10.0346 7.02631 4
    endloop
  endfacet
  facet normal -0.843391 0.537301 0
    outer loop
      vertex -10.0346 7.02631 4.8
      vertex -10.6088 6.125 4
      vertex -10.6088 6.125 4.8
    endloop
  endfacet
  facet normal -0.991444 -0.130536 0
    outer loop
      vertex -12.0639 -2.12719 4
      vertex -12.2034 -1.06766 4.8
      vertex -12.2034 -1.06766 4
    endloop
  endfacet
  facet normal -0.991444 -0.130536 0
    outer loop
      vertex -12.2034 -1.06766 4.8
      vertex -12.0639 -2.12719 4
      vertex -12.0639 -2.12719 4.8
    endloop
  endfacet
  facet normal 0.608755 0.793358 -0
    outer loop
      vertex 7.87415 9.38404 4
      vertex 7.02631 10.0346 4.8
      vertex 7.87415 9.38404 4.8
    endloop
  endfacet
  facet normal 0.608755 0.793358 0
    outer loop
      vertex 7.02631 10.0346 4.8
      vertex 7.87415 9.38404 4
      vertex 7.02631 10.0346 4
    endloop
  endfacet
  facet normal 0.73728 -0.675587 0
    outer loop
      vertex 8.66206 -8.66206 4.8
      vertex 9.38404 -7.87415 4
      vertex 9.38404 -7.87415 4.8
    endloop
  endfacet
  facet normal 0.73728 -0.675587 0
    outer loop
      vertex 9.38404 -7.87415 4
      vertex 8.66206 -8.66206 4.8
      vertex 8.66206 -8.66206 4
    endloop
  endfacet
  facet normal -0.953706 -0.300741 0
    outer loop
      vertex -11.5112 -4.18975 4
      vertex -11.8326 -3.17053 4.8
      vertex -11.8326 -3.17053 4
    endloop
  endfacet
  facet normal -0.953706 -0.300741 0
    outer loop
      vertex -11.8326 -3.17053 4.8
      vertex -11.5112 -4.18975 4
      vertex -11.5112 -4.18975 4.8
    endloop
  endfacet
  facet normal -0.461777 0.886996 0
    outer loop
      vertex -5.17707 11.1023 4
      vertex -6.125 10.6088 4.8
      vertex -5.17707 11.1023 4.8
    endloop
  endfacet
  facet normal -0.461777 0.886996 0
    outer loop
      vertex -6.125 10.6088 4.8
      vertex -5.17707 11.1023 4
      vertex -6.125 10.6088 4
    endloop
  endfacet
  facet normal 0.461777 0.886996 -0
    outer loop
      vertex 6.125 10.6088 4
      vertex 5.17707 11.1023 4.8
      vertex 6.125 10.6088 4.8
    endloop
  endfacet
  facet normal 0.461777 0.886996 0
    outer loop
      vertex 5.17707 11.1023 4.8
      vertex 6.125 10.6088 4
      vertex 5.17707 11.1023 4
    endloop
  endfacet
  facet normal -0.976297 -0.216437 0
    outer loop
      vertex -11.8326 -3.17053 4
      vertex -12.0639 -2.12719 4.8
      vertex -12.0639 -2.12719 4
    endloop
  endfacet
  facet normal -0.976297 -0.216437 0
    outer loop
      vertex -12.0639 -2.12719 4.8
      vertex -11.8326 -3.17053 4
      vertex -11.8326 -3.17053 4.8
    endloop
  endfacet
  facet normal 0.886996 -0.461777 0
    outer loop
      vertex 10.6088 -6.125 4.8
      vertex 11.1023 -5.17707 4
      vertex 11.1023 -5.17707 4.8
    endloop
  endfacet
  facet normal 0.886996 -0.461777 0
    outer loop
      vertex 11.1023 -5.17707 4
      vertex 10.6088 -6.125 4.8
      vertex 10.6088 -6.125 4
    endloop
  endfacet
  facet normal 0.130536 -0.991444 0
    outer loop
      vertex 1.06766 -12.2034 4
      vertex 2.12719 -12.0639 4.8
      vertex 1.06766 -12.2034 4.8
    endloop
  endfacet
  facet normal 0.130536 -0.991444 0
    outer loop
      vertex 2.12719 -12.0639 4.8
      vertex 1.06766 -12.2034 4
      vertex 2.12719 -12.0639 4
    endloop
  endfacet
  facet normal -0.537301 0.843391 0
    outer loop
      vertex -6.125 10.6088 4
      vertex -7.02631 10.0346 4.8
      vertex -6.125 10.6088 4.8
    endloop
  endfacet
  facet normal -0.537301 0.843391 0
    outer loop
      vertex -7.02631 10.0346 4.8
      vertex -6.125 10.6088 4
      vertex -7.02631 10.0346 4
    endloop
  endfacet
  facet normal 0.953706 0.300741 0
    outer loop
      vertex 11.8326 3.17053 4.8
      vertex 11.5112 4.18975 4
      vertex 11.5112 4.18975 4.8
    endloop
  endfacet
  facet normal 0.953706 0.300741 0
    outer loop
      vertex 11.5112 4.18975 4
      vertex 11.8326 3.17053 4.8
      vertex 11.8326 3.17053 4
    endloop
  endfacet
  facet normal 0.675587 0.73728 -0
    outer loop
      vertex 8.66206 8.66206 4
      vertex 7.87415 9.38404 4.8
      vertex 8.66206 8.66206 4.8
    endloop
  endfacet
  facet normal 0.675587 0.73728 0
    outer loop
      vertex 7.87415 9.38404 4.8
      vertex 8.66206 8.66206 4
      vertex 7.87415 9.38404 4
    endloop
  endfacet
  facet normal -0.73728 -0.675587 0
    outer loop
      vertex -8.66206 -8.66206 4
      vertex -9.38404 -7.87415 4.8
      vertex -9.38404 -7.87415 4
    endloop
  endfacet
  facet normal -0.73728 -0.675587 0
    outer loop
      vertex -9.38404 -7.87415 4.8
      vertex -8.66206 -8.66206 4
      vertex -8.66206 -8.66206 4.8
    endloop
  endfacet
  facet normal 0.0436053 -0.999049 0
    outer loop
      vertex 0 -12.25 4
      vertex 1.06766 -12.2034 4.8
      vertex 0 -12.25 4.8
    endloop
  endfacet
  facet normal 0.0436053 -0.999049 0
    outer loop
      vertex 1.06766 -12.2034 4.8
      vertex 0 -12.25 4
      vertex 1.06766 -12.2034 4
    endloop
  endfacet
  facet normal -0.976297 0.216437 0
    outer loop
      vertex -12.0639 2.12719 4
      vertex -11.8326 3.17053 4.8
      vertex -11.8326 3.17053 4
    endloop
  endfacet
  facet normal -0.976297 0.216437 0
    outer loop
      vertex -11.8326 3.17053 4.8
      vertex -12.0639 2.12719 4
      vertex -12.0639 2.12719 4.8
    endloop
  endfacet
  facet normal -0.382634 0.9239 0
    outer loop
      vertex -4.18975 11.5112 4
      vertex -5.17707 11.1023 4.8
      vertex -4.18975 11.5112 4.8
    endloop
  endfacet
  facet normal -0.382634 0.9239 0
    outer loop
      vertex -5.17707 11.1023 4.8
      vertex -4.18975 11.5112 4
      vertex -5.17707 11.1023 4
    endloop
  endfacet
  facet normal 0.843391 0.537301 0
    outer loop
      vertex 10.6088 6.125 4.8
      vertex 10.0346 7.02631 4
      vertex 10.0346 7.02631 4.8
    endloop
  endfacet
  facet normal 0.843391 0.537301 0
    outer loop
      vertex 10.0346 7.02631 4
      vertex 10.6088 6.125 4.8
      vertex 10.6088 6.125 4
    endloop
  endfacet
  facet normal -0.300741 0.953706 0
    outer loop
      vertex -3.17053 11.8326 4
      vertex -4.18975 11.5112 4.8
      vertex -3.17053 11.8326 4.8
    endloop
  endfacet
  facet normal -0.300741 0.953706 0
    outer loop
      vertex -4.18975 11.5112 4.8
      vertex -3.17053 11.8326 4
      vertex -4.18975 11.5112 4
    endloop
  endfacet
  facet normal -0.608755 0.793358 0
    outer loop
      vertex -7.02631 10.0346 4
      vertex -7.87415 9.38404 4.8
      vertex -7.02631 10.0346 4.8
    endloop
  endfacet
  facet normal -0.608755 0.793358 0
    outer loop
      vertex -7.87415 9.38404 4.8
      vertex -7.02631 10.0346 4
      vertex -7.87415 9.38404 4
    endloop
  endfacet
  facet normal 0.300741 0.953706 -0
    outer loop
      vertex 4.18975 11.5112 4
      vertex 3.17053 11.8326 4.8
      vertex 4.18975 11.5112 4.8
    endloop
  endfacet
  facet normal 0.300741 0.953706 0
    outer loop
      vertex 3.17053 11.8326 4.8
      vertex 4.18975 11.5112 4
      vertex 3.17053 11.8326 4
    endloop
  endfacet
  facet normal 0.461777 -0.886996 0
    outer loop
      vertex 5.17707 -11.1023 4
      vertex 6.125 -10.6088 4.8
      vertex 5.17707 -11.1023 4.8
    endloop
  endfacet
  facet normal 0.461777 -0.886996 0
    outer loop
      vertex 6.125 -10.6088 4.8
      vertex 5.17707 -11.1023 4
      vertex 6.125 -10.6088 4
    endloop
  endfacet
  facet normal -0.0436053 -0.999049 0
    outer loop
      vertex -1.06766 -12.2034 4
      vertex 0 -12.25 4.8
      vertex -1.06766 -12.2034 4.8
    endloop
  endfacet
  facet normal -0.0436053 -0.999049 -0
    outer loop
      vertex 0 -12.25 4.8
      vertex -1.06766 -12.2034 4
      vertex 0 -12.25 4
    endloop
  endfacet
  facet normal -0.537301 -0.843391 0
    outer loop
      vertex -7.02631 -10.0346 4
      vertex -6.125 -10.6088 4.8
      vertex -7.02631 -10.0346 4.8
    endloop
  endfacet
  facet normal -0.537301 -0.843391 -0
    outer loop
      vertex -6.125 -10.6088 4.8
      vertex -7.02631 -10.0346 4
      vertex -6.125 -10.6088 4
    endloop
  endfacet
  facet normal 0.0436053 0.999049 -0
    outer loop
      vertex 1.06766 12.2034 4
      vertex 0 12.25 4.8
      vertex 1.06766 12.2034 4.8
    endloop
  endfacet
  facet normal 0.0436053 0.999049 0
    outer loop
      vertex 0 12.25 4.8
      vertex 1.06766 12.2034 4
      vertex 0 12.25 4
    endloop
  endfacet
  facet normal 0.976297 -0.216437 0
    outer loop
      vertex 11.8326 -3.17053 4.8
      vertex 12.0639 -2.12719 4
      vertex 12.0639 -2.12719 4.8
    endloop
  endfacet
  facet normal 0.976297 -0.216437 0
    outer loop
      vertex 12.0639 -2.12719 4
      vertex 11.8326 -3.17053 4.8
      vertex 11.8326 -3.17053 4
    endloop
  endfacet
  facet normal 0.953706 -0.300741 0
    outer loop
      vertex 11.5112 -4.18975 4.8
      vertex 11.8326 -3.17053 4
      vertex 11.8326 -3.17053 4.8
    endloop
  endfacet
  facet normal 0.953706 -0.300741 0
    outer loop
      vertex 11.8326 -3.17053 4
      vertex 11.5112 -4.18975 4.8
      vertex 11.5112 -4.18975 4
    endloop
  endfacet
  facet normal 0.843391 -0.537301 0
    outer loop
      vertex 10.0346 -7.02631 4.8
      vertex 10.6088 -6.125 4
      vertex 10.6088 -6.125 4.8
    endloop
  endfacet
  facet normal 0.843391 -0.537301 0
    outer loop
      vertex 10.6088 -6.125 4
      vertex 10.0346 -7.02631 4.8
      vertex 10.0346 -7.02631 4
    endloop
  endfacet
  facet normal 0.537301 0.843391 -0
    outer loop
      vertex 7.02631 10.0346 4
      vertex 6.125 10.6088 4.8
      vertex 7.02631 10.0346 4.8
    endloop
  endfacet
  facet normal 0.537301 0.843391 0
    outer loop
      vertex 6.125 10.6088 4.8
      vertex 7.02631 10.0346 4
      vertex 6.125 10.6088 4
    endloop
  endfacet
  facet normal 0.9239 -0.382634 0
    outer loop
      vertex 11.1023 -5.17707 4.8
      vertex 11.5112 -4.18975 4
      vertex 11.5112 -4.18975 4.8
    endloop
  endfacet
  facet normal 0.9239 -0.382634 0
    outer loop
      vertex 11.5112 -4.18975 4
      vertex 11.1023 -5.17707 4.8
      vertex 11.1023 -5.17707 4
    endloop
  endfacet
  facet normal -0.9239 -0.382634 0
    outer loop
      vertex -11.1023 -5.17707 4
      vertex -11.5112 -4.18975 4.8
      vertex -11.5112 -4.18975 4
    endloop
  endfacet
  facet normal -0.9239 -0.382634 0
    outer loop
      vertex -11.5112 -4.18975 4.8
      vertex -11.1023 -5.17707 4
      vertex -11.1023 -5.17707 4.8
    endloop
  endfacet
  facet normal 0.991444 -0.130536 0
    outer loop
      vertex 12.0639 -2.12719 4.8
      vertex 12.2034 -1.06766 4
      vertex 12.2034 -1.06766 4.8
    endloop
  endfacet
  facet normal 0.991444 -0.130536 0
    outer loop
      vertex 12.2034 -1.06766 4
      vertex 12.0639 -2.12719 4.8
      vertex 12.0639 -2.12719 4
    endloop
  endfacet
  facet normal 0.9239 0.382634 0
    outer loop
      vertex 11.5112 4.18975 4.8
      vertex 11.1023 5.17707 4
      vertex 11.1023 5.17707 4.8
    endloop
  endfacet
  facet normal 0.9239 0.382634 0
    outer loop
      vertex 11.1023 5.17707 4
      vertex 11.5112 4.18975 4.8
      vertex 11.5112 4.18975 4
    endloop
  endfacet
  facet normal -0.953706 0.300741 0
    outer loop
      vertex -11.8326 3.17053 4
      vertex -11.5112 4.18975 4.8
      vertex -11.5112 4.18975 4
    endloop
  endfacet
  facet normal -0.953706 0.300741 0
    outer loop
      vertex -11.5112 4.18975 4.8
      vertex -11.8326 3.17053 4
      vertex -11.8326 3.17053 4.8
    endloop
  endfacet
  facet normal -0.886996 -0.461777 0
    outer loop
      vertex -10.6088 -6.125 4
      vertex -11.1023 -5.17707 4.8
      vertex -11.1023 -5.17707 4
    endloop
  endfacet
  facet normal -0.886996 -0.461777 0
    outer loop
      vertex -11.1023 -5.17707 4.8
      vertex -10.6088 -6.125 4
      vertex -10.6088 -6.125 4.8
    endloop
  endfacet
  facet normal 0.886996 0.461777 0
    outer loop
      vertex 11.1023 5.17707 4.8
      vertex 10.6088 6.125 4
      vertex 10.6088 6.125 4.8
    endloop
  endfacet
  facet normal 0.886996 0.461777 0
    outer loop
      vertex 10.6088 6.125 4
      vertex 11.1023 5.17707 4.8
      vertex 11.1023 5.17707 4
    endloop
  endfacet
  facet normal -0.793358 0.608755 0
    outer loop
      vertex -10.0346 7.02631 4
      vertex -9.38404 7.87415 4.8
      vertex -9.38404 7.87415 4
    endloop
  endfacet
  facet normal -0.793358 0.608755 0
    outer loop
      vertex -9.38404 7.87415 4.8
      vertex -10.0346 7.02631 4
      vertex -10.0346 7.02631 4.8
    endloop
  endfacet
  facet normal 0.300741 -0.953706 0
    outer loop
      vertex 3.17053 -11.8326 4
      vertex 4.18975 -11.5112 4.8
      vertex 3.17053 -11.8326 4.8
    endloop
  endfacet
  facet normal 0.300741 -0.953706 0
    outer loop
      vertex 4.18975 -11.5112 4.8
      vertex 3.17053 -11.8326 4
      vertex 4.18975 -11.5112 4
    endloop
  endfacet
  facet normal -0.991444 0.130536 0
    outer loop
      vertex -12.2034 1.06766 4
      vertex -12.0639 2.12719 4.8
      vertex -12.0639 2.12719 4
    endloop
  endfacet
  facet normal -0.991444 0.130536 0
    outer loop
      vertex -12.0639 2.12719 4.8
      vertex -12.2034 1.06766 4
      vertex -12.2034 1.06766 4.8
    endloop
  endfacet
  facet normal -0.793358 -0.608755 0
    outer loop
      vertex -9.38404 -7.87415 4
      vertex -10.0346 -7.02631 4.8
      vertex -10.0346 -7.02631 4
    endloop
  endfacet
  facet normal -0.793358 -0.608755 0
    outer loop
      vertex -10.0346 -7.02631 4.8
      vertex -9.38404 -7.87415 4
      vertex -9.38404 -7.87415 4.8
    endloop
  endfacet
  facet normal -0.216437 0.976297 0
    outer loop
      vertex -2.12719 12.0639 4
      vertex -3.17053 11.8326 4.8
      vertex -2.12719 12.0639 4.8
    endloop
  endfacet
  facet normal -0.216437 0.976297 0
    outer loop
      vertex -3.17053 11.8326 4.8
      vertex -2.12719 12.0639 4
      vertex -3.17053 11.8326 4
    endloop
  endfacet
  facet normal 0.73728 0.675587 0
    outer loop
      vertex 9.38404 7.87415 4.8
      vertex 8.66206 8.66206 4
      vertex 8.66206 8.66206 4.8
    endloop
  endfacet
  facet normal 0.73728 0.675587 0
    outer loop
      vertex 8.66206 8.66206 4
      vertex 9.38404 7.87415 4.8
      vertex 9.38404 7.87415 4
    endloop
  endfacet
  facet normal -0.608755 -0.793358 0
    outer loop
      vertex -7.87415 -9.38404 4
      vertex -7.02631 -10.0346 4.8
      vertex -7.87415 -9.38404 4.8
    endloop
  endfacet
  facet normal -0.608755 -0.793358 -0
    outer loop
      vertex -7.02631 -10.0346 4.8
      vertex -7.87415 -9.38404 4
      vertex -7.02631 -10.0346 4
    endloop
  endfacet
  facet normal -0.461777 -0.886996 0
    outer loop
      vertex -6.125 -10.6088 4
      vertex -5.17707 -11.1023 4.8
      vertex -6.125 -10.6088 4.8
    endloop
  endfacet
  facet normal -0.461777 -0.886996 -0
    outer loop
      vertex -5.17707 -11.1023 4.8
      vertex -6.125 -10.6088 4
      vertex -5.17707 -11.1023 4
    endloop
  endfacet
  facet normal 0.382634 -0.9239 0
    outer loop
      vertex 4.18975 -11.5112 4
      vertex 5.17707 -11.1023 4.8
      vertex 4.18975 -11.5112 4.8
    endloop
  endfacet
  facet normal 0.382634 -0.9239 0
    outer loop
      vertex 5.17707 -11.1023 4.8
      vertex 4.18975 -11.5112 4
      vertex 5.17707 -11.1023 4
    endloop
  endfacet
  facet normal -0.130536 -0.991444 0
    outer loop
      vertex -2.12719 -12.0639 4
      vertex -1.06766 -12.2034 4.8
      vertex -2.12719 -12.0639 4.8
    endloop
  endfacet
  facet normal -0.130536 -0.991444 -0
    outer loop
      vertex -1.06766 -12.2034 4.8
      vertex -2.12719 -12.0639 4
      vertex -1.06766 -12.2034 4
    endloop
  endfacet
  facet normal -0.9239 0.382634 0
    outer loop
      vertex -11.5112 4.18975 4
      vertex -11.1023 5.17707 4.8
      vertex -11.1023 5.17707 4
    endloop
  endfacet
  facet normal -0.9239 0.382634 0
    outer loop
      vertex -11.1023 5.17707 4.8
      vertex -11.5112 4.18975 4
      vertex -11.5112 4.18975 4.8
    endloop
  endfacet
  facet normal -0.675587 -0.73728 0
    outer loop
      vertex -8.66206 -8.66206 4
      vertex -7.87415 -9.38404 4.8
      vertex -8.66206 -8.66206 4.8
    endloop
  endfacet
  facet normal -0.675587 -0.73728 -0
    outer loop
      vertex -7.87415 -9.38404 4.8
      vertex -8.66206 -8.66206 4
      vertex -7.87415 -9.38404 4
    endloop
  endfacet
  facet normal 0.793358 0.608755 0
    outer loop
      vertex 10.0346 7.02631 4.8
      vertex 9.38404 7.87415 4
      vertex 9.38404 7.87415 4.8
    endloop
  endfacet
  facet normal 0.793358 0.608755 0
    outer loop
      vertex 9.38404 7.87415 4
      vertex 10.0346 7.02631 4.8
      vertex 10.0346 7.02631 4
    endloop
  endfacet
  facet normal -0.130536 0.991444 0
    outer loop
      vertex -1.06766 12.2034 4
      vertex -2.12719 12.0639 4.8
      vertex -1.06766 12.2034 4.8
    endloop
  endfacet
  facet normal -0.130536 0.991444 0
    outer loop
      vertex -2.12719 12.0639 4.8
      vertex -1.06766 12.2034 4
      vertex -2.12719 12.0639 4
    endloop
  endfacet
  facet normal -0.843391 -0.537301 0
    outer loop
      vertex -10.0346 -7.02631 4
      vertex -10.6088 -6.125 4.8
      vertex -10.6088 -6.125 4
    endloop
  endfacet
  facet normal -0.843391 -0.537301 0
    outer loop
      vertex -10.6088 -6.125 4.8
      vertex -10.0346 -7.02631 4
      vertex -10.0346 -7.02631 4.8
    endloop
  endfacet
  facet normal -0.999049 -0.0436053 0
    outer loop
      vertex -12.2034 -1.06766 4
      vertex -12.25 0 4.8
      vertex -12.25 0 4
    endloop
  endfacet
  facet normal -0.999049 -0.0436053 0
    outer loop
      vertex -12.25 0 4.8
      vertex -12.2034 -1.06766 4
      vertex -12.2034 -1.06766 4.8
    endloop
  endfacet
  facet normal -0.999049 0.0436053 0
    outer loop
      vertex -12.25 0 4
      vertex -12.2034 1.06766 4.8
      vertex -12.2034 1.06766 4
    endloop
  endfacet
  facet normal -0.999049 0.0436053 0
    outer loop
      vertex -12.2034 1.06766 4.8
      vertex -12.25 0 4
      vertex -12.25 0 4.8
    endloop
  endfacet
  facet normal -0.382634 -0.9239 0
    outer loop
      vertex -5.17707 -11.1023 4
      vertex -4.18975 -11.5112 4.8
      vertex -5.17707 -11.1023 4.8
    endloop
  endfacet
  facet normal -0.382634 -0.9239 -0
    outer loop
      vertex -4.18975 -11.5112 4.8
      vertex -5.17707 -11.1023 4
      vertex -4.18975 -11.5112 4
    endloop
  endfacet
  facet normal -0.300741 -0.953706 0
    outer loop
      vertex -4.18975 -11.5112 4
      vertex -3.17053 -11.8326 4.8
      vertex -4.18975 -11.5112 4.8
    endloop
  endfacet
  facet normal -0.300741 -0.953706 -0
    outer loop
      vertex -3.17053 -11.8326 4.8
      vertex -4.18975 -11.5112 4
      vertex -3.17053 -11.8326 4
    endloop
  endfacet
  facet normal 0.382634 0.9239 -0
    outer loop
      vertex 5.17707 11.1023 4
      vertex 4.18975 11.5112 4.8
      vertex 5.17707 11.1023 4.8
    endloop
  endfacet
  facet normal 0.382634 0.9239 0
    outer loop
      vertex 4.18975 11.5112 4.8
      vertex 5.17707 11.1023 4
      vertex 4.18975 11.5112 4
    endloop
  endfacet
  facet normal 0.675587 -0.73728 0
    outer loop
      vertex 7.87415 -9.38404 4
      vertex 8.66206 -8.66206 4.8
      vertex 7.87415 -9.38404 4.8
    endloop
  endfacet
  facet normal 0.675587 -0.73728 0
    outer loop
      vertex 8.66206 -8.66206 4.8
      vertex 7.87415 -9.38404 4
      vertex 8.66206 -8.66206 4
    endloop
  endfacet
  facet normal 0.608755 -0.793358 0
    outer loop
      vertex 7.02631 -10.0346 4
      vertex 7.87415 -9.38404 4.8
      vertex 7.02631 -10.0346 4.8
    endloop
  endfacet
  facet normal 0.608755 -0.793358 0
    outer loop
      vertex 7.87415 -9.38404 4.8
      vertex 7.02631 -10.0346 4
      vertex 7.87415 -9.38404 4
    endloop
  endfacet
  facet normal 0.130536 0.991444 -0
    outer loop
      vertex 2.12719 12.0639 4
      vertex 1.06766 12.2034 4.8
      vertex 2.12719 12.0639 4.8
    endloop
  endfacet
  facet normal 0.130536 0.991444 0
    outer loop
      vertex 1.06766 12.2034 4.8
      vertex 2.12719 12.0639 4
      vertex 1.06766 12.2034 4
    endloop
  endfacet
  facet normal -0.886996 0.461777 0
    outer loop
      vertex -11.1023 5.17707 4
      vertex -10.6088 6.125 4.8
      vertex -10.6088 6.125 4
    endloop
  endfacet
  facet normal -0.886996 0.461777 0
    outer loop
      vertex -10.6088 6.125 4.8
      vertex -11.1023 5.17707 4
      vertex -11.1023 5.17707 4.8
    endloop
  endfacet
  facet normal 0 0 1
    outer loop
      vertex 12.25 0 6
      vertex 12.75 0 6
      vertex 12.7015 1.11124 6
    endloop
  endfacet
  facet normal 0 0 1
    outer loop
      vertex 12.2034 1.06766 6
      vertex 12.7015 1.11124 6
      vertex 12.5563 2.21401 6
    endloop
  endfacet
  facet normal 0 0 1
    outer loop
      vertex 12.75 0 6
      vertex 12.25 0 6
      vertex 12.7015 -1.11124 6
    endloop
  endfacet
  facet normal 0 0 1
    outer loop
      vertex 12.0639 2.12719 6
      vertex 12.5563 2.21401 6
      vertex 12.3156 3.29994 6
    endloop
  endfacet
  facet normal -0 0 1
    outer loop
      vertex 12.2034 -1.06766 6
      vertex 12.7015 -1.11124 6
      vertex 12.25 0 6
    endloop
  endfacet
  facet normal 0 0 1
    outer loop
      vertex 12.7015 -1.11124 6
      vertex 12.2034 -1.06766 6
      vertex 12.5563 -2.21401 6
    endloop
  endfacet
  facet normal 0 0 1
    outer loop
      vertex 12.7015 1.11124 6
      vertex 12.2034 1.06766 6
      vertex 12.25 0 6
    endloop
  endfacet
  facet normal 0 0 1
    outer loop
      vertex 12.5563 2.21401 6
      vertex 12.0639 2.12719 6
      vertex 12.2034 1.06766 6
    endloop
  endfacet
  facet normal 0 0 1
    outer loop
      vertex 11.8326 3.17053 6
      vertex 12.3156 3.29994 6
      vertex 11.9811 4.36076 6
    endloop
  endfacet
  facet normal 0 0 1
    outer loop
      vertex 12.3156 3.29994 6
      vertex 11.8326 3.17053 6
      vertex 12.0639 2.12719 6
    endloop
  endfacet
  facet normal 0 0 1
    outer loop
      vertex 11.5112 4.18975 6
      vertex 11.9811 4.36076 6
      vertex 11.5554 5.38838 6
    endloop
  endfacet
  facet normal 0 0 1
    outer loop
      vertex 11.9811 4.36076 6
      vertex 11.5112 4.18975 6
      vertex 11.8326 3.17053 6
    endloop
  endfacet
  facet normal 0 0 1
    outer loop
      vertex 11.5554 5.38838 6
      vertex 11.1023 5.17707 6
      vertex 11.5112 4.18975 6
    endloop
  endfacet
  facet normal 0 0 1
    outer loop
      vertex 11.0418 6.375 6
      vertex 11.1023 5.17707 6
      vertex 11.5554 5.38838 6
    endloop
  endfacet
  facet normal 0 0 1
    outer loop
      vertex 11.0418 6.375 6
      vertex 10.6088 6.125 6
      vertex 11.1023 5.17707 6
    endloop
  endfacet
  facet normal 0 0 1
    outer loop
      vertex 10.4442 7.3131 6
      vertex 10.6088 6.125 6
      vertex 11.0418 6.375 6
    endloop
  endfacet
  facet normal 0 0 1
    outer loop
      vertex 10.4442 7.3131 6
      vertex 10.0346 7.02631 6
      vertex 10.6088 6.125 6
    endloop
  endfacet
  facet normal 0 0 1
    outer loop
      vertex 9.76707 8.19554 6
      vertex 10.0346 7.02631 6
      vertex 10.4442 7.3131 6
    endloop
  endfacet
  facet normal 0 0 1
    outer loop
      vertex 9.76707 8.19554 6
      vertex 9.38404 7.87415 6
      vertex 10.0346 7.02631 6
    endloop
  endfacet
  facet normal 0 0 1
    outer loop
      vertex 9.01561 9.01561 6
      vertex 9.38404 7.87415 6
      vertex 9.76707 8.19554 6
    endloop
  endfacet
  facet normal 0 0 1
    outer loop
      vertex 9.01561 9.01561 6
      vertex 8.66206 8.66206 6
      vertex 9.38404 7.87415 6
    endloop
  endfacet
  facet normal 0 0 1
    outer loop
      vertex 8.19554 9.76707 6
      vertex 8.66206 8.66206 6
      vertex 9.01561 9.01561 6
    endloop
  endfacet
  facet normal 0 0 1
    outer loop
      vertex 8.19554 9.76707 6
      vertex 7.87415 9.38404 6
      vertex 8.66206 8.66206 6
    endloop
  endfacet
  facet normal 0 0 1
    outer loop
      vertex 7.3131 10.4442 6
      vertex 7.87415 9.38404 6
      vertex 8.19554 9.76707 6
    endloop
  endfacet
  facet normal 0 0 1
    outer loop
      vertex 7.3131 10.4442 6
      vertex 7.02631 10.0346 6
      vertex 7.87415 9.38404 6
    endloop
  endfacet
  facet normal 0 0 1
    outer loop
      vertex 6.375 11.0418 6
      vertex 7.02631 10.0346 6
      vertex 7.3131 10.4442 6
    endloop
  endfacet
  facet normal 0 0 1
    outer loop
      vertex 6.375 11.0418 6
      vertex 6.125 10.6088 6
      vertex 7.02631 10.0346 6
    endloop
  endfacet
  facet normal 0 0 1
    outer loop
      vertex 5.38838 11.5554 6
      vertex 6.125 10.6088 6
      vertex 6.375 11.0418 6
    endloop
  endfacet
  facet normal 0 0 1
    outer loop
      vertex 5.38838 11.5554 6
      vertex 5.17707 11.1023 6
      vertex 6.125 10.6088 6
    endloop
  endfacet
  facet normal 0 0 1
    outer loop
      vertex 4.36076 11.9811 6
      vertex 5.17707 11.1023 6
      vertex 5.38838 11.5554 6
    endloop
  endfacet
  facet normal 0 0 1
    outer loop
      vertex 4.36076 11.9811 6
      vertex 4.18975 11.5112 6
      vertex 5.17707 11.1023 6
    endloop
  endfacet
  facet normal 0 0 1
    outer loop
      vertex 3.29994 12.3156 6
      vertex 4.18975 11.5112 6
      vertex 4.36076 11.9811 6
    endloop
  endfacet
  facet normal 0 0 1
    outer loop
      vertex 3.29994 12.3156 6
      vertex 3.17053 11.8326 6
      vertex 4.18975 11.5112 6
    endloop
  endfacet
  facet normal 0 0 1
    outer loop
      vertex 2.21401 12.5563 6
      vertex 3.17053 11.8326 6
      vertex 3.29994 12.3156 6
    endloop
  endfacet
  facet normal 0 0 1
    outer loop
      vertex 2.21401 12.5563 6
      vertex 2.12719 12.0639 6
      vertex 3.17053 11.8326 6
    endloop
  endfacet
  facet normal 0 0 1
    outer loop
      vertex 1.11124 12.7015 6
      vertex 2.12719 12.0639 6
      vertex 2.21401 12.5563 6
    endloop
  endfacet
  facet normal 0 0 1
    outer loop
      vertex 1.11124 12.7015 6
      vertex 1.06766 12.2034 6
      vertex 2.12719 12.0639 6
    endloop
  endfacet
  facet normal 0 0 1
    outer loop
      vertex 0 12.75 6
      vertex 1.06766 12.2034 6
      vertex 1.11124 12.7015 6
    endloop
  endfacet
  facet normal 0 0 1
    outer loop
      vertex 0 12.75 6
      vertex 0 12.25 6
      vertex 1.06766 12.2034 6
    endloop
  endfacet
  facet normal 0 0 1
    outer loop
      vertex 0 12.75 6
      vertex -1.06766 12.2034 6
      vertex 0 12.25 6
    endloop
  endfacet
  facet normal -0 0 1
    outer loop
      vertex -1.11124 12.7015 6
      vertex -1.06766 12.2034 6
      vertex 0 12.75 6
    endloop
  endfacet
  facet normal 0 0 1
    outer loop
      vertex -1.11124 12.7015 6
      vertex -2.12719 12.0639 6
      vertex -1.06766 12.2034 6
    endloop
  endfacet
  facet normal -0 0 1
    outer loop
      vertex -2.21401 12.5563 6
      vertex -2.12719 12.0639 6
      vertex -1.11124 12.7015 6
    endloop
  endfacet
  facet normal 0 0 1
    outer loop
      vertex -2.21401 12.5563 6
      vertex -3.17053 11.8326 6
      vertex -2.12719 12.0639 6
    endloop
  endfacet
  facet normal -0 0 1
    outer loop
      vertex -3.29994 12.3156 6
      vertex -3.17053 11.8326 6
      vertex -2.21401 12.5563 6
    endloop
  endfacet
  facet normal 0 0 1
    outer loop
      vertex -3.29994 12.3156 6
      vertex -4.18975 11.5112 6
      vertex -3.17053 11.8326 6
    endloop
  endfacet
  facet normal -0 0 1
    outer loop
      vertex -4.36076 11.9811 6
      vertex -4.18975 11.5112 6
      vertex -3.29994 12.3156 6
    endloop
  endfacet
  facet normal 0 0 1
    outer loop
      vertex -4.36076 11.9811 6
      vertex -5.17707 11.1023 6
      vertex -4.18975 11.5112 6
    endloop
  endfacet
  facet normal -0 0 1
    outer loop
      vertex -5.38838 11.5554 6
      vertex -5.17707 11.1023 6
      vertex -4.36076 11.9811 6
    endloop
  endfacet
  facet normal 0 0 1
    outer loop
      vertex -5.38838 11.5554 6
      vertex -6.125 10.6088 6
      vertex -5.17707 11.1023 6
    endloop
  endfacet
  facet normal -0 0 1
    outer loop
      vertex -6.375 11.0418 6
      vertex -6.125 10.6088 6
      vertex -5.38838 11.5554 6
    endloop
  endfacet
  facet normal 0 0 1
    outer loop
      vertex -6.375 11.0418 6
      vertex -7.02631 10.0346 6
      vertex -6.125 10.6088 6
    endloop
  endfacet
  facet normal -0 0 1
    outer loop
      vertex -7.3131 10.4442 6
      vertex -7.02631 10.0346 6
      vertex -6.375 11.0418 6
    endloop
  endfacet
  facet normal 0 0 1
    outer loop
      vertex -7.3131 10.4442 6
      vertex -7.87415 9.38404 6
      vertex -7.02631 10.0346 6
    endloop
  endfacet
  facet normal -0 0 1
    outer loop
      vertex -8.19554 9.76707 6
      vertex -7.87415 9.38404 6
      vertex -7.3131 10.4442 6
    endloop
  endfacet
  facet normal 0 0 1
    outer loop
      vertex -8.19554 9.76707 6
      vertex -8.66206 8.66206 6
      vertex -7.87415 9.38404 6
    endloop
  endfacet
  facet normal -0 0 1
    outer loop
      vertex -9.01561 9.01561 6
      vertex -8.66206 8.66206 6
      vertex -8.19554 9.76707 6
    endloop
  endfacet
  facet normal 0 0 1
    outer loop
      vertex -9.01561 9.01561 6
      vertex -9.38404 7.87415 6
      vertex -8.66206 8.66206 6
    endloop
  endfacet
  facet normal -0 0 1
    outer loop
      vertex -9.76707 8.19554 6
      vertex -9.38404 7.87415 6
      vertex -9.01561 9.01561 6
    endloop
  endfacet
  facet normal 0 0 1
    outer loop
      vertex -9.76707 8.19554 6
      vertex -10.0346 7.02631 6
      vertex -9.38404 7.87415 6
    endloop
  endfacet
  facet normal -0 0 1
    outer loop
      vertex -10.4442 7.3131 6
      vertex -10.0346 7.02631 6
      vertex -9.76707 8.19554 6
    endloop
  endfacet
  facet normal 0 0 1
    outer loop
      vertex -10.4442 7.3131 6
      vertex -10.6088 6.125 6
      vertex -10.0346 7.02631 6
    endloop
  endfacet
  facet normal -0 0 1
    outer loop
      vertex -11.0418 6.375 6
      vertex -10.6088 6.125 6
      vertex -10.4442 7.3131 6
    endloop
  endfacet
  facet normal 0 0 1
    outer loop
      vertex -11.0418 6.375 6
      vertex -11.1023 5.17707 6
      vertex -10.6088 6.125 6
    endloop
  endfacet
  facet normal -0 0 1
    outer loop
      vertex -11.5554 5.38838 6
      vertex -11.1023 5.17707 6
      vertex -11.0418 6.375 6
    endloop
  endfacet
  facet normal 0 0 1
    outer loop
      vertex -11.1023 5.17707 6
      vertex -11.5554 5.38838 6
      vertex -11.5112 4.18975 6
    endloop
  endfacet
  facet normal -0 0 1
    outer loop
      vertex -11.9811 4.36076 6
      vertex -11.5112 4.18975 6
      vertex -11.5554 5.38838 6
    endloop
  endfacet
  facet normal 0 0 1
    outer loop
      vertex -11.5112 4.18975 6
      vertex -11.9811 4.36076 6
      vertex -11.8326 3.17053 6
    endloop
  endfacet
  facet normal -0 0 1
    outer loop
      vertex -12.3156 3.29994 6
      vertex -11.8326 3.17053 6
      vertex -11.9811 4.36076 6
    endloop
  endfacet
  facet normal 0 0 1
    outer loop
      vertex -11.8326 3.17053 6
      vertex -12.3156 3.29994 6
      vertex -12.0639 2.12719 6
    endloop
  endfacet
  facet normal 0 0 1
    outer loop
      vertex -12.0639 2.12719 6
      vertex -12.5563 2.21401 6
      vertex -12.2034 1.06766 6
    endloop
  endfacet
  facet normal -0 0 1
    outer loop
      vertex -12.5563 2.21401 6
      vertex -12.0639 2.12719 6
      vertex -12.3156 3.29994 6
    endloop
  endfacet
  facet normal -0 0 1
    outer loop
      vertex 12.0639 -2.12719 6
      vertex 12.5563 -2.21401 6
      vertex 12.2034 -1.06766 6
    endloop
  endfacet
  facet normal 0 0 1
    outer loop
      vertex 12.5563 -2.21401 6
      vertex 12.0639 -2.12719 6
      vertex 12.3156 -3.29994 6
    endloop
  endfacet
  facet normal -0 0 1
    outer loop
      vertex 11.8326 -3.17053 6
      vertex 12.3156 -3.29994 6
      vertex 12.0639 -2.12719 6
    endloop
  endfacet
  facet normal 0 0 1
    outer loop
      vertex 12.3156 -3.29994 6
      vertex 11.8326 -3.17053 6
      vertex 11.9811 -4.36076 6
    endloop
  endfacet
  facet normal -0 0 1
    outer loop
      vertex 11.5112 -4.18975 6
      vertex 11.9811 -4.36076 6
      vertex 11.8326 -3.17053 6
    endloop
  endfacet
  facet normal 0 0 1
    outer loop
      vertex 11.9811 -4.36076 6
      vertex 11.5112 -4.18975 6
      vertex 11.5554 -5.38838 6
    endloop
  endfacet
  facet normal -0 0 1
    outer loop
      vertex 11.1023 -5.17707 6
      vertex 11.5554 -5.38838 6
      vertex 11.5112 -4.18975 6
    endloop
  endfacet
  facet normal 0 0 1
    outer loop
      vertex 11.1023 -5.17707 6
      vertex 11.0418 -6.375 6
      vertex 11.5554 -5.38838 6
    endloop
  endfacet
  facet normal -0 0 1
    outer loop
      vertex 10.6088 -6.125 6
      vertex 11.0418 -6.375 6
      vertex 11.1023 -5.17707 6
    endloop
  endfacet
  facet normal 0 0 1
    outer loop
      vertex 10.6088 -6.125 6
      vertex 10.4442 -7.3131 6
      vertex 11.0418 -6.375 6
    endloop
  endfacet
  facet normal -0 0 1
    outer loop
      vertex 10.0346 -7.02631 6
      vertex 10.4442 -7.3131 6
      vertex 10.6088 -6.125 6
    endloop
  endfacet
  facet normal 0 0 1
    outer loop
      vertex 10.0346 -7.02631 6
      vertex 9.76707 -8.19554 6
      vertex 10.4442 -7.3131 6
    endloop
  endfacet
  facet normal -0 0 1
    outer loop
      vertex 9.38404 -7.87415 6
      vertex 9.76707 -8.19554 6
      vertex 10.0346 -7.02631 6
    endloop
  endfacet
  facet normal 0 0 1
    outer loop
      vertex 9.38404 -7.87415 6
      vertex 9.01561 -9.01561 6
      vertex 9.76707 -8.19554 6
    endloop
  endfacet
  facet normal -0 0 1
    outer loop
      vertex 8.66206 -8.66206 6
      vertex 9.01561 -9.01561 6
      vertex 9.38404 -7.87415 6
    endloop
  endfacet
  facet normal 0 0 1
    outer loop
      vertex 8.66206 -8.66206 6
      vertex 8.19554 -9.76707 6
      vertex 9.01561 -9.01561 6
    endloop
  endfacet
  facet normal -0 0 1
    outer loop
      vertex 7.87415 -9.38404 6
      vertex 8.19554 -9.76707 6
      vertex 8.66206 -8.66206 6
    endloop
  endfacet
  facet normal 0 0 1
    outer loop
      vertex 7.87415 -9.38404 6
      vertex 7.3131 -10.4442 6
      vertex 8.19554 -9.76707 6
    endloop
  endfacet
  facet normal -0 0 1
    outer loop
      vertex 7.02631 -10.0346 6
      vertex 7.3131 -10.4442 6
      vertex 7.87415 -9.38404 6
    endloop
  endfacet
  facet normal 0 0 1
    outer loop
      vertex 7.02631 -10.0346 6
      vertex 6.375 -11.0418 6
      vertex 7.3131 -10.4442 6
    endloop
  endfacet
  facet normal -0 0 1
    outer loop
      vertex 6.125 -10.6088 6
      vertex 6.375 -11.0418 6
      vertex 7.02631 -10.0346 6
    endloop
  endfacet
  facet normal 0 0 1
    outer loop
      vertex 6.125 -10.6088 6
      vertex 5.38838 -11.5554 6
      vertex 6.375 -11.0418 6
    endloop
  endfacet
  facet normal -0 0 1
    outer loop
      vertex 5.17707 -11.1023 6
      vertex 5.38838 -11.5554 6
      vertex 6.125 -10.6088 6
    endloop
  endfacet
  facet normal 0 0 1
    outer loop
      vertex 5.17707 -11.1023 6
      vertex 4.36076 -11.9811 6
      vertex 5.38838 -11.5554 6
    endloop
  endfacet
  facet normal -0 0 1
    outer loop
      vertex 4.18975 -11.5112 6
      vertex 4.36076 -11.9811 6
      vertex 5.17707 -11.1023 6
    endloop
  endfacet
  facet normal 0 0 1
    outer loop
      vertex 4.18975 -11.5112 6
      vertex 3.29994 -12.3156 6
      vertex 4.36076 -11.9811 6
    endloop
  endfacet
  facet normal -0 0 1
    outer loop
      vertex 3.17053 -11.8326 6
      vertex 3.29994 -12.3156 6
      vertex 4.18975 -11.5112 6
    endloop
  endfacet
  facet normal 0 0 1
    outer loop
      vertex 3.17053 -11.8326 6
      vertex 2.21401 -12.5563 6
      vertex 3.29994 -12.3156 6
    endloop
  endfacet
  facet normal -0 0 1
    outer loop
      vertex 2.12719 -12.0639 6
      vertex 2.21401 -12.5563 6
      vertex 3.17053 -11.8326 6
    endloop
  endfacet
  facet normal 0 0 1
    outer loop
      vertex 2.12719 -12.0639 6
      vertex 1.11124 -12.7015 6
      vertex 2.21401 -12.5563 6
    endloop
  endfacet
  facet normal -0 0 1
    outer loop
      vertex 1.06766 -12.2034 6
      vertex 1.11124 -12.7015 6
      vertex 2.12719 -12.0639 6
    endloop
  endfacet
  facet normal -0 0 1
    outer loop
      vertex 0 -12.25 6
      vertex 1.11124 -12.7015 6
      vertex 1.06766 -12.2034 6
    endloop
  endfacet
  facet normal 0 0 1
    outer loop
      vertex 0 -12.25 6
      vertex 0 -12.75 6
      vertex 1.11124 -12.7015 6
    endloop
  endfacet
  facet normal 0 0 1
    outer loop
      vertex -1.06766 -12.2034 6
      vertex 0 -12.75 6
      vertex 0 -12.25 6
    endloop
  endfacet
  facet normal 0 0 1
    outer loop
      vertex -1.06766 -12.2034 6
      vertex -1.11124 -12.7015 6
      vertex 0 -12.75 6
    endloop
  endfacet
  facet normal 0 0 1
    outer loop
      vertex -2.12719 -12.0639 6
      vertex -1.11124 -12.7015 6
      vertex -1.06766 -12.2034 6
    endloop
  endfacet
  facet normal 0 0 1
    outer loop
      vertex -2.12719 -12.0639 6
      vertex -2.21401 -12.5563 6
      vertex -1.11124 -12.7015 6
    endloop
  endfacet
  facet normal 0 0 1
    outer loop
      vertex -3.17053 -11.8326 6
      vertex -2.21401 -12.5563 6
      vertex -2.12719 -12.0639 6
    endloop
  endfacet
  facet normal 0 0 1
    outer loop
      vertex -3.17053 -11.8326 6
      vertex -3.29994 -12.3156 6
      vertex -2.21401 -12.5563 6
    endloop
  endfacet
  facet normal 0 0 1
    outer loop
      vertex -4.18975 -11.5112 6
      vertex -3.29994 -12.3156 6
      vertex -3.17053 -11.8326 6
    endloop
  endfacet
  facet normal 0 0 1
    outer loop
      vertex -4.18975 -11.5112 6
      vertex -4.36076 -11.9811 6
      vertex -3.29994 -12.3156 6
    endloop
  endfacet
  facet normal 0 0 1
    outer loop
      vertex -5.17707 -11.1023 6
      vertex -4.36076 -11.9811 6
      vertex -4.18975 -11.5112 6
    endloop
  endfacet
  facet normal 0 0 1
    outer loop
      vertex -5.17707 -11.1023 6
      vertex -5.38838 -11.5554 6
      vertex -4.36076 -11.9811 6
    endloop
  endfacet
  facet normal 0 0 1
    outer loop
      vertex -6.125 -10.6088 6
      vertex -5.38838 -11.5554 6
      vertex -5.17707 -11.1023 6
    endloop
  endfacet
  facet normal 0 0 1
    outer loop
      vertex -6.125 -10.6088 6
      vertex -6.375 -11.0418 6
      vertex -5.38838 -11.5554 6
    endloop
  endfacet
  facet normal 0 0 1
    outer loop
      vertex -7.02631 -10.0346 6
      vertex -6.375 -11.0418 6
      vertex -6.125 -10.6088 6
    endloop
  endfacet
  facet normal 0 0 1
    outer loop
      vertex -7.02631 -10.0346 6
      vertex -7.3131 -10.4442 6
      vertex -6.375 -11.0418 6
    endloop
  endfacet
  facet normal 0 0 1
    outer loop
      vertex -7.87415 -9.38404 6
      vertex -7.3131 -10.4442 6
      vertex -7.02631 -10.0346 6
    endloop
  endfacet
  facet normal 0 0 1
    outer loop
      vertex -7.87415 -9.38404 6
      vertex -8.19554 -9.76707 6
      vertex -7.3131 -10.4442 6
    endloop
  endfacet
  facet normal 0 0 1
    outer loop
      vertex -8.66206 -8.66206 6
      vertex -8.19554 -9.76707 6
      vertex -7.87415 -9.38404 6
    endloop
  endfacet
  facet normal 0 0 1
    outer loop
      vertex -8.66206 -8.66206 6
      vertex -9.01561 -9.01561 6
      vertex -8.19554 -9.76707 6
    endloop
  endfacet
  facet normal 0 0 1
    outer loop
      vertex -9.38404 -7.87415 6
      vertex -9.01561 -9.01561 6
      vertex -8.66206 -8.66206 6
    endloop
  endfacet
  facet normal 0 0 1
    outer loop
      vertex -9.38404 -7.87415 6
      vertex -9.76707 -8.19554 6
      vertex -9.01561 -9.01561 6
    endloop
  endfacet
  facet normal 0 0 1
    outer loop
      vertex -10.0346 -7.02631 6
      vertex -9.76707 -8.19554 6
      vertex -9.38404 -7.87415 6
    endloop
  endfacet
  facet normal 0 0 1
    outer loop
      vertex -10.0346 -7.02631 6
      vertex -10.4442 -7.3131 6
      vertex -9.76707 -8.19554 6
    endloop
  endfacet
  facet normal 0 0 1
    outer loop
      vertex -10.6088 -6.125 6
      vertex -10.4442 -7.3131 6
      vertex -10.0346 -7.02631 6
    endloop
  endfacet
  facet normal 0 0 1
    outer loop
      vertex -10.6088 -6.125 6
      vertex -11.0418 -6.375 6
      vertex -10.4442 -7.3131 6
    endloop
  endfacet
  facet normal 0 0 1
    outer loop
      vertex -11.1023 -5.17707 6
      vertex -11.0418 -6.375 6
      vertex -10.6088 -6.125 6
    endloop
  endfacet
  facet normal 0 0 1
    outer loop
      vertex -11.5554 -5.38838 6
      vertex -11.1023 -5.17707 6
      vertex -11.5112 -4.18975 6
    endloop
  endfacet
  facet normal 0 0 1
    outer loop
      vertex -11.1023 -5.17707 6
      vertex -11.5554 -5.38838 6
      vertex -11.0418 -6.375 6
    endloop
  endfacet
  facet normal 0 0 1
    outer loop
      vertex -11.9811 -4.36076 6
      vertex -11.5112 -4.18975 6
      vertex -11.8326 -3.17053 6
    endloop
  endfacet
  facet normal 0 0 1
    outer loop
      vertex -11.5112 -4.18975 6
      vertex -11.9811 -4.36076 6
      vertex -11.5554 -5.38838 6
    endloop
  endfacet
  facet normal 0 0 1
    outer loop
      vertex -12.3156 -3.29994 6
      vertex -11.8326 -3.17053 6
      vertex -12.0639 -2.12719 6
    endloop
  endfacet
  facet normal 0 0 1
    outer loop
      vertex -12.5563 -2.21401 6
      vertex -12.0639 -2.12719 6
      vertex -12.2034 -1.06766 6
    endloop
  endfacet
  facet normal 0 0 1
    outer loop
      vertex -11.8326 -3.17053 6
      vertex -12.3156 -3.29994 6
      vertex -11.9811 -4.36076 6
    endloop
  endfacet
  facet normal 0 0 1
    outer loop
      vertex -12.7015 -1.11124 6
      vertex -12.2034 -1.06766 6
      vertex -12.25 0 6
    endloop
  endfacet
  facet normal -0 0 1
    outer loop
      vertex -12.7015 1.11124 6
      vertex -12.2034 1.06766 6
      vertex -12.5563 2.21401 6
    endloop
  endfacet
  facet normal 0 0 1
    outer loop
      vertex -12.2034 1.06766 6
      vertex -12.7015 1.11124 6
      vertex -12.25 0 6
    endloop
  endfacet
  facet normal 0 0 1
    outer loop
      vertex -12.0639 -2.12719 6
      vertex -12.5563 -2.21401 6
      vertex -12.3156 -3.29994 6
    endloop
  endfacet
  facet normal 0 0 1
    outer loop
      vertex -12.75 0 6
      vertex -12.25 0 6
      vertex -12.7015 1.11124 6
    endloop
  endfacet
  facet normal 0 0 1
    outer loop
      vertex -12.2034 -1.06766 6
      vertex -12.7015 -1.11124 6
      vertex -12.5563 -2.21401 6
    endloop
  endfacet
  facet normal 0 0 1
    outer loop
      vertex -12.25 0 6
      vertex -12.75 0 6
      vertex -12.7015 -1.11124 6
    endloop
  endfacet
  facet normal 0 0 -1
    outer loop
      vertex 12.25 0 6.8
      vertex 12.75 0 6.8
      vertex 12.7015 -1.11124 6.8
    endloop
  endfacet
  facet normal 0 0 -1
    outer loop
      vertex 12.2034 -1.06766 6.8
      vertex 12.7015 -1.11124 6.8
      vertex 12.5563 -2.21401 6.8
    endloop
  endfacet
  facet normal 0 0 -1
    outer loop
      vertex 12.75 0 6.8
      vertex 12.25 0 6.8
      vertex 12.7015 1.11124 6.8
    endloop
  endfacet
  facet normal 0 0 -1
    outer loop
      vertex 12.0639 -2.12719 6.8
      vertex 12.5563 -2.21401 6.8
      vertex 12.3156 -3.29994 6.8
    endloop
  endfacet
  facet normal 0 0 -1
    outer loop
      vertex 12.2034 1.06766 6.8
      vertex 12.7015 1.11124 6.8
      vertex 12.25 0 6.8
    endloop
  endfacet
  facet normal -0 0 -1
    outer loop
      vertex 12.7015 1.11124 6.8
      vertex 12.2034 1.06766 6.8
      vertex 12.5563 2.21401 6.8
    endloop
  endfacet
  facet normal 0 0 -1
    outer loop
      vertex 12.7015 -1.11124 6.8
      vertex 12.2034 -1.06766 6.8
      vertex 12.25 0 6.8
    endloop
  endfacet
  facet normal 0 0 -1
    outer loop
      vertex 12.5563 -2.21401 6.8
      vertex 12.0639 -2.12719 6.8
      vertex 12.2034 -1.06766 6.8
    endloop
  endfacet
  facet normal 0 0 -1
    outer loop
      vertex 11.8326 -3.17053 6.8
      vertex 12.3156 -3.29994 6.8
      vertex 11.9811 -4.36076 6.8
    endloop
  endfacet
  facet normal 0 0 -1
    outer loop
      vertex 12.3156 -3.29994 6.8
      vertex 11.8326 -3.17053 6.8
      vertex 12.0639 -2.12719 6.8
    endloop
  endfacet
  facet normal 0 0 -1
    outer loop
      vertex 11.5112 -4.18975 6.8
      vertex 11.9811 -4.36076 6.8
      vertex 11.5554 -5.38838 6.8
    endloop
  endfacet
  facet normal 0 0 -1
    outer loop
      vertex 11.9811 -4.36076 6.8
      vertex 11.5112 -4.18975 6.8
      vertex 11.8326 -3.17053 6.8
    endloop
  endfacet
  facet normal 0 0 -1
    outer loop
      vertex 11.5554 -5.38838 6.8
      vertex 11.1023 -5.17707 6.8
      vertex 11.5112 -4.18975 6.8
    endloop
  endfacet
  facet normal 0 0 -1
    outer loop
      vertex 11.0418 -6.375 6.8
      vertex 11.1023 -5.17707 6.8
      vertex 11.5554 -5.38838 6.8
    endloop
  endfacet
  facet normal 0 0 -1
    outer loop
      vertex 11.0418 -6.375 6.8
      vertex 10.6088 -6.125 6.8
      vertex 11.1023 -5.17707 6.8
    endloop
  endfacet
  facet normal 0 0 -1
    outer loop
      vertex 10.4442 -7.3131 6.8
      vertex 10.6088 -6.125 6.8
      vertex 11.0418 -6.375 6.8
    endloop
  endfacet
  facet normal 0 0 -1
    outer loop
      vertex 10.4442 -7.3131 6.8
      vertex 10.0346 -7.02631 6.8
      vertex 10.6088 -6.125 6.8
    endloop
  endfacet
  facet normal 0 0 -1
    outer loop
      vertex 9.76707 -8.19554 6.8
      vertex 10.0346 -7.02631 6.8
      vertex 10.4442 -7.3131 6.8
    endloop
  endfacet
  facet normal 0 0 -1
    outer loop
      vertex 9.76707 -8.19554 6.8
      vertex 9.38404 -7.87415 6.8
      vertex 10.0346 -7.02631 6.8
    endloop
  endfacet
  facet normal 0 0 -1
    outer loop
      vertex 9.01561 -9.01561 6.8
      vertex 9.38404 -7.87415 6.8
      vertex 9.76707 -8.19554 6.8
    endloop
  endfacet
  facet normal 0 0 -1
    outer loop
      vertex 9.01561 -9.01561 6.8
      vertex 8.66206 -8.66206 6.8
      vertex 9.38404 -7.87415 6.8
    endloop
  endfacet
  facet normal 0 0 -1
    outer loop
      vertex 8.19554 -9.76707 6.8
      vertex 8.66206 -8.66206 6.8
      vertex 9.01561 -9.01561 6.8
    endloop
  endfacet
  facet normal 0 0 -1
    outer loop
      vertex 8.19554 -9.76707 6.8
      vertex 7.87415 -9.38404 6.8
      vertex 8.66206 -8.66206 6.8
    endloop
  endfacet
  facet normal 0 0 -1
    outer loop
      vertex 7.3131 -10.4442 6.8
      vertex 7.87415 -9.38404 6.8
      vertex 8.19554 -9.76707 6.8
    endloop
  endfacet
  facet normal 0 0 -1
    outer loop
      vertex 7.3131 -10.4442 6.8
      vertex 7.02631 -10.0346 6.8
      vertex 7.87415 -9.38404 6.8
    endloop
  endfacet
  facet normal 0 0 -1
    outer loop
      vertex 6.375 -11.0418 6.8
      vertex 7.02631 -10.0346 6.8
      vertex 7.3131 -10.4442 6.8
    endloop
  endfacet
  facet normal 0 0 -1
    outer loop
      vertex 6.375 -11.0418 6.8
      vertex 6.125 -10.6088 6.8
      vertex 7.02631 -10.0346 6.8
    endloop
  endfacet
  facet normal 0 0 -1
    outer loop
      vertex 5.38838 -11.5554 6.8
      vertex 6.125 -10.6088 6.8
      vertex 6.375 -11.0418 6.8
    endloop
  endfacet
  facet normal 0 0 -1
    outer loop
      vertex 5.38838 -11.5554 6.8
      vertex 5.17707 -11.1023 6.8
      vertex 6.125 -10.6088 6.8
    endloop
  endfacet
  facet normal 0 0 -1
    outer loop
      vertex 4.36076 -11.9811 6.8
      vertex 5.17707 -11.1023 6.8
      vertex 5.38838 -11.5554 6.8
    endloop
  endfacet
  facet normal 0 0 -1
    outer loop
      vertex 4.36076 -11.9811 6.8
      vertex 4.18975 -11.5112 6.8
      vertex 5.17707 -11.1023 6.8
    endloop
  endfacet
  facet normal 0 0 -1
    outer loop
      vertex 3.29994 -12.3156 6.8
      vertex 4.18975 -11.5112 6.8
      vertex 4.36076 -11.9811 6.8
    endloop
  endfacet
  facet normal 0 0 -1
    outer loop
      vertex 3.29994 -12.3156 6.8
      vertex 3.17053 -11.8326 6.8
      vertex 4.18975 -11.5112 6.8
    endloop
  endfacet
  facet normal 0 0 -1
    outer loop
      vertex 2.21401 -12.5563 6.8
      vertex 3.17053 -11.8326 6.8
      vertex 3.29994 -12.3156 6.8
    endloop
  endfacet
  facet normal 0 0 -1
    outer loop
      vertex 2.21401 -12.5563 6.8
      vertex 2.12719 -12.0639 6.8
      vertex 3.17053 -11.8326 6.8
    endloop
  endfacet
  facet normal 0 0 -1
    outer loop
      vertex 1.11124 -12.7015 6.8
      vertex 2.12719 -12.0639 6.8
      vertex 2.21401 -12.5563 6.8
    endloop
  endfacet
  facet normal 0 0 -1
    outer loop
      vertex 1.11124 -12.7015 6.8
      vertex 1.06766 -12.2034 6.8
      vertex 2.12719 -12.0639 6.8
    endloop
  endfacet
  facet normal 0 0 -1
    outer loop
      vertex 0 -12.75 6.8
      vertex 1.06766 -12.2034 6.8
      vertex 1.11124 -12.7015 6.8
    endloop
  endfacet
  facet normal 0 0 -1
    outer loop
      vertex 0 -12.75 6.8
      vertex 0 -12.25 6.8
      vertex 1.06766 -12.2034 6.8
    endloop
  endfacet
  facet normal 0 0 -1
    outer loop
      vertex 0 -12.75 6.8
      vertex -1.06766 -12.2034 6.8
      vertex 0 -12.25 6.8
    endloop
  endfacet
  facet normal 0 0 -1
    outer loop
      vertex -1.11124 -12.7015 6.8
      vertex -1.06766 -12.2034 6.8
      vertex 0 -12.75 6.8
    endloop
  endfacet
  facet normal 0 0 -1
    outer loop
      vertex -1.11124 -12.7015 6.8
      vertex -2.12719 -12.0639 6.8
      vertex -1.06766 -12.2034 6.8
    endloop
  endfacet
  facet normal 0 0 -1
    outer loop
      vertex -2.21401 -12.5563 6.8
      vertex -2.12719 -12.0639 6.8
      vertex -1.11124 -12.7015 6.8
    endloop
  endfacet
  facet normal 0 0 -1
    outer loop
      vertex -2.21401 -12.5563 6.8
      vertex -3.17053 -11.8326 6.8
      vertex -2.12719 -12.0639 6.8
    endloop
  endfacet
  facet normal 0 0 -1
    outer loop
      vertex -3.29994 -12.3156 6.8
      vertex -3.17053 -11.8326 6.8
      vertex -2.21401 -12.5563 6.8
    endloop
  endfacet
  facet normal 0 0 -1
    outer loop
      vertex -3.29994 -12.3156 6.8
      vertex -4.18975 -11.5112 6.8
      vertex -3.17053 -11.8326 6.8
    endloop
  endfacet
  facet normal 0 0 -1
    outer loop
      vertex -4.36076 -11.9811 6.8
      vertex -4.18975 -11.5112 6.8
      vertex -3.29994 -12.3156 6.8
    endloop
  endfacet
  facet normal 0 0 -1
    outer loop
      vertex -4.36076 -11.9811 6.8
      vertex -5.17707 -11.1023 6.8
      vertex -4.18975 -11.5112 6.8
    endloop
  endfacet
  facet normal 0 0 -1
    outer loop
      vertex -5.38838 -11.5554 6.8
      vertex -5.17707 -11.1023 6.8
      vertex -4.36076 -11.9811 6.8
    endloop
  endfacet
  facet normal 0 0 -1
    outer loop
      vertex -5.38838 -11.5554 6.8
      vertex -6.125 -10.6088 6.8
      vertex -5.17707 -11.1023 6.8
    endloop
  endfacet
  facet normal 0 0 -1
    outer loop
      vertex -6.375 -11.0418 6.8
      vertex -6.125 -10.6088 6.8
      vertex -5.38838 -11.5554 6.8
    endloop
  endfacet
  facet normal 0 0 -1
    outer loop
      vertex -6.375 -11.0418 6.8
      vertex -7.02631 -10.0346 6.8
      vertex -6.125 -10.6088 6.8
    endloop
  endfacet
  facet normal 0 0 -1
    outer loop
      vertex -7.3131 -10.4442 6.8
      vertex -7.02631 -10.0346 6.8
      vertex -6.375 -11.0418 6.8
    endloop
  endfacet
  facet normal 0 0 -1
    outer loop
      vertex -7.3131 -10.4442 6.8
      vertex -7.87415 -9.38404 6.8
      vertex -7.02631 -10.0346 6.8
    endloop
  endfacet
  facet normal 0 0 -1
    outer loop
      vertex -8.19554 -9.76707 6.8
      vertex -7.87415 -9.38404 6.8
      vertex -7.3131 -10.4442 6.8
    endloop
  endfacet
  facet normal 0 0 -1
    outer loop
      vertex -8.19554 -9.76707 6.8
      vertex -8.66206 -8.66206 6.8
      vertex -7.87415 -9.38404 6.8
    endloop
  endfacet
  facet normal 0 0 -1
    outer loop
      vertex -9.01561 -9.01561 6.8
      vertex -8.66206 -8.66206 6.8
      vertex -8.19554 -9.76707 6.8
    endloop
  endfacet
  facet normal 0 0 -1
    outer loop
      vertex -9.01561 -9.01561 6.8
      vertex -9.38404 -7.87415 6.8
      vertex -8.66206 -8.66206 6.8
    endloop
  endfacet
  facet normal 0 0 -1
    outer loop
      vertex -9.76707 -8.19554 6.8
      vertex -9.38404 -7.87415 6.8
      vertex -9.01561 -9.01561 6.8
    endloop
  endfacet
  facet normal 0 0 -1
    outer loop
      vertex -9.76707 -8.19554 6.8
      vertex -10.0346 -7.02631 6.8
      vertex -9.38404 -7.87415 6.8
    endloop
  endfacet
  facet normal 0 0 -1
    outer loop
      vertex -10.4442 -7.3131 6.8
      vertex -10.0346 -7.02631 6.8
      vertex -9.76707 -8.19554 6.8
    endloop
  endfacet
  facet normal 0 0 -1
    outer loop
      vertex -10.4442 -7.3131 6.8
      vertex -10.6088 -6.125 6.8
      vertex -10.0346 -7.02631 6.8
    endloop
  endfacet
  facet normal 0 0 -1
    outer loop
      vertex -11.0418 -6.375 6.8
      vertex -10.6088 -6.125 6.8
      vertex -10.4442 -7.3131 6.8
    endloop
  endfacet
  facet normal 0 0 -1
    outer loop
      vertex -11.0418 -6.375 6.8
      vertex -11.1023 -5.17707 6.8
      vertex -10.6088 -6.125 6.8
    endloop
  endfacet
  facet normal 0 0 -1
    outer loop
      vertex -11.5554 -5.38838 6.8
      vertex -11.1023 -5.17707 6.8
      vertex -11.0418 -6.375 6.8
    endloop
  endfacet
  facet normal -0 0 -1
    outer loop
      vertex -11.1023 -5.17707 6.8
      vertex -11.5554 -5.38838 6.8
      vertex -11.5112 -4.18975 6.8
    endloop
  endfacet
  facet normal 0 0 -1
    outer loop
      vertex -11.9811 -4.36076 6.8
      vertex -11.5112 -4.18975 6.8
      vertex -11.5554 -5.38838 6.8
    endloop
  endfacet
  facet normal -0 0 -1
    outer loop
      vertex -11.5112 -4.18975 6.8
      vertex -11.9811 -4.36076 6.8
      vertex -11.8326 -3.17053 6.8
    endloop
  endfacet
  facet normal 0 0 -1
    outer loop
      vertex -12.3156 -3.29994 6.8
      vertex -11.8326 -3.17053 6.8
      vertex -11.9811 -4.36076 6.8
    endloop
  endfacet
  facet normal -0 0 -1
    outer loop
      vertex -11.8326 -3.17053 6.8
      vertex -12.3156 -3.29994 6.8
      vertex -12.0639 -2.12719 6.8
    endloop
  endfacet
  facet normal -0 0 -1
    outer loop
      vertex -12.0639 -2.12719 6.8
      vertex -12.5563 -2.21401 6.8
      vertex -12.2034 -1.06766 6.8
    endloop
  endfacet
  facet normal 0 0 -1
    outer loop
      vertex -12.5563 -2.21401 6.8
      vertex -12.0639 -2.12719 6.8
      vertex -12.3156 -3.29994 6.8
    endloop
  endfacet
  facet normal 0 0 -1
    outer loop
      vertex 12.0639 2.12719 6.8
      vertex 12.5563 2.21401 6.8
      vertex 12.2034 1.06766 6.8
    endloop
  endfacet
  facet normal -0 0 -1
    outer loop
      vertex 12.5563 2.21401 6.8
      vertex 12.0639 2.12719 6.8
      vertex 12.3156 3.29994 6.8
    endloop
  endfacet
  facet normal 0 0 -1
    outer loop
      vertex 11.8326 3.17053 6.8
      vertex 12.3156 3.29994 6.8
      vertex 12.0639 2.12719 6.8
    endloop
  endfacet
  facet normal -0 0 -1
    outer loop
      vertex 12.3156 3.29994 6.8
      vertex 11.8326 3.17053 6.8
      vertex 11.9811 4.36076 6.8
    endloop
  endfacet
  facet normal 0 0 -1
    outer loop
      vertex 11.5112 4.18975 6.8
      vertex 11.9811 4.36076 6.8
      vertex 11.8326 3.17053 6.8
    endloop
  endfacet
  facet normal -0 0 -1
    outer loop
      vertex 11.9811 4.36076 6.8
      vertex 11.5112 4.18975 6.8
      vertex 11.5554 5.38838 6.8
    endloop
  endfacet
  facet normal 0 0 -1
    outer loop
      vertex 11.1023 5.17707 6.8
      vertex 11.5554 5.38838 6.8
      vertex 11.5112 4.18975 6.8
    endloop
  endfacet
  facet normal 0 0 -1
    outer loop
      vertex 11.1023 5.17707 6.8
      vertex 11.0418 6.375 6.8
      vertex 11.5554 5.38838 6.8
    endloop
  endfacet
  facet normal 0 0 -1
    outer loop
      vertex 10.6088 6.125 6.8
      vertex 11.0418 6.375 6.8
      vertex 11.1023 5.17707 6.8
    endloop
  endfacet
  facet normal 0 0 -1
    outer loop
      vertex 10.6088 6.125 6.8
      vertex 10.4442 7.3131 6.8
      vertex 11.0418 6.375 6.8
    endloop
  endfacet
  facet normal 0 0 -1
    outer loop
      vertex 10.0346 7.02631 6.8
      vertex 10.4442 7.3131 6.8
      vertex 10.6088 6.125 6.8
    endloop
  endfacet
  facet normal 0 0 -1
    outer loop
      vertex 10.0346 7.02631 6.8
      vertex 9.76707 8.19554 6.8
      vertex 10.4442 7.3131 6.8
    endloop
  endfacet
  facet normal 0 0 -1
    outer loop
      vertex 9.38404 7.87415 6.8
      vertex 9.76707 8.19554 6.8
      vertex 10.0346 7.02631 6.8
    endloop
  endfacet
  facet normal 0 0 -1
    outer loop
      vertex 9.38404 7.87415 6.8
      vertex 9.01561 9.01561 6.8
      vertex 9.76707 8.19554 6.8
    endloop
  endfacet
  facet normal 0 0 -1
    outer loop
      vertex 8.66206 8.66206 6.8
      vertex 9.01561 9.01561 6.8
      vertex 9.38404 7.87415 6.8
    endloop
  endfacet
  facet normal 0 0 -1
    outer loop
      vertex 8.66206 8.66206 6.8
      vertex 8.19554 9.76707 6.8
      vertex 9.01561 9.01561 6.8
    endloop
  endfacet
  facet normal 0 0 -1
    outer loop
      vertex 7.87415 9.38404 6.8
      vertex 8.19554 9.76707 6.8
      vertex 8.66206 8.66206 6.8
    endloop
  endfacet
  facet normal 0 0 -1
    outer loop
      vertex 7.87415 9.38404 6.8
      vertex 7.3131 10.4442 6.8
      vertex 8.19554 9.76707 6.8
    endloop
  endfacet
  facet normal 0 0 -1
    outer loop
      vertex 7.02631 10.0346 6.8
      vertex 7.3131 10.4442 6.8
      vertex 7.87415 9.38404 6.8
    endloop
  endfacet
  facet normal 0 0 -1
    outer loop
      vertex 7.02631 10.0346 6.8
      vertex 6.375 11.0418 6.8
      vertex 7.3131 10.4442 6.8
    endloop
  endfacet
  facet normal 0 0 -1
    outer loop
      vertex 6.125 10.6088 6.8
      vertex 6.375 11.0418 6.8
      vertex 7.02631 10.0346 6.8
    endloop
  endfacet
  facet normal 0 0 -1
    outer loop
      vertex 6.125 10.6088 6.8
      vertex 5.38838 11.5554 6.8
      vertex 6.375 11.0418 6.8
    endloop
  endfacet
  facet normal 0 0 -1
    outer loop
      vertex 5.17707 11.1023 6.8
      vertex 5.38838 11.5554 6.8
      vertex 6.125 10.6088 6.8
    endloop
  endfacet
  facet normal 0 0 -1
    outer loop
      vertex 5.17707 11.1023 6.8
      vertex 4.36076 11.9811 6.8
      vertex 5.38838 11.5554 6.8
    endloop
  endfacet
  facet normal 0 0 -1
    outer loop
      vertex 4.18975 11.5112 6.8
      vertex 4.36076 11.9811 6.8
      vertex 5.17707 11.1023 6.8
    endloop
  endfacet
  facet normal 0 0 -1
    outer loop
      vertex 4.18975 11.5112 6.8
      vertex 3.29994 12.3156 6.8
      vertex 4.36076 11.9811 6.8
    endloop
  endfacet
  facet normal 0 0 -1
    outer loop
      vertex 3.17053 11.8326 6.8
      vertex 3.29994 12.3156 6.8
      vertex 4.18975 11.5112 6.8
    endloop
  endfacet
  facet normal 0 0 -1
    outer loop
      vertex 3.17053 11.8326 6.8
      vertex 2.21401 12.5563 6.8
      vertex 3.29994 12.3156 6.8
    endloop
  endfacet
  facet normal 0 0 -1
    outer loop
      vertex 2.12719 12.0639 6.8
      vertex 2.21401 12.5563 6.8
      vertex 3.17053 11.8326 6.8
    endloop
  endfacet
  facet normal 0 0 -1
    outer loop
      vertex 2.12719 12.0639 6.8
      vertex 1.11124 12.7015 6.8
      vertex 2.21401 12.5563 6.8
    endloop
  endfacet
  facet normal 0 0 -1
    outer loop
      vertex 1.06766 12.2034 6.8
      vertex 1.11124 12.7015 6.8
      vertex 2.12719 12.0639 6.8
    endloop
  endfacet
  facet normal 0 0 -1
    outer loop
      vertex 0 12.25 6.8
      vertex 1.11124 12.7015 6.8
      vertex 1.06766 12.2034 6.8
    endloop
  endfacet
  facet normal 0 0 -1
    outer loop
      vertex 0 12.25 6.8
      vertex 0 12.75 6.8
      vertex 1.11124 12.7015 6.8
    endloop
  endfacet
  facet normal 0 0 -1
    outer loop
      vertex -1.06766 12.2034 6.8
      vertex 0 12.75 6.8
      vertex 0 12.25 6.8
    endloop
  endfacet
  facet normal 0 0 -1
    outer loop
      vertex -1.06766 12.2034 6.8
      vertex -1.11124 12.7015 6.8
      vertex 0 12.75 6.8
    endloop
  endfacet
  facet normal 0 0 -1
    outer loop
      vertex -2.12719 12.0639 6.8
      vertex -1.11124 12.7015 6.8
      vertex -1.06766 12.2034 6.8
    endloop
  endfacet
  facet normal 0 0 -1
    outer loop
      vertex -2.12719 12.0639 6.8
      vertex -2.21401 12.5563 6.8
      vertex -1.11124 12.7015 6.8
    endloop
  endfacet
  facet normal 0 0 -1
    outer loop
      vertex -3.17053 11.8326 6.8
      vertex -2.21401 12.5563 6.8
      vertex -2.12719 12.0639 6.8
    endloop
  endfacet
  facet normal 0 0 -1
    outer loop
      vertex -3.17053 11.8326 6.8
      vertex -3.29994 12.3156 6.8
      vertex -2.21401 12.5563 6.8
    endloop
  endfacet
  facet normal 0 0 -1
    outer loop
      vertex -4.18975 11.5112 6.8
      vertex -3.29994 12.3156 6.8
      vertex -3.17053 11.8326 6.8
    endloop
  endfacet
  facet normal 0 0 -1
    outer loop
      vertex -4.18975 11.5112 6.8
      vertex -4.36076 11.9811 6.8
      vertex -3.29994 12.3156 6.8
    endloop
  endfacet
  facet normal 0 0 -1
    outer loop
      vertex -5.17707 11.1023 6.8
      vertex -4.36076 11.9811 6.8
      vertex -4.18975 11.5112 6.8
    endloop
  endfacet
  facet normal 0 0 -1
    outer loop
      vertex -5.17707 11.1023 6.8
      vertex -5.38838 11.5554 6.8
      vertex -4.36076 11.9811 6.8
    endloop
  endfacet
  facet normal 0 0 -1
    outer loop
      vertex -6.125 10.6088 6.8
      vertex -5.38838 11.5554 6.8
      vertex -5.17707 11.1023 6.8
    endloop
  endfacet
  facet normal 0 0 -1
    outer loop
      vertex -6.125 10.6088 6.8
      vertex -6.375 11.0418 6.8
      vertex -5.38838 11.5554 6.8
    endloop
  endfacet
  facet normal 0 0 -1
    outer loop
      vertex -7.02631 10.0346 6.8
      vertex -6.375 11.0418 6.8
      vertex -6.125 10.6088 6.8
    endloop
  endfacet
  facet normal 0 0 -1
    outer loop
      vertex -7.02631 10.0346 6.8
      vertex -7.3131 10.4442 6.8
      vertex -6.375 11.0418 6.8
    endloop
  endfacet
  facet normal 0 0 -1
    outer loop
      vertex -7.87415 9.38404 6.8
      vertex -7.3131 10.4442 6.8
      vertex -7.02631 10.0346 6.8
    endloop
  endfacet
  facet normal 0 0 -1
    outer loop
      vertex -7.87415 9.38404 6.8
      vertex -8.19554 9.76707 6.8
      vertex -7.3131 10.4442 6.8
    endloop
  endfacet
  facet normal 0 0 -1
    outer loop
      vertex -8.66206 8.66206 6.8
      vertex -8.19554 9.76707 6.8
      vertex -7.87415 9.38404 6.8
    endloop
  endfacet
  facet normal 0 0 -1
    outer loop
      vertex -8.66206 8.66206 6.8
      vertex -9.01561 9.01561 6.8
      vertex -8.19554 9.76707 6.8
    endloop
  endfacet
  facet normal 0 0 -1
    outer loop
      vertex -9.38404 7.87415 6.8
      vertex -9.01561 9.01561 6.8
      vertex -8.66206 8.66206 6.8
    endloop
  endfacet
  facet normal 0 0 -1
    outer loop
      vertex -9.38404 7.87415 6.8
      vertex -9.76707 8.19554 6.8
      vertex -9.01561 9.01561 6.8
    endloop
  endfacet
  facet normal 0 0 -1
    outer loop
      vertex -10.0346 7.02631 6.8
      vertex -9.76707 8.19554 6.8
      vertex -9.38404 7.87415 6.8
    endloop
  endfacet
  facet normal 0 0 -1
    outer loop
      vertex -10.0346 7.02631 6.8
      vertex -10.4442 7.3131 6.8
      vertex -9.76707 8.19554 6.8
    endloop
  endfacet
  facet normal 0 0 -1
    outer loop
      vertex -10.6088 6.125 6.8
      vertex -10.4442 7.3131 6.8
      vertex -10.0346 7.02631 6.8
    endloop
  endfacet
  facet normal 0 0 -1
    outer loop
      vertex -10.6088 6.125 6.8
      vertex -11.0418 6.375 6.8
      vertex -10.4442 7.3131 6.8
    endloop
  endfacet
  facet normal 0 0 -1
    outer loop
      vertex -11.1023 5.17707 6.8
      vertex -11.0418 6.375 6.8
      vertex -10.6088 6.125 6.8
    endloop
  endfacet
  facet normal 0 0 -1
    outer loop
      vertex -11.5554 5.38838 6.8
      vertex -11.1023 5.17707 6.8
      vertex -11.5112 4.18975 6.8
    endloop
  endfacet
  facet normal 0 0 -1
    outer loop
      vertex -11.1023 5.17707 6.8
      vertex -11.5554 5.38838 6.8
      vertex -11.0418 6.375 6.8
    endloop
  endfacet
  facet normal 0 0 -1
    outer loop
      vertex -11.9811 4.36076 6.8
      vertex -11.5112 4.18975 6.8
      vertex -11.8326 3.17053 6.8
    endloop
  endfacet
  facet normal 0 0 -1
    outer loop
      vertex -11.5112 4.18975 6.8
      vertex -11.9811 4.36076 6.8
      vertex -11.5554 5.38838 6.8
    endloop
  endfacet
  facet normal 0 0 -1
    outer loop
      vertex -12.3156 3.29994 6.8
      vertex -11.8326 3.17053 6.8
      vertex -12.0639 2.12719 6.8
    endloop
  endfacet
  facet normal 0 0 -1
    outer loop
      vertex -12.5563 2.21401 6.8
      vertex -12.0639 2.12719 6.8
      vertex -12.2034 1.06766 6.8
    endloop
  endfacet
  facet normal 0 0 -1
    outer loop
      vertex -11.8326 3.17053 6.8
      vertex -12.3156 3.29994 6.8
      vertex -11.9811 4.36076 6.8
    endloop
  endfacet
  facet normal 0 0 -1
    outer loop
      vertex -12.7015 1.11124 6.8
      vertex -12.2034 1.06766 6.8
      vertex -12.25 0 6.8
    endloop
  endfacet
  facet normal 0 0 -1
    outer loop
      vertex -12.7015 -1.11124 6.8
      vertex -12.2034 -1.06766 6.8
      vertex -12.5563 -2.21401 6.8
    endloop
  endfacet
  facet normal -0 0 -1
    outer loop
      vertex -12.2034 -1.06766 6.8
      vertex -12.7015 -1.11124 6.8
      vertex -12.25 0 6.8
    endloop
  endfacet
  facet normal 0 0 -1
    outer loop
      vertex -12.0639 2.12719 6.8
      vertex -12.5563 2.21401 6.8
      vertex -12.3156 3.29994 6.8
    endloop
  endfacet
  facet normal 0 0 -1
    outer loop
      vertex -12.75 0 6.8
      vertex -12.25 0 6.8
      vertex -12.7015 -1.11124 6.8
    endloop
  endfacet
  facet normal 0 0 -1
    outer loop
      vertex -12.2034 1.06766 6.8
      vertex -12.7015 1.11124 6.8
      vertex -12.5563 2.21401 6.8
    endloop
  endfacet
  facet normal 0 0 -1
    outer loop
      vertex -12.25 0 6.8
      vertex -12.75 0 6.8
      vertex -12.7015 1.11124 6.8
    endloop
  endfacet
  facet normal 0.999049 -0.0436053 0
    outer loop
      vertex 12.2034 -1.06766 6.8
      vertex 12.25 0 6
      vertex 12.25 0 6.8
    endloop
  endfacet
  facet normal 0.999049 -0.0436053 0
    outer loop
      vertex 12.25 0 6
      vertex 12.2034 -1.06766 6.8
      vertex 12.2034 -1.06766 6
    endloop
  endfacet
  facet normal 0.991444 0.130536 0
    outer loop
      vertex 12.2034 1.06766 6.8
      vertex 12.0639 2.12719 6
      vertex 12.0639 2.12719 6.8
    endloop
  endfacet
  facet normal 0.991444 0.130536 0
    outer loop
      vertex 12.0639 2.12719 6
      vertex 12.2034 1.06766 6.8
      vertex 12.2034 1.06766 6
    endloop
  endfacet
  facet normal 0.999049 0.0436053 0
    outer loop
      vertex 12.25 0 6.8
      vertex 12.2034 1.06766 6
      vertex 12.2034 1.06766 6.8
    endloop
  endfacet
  facet normal 0.999049 0.0436053 0
    outer loop
      vertex 12.2034 1.06766 6
      vertex 12.25 0 6.8
      vertex 12.25 0 6
    endloop
  endfacet
  facet normal 0.976297 0.216437 0
    outer loop
      vertex 12.0639 2.12719 6.8
      vertex 11.8326 3.17053 6
      vertex 11.8326 3.17053 6.8
    endloop
  endfacet
  facet normal 0.976297 0.216437 0
    outer loop
      vertex 11.8326 3.17053 6
      vertex 12.0639 2.12719 6.8
      vertex 12.0639 2.12719 6
    endloop
  endfacet
  facet normal -0.0436053 0.999049 0
    outer loop
      vertex 0 12.25 6
      vertex -1.06766 12.2034 6.8
      vertex 0 12.25 6.8
    endloop
  endfacet
  facet normal -0.0436053 0.999049 0
    outer loop
      vertex -1.06766 12.2034 6.8
      vertex 0 12.25 6
      vertex -1.06766 12.2034 6
    endloop
  endfacet
  facet normal 0.216437 0.976297 -0
    outer loop
      vertex 3.17053 11.8326 6
      vertex 2.12719 12.0639 6.8
      vertex 3.17053 11.8326 6.8
    endloop
  endfacet
  facet normal 0.216437 0.976297 0
    outer loop
      vertex 2.12719 12.0639 6.8
      vertex 3.17053 11.8326 6
      vertex 2.12719 12.0639 6
    endloop
  endfacet
  facet normal 0.793358 -0.608755 0
    outer loop
      vertex 9.38404 -7.87415 6.8
      vertex 10.0346 -7.02631 6
      vertex 10.0346 -7.02631 6.8
    endloop
  endfacet
  facet normal 0.793358 -0.608755 0
    outer loop
      vertex 10.0346 -7.02631 6
      vertex 9.38404 -7.87415 6.8
      vertex 9.38404 -7.87415 6
    endloop
  endfacet
  facet normal -0.73728 0.675587 0
    outer loop
      vertex -9.38404 7.87415 6
      vertex -8.66206 8.66206 6.8
      vertex -8.66206 8.66206 6
    endloop
  endfacet
  facet normal -0.73728 0.675587 0
    outer loop
      vertex -8.66206 8.66206 6.8
      vertex -9.38404 7.87415 6
      vertex -9.38404 7.87415 6.8
    endloop
  endfacet
  facet normal 0.216437 -0.976297 0
    outer loop
      vertex 2.12719 -12.0639 6
      vertex 3.17053 -11.8326 6.8
      vertex 2.12719 -12.0639 6.8
    endloop
  endfacet
  facet normal 0.216437 -0.976297 0
    outer loop
      vertex 3.17053 -11.8326 6.8
      vertex 2.12719 -12.0639 6
      vertex 3.17053 -11.8326 6
    endloop
  endfacet
  facet normal -0.216437 -0.976297 0
    outer loop
      vertex -3.17053 -11.8326 6
      vertex -2.12719 -12.0639 6.8
      vertex -3.17053 -11.8326 6.8
    endloop
  endfacet
  facet normal -0.216437 -0.976297 -0
    outer loop
      vertex -2.12719 -12.0639 6.8
      vertex -3.17053 -11.8326 6
      vertex -2.12719 -12.0639 6
    endloop
  endfacet
  facet normal -0.675587 0.73728 0
    outer loop
      vertex -7.87415 9.38404 6
      vertex -8.66206 8.66206 6.8
      vertex -7.87415 9.38404 6.8
    endloop
  endfacet
  facet normal -0.675587 0.73728 0
    outer loop
      vertex -8.66206 8.66206 6.8
      vertex -7.87415 9.38404 6
      vertex -8.66206 8.66206 6
    endloop
  endfacet
  facet normal 0.537301 -0.843391 0
    outer loop
      vertex 6.125 -10.6088 6
      vertex 7.02631 -10.0346 6.8
      vertex 6.125 -10.6088 6.8
    endloop
  endfacet
  facet normal 0.537301 -0.843391 0
    outer loop
      vertex 7.02631 -10.0346 6.8
      vertex 6.125 -10.6088 6
      vertex 7.02631 -10.0346 6
    endloop
  endfacet
  facet normal -0.843391 0.537301 0
    outer loop
      vertex -10.6088 6.125 6
      vertex -10.0346 7.02631 6.8
      vertex -10.0346 7.02631 6
    endloop
  endfacet
  facet normal -0.843391 0.537301 0
    outer loop
      vertex -10.0346 7.02631 6.8
      vertex -10.6088 6.125 6
      vertex -10.6088 6.125 6.8
    endloop
  endfacet
  facet normal -0.991444 -0.130536 0
    outer loop
      vertex -12.0639 -2.12719 6
      vertex -12.2034 -1.06766 6.8
      vertex -12.2034 -1.06766 6
    endloop
  endfacet
  facet normal -0.991444 -0.130536 0
    outer loop
      vertex -12.2034 -1.06766 6.8
      vertex -12.0639 -2.12719 6
      vertex -12.0639 -2.12719 6.8
    endloop
  endfacet
  facet normal 0.608755 0.793358 -0
    outer loop
      vertex 7.87415 9.38404 6
      vertex 7.02631 10.0346 6.8
      vertex 7.87415 9.38404 6.8
    endloop
  endfacet
  facet normal 0.608755 0.793358 0
    outer loop
      vertex 7.02631 10.0346 6.8
      vertex 7.87415 9.38404 6
      vertex 7.02631 10.0346 6
    endloop
  endfacet
  facet normal 0.73728 -0.675587 0
    outer loop
      vertex 8.66206 -8.66206 6.8
      vertex 9.38404 -7.87415 6
      vertex 9.38404 -7.87415 6.8
    endloop
  endfacet
  facet normal 0.73728 -0.675587 0
    outer loop
      vertex 9.38404 -7.87415 6
      vertex 8.66206 -8.66206 6.8
      vertex 8.66206 -8.66206 6
    endloop
  endfacet
  facet normal -0.953706 -0.300741 0
    outer loop
      vertex -11.5112 -4.18975 6
      vertex -11.8326 -3.17053 6.8
      vertex -11.8326 -3.17053 6
    endloop
  endfacet
  facet normal -0.953706 -0.300741 0
    outer loop
      vertex -11.8326 -3.17053 6.8
      vertex -11.5112 -4.18975 6
      vertex -11.5112 -4.18975 6.8
    endloop
  endfacet
  facet normal -0.461777 0.886996 0
    outer loop
      vertex -5.17707 11.1023 6
      vertex -6.125 10.6088 6.8
      vertex -5.17707 11.1023 6.8
    endloop
  endfacet
  facet normal -0.461777 0.886996 0
    outer loop
      vertex -6.125 10.6088 6.8
      vertex -5.17707 11.1023 6
      vertex -6.125 10.6088 6
    endloop
  endfacet
  facet normal 0.461777 0.886996 -0
    outer loop
      vertex 6.125 10.6088 6
      vertex 5.17707 11.1023 6.8
      vertex 6.125 10.6088 6.8
    endloop
  endfacet
  facet normal 0.461777 0.886996 0
    outer loop
      vertex 5.17707 11.1023 6.8
      vertex 6.125 10.6088 6
      vertex 5.17707 11.1023 6
    endloop
  endfacet
  facet normal -0.976297 -0.216437 0
    outer loop
      vertex -11.8326 -3.17053 6
      vertex -12.0639 -2.12719 6.8
      vertex -12.0639 -2.12719 6
    endloop
  endfacet
  facet normal -0.976297 -0.216437 0
    outer loop
      vertex -12.0639 -2.12719 6.8
      vertex -11.8326 -3.17053 6
      vertex -11.8326 -3.17053 6.8
    endloop
  endfacet
  facet normal 0.886996 -0.461777 0
    outer loop
      vertex 10.6088 -6.125 6.8
      vertex 11.1023 -5.17707 6
      vertex 11.1023 -5.17707 6.8
    endloop
  endfacet
  facet normal 0.886996 -0.461777 0
    outer loop
      vertex 11.1023 -5.17707 6
      vertex 10.6088 -6.125 6.8
      vertex 10.6088 -6.125 6
    endloop
  endfacet
  facet normal 0.130536 -0.991444 0
    outer loop
      vertex 1.06766 -12.2034 6
      vertex 2.12719 -12.0639 6.8
      vertex 1.06766 -12.2034 6.8
    endloop
  endfacet
  facet normal 0.130536 -0.991444 0
    outer loop
      vertex 2.12719 -12.0639 6.8
      vertex 1.06766 -12.2034 6
      vertex 2.12719 -12.0639 6
    endloop
  endfacet
  facet normal -0.537301 0.843391 0
    outer loop
      vertex -6.125 10.6088 6
      vertex -7.02631 10.0346 6.8
      vertex -6.125 10.6088 6.8
    endloop
  endfacet
  facet normal -0.537301 0.843391 0
    outer loop
      vertex -7.02631 10.0346 6.8
      vertex -6.125 10.6088 6
      vertex -7.02631 10.0346 6
    endloop
  endfacet
  facet normal 0.953706 0.300741 0
    outer loop
      vertex 11.8326 3.17053 6.8
      vertex 11.5112 4.18975 6
      vertex 11.5112 4.18975 6.8
    endloop
  endfacet
  facet normal 0.953706 0.300741 0
    outer loop
      vertex 11.5112 4.18975 6
      vertex 11.8326 3.17053 6.8
      vertex 11.8326 3.17053 6
    endloop
  endfacet
  facet normal 0.675587 0.73728 -0
    outer loop
      vertex 8.66206 8.66206 6
      vertex 7.87415 9.38404 6.8
      vertex 8.66206 8.66206 6.8
    endloop
  endfacet
  facet normal 0.675587 0.73728 0
    outer loop
      vertex 7.87415 9.38404 6.8
      vertex 8.66206 8.66206 6
      vertex 7.87415 9.38404 6
    endloop
  endfacet
  facet normal -0.73728 -0.675587 0
    outer loop
      vertex -8.66206 -8.66206 6
      vertex -9.38404 -7.87415 6.8
      vertex -9.38404 -7.87415 6
    endloop
  endfacet
  facet normal -0.73728 -0.675587 0
    outer loop
      vertex -9.38404 -7.87415 6.8
      vertex -8.66206 -8.66206 6
      vertex -8.66206 -8.66206 6.8
    endloop
  endfacet
  facet normal 0.0436053 -0.999049 0
    outer loop
      vertex 0 -12.25 6
      vertex 1.06766 -12.2034 6.8
      vertex 0 -12.25 6.8
    endloop
  endfacet
  facet normal 0.0436053 -0.999049 0
    outer loop
      vertex 1.06766 -12.2034 6.8
      vertex 0 -12.25 6
      vertex 1.06766 -12.2034 6
    endloop
  endfacet
  facet normal -0.976297 0.216437 0
    outer loop
      vertex -12.0639 2.12719 6
      vertex -11.8326 3.17053 6.8
      vertex -11.8326 3.17053 6
    endloop
  endfacet
  facet normal -0.976297 0.216437 0
    outer loop
      vertex -11.8326 3.17053 6.8
      vertex -12.0639 2.12719 6
      vertex -12.0639 2.12719 6.8
    endloop
  endfacet
  facet normal -0.382634 0.9239 0
    outer loop
      vertex -4.18975 11.5112 6
      vertex -5.17707 11.1023 6.8
      vertex -4.18975 11.5112 6.8
    endloop
  endfacet
  facet normal -0.382634 0.9239 0
    outer loop
      vertex -5.17707 11.1023 6.8
      vertex -4.18975 11.5112 6
      vertex -5.17707 11.1023 6
    endloop
  endfacet
  facet normal 0.843391 0.537301 0
    outer loop
      vertex 10.6088 6.125 6.8
      vertex 10.0346 7.02631 6
      vertex 10.0346 7.02631 6.8
    endloop
  endfacet
  facet normal 0.843391 0.537301 0
    outer loop
      vertex 10.0346 7.02631 6
      vertex 10.6088 6.125 6.8
      vertex 10.6088 6.125 6
    endloop
  endfacet
  facet normal -0.300741 0.953706 0
    outer loop
      vertex -3.17053 11.8326 6
      vertex -4.18975 11.5112 6.8
      vertex -3.17053 11.8326 6.8
    endloop
  endfacet
  facet normal -0.300741 0.953706 0
    outer loop
      vertex -4.18975 11.5112 6.8
      vertex -3.17053 11.8326 6
      vertex -4.18975 11.5112 6
    endloop
  endfacet
  facet normal -0.608755 0.793358 0
    outer loop
      vertex -7.02631 10.0346 6
      vertex -7.87415 9.38404 6.8
      vertex -7.02631 10.0346 6.8
    endloop
  endfacet
  facet normal -0.608755 0.793358 0
    outer loop
      vertex -7.87415 9.38404 6.8
      vertex -7.02631 10.0346 6
      vertex -7.87415 9.38404 6
    endloop
  endfacet
  facet normal 0.300741 0.953706 -0
    outer loop
      vertex 4.18975 11.5112 6
      vertex 3.17053 11.8326 6.8
      vertex 4.18975 11.5112 6.8
    endloop
  endfacet
  facet normal 0.300741 0.953706 0
    outer loop
      vertex 3.17053 11.8326 6.8
      vertex 4.18975 11.5112 6
      vertex 3.17053 11.8326 6
    endloop
  endfacet
  facet normal 0.461777 -0.886996 0
    outer loop
      vertex 5.17707 -11.1023 6
      vertex 6.125 -10.6088 6.8
      vertex 5.17707 -11.1023 6.8
    endloop
  endfacet
  facet normal 0.461777 -0.886996 0
    outer loop
      vertex 6.125 -10.6088 6.8
      vertex 5.17707 -11.1023 6
      vertex 6.125 -10.6088 6
    endloop
  endfacet
  facet normal -0.0436053 -0.999049 0
    outer loop
      vertex -1.06766 -12.2034 6
      vertex 0 -12.25 6.8
      vertex -1.06766 -12.2034 6.8
    endloop
  endfacet
  facet normal -0.0436053 -0.999049 -0
    outer loop
      vertex 0 -12.25 6.8
      vertex -1.06766 -12.2034 6
      vertex 0 -12.25 6
    endloop
  endfacet
  facet normal -0.537301 -0.843391 0
    outer loop
      vertex -7.02631 -10.0346 6
      vertex -6.125 -10.6088 6.8
      vertex -7.02631 -10.0346 6.8
    endloop
  endfacet
  facet normal -0.537301 -0.843391 -0
    outer loop
      vertex -6.125 -10.6088 6.8
      vertex -7.02631 -10.0346 6
      vertex -6.125 -10.6088 6
    endloop
  endfacet
  facet normal 0.0436053 0.999049 -0
    outer loop
      vertex 1.06766 12.2034 6
      vertex 0 12.25 6.8
      vertex 1.06766 12.2034 6.8
    endloop
  endfacet
  facet normal 0.0436053 0.999049 0
    outer loop
      vertex 0 12.25 6.8
      vertex 1.06766 12.2034 6
      vertex 0 12.25 6
    endloop
  endfacet
  facet normal 0.976297 -0.216437 0
    outer loop
      vertex 11.8326 -3.17053 6.8
      vertex 12.0639 -2.12719 6
      vertex 12.0639 -2.12719 6.8
    endloop
  endfacet
  facet normal 0.976297 -0.216437 0
    outer loop
      vertex 12.0639 -2.12719 6
      vertex 11.8326 -3.17053 6.8
      vertex 11.8326 -3.17053 6
    endloop
  endfacet
  facet normal 0.953706 -0.300741 0
    outer loop
      vertex 11.5112 -4.18975 6.8
      vertex 11.8326 -3.17053 6
      vertex 11.8326 -3.17053 6.8
    endloop
  endfacet
  facet normal 0.953706 -0.300741 0
    outer loop
      vertex 11.8326 -3.17053 6
      vertex 11.5112 -4.18975 6.8
      vertex 11.5112 -4.18975 6
    endloop
  endfacet
  facet normal 0.843391 -0.537301 0
    outer loop
      vertex 10.0346 -7.02631 6.8
      vertex 10.6088 -6.125 6
      vertex 10.6088 -6.125 6.8
    endloop
  endfacet
  facet normal 0.843391 -0.537301 0
    outer loop
      vertex 10.6088 -6.125 6
      vertex 10.0346 -7.02631 6.8
      vertex 10.0346 -7.02631 6
    endloop
  endfacet
  facet normal 0.537301 0.843391 -0
    outer loop
      vertex 7.02631 10.0346 6
      vertex 6.125 10.6088 6.8
      vertex 7.02631 10.0346 6.8
    endloop
  endfacet
  facet normal 0.537301 0.843391 0
    outer loop
      vertex 6.125 10.6088 6.8
      vertex 7.02631 10.0346 6
      vertex 6.125 10.6088 6
    endloop
  endfacet
  facet normal 0.9239 -0.382634 0
    outer loop
      vertex 11.1023 -5.17707 6.8
      vertex 11.5112 -4.18975 6
      vertex 11.5112 -4.18975 6.8
    endloop
  endfacet
  facet normal 0.9239 -0.382634 0
    outer loop
      vertex 11.5112 -4.18975 6
      vertex 11.1023 -5.17707 6.8
      vertex 11.1023 -5.17707 6
    endloop
  endfacet
  facet normal -0.9239 -0.382634 0
    outer loop
      vertex -11.1023 -5.17707 6
      vertex -11.5112 -4.18975 6.8
      vertex -11.5112 -4.18975 6
    endloop
  endfacet
  facet normal -0.9239 -0.382634 0
    outer loop
      vertex -11.5112 -4.18975 6.8
      vertex -11.1023 -5.17707 6
      vertex -11.1023 -5.17707 6.8
    endloop
  endfacet
  facet normal 0.991444 -0.130536 0
    outer loop
      vertex 12.0639 -2.12719 6.8
      vertex 12.2034 -1.06766 6
      vertex 12.2034 -1.06766 6.8
    endloop
  endfacet
  facet normal 0.991444 -0.130536 0
    outer loop
      vertex 12.2034 -1.06766 6
      vertex 12.0639 -2.12719 6.8
      vertex 12.0639 -2.12719 6
    endloop
  endfacet
  facet normal 0.9239 0.382634 0
    outer loop
      vertex 11.5112 4.18975 6.8
      vertex 11.1023 5.17707 6
      vertex 11.1023 5.17707 6.8
    endloop
  endfacet
  facet normal 0.9239 0.382634 0
    outer loop
      vertex 11.1023 5.17707 6
      vertex 11.5112 4.18975 6.8
      vertex 11.5112 4.18975 6
    endloop
  endfacet
  facet normal -0.953706 0.300741 0
    outer loop
      vertex -11.8326 3.17053 6
      vertex -11.5112 4.18975 6.8
      vertex -11.5112 4.18975 6
    endloop
  endfacet
  facet normal -0.953706 0.300741 0
    outer loop
      vertex -11.5112 4.18975 6.8
      vertex -11.8326 3.17053 6
      vertex -11.8326 3.17053 6.8
    endloop
  endfacet
  facet normal -0.886996 -0.461777 0
    outer loop
      vertex -10.6088 -6.125 6
      vertex -11.1023 -5.17707 6.8
      vertex -11.1023 -5.17707 6
    endloop
  endfacet
  facet normal -0.886996 -0.461777 0
    outer loop
      vertex -11.1023 -5.17707 6.8
      vertex -10.6088 -6.125 6
      vertex -10.6088 -6.125 6.8
    endloop
  endfacet
  facet normal 0.886996 0.461777 0
    outer loop
      vertex 11.1023 5.17707 6.8
      vertex 10.6088 6.125 6
      vertex 10.6088 6.125 6.8
    endloop
  endfacet
  facet normal 0.886996 0.461777 0
    outer loop
      vertex 10.6088 6.125 6
      vertex 11.1023 5.17707 6.8
      vertex 11.1023 5.17707 6
    endloop
  endfacet
  facet normal -0.793358 0.608755 0
    outer loop
      vertex -10.0346 7.02631 6
      vertex -9.38404 7.87415 6.8
      vertex -9.38404 7.87415 6
    endloop
  endfacet
  facet normal -0.793358 0.608755 0
    outer loop
      vertex -9.38404 7.87415 6.8
      vertex -10.0346 7.02631 6
      vertex -10.0346 7.02631 6.8
    endloop
  endfacet
  facet normal 0.300741 -0.953706 0
    outer loop
      vertex 3.17053 -11.8326 6
      vertex 4.18975 -11.5112 6.8
      vertex 3.17053 -11.8326 6.8
    endloop
  endfacet
  facet normal 0.300741 -0.953706 0
    outer loop
      vertex 4.18975 -11.5112 6.8
      vertex 3.17053 -11.8326 6
      vertex 4.18975 -11.5112 6
    endloop
  endfacet
  facet normal -0.991444 0.130536 0
    outer loop
      vertex -12.2034 1.06766 6
      vertex -12.0639 2.12719 6.8
      vertex -12.0639 2.12719 6
    endloop
  endfacet
  facet normal -0.991444 0.130536 0
    outer loop
      vertex -12.0639 2.12719 6.8
      vertex -12.2034 1.06766 6
      vertex -12.2034 1.06766 6.8
    endloop
  endfacet
  facet normal -0.793358 -0.608755 0
    outer loop
      vertex -9.38404 -7.87415 6
      vertex -10.0346 -7.02631 6.8
      vertex -10.0346 -7.02631 6
    endloop
  endfacet
  facet normal -0.793358 -0.608755 0
    outer loop
      vertex -10.0346 -7.02631 6.8
      vertex -9.38404 -7.87415 6
      vertex -9.38404 -7.87415 6.8
    endloop
  endfacet
  facet normal -0.216437 0.976297 0
    outer loop
      vertex -2.12719 12.0639 6
      vertex -3.17053 11.8326 6.8
      vertex -2.12719 12.0639 6.8
    endloop
  endfacet
  facet normal -0.216437 0.976297 0
    outer loop
      vertex -3.17053 11.8326 6.8
      vertex -2.12719 12.0639 6
      vertex -3.17053 11.8326 6
    endloop
  endfacet
  facet normal 0.73728 0.675587 0
    outer loop
      vertex 9.38404 7.87415 6.8
      vertex 8.66206 8.66206 6
      vertex 8.66206 8.66206 6.8
    endloop
  endfacet
  facet normal 0.73728 0.675587 0
    outer loop
      vertex 8.66206 8.66206 6
      vertex 9.38404 7.87415 6.8
      vertex 9.38404 7.87415 6
    endloop
  endfacet
  facet normal -0.608755 -0.793358 0
    outer loop
      vertex -7.87415 -9.38404 6
      vertex -7.02631 -10.0346 6.8
      vertex -7.87415 -9.38404 6.8
    endloop
  endfacet
  facet normal -0.608755 -0.793358 -0
    outer loop
      vertex -7.02631 -10.0346 6.8
      vertex -7.87415 -9.38404 6
      vertex -7.02631 -10.0346 6
    endloop
  endfacet
  facet normal -0.461777 -0.886996 0
    outer loop
      vertex -6.125 -10.6088 6
      vertex -5.17707 -11.1023 6.8
      vertex -6.125 -10.6088 6.8
    endloop
  endfacet
  facet normal -0.461777 -0.886996 -0
    outer loop
      vertex -5.17707 -11.1023 6.8
      vertex -6.125 -10.6088 6
      vertex -5.17707 -11.1023 6
    endloop
  endfacet
  facet normal 0.382634 -0.9239 0
    outer loop
      vertex 4.18975 -11.5112 6
      vertex 5.17707 -11.1023 6.8
      vertex 4.18975 -11.5112 6.8
    endloop
  endfacet
  facet normal 0.382634 -0.9239 0
    outer loop
      vertex 5.17707 -11.1023 6.8
      vertex 4.18975 -11.5112 6
      vertex 5.17707 -11.1023 6
    endloop
  endfacet
  facet normal -0.130536 -0.991444 0
    outer loop
      vertex -2.12719 -12.0639 6
      vertex -1.06766 -12.2034 6.8
      vertex -2.12719 -12.0639 6.8
    endloop
  endfacet
  facet normal -0.130536 -0.991444 -0
    outer loop
      vertex -1.06766 -12.2034 6.8
      vertex -2.12719 -12.0639 6
      vertex -1.06766 -12.2034 6
    endloop
  endfacet
  facet normal -0.9239 0.382634 0
    outer loop
      vertex -11.5112 4.18975 6
      vertex -11.1023 5.17707 6.8
      vertex -11.1023 5.17707 6
    endloop
  endfacet
  facet normal -0.9239 0.382634 0
    outer loop
      vertex -11.1023 5.17707 6.8
      vertex -11.5112 4.18975 6
      vertex -11.5112 4.18975 6.8
    endloop
  endfacet
  facet normal -0.675587 -0.73728 0
    outer loop
      vertex -8.66206 -8.66206 6
      vertex -7.87415 -9.38404 6.8
      vertex -8.66206 -8.66206 6.8
    endloop
  endfacet
  facet normal -0.675587 -0.73728 -0
    outer loop
      vertex -7.87415 -9.38404 6.8
      vertex -8.66206 -8.66206 6
      vertex -7.87415 -9.38404 6
    endloop
  endfacet
  facet normal 0.793358 0.608755 0
    outer loop
      vertex 10.0346 7.02631 6.8
      vertex 9.38404 7.87415 6
      vertex 9.38404 7.87415 6.8
    endloop
  endfacet
  facet normal 0.793358 0.608755 0
    outer loop
      vertex 9.38404 7.87415 6
      vertex 10.0346 7.02631 6.8
      vertex 10.0346 7.02631 6
    endloop
  endfacet
  facet normal -0.130536 0.991444 0
    outer loop
      vertex -1.06766 12.2034 6
      vertex -2.12719 12.0639 6.8
      vertex -1.06766 12.2034 6.8
    endloop
  endfacet
  facet normal -0.130536 0.991444 0
    outer loop
      vertex -2.12719 12.0639 6.8
      vertex -1.06766 12.2034 6
      vertex -2.12719 12.0639 6
    endloop
  endfacet
  facet normal -0.843391 -0.537301 0
    outer loop
      vertex -10.0346 -7.02631 6
      vertex -10.6088 -6.125 6.8
      vertex -10.6088 -6.125 6
    endloop
  endfacet
  facet normal -0.843391 -0.537301 0
    outer loop
      vertex -10.6088 -6.125 6.8
      vertex -10.0346 -7.02631 6
      vertex -10.0346 -7.02631 6.8
    endloop
  endfacet
  facet normal -0.999049 -0.0436053 0
    outer loop
      vertex -12.2034 -1.06766 6
      vertex -12.25 0 6.8
      vertex -12.25 0 6
    endloop
  endfacet
  facet normal -0.999049 -0.0436053 0
    outer loop
      vertex -12.25 0 6.8
      vertex -12.2034 -1.06766 6
      vertex -12.2034 -1.06766 6.8
    endloop
  endfacet
  facet normal -0.999049 0.0436053 0
    outer loop
      vertex -12.25 0 6
      vertex -12.2034 1.06766 6.8
      vertex -12.2034 1.06766 6
    endloop
  endfacet
  facet normal -0.999049 0.0436053 0
    outer loop
      vertex -12.2034 1.06766 6.8
      vertex -12.25 0 6
      vertex -12.25 0 6.8
    endloop
  endfacet
  facet normal -0.382634 -0.9239 0
    outer loop
      vertex -5.17707 -11.1023 6
      vertex -4.18975 -11.5112 6.8
      vertex -5.17707 -11.1023 6.8
    endloop
  endfacet
  facet normal -0.382634 -0.9239 -0
    outer loop
      vertex -4.18975 -11.5112 6.8
      vertex -5.17707 -11.1023 6
      vertex -4.18975 -11.5112 6
    endloop
  endfacet
  facet normal -0.300741 -0.953706 0
    outer loop
      vertex -4.18975 -11.5112 6
      vertex -3.17053 -11.8326 6.8
      vertex -4.18975 -11.5112 6.8
    endloop
  endfacet
  facet normal -0.300741 -0.953706 -0
    outer loop
      vertex -3.17053 -11.8326 6.8
      vertex -4.18975 -11.5112 6
      vertex -3.17053 -11.8326 6
    endloop
  endfacet
  facet normal 0.382634 0.9239 -0
    outer loop
      vertex 5.17707 11.1023 6
      vertex 4.18975 11.5112 6.8
      vertex 5.17707 11.1023 6.8
    endloop
  endfacet
  facet normal 0.382634 0.9239 0
    outer loop
      vertex 4.18975 11.5112 6.8
      vertex 5.17707 11.1023 6
      vertex 4.18975 11.5112 6
    endloop
  endfacet
  facet normal 0.675587 -0.73728 0
    outer loop
      vertex 7.87415 -9.38404 6
      vertex 8.66206 -8.66206 6.8
      vertex 7.87415 -9.38404 6.8
    endloop
  endfacet
  facet normal 0.675587 -0.73728 0
    outer loop
      vertex 8.66206 -8.66206 6.8
      vertex 7.87415 -9.38404 6
      vertex 8.66206 -8.66206 6
    endloop
  endfacet
  facet normal 0.608755 -0.793358 0
    outer loop
      vertex 7.02631 -10.0346 6
      vertex 7.87415 -9.38404 6.8
      vertex 7.02631 -10.0346 6.8
    endloop
  endfacet
  facet normal 0.608755 -0.793358 0
    outer loop
      vertex 7.87415 -9.38404 6.8
      vertex 7.02631 -10.0346 6
      vertex 7.87415 -9.38404 6
    endloop
  endfacet
  facet normal 0.130536 0.991444 -0
    outer loop
      vertex 2.12719 12.0639 6
      vertex 1.06766 12.2034 6.8
      vertex 2.12719 12.0639 6.8
    endloop
  endfacet
  facet normal 0.130536 0.991444 0
    outer loop
      vertex 1.06766 12.2034 6.8
      vertex 2.12719 12.0639 6
      vertex 1.06766 12.2034 6
    endloop
  endfacet
  facet normal -0.886996 0.461777 0
    outer loop
      vertex -11.1023 5.17707 6
      vertex -10.6088 6.125 6.8
      vertex -10.6088 6.125 6
    endloop
  endfacet
  facet normal -0.886996 0.461777 0
    outer loop
      vertex -10.6088 6.125 6.8
      vertex -11.1023 5.17707 6
      vertex -11.1023 5.17707 6.8
    endloop
  endfacet
  facet normal 0 0.991442 0.130549
    outer loop
      vertex -4 -2.60974 12.5398
      vertex -12.4619 -2.63992 12.769
      vertex -4 -2.63992 12.769
    endloop
  endfacet
  facet normal 0 0.991442 0.130549
    outer loop
      vertex -12.4619 -2.63992 12.769
      vertex -4 -2.60974 12.5398
      vertex -12.4686 -2.60974 12.5398
    endloop
  endfacet
  facet normal -0 0.991442 0.130549
    outer loop
      vertex 4 -2.60974 12.5398
      vertex 12.4619 -2.63992 12.769
      vertex 12.4686 -2.60974 12.5398
    endloop
  endfacet
  facet normal 0 0.991442 0.130549
    outer loop
      vertex 12.4619 -2.63992 12.769
      vertex 4 -2.60974 12.5398
      vertex 4 -2.63992 12.769
    endloop
  endfacet
  facet normal 0 0.887043 -0.461686
    outer loop
      vertex -12.5147 -2.40172 14.1199
      vertex -4 -2.29497 14.325
      vertex -4 -2.40172 14.1199
    endloop
  endfacet
  facet normal 0 0.887043 -0.461686
    outer loop
      vertex -4 -2.29497 14.325
      vertex -12.5147 -2.40172 14.1199
      vertex -12.5384 -2.29497 14.325
    endloop
  endfacet
  facet normal 0 0.887043 -0.461686
    outer loop
      vertex 12.5147 -2.40172 14.1199
      vertex 4 -2.29497 14.325
      vertex 12.5384 -2.29497 14.325
    endloop
  endfacet
  facet normal 0 0.887043 -0.461686
    outer loop
      vertex 4 -2.29497 14.325
      vertex 12.5147 -2.40172 14.1199
      vertex 4 -2.40172 14.1199
    endloop
  endfacet
  facet normal 0 0.999049 0.0435949
    outer loop
      vertex -4 -2.63992 12.769
      vertex -12.4596 -2.65 13
      vertex -4 -2.65 13
    endloop
  endfacet
  facet normal 0 0.999049 0.0435949
    outer loop
      vertex -12.4596 -2.65 13
      vertex -4 -2.63992 12.769
      vertex -12.4619 -2.63992 12.769
    endloop
  endfacet
  facet normal 0 0.999049 0.0435949
    outer loop
      vertex 12.4619 -2.63992 12.769
      vertex 4 -2.65 13
      vertex 12.4596 -2.65 13
    endloop
  endfacet
  facet normal 0 0.999049 0.0435949
    outer loop
      vertex 4 -2.65 13
      vertex 12.4619 -2.63992 12.769
      vertex 4 -2.63992 12.769
    endloop
  endfacet
  facet normal 0 0.709004 -0.705205
    outer loop
      vertex -4 -0.00499916 16.7527
      vertex -12.7015 -1.11124 15.6405
      vertex -12.7498 -0.00499916 16.7527
    endloop
  endfacet
  facet normal -9.77485e-08 0.709004 -0.705204
    outer loop
      vertex -4 -1.87383 14.8738
      vertex -12.7015 -1.11124 15.6405
      vertex -4 -0.00499916 16.7527
    endloop
  endfacet
  facet normal 0 0.709005 -0.705204
    outer loop
      vertex -12.7015 -1.11124 15.6405
      vertex -4 -1.87383 14.8738
      vertex -12.6011 -1.87383 14.8738
    endloop
  endfacet
  facet normal 0 0.709004 -0.705205
    outer loop
      vertex 12.7015 -1.11124 15.6405
      vertex 4 -0.00499916 16.7527
      vertex 12.7498 -0.00499916 16.7527
    endloop
  endfacet
  facet normal 2.35602e-07 0.709005 -0.705204
    outer loop
      vertex 12.6011 -1.87383 14.8738
      vertex 4 -0.00499916 16.7527
      vertex 12.7015 -1.11124 15.6405
    endloop
  endfacet
  facet normal 0 0.709004 -0.705204
    outer loop
      vertex 4 -0.00499916 16.7527
      vertex 12.6011 -1.87383 14.8738
      vertex 4 -1.87383 14.8738
    endloop
  endfacet
  facet normal 0 -0.737176 -0.675701
    outer loop
      vertex -12.5805 2.03002 14.7034
      vertex -4 1.87383 14.8738
      vertex -12.6011 1.87383 14.8738
    endloop
  endfacet
  facet normal 0 -0.737176 -0.675701
    outer loop
      vertex -4 1.87383 14.8738
      vertex -12.5805 2.03002 14.7034
      vertex -4 2.03002 14.7034
    endloop
  endfacet
  facet normal -0 -0.737176 -0.675701
    outer loop
      vertex 12.5805 2.03002 14.7034
      vertex 4 1.87383 14.8738
      vertex 4 2.03002 14.7034
    endloop
  endfacet
  facet normal 0 -0.737176 -0.675701
    outer loop
      vertex 4 1.87383 14.8738
      vertex 12.5805 2.03002 14.7034
      vertex 12.6011 1.87383 14.8738
    endloop
  endfacet
  facet normal 0 0.737176 0.675701
    outer loop
      vertex -4 -1.87383 11.1262
      vertex -12.5805 -2.03002 11.2966
      vertex -4 -2.03002 11.2966
    endloop
  endfacet
  facet normal 0 0.737176 0.675701
    outer loop
      vertex -12.5805 -2.03002 11.2966
      vertex -4 -1.87383 11.1262
      vertex -12.6011 -1.87383 11.1262
    endloop
  endfacet
  facet normal -0 0.737176 0.675701
    outer loop
      vertex 4 -1.87383 11.1262
      vertex 12.5805 -2.03002 11.2966
      vertex 12.6011 -1.87383 11.1262
    endloop
  endfacet
  facet normal 0 0.737176 0.675701
    outer loop
      vertex 12.5805 -2.03002 11.2966
      vertex 4 -1.87383 11.1262
      vertex 4 -2.03002 11.2966
    endloop
  endfacet
  facet normal 0 -0.0436884 0.999045
    outer loop
      vertex -12.7399 0.230962 10.3601
      vertex -4 0 10.35
      vertex -4 0.230962 10.3601
    endloop
  endfacet
  facet normal 0 -0.0436884 0.999045
    outer loop
      vertex -4 0 10.35
      vertex -12.7399 0.230962 10.3601
      vertex -12.75 0 10.35
    endloop
  endfacet
  facet normal 0 -0.0436884 0.999045
    outer loop
      vertex 4 0 10.35
      vertex 12.7399 0.230962 10.3601
      vertex 4 0.230962 10.3601
    endloop
  endfacet
  facet normal 0 -0.0436884 0.999045
    outer loop
      vertex 12.7399 0.230962 10.3601
      vertex 4 0 10.35
      vertex 12.75 0 10.35
    endloop
  endfacet
  facet normal 0 -0.793349 0.608768
    outer loop
      vertex -4 2.03002 11.2966
      vertex -12.562 2.17075 11.48
      vertex -12.5805 2.03002 11.2966
    endloop
  endfacet
  facet normal 0 -0.793349 0.608768
    outer loop
      vertex -12.562 2.17075 11.48
      vertex -4 2.03002 11.2966
      vertex -4 2.17075 11.48
    endloop
  endfacet
  facet normal 0 -0.793349 0.608768
    outer loop
      vertex 4 2.03002 11.2966
      vertex 12.562 2.17075 11.48
      vertex 4 2.17075 11.48
    endloop
  endfacet
  facet normal 0 -0.793349 0.608768
    outer loop
      vertex 12.562 2.17075 11.48
      vertex 4 2.03002 11.2966
      vertex 12.5805 2.03002 11.2966
    endloop
  endfacet
  facet normal -0.00199599 -0.843297 -0.537444
    outer loop
      vertex -12.5384 2.29497 14.325
      vertex -12.562 2.17075 14.52
      vertex -12.5563 2.21401 14.4521
    endloop
  endfacet
  facet normal 0 -0.843408 -0.537273
    outer loop
      vertex -12.562 2.17075 14.52
      vertex -12.5384 2.29497 14.325
      vertex -4 2.17075 14.52
    endloop
  endfacet
  facet normal 0 -0.843408 -0.537273
    outer loop
      vertex -4 2.17075 14.52
      vertex -12.5384 2.29497 14.325
      vertex -4 2.29497 14.325
    endloop
  endfacet
  facet normal 0 -0.843408 -0.537273
    outer loop
      vertex 12.5384 2.29497 14.325
      vertex 12.562 2.17075 14.52
      vertex 4 2.17075 14.52
    endloop
  endfacet
  facet normal -0 -0.843408 -0.537273
    outer loop
      vertex 12.5384 2.29497 14.325
      vertex 4 2.17075 14.52
      vertex 4 2.29497 14.325
    endloop
  endfacet
  facet normal 0.00199599 -0.843297 -0.537444
    outer loop
      vertex 12.562 2.17075 14.52
      vertex 12.5384 2.29497 14.325
      vertex 12.5563 2.21401 14.4521
    endloop
  endfacet
  facet normal 0 -0.793349 -0.608768
    outer loop
      vertex -12.562 2.17075 14.52
      vertex -4 2.03002 14.7034
      vertex -12.5805 2.03002 14.7034
    endloop
  endfacet
  facet normal 0 -0.793349 -0.608768
    outer loop
      vertex -4 2.03002 14.7034
      vertex -12.562 2.17075 14.52
      vertex -4 2.17075 14.52
    endloop
  endfacet
  facet normal -0 -0.793349 -0.608768
    outer loop
      vertex 12.562 2.17075 14.52
      vertex 4 2.03002 14.7034
      vertex 4 2.17075 14.52
    endloop
  endfacet
  facet normal 0 -0.793349 -0.608768
    outer loop
      vertex 4 2.03002 14.7034
      vertex 12.562 2.17075 14.52
      vertex 12.5805 2.03002 14.7034
    endloop
  endfacet
  facet normal 0 -0.923841 -0.382777
    outer loop
      vertex -12.4951 2.49018 13.9064
      vertex -4 2.40172 14.1199
      vertex -12.5147 2.40172 14.1199
    endloop
  endfacet
  facet normal 0 -0.923841 -0.382777
    outer loop
      vertex -4 2.40172 14.1199
      vertex -12.4951 2.49018 13.9064
      vertex -4 2.49018 13.9064
    endloop
  endfacet
  facet normal -0 -0.923841 -0.382777
    outer loop
      vertex 12.4951 2.49018 13.9064
      vertex 4 2.40172 14.1199
      vertex 4 2.49018 13.9064
    endloop
  endfacet
  facet normal 0 -0.923841 -0.382777
    outer loop
      vertex 4 2.40172 14.1199
      vertex 12.4951 2.49018 13.9064
      vertex 12.5147 2.40172 14.1199
    endloop
  endfacet
  facet normal 0 -0.976293 -0.216454
    outer loop
      vertex -12.4686 2.60974 13.4602
      vertex -4 2.5597 13.6859
      vertex -12.4797 2.5597 13.6859
    endloop
  endfacet
  facet normal 0 -0.976293 -0.216454
    outer loop
      vertex -4 2.5597 13.6859
      vertex -12.4686 2.60974 13.4602
      vertex -4 2.60974 13.4602
    endloop
  endfacet
  facet normal -0 -0.976293 -0.216454
    outer loop
      vertex 12.4686 2.60974 13.4602
      vertex 4 2.5597 13.6859
      vertex 4 2.60974 13.4602
    endloop
  endfacet
  facet normal 0 -0.976293 -0.216454
    outer loop
      vertex 4 2.5597 13.6859
      vertex 12.4686 2.60974 13.4602
      vertex 12.4797 2.5597 13.6859
    endloop
  endfacet
  facet normal 0 -0.953721 0.300692
    outer loop
      vertex -4 2.49018 12.0936
      vertex -12.4797 2.5597 12.3141
      vertex -12.4951 2.49018 12.0936
    endloop
  endfacet
  facet normal 0 -0.953721 0.300692
    outer loop
      vertex -12.4797 2.5597 12.3141
      vertex -4 2.49018 12.0936
      vertex -4 2.5597 12.3141
    endloop
  endfacet
  facet normal 0 -0.953721 0.300692
    outer loop
      vertex 4 2.49018 12.0936
      vertex 12.4797 2.5597 12.3141
      vertex 4 2.5597 12.3141
    endloop
  endfacet
  facet normal 0 -0.953721 0.300692
    outer loop
      vertex 12.4797 2.5597 12.3141
      vertex 4 2.49018 12.0936
      vertex 12.4951 2.49018 12.0936
    endloop
  endfacet
  facet normal 0 0.537251 0.843423
    outer loop
      vertex -4 -1.325 10.705
      vertex -12.6477 -1.51998 10.8292
      vertex -4 -1.51998 10.8292
    endloop
  endfacet
  facet normal 0 0.537251 0.843423
    outer loop
      vertex -12.6477 -1.51998 10.8292
      vertex -4 -1.325 10.705
      vertex -12.6733 -1.325 10.705
    endloop
  endfacet
  facet normal -0 0.537251 0.843423
    outer loop
      vertex 4 -1.325 10.705
      vertex 12.6477 -1.51998 10.8292
      vertex 12.6733 -1.325 10.705
    endloop
  endfacet
  facet normal 0 0.537251 0.843423
    outer loop
      vertex 12.6477 -1.51998 10.8292
      vertex 4 -1.325 10.705
      vertex 4 -1.51998 10.8292
    endloop
  endfacet
  facet normal 0 -0.130631 0.991431
    outer loop
      vertex -12.7299 0.460167 10.3903
      vertex -4 0.230962 10.3601
      vertex -4 0.460167 10.3903
    endloop
  endfacet
  facet normal 0 -0.130631 0.991431
    outer loop
      vertex -4 0.230962 10.3601
      vertex -12.7299 0.460167 10.3903
      vertex -12.7399 0.230962 10.3601
    endloop
  endfacet
  facet normal 0 -0.130631 0.991431
    outer loop
      vertex 4 0.230962 10.3601
      vertex 12.7299 0.460167 10.3903
      vertex 4 0.460167 10.3903
    endloop
  endfacet
  facet normal 0 -0.130631 0.991431
    outer loop
      vertex 12.7299 0.460167 10.3903
      vertex 4 0.230962 10.3601
      vertex 12.7399 0.230962 10.3601
    endloop
  endfacet
  facet normal 0 -0.300635 0.953739
    outer loop
      vertex -12.7104 0.906353 10.5098
      vertex -4 0.68587 10.4403
      vertex -4 0.906353 10.5098
    endloop
  endfacet
  facet normal 0 -0.300635 0.953739
    outer loop
      vertex -4 0.68587 10.4403
      vertex -12.7104 0.906353 10.5098
      vertex -12.7201 0.68587 10.4403
    endloop
  endfacet
  facet normal 0 -0.300635 0.953739
    outer loop
      vertex 4 0.68587 10.4403
      vertex 12.7104 0.906353 10.5098
      vertex 4 0.906353 10.5098
    endloop
  endfacet
  facet normal 0 -0.300635 0.953739
    outer loop
      vertex 12.7104 0.906353 10.5098
      vertex 4 0.68587 10.4403
      vertex 12.7201 0.68587 10.4403
    endloop
  endfacet
  facet normal 0 -0.709004 -0.705205
    outer loop
      vertex -12.7015 1.11124 15.6405
      vertex -4 0.00499916 16.7527
      vertex -12.7498 0.00499916 16.7527
    endloop
  endfacet
  facet normal -2.35602e-07 -0.709005 -0.705204
    outer loop
      vertex -12.6011 1.87383 14.8738
      vertex -4 0.00499916 16.7527
      vertex -12.7015 1.11124 15.6405
    endloop
  endfacet
  facet normal 0 -0.709004 -0.705204
    outer loop
      vertex -4 0.00499916 16.7527
      vertex -12.6011 1.87383 14.8738
      vertex -4 1.87383 14.8738
    endloop
  endfacet
  facet normal 0 -0.709004 -0.705205
    outer loop
      vertex 4 0.00499916 16.7527
      vertex 12.7015 1.11124 15.6405
      vertex 12.7498 0.00499916 16.7527
    endloop
  endfacet
  facet normal 9.77485e-08 -0.709004 -0.705204
    outer loop
      vertex 4 1.87383 14.8738
      vertex 12.7015 1.11124 15.6405
      vertex 4 0.00499916 16.7527
    endloop
  endfacet
  facet normal 0 -0.709005 -0.705204
    outer loop
      vertex 12.7015 1.11124 15.6405
      vertex 4 1.87383 14.8738
      vertex 12.6011 1.87383 14.8738
    endloop
  endfacet
  facet normal 0 0.976293 -0.216454
    outer loop
      vertex -12.4686 -2.60974 13.4602
      vertex -4 -2.5597 13.6859
      vertex -4 -2.60974 13.4602
    endloop
  endfacet
  facet normal 0 0.976293 -0.216454
    outer loop
      vertex -4 -2.5597 13.6859
      vertex -12.4686 -2.60974 13.4602
      vertex -12.4797 -2.5597 13.6859
    endloop
  endfacet
  facet normal 0 0.976293 -0.216454
    outer loop
      vertex 12.4686 -2.60974 13.4602
      vertex 4 -2.5597 13.6859
      vertex 12.4797 -2.5597 13.6859
    endloop
  endfacet
  facet normal 0 0.976293 -0.216454
    outer loop
      vertex 4 -2.5597 13.6859
      vertex 12.4686 -2.60974 13.4602
      vertex 4 -2.60974 13.4602
    endloop
  endfacet
  facet normal 0 -0.953721 -0.300692
    outer loop
      vertex -12.4797 2.5597 13.6859
      vertex -4 2.49018 13.9064
      vertex -12.4951 2.49018 13.9064
    endloop
  endfacet
  facet normal 0 -0.953721 -0.300692
    outer loop
      vertex -4 2.49018 13.9064
      vertex -12.4797 2.5597 13.6859
      vertex -4 2.5597 13.6859
    endloop
  endfacet
  facet normal -0 -0.953721 -0.300692
    outer loop
      vertex 12.4797 2.5597 13.6859
      vertex 4 2.49018 13.9064
      vertex 4 2.5597 13.6859
    endloop
  endfacet
  facet normal 0 -0.953721 -0.300692
    outer loop
      vertex 4 2.49018 13.9064
      vertex 12.4797 2.5597 13.6859
      vertex 12.4951 2.49018 13.9064
    endloop
  endfacet
  facet normal 0 -0.991442 -0.130549
    outer loop
      vertex -12.4619 2.63992 13.231
      vertex -4 2.60974 13.4602
      vertex -12.4686 2.60974 13.4602
    endloop
  endfacet
  facet normal 0 -0.991442 -0.130549
    outer loop
      vertex -4 2.60974 13.4602
      vertex -12.4619 2.63992 13.231
      vertex -4 2.63992 13.231
    endloop
  endfacet
  facet normal -0 -0.991442 -0.130549
    outer loop
      vertex 12.4619 2.63992 13.231
      vertex 4 2.60974 13.4602
      vertex 4 2.63992 13.231
    endloop
  endfacet
  facet normal 0 -0.991442 -0.130549
    outer loop
      vertex 4 2.60974 13.4602
      vertex 12.4619 2.63992 13.231
      vertex 12.4686 2.60974 13.4602
    endloop
  endfacet
  facet normal 0 0 -1
    outer loop
      vertex -12.7498 -0.00499916 16.7527
      vertex -4 0.00499916 16.7527
      vertex -4 -0.00499916 16.7527
    endloop
  endfacet
  facet normal 0 0 -1
    outer loop
      vertex -12.7498 -0.00499916 16.7527
      vertex -12.7498 0.00499916 16.7527
      vertex -4 0.00499916 16.7527
    endloop
  endfacet
  facet normal 0 -0 -1
    outer loop
      vertex -12.7498 0.00499916 16.7527
      vertex -12.7498 -0.00499916 16.7527
      vertex -12.75 0 16.7527
    endloop
  endfacet
  facet normal 0 0 -1
    outer loop
      vertex 12.7498 -0.00499916 16.7527
      vertex 12.7498 0.00499916 16.7527
      vertex 12.75 0 16.7527
    endloop
  endfacet
  facet normal 0 0 -1
    outer loop
      vertex 4 -0.00499916 16.7527
      vertex 12.7498 0.00499916 16.7527
      vertex 12.7498 -0.00499916 16.7527
    endloop
  endfacet
  facet normal -0 0 -1
    outer loop
      vertex 12.7498 0.00499916 16.7527
      vertex 4 -0.00499916 16.7527
      vertex 4 0.00499916 16.7527
    endloop
  endfacet
  facet normal 0 0.887043 0.461686
    outer loop
      vertex -4 -2.29497 11.675
      vertex -12.5147 -2.40172 11.8801
      vertex -4 -2.40172 11.8801
    endloop
  endfacet
  facet normal 0 0.887043 0.461686
    outer loop
      vertex -12.5147 -2.40172 11.8801
      vertex -4 -2.29497 11.675
      vertex -12.5384 -2.29497 11.675
    endloop
  endfacet
  facet normal -0 0.887043 0.461686
    outer loop
      vertex 4 -2.29497 11.675
      vertex 12.5147 -2.40172 11.8801
      vertex 12.5384 -2.29497 11.675
    endloop
  endfacet
  facet normal 0 0.887043 0.461686
    outer loop
      vertex 12.5147 -2.40172 11.8801
      vertex 4 -2.29497 11.675
      vertex 4 -2.40172 11.8801
    endloop
  endfacet
  facet normal 0 0.737176 -0.675701
    outer loop
      vertex -12.5805 -2.03002 14.7034
      vertex -4 -1.87383 14.8738
      vertex -4 -2.03002 14.7034
    endloop
  endfacet
  facet normal 0 0.737176 -0.675701
    outer loop
      vertex -4 -1.87383 14.8738
      vertex -12.5805 -2.03002 14.7034
      vertex -12.6011 -1.87383 14.8738
    endloop
  endfacet
  facet normal 0 0.737176 -0.675701
    outer loop
      vertex 12.5805 -2.03002 14.7034
      vertex 4 -1.87383 14.8738
      vertex 12.6011 -1.87383 14.8738
    endloop
  endfacet
  facet normal 0 0.737176 -0.675701
    outer loop
      vertex 4 -1.87383 14.8738
      vertex 12.5805 -2.03002 14.7034
      vertex 4 -2.03002 14.7034
    endloop
  endfacet
  facet normal -0.00199599 -0.843297 0.537444
    outer loop
      vertex -12.562 2.17075 11.48
      vertex -12.5384 2.29497 11.675
      vertex -12.5563 2.21401 11.5479
    endloop
  endfacet
  facet normal 0 -0.843408 0.537273
    outer loop
      vertex -12.5384 2.29497 11.675
      vertex -12.562 2.17075 11.48
      vertex -4 2.17075 11.48
    endloop
  endfacet
  facet normal 0 -0.843408 0.537273
    outer loop
      vertex -12.5384 2.29497 11.675
      vertex -4 2.17075 11.48
      vertex -4 2.29497 11.675
    endloop
  endfacet
  facet normal 0 -0.843408 0.537273
    outer loop
      vertex 4 2.17075 11.48
      vertex 12.5384 2.29497 11.675
      vertex 4 2.29497 11.675
    endloop
  endfacet
  facet normal 0 -0.843408 0.537273
    outer loop
      vertex 12.562 2.17075 11.48
      vertex 12.5384 2.29497 11.675
      vertex 4 2.17075 11.48
    endloop
  endfacet
  facet normal 0.00199599 -0.843297 0.537444
    outer loop
      vertex 12.5384 2.29497 11.675
      vertex 12.562 2.17075 11.48
      vertex 12.5563 2.21401 11.5479
    endloop
  endfacet
  facet normal 0 0.953721 -0.300692
    outer loop
      vertex -12.4797 -2.5597 13.6859
      vertex -4 -2.49018 13.9064
      vertex -4 -2.5597 13.6859
    endloop
  endfacet
  facet normal 0 0.953721 -0.300692
    outer loop
      vertex -4 -2.49018 13.9064
      vertex -12.4797 -2.5597 13.6859
      vertex -12.4951 -2.49018 13.9064
    endloop
  endfacet
  facet normal 0 0.953721 -0.300692
    outer loop
      vertex 12.4797 -2.5597 13.6859
      vertex 4 -2.49018 13.9064
      vertex 12.4951 -2.49018 13.9064
    endloop
  endfacet
  facet normal 0 0.953721 -0.300692
    outer loop
      vertex 4 -2.49018 13.9064
      vertex 12.4797 -2.5597 13.6859
      vertex 4 -2.5597 13.6859
    endloop
  endfacet
  facet normal 0 -0.675638 0.737233
    outer loop
      vertex -12.6011 1.87383 11.1262
      vertex -4 1.70339 10.97
      vertex -4 1.87383 11.1262
    endloop
  endfacet
  facet normal 0 -0.675638 0.737233
    outer loop
      vertex -4 1.70339 10.97
      vertex -12.6011 1.87383 11.1262
      vertex -12.6235 1.70339 10.97
    endloop
  endfacet
  facet normal 0 -0.675638 0.737233
    outer loop
      vertex 4 1.70339 10.97
      vertex 12.6011 1.87383 11.1262
      vertex 4 1.87383 11.1262
    endloop
  endfacet
  facet normal 0 -0.675638 0.737233
    outer loop
      vertex 12.6011 1.87383 11.1262
      vertex 4 1.70339 10.97
      vertex 12.6235 1.70339 10.97
    endloop
  endfacet
  facet normal 0 -0.976293 0.216454
    outer loop
      vertex -4 2.5597 12.3141
      vertex -12.4686 2.60974 12.5398
      vertex -12.4797 2.5597 12.3141
    endloop
  endfacet
  facet normal 0 -0.976293 0.216454
    outer loop
      vertex -12.4686 2.60974 12.5398
      vertex -4 2.5597 12.3141
      vertex -4 2.60974 12.5398
    endloop
  endfacet
  facet normal 0 -0.976293 0.216454
    outer loop
      vertex 4 2.5597 12.3141
      vertex 12.4686 2.60974 12.5398
      vertex 4 2.60974 12.5398
    endloop
  endfacet
  facet normal 0 -0.976293 0.216454
    outer loop
      vertex 12.4686 2.60974 12.5398
      vertex 4 2.5597 12.3141
      vertex 12.4797 2.5597 12.3141
    endloop
  endfacet
  facet normal 0 0.300635 0.953739
    outer loop
      vertex -4 -0.68587 10.4403
      vertex -12.7104 -0.906353 10.5098
      vertex -4 -0.906353 10.5098
    endloop
  endfacet
  facet normal 0 0.300635 0.953739
    outer loop
      vertex -12.7104 -0.906353 10.5098
      vertex -4 -0.68587 10.4403
      vertex -12.7201 -0.68587 10.4403
    endloop
  endfacet
  facet normal -0 0.300635 0.953739
    outer loop
      vertex 4 -0.68587 10.4403
      vertex 12.7104 -0.906353 10.5098
      vertex 12.7201 -0.68587 10.4403
    endloop
  endfacet
  facet normal 0 0.300635 0.953739
    outer loop
      vertex 12.7104 -0.906353 10.5098
      vertex 4 -0.68587 10.4403
      vertex 4 -0.906353 10.5098
    endloop
  endfacet
  facet normal 0 0.843408 -0.537273
    outer loop
      vertex -12.5384 -2.29497 14.325
      vertex -12.562 -2.17075 14.52
      vertex -4 -2.17075 14.52
    endloop
  endfacet
  facet normal 0 0.843408 -0.537273
    outer loop
      vertex -12.5384 -2.29497 14.325
      vertex -4 -2.17075 14.52
      vertex -4 -2.29497 14.325
    endloop
  endfacet
  facet normal -0.00199599 0.843297 -0.537444
    outer loop
      vertex -12.562 -2.17075 14.52
      vertex -12.5384 -2.29497 14.325
      vertex -12.5563 -2.21401 14.4521
    endloop
  endfacet
  facet normal 0.00199599 0.843297 -0.537444
    outer loop
      vertex 12.5384 -2.29497 14.325
      vertex 12.562 -2.17075 14.52
      vertex 12.5563 -2.21401 14.4521
    endloop
  endfacet
  facet normal 0 0.843408 -0.537273
    outer loop
      vertex 12.562 -2.17075 14.52
      vertex 12.5384 -2.29497 14.325
      vertex 4 -2.17075 14.52
    endloop
  endfacet
  facet normal 0 0.843408 -0.537273
    outer loop
      vertex 4 -2.17075 14.52
      vertex 12.5384 -2.29497 14.325
      vertex 4 -2.29497 14.325
    endloop
  endfacet
  facet normal 0 -0.991442 0.130549
    outer loop
      vertex -4 2.60974 12.5398
      vertex -12.4619 2.63992 12.769
      vertex -12.4686 2.60974 12.5398
    endloop
  endfacet
  facet normal 0 -0.991442 0.130549
    outer loop
      vertex -12.4619 2.63992 12.769
      vertex -4 2.60974 12.5398
      vertex -4 2.63992 12.769
    endloop
  endfacet
  facet normal 0 -0.991442 0.130549
    outer loop
      vertex 4 2.60974 12.5398
      vertex 12.4619 2.63992 12.769
      vertex 4 2.63992 12.769
    endloop
  endfacet
  facet normal 0 -0.991442 0.130549
    outer loop
      vertex 12.4619 2.63992 12.769
      vertex 4 2.60974 12.5398
      vertex 12.4686 2.60974 12.5398
    endloop
  endfacet
  facet normal 0 -0.382792 0.923835
    outer loop
      vertex -12.7003 1.11994 10.5983
      vertex -4 0.906353 10.5098
      vertex -4 1.11994 10.5983
    endloop
  endfacet
  facet normal 0.005686 -0.383015 0.923725
    outer loop
      vertex -12.7104 0.906353 10.5098
      vertex -12.7003 1.11994 10.5983
      vertex -12.7015 1.11124 10.5947
    endloop
  endfacet
  facet normal 0 -0.382792 0.923835
    outer loop
      vertex -12.7003 1.11994 10.5983
      vertex -12.7104 0.906353 10.5098
      vertex -4 0.906353 10.5098
    endloop
  endfacet
  facet normal -0.005686 -0.383015 0.923725
    outer loop
      vertex 12.7003 1.11994 10.5983
      vertex 12.7104 0.906353 10.5098
      vertex 12.7015 1.11124 10.5947
    endloop
  endfacet
  facet normal 0 -0.382792 0.923835
    outer loop
      vertex 4 0.906353 10.5098
      vertex 12.7003 1.11994 10.5983
      vertex 4 1.11994 10.5983
    endloop
  endfacet
  facet normal 0 -0.382792 0.923835
    outer loop
      vertex 12.7003 1.11994 10.5983
      vertex 4 0.906353 10.5098
      vertex 12.7104 0.906353 10.5098
    endloop
  endfacet
  facet normal 0 0.923841 -0.382777
    outer loop
      vertex -12.4951 -2.49018 13.9064
      vertex -4 -2.40172 14.1199
      vertex -4 -2.49018 13.9064
    endloop
  endfacet
  facet normal 0 0.923841 -0.382777
    outer loop
      vertex -4 -2.40172 14.1199
      vertex -12.4951 -2.49018 13.9064
      vertex -12.5147 -2.40172 14.1199
    endloop
  endfacet
  facet normal 0 0.923841 -0.382777
    outer loop
      vertex 12.4951 -2.49018 13.9064
      vertex 4 -2.40172 14.1199
      vertex 12.5147 -2.40172 14.1199
    endloop
  endfacet
  facet normal 0 0.923841 -0.382777
    outer loop
      vertex 4 -2.40172 14.1199
      vertex 12.4951 -2.49018 13.9064
      vertex 4 -2.49018 13.9064
    endloop
  endfacet
  facet normal 0 -0.887043 0.461686
    outer loop
      vertex -4 2.29497 11.675
      vertex -12.5147 2.40172 11.8801
      vertex -12.5384 2.29497 11.675
    endloop
  endfacet
  facet normal 0 -0.887043 0.461686
    outer loop
      vertex -12.5147 2.40172 11.8801
      vertex -4 2.29497 11.675
      vertex -4 2.40172 11.8801
    endloop
  endfacet
  facet normal 0 -0.887043 0.461686
    outer loop
      vertex 4 2.29497 11.675
      vertex 12.5147 2.40172 11.8801
      vertex 4 2.40172 11.8801
    endloop
  endfacet
  facet normal 0 -0.887043 0.461686
    outer loop
      vertex 12.5147 2.40172 11.8801
      vertex 4 2.29497 11.675
      vertex 12.5384 2.29497 11.675
    endloop
  endfacet
  facet normal 0 0.793349 -0.608768
    outer loop
      vertex -12.562 -2.17075 14.52
      vertex -4 -2.03002 14.7034
      vertex -4 -2.17075 14.52
    endloop
  endfacet
  facet normal 0 0.793349 -0.608768
    outer loop
      vertex -4 -2.03002 14.7034
      vertex -12.562 -2.17075 14.52
      vertex -12.5805 -2.03002 14.7034
    endloop
  endfacet
  facet normal 0 0.793349 -0.608768
    outer loop
      vertex 12.562 -2.17075 14.52
      vertex 4 -2.03002 14.7034
      vertex 12.5805 -2.03002 14.7034
    endloop
  endfacet
  facet normal 0 0.793349 -0.608768
    outer loop
      vertex 4 -2.03002 14.7034
      vertex 12.562 -2.17075 14.52
      vertex 4 -2.17075 14.52
    endloop
  endfacet
  facet normal 0 0.216286 0.97633
    outer loop
      vertex -4 -0.460167 10.3903
      vertex -12.7201 -0.68587 10.4403
      vertex -4 -0.68587 10.4403
    endloop
  endfacet
  facet normal 0 0.216286 0.97633
    outer loop
      vertex -12.7201 -0.68587 10.4403
      vertex -4 -0.460167 10.3903
      vertex -12.7299 -0.460167 10.3903
    endloop
  endfacet
  facet normal -0 0.216286 0.97633
    outer loop
      vertex 4 -0.460167 10.3903
      vertex 12.7201 -0.68587 10.4403
      vertex 12.7299 -0.460167 10.3903
    endloop
  endfacet
  facet normal 0 0.216286 0.97633
    outer loop
      vertex 12.7201 -0.68587 10.4403
      vertex 4 -0.460167 10.3903
      vertex 4 -0.68587 10.4403
    endloop
  endfacet
  facet normal 0 0.461587 0.887095
    outer loop
      vertex -4 -1.11994 10.5983
      vertex -12.6733 -1.325 10.705
      vertex -4 -1.325 10.705
    endloop
  endfacet
  facet normal 0 0.461587 0.887095
    outer loop
      vertex -12.6733 -1.325 10.705
      vertex -4 -1.11994 10.5983
      vertex -12.7003 -1.11994 10.5983
    endloop
  endfacet
  facet normal -0 0.461587 0.887095
    outer loop
      vertex 4 -1.11994 10.5983
      vertex 12.6733 -1.325 10.705
      vertex 12.7003 -1.11994 10.5983
    endloop
  endfacet
  facet normal 0 0.461587 0.887095
    outer loop
      vertex 12.6733 -1.325 10.705
      vertex 4 -1.11994 10.5983
      vertex 4 -1.325 10.705
    endloop
  endfacet
  facet normal 0 0.991442 -0.130549
    outer loop
      vertex -12.4619 -2.63992 13.231
      vertex -4 -2.60974 13.4602
      vertex -4 -2.63992 13.231
    endloop
  endfacet
  facet normal 0 0.991442 -0.130549
    outer loop
      vertex -4 -2.60974 13.4602
      vertex -12.4619 -2.63992 13.231
      vertex -12.4686 -2.60974 13.4602
    endloop
  endfacet
  facet normal 0 0.991442 -0.130549
    outer loop
      vertex 12.4619 -2.63992 13.231
      vertex 4 -2.60974 13.4602
      vertex 12.4686 -2.60974 13.4602
    endloop
  endfacet
  facet normal 0 0.991442 -0.130549
    outer loop
      vertex 4 -2.60974 13.4602
      vertex 12.4619 -2.63992 13.231
      vertex 4 -2.63992 13.231
    endloop
  endfacet
  facet normal 0 0.999049 -0.0435949
    outer loop
      vertex -4 -2.65 13
      vertex -12.4619 -2.63992 13.231
      vertex -4 -2.63992 13.231
    endloop
  endfacet
  facet normal 0 0.999049 -0.0435949
    outer loop
      vertex -12.4619 -2.63992 13.231
      vertex -4 -2.65 13
      vertex -12.4596 -2.65 13
    endloop
  endfacet
  facet normal 0 0.999049 -0.0435949
    outer loop
      vertex 12.4596 -2.65 13
      vertex 4 -2.63992 13.231
      vertex 12.4619 -2.63992 13.231
    endloop
  endfacet
  facet normal 0 0.999049 -0.0435949
    outer loop
      vertex 4 -2.63992 13.231
      vertex 12.4596 -2.65 13
      vertex 4 -2.65 13
    endloop
  endfacet
  facet normal 0 -0.999049 -0.0435949
    outer loop
      vertex -12.4596 2.65 13
      vertex -4 2.63992 13.231
      vertex -12.4619 2.63992 13.231
    endloop
  endfacet
  facet normal 0 -0.999049 -0.0435949
    outer loop
      vertex -4 2.63992 13.231
      vertex -12.4596 2.65 13
      vertex -4 2.65 13
    endloop
  endfacet
  facet normal 0 -0.999049 -0.0435949
    outer loop
      vertex 4 2.65 13
      vertex 12.4619 2.63992 13.231
      vertex 4 2.63992 13.231
    endloop
  endfacet
  facet normal 0 -0.999049 -0.0435949
    outer loop
      vertex 12.4619 2.63992 13.231
      vertex 4 2.65 13
      vertex 12.4596 2.65 13
    endloop
  endfacet
  facet normal 0 -0.887043 -0.461686
    outer loop
      vertex -12.5147 2.40172 14.1199
      vertex -4 2.29497 14.325
      vertex -12.5384 2.29497 14.325
    endloop
  endfacet
  facet normal 0 -0.887043 -0.461686
    outer loop
      vertex -4 2.29497 14.325
      vertex -12.5147 2.40172 14.1199
      vertex -4 2.40172 14.1199
    endloop
  endfacet
  facet normal -0 -0.887043 -0.461686
    outer loop
      vertex 12.5147 2.40172 14.1199
      vertex 4 2.29497 14.325
      vertex 4 2.40172 14.1199
    endloop
  endfacet
  facet normal 0 -0.887043 -0.461686
    outer loop
      vertex 4 2.29497 14.325
      vertex 12.5147 2.40172 14.1199
      vertex 12.5384 2.29497 14.325
    endloop
  endfacet
  facet normal 0 -0.461587 0.887095
    outer loop
      vertex -12.6733 1.325 10.705
      vertex -4 1.11994 10.5983
      vertex -4 1.325 10.705
    endloop
  endfacet
  facet normal 0 -0.461587 0.887095
    outer loop
      vertex -4 1.11994 10.5983
      vertex -12.6733 1.325 10.705
      vertex -12.7003 1.11994 10.5983
    endloop
  endfacet
  facet normal 0 -0.461587 0.887095
    outer loop
      vertex 4 1.11994 10.5983
      vertex 12.6733 1.325 10.705
      vertex 4 1.325 10.705
    endloop
  endfacet
  facet normal 0 -0.461587 0.887095
    outer loop
      vertex 12.6733 1.325 10.705
      vertex 4 1.11994 10.5983
      vertex 12.7003 1.11994 10.5983
    endloop
  endfacet
  facet normal 0 0.382792 0.923835
    outer loop
      vertex -4 -0.906353 10.5098
      vertex -12.7003 -1.11994 10.5983
      vertex -4 -1.11994 10.5983
    endloop
  endfacet
  facet normal -0 0.382792 0.923835
    outer loop
      vertex -12.7104 -0.906353 10.5098
      vertex -12.7003 -1.11994 10.5983
      vertex -4 -0.906353 10.5098
    endloop
  endfacet
  facet normal 0.005686 0.383015 0.923725
    outer loop
      vertex -12.7003 -1.11994 10.5983
      vertex -12.7104 -0.906353 10.5098
      vertex -12.7015 -1.11124 10.5947
    endloop
  endfacet
  facet normal -0.005686 0.383015 0.923725
    outer loop
      vertex 12.7104 -0.906353 10.5098
      vertex 12.7003 -1.11994 10.5983
      vertex 12.7015 -1.11124 10.5947
    endloop
  endfacet
  facet normal -0 0.382792 0.923835
    outer loop
      vertex 4 -0.906353 10.5098
      vertex 12.7003 -1.11994 10.5983
      vertex 12.7104 -0.906353 10.5098
    endloop
  endfacet
  facet normal 0 0.382792 0.923835
    outer loop
      vertex 12.7003 -1.11994 10.5983
      vertex 4 -0.906353 10.5098
      vertex 4 -1.11994 10.5983
    endloop
  endfacet
  facet normal 0 -0.923841 0.382777
    outer loop
      vertex -4 2.40172 11.8801
      vertex -12.4951 2.49018 12.0936
      vertex -12.5147 2.40172 11.8801
    endloop
  endfacet
  facet normal 0 -0.923841 0.382777
    outer loop
      vertex -12.4951 2.49018 12.0936
      vertex -4 2.40172 11.8801
      vertex -4 2.49018 12.0936
    endloop
  endfacet
  facet normal 0 -0.923841 0.382777
    outer loop
      vertex 4 2.40172 11.8801
      vertex 12.4951 2.49018 12.0936
      vertex 4 2.49018 12.0936
    endloop
  endfacet
  facet normal 0 -0.923841 0.382777
    outer loop
      vertex 12.4951 2.49018 12.0936
      vertex 4 2.40172 11.8801
      vertex 12.5147 2.40172 11.8801
    endloop
  endfacet
  facet normal 0 -0.608937 0.793218
    outer loop
      vertex -12.6235 1.70339 10.97
      vertex -4 1.51998 10.8292
      vertex -4 1.70339 10.97
    endloop
  endfacet
  facet normal 0 -0.608937 0.793218
    outer loop
      vertex -4 1.51998 10.8292
      vertex -12.6235 1.70339 10.97
      vertex -12.6477 1.51998 10.8292
    endloop
  endfacet
  facet normal 0 -0.608937 0.793218
    outer loop
      vertex 4 1.51998 10.8292
      vertex 12.6235 1.70339 10.97
      vertex 4 1.70339 10.97
    endloop
  endfacet
  facet normal 0 -0.608937 0.793218
    outer loop
      vertex 12.6235 1.70339 10.97
      vertex 4 1.51998 10.8292
      vertex 12.6477 1.51998 10.8292
    endloop
  endfacet
  facet normal 0 -0.999049 0.0435949
    outer loop
      vertex -12.4619 2.63992 12.769
      vertex -4 2.65 13
      vertex -12.4596 2.65 13
    endloop
  endfacet
  facet normal 0 -0.999049 0.0435949
    outer loop
      vertex -4 2.65 13
      vertex -12.4619 2.63992 12.769
      vertex -4 2.63992 12.769
    endloop
  endfacet
  facet normal 0 -0.999049 0.0435949
    outer loop
      vertex 4 2.63992 12.769
      vertex 12.4596 2.65 13
      vertex 4 2.65 13
    endloop
  endfacet
  facet normal 0 -0.999049 0.0435949
    outer loop
      vertex 12.4596 2.65 13
      vertex 4 2.63992 12.769
      vertex 12.4619 2.63992 12.769
    endloop
  endfacet
  facet normal 0 -0.216286 0.97633
    outer loop
      vertex -12.7201 0.68587 10.4403
      vertex -4 0.460167 10.3903
      vertex -4 0.68587 10.4403
    endloop
  endfacet
  facet normal 0 -0.216286 0.97633
    outer loop
      vertex -4 0.460167 10.3903
      vertex -12.7201 0.68587 10.4403
      vertex -12.7299 0.460167 10.3903
    endloop
  endfacet
  facet normal 0 -0.216286 0.97633
    outer loop
      vertex 4 0.460167 10.3903
      vertex 12.7201 0.68587 10.4403
      vertex 4 0.68587 10.4403
    endloop
  endfacet
  facet normal 0 -0.216286 0.97633
    outer loop
      vertex 12.7201 0.68587 10.4403
      vertex 4 0.460167 10.3903
      vertex 12.7299 0.460167 10.3903
    endloop
  endfacet
  facet normal 0 0.843408 0.537273
    outer loop
      vertex -4 -2.17075 11.48
      vertex -12.5384 -2.29497 11.675
      vertex -4 -2.29497 11.675
    endloop
  endfacet
  facet normal -0 0.843408 0.537273
    outer loop
      vertex -12.562 -2.17075 11.48
      vertex -12.5384 -2.29497 11.675
      vertex -4 -2.17075 11.48
    endloop
  endfacet
  facet normal -0.00199599 0.843297 0.537444
    outer loop
      vertex -12.5384 -2.29497 11.675
      vertex -12.562 -2.17075 11.48
      vertex -12.5563 -2.21401 11.5479
    endloop
  endfacet
  facet normal 0.00199599 0.843297 0.537444
    outer loop
      vertex 12.562 -2.17075 11.48
      vertex 12.5384 -2.29497 11.675
      vertex 12.5563 -2.21401 11.5479
    endloop
  endfacet
  facet normal 0 0.843408 0.537273
    outer loop
      vertex 12.5384 -2.29497 11.675
      vertex 12.562 -2.17075 11.48
      vertex 4 -2.17075 11.48
    endloop
  endfacet
  facet normal 0 0.843408 0.537273
    outer loop
      vertex 12.5384 -2.29497 11.675
      vertex 4 -2.17075 11.48
      vertex 4 -2.29497 11.675
    endloop
  endfacet
  facet normal 0 0.130631 0.991431
    outer loop
      vertex -4 -0.230962 10.3601
      vertex -12.7299 -0.460167 10.3903
      vertex -4 -0.460167 10.3903
    endloop
  endfacet
  facet normal 0 0.130631 0.991431
    outer loop
      vertex -12.7299 -0.460167 10.3903
      vertex -4 -0.230962 10.3601
      vertex -12.7399 -0.230962 10.3601
    endloop
  endfacet
  facet normal -0 0.130631 0.991431
    outer loop
      vertex 4 -0.230962 10.3601
      vertex 12.7299 -0.460167 10.3903
      vertex 12.7399 -0.230962 10.3601
    endloop
  endfacet
  facet normal 0 0.130631 0.991431
    outer loop
      vertex 12.7299 -0.460167 10.3903
      vertex 4 -0.230962 10.3601
      vertex 4 -0.460167 10.3903
    endloop
  endfacet
  facet normal 0 0.0436884 0.999045
    outer loop
      vertex -4 0 10.35
      vertex -12.7399 -0.230962 10.3601
      vertex -4 -0.230962 10.3601
    endloop
  endfacet
  facet normal 0 0.0436884 0.999045
    outer loop
      vertex -12.7399 -0.230962 10.3601
      vertex -4 0 10.35
      vertex -12.75 0 10.35
    endloop
  endfacet
  facet normal -0 0.0436884 0.999045
    outer loop
      vertex 4 0 10.35
      vertex 12.7399 -0.230962 10.3601
      vertex 12.75 0 10.35
    endloop
  endfacet
  facet normal 0 0.0436884 0.999045
    outer loop
      vertex 12.7399 -0.230962 10.3601
      vertex 4 0 10.35
      vertex 4 -0.230962 10.3601
    endloop
  endfacet
  facet normal 0 -0.737176 0.675701
    outer loop
      vertex -4 1.87383 11.1262
      vertex -12.5805 2.03002 11.2966
      vertex -12.6011 1.87383 11.1262
    endloop
  endfacet
  facet normal 0 -0.737176 0.675701
    outer loop
      vertex -12.5805 2.03002 11.2966
      vertex -4 1.87383 11.1262
      vertex -4 2.03002 11.2966
    endloop
  endfacet
  facet normal 0 -0.737176 0.675701
    outer loop
      vertex 4 1.87383 11.1262
      vertex 12.5805 2.03002 11.2966
      vertex 4 2.03002 11.2966
    endloop
  endfacet
  facet normal 0 -0.737176 0.675701
    outer loop
      vertex 12.5805 2.03002 11.2966
      vertex 4 1.87383 11.1262
      vertex 12.6011 1.87383 11.1262
    endloop
  endfacet
  facet normal 0 0.923841 0.382777
    outer loop
      vertex -4 -2.40172 11.8801
      vertex -12.4951 -2.49018 12.0936
      vertex -4 -2.49018 12.0936
    endloop
  endfacet
  facet normal 0 0.923841 0.382777
    outer loop
      vertex -12.4951 -2.49018 12.0936
      vertex -4 -2.40172 11.8801
      vertex -12.5147 -2.40172 11.8801
    endloop
  endfacet
  facet normal -0 0.923841 0.382777
    outer loop
      vertex 4 -2.40172 11.8801
      vertex 12.4951 -2.49018 12.0936
      vertex 12.5147 -2.40172 11.8801
    endloop
  endfacet
  facet normal 0 0.923841 0.382777
    outer loop
      vertex 12.4951 -2.49018 12.0936
      vertex 4 -2.40172 11.8801
      vertex 4 -2.49018 12.0936
    endloop
  endfacet
  facet normal 0 0.675638 0.737233
    outer loop
      vertex -4 -1.70339 10.97
      vertex -12.6011 -1.87383 11.1262
      vertex -4 -1.87383 11.1262
    endloop
  endfacet
  facet normal 0 0.675638 0.737233
    outer loop
      vertex -12.6011 -1.87383 11.1262
      vertex -4 -1.70339 10.97
      vertex -12.6235 -1.70339 10.97
    endloop
  endfacet
  facet normal -0 0.675638 0.737233
    outer loop
      vertex 4 -1.70339 10.97
      vertex 12.6011 -1.87383 11.1262
      vertex 12.6235 -1.70339 10.97
    endloop
  endfacet
  facet normal 0 0.675638 0.737233
    outer loop
      vertex 12.6011 -1.87383 11.1262
      vertex 4 -1.70339 10.97
      vertex 4 -1.87383 11.1262
    endloop
  endfacet
  facet normal 0 0.953721 0.300692
    outer loop
      vertex -4 -2.49018 12.0936
      vertex -12.4797 -2.5597 12.3141
      vertex -4 -2.5597 12.3141
    endloop
  endfacet
  facet normal 0 0.953721 0.300692
    outer loop
      vertex -12.4797 -2.5597 12.3141
      vertex -4 -2.49018 12.0936
      vertex -12.4951 -2.49018 12.0936
    endloop
  endfacet
  facet normal -0 0.953721 0.300692
    outer loop
      vertex 4 -2.49018 12.0936
      vertex 12.4797 -2.5597 12.3141
      vertex 12.4951 -2.49018 12.0936
    endloop
  endfacet
  facet normal 0 0.953721 0.300692
    outer loop
      vertex 12.4797 -2.5597 12.3141
      vertex 4 -2.49018 12.0936
      vertex 4 -2.5597 12.3141
    endloop
  endfacet
  facet normal 0 -0.537251 0.843423
    outer loop
      vertex -12.6477 1.51998 10.8292
      vertex -4 1.325 10.705
      vertex -4 1.51998 10.8292
    endloop
  endfacet
  facet normal 0 -0.537251 0.843423
    outer loop
      vertex -4 1.325 10.705
      vertex -12.6477 1.51998 10.8292
      vertex -12.6733 1.325 10.705
    endloop
  endfacet
  facet normal 0 -0.537251 0.843423
    outer loop
      vertex 4 1.325 10.705
      vertex 12.6477 1.51998 10.8292
      vertex 4 1.51998 10.8292
    endloop
  endfacet
  facet normal 0 -0.537251 0.843423
    outer loop
      vertex 12.6477 1.51998 10.8292
      vertex 4 1.325 10.705
      vertex 12.6733 1.325 10.705
    endloop
  endfacet
  facet normal 0 0.793349 0.608768
    outer loop
      vertex -4 -2.03002 11.2966
      vertex -12.562 -2.17075 11.48
      vertex -4 -2.17075 11.48
    endloop
  endfacet
  facet normal 0 0.793349 0.608768
    outer loop
      vertex -12.562 -2.17075 11.48
      vertex -4 -2.03002 11.2966
      vertex -12.5805 -2.03002 11.2966
    endloop
  endfacet
  facet normal -0 0.793349 0.608768
    outer loop
      vertex 4 -2.03002 11.2966
      vertex 12.562 -2.17075 11.48
      vertex 12.5805 -2.03002 11.2966
    endloop
  endfacet
  facet normal 0 0.793349 0.608768
    outer loop
      vertex 12.562 -2.17075 11.48
      vertex 4 -2.03002 11.2966
      vertex 4 -2.17075 11.48
    endloop
  endfacet
  facet normal 0 0.608937 0.793218
    outer loop
      vertex -4 -1.51998 10.8292
      vertex -12.6235 -1.70339 10.97
      vertex -4 -1.70339 10.97
    endloop
  endfacet
  facet normal 0 0.608937 0.793218
    outer loop
      vertex -12.6235 -1.70339 10.97
      vertex -4 -1.51998 10.8292
      vertex -12.6477 -1.51998 10.8292
    endloop
  endfacet
  facet normal -0 0.608937 0.793218
    outer loop
      vertex 4 -1.51998 10.8292
      vertex 12.6235 -1.70339 10.97
      vertex 12.6477 -1.51998 10.8292
    endloop
  endfacet
  facet normal 0 0.608937 0.793218
    outer loop
      vertex 12.6235 -1.70339 10.97
      vertex 4 -1.51998 10.8292
      vertex 4 -1.70339 10.97
    endloop
  endfacet
  facet normal 0 0.976293 0.216454
    outer loop
      vertex -4 -2.5597 12.3141
      vertex -12.4686 -2.60974 12.5398
      vertex -4 -2.60974 12.5398
    endloop
  endfacet
  facet normal 0 0.976293 0.216454
    outer loop
      vertex -12.4686 -2.60974 12.5398
      vertex -4 -2.5597 12.3141
      vertex -12.4797 -2.5597 12.3141
    endloop
  endfacet
  facet normal -0 0.976293 0.216454
    outer loop
      vertex 4 -2.5597 12.3141
      vertex 12.4686 -2.60974 12.5398
      vertex 12.4797 -2.5597 12.3141
    endloop
  endfacet
  facet normal 0 0.976293 0.216454
    outer loop
      vertex 12.4686 -2.60974 12.5398
      vertex 4 -2.5597 12.3141
      vertex 4 -2.60974 12.5398
    endloop
  endfacet
endsolid OpenSCAD_Model
