solid OpenSCAD_Model
  facet normal 0 0 -1
    outer loop
      vertex 6.75499 -3.89999 0
      vertex 4.32364 -2.88896 0
      vertex 4.50333 -2.59999 0
    endloop
  endfacet
  facet normal 0 -0 -1
    outer loop
      vertex 6.75499 3.89999 0
      vertex 6.99561 3.44984 0
      vertex 4.66373 2.2999 0
    endloop
  endfacet
  facet normal 0 0 -1
    outer loop
      vertex 4.32364 2.88896 0
      vertex 6.75499 3.89999 0
      vertex 4.50333 2.59999 0
    endloop
  endfacet
  facet normal 0 -0 -1
    outer loop
      vertex 6.18814 4.74834 0
      vertex 6.48546 4.33344 0
      vertex 4.32364 2.88896 0
    endloop
  endfacet
  facet normal 0 0 -1
    outer loop
      vertex 3.90956 3.42859 0
      vertex 6.18814 4.74834 0
      vertex 4.12543 3.16556 0
    endloop
  endfacet
  facet normal 0 -0 -1
    outer loop
      vertex 5.51543 5.51543 0
      vertex 5.86435 5.14288 0
      vertex 3.90956 3.42859 0
    endloop
  endfacet
  facet normal 0 0 -1
    outer loop
      vertex 3.42859 3.90956 0
      vertex 5.51543 5.51543 0
      vertex 3.67694 3.67694 0
    endloop
  endfacet
  facet normal 0 -0 -1
    outer loop
      vertex 4.90915 6.05617 0
      vertex 5.14288 5.86435 0
      vertex 3.42859 3.90956 0
    endloop
  endfacet
  facet normal 0 0 -1
    outer loop
      vertex 2.88896 4.32364 0
      vertex 4.90915 6.05617 0
      vertex 3.16556 4.12543 0
    endloop
  endfacet
  facet normal 0 0 -1
    outer loop
      vertex 2.59999 4.50333 0
      vertex 2.2999 4.66373 0
      vertex 4.90915 6.05617 0
    endloop
  endfacet
  facet normal 0 0 -1
    outer loop
      vertex 4.90915 6.05617 0
      vertex 1.98994 4.80417 0
      vertex 1.67148 4.92403 0
    endloop
  endfacet
  facet normal 0 -0 -1
    outer loop
      vertex 1.03136 12.0086 0
      vertex 4.90915 6.05617 0
      vertex 0.977386 11.9428 0
    endloop
  endfacet
  facet normal -0 0 -1
    outer loop
      vertex 4.90915 6.05617 0
      vertex 1.34586 5.02281 0
      vertex 0.574966 11.6341 0
    endloop
  endfacet
  facet normal 0 0 -1
    outer loop
      vertex 0.340088 5.18886 0
      vertex 0 5.2 0
      vertex 0.085022 11.5028 0
    endloop
  endfacet
  facet normal -0 -0 -1
    outer loop
      vertex 0 11.5 0
      vertex 0 5.2 0
      vertex -0.085022 11.5028 0
    endloop
  endfacet
  facet normal -0 0 -1
    outer loop
      vertex 3.65846 42.4445 0
      vertex 1.74538 41.3393 0
      vertex 3.49075 42.6785 0
    endloop
  endfacet
  facet normal 0 0 -1
    outer loop
      vertex 1.74538 41.3393 0
      vertex 1.65404 41.4505 0
      vertex 3.30809 42.9011 0
    endloop
  endfacet
  facet normal 0 0 -1
    outer loop
      vertex 0.429184 42.1577 0
      vertex 0.287155 42.1812 0
      vertex 0.858383 44.3154 0
    endloop
  endfacet
  facet normal 0 0 -1
    outer loop
      vertex 0.841888 42.0325 0
      vertex 1.41432 44.1665 0
      vertex 1.68379 44.0651 0
    endloop
  endfacet
  facet normal -0 0 -1
    outer loop
      vertex 1.94606 43.9462 0
      vertex 0.841888 42.0325 0
      vertex 1.68379 44.0651 0
    endloop
  endfacet
  facet normal 0 0 -1
    outer loop
      vertex 0 42.2 0
      vertex -0.287766 44.3906 0
      vertex 0 44.4 0
    endloop
  endfacet
  facet normal -0 0 -1
    outer loop
      vertex 1.41432 44.1665 0
      vertex 0.569397 42.125 0
      vertex 1.13879 44.2501 0
    endloop
  endfacet
  facet normal 0 0 -1
    outer loop
      vertex -1.33926 41.7454 0
      vertex -2.90111 43.3081 0
      vertex -2.67854 43.4908 0
    endloop
  endfacet
  facet normal 0 0 -1
    outer loop
      vertex -1.74538 41.3393 0
      vertex -3.65846 42.4445 0
      vertex -3.49075 42.6785 0
    endloop
  endfacet
  facet normal 0 0 -1
    outer loop
      vertex -0.143875 42.1953 0
      vertex -0.57431 44.3624 0
      vertex -0.287766 44.3906 0
    endloop
  endfacet
  facet normal -0 0 -1
    outer loop
      vertex -2.08324 40.7072 0
      vertex -2.12503 40.5694 0
      vertex -4.16649 41.4143 0
    endloop
  endfacet
  facet normal 0 -0 -1
    outer loop
      vertex -3.94623 41.9461 0
      vertex -2.03253 40.8419 0
      vertex -4.06506 41.6838 0
    endloop
  endfacet
  facet normal -0 0 -1
    outer loop
      vertex -2.03253 40.8419 0
      vertex -2.08324 40.7072 0
      vertex -4.16649 41.4143 0
    endloop
  endfacet
  facet normal -0 -0 -1
    outer loop
      vertex -2.2 40 0
      vertex -2.19528 39.8561 0
      vertex -4.39999 40 0
    endloop
  endfacet
  facet normal 0 0 -1
    outer loop
      vertex -4.39999 40 0
      vertex -2.18117 39.7128 0
      vertex -2.15771 39.5708 0
    endloop
  endfacet
  facet normal 0 0 -1
    outer loop
      vertex 1.22224 41.8292 0
      vertex 1.09999 41.9052 0
      vertex 2.2 43.8105 0
    endloop
  endfacet
  facet normal 0 0 -1
    outer loop
      vertex -1.74538 38.6607 0
      vertex -4.39999 40 0
      vertex -1.82922 38.7777 0
    endloop
  endfacet
  facet normal 0 0 -1
    outer loop
      vertex 1.65404 41.4505 0
      vertex 1.55563 41.5556 0
      vertex 3.30809 42.9011 0
    endloop
  endfacet
  facet normal 0 0 -1
    outer loop
      vertex -4.39999 40 0
      vertex -0.980774 31.1951 0
      vertex -0.99144 31.1305 0
    endloop
  endfacet
  facet normal 0 0 -1
    outer loop
      vertex 1.82922 38.7777 0
      vertex 1.90524 38.9 0
      vertex 4.39999 40 0
    endloop
  endfacet
  facet normal 0 0 -1
    outer loop
      vertex -7.38605 2.50722 0
      vertex -7.20625 2.98492 0
      vertex -4.80417 1.98994 0
    endloop
  endfacet
  facet normal 0 0 -1
    outer loop
      vertex -7.53421 2.01878 0
      vertex -7.38605 2.50722 0
      vertex -5.02281 1.34586 0
    endloop
  endfacet
  facet normal 0 0 -1
    outer loop
      vertex -7.65012 1.5217 0
      vertex -7.53421 2.01878 0
      vertex -5.10008 1.01447 0
    endloop
  endfacet
  facet normal 0 0 -1
    outer loop
      vertex -7.73326 1.0181 0
      vertex -5.10008 1.01447 0
      vertex -5.1555 0.678726 0
    endloop
  endfacet
  facet normal 0 0 -1
    outer loop
      vertex -7.78329 0.510132 0
      vertex -7.73326 1.0181 0
      vertex -5.18886 0.340088 0
    endloop
  endfacet
  facet normal 0 0 -1
    outer loop
      vertex -7.79999 0 0
      vertex -7.78329 0.510132 0
      vertex -5.2 0 0
    endloop
  endfacet
  facet normal 0 0 -1
    outer loop
      vertex -7.78329 -0.510132 0
      vertex -5.2 0 0
      vertex -5.18886 -0.340088 0
    endloop
  endfacet
  facet normal 0 0 -1
    outer loop
      vertex -7.73326 -1.0181 0
      vertex -5.18886 -0.340088 0
      vertex -5.1555 -0.678726 0
    endloop
  endfacet
  facet normal 0 0 -1
    outer loop
      vertex -7.65012 -1.5217 0
      vertex -7.73326 -1.0181 0
      vertex -5.10008 -1.01447 0
    endloop
  endfacet
  facet normal 0 0 -1
    outer loop
      vertex -7.53421 -2.01878 0
      vertex -5.10008 -1.01447 0
      vertex -5.02281 -1.34586 0
    endloop
  endfacet
  facet normal 0 0 -1
    outer loop
      vertex -7.38605 -2.50722 0
      vertex -5.02281 -1.34586 0
      vertex -4.92403 -1.67148 0
    endloop
  endfacet
  facet normal 0 0 -1
    outer loop
      vertex -7.20625 -2.98492 0
      vertex -7.38605 -2.50722 0
      vertex -4.80417 -1.98994 0
    endloop
  endfacet
  facet normal 0 0 -1
    outer loop
      vertex -6.99561 -3.44984 0
      vertex -7.20625 -2.98492 0
      vertex -4.80417 -1.98994 0
    endloop
  endfacet
  facet normal -0 0 -1
    outer loop
      vertex -4.66373 -2.2999 0
      vertex -6.99561 -3.44984 0
      vertex -4.80417 -1.98994 0
    endloop
  endfacet
  facet normal -0 0 -1
    outer loop
      vertex -4.50333 -2.59999 0
      vertex -6.75499 -3.89999 0
      vertex -4.66373 -2.2999 0
    endloop
  endfacet
  facet normal 0 -0 -1
    outer loop
      vertex -4.50333 -2.59999 0
      vertex -4.32364 -2.88896 0
      vertex -6.75499 -3.89999 0
    endloop
  endfacet
  facet normal 0 0 -1
    outer loop
      vertex -6.75499 -3.89999 0
      vertex -4.32364 -2.88896 0
      vertex -6.48546 -4.33344 0
    endloop
  endfacet
  facet normal 0 0 -1
    outer loop
      vertex -6.48546 -4.33344 0
      vertex -4.32364 -2.88896 0
      vertex -6.18814 -4.74834 0
    endloop
  endfacet
  facet normal 0 0 -1
    outer loop
      vertex -6.18814 -4.74834 0
      vertex -4.32364 -2.88896 0
      vertex -4.12543 -3.16556 0
    endloop
  endfacet
  facet normal -0 0 -1
    outer loop
      vertex -3.90956 -3.42859 0
      vertex -6.18814 -4.74834 0
      vertex -4.12543 -3.16556 0
    endloop
  endfacet
  facet normal 0 0 -1
    outer loop
      vertex -3.90956 -3.42859 0
      vertex -5.86435 -5.14288 0
      vertex -6.18814 -4.74834 0
    endloop
  endfacet
  facet normal 0 -0 -1
    outer loop
      vertex -3.90956 -3.42859 0
      vertex -3.79999 -3.54558 0
      vertex -5.86435 -5.14288 0
    endloop
  endfacet
  facet normal 0 0 -1
    outer loop
      vertex -5.86435 -5.14288 0
      vertex -3.79999 -3.54558 0
      vertex -5.51543 -5.51543 0
    endloop
  endfacet
  facet normal 0 0 -1
    outer loop
      vertex -4.66373 -2.2999 0
      vertex -6.75499 -3.89999 0
      vertex -6.99561 -3.44984 0
    endloop
  endfacet
  facet normal 0 0 -1
    outer loop
      vertex -5.14288 -5.86435 0
      vertex -5.51543 -5.51543 0
      vertex -3.79999 -3.54558 0
    endloop
  endfacet
  facet normal 0 0 -1
    outer loop
      vertex -3.79999 -6 0
      vertex -5.14288 -5.86435 0
      vertex -3.79999 -3.54558 0
    endloop
  endfacet
  facet normal -0 0 -1
    outer loop
      vertex -3.79999 -6 0
      vertex -4.74834 -6.18814 0
      vertex -5.14288 -5.86435 0
    endloop
  endfacet
  facet normal 0 0 -1
    outer loop
      vertex -3.79999 -6 0
      vertex -4.33344 -6.48546 0
      vertex -4.74834 -6.18814 0
    endloop
  endfacet
  facet normal 0 0 -1
    outer loop
      vertex -3.79999 -6 0
      vertex -4.19681 -6.57042 0
      vertex -4.33344 -6.48546 0
    endloop
  endfacet
  facet normal 0 0 -1
    outer loop
      vertex 6.48546 -4.33344 0
      vertex 4.32364 -2.88896 0
      vertex 6.75499 -3.89999 0
    endloop
  endfacet
  facet normal 0 0 -1
    outer loop
      vertex -5.02281 1.34586 0
      vertex -7.38605 2.50722 0
      vertex -4.92403 1.67148 0
    endloop
  endfacet
  facet normal 0 0 -1
    outer loop
      vertex -4.80417 1.98994 0
      vertex -6.99561 3.44984 0
      vertex -4.66373 2.2999 0
    endloop
  endfacet
  facet normal 0 0 -1
    outer loop
      vertex -7.38605 -2.50722 0
      vertex -4.92403 -1.67148 0
      vertex -4.80417 -1.98994 0
    endloop
  endfacet
  facet normal -0 0 -1
    outer loop
      vertex 6.48546 -4.33344 0
      vertex 6.18814 -4.74834 0
      vertex 4.32364 -2.88896 0
    endloop
  endfacet
  facet normal 0 0 -1
    outer loop
      vertex -7.53421 -2.01878 0
      vertex -5.02281 -1.34586 0
      vertex -7.38605 -2.50722 0
    endloop
  endfacet
  facet normal 0 0 -1
    outer loop
      vertex -7.65012 -1.5217 0
      vertex -5.10008 -1.01447 0
      vertex -7.53421 -2.01878 0
    endloop
  endfacet
  facet normal 0 0 -1
    outer loop
      vertex -7.73326 -1.0181 0
      vertex -5.1555 -0.678726 0
      vertex -5.10008 -1.01447 0
    endloop
  endfacet
  facet normal 0 0 -1
    outer loop
      vertex -7.78329 -0.510132 0
      vertex -5.18886 -0.340088 0
      vertex -7.73326 -1.0181 0
    endloop
  endfacet
  facet normal 0 0 -1
    outer loop
      vertex -7.79999 0 0
      vertex -5.2 0 0
      vertex -7.78329 -0.510132 0
    endloop
  endfacet
  facet normal 0 0 -1
    outer loop
      vertex -7.78329 0.510132 0
      vertex -5.18886 0.340088 0
      vertex -5.2 0 0
    endloop
  endfacet
  facet normal 0 0 -1
    outer loop
      vertex -7.73326 1.0181 0
      vertex -5.1555 0.678726 0
      vertex -5.18886 0.340088 0
    endloop
  endfacet
  facet normal 0 -0 -1
    outer loop
      vertex -7.65012 1.5217 0
      vertex -5.10008 1.01447 0
      vertex -7.73326 1.0181 0
    endloop
  endfacet
  facet normal 0 0 -1
    outer loop
      vertex -7.53421 2.01878 0
      vertex -5.02281 1.34586 0
      vertex -5.10008 1.01447 0
    endloop
  endfacet
  facet normal 0 0 -1
    outer loop
      vertex -4.92403 1.67148 0
      vertex -7.38605 2.50722 0
      vertex -4.80417 1.98994 0
    endloop
  endfacet
  facet normal 0 0 -1
    outer loop
      vertex -4.80417 1.98994 0
      vertex -7.20625 2.98492 0
      vertex -6.99561 3.44984 0
    endloop
  endfacet
  facet normal 0 0 -1
    outer loop
      vertex -4.66373 2.2999 0
      vertex -6.99561 3.44984 0
      vertex -6.75499 3.89999 0
    endloop
  endfacet
  facet normal -0 0 -1
    outer loop
      vertex -4.50333 2.59999 0
      vertex -4.66373 2.2999 0
      vertex -6.75499 3.89999 0
    endloop
  endfacet
  facet normal -0 0 -1
    outer loop
      vertex -4.32364 2.88896 0
      vertex -4.50333 2.59999 0
      vertex -6.75499 3.89999 0
    endloop
  endfacet
  facet normal 0 -0 -1
    outer loop
      vertex -6.48546 4.33344 0
      vertex -4.32364 2.88896 0
      vertex -6.75499 3.89999 0
    endloop
  endfacet
  facet normal 0 0 -1
    outer loop
      vertex -6.48546 4.33344 0
      vertex -6.18814 4.74834 0
      vertex -4.32364 2.88896 0
    endloop
  endfacet
  facet normal 0 0 -1
    outer loop
      vertex -4.32364 2.88896 0
      vertex -6.18814 4.74834 0
      vertex -4.12543 3.16556 0
    endloop
  endfacet
  facet normal 0 0 -1
    outer loop
      vertex -4.12543 3.16556 0
      vertex -6.18814 4.74834 0
      vertex -3.90956 3.42859 0
    endloop
  endfacet
  facet normal 0 0 -1
    outer loop
      vertex -3.90956 3.42859 0
      vertex -6.18814 4.74834 0
      vertex -5.86435 5.14288 0
    endloop
  endfacet
  facet normal 0 -0 -1
    outer loop
      vertex -5.51543 5.51543 0
      vertex -3.90956 3.42859 0
      vertex -5.86435 5.14288 0
    endloop
  endfacet
  facet normal 0 0 -1
    outer loop
      vertex -5.51543 5.51543 0
      vertex -3.67694 3.67694 0
      vertex -3.90956 3.42859 0
    endloop
  endfacet
  facet normal 0 0 -1
    outer loop
      vertex -5.51543 5.51543 0
      vertex -3.42859 3.90956 0
      vertex -3.67694 3.67694 0
    endloop
  endfacet
  facet normal 0 0 -1
    outer loop
      vertex -5.51543 5.51543 0
      vertex -5.14288 5.86435 0
      vertex -3.42859 3.90956 0
    endloop
  endfacet
  facet normal 0 0 -1
    outer loop
      vertex -3.42859 3.90956 0
      vertex -5.14288 5.86435 0
      vertex -4.90915 6.05617 0
    endloop
  endfacet
  facet normal -0 0 -1
    outer loop
      vertex -3.16556 4.12543 0
      vertex -3.42859 3.90956 0
      vertex -4.90915 6.05617 0
    endloop
  endfacet
  facet normal -0 0 -1
    outer loop
      vertex -2.88896 4.32364 0
      vertex -3.16556 4.12543 0
      vertex -4.90915 6.05617 0
    endloop
  endfacet
  facet normal -0 0 -1
    outer loop
      vertex -2.59999 4.50333 0
      vertex -2.88896 4.32364 0
      vertex -4.90915 6.05617 0
    endloop
  endfacet
  facet normal -0 0 -1
    outer loop
      vertex -2.2999 4.66373 0
      vertex -2.59999 4.50333 0
      vertex -4.90915 6.05617 0
    endloop
  endfacet
  facet normal -0 0 -1
    outer loop
      vertex -1.98994 4.80417 0
      vertex -2.2999 4.66373 0
      vertex -4.90915 6.05617 0
    endloop
  endfacet
  facet normal -0 0 -1
    outer loop
      vertex -1.67148 4.92403 0
      vertex -1.98994 4.80417 0
      vertex -4.90915 6.05617 0
    endloop
  endfacet
  facet normal -0 0 -1
    outer loop
      vertex -1.34586 5.02281 0
      vertex -1.67148 4.92403 0
      vertex -4.90915 6.05617 0
    endloop
  endfacet
  facet normal -0 0 -1
    outer loop
      vertex -0.169678 11.5111 0
      vertex -0.340088 5.18886 0
      vertex -0.253616 11.525 0
    endloop
  endfacet
  facet normal 0 0 -1
    outer loop
      vertex -0.340088 5.18886 0
      vertex -0.085022 11.5028 0
      vertex 0 5.2 0
    endloop
  endfacet
  facet normal 0 -0 -1
    outer loop
      vertex -0.169678 11.5111 0
      vertex -0.085022 11.5028 0
      vertex -0.340088 5.18886 0
    endloop
  endfacet
  facet normal 0 0 -1
    outer loop
      vertex 0.678726 5.1555 0
      vertex 0.336456 11.5443 0
      vertex 0.417862 11.569 0
    endloop
  endfacet
  facet normal 0 -0 -1
    outer loop
      vertex 0.919235 11.8808 0
      vertex 4.90915 6.05617 0
      vertex 0.857147 11.8226 0
    endloop
  endfacet
  facet normal 0 0 -1
    outer loop
      vertex 1.34586 5.02281 0
      vertex 4.90915 6.05617 0
      vertex 1.67148 4.92403 0
    endloop
  endfacet
  facet normal 0 0 -1
    outer loop
      vertex 4.90915 6.05617 0
      vertex 2.2999 4.66373 0
      vertex 1.98994 4.80417 0
    endloop
  endfacet
  facet normal 0 0 -1
    outer loop
      vertex 2.88896 4.32364 0
      vertex 2.59999 4.50333 0
      vertex 4.90915 6.05617 0
    endloop
  endfacet
  facet normal 0 0 -1
    outer loop
      vertex 3.16556 4.12543 0
      vertex 4.90915 6.05617 0
      vertex 3.42859 3.90956 0
    endloop
  endfacet
  facet normal 0 0 -1
    outer loop
      vertex 3.42859 3.90956 0
      vertex 5.14288 5.86435 0
      vertex 5.51543 5.51543 0
    endloop
  endfacet
  facet normal 0 0 -1
    outer loop
      vertex 3.67694 3.67694 0
      vertex 5.51543 5.51543 0
      vertex 3.90956 3.42859 0
    endloop
  endfacet
  facet normal 0 0 -1
    outer loop
      vertex 3.90956 3.42859 0
      vertex 5.86435 5.14288 0
      vertex 6.18814 4.74834 0
    endloop
  endfacet
  facet normal 0 0 -1
    outer loop
      vertex 4.12543 3.16556 0
      vertex 6.18814 4.74834 0
      vertex 4.32364 2.88896 0
    endloop
  endfacet
  facet normal 0 0 -1
    outer loop
      vertex 4.32364 2.88896 0
      vertex 6.48546 4.33344 0
      vertex 6.75499 3.89999 0
    endloop
  endfacet
  facet normal 0 0 -1
    outer loop
      vertex 4.50333 2.59999 0
      vertex 6.75499 3.89999 0
      vertex 4.66373 2.2999 0
    endloop
  endfacet
  facet normal 0 0 -1
    outer loop
      vertex 4.66373 2.2999 0
      vertex 6.99561 3.44984 0
      vertex 4.80417 1.98994 0
    endloop
  endfacet
  facet normal -0 0 -1
    outer loop
      vertex 7.38605 2.50722 0
      vertex 4.80417 1.98994 0
      vertex 7.20625 2.98492 0
    endloop
  endfacet
  facet normal 0 0 -1
    outer loop
      vertex 4.80417 1.98994 0
      vertex 6.99561 3.44984 0
      vertex 7.20625 2.98492 0
    endloop
  endfacet
  facet normal 0 0 -1
    outer loop
      vertex 5.02281 1.34586 0
      vertex 4.92403 1.67148 0
      vertex 7.38605 2.50722 0
    endloop
  endfacet
  facet normal 0 0 -1
    outer loop
      vertex 4.92403 1.67148 0
      vertex 4.80417 1.98994 0
      vertex 7.38605 2.50722 0
    endloop
  endfacet
  facet normal 0 0 -1
    outer loop
      vertex 5.10008 1.01447 0
      vertex 5.02281 1.34586 0
      vertex 7.53421 2.01878 0
    endloop
  endfacet
  facet normal 0 0 -1
    outer loop
      vertex 5.02281 1.34586 0
      vertex 7.38605 2.50722 0
      vertex 7.53421 2.01878 0
    endloop
  endfacet
  facet normal -0 0 -1
    outer loop
      vertex 7.73326 1.0181 0
      vertex 5.10008 1.01447 0
      vertex 7.65012 1.5217 0
    endloop
  endfacet
  facet normal 0 0 -1
    outer loop
      vertex 5.10008 1.01447 0
      vertex 7.53421 2.01878 0
      vertex 7.65012 1.5217 0
    endloop
  endfacet
  facet normal 0 0 -1
    outer loop
      vertex 5.18886 0.340088 0
      vertex 5.1555 0.678726 0
      vertex 7.73326 1.0181 0
    endloop
  endfacet
  facet normal 0 0 -1
    outer loop
      vertex 5.1555 0.678726 0
      vertex 5.10008 1.01447 0
      vertex 7.73326 1.0181 0
    endloop
  endfacet
  facet normal 0 0 -1
    outer loop
      vertex 5.2 0 0
      vertex 5.18886 0.340088 0
      vertex 7.78329 0.510132 0
    endloop
  endfacet
  facet normal 0 0 -1
    outer loop
      vertex 5.18886 0.340088 0
      vertex 7.73326 1.0181 0
      vertex 7.78329 0.510132 0
    endloop
  endfacet
  facet normal 0 0 -1
    outer loop
      vertex 7.78329 -0.510132 0
      vertex 5.2 0 0
      vertex 7.79999 0 0
    endloop
  endfacet
  facet normal 0 0 -1
    outer loop
      vertex 5.2 0 0
      vertex 7.78329 0.510132 0
      vertex 7.79999 0 0
    endloop
  endfacet
  facet normal 0 0 -1
    outer loop
      vertex 7.73326 -1.0181 0
      vertex 5.18886 -0.340088 0
      vertex 7.78329 -0.510132 0
    endloop
  endfacet
  facet normal 0 0 -1
    outer loop
      vertex 5.18886 -0.340088 0
      vertex 5.2 0 0
      vertex 7.78329 -0.510132 0
    endloop
  endfacet
  facet normal 0 0 -1
    outer loop
      vertex 5.10008 -1.01447 0
      vertex 5.1555 -0.678726 0
      vertex 7.73326 -1.0181 0
    endloop
  endfacet
  facet normal 0 0 -1
    outer loop
      vertex 5.1555 -0.678726 0
      vertex 5.18886 -0.340088 0
      vertex 7.73326 -1.0181 0
    endloop
  endfacet
  facet normal 0 0 -1
    outer loop
      vertex 7.53421 -2.01878 0
      vertex 5.10008 -1.01447 0
      vertex 7.65012 -1.5217 0
    endloop
  endfacet
  facet normal 0 0 -1
    outer loop
      vertex 5.10008 -1.01447 0
      vertex 7.73326 -1.0181 0
      vertex 7.65012 -1.5217 0
    endloop
  endfacet
  facet normal 0 0 -1
    outer loop
      vertex 7.38605 -2.50722 0
      vertex 5.02281 -1.34586 0
      vertex 7.53421 -2.01878 0
    endloop
  endfacet
  facet normal 0 0 -1
    outer loop
      vertex 5.02281 -1.34586 0
      vertex 5.10008 -1.01447 0
      vertex 7.53421 -2.01878 0
    endloop
  endfacet
  facet normal 0 0 -1
    outer loop
      vertex 4.80417 -1.98994 0
      vertex 4.92403 -1.67148 0
      vertex 7.38605 -2.50722 0
    endloop
  endfacet
  facet normal 0 0 -1
    outer loop
      vertex 4.92403 -1.67148 0
      vertex 5.02281 -1.34586 0
      vertex 7.38605 -2.50722 0
    endloop
  endfacet
  facet normal 0 0 -1
    outer loop
      vertex 6.99561 -3.44984 0
      vertex 4.80417 -1.98994 0
      vertex 7.20625 -2.98492 0
    endloop
  endfacet
  facet normal 0 0 -1
    outer loop
      vertex 4.80417 -1.98994 0
      vertex 7.38605 -2.50722 0
      vertex 7.20625 -2.98492 0
    endloop
  endfacet
  facet normal 0 0 -1
    outer loop
      vertex 6.75499 -3.89999 0
      vertex 4.66373 -2.2999 0
      vertex 6.99561 -3.44984 0
    endloop
  endfacet
  facet normal 0 0 -1
    outer loop
      vertex 4.66373 -2.2999 0
      vertex 4.80417 -1.98994 0
      vertex 6.99561 -3.44984 0
    endloop
  endfacet
  facet normal 0 0 -1
    outer loop
      vertex 6.75499 -3.89999 0
      vertex 4.50333 -2.59999 0
      vertex 4.66373 -2.2999 0
    endloop
  endfacet
  facet normal 0 -0 -1
    outer loop
      vertex 4.32364 -2.88896 0
      vertex 6.18814 -4.74834 0
      vertex 4.12543 -3.16556 0
    endloop
  endfacet
  facet normal 0 -0 -1
    outer loop
      vertex 4.12543 -3.16556 0
      vertex 6.18814 -4.74834 0
      vertex 3.90956 -3.42859 0
    endloop
  endfacet
  facet normal 0 0 -1
    outer loop
      vertex 3.90956 -3.42859 0
      vertex 6.18814 -4.74834 0
      vertex 5.86435 -5.14288 0
    endloop
  endfacet
  facet normal 0 0 -1
    outer loop
      vertex 3.79999 -3.54558 0
      vertex 3.90956 -3.42859 0
      vertex 5.86435 -5.14288 0
    endloop
  endfacet
  facet normal 0 0 -1
    outer loop
      vertex 5.51543 -5.51543 0
      vertex 3.79999 -3.54558 0
      vertex 5.86435 -5.14288 0
    endloop
  endfacet
  facet normal -0 0 -1
    outer loop
      vertex 5.51543 -5.51543 0
      vertex 5.14288 -5.86435 0
      vertex 3.79999 -3.54558 0
    endloop
  endfacet
  facet normal 0 0 -1
    outer loop
      vertex 3.79999 -3.54558 0
      vertex 5.14288 -5.86435 0
      vertex 3.79999 -6 0
    endloop
  endfacet
  facet normal 0 0 -1
    outer loop
      vertex 5.14288 -5.86435 0
      vertex 4.74834 -6.18814 0
      vertex 3.79999 -6 0
    endloop
  endfacet
  facet normal 0 0 -1
    outer loop
      vertex 3.79999 -6 0
      vertex 4.74834 -6.18814 0
      vertex 4.33344 -6.48546 0
    endloop
  endfacet
  facet normal 0 0 -1
    outer loop
      vertex 4.19681 -6.57042 0
      vertex 3.79999 -6 0
      vertex 4.33344 -6.48546 0
    endloop
  endfacet
  facet normal 0 0 -1
    outer loop
      vertex -1.33926 38.2546 0
      vertex -0.707092 31.7071 0
      vertex -0.751831 31.6593 0
    endloop
  endfacet
  facet normal -0 0 -1
    outer loop
      vertex 3.8105 42.2 0
      vertex 1.82922 41.2222 0
      vertex 3.65846 42.4445 0
    endloop
  endfacet
  facet normal 0 0 -1
    outer loop
      vertex -1.45055 38.3459 0
      vertex -1.33926 38.2546 0
      vertex -0.751831 31.6593 0
    endloop
  endfacet
  facet normal 0 0 -1
    outer loop
      vertex 1.97311 40.973 0
      vertex 1.90524 41.1 0
      vertex 3.8105 42.2 0
    endloop
  endfacet
  facet normal 0 0 -1
    outer loop
      vertex -0.79335 31.6087 0
      vertex -1.45055 38.3459 0
      vertex -0.751831 31.6593 0
    endloop
  endfacet
  facet normal 0 0 -1
    outer loop
      vertex -0.831467 31.5556 0
      vertex -1.55563 38.4444 0
      vertex -1.45055 38.3459 0
    endloop
  endfacet
  facet normal 0 0 -1
    outer loop
      vertex -0.831467 31.5556 0
      vertex -4.39999 40 0
      vertex -1.55563 38.4444 0
    endloop
  endfacet
  facet normal -0 0 -1
    outer loop
      vertex -0.831467 31.5556 0
      vertex -0.866013 31.5 0
      vertex -4.39999 40 0
    endloop
  endfacet
  facet normal 0 0 -1
    outer loop
      vertex -4.39999 40 0
      vertex -0.896866 31.4423 0
      vertex -0.923874 31.3827 0
    endloop
  endfacet
  facet normal 0 0 -1
    outer loop
      vertex -0.965912 31.2588 0
      vertex -4.39999 40 0
      vertex -0.94693 31.3214 0
    endloop
  endfacet
  facet normal -0 0 -1
    outer loop
      vertex -0.965912 31.2588 0
      vertex -0.980774 31.1951 0
      vertex -4.39999 40 0
    endloop
  endfacet
  facet normal -0 0 -1
    outer loop
      vertex -0.253616 11.525 0
      vertex -0.678726 5.1555 0
      vertex -0.336456 11.5443 0
    endloop
  endfacet
  facet normal 0 0 -1
    outer loop
      vertex -1 31 0
      vertex -4.39999 40 0
      vertex -0.997849 31.0654 0
    endloop
  endfacet
  facet normal 0 0 -1
    outer loop
      vertex -4.39999 40 0
      vertex -0.99144 31.1305 0
      vertex -0.997849 31.0654 0
    endloop
  endfacet
  facet normal 0 0 -1
    outer loop
      vertex -4.39999 40 0
      vertex -1.74538 38.6607 0
      vertex -1.65404 38.5494 0
    endloop
  endfacet
  facet normal 0 0 -1
    outer loop
      vertex -4.39999 40 0
      vertex -1.65404 38.5494 0
      vertex -1.55563 38.4444 0
    endloop
  endfacet
  facet normal 0 0 -1
    outer loop
      vertex -1.82922 38.7777 0
      vertex -4.39999 40 0
      vertex -1.90524 38.9 0
    endloop
  endfacet
  facet normal 0 0 -1
    outer loop
      vertex -1.97311 39.027 0
      vertex -4.39999 40 0
      vertex -2.03253 39.1581 0
    endloop
  endfacet
  facet normal 0 0 -1
    outer loop
      vertex -1.90524 38.9 0
      vertex -4.39999 40 0
      vertex -1.97311 39.027 0
    endloop
  endfacet
  facet normal 0 0 -1
    outer loop
      vertex -4.39999 40 0
      vertex -2.12503 39.4306 0
      vertex -2.08324 39.2928 0
    endloop
  endfacet
  facet normal 0 0 -1
    outer loop
      vertex -4.39999 40 0
      vertex -2.08324 39.2928 0
      vertex -2.03253 39.1581 0
    endloop
  endfacet
  facet normal 0 0 -1
    outer loop
      vertex -4.39999 40 0
      vertex -2.15771 39.5708 0
      vertex -2.12503 39.4306 0
    endloop
  endfacet
  facet normal -0 -0 -1
    outer loop
      vertex -2.19528 39.8561 0
      vertex -2.18117 39.7128 0
      vertex -4.39999 40 0
    endloop
  endfacet
  facet normal 0 0 -1
    outer loop
      vertex -2.2 40 0
      vertex -4.39058 40.2878 0
      vertex -2.19528 40.1439 0
    endloop
  endfacet
  facet normal 0 0 -1
    outer loop
      vertex -4.39999 40 0
      vertex -4.39058 40.2878 0
      vertex -2.2 40 0
    endloop
  endfacet
  facet normal 0 0 -1
    outer loop
      vertex -2.19528 40.1439 0
      vertex -4.36235 40.5743 0
      vertex -2.18117 40.2872 0
    endloop
  endfacet
  facet normal 0 0 -1
    outer loop
      vertex -4.39058 40.2878 0
      vertex -4.36235 40.5743 0
      vertex -2.19528 40.1439 0
    endloop
  endfacet
  facet normal 0 0 -1
    outer loop
      vertex -2.18117 40.2872 0
      vertex -4.31544 40.8584 0
      vertex -2.15771 40.4292 0
    endloop
  endfacet
  facet normal 0 0 -1
    outer loop
      vertex -4.36235 40.5743 0
      vertex -4.31544 40.8584 0
      vertex -2.18117 40.2872 0
    endloop
  endfacet
  facet normal 0 0 -1
    outer loop
      vertex -4.31544 40.8584 0
      vertex -4.25006 41.1388 0
      vertex -2.12503 40.5694 0
    endloop
  endfacet
  facet normal 0 0 -1
    outer loop
      vertex -4.31544 40.8584 0
      vertex -2.12503 40.5694 0
      vertex -2.15771 40.4292 0
    endloop
  endfacet
  facet normal 0 0 -1
    outer loop
      vertex -2.12503 40.5694 0
      vertex -4.25006 41.1388 0
      vertex -4.16649 41.4143 0
    endloop
  endfacet
  facet normal 0 -0 -1
    outer loop
      vertex -4.06506 41.6838 0
      vertex -2.03253 40.8419 0
      vertex -4.16649 41.4143 0
    endloop
  endfacet
  facet normal 0 0 -1
    outer loop
      vertex -3.94623 41.9461 0
      vertex -1.97311 40.973 0
      vertex -2.03253 40.8419 0
    endloop
  endfacet
  facet normal 0 0 -1
    outer loop
      vertex -1.97311 40.973 0
      vertex -3.8105 42.2 0
      vertex -1.90524 41.1 0
    endloop
  endfacet
  facet normal 0 0 -1
    outer loop
      vertex -3.94623 41.9461 0
      vertex -3.8105 42.2 0
      vertex -1.97311 40.973 0
    endloop
  endfacet
  facet normal 0 0 -1
    outer loop
      vertex -3.8105 42.2 0
      vertex -3.65846 42.4445 0
      vertex -1.82922 41.2222 0
    endloop
  endfacet
  facet normal 0 0 -1
    outer loop
      vertex -3.8105 42.2 0
      vertex -1.82922 41.2222 0
      vertex -1.90524 41.1 0
    endloop
  endfacet
  facet normal 0 0 -1
    outer loop
      vertex -1.82922 41.2222 0
      vertex -3.65846 42.4445 0
      vertex -1.74538 41.3393 0
    endloop
  endfacet
  facet normal 0 0 -1
    outer loop
      vertex -1.74538 41.3393 0
      vertex -3.30809 42.9011 0
      vertex -1.65404 41.4505 0
    endloop
  endfacet
  facet normal 0 0 -1
    outer loop
      vertex -3.49075 42.6785 0
      vertex -3.30809 42.9011 0
      vertex -1.74538 41.3393 0
    endloop
  endfacet
  facet normal 0 0 -1
    outer loop
      vertex -3.30809 42.9011 0
      vertex -3.11127 43.1113 0
      vertex -1.55563 41.5556 0
    endloop
  endfacet
  facet normal 0 0 -1
    outer loop
      vertex -3.30809 42.9011 0
      vertex -1.55563 41.5556 0
      vertex -1.65404 41.4505 0
    endloop
  endfacet
  facet normal 0 0 -1
    outer loop
      vertex -1.55563 41.5556 0
      vertex -2.90111 43.3081 0
      vertex -1.45055 41.654 0
    endloop
  endfacet
  facet normal 0 0 -1
    outer loop
      vertex -3.11127 43.1113 0
      vertex -2.90111 43.3081 0
      vertex -1.55563 41.5556 0
    endloop
  endfacet
  facet normal 0 0 -1
    outer loop
      vertex -1.45055 41.654 0
      vertex -2.90111 43.3081 0
      vertex -1.33926 41.7454 0
    endloop
  endfacet
  facet normal 0 0 -1
    outer loop
      vertex -1.33926 41.7454 0
      vertex -2.4445 43.6585 0
      vertex -1.22224 41.8292 0
    endloop
  endfacet
  facet normal 0 0 -1
    outer loop
      vertex -2.67854 43.4908 0
      vertex -2.4445 43.6585 0
      vertex -1.33926 41.7454 0
    endloop
  endfacet
  facet normal 0 0 -1
    outer loop
      vertex -1.22224 41.8292 0
      vertex -2.2 43.8105 0
      vertex -1.09999 41.9052 0
    endloop
  endfacet
  facet normal 0 0 -1
    outer loop
      vertex -2.4445 43.6585 0
      vertex -2.2 43.8105 0
      vertex -1.22224 41.8292 0
    endloop
  endfacet
  facet normal 0 0 -1
    outer loop
      vertex -2.2 43.8105 0
      vertex -1.94606 43.9462 0
      vertex -0.973022 41.9731 0
    endloop
  endfacet
  facet normal 0 0 -1
    outer loop
      vertex -2.2 43.8105 0
      vertex -0.973022 41.9731 0
      vertex -1.09999 41.9052 0
    endloop
  endfacet
  facet normal 0 0 -1
    outer loop
      vertex -1.94606 43.9462 0
      vertex -1.68379 44.0651 0
      vertex -0.841888 42.0325 0
    endloop
  endfacet
  facet normal 0 0 -1
    outer loop
      vertex -1.94606 43.9462 0
      vertex -0.841888 42.0325 0
      vertex -0.973022 41.9731 0
    endloop
  endfacet
  facet normal 0 0 -1
    outer loop
      vertex -0.841888 42.0325 0
      vertex -1.41432 44.1665 0
      vertex -0.707153 42.0832 0
    endloop
  endfacet
  facet normal 0 0 -1
    outer loop
      vertex -1.68379 44.0651 0
      vertex -1.41432 44.1665 0
      vertex -0.841888 42.0325 0
    endloop
  endfacet
  facet normal 0 0 -1
    outer loop
      vertex -1.41432 44.1665 0
      vertex -1.13879 44.2501 0
      vertex -0.569397 42.125 0
    endloop
  endfacet
  facet normal 0 0 -1
    outer loop
      vertex -1.41432 44.1665 0
      vertex -0.569397 42.125 0
      vertex -0.707153 42.0832 0
    endloop
  endfacet
  facet normal 0 0 -1
    outer loop
      vertex -0.569397 42.125 0
      vertex -0.858383 44.3154 0
      vertex -0.429184 42.1577 0
    endloop
  endfacet
  facet normal 0 0 -1
    outer loop
      vertex -1.13879 44.2501 0
      vertex -0.858383 44.3154 0
      vertex -0.569397 42.125 0
    endloop
  endfacet
  facet normal 0 0 -1
    outer loop
      vertex -0.858383 44.3154 0
      vertex -0.57431 44.3624 0
      vertex -0.287155 42.1812 0
    endloop
  endfacet
  facet normal 0 0 -1
    outer loop
      vertex -0.858383 44.3154 0
      vertex -0.287155 42.1812 0
      vertex -0.429184 42.1577 0
    endloop
  endfacet
  facet normal 0 0 -1
    outer loop
      vertex -0.287155 42.1812 0
      vertex -0.57431 44.3624 0
      vertex -0.143875 42.1953 0
    endloop
  endfacet
  facet normal 0 0 -1
    outer loop
      vertex -0.143875 42.1953 0
      vertex -0.287766 44.3906 0
      vertex 0 42.2 0
    endloop
  endfacet
  facet normal 0 0 -1
    outer loop
      vertex 0 42.2 0
      vertex 0.287766 44.3906 0
      vertex 0.143875 42.1953 0
    endloop
  endfacet
  facet normal 0 0 -1
    outer loop
      vertex 0 44.4 0
      vertex 0.287766 44.3906 0
      vertex 0 42.2 0
    endloop
  endfacet
  facet normal 0 0 -1
    outer loop
      vertex 0.143875 42.1953 0
      vertex 0.57431 44.3624 0
      vertex 0.287155 42.1812 0
    endloop
  endfacet
  facet normal 0 -0 -1
    outer loop
      vertex 0.287766 44.3906 0
      vertex 0.57431 44.3624 0
      vertex 0.143875 42.1953 0
    endloop
  endfacet
  facet normal 0 0 -1
    outer loop
      vertex 0.287155 42.1812 0
      vertex 0.57431 44.3624 0
      vertex 0.858383 44.3154 0
    endloop
  endfacet
  facet normal 0 -0 -1
    outer loop
      vertex 0.858383 44.3154 0
      vertex 1.13879 44.2501 0
      vertex 0.569397 42.125 0
    endloop
  endfacet
  facet normal 0 0 -1
    outer loop
      vertex 0.858383 44.3154 0
      vertex 0.569397 42.125 0
      vertex 0.429184 42.1577 0
    endloop
  endfacet
  facet normal 0 0 -1
    outer loop
      vertex 1.41432 44.1665 0
      vertex 0.707153 42.0832 0
      vertex 0.569397 42.125 0
    endloop
  endfacet
  facet normal 0 0 -1
    outer loop
      vertex 0.707153 42.0832 0
      vertex 1.41432 44.1665 0
      vertex 0.841888 42.0325 0
    endloop
  endfacet
  facet normal 0 0 -1
    outer loop
      vertex 1.94606 43.9462 0
      vertex 0.973022 41.9731 0
      vertex 0.841888 42.0325 0
    endloop
  endfacet
  facet normal 0 0 -1
    outer loop
      vertex 0.973022 41.9731 0
      vertex 2.2 43.8105 0
      vertex 1.09999 41.9052 0
    endloop
  endfacet
  facet normal 0 -0 -1
    outer loop
      vertex 1.94606 43.9462 0
      vertex 2.2 43.8105 0
      vertex 0.973022 41.9731 0
    endloop
  endfacet
  facet normal -0 0 -1
    outer loop
      vertex 2.4445 43.6585 0
      vertex 1.22224 41.8292 0
      vertex 2.2 43.8105 0
    endloop
  endfacet
  facet normal 0 -0 -1
    outer loop
      vertex 2.4445 43.6585 0
      vertex 2.67854 43.4908 0
      vertex 1.33926 41.7454 0
    endloop
  endfacet
  facet normal 0 0 -1
    outer loop
      vertex 2.4445 43.6585 0
      vertex 1.33926 41.7454 0
      vertex 1.22224 41.8292 0
    endloop
  endfacet
  facet normal 0 0 -1
    outer loop
      vertex 1.33926 41.7454 0
      vertex 2.90111 43.3081 0
      vertex 1.45055 41.654 0
    endloop
  endfacet
  facet normal 0 -0 -1
    outer loop
      vertex 2.67854 43.4908 0
      vertex 2.90111 43.3081 0
      vertex 1.33926 41.7454 0
    endloop
  endfacet
  facet normal 0 -0 -1
    outer loop
      vertex 2.90111 43.3081 0
      vertex 3.11127 43.1113 0
      vertex 1.55563 41.5556 0
    endloop
  endfacet
  facet normal 0 0 -1
    outer loop
      vertex 2.90111 43.3081 0
      vertex 1.55563 41.5556 0
      vertex 1.45055 41.654 0
    endloop
  endfacet
  facet normal 0 0 -1
    outer loop
      vertex 1.55563 41.5556 0
      vertex 3.11127 43.1113 0
      vertex 3.30809 42.9011 0
    endloop
  endfacet
  facet normal -0 0 -1
    outer loop
      vertex 3.49075 42.6785 0
      vertex 1.74538 41.3393 0
      vertex 3.30809 42.9011 0
    endloop
  endfacet
  facet normal 0 0 -1
    outer loop
      vertex 3.65846 42.4445 0
      vertex 1.82922 41.2222 0
      vertex 1.74538 41.3393 0
    endloop
  endfacet
  facet normal 0 0 -1
    outer loop
      vertex 3.8105 42.2 0
      vertex 1.90524 41.1 0
      vertex 1.82922 41.2222 0
    endloop
  endfacet
  facet normal -0 0 -1
    outer loop
      vertex 3.94623 41.9461 0
      vertex 1.97311 40.973 0
      vertex 3.8105 42.2 0
    endloop
  endfacet
  facet normal 0 0 -1
    outer loop
      vertex 3.94623 41.9461 0
      vertex 2.03253 40.8419 0
      vertex 1.97311 40.973 0
    endloop
  endfacet
  facet normal 0 -0 -1
    outer loop
      vertex 3.94623 41.9461 0
      vertex 4.06506 41.6838 0
      vertex 2.03253 40.8419 0
    endloop
  endfacet
  facet normal 0 0 -1
    outer loop
      vertex 2.03253 40.8419 0
      vertex 4.06506 41.6838 0
      vertex 4.16649 41.4143 0
    endloop
  endfacet
  facet normal 0 0 -1
    outer loop
      vertex 2.08324 40.7072 0
      vertex 2.03253 40.8419 0
      vertex 4.16649 41.4143 0
    endloop
  endfacet
  facet normal 0 0 -1
    outer loop
      vertex 2.12503 40.5694 0
      vertex 2.08324 40.7072 0
      vertex 4.16649 41.4143 0
    endloop
  endfacet
  facet normal -0 0 -1
    outer loop
      vertex 4.25006 41.1388 0
      vertex 2.12503 40.5694 0
      vertex 4.16649 41.4143 0
    endloop
  endfacet
  facet normal 0 -0 -1
    outer loop
      vertex 4.25006 41.1388 0
      vertex 4.31544 40.8584 0
      vertex 2.12503 40.5694 0
    endloop
  endfacet
  facet normal 0 0 -1
    outer loop
      vertex 2.12503 40.5694 0
      vertex 4.31544 40.8584 0
      vertex 2.15771 40.4292 0
    endloop
  endfacet
  facet normal 0 0 -1
    outer loop
      vertex 2.15771 40.4292 0
      vertex 4.31544 40.8584 0
      vertex 2.18117 40.2872 0
    endloop
  endfacet
  facet normal 0 0 -1
    outer loop
      vertex 2.18117 40.2872 0
      vertex 4.31544 40.8584 0
      vertex 4.36235 40.5743 0
    endloop
  endfacet
  facet normal 0 0 -1
    outer loop
      vertex 2.19528 40.1439 0
      vertex 2.18117 40.2872 0
      vertex 4.36235 40.5743 0
    endloop
  endfacet
  facet normal -0 0 -1
    outer loop
      vertex 4.39058 40.2878 0
      vertex 2.19528 40.1439 0
      vertex 4.36235 40.5743 0
    endloop
  endfacet
  facet normal 0 0 -1
    outer loop
      vertex 4.39058 40.2878 0
      vertex 2.2 40 0
      vertex 2.19528 40.1439 0
    endloop
  endfacet
  facet normal 0 -0 -1
    outer loop
      vertex 4.39058 40.2878 0
      vertex 4.39999 40 0
      vertex 2.2 40 0
    endloop
  endfacet
  facet normal 0 -0 -1
    outer loop
      vertex 2.2 40 0
      vertex 4.39999 40 0
      vertex 2.19528 39.8561 0
    endloop
  endfacet
  facet normal 0 -0 -1
    outer loop
      vertex 2.19528 39.8561 0
      vertex 4.39999 40 0
      vertex 2.18117 39.7128 0
    endloop
  endfacet
  facet normal 0 -0 -1
    outer loop
      vertex 2.18117 39.7128 0
      vertex 4.39999 40 0
      vertex 2.15771 39.5708 0
    endloop
  endfacet
  facet normal 0 -0 -1
    outer loop
      vertex 2.15771 39.5708 0
      vertex 4.39999 40 0
      vertex 2.12503 39.4306 0
    endloop
  endfacet
  facet normal 0 -0 -1
    outer loop
      vertex 2.12503 39.4306 0
      vertex 4.39999 40 0
      vertex 2.08324 39.2928 0
    endloop
  endfacet
  facet normal 0 -0 -1
    outer loop
      vertex 2.08324 39.2928 0
      vertex 4.39999 40 0
      vertex 2.03253 39.1581 0
    endloop
  endfacet
  facet normal 0 -0 -1
    outer loop
      vertex 2.03253 39.1581 0
      vertex 4.39999 40 0
      vertex 1.97311 39.027 0
    endloop
  endfacet
  facet normal 0 -0 -1
    outer loop
      vertex 1.97311 39.027 0
      vertex 4.39999 40 0
      vertex 1.90524 38.9 0
    endloop
  endfacet
  facet normal 0 0 -1
    outer loop
      vertex 4.39999 40 0
      vertex 1.74538 38.6607 0
      vertex 1.82922 38.7777 0
    endloop
  endfacet
  facet normal 0 0 -1
    outer loop
      vertex 4.39999 40 0
      vertex 1.65404 38.5494 0
      vertex 1.74538 38.6607 0
    endloop
  endfacet
  facet normal 0 0 -1
    outer loop
      vertex 4.39999 40 0
      vertex 1.55563 38.4444 0
      vertex 1.65404 38.5494 0
    endloop
  endfacet
  facet normal 0 0 -1
    outer loop
      vertex 0.130524 31.9914 0
      vertex 0.287155 37.8188 0
      vertex 0.195084 31.9808 0
    endloop
  endfacet
  facet normal -0 -0 -1
    outer loop
      vertex -0.429184 37.8423 0
      vertex -0.321426 31.9469 0
      vertex -0.569397 37.875 0
    endloop
  endfacet
  facet normal 0 0 -1
    outer loop
      vertex -0.569397 37.875 0
      vertex -0.321426 31.9469 0
      vertex -0.382675 31.9239 0
    endloop
  endfacet
  facet normal 0 0 -1
    outer loop
      vertex -0.442276 31.8969 0
      vertex -0.841888 37.9675 0
      vertex -0.707153 37.9167 0
    endloop
  endfacet
  facet normal -0 0 -1
    outer loop
      vertex -0.442276 31.8969 0
      vertex -0.5 31.866 0
      vertex -0.841888 37.9675 0
    endloop
  endfacet
  facet normal -0 -0 -1
    outer loop
      vertex -0.841888 37.9675 0
      vertex -0.5 31.866 0
      vertex -0.973022 38.0269 0
    endloop
  endfacet
  facet normal 0 0 -1
    outer loop
      vertex -1.09999 38.0947 0
      vertex -0.973022 38.0269 0
      vertex -0.608749 31.7934 0
    endloop
  endfacet
  facet normal 0 0 -1
    outer loop
      vertex -0.659332 31.7518 0
      vertex -1.09999 38.0947 0
      vertex -0.608749 31.7934 0
    endloop
  endfacet
  facet normal 0 0 -1
    outer loop
      vertex -0.659332 31.7518 0
      vertex -1.22224 38.1708 0
      vertex -1.09999 38.0947 0
    endloop
  endfacet
  facet normal 0 0 -1
    outer loop
      vertex -0.678726 5.1555 0
      vertex -0.253616 11.525 0
      vertex -0.340088 5.18886 0
    endloop
  endfacet
  facet normal 0 0 -1
    outer loop
      vertex -0.0653992 31.9978 0
      vertex 0 37.8 0
      vertex 0 32 0
    endloop
  endfacet
  facet normal -0 0 -1
    outer loop
      vertex -0.336456 11.5443 0
      vertex -0.678726 5.1555 0
      vertex -0.417862 11.569 0
    endloop
  endfacet
  facet normal 0 0 -1
    outer loop
      vertex -0.417862 11.569 0
      vertex -0.678726 5.1555 0
      vertex -1.01447 5.10008 0
    endloop
  endfacet
  facet normal 0 -0 -1
    outer loop
      vertex -0.497482 11.599 0
      vertex -0.417862 11.569 0
      vertex -1.01447 5.10008 0
    endloop
  endfacet
  facet normal 0 0 -1
    outer loop
      vertex -1.34586 5.02281 0
      vertex -0.497482 11.599 0
      vertex -1.01447 5.10008 0
    endloop
  endfacet
  facet normal 0 0 -1
    outer loop
      vertex -1.34586 5.02281 0
      vertex -0.574966 11.6341 0
      vertex -0.497482 11.599 0
    endloop
  endfacet
  facet normal 0 0 -1
    outer loop
      vertex -1.34586 5.02281 0
      vertex -4.90915 6.05617 0
      vertex -0.574966 11.6341 0
    endloop
  endfacet
  facet normal -0 0 -1
    outer loop
      vertex -0.574966 11.6341 0
      vertex -4.90915 6.05617 0
      vertex -0.649994 11.6742 0
    endloop
  endfacet
  facet normal -0 0 -1
    outer loop
      vertex -0.649994 11.6742 0
      vertex -4.90915 6.05617 0
      vertex -0.722229 11.7191 0
    endloop
  endfacet
  facet normal -0 0 -1
    outer loop
      vertex -0.722229 11.7191 0
      vertex -4.90915 6.05617 0
      vertex -0.791382 11.7686 0
    endloop
  endfacet
  facet normal -0 0 -1
    outer loop
      vertex -0.791382 11.7686 0
      vertex -4.90915 6.05617 0
      vertex -0.857147 11.8226 0
    endloop
  endfacet
  facet normal -0 0 -1
    outer loop
      vertex -0.857147 11.8226 0
      vertex -4.90915 6.05617 0
      vertex -0.919235 11.8808 0
    endloop
  endfacet
  facet normal -0 0 -1
    outer loop
      vertex -0.919235 11.8808 0
      vertex -4.90915 6.05617 0
      vertex -0.977386 11.9428 0
    endloop
  endfacet
  facet normal -0 0 -1
    outer loop
      vertex -0.977386 11.9428 0
      vertex -4.90915 6.05617 0
      vertex -1.03136 12.0086 0
    endloop
  endfacet
  facet normal -0 0 -1
    outer loop
      vertex -1.03136 12.0086 0
      vertex -4.90915 6.05617 0
      vertex -1.0809 12.0777 0
    endloop
  endfacet
  facet normal -0 0 -1
    outer loop
      vertex -1.0809 12.0777 0
      vertex -4.90915 6.05617 0
      vertex -1.12582 12.15 0
    endloop
  endfacet
  facet normal -0 0 -1
    outer loop
      vertex -1.12582 12.15 0
      vertex -4.90915 6.05617 0
      vertex -1.16592 12.225 0
    endloop
  endfacet
  facet normal -0 0 -1
    outer loop
      vertex -1.16592 12.225 0
      vertex -4.90915 6.05617 0
      vertex -1.20103 12.3025 0
    endloop
  endfacet
  facet normal -0 0 -1
    outer loop
      vertex -1.20103 12.3025 0
      vertex -4.90915 6.05617 0
      vertex -1.231 12.3821 0
    endloop
  endfacet
  facet normal -0 0 -1
    outer loop
      vertex -1.231 12.3821 0
      vertex -4.90915 6.05617 0
      vertex -1.25569 12.4635 0
    endloop
  endfacet
  facet normal -0 0 -1
    outer loop
      vertex -1.25569 12.4635 0
      vertex -4.90915 6.05617 0
      vertex -1.27501 12.5464 0
    endloop
  endfacet
  facet normal -0 0 -1
    outer loop
      vertex -1.27501 12.5464 0
      vertex -4.90915 6.05617 0
      vertex -1.28886 12.6303 0
    endloop
  endfacet
  facet normal -0 0 -1
    outer loop
      vertex -1.28886 12.6303 0
      vertex -4.90915 6.05617 0
      vertex -1.29721 12.715 0
    endloop
  endfacet
  facet normal -0 0 -1
    outer loop
      vertex -1.29721 12.715 0
      vertex -4.90915 6.05617 0
      vertex -1.29999 12.8 0
    endloop
  endfacet
  facet normal -0 0 -1
    outer loop
      vertex -1 31 0
      vertex -4.90915 6.05617 0
      vertex -4.39999 40 0
    endloop
  endfacet
  facet normal -0 0 -1
    outer loop
      vertex -1.29999 12.8 0
      vertex -4.90915 6.05617 0
      vertex -1 31 0
    endloop
  endfacet
  facet normal 0 0 -1
    outer loop
      vertex -4.39999 40 0
      vertex -0.923874 31.3827 0
      vertex -0.94693 31.3214 0
    endloop
  endfacet
  facet normal -0 0 -1
    outer loop
      vertex -0.866013 31.5 0
      vertex -0.896866 31.4423 0
      vertex -4.39999 40 0
    endloop
  endfacet
  facet normal -0 -0 -1
    outer loop
      vertex -0.143875 37.8047 0
      vertex -0.130524 31.9914 0
      vertex -0.287155 37.8188 0
    endloop
  endfacet
  facet normal 0 0 -1
    outer loop
      vertex -0.831467 31.5556 0
      vertex -1.45055 38.3459 0
      vertex -0.79335 31.6087 0
    endloop
  endfacet
  facet normal -0 0 -1
    outer loop
      vertex -0.659332 31.7518 0
      vertex -0.707092 31.7071 0
      vertex -1.22224 38.1708 0
    endloop
  endfacet
  facet normal 0 0 -1
    outer loop
      vertex -0.707092 31.7071 0
      vertex -1.33926 38.2546 0
      vertex -1.22224 38.1708 0
    endloop
  endfacet
  facet normal 0 0 -1
    outer loop
      vertex -0.973022 38.0269 0
      vertex -0.5 31.866 0
      vertex -0.555557 31.8315 0
    endloop
  endfacet
  facet normal 0 0 -1
    outer loop
      vertex -0.973022 38.0269 0
      vertex -0.555557 31.8315 0
      vertex -0.608749 31.7934 0
    endloop
  endfacet
  facet normal 0 0 -1
    outer loop
      vertex -0.382675 31.9239 0
      vertex -0.707153 37.9167 0
      vertex -0.569397 37.875 0
    endloop
  endfacet
  facet normal 0 0 -1
    outer loop
      vertex -0.442276 31.8969 0
      vertex -0.707153 37.9167 0
      vertex -0.382675 31.9239 0
    endloop
  endfacet
  facet normal 0 0 -1
    outer loop
      vertex -0.429184 37.8423 0
      vertex -0.258804 31.9659 0
      vertex -0.321426 31.9469 0
    endloop
  endfacet
  facet normal 0 0 -1
    outer loop
      vertex -0.429184 37.8423 0
      vertex -0.195084 31.9808 0
      vertex -0.258804 31.9659 0
    endloop
  endfacet
  facet normal 0 0 -1
    outer loop
      vertex -0.195084 31.9808 0
      vertex -0.287155 37.8188 0
      vertex -0.130524 31.9914 0
    endloop
  endfacet
  facet normal 0 0 -1
    outer loop
      vertex -0.429184 37.8423 0
      vertex -0.287155 37.8188 0
      vertex -0.195084 31.9808 0
    endloop
  endfacet
  facet normal 0 0 -1
    outer loop
      vertex -0.143875 37.8047 0
      vertex -0.0653992 31.9978 0
      vertex -0.130524 31.9914 0
    endloop
  endfacet
  facet normal 0 0 -1
    outer loop
      vertex -0.143875 37.8047 0
      vertex 0 37.8 0
      vertex -0.0653992 31.9978 0
    endloop
  endfacet
  facet normal 0 0 -1
    outer loop
      vertex 0 32 0
      vertex 0 37.8 0
      vertex 0.0653992 31.9978 0
    endloop
  endfacet
  facet normal 0 0 -1
    outer loop
      vertex 0.0653992 31.9978 0
      vertex 0 37.8 0
      vertex 0.143875 37.8047 0
    endloop
  endfacet
  facet normal 0 0 -1
    outer loop
      vertex 0.130524 31.9914 0
      vertex 0.0653992 31.9978 0
      vertex 0.143875 37.8047 0
    endloop
  endfacet
  facet normal 0 0 -1
    outer loop
      vertex 0.287155 37.8188 0
      vertex 0.130524 31.9914 0
      vertex 0.143875 37.8047 0
    endloop
  endfacet
  facet normal 0 0 -1
    outer loop
      vertex 0.429184 37.8423 0
      vertex 0.195084 31.9808 0
      vertex 0.287155 37.8188 0
    endloop
  endfacet
  facet normal 0 0 -1
    outer loop
      vertex 0.429184 37.8423 0
      vertex 0.258804 31.9659 0
      vertex 0.195084 31.9808 0
    endloop
  endfacet
  facet normal 0 0 -1
    outer loop
      vertex 0.429184 37.8423 0
      vertex 0.321426 31.9469 0
      vertex 0.258804 31.9659 0
    endloop
  endfacet
  facet normal 0 -0 -1
    outer loop
      vertex 0.429184 37.8423 0
      vertex 0.569397 37.875 0
      vertex 0.321426 31.9469 0
    endloop
  endfacet
  facet normal 0 0 -1
    outer loop
      vertex 0.321426 31.9469 0
      vertex 0.569397 37.875 0
      vertex 0.382675 31.9239 0
    endloop
  endfacet
  facet normal 0 0 -1
    outer loop
      vertex 0.382675 31.9239 0
      vertex 0.569397 37.875 0
      vertex 0.707153 37.9167 0
    endloop
  endfacet
  facet normal 0 0 -1
    outer loop
      vertex 0.442276 31.8969 0
      vertex 0.382675 31.9239 0
      vertex 0.707153 37.9167 0
    endloop
  endfacet
  facet normal 0 0 -1
    outer loop
      vertex 0.841888 37.9675 0
      vertex 0.442276 31.8969 0
      vertex 0.707153 37.9167 0
    endloop
  endfacet
  facet normal 0 0 -1
    outer loop
      vertex 0.841888 37.9675 0
      vertex 0.5 31.866 0
      vertex 0.442276 31.8969 0
    endloop
  endfacet
  facet normal 0 -0 -1
    outer loop
      vertex 0.841888 37.9675 0
      vertex 0.973022 38.0269 0
      vertex 0.5 31.866 0
    endloop
  endfacet
  facet normal 0 0 -1
    outer loop
      vertex 0.5 31.866 0
      vertex 0.973022 38.0269 0
      vertex 0.555557 31.8315 0
    endloop
  endfacet
  facet normal 0 0 -1
    outer loop
      vertex 0.555557 31.8315 0
      vertex 0.973022 38.0269 0
      vertex 0.608749 31.7934 0
    endloop
  endfacet
  facet normal 0 0 -1
    outer loop
      vertex 0.608749 31.7934 0
      vertex 0.973022 38.0269 0
      vertex 1.09999 38.0947 0
    endloop
  endfacet
  facet normal 0 0 -1
    outer loop
      vertex 0.659332 31.7518 0
      vertex 0.608749 31.7934 0
      vertex 1.09999 38.0947 0
    endloop
  endfacet
  facet normal 0 0 -1
    outer loop
      vertex 1.22224 38.1708 0
      vertex 0.659332 31.7518 0
      vertex 1.09999 38.0947 0
    endloop
  endfacet
  facet normal 0 0 -1
    outer loop
      vertex 1.22224 38.1708 0
      vertex 0.707092 31.7071 0
      vertex 0.659332 31.7518 0
    endloop
  endfacet
  facet normal 0 -0 -1
    outer loop
      vertex 1.22224 38.1708 0
      vertex 1.33926 38.2546 0
      vertex 0.707092 31.7071 0
    endloop
  endfacet
  facet normal 0 0 -1
    outer loop
      vertex 0.707092 31.7071 0
      vertex 1.33926 38.2546 0
      vertex 0.751831 31.6593 0
    endloop
  endfacet
  facet normal 0 0 -1
    outer loop
      vertex 0.751831 31.6593 0
      vertex 1.33926 38.2546 0
      vertex 1.45055 38.3459 0
    endloop
  endfacet
  facet normal 0 0 -1
    outer loop
      vertex 0.79335 31.6087 0
      vertex 0.751831 31.6593 0
      vertex 1.45055 38.3459 0
    endloop
  endfacet
  facet normal 0 0 -1
    outer loop
      vertex 0.831467 31.5556 0
      vertex 0.79335 31.6087 0
      vertex 1.45055 38.3459 0
    endloop
  endfacet
  facet normal 0 0 -1
    outer loop
      vertex 1.55563 38.4444 0
      vertex 0.831467 31.5556 0
      vertex 1.45055 38.3459 0
    endloop
  endfacet
  facet normal 0 -0 -1
    outer loop
      vertex 1.55563 38.4444 0
      vertex 4.39999 40 0
      vertex 0.831467 31.5556 0
    endloop
  endfacet
  facet normal 0 0 -1
    outer loop
      vertex 0.831467 31.5556 0
      vertex 4.39999 40 0
      vertex 0.866013 31.5 0
    endloop
  endfacet
  facet normal 0 0 -1
    outer loop
      vertex 0.866013 31.5 0
      vertex 4.39999 40 0
      vertex 0.896866 31.4423 0
    endloop
  endfacet
  facet normal 0 0 -1
    outer loop
      vertex 0.896866 31.4423 0
      vertex 4.39999 40 0
      vertex 0.923874 31.3827 0
    endloop
  endfacet
  facet normal 0 0 -1
    outer loop
      vertex 0.923874 31.3827 0
      vertex 4.39999 40 0
      vertex 0.94693 31.3214 0
    endloop
  endfacet
  facet normal 0 0 -1
    outer loop
      vertex 0.94693 31.3214 0
      vertex 4.39999 40 0
      vertex 0.965912 31.2588 0
    endloop
  endfacet
  facet normal 0 0 -1
    outer loop
      vertex 0.965912 31.2588 0
      vertex 4.39999 40 0
      vertex 0.980774 31.1951 0
    endloop
  endfacet
  facet normal 0 0 -1
    outer loop
      vertex 0.980774 31.1951 0
      vertex 4.39999 40 0
      vertex 0.99144 31.1305 0
    endloop
  endfacet
  facet normal 0 0 -1
    outer loop
      vertex 0.99144 31.1305 0
      vertex 4.39999 40 0
      vertex 0.997849 31.0654 0
    endloop
  endfacet
  facet normal 0 0 -1
    outer loop
      vertex 0.997849 31.0654 0
      vertex 4.39999 40 0
      vertex 1 31 0
    endloop
  endfacet
  facet normal 0 0 -1
    outer loop
      vertex 1 31 0
      vertex 4.39999 40 0
      vertex 4.90915 6.05617 0
    endloop
  endfacet
  facet normal 0 0 -1
    outer loop
      vertex 1.29999 12.8 0
      vertex 1 31 0
      vertex 4.90915 6.05617 0
    endloop
  endfacet
  facet normal 0 0 -1
    outer loop
      vertex 1.29721 12.715 0
      vertex 1.29999 12.8 0
      vertex 4.90915 6.05617 0
    endloop
  endfacet
  facet normal 0 0 -1
    outer loop
      vertex 1.28886 12.6303 0
      vertex 1.29721 12.715 0
      vertex 4.90915 6.05617 0
    endloop
  endfacet
  facet normal 0 0 -1
    outer loop
      vertex 1.27501 12.5464 0
      vertex 1.28886 12.6303 0
      vertex 4.90915 6.05617 0
    endloop
  endfacet
  facet normal 0 0 -1
    outer loop
      vertex 1.25569 12.4635 0
      vertex 1.27501 12.5464 0
      vertex 4.90915 6.05617 0
    endloop
  endfacet
  facet normal 0 0 -1
    outer loop
      vertex 1.231 12.3821 0
      vertex 1.25569 12.4635 0
      vertex 4.90915 6.05617 0
    endloop
  endfacet
  facet normal 0 0 -1
    outer loop
      vertex 1.20103 12.3025 0
      vertex 1.231 12.3821 0
      vertex 4.90915 6.05617 0
    endloop
  endfacet
  facet normal 0 0 -1
    outer loop
      vertex 1.16592 12.225 0
      vertex 1.20103 12.3025 0
      vertex 4.90915 6.05617 0
    endloop
  endfacet
  facet normal 0 0 -1
    outer loop
      vertex 1.12582 12.15 0
      vertex 1.16592 12.225 0
      vertex 4.90915 6.05617 0
    endloop
  endfacet
  facet normal 0 0 -1
    outer loop
      vertex 1.0809 12.0777 0
      vertex 1.12582 12.15 0
      vertex 4.90915 6.05617 0
    endloop
  endfacet
  facet normal 0 0 -1
    outer loop
      vertex 1.03136 12.0086 0
      vertex 1.0809 12.0777 0
      vertex 4.90915 6.05617 0
    endloop
  endfacet
  facet normal 0 -0 -1
    outer loop
      vertex 0.977386 11.9428 0
      vertex 4.90915 6.05617 0
      vertex 0.919235 11.8808 0
    endloop
  endfacet
  facet normal 0 0 -1
    outer loop
      vertex 4.90915 6.05617 0
      vertex 0.791382 11.7686 0
      vertex 0.857147 11.8226 0
    endloop
  endfacet
  facet normal 0 0 -1
    outer loop
      vertex 4.90915 6.05617 0
      vertex 0.722229 11.7191 0
      vertex 0.791382 11.7686 0
    endloop
  endfacet
  facet normal 0 0 -1
    outer loop
      vertex 4.90915 6.05617 0
      vertex 0.649994 11.6742 0
      vertex 0.722229 11.7191 0
    endloop
  endfacet
  facet normal 0 0 -1
    outer loop
      vertex 4.90915 6.05617 0
      vertex 0.574966 11.6341 0
      vertex 0.649994 11.6742 0
    endloop
  endfacet
  facet normal 0 0 -1
    outer loop
      vertex 1.34586 5.02281 0
      vertex 0.497482 11.599 0
      vertex 0.574966 11.6341 0
    endloop
  endfacet
  facet normal 0 0 -1
    outer loop
      vertex 1.34586 5.02281 0
      vertex 1.01447 5.10008 0
      vertex 0.497482 11.599 0
    endloop
  endfacet
  facet normal 0 -0 -1
    outer loop
      vertex 0.497482 11.599 0
      vertex 1.01447 5.10008 0
      vertex 0.417862 11.569 0
    endloop
  endfacet
  facet normal 0 0 -1
    outer loop
      vertex 0.417862 11.569 0
      vertex 1.01447 5.10008 0
      vertex 0.678726 5.1555 0
    endloop
  endfacet
  facet normal 0 -0 -1
    outer loop
      vertex 0.336456 11.5443 0
      vertex 0.678726 5.1555 0
      vertex 0.253616 11.525 0
    endloop
  endfacet
  facet normal 0 0 -1
    outer loop
      vertex 0.253616 11.525 0
      vertex 0.678726 5.1555 0
      vertex 0.340088 5.18886 0
    endloop
  endfacet
  facet normal 0 0 -1
    outer loop
      vertex 0.169678 11.5111 0
      vertex 0.253616 11.525 0
      vertex 0.340088 5.18886 0
    endloop
  endfacet
  facet normal 0 0 -1
    outer loop
      vertex 0 11.5 0
      vertex 0.085022 11.5028 0
      vertex 0 5.2 0
    endloop
  endfacet
  facet normal 0 0 -1
    outer loop
      vertex 0.085022 11.5028 0
      vertex 0.169678 11.5111 0
      vertex 0.340088 5.18886 0
    endloop
  endfacet
  facet normal 0 0 1
    outer loop
      vertex 4.50333 -2.59999 7
      vertex 4.32364 -2.88896 7
      vertex 6.75499 -3.89999 7
    endloop
  endfacet
  facet normal 0 0 1
    outer loop
      vertex 4.66373 2.2999 7
      vertex 6.99561 3.44984 7
      vertex 6.75499 3.89999 7
    endloop
  endfacet
  facet normal 0 -0 1
    outer loop
      vertex 4.50333 2.59999 7
      vertex 6.75499 3.89999 7
      vertex 4.32364 2.88896 7
    endloop
  endfacet
  facet normal 0 0 1
    outer loop
      vertex 4.32364 2.88896 7
      vertex 6.48546 4.33344 7
      vertex 6.18814 4.74834 7
    endloop
  endfacet
  facet normal 0 -0 1
    outer loop
      vertex 4.12543 3.16556 7
      vertex 6.18814 4.74834 7
      vertex 3.90956 3.42859 7
    endloop
  endfacet
  facet normal 0 0 1
    outer loop
      vertex 3.90956 3.42859 7
      vertex 5.86435 5.14288 7
      vertex 5.51543 5.51543 7
    endloop
  endfacet
  facet normal 0 -0 1
    outer loop
      vertex 3.67694 3.67694 7
      vertex 5.51543 5.51543 7
      vertex 3.42859 3.90956 7
    endloop
  endfacet
  facet normal 0 0 1
    outer loop
      vertex 3.42859 3.90956 7
      vertex 5.14288 5.86435 7
      vertex 4.90915 6.05617 7
    endloop
  endfacet
  facet normal 0 -0 1
    outer loop
      vertex 3.16556 4.12543 7
      vertex 4.90915 6.05617 7
      vertex 2.88896 4.32364 7
    endloop
  endfacet
  facet normal 0 0 1
    outer loop
      vertex 4.90915 6.05617 7
      vertex 2.2999 4.66373 7
      vertex 2.59999 4.50333 7
    endloop
  endfacet
  facet normal -0 0 1
    outer loop
      vertex 1.67148 4.92403 7
      vertex 1.98994 4.80417 7
      vertex 4.90915 6.05617 7
    endloop
  endfacet
  facet normal -0 0 1
    outer loop
      vertex 0.977386 11.9428 7
      vertex 4.90915 6.05617 7
      vertex 1.03136 12.0086 7
    endloop
  endfacet
  facet normal 0 0 1
    outer loop
      vertex 0.574966 11.6341 7
      vertex 1.34586 5.02281 7
      vertex 4.90915 6.05617 7
    endloop
  endfacet
  facet normal 0 0 1
    outer loop
      vertex 0.085022 11.5028 7
      vertex 0 5.2 7
      vertex 0.340088 5.18886 7
    endloop
  endfacet
  facet normal 0 0 1
    outer loop
      vertex -0.085022 11.5028 7
      vertex 0 5.2 7
      vertex 0 11.5 7
    endloop
  endfacet
  facet normal 0 0 1
    outer loop
      vertex 3.49075 42.6785 7
      vertex 1.74538 41.3393 7
      vertex 3.65846 42.4445 7
    endloop
  endfacet
  facet normal 0 0 1
    outer loop
      vertex 3.30809 42.9011 7
      vertex 1.65404 41.4505 7
      vertex 1.74538 41.3393 7
    endloop
  endfacet
  facet normal 0 0 1
    outer loop
      vertex 0.858383 44.3154 7
      vertex 0.287155 42.1812 7
      vertex 0.429184 42.1577 7
    endloop
  endfacet
  facet normal 0 0 1
    outer loop
      vertex 1.68379 44.0651 7
      vertex 1.41432 44.1665 7
      vertex 0.841888 42.0325 7
    endloop
  endfacet
  facet normal 0 0 1
    outer loop
      vertex 1.68379 44.0651 7
      vertex 0.841888 42.0325 7
      vertex 1.94606 43.9462 7
    endloop
  endfacet
  facet normal 0 0 1
    outer loop
      vertex 0 44.4 7
      vertex -0.287766 44.3906 7
      vertex 0 42.2 7
    endloop
  endfacet
  facet normal 0 0 1
    outer loop
      vertex 1.13879 44.2501 7
      vertex 0.569397 42.125 7
      vertex 1.41432 44.1665 7
    endloop
  endfacet
  facet normal 0 0 1
    outer loop
      vertex -2.67854 43.4908 7
      vertex -2.90111 43.3081 7
      vertex -1.33926 41.7454 7
    endloop
  endfacet
  facet normal 0 0 1
    outer loop
      vertex -3.49075 42.6785 7
      vertex -3.65846 42.4445 7
      vertex -1.74538 41.3393 7
    endloop
  endfacet
  facet normal 0 0 1
    outer loop
      vertex -0.287766 44.3906 7
      vertex -0.57431 44.3624 7
      vertex -0.143875 42.1953 7
    endloop
  endfacet
  facet normal 0 0 1
    outer loop
      vertex -4.16649 41.4143 7
      vertex -2.12503 40.5694 7
      vertex -2.08324 40.7072 7
    endloop
  endfacet
  facet normal -0 0 1
    outer loop
      vertex -4.06506 41.6838 7
      vertex -2.03253 40.8419 7
      vertex -3.94623 41.9461 7
    endloop
  endfacet
  facet normal 0 0 1
    outer loop
      vertex -4.16649 41.4143 7
      vertex -2.08324 40.7072 7
      vertex -2.03253 40.8419 7
    endloop
  endfacet
  facet normal -0 0 1
    outer loop
      vertex -4.39999 40 7
      vertex -2.19528 39.8561 7
      vertex -2.2 40 7
    endloop
  endfacet
  facet normal 0 0 1
    outer loop
      vertex -2.15771 39.5708 7
      vertex -2.18117 39.7128 7
      vertex -4.39999 40 7
    endloop
  endfacet
  facet normal 0 0 1
    outer loop
      vertex 2.2 43.8105 7
      vertex 1.09999 41.9052 7
      vertex 1.22224 41.8292 7
    endloop
  endfacet
  facet normal 0 0 1
    outer loop
      vertex -1.82922 38.7777 7
      vertex -4.39999 40 7
      vertex -1.74538 38.6607 7
    endloop
  endfacet
  facet normal 0 0 1
    outer loop
      vertex 3.30809 42.9011 7
      vertex 1.55563 41.5556 7
      vertex 1.65404 41.4505 7
    endloop
  endfacet
  facet normal 0 -0 1
    outer loop
      vertex -0.99144 31.1305 7
      vertex -0.980774 31.1951 7
      vertex -4.39999 40 7
    endloop
  endfacet
  facet normal 0 0 1
    outer loop
      vertex 4.39999 40 7
      vertex 1.90524 38.9 7
      vertex 1.82922 38.7777 7
    endloop
  endfacet
  facet normal 0 0 1
    outer loop
      vertex -4.80417 1.98994 7
      vertex -7.20625 2.98492 7
      vertex -7.38605 2.50722 7
    endloop
  endfacet
  facet normal 0 0 1
    outer loop
      vertex -5.02281 1.34586 7
      vertex -7.38605 2.50722 7
      vertex -7.53421 2.01878 7
    endloop
  endfacet
  facet normal 0 0 1
    outer loop
      vertex -5.10008 1.01447 7
      vertex -7.53421 2.01878 7
      vertex -7.65012 1.5217 7
    endloop
  endfacet
  facet normal 0 -0 1
    outer loop
      vertex -5.1555 0.678726 7
      vertex -5.10008 1.01447 7
      vertex -7.73326 1.0181 7
    endloop
  endfacet
  facet normal 0 0 1
    outer loop
      vertex -5.18886 0.340088 7
      vertex -7.73326 1.0181 7
      vertex -7.78329 0.510132 7
    endloop
  endfacet
  facet normal 0 0 1
    outer loop
      vertex -5.2 0 7
      vertex -7.78329 0.510132 7
      vertex -7.79999 0 7
    endloop
  endfacet
  facet normal 0 0 1
    outer loop
      vertex -5.18886 -0.340088 7
      vertex -5.2 0 7
      vertex -7.78329 -0.510132 7
    endloop
  endfacet
  facet normal 0 0 1
    outer loop
      vertex -5.1555 -0.678726 7
      vertex -5.18886 -0.340088 7
      vertex -7.73326 -1.0181 7
    endloop
  endfacet
  facet normal 0 0 1
    outer loop
      vertex -5.10008 -1.01447 7
      vertex -7.73326 -1.0181 7
      vertex -7.65012 -1.5217 7
    endloop
  endfacet
  facet normal 0 0 1
    outer loop
      vertex -5.02281 -1.34586 7
      vertex -5.10008 -1.01447 7
      vertex -7.53421 -2.01878 7
    endloop
  endfacet
  facet normal 0 0 1
    outer loop
      vertex -4.92403 -1.67148 7
      vertex -5.02281 -1.34586 7
      vertex -7.38605 -2.50722 7
    endloop
  endfacet
  facet normal 0 0 1
    outer loop
      vertex -4.80417 -1.98994 7
      vertex -7.38605 -2.50722 7
      vertex -7.20625 -2.98492 7
    endloop
  endfacet
  facet normal 0 0 1
    outer loop
      vertex -4.80417 -1.98994 7
      vertex -7.20625 -2.98492 7
      vertex -6.99561 -3.44984 7
    endloop
  endfacet
  facet normal 0 0 1
    outer loop
      vertex -4.80417 -1.98994 7
      vertex -6.99561 -3.44984 7
      vertex -4.66373 -2.2999 7
    endloop
  endfacet
  facet normal 0 0 1
    outer loop
      vertex -4.66373 -2.2999 7
      vertex -6.75499 -3.89999 7
      vertex -4.50333 -2.59999 7
    endloop
  endfacet
  facet normal 0 0 1
    outer loop
      vertex -6.75499 -3.89999 7
      vertex -4.32364 -2.88896 7
      vertex -4.50333 -2.59999 7
    endloop
  endfacet
  facet normal 0 -0 1
    outer loop
      vertex -6.48546 -4.33344 7
      vertex -4.32364 -2.88896 7
      vertex -6.75499 -3.89999 7
    endloop
  endfacet
  facet normal 0 -0 1
    outer loop
      vertex -6.18814 -4.74834 7
      vertex -4.32364 -2.88896 7
      vertex -6.48546 -4.33344 7
    endloop
  endfacet
  facet normal 0 0 1
    outer loop
      vertex -4.12543 -3.16556 7
      vertex -4.32364 -2.88896 7
      vertex -6.18814 -4.74834 7
    endloop
  endfacet
  facet normal 0 0 1
    outer loop
      vertex -4.12543 -3.16556 7
      vertex -6.18814 -4.74834 7
      vertex -3.90956 -3.42859 7
    endloop
  endfacet
  facet normal -0 0 1
    outer loop
      vertex -6.18814 -4.74834 7
      vertex -5.86435 -5.14288 7
      vertex -3.90956 -3.42859 7
    endloop
  endfacet
  facet normal 0 0 1
    outer loop
      vertex -5.86435 -5.14288 7
      vertex -3.79999 -3.54558 7
      vertex -3.90956 -3.42859 7
    endloop
  endfacet
  facet normal 0 -0 1
    outer loop
      vertex -5.51543 -5.51543 7
      vertex -3.79999 -3.54558 7
      vertex -5.86435 -5.14288 7
    endloop
  endfacet
  facet normal -0 0 1
    outer loop
      vertex -6.99561 -3.44984 7
      vertex -6.75499 -3.89999 7
      vertex -4.66373 -2.2999 7
    endloop
  endfacet
  facet normal 0 0 1
    outer loop
      vertex -3.79999 -3.54558 7
      vertex -5.51543 -5.51543 7
      vertex -5.14288 -5.86435 7
    endloop
  endfacet
  facet normal 0 0 1
    outer loop
      vertex -3.79999 -3.54558 7
      vertex -5.14288 -5.86435 7
      vertex -3.79999 -6 7
    endloop
  endfacet
  facet normal 0 0 1
    outer loop
      vertex -5.14288 -5.86435 7
      vertex -4.74834 -6.18814 7
      vertex -3.79999 -6 7
    endloop
  endfacet
  facet normal -0 0 1
    outer loop
      vertex -4.74834 -6.18814 7
      vertex -4.33344 -6.48546 7
      vertex -3.79999 -6 7
    endloop
  endfacet
  facet normal -0 0 1
    outer loop
      vertex -4.33344 -6.48546 7
      vertex -4.19681 -6.57042 7
      vertex -3.79999 -6 7
    endloop
  endfacet
  facet normal 0 0 1
    outer loop
      vertex 6.75499 -3.89999 7
      vertex 4.32364 -2.88896 7
      vertex 6.48546 -4.33344 7
    endloop
  endfacet
  facet normal 0 0 1
    outer loop
      vertex -4.92403 1.67148 7
      vertex -7.38605 2.50722 7
      vertex -5.02281 1.34586 7
    endloop
  endfacet
  facet normal 0 0 1
    outer loop
      vertex -4.66373 2.2999 7
      vertex -6.99561 3.44984 7
      vertex -4.80417 1.98994 7
    endloop
  endfacet
  facet normal 0 0 1
    outer loop
      vertex -4.80417 -1.98994 7
      vertex -4.92403 -1.67148 7
      vertex -7.38605 -2.50722 7
    endloop
  endfacet
  facet normal 0 0 1
    outer loop
      vertex 4.32364 -2.88896 7
      vertex 6.18814 -4.74834 7
      vertex 6.48546 -4.33344 7
    endloop
  endfacet
  facet normal 0 -0 1
    outer loop
      vertex -7.38605 -2.50722 7
      vertex -5.02281 -1.34586 7
      vertex -7.53421 -2.01878 7
    endloop
  endfacet
  facet normal 0 -0 1
    outer loop
      vertex -7.53421 -2.01878 7
      vertex -5.10008 -1.01447 7
      vertex -7.65012 -1.5217 7
    endloop
  endfacet
  facet normal 0 0 1
    outer loop
      vertex -5.10008 -1.01447 7
      vertex -5.1555 -0.678726 7
      vertex -7.73326 -1.0181 7
    endloop
  endfacet
  facet normal 0 -0 1
    outer loop
      vertex -7.73326 -1.0181 7
      vertex -5.18886 -0.340088 7
      vertex -7.78329 -0.510132 7
    endloop
  endfacet
  facet normal 0 -0 1
    outer loop
      vertex -7.78329 -0.510132 7
      vertex -5.2 0 7
      vertex -7.79999 0 7
    endloop
  endfacet
  facet normal 0 -0 1
    outer loop
      vertex -5.2 0 7
      vertex -5.18886 0.340088 7
      vertex -7.78329 0.510132 7
    endloop
  endfacet
  facet normal 0 -0 1
    outer loop
      vertex -5.18886 0.340088 7
      vertex -5.1555 0.678726 7
      vertex -7.73326 1.0181 7
    endloop
  endfacet
  facet normal -0 0 1
    outer loop
      vertex -7.73326 1.0181 7
      vertex -5.10008 1.01447 7
      vertex -7.65012 1.5217 7
    endloop
  endfacet
  facet normal 0 -0 1
    outer loop
      vertex -5.10008 1.01447 7
      vertex -5.02281 1.34586 7
      vertex -7.53421 2.01878 7
    endloop
  endfacet
  facet normal 0 0 1
    outer loop
      vertex -4.80417 1.98994 7
      vertex -7.38605 2.50722 7
      vertex -4.92403 1.67148 7
    endloop
  endfacet
  facet normal 0 0 1
    outer loop
      vertex -6.99561 3.44984 7
      vertex -7.20625 2.98492 7
      vertex -4.80417 1.98994 7
    endloop
  endfacet
  facet normal 0 0 1
    outer loop
      vertex -6.75499 3.89999 7
      vertex -6.99561 3.44984 7
      vertex -4.66373 2.2999 7
    endloop
  endfacet
  facet normal 0 0 1
    outer loop
      vertex -6.75499 3.89999 7
      vertex -4.66373 2.2999 7
      vertex -4.50333 2.59999 7
    endloop
  endfacet
  facet normal 0 0 1
    outer loop
      vertex -6.75499 3.89999 7
      vertex -4.50333 2.59999 7
      vertex -4.32364 2.88896 7
    endloop
  endfacet
  facet normal -0 0 1
    outer loop
      vertex -6.75499 3.89999 7
      vertex -4.32364 2.88896 7
      vertex -6.48546 4.33344 7
    endloop
  endfacet
  facet normal 0 0 1
    outer loop
      vertex -4.32364 2.88896 7
      vertex -6.18814 4.74834 7
      vertex -6.48546 4.33344 7
    endloop
  endfacet
  facet normal 0 0 1
    outer loop
      vertex -4.12543 3.16556 7
      vertex -6.18814 4.74834 7
      vertex -4.32364 2.88896 7
    endloop
  endfacet
  facet normal 0 0 1
    outer loop
      vertex -3.90956 3.42859 7
      vertex -6.18814 4.74834 7
      vertex -4.12543 3.16556 7
    endloop
  endfacet
  facet normal 0 0 1
    outer loop
      vertex -5.86435 5.14288 7
      vertex -6.18814 4.74834 7
      vertex -3.90956 3.42859 7
    endloop
  endfacet
  facet normal -0 0 1
    outer loop
      vertex -5.86435 5.14288 7
      vertex -3.90956 3.42859 7
      vertex -5.51543 5.51543 7
    endloop
  endfacet
  facet normal 0 -0 1
    outer loop
      vertex -3.90956 3.42859 7
      vertex -3.67694 3.67694 7
      vertex -5.51543 5.51543 7
    endloop
  endfacet
  facet normal 0 -0 1
    outer loop
      vertex -3.67694 3.67694 7
      vertex -3.42859 3.90956 7
      vertex -5.51543 5.51543 7
    endloop
  endfacet
  facet normal 0 0 1
    outer loop
      vertex -3.42859 3.90956 7
      vertex -5.14288 5.86435 7
      vertex -5.51543 5.51543 7
    endloop
  endfacet
  facet normal 0 0 1
    outer loop
      vertex -4.90915 6.05617 7
      vertex -5.14288 5.86435 7
      vertex -3.42859 3.90956 7
    endloop
  endfacet
  facet normal 0 0 1
    outer loop
      vertex -4.90915 6.05617 7
      vertex -3.42859 3.90956 7
      vertex -3.16556 4.12543 7
    endloop
  endfacet
  facet normal 0 0 1
    outer loop
      vertex -4.90915 6.05617 7
      vertex -3.16556 4.12543 7
      vertex -2.88896 4.32364 7
    endloop
  endfacet
  facet normal 0 0 1
    outer loop
      vertex -4.90915 6.05617 7
      vertex -2.88896 4.32364 7
      vertex -2.59999 4.50333 7
    endloop
  endfacet
  facet normal 0 0 1
    outer loop
      vertex -4.90915 6.05617 7
      vertex -2.59999 4.50333 7
      vertex -2.2999 4.66373 7
    endloop
  endfacet
  facet normal 0 0 1
    outer loop
      vertex -4.90915 6.05617 7
      vertex -2.2999 4.66373 7
      vertex -1.98994 4.80417 7
    endloop
  endfacet
  facet normal 0 0 1
    outer loop
      vertex -4.90915 6.05617 7
      vertex -1.98994 4.80417 7
      vertex -1.67148 4.92403 7
    endloop
  endfacet
  facet normal 0 0 1
    outer loop
      vertex -4.90915 6.05617 7
      vertex -1.67148 4.92403 7
      vertex -1.34586 5.02281 7
    endloop
  endfacet
  facet normal 0 0 1
    outer loop
      vertex -0.253616 11.525 7
      vertex -0.340088 5.18886 7
      vertex -0.169678 11.5111 7
    endloop
  endfacet
  facet normal 0 0 1
    outer loop
      vertex 0 5.2 7
      vertex -0.085022 11.5028 7
      vertex -0.340088 5.18886 7
    endloop
  endfacet
  facet normal 0 0 1
    outer loop
      vertex -0.340088 5.18886 7
      vertex -0.085022 11.5028 7
      vertex -0.169678 11.5111 7
    endloop
  endfacet
  facet normal 0 0 1
    outer loop
      vertex 0.417862 11.569 7
      vertex 0.336456 11.5443 7
      vertex 0.678726 5.1555 7
    endloop
  endfacet
  facet normal -0 0 1
    outer loop
      vertex 0.857147 11.8226 7
      vertex 4.90915 6.05617 7
      vertex 0.919235 11.8808 7
    endloop
  endfacet
  facet normal 0 -0 1
    outer loop
      vertex 1.67148 4.92403 7
      vertex 4.90915 6.05617 7
      vertex 1.34586 5.02281 7
    endloop
  endfacet
  facet normal -0 0 1
    outer loop
      vertex 1.98994 4.80417 7
      vertex 2.2999 4.66373 7
      vertex 4.90915 6.05617 7
    endloop
  endfacet
  facet normal 0 0 1
    outer loop
      vertex 4.90915 6.05617 7
      vertex 2.59999 4.50333 7
      vertex 2.88896 4.32364 7
    endloop
  endfacet
  facet normal 0 -0 1
    outer loop
      vertex 3.42859 3.90956 7
      vertex 4.90915 6.05617 7
      vertex 3.16556 4.12543 7
    endloop
  endfacet
  facet normal 0 0 1
    outer loop
      vertex 5.51543 5.51543 7
      vertex 5.14288 5.86435 7
      vertex 3.42859 3.90956 7
    endloop
  endfacet
  facet normal 0 -0 1
    outer loop
      vertex 3.90956 3.42859 7
      vertex 5.51543 5.51543 7
      vertex 3.67694 3.67694 7
    endloop
  endfacet
  facet normal 0 0 1
    outer loop
      vertex 6.18814 4.74834 7
      vertex 5.86435 5.14288 7
      vertex 3.90956 3.42859 7
    endloop
  endfacet
  facet normal 0 -0 1
    outer loop
      vertex 4.32364 2.88896 7
      vertex 6.18814 4.74834 7
      vertex 4.12543 3.16556 7
    endloop
  endfacet
  facet normal 0 0 1
    outer loop
      vertex 6.75499 3.89999 7
      vertex 6.48546 4.33344 7
      vertex 4.32364 2.88896 7
    endloop
  endfacet
  facet normal 0 -0 1
    outer loop
      vertex 4.66373 2.2999 7
      vertex 6.75499 3.89999 7
      vertex 4.50333 2.59999 7
    endloop
  endfacet
  facet normal 0 -0 1
    outer loop
      vertex 4.80417 1.98994 7
      vertex 6.99561 3.44984 7
      vertex 4.66373 2.2999 7
    endloop
  endfacet
  facet normal 0 0 1
    outer loop
      vertex 7.20625 2.98492 7
      vertex 4.80417 1.98994 7
      vertex 7.38605 2.50722 7
    endloop
  endfacet
  facet normal 0 0 1
    outer loop
      vertex 7.20625 2.98492 7
      vertex 6.99561 3.44984 7
      vertex 4.80417 1.98994 7
    endloop
  endfacet
  facet normal 0 0 1
    outer loop
      vertex 7.38605 2.50722 7
      vertex 4.92403 1.67148 7
      vertex 5.02281 1.34586 7
    endloop
  endfacet
  facet normal 0 0 1
    outer loop
      vertex 7.38605 2.50722 7
      vertex 4.80417 1.98994 7
      vertex 4.92403 1.67148 7
    endloop
  endfacet
  facet normal 0 0 1
    outer loop
      vertex 7.53421 2.01878 7
      vertex 5.02281 1.34586 7
      vertex 5.10008 1.01447 7
    endloop
  endfacet
  facet normal 0 0 1
    outer loop
      vertex 7.53421 2.01878 7
      vertex 7.38605 2.50722 7
      vertex 5.02281 1.34586 7
    endloop
  endfacet
  facet normal 0 0 1
    outer loop
      vertex 7.65012 1.5217 7
      vertex 5.10008 1.01447 7
      vertex 7.73326 1.0181 7
    endloop
  endfacet
  facet normal 0 0 1
    outer loop
      vertex 7.65012 1.5217 7
      vertex 7.53421 2.01878 7
      vertex 5.10008 1.01447 7
    endloop
  endfacet
  facet normal 0 0 1
    outer loop
      vertex 7.73326 1.0181 7
      vertex 5.1555 0.678726 7
      vertex 5.18886 0.340088 7
    endloop
  endfacet
  facet normal 0 0 1
    outer loop
      vertex 7.73326 1.0181 7
      vertex 5.10008 1.01447 7
      vertex 5.1555 0.678726 7
    endloop
  endfacet
  facet normal 0 0 1
    outer loop
      vertex 7.78329 0.510132 7
      vertex 5.18886 0.340088 7
      vertex 5.2 0 7
    endloop
  endfacet
  facet normal 0 0 1
    outer loop
      vertex 7.78329 0.510132 7
      vertex 7.73326 1.0181 7
      vertex 5.18886 0.340088 7
    endloop
  endfacet
  facet normal 0 0 1
    outer loop
      vertex 7.79999 0 7
      vertex 5.2 0 7
      vertex 7.78329 -0.510132 7
    endloop
  endfacet
  facet normal 0 0 1
    outer loop
      vertex 7.79999 0 7
      vertex 7.78329 0.510132 7
      vertex 5.2 0 7
    endloop
  endfacet
  facet normal 0 0 1
    outer loop
      vertex 7.78329 -0.510132 7
      vertex 5.18886 -0.340088 7
      vertex 7.73326 -1.0181 7
    endloop
  endfacet
  facet normal 0 0 1
    outer loop
      vertex 7.78329 -0.510132 7
      vertex 5.2 0 7
      vertex 5.18886 -0.340088 7
    endloop
  endfacet
  facet normal 0 0 1
    outer loop
      vertex 7.73326 -1.0181 7
      vertex 5.1555 -0.678726 7
      vertex 5.10008 -1.01447 7
    endloop
  endfacet
  facet normal 0 0 1
    outer loop
      vertex 7.73326 -1.0181 7
      vertex 5.18886 -0.340088 7
      vertex 5.1555 -0.678726 7
    endloop
  endfacet
  facet normal 0 0 1
    outer loop
      vertex 7.65012 -1.5217 7
      vertex 5.10008 -1.01447 7
      vertex 7.53421 -2.01878 7
    endloop
  endfacet
  facet normal 0 -0 1
    outer loop
      vertex 7.65012 -1.5217 7
      vertex 7.73326 -1.0181 7
      vertex 5.10008 -1.01447 7
    endloop
  endfacet
  facet normal 0 0 1
    outer loop
      vertex 7.53421 -2.01878 7
      vertex 5.02281 -1.34586 7
      vertex 7.38605 -2.50722 7
    endloop
  endfacet
  facet normal 0 0 1
    outer loop
      vertex 7.53421 -2.01878 7
      vertex 5.10008 -1.01447 7
      vertex 5.02281 -1.34586 7
    endloop
  endfacet
  facet normal 0 0 1
    outer loop
      vertex 7.38605 -2.50722 7
      vertex 4.92403 -1.67148 7
      vertex 4.80417 -1.98994 7
    endloop
  endfacet
  facet normal 0 0 1
    outer loop
      vertex 7.38605 -2.50722 7
      vertex 5.02281 -1.34586 7
      vertex 4.92403 -1.67148 7
    endloop
  endfacet
  facet normal 0 0 1
    outer loop
      vertex 7.20625 -2.98492 7
      vertex 4.80417 -1.98994 7
      vertex 6.99561 -3.44984 7
    endloop
  endfacet
  facet normal 0 -0 1
    outer loop
      vertex 7.20625 -2.98492 7
      vertex 7.38605 -2.50722 7
      vertex 4.80417 -1.98994 7
    endloop
  endfacet
  facet normal 0 0 1
    outer loop
      vertex 6.99561 -3.44984 7
      vertex 4.66373 -2.2999 7
      vertex 6.75499 -3.89999 7
    endloop
  endfacet
  facet normal 0 0 1
    outer loop
      vertex 6.99561 -3.44984 7
      vertex 4.80417 -1.98994 7
      vertex 4.66373 -2.2999 7
    endloop
  endfacet
  facet normal 0 0 1
    outer loop
      vertex 4.66373 -2.2999 7
      vertex 4.50333 -2.59999 7
      vertex 6.75499 -3.89999 7
    endloop
  endfacet
  facet normal -0 0 1
    outer loop
      vertex 4.12543 -3.16556 7
      vertex 6.18814 -4.74834 7
      vertex 4.32364 -2.88896 7
    endloop
  endfacet
  facet normal -0 0 1
    outer loop
      vertex 3.90956 -3.42859 7
      vertex 6.18814 -4.74834 7
      vertex 4.12543 -3.16556 7
    endloop
  endfacet
  facet normal 0 -0 1
    outer loop
      vertex 5.86435 -5.14288 7
      vertex 6.18814 -4.74834 7
      vertex 3.90956 -3.42859 7
    endloop
  endfacet
  facet normal 0 0 1
    outer loop
      vertex 5.86435 -5.14288 7
      vertex 3.90956 -3.42859 7
      vertex 3.79999 -3.54558 7
    endloop
  endfacet
  facet normal 0 0 1
    outer loop
      vertex 5.86435 -5.14288 7
      vertex 3.79999 -3.54558 7
      vertex 5.51543 -5.51543 7
    endloop
  endfacet
  facet normal 0 0 1
    outer loop
      vertex 3.79999 -3.54558 7
      vertex 5.14288 -5.86435 7
      vertex 5.51543 -5.51543 7
    endloop
  endfacet
  facet normal 0 0 1
    outer loop
      vertex 3.79999 -6 7
      vertex 5.14288 -5.86435 7
      vertex 3.79999 -3.54558 7
    endloop
  endfacet
  facet normal -0 0 1
    outer loop
      vertex 3.79999 -6 7
      vertex 4.74834 -6.18814 7
      vertex 5.14288 -5.86435 7
    endloop
  endfacet
  facet normal 0 -0 1
    outer loop
      vertex 4.33344 -6.48546 7
      vertex 4.74834 -6.18814 7
      vertex 3.79999 -6 7
    endloop
  endfacet
  facet normal 0 0 1
    outer loop
      vertex 4.33344 -6.48546 7
      vertex 3.79999 -6 7
      vertex 4.19681 -6.57042 7
    endloop
  endfacet
  facet normal 0 -0 1
    outer loop
      vertex -0.751831 31.6593 7
      vertex -0.707092 31.7071 7
      vertex -1.33926 38.2546 7
    endloop
  endfacet
  facet normal 0 0 1
    outer loop
      vertex 3.65846 42.4445 7
      vertex 1.82922 41.2222 7
      vertex 3.8105 42.2 7
    endloop
  endfacet
  facet normal 0 0 1
    outer loop
      vertex -0.751831 31.6593 7
      vertex -1.33926 38.2546 7
      vertex -1.45055 38.3459 7
    endloop
  endfacet
  facet normal 0 0 1
    outer loop
      vertex 3.8105 42.2 7
      vertex 1.90524 41.1 7
      vertex 1.97311 40.973 7
    endloop
  endfacet
  facet normal 0 0 1
    outer loop
      vertex -0.751831 31.6593 7
      vertex -1.45055 38.3459 7
      vertex -0.79335 31.6087 7
    endloop
  endfacet
  facet normal 0 0 1
    outer loop
      vertex -1.45055 38.3459 7
      vertex -1.55563 38.4444 7
      vertex -0.831467 31.5556 7
    endloop
  endfacet
  facet normal 0 0 1
    outer loop
      vertex -1.55563 38.4444 7
      vertex -4.39999 40 7
      vertex -0.831467 31.5556 7
    endloop
  endfacet
  facet normal 0 0 1
    outer loop
      vertex -4.39999 40 7
      vertex -0.866013 31.5 7
      vertex -0.831467 31.5556 7
    endloop
  endfacet
  facet normal 0 -0 1
    outer loop
      vertex -0.923874 31.3827 7
      vertex -0.896866 31.4423 7
      vertex -4.39999 40 7
    endloop
  endfacet
  facet normal 0 0 1
    outer loop
      vertex -0.94693 31.3214 7
      vertex -4.39999 40 7
      vertex -0.965912 31.2588 7
    endloop
  endfacet
  facet normal 0 0 1
    outer loop
      vertex -4.39999 40 7
      vertex -0.980774 31.1951 7
      vertex -0.965912 31.2588 7
    endloop
  endfacet
  facet normal 0 0 1
    outer loop
      vertex -0.336456 11.5443 7
      vertex -0.678726 5.1555 7
      vertex -0.253616 11.525 7
    endloop
  endfacet
  facet normal 0 0 1
    outer loop
      vertex -0.997849 31.0654 7
      vertex -4.39999 40 7
      vertex -1 31 7
    endloop
  endfacet
  facet normal 0 -0 1
    outer loop
      vertex -0.997849 31.0654 7
      vertex -0.99144 31.1305 7
      vertex -4.39999 40 7
    endloop
  endfacet
  facet normal 0 0 1
    outer loop
      vertex -1.65404 38.5494 7
      vertex -1.74538 38.6607 7
      vertex -4.39999 40 7
    endloop
  endfacet
  facet normal 0 0 1
    outer loop
      vertex -1.55563 38.4444 7
      vertex -1.65404 38.5494 7
      vertex -4.39999 40 7
    endloop
  endfacet
  facet normal 0 0 1
    outer loop
      vertex -1.90524 38.9 7
      vertex -4.39999 40 7
      vertex -1.82922 38.7777 7
    endloop
  endfacet
  facet normal 0 0 1
    outer loop
      vertex -2.03253 39.1581 7
      vertex -4.39999 40 7
      vertex -1.97311 39.027 7
    endloop
  endfacet
  facet normal 0 0 1
    outer loop
      vertex -1.97311 39.027 7
      vertex -4.39999 40 7
      vertex -1.90524 38.9 7
    endloop
  endfacet
  facet normal 0 0 1
    outer loop
      vertex -2.08324 39.2928 7
      vertex -2.12503 39.4306 7
      vertex -4.39999 40 7
    endloop
  endfacet
  facet normal 0 0 1
    outer loop
      vertex -2.03253 39.1581 7
      vertex -2.08324 39.2928 7
      vertex -4.39999 40 7
    endloop
  endfacet
  facet normal 0 0 1
    outer loop
      vertex -2.12503 39.4306 7
      vertex -2.15771 39.5708 7
      vertex -4.39999 40 7
    endloop
  endfacet
  facet normal 0 0 1
    outer loop
      vertex -4.39999 40 7
      vertex -2.18117 39.7128 7
      vertex -2.19528 39.8561 7
    endloop
  endfacet
  facet normal 0 0 1
    outer loop
      vertex -2.19528 40.1439 7
      vertex -4.39058 40.2878 7
      vertex -2.2 40 7
    endloop
  endfacet
  facet normal 0 0 1
    outer loop
      vertex -2.2 40 7
      vertex -4.39058 40.2878 7
      vertex -4.39999 40 7
    endloop
  endfacet
  facet normal 0 0 1
    outer loop
      vertex -2.18117 40.2872 7
      vertex -4.36235 40.5743 7
      vertex -2.19528 40.1439 7
    endloop
  endfacet
  facet normal 0 0 1
    outer loop
      vertex -2.19528 40.1439 7
      vertex -4.36235 40.5743 7
      vertex -4.39058 40.2878 7
    endloop
  endfacet
  facet normal 0 0 1
    outer loop
      vertex -2.15771 40.4292 7
      vertex -4.31544 40.8584 7
      vertex -2.18117 40.2872 7
    endloop
  endfacet
  facet normal 0 0 1
    outer loop
      vertex -2.18117 40.2872 7
      vertex -4.31544 40.8584 7
      vertex -4.36235 40.5743 7
    endloop
  endfacet
  facet normal 0 0 1
    outer loop
      vertex -2.12503 40.5694 7
      vertex -4.25006 41.1388 7
      vertex -4.31544 40.8584 7
    endloop
  endfacet
  facet normal 0 -0 1
    outer loop
      vertex -2.15771 40.4292 7
      vertex -2.12503 40.5694 7
      vertex -4.31544 40.8584 7
    endloop
  endfacet
  facet normal 0 0 1
    outer loop
      vertex -4.16649 41.4143 7
      vertex -4.25006 41.1388 7
      vertex -2.12503 40.5694 7
    endloop
  endfacet
  facet normal -0 0 1
    outer loop
      vertex -4.16649 41.4143 7
      vertex -2.03253 40.8419 7
      vertex -4.06506 41.6838 7
    endloop
  endfacet
  facet normal 0 -0 1
    outer loop
      vertex -2.03253 40.8419 7
      vertex -1.97311 40.973 7
      vertex -3.94623 41.9461 7
    endloop
  endfacet
  facet normal 0 0 1
    outer loop
      vertex -1.90524 41.1 7
      vertex -3.8105 42.2 7
      vertex -1.97311 40.973 7
    endloop
  endfacet
  facet normal 0 0 1
    outer loop
      vertex -1.97311 40.973 7
      vertex -3.8105 42.2 7
      vertex -3.94623 41.9461 7
    endloop
  endfacet
  facet normal 0 0 1
    outer loop
      vertex -1.82922 41.2222 7
      vertex -3.65846 42.4445 7
      vertex -3.8105 42.2 7
    endloop
  endfacet
  facet normal 0 -0 1
    outer loop
      vertex -1.90524 41.1 7
      vertex -1.82922 41.2222 7
      vertex -3.8105 42.2 7
    endloop
  endfacet
  facet normal 0 0 1
    outer loop
      vertex -1.74538 41.3393 7
      vertex -3.65846 42.4445 7
      vertex -1.82922 41.2222 7
    endloop
  endfacet
  facet normal 0 0 1
    outer loop
      vertex -1.65404 41.4505 7
      vertex -3.30809 42.9011 7
      vertex -1.74538 41.3393 7
    endloop
  endfacet
  facet normal 0 0 1
    outer loop
      vertex -1.74538 41.3393 7
      vertex -3.30809 42.9011 7
      vertex -3.49075 42.6785 7
    endloop
  endfacet
  facet normal 0 0 1
    outer loop
      vertex -1.55563 41.5556 7
      vertex -3.11127 43.1113 7
      vertex -3.30809 42.9011 7
    endloop
  endfacet
  facet normal 0 -0 1
    outer loop
      vertex -1.65404 41.4505 7
      vertex -1.55563 41.5556 7
      vertex -3.30809 42.9011 7
    endloop
  endfacet
  facet normal 0 0 1
    outer loop
      vertex -1.45055 41.654 7
      vertex -2.90111 43.3081 7
      vertex -1.55563 41.5556 7
    endloop
  endfacet
  facet normal 0 0 1
    outer loop
      vertex -1.55563 41.5556 7
      vertex -2.90111 43.3081 7
      vertex -3.11127 43.1113 7
    endloop
  endfacet
  facet normal 0 0 1
    outer loop
      vertex -1.33926 41.7454 7
      vertex -2.90111 43.3081 7
      vertex -1.45055 41.654 7
    endloop
  endfacet
  facet normal 0 0 1
    outer loop
      vertex -1.22224 41.8292 7
      vertex -2.4445 43.6585 7
      vertex -1.33926 41.7454 7
    endloop
  endfacet
  facet normal 0 0 1
    outer loop
      vertex -1.33926 41.7454 7
      vertex -2.4445 43.6585 7
      vertex -2.67854 43.4908 7
    endloop
  endfacet
  facet normal 0 0 1
    outer loop
      vertex -1.09999 41.9052 7
      vertex -2.2 43.8105 7
      vertex -1.22224 41.8292 7
    endloop
  endfacet
  facet normal 0 0 1
    outer loop
      vertex -1.22224 41.8292 7
      vertex -2.2 43.8105 7
      vertex -2.4445 43.6585 7
    endloop
  endfacet
  facet normal 0 0 1
    outer loop
      vertex -0.973022 41.9731 7
      vertex -1.94606 43.9462 7
      vertex -2.2 43.8105 7
    endloop
  endfacet
  facet normal 0 -0 1
    outer loop
      vertex -1.09999 41.9052 7
      vertex -0.973022 41.9731 7
      vertex -2.2 43.8105 7
    endloop
  endfacet
  facet normal 0 0 1
    outer loop
      vertex -0.841888 42.0325 7
      vertex -1.68379 44.0651 7
      vertex -1.94606 43.9462 7
    endloop
  endfacet
  facet normal 0 -0 1
    outer loop
      vertex -0.973022 41.9731 7
      vertex -0.841888 42.0325 7
      vertex -1.94606 43.9462 7
    endloop
  endfacet
  facet normal 0 0 1
    outer loop
      vertex -0.707153 42.0832 7
      vertex -1.41432 44.1665 7
      vertex -0.841888 42.0325 7
    endloop
  endfacet
  facet normal 0 0 1
    outer loop
      vertex -0.841888 42.0325 7
      vertex -1.41432 44.1665 7
      vertex -1.68379 44.0651 7
    endloop
  endfacet
  facet normal 0 0 1
    outer loop
      vertex -0.569397 42.125 7
      vertex -1.13879 44.2501 7
      vertex -1.41432 44.1665 7
    endloop
  endfacet
  facet normal 0 -0 1
    outer loop
      vertex -0.707153 42.0832 7
      vertex -0.569397 42.125 7
      vertex -1.41432 44.1665 7
    endloop
  endfacet
  facet normal 0 0 1
    outer loop
      vertex -0.429184 42.1577 7
      vertex -0.858383 44.3154 7
      vertex -0.569397 42.125 7
    endloop
  endfacet
  facet normal 0 0 1
    outer loop
      vertex -0.569397 42.125 7
      vertex -0.858383 44.3154 7
      vertex -1.13879 44.2501 7
    endloop
  endfacet
  facet normal 0 0 1
    outer loop
      vertex -0.287155 42.1812 7
      vertex -0.57431 44.3624 7
      vertex -0.858383 44.3154 7
    endloop
  endfacet
  facet normal 0 -0 1
    outer loop
      vertex -0.429184 42.1577 7
      vertex -0.287155 42.1812 7
      vertex -0.858383 44.3154 7
    endloop
  endfacet
  facet normal 0 0 1
    outer loop
      vertex -0.143875 42.1953 7
      vertex -0.57431 44.3624 7
      vertex -0.287155 42.1812 7
    endloop
  endfacet
  facet normal 0 0 1
    outer loop
      vertex 0 42.2 7
      vertex -0.287766 44.3906 7
      vertex -0.143875 42.1953 7
    endloop
  endfacet
  facet normal 0 -0 1
    outer loop
      vertex 0.143875 42.1953 7
      vertex 0.287766 44.3906 7
      vertex 0 42.2 7
    endloop
  endfacet
  facet normal 0 0 1
    outer loop
      vertex 0 42.2 7
      vertex 0.287766 44.3906 7
      vertex 0 44.4 7
    endloop
  endfacet
  facet normal 0 -0 1
    outer loop
      vertex 0.287155 42.1812 7
      vertex 0.57431 44.3624 7
      vertex 0.143875 42.1953 7
    endloop
  endfacet
  facet normal 0 0 1
    outer loop
      vertex 0.143875 42.1953 7
      vertex 0.57431 44.3624 7
      vertex 0.287766 44.3906 7
    endloop
  endfacet
  facet normal 0 0 1
    outer loop
      vertex 0.858383 44.3154 7
      vertex 0.57431 44.3624 7
      vertex 0.287155 42.1812 7
    endloop
  endfacet
  facet normal 0 0 1
    outer loop
      vertex 0.569397 42.125 7
      vertex 1.13879 44.2501 7
      vertex 0.858383 44.3154 7
    endloop
  endfacet
  facet normal -0 0 1
    outer loop
      vertex 0.429184 42.1577 7
      vertex 0.569397 42.125 7
      vertex 0.858383 44.3154 7
    endloop
  endfacet
  facet normal -0 0 1
    outer loop
      vertex 0.569397 42.125 7
      vertex 0.707153 42.0832 7
      vertex 1.41432 44.1665 7
    endloop
  endfacet
  facet normal 0 -0 1
    outer loop
      vertex 0.841888 42.0325 7
      vertex 1.41432 44.1665 7
      vertex 0.707153 42.0832 7
    endloop
  endfacet
  facet normal -0 0 1
    outer loop
      vertex 0.841888 42.0325 7
      vertex 0.973022 41.9731 7
      vertex 1.94606 43.9462 7
    endloop
  endfacet
  facet normal 0 -0 1
    outer loop
      vertex 1.09999 41.9052 7
      vertex 2.2 43.8105 7
      vertex 0.973022 41.9731 7
    endloop
  endfacet
  facet normal 0 0 1
    outer loop
      vertex 0.973022 41.9731 7
      vertex 2.2 43.8105 7
      vertex 1.94606 43.9462 7
    endloop
  endfacet
  facet normal 0 0 1
    outer loop
      vertex 2.2 43.8105 7
      vertex 1.22224 41.8292 7
      vertex 2.4445 43.6585 7
    endloop
  endfacet
  facet normal 0 0 1
    outer loop
      vertex 1.33926 41.7454 7
      vertex 2.67854 43.4908 7
      vertex 2.4445 43.6585 7
    endloop
  endfacet
  facet normal -0 0 1
    outer loop
      vertex 1.22224 41.8292 7
      vertex 1.33926 41.7454 7
      vertex 2.4445 43.6585 7
    endloop
  endfacet
  facet normal 0 -0 1
    outer loop
      vertex 1.45055 41.654 7
      vertex 2.90111 43.3081 7
      vertex 1.33926 41.7454 7
    endloop
  endfacet
  facet normal 0 0 1
    outer loop
      vertex 1.33926 41.7454 7
      vertex 2.90111 43.3081 7
      vertex 2.67854 43.4908 7
    endloop
  endfacet
  facet normal 0 0 1
    outer loop
      vertex 1.55563 41.5556 7
      vertex 3.11127 43.1113 7
      vertex 2.90111 43.3081 7
    endloop
  endfacet
  facet normal -0 0 1
    outer loop
      vertex 1.45055 41.654 7
      vertex 1.55563 41.5556 7
      vertex 2.90111 43.3081 7
    endloop
  endfacet
  facet normal 0 0 1
    outer loop
      vertex 3.30809 42.9011 7
      vertex 3.11127 43.1113 7
      vertex 1.55563 41.5556 7
    endloop
  endfacet
  facet normal 0 0 1
    outer loop
      vertex 3.30809 42.9011 7
      vertex 1.74538 41.3393 7
      vertex 3.49075 42.6785 7
    endloop
  endfacet
  facet normal -0 0 1
    outer loop
      vertex 1.74538 41.3393 7
      vertex 1.82922 41.2222 7
      vertex 3.65846 42.4445 7
    endloop
  endfacet
  facet normal -0 0 1
    outer loop
      vertex 1.82922 41.2222 7
      vertex 1.90524 41.1 7
      vertex 3.8105 42.2 7
    endloop
  endfacet
  facet normal 0 0 1
    outer loop
      vertex 3.8105 42.2 7
      vertex 1.97311 40.973 7
      vertex 3.94623 41.9461 7
    endloop
  endfacet
  facet normal -0 0 1
    outer loop
      vertex 1.97311 40.973 7
      vertex 2.03253 40.8419 7
      vertex 3.94623 41.9461 7
    endloop
  endfacet
  facet normal 0 0 1
    outer loop
      vertex 2.03253 40.8419 7
      vertex 4.06506 41.6838 7
      vertex 3.94623 41.9461 7
    endloop
  endfacet
  facet normal 0 0 1
    outer loop
      vertex 4.16649 41.4143 7
      vertex 4.06506 41.6838 7
      vertex 2.03253 40.8419 7
    endloop
  endfacet
  facet normal 0 0 1
    outer loop
      vertex 4.16649 41.4143 7
      vertex 2.03253 40.8419 7
      vertex 2.08324 40.7072 7
    endloop
  endfacet
  facet normal 0 0 1
    outer loop
      vertex 4.16649 41.4143 7
      vertex 2.08324 40.7072 7
      vertex 2.12503 40.5694 7
    endloop
  endfacet
  facet normal 0 0 1
    outer loop
      vertex 4.16649 41.4143 7
      vertex 2.12503 40.5694 7
      vertex 4.25006 41.1388 7
    endloop
  endfacet
  facet normal 0 0 1
    outer loop
      vertex 2.12503 40.5694 7
      vertex 4.31544 40.8584 7
      vertex 4.25006 41.1388 7
    endloop
  endfacet
  facet normal 0 -0 1
    outer loop
      vertex 2.15771 40.4292 7
      vertex 4.31544 40.8584 7
      vertex 2.12503 40.5694 7
    endloop
  endfacet
  facet normal 0 -0 1
    outer loop
      vertex 2.18117 40.2872 7
      vertex 4.31544 40.8584 7
      vertex 2.15771 40.4292 7
    endloop
  endfacet
  facet normal 0 0 1
    outer loop
      vertex 4.36235 40.5743 7
      vertex 4.31544 40.8584 7
      vertex 2.18117 40.2872 7
    endloop
  endfacet
  facet normal 0 0 1
    outer loop
      vertex 4.36235 40.5743 7
      vertex 2.18117 40.2872 7
      vertex 2.19528 40.1439 7
    endloop
  endfacet
  facet normal 0 0 1
    outer loop
      vertex 4.36235 40.5743 7
      vertex 2.19528 40.1439 7
      vertex 4.39058 40.2878 7
    endloop
  endfacet
  facet normal -0 0 1
    outer loop
      vertex 2.19528 40.1439 7
      vertex 2.2 40 7
      vertex 4.39058 40.2878 7
    endloop
  endfacet
  facet normal 0 0 1
    outer loop
      vertex 2.2 40 7
      vertex 4.39999 40 7
      vertex 4.39058 40.2878 7
    endloop
  endfacet
  facet normal 0 0 1
    outer loop
      vertex 2.19528 39.8561 7
      vertex 4.39999 40 7
      vertex 2.2 40 7
    endloop
  endfacet
  facet normal 0 0 1
    outer loop
      vertex 2.18117 39.7128 7
      vertex 4.39999 40 7
      vertex 2.19528 39.8561 7
    endloop
  endfacet
  facet normal 0 0 1
    outer loop
      vertex 2.15771 39.5708 7
      vertex 4.39999 40 7
      vertex 2.18117 39.7128 7
    endloop
  endfacet
  facet normal 0 0 1
    outer loop
      vertex 2.12503 39.4306 7
      vertex 4.39999 40 7
      vertex 2.15771 39.5708 7
    endloop
  endfacet
  facet normal 0 0 1
    outer loop
      vertex 2.08324 39.2928 7
      vertex 4.39999 40 7
      vertex 2.12503 39.4306 7
    endloop
  endfacet
  facet normal 0 0 1
    outer loop
      vertex 2.03253 39.1581 7
      vertex 4.39999 40 7
      vertex 2.08324 39.2928 7
    endloop
  endfacet
  facet normal 0 0 1
    outer loop
      vertex 1.97311 39.027 7
      vertex 4.39999 40 7
      vertex 2.03253 39.1581 7
    endloop
  endfacet
  facet normal 0 0 1
    outer loop
      vertex 1.90524 38.9 7
      vertex 4.39999 40 7
      vertex 1.97311 39.027 7
    endloop
  endfacet
  facet normal -0 0 1
    outer loop
      vertex 1.82922 38.7777 7
      vertex 1.74538 38.6607 7
      vertex 4.39999 40 7
    endloop
  endfacet
  facet normal -0 0 1
    outer loop
      vertex 1.74538 38.6607 7
      vertex 1.65404 38.5494 7
      vertex 4.39999 40 7
    endloop
  endfacet
  facet normal -0 0 1
    outer loop
      vertex 1.65404 38.5494 7
      vertex 1.55563 38.4444 7
      vertex 4.39999 40 7
    endloop
  endfacet
  facet normal 0 -0 1
    outer loop
      vertex 0.195084 31.9808 7
      vertex 0.287155 37.8188 7
      vertex 0.130524 31.9914 7
    endloop
  endfacet
  facet normal 0 0 1
    outer loop
      vertex -0.569397 37.875 7
      vertex -0.321426 31.9469 7
      vertex -0.429184 37.8423 7
    endloop
  endfacet
  facet normal 0 -0 1
    outer loop
      vertex -0.382675 31.9239 7
      vertex -0.321426 31.9469 7
      vertex -0.569397 37.875 7
    endloop
  endfacet
  facet normal 0 0 1
    outer loop
      vertex -0.707153 37.9167 7
      vertex -0.841888 37.9675 7
      vertex -0.442276 31.8969 7
    endloop
  endfacet
  facet normal 0 0 1
    outer loop
      vertex -0.841888 37.9675 7
      vertex -0.5 31.866 7
      vertex -0.442276 31.8969 7
    endloop
  endfacet
  facet normal 0 0 1
    outer loop
      vertex -0.973022 38.0269 7
      vertex -0.5 31.866 7
      vertex -0.841888 37.9675 7
    endloop
  endfacet
  facet normal 0 0 1
    outer loop
      vertex -0.608749 31.7934 7
      vertex -0.973022 38.0269 7
      vertex -1.09999 38.0947 7
    endloop
  endfacet
  facet normal 0 0 1
    outer loop
      vertex -0.608749 31.7934 7
      vertex -1.09999 38.0947 7
      vertex -0.659332 31.7518 7
    endloop
  endfacet
  facet normal 0 0 1
    outer loop
      vertex -1.09999 38.0947 7
      vertex -1.22224 38.1708 7
      vertex -0.659332 31.7518 7
    endloop
  endfacet
  facet normal 0 -0 1
    outer loop
      vertex -0.340088 5.18886 7
      vertex -0.253616 11.525 7
      vertex -0.678726 5.1555 7
    endloop
  endfacet
  facet normal 0 -0 1
    outer loop
      vertex 0 32 7
      vertex 0 37.8 7
      vertex -0.0653992 31.9978 7
    endloop
  endfacet
  facet normal 0 0 1
    outer loop
      vertex -0.417862 11.569 7
      vertex -0.678726 5.1555 7
      vertex -0.336456 11.5443 7
    endloop
  endfacet
  facet normal 0 0 1
    outer loop
      vertex -1.01447 5.10008 7
      vertex -0.678726 5.1555 7
      vertex -0.417862 11.569 7
    endloop
  endfacet
  facet normal 0 0 1
    outer loop
      vertex -1.01447 5.10008 7
      vertex -0.417862 11.569 7
      vertex -0.497482 11.599 7
    endloop
  endfacet
  facet normal 0 -0 1
    outer loop
      vertex -1.01447 5.10008 7
      vertex -0.497482 11.599 7
      vertex -1.34586 5.02281 7
    endloop
  endfacet
  facet normal 0 0 1
    outer loop
      vertex -0.497482 11.599 7
      vertex -0.574966 11.6341 7
      vertex -1.34586 5.02281 7
    endloop
  endfacet
  facet normal 0 0 1
    outer loop
      vertex -0.574966 11.6341 7
      vertex -4.90915 6.05617 7
      vertex -1.34586 5.02281 7
    endloop
  endfacet
  facet normal 0 0 1
    outer loop
      vertex -0.649994 11.6742 7
      vertex -4.90915 6.05617 7
      vertex -0.574966 11.6341 7
    endloop
  endfacet
  facet normal 0 0 1
    outer loop
      vertex -0.722229 11.7191 7
      vertex -4.90915 6.05617 7
      vertex -0.649994 11.6742 7
    endloop
  endfacet
  facet normal 0 0 1
    outer loop
      vertex -0.791382 11.7686 7
      vertex -4.90915 6.05617 7
      vertex -0.722229 11.7191 7
    endloop
  endfacet
  facet normal 0 0 1
    outer loop
      vertex -0.857147 11.8226 7
      vertex -4.90915 6.05617 7
      vertex -0.791382 11.7686 7
    endloop
  endfacet
  facet normal 0 0 1
    outer loop
      vertex -0.919235 11.8808 7
      vertex -4.90915 6.05617 7
      vertex -0.857147 11.8226 7
    endloop
  endfacet
  facet normal 0 0 1
    outer loop
      vertex -0.977386 11.9428 7
      vertex -4.90915 6.05617 7
      vertex -0.919235 11.8808 7
    endloop
  endfacet
  facet normal 0 0 1
    outer loop
      vertex -1.03136 12.0086 7
      vertex -4.90915 6.05617 7
      vertex -0.977386 11.9428 7
    endloop
  endfacet
  facet normal 0 0 1
    outer loop
      vertex -1.0809 12.0777 7
      vertex -4.90915 6.05617 7
      vertex -1.03136 12.0086 7
    endloop
  endfacet
  facet normal 0 0 1
    outer loop
      vertex -1.12582 12.15 7
      vertex -4.90915 6.05617 7
      vertex -1.0809 12.0777 7
    endloop
  endfacet
  facet normal 0 0 1
    outer loop
      vertex -1.16592 12.225 7
      vertex -4.90915 6.05617 7
      vertex -1.12582 12.15 7
    endloop
  endfacet
  facet normal 0 0 1
    outer loop
      vertex -1.20103 12.3025 7
      vertex -4.90915 6.05617 7
      vertex -1.16592 12.225 7
    endloop
  endfacet
  facet normal 0 0 1
    outer loop
      vertex -1.231 12.3821 7
      vertex -4.90915 6.05617 7
      vertex -1.20103 12.3025 7
    endloop
  endfacet
  facet normal 0 0 1
    outer loop
      vertex -1.25569 12.4635 7
      vertex -4.90915 6.05617 7
      vertex -1.231 12.3821 7
    endloop
  endfacet
  facet normal 0 0 1
    outer loop
      vertex -1.27501 12.5464 7
      vertex -4.90915 6.05617 7
      vertex -1.25569 12.4635 7
    endloop
  endfacet
  facet normal 0 0 1
    outer loop
      vertex -1.28886 12.6303 7
      vertex -4.90915 6.05617 7
      vertex -1.27501 12.5464 7
    endloop
  endfacet
  facet normal 0 0 1
    outer loop
      vertex -1.29721 12.715 7
      vertex -4.90915 6.05617 7
      vertex -1.28886 12.6303 7
    endloop
  endfacet
  facet normal 0 0 1
    outer loop
      vertex -1.29999 12.8 7
      vertex -4.90915 6.05617 7
      vertex -1.29721 12.715 7
    endloop
  endfacet
  facet normal 0 0 1
    outer loop
      vertex -4.39999 40 7
      vertex -4.90915 6.05617 7
      vertex -1 31 7
    endloop
  endfacet
  facet normal 0 0 1
    outer loop
      vertex -1 31 7
      vertex -4.90915 6.05617 7
      vertex -1.29999 12.8 7
    endloop
  endfacet
  facet normal 0 -0 1
    outer loop
      vertex -0.94693 31.3214 7
      vertex -0.923874 31.3827 7
      vertex -4.39999 40 7
    endloop
  endfacet
  facet normal 0 0 1
    outer loop
      vertex -4.39999 40 7
      vertex -0.896866 31.4423 7
      vertex -0.866013 31.5 7
    endloop
  endfacet
  facet normal 0 0 1
    outer loop
      vertex -0.287155 37.8188 7
      vertex -0.130524 31.9914 7
      vertex -0.143875 37.8047 7
    endloop
  endfacet
  facet normal 0 0 1
    outer loop
      vertex -0.79335 31.6087 7
      vertex -1.45055 38.3459 7
      vertex -0.831467 31.5556 7
    endloop
  endfacet
  facet normal 0 0 1
    outer loop
      vertex -1.22224 38.1708 7
      vertex -0.707092 31.7071 7
      vertex -0.659332 31.7518 7
    endloop
  endfacet
  facet normal 0 0 1
    outer loop
      vertex -1.22224 38.1708 7
      vertex -1.33926 38.2546 7
      vertex -0.707092 31.7071 7
    endloop
  endfacet
  facet normal 0 -0 1
    outer loop
      vertex -0.555557 31.8315 7
      vertex -0.5 31.866 7
      vertex -0.973022 38.0269 7
    endloop
  endfacet
  facet normal 0 -0 1
    outer loop
      vertex -0.608749 31.7934 7
      vertex -0.555557 31.8315 7
      vertex -0.973022 38.0269 7
    endloop
  endfacet
  facet normal 0 0 1
    outer loop
      vertex -0.569397 37.875 7
      vertex -0.707153 37.9167 7
      vertex -0.382675 31.9239 7
    endloop
  endfacet
  facet normal 0 0 1
    outer loop
      vertex -0.382675 31.9239 7
      vertex -0.707153 37.9167 7
      vertex -0.442276 31.8969 7
    endloop
  endfacet
  facet normal 0 -0 1
    outer loop
      vertex -0.321426 31.9469 7
      vertex -0.258804 31.9659 7
      vertex -0.429184 37.8423 7
    endloop
  endfacet
  facet normal 0 -0 1
    outer loop
      vertex -0.258804 31.9659 7
      vertex -0.195084 31.9808 7
      vertex -0.429184 37.8423 7
    endloop
  endfacet
  facet normal 0 0 1
    outer loop
      vertex -0.130524 31.9914 7
      vertex -0.287155 37.8188 7
      vertex -0.195084 31.9808 7
    endloop
  endfacet
  facet normal 0 0 1
    outer loop
      vertex -0.195084 31.9808 7
      vertex -0.287155 37.8188 7
      vertex -0.429184 37.8423 7
    endloop
  endfacet
  facet normal 0 -0 1
    outer loop
      vertex -0.130524 31.9914 7
      vertex -0.0653992 31.9978 7
      vertex -0.143875 37.8047 7
    endloop
  endfacet
  facet normal 0 -0 1
    outer loop
      vertex -0.0653992 31.9978 7
      vertex 0 37.8 7
      vertex -0.143875 37.8047 7
    endloop
  endfacet
  facet normal 0 0 1
    outer loop
      vertex 0.0653992 31.9978 7
      vertex 0 37.8 7
      vertex 0 32 7
    endloop
  endfacet
  facet normal 0 0 1
    outer loop
      vertex 0.143875 37.8047 7
      vertex 0 37.8 7
      vertex 0.0653992 31.9978 7
    endloop
  endfacet
  facet normal 0 0 1
    outer loop
      vertex 0.143875 37.8047 7
      vertex 0.0653992 31.9978 7
      vertex 0.130524 31.9914 7
    endloop
  endfacet
  facet normal -0 0 1
    outer loop
      vertex 0.143875 37.8047 7
      vertex 0.130524 31.9914 7
      vertex 0.287155 37.8188 7
    endloop
  endfacet
  facet normal -0 0 1
    outer loop
      vertex 0.287155 37.8188 7
      vertex 0.195084 31.9808 7
      vertex 0.429184 37.8423 7
    endloop
  endfacet
  facet normal -0 0 1
    outer loop
      vertex 0.195084 31.9808 7
      vertex 0.258804 31.9659 7
      vertex 0.429184 37.8423 7
    endloop
  endfacet
  facet normal -0 0 1
    outer loop
      vertex 0.258804 31.9659 7
      vertex 0.321426 31.9469 7
      vertex 0.429184 37.8423 7
    endloop
  endfacet
  facet normal 0 0 1
    outer loop
      vertex 0.321426 31.9469 7
      vertex 0.569397 37.875 7
      vertex 0.429184 37.8423 7
    endloop
  endfacet
  facet normal 0 -0 1
    outer loop
      vertex 0.382675 31.9239 7
      vertex 0.569397 37.875 7
      vertex 0.321426 31.9469 7
    endloop
  endfacet
  facet normal 0 0 1
    outer loop
      vertex 0.707153 37.9167 7
      vertex 0.569397 37.875 7
      vertex 0.382675 31.9239 7
    endloop
  endfacet
  facet normal 0 0 1
    outer loop
      vertex 0.707153 37.9167 7
      vertex 0.382675 31.9239 7
      vertex 0.442276 31.8969 7
    endloop
  endfacet
  facet normal -0 0 1
    outer loop
      vertex 0.707153 37.9167 7
      vertex 0.442276 31.8969 7
      vertex 0.841888 37.9675 7
    endloop
  endfacet
  facet normal -0 0 1
    outer loop
      vertex 0.442276 31.8969 7
      vertex 0.5 31.866 7
      vertex 0.841888 37.9675 7
    endloop
  endfacet
  facet normal 0 0 1
    outer loop
      vertex 0.5 31.866 7
      vertex 0.973022 38.0269 7
      vertex 0.841888 37.9675 7
    endloop
  endfacet
  facet normal 0 -0 1
    outer loop
      vertex 0.555557 31.8315 7
      vertex 0.973022 38.0269 7
      vertex 0.5 31.866 7
    endloop
  endfacet
  facet normal 0 -0 1
    outer loop
      vertex 0.608749 31.7934 7
      vertex 0.973022 38.0269 7
      vertex 0.555557 31.8315 7
    endloop
  endfacet
  facet normal 0 0 1
    outer loop
      vertex 1.09999 38.0947 7
      vertex 0.973022 38.0269 7
      vertex 0.608749 31.7934 7
    endloop
  endfacet
  facet normal 0 0 1
    outer loop
      vertex 1.09999 38.0947 7
      vertex 0.608749 31.7934 7
      vertex 0.659332 31.7518 7
    endloop
  endfacet
  facet normal -0 0 1
    outer loop
      vertex 1.09999 38.0947 7
      vertex 0.659332 31.7518 7
      vertex 1.22224 38.1708 7
    endloop
  endfacet
  facet normal -0 0 1
    outer loop
      vertex 0.659332 31.7518 7
      vertex 0.707092 31.7071 7
      vertex 1.22224 38.1708 7
    endloop
  endfacet
  facet normal 0 0 1
    outer loop
      vertex 0.707092 31.7071 7
      vertex 1.33926 38.2546 7
      vertex 1.22224 38.1708 7
    endloop
  endfacet
  facet normal 0 -0 1
    outer loop
      vertex 0.751831 31.6593 7
      vertex 1.33926 38.2546 7
      vertex 0.707092 31.7071 7
    endloop
  endfacet
  facet normal 0 0 1
    outer loop
      vertex 1.45055 38.3459 7
      vertex 1.33926 38.2546 7
      vertex 0.751831 31.6593 7
    endloop
  endfacet
  facet normal 0 0 1
    outer loop
      vertex 1.45055 38.3459 7
      vertex 0.751831 31.6593 7
      vertex 0.79335 31.6087 7
    endloop
  endfacet
  facet normal 0 0 1
    outer loop
      vertex 1.45055 38.3459 7
      vertex 0.79335 31.6087 7
      vertex 0.831467 31.5556 7
    endloop
  endfacet
  facet normal -0 0 1
    outer loop
      vertex 1.45055 38.3459 7
      vertex 0.831467 31.5556 7
      vertex 1.55563 38.4444 7
    endloop
  endfacet
  facet normal 0 0 1
    outer loop
      vertex 0.831467 31.5556 7
      vertex 4.39999 40 7
      vertex 1.55563 38.4444 7
    endloop
  endfacet
  facet normal 0 -0 1
    outer loop
      vertex 0.866013 31.5 7
      vertex 4.39999 40 7
      vertex 0.831467 31.5556 7
    endloop
  endfacet
  facet normal 0 -0 1
    outer loop
      vertex 0.896866 31.4423 7
      vertex 4.39999 40 7
      vertex 0.866013 31.5 7
    endloop
  endfacet
  facet normal 0 -0 1
    outer loop
      vertex 0.923874 31.3827 7
      vertex 4.39999 40 7
      vertex 0.896866 31.4423 7
    endloop
  endfacet
  facet normal 0 -0 1
    outer loop
      vertex 0.94693 31.3214 7
      vertex 4.39999 40 7
      vertex 0.923874 31.3827 7
    endloop
  endfacet
  facet normal 0 -0 1
    outer loop
      vertex 0.965912 31.2588 7
      vertex 4.39999 40 7
      vertex 0.94693 31.3214 7
    endloop
  endfacet
  facet normal 0 -0 1
    outer loop
      vertex 0.980774 31.1951 7
      vertex 4.39999 40 7
      vertex 0.965912 31.2588 7
    endloop
  endfacet
  facet normal 0 -0 1
    outer loop
      vertex 0.99144 31.1305 7
      vertex 4.39999 40 7
      vertex 0.980774 31.1951 7
    endloop
  endfacet
  facet normal 0 -0 1
    outer loop
      vertex 0.997849 31.0654 7
      vertex 4.39999 40 7
      vertex 0.99144 31.1305 7
    endloop
  endfacet
  facet normal 0 -0 1
    outer loop
      vertex 1 31 7
      vertex 4.39999 40 7
      vertex 0.997849 31.0654 7
    endloop
  endfacet
  facet normal 0 0 1
    outer loop
      vertex 4.90915 6.05617 7
      vertex 4.39999 40 7
      vertex 1 31 7
    endloop
  endfacet
  facet normal 0 0 1
    outer loop
      vertex 4.90915 6.05617 7
      vertex 1 31 7
      vertex 1.29999 12.8 7
    endloop
  endfacet
  facet normal 0 0 1
    outer loop
      vertex 4.90915 6.05617 7
      vertex 1.29999 12.8 7
      vertex 1.29721 12.715 7
    endloop
  endfacet
  facet normal 0 0 1
    outer loop
      vertex 4.90915 6.05617 7
      vertex 1.29721 12.715 7
      vertex 1.28886 12.6303 7
    endloop
  endfacet
  facet normal 0 0 1
    outer loop
      vertex 4.90915 6.05617 7
      vertex 1.28886 12.6303 7
      vertex 1.27501 12.5464 7
    endloop
  endfacet
  facet normal 0 0 1
    outer loop
      vertex 4.90915 6.05617 7
      vertex 1.27501 12.5464 7
      vertex 1.25569 12.4635 7
    endloop
  endfacet
  facet normal 0 0 1
    outer loop
      vertex 4.90915 6.05617 7
      vertex 1.25569 12.4635 7
      vertex 1.231 12.3821 7
    endloop
  endfacet
  facet normal 0 0 1
    outer loop
      vertex 4.90915 6.05617 7
      vertex 1.231 12.3821 7
      vertex 1.20103 12.3025 7
    endloop
  endfacet
  facet normal 0 0 1
    outer loop
      vertex 4.90915 6.05617 7
      vertex 1.20103 12.3025 7
      vertex 1.16592 12.225 7
    endloop
  endfacet
  facet normal 0 0 1
    outer loop
      vertex 4.90915 6.05617 7
      vertex 1.16592 12.225 7
      vertex 1.12582 12.15 7
    endloop
  endfacet
  facet normal 0 0 1
    outer loop
      vertex 4.90915 6.05617 7
      vertex 1.12582 12.15 7
      vertex 1.0809 12.0777 7
    endloop
  endfacet
  facet normal 0 0 1
    outer loop
      vertex 4.90915 6.05617 7
      vertex 1.0809 12.0777 7
      vertex 1.03136 12.0086 7
    endloop
  endfacet
  facet normal -0 0 1
    outer loop
      vertex 0.919235 11.8808 7
      vertex 4.90915 6.05617 7
      vertex 0.977386 11.9428 7
    endloop
  endfacet
  facet normal 0 0 1
    outer loop
      vertex 0.857147 11.8226 7
      vertex 0.791382 11.7686 7
      vertex 4.90915 6.05617 7
    endloop
  endfacet
  facet normal 0 0 1
    outer loop
      vertex 0.791382 11.7686 7
      vertex 0.722229 11.7191 7
      vertex 4.90915 6.05617 7
    endloop
  endfacet
  facet normal 0 0 1
    outer loop
      vertex 0.722229 11.7191 7
      vertex 0.649994 11.6742 7
      vertex 4.90915 6.05617 7
    endloop
  endfacet
  facet normal 0 0 1
    outer loop
      vertex 0.649994 11.6742 7
      vertex 0.574966 11.6341 7
      vertex 4.90915 6.05617 7
    endloop
  endfacet
  facet normal 0 0 1
    outer loop
      vertex 0.574966 11.6341 7
      vertex 0.497482 11.599 7
      vertex 1.34586 5.02281 7
    endloop
  endfacet
  facet normal 0 0 1
    outer loop
      vertex 0.497482 11.599 7
      vertex 1.01447 5.10008 7
      vertex 1.34586 5.02281 7
    endloop
  endfacet
  facet normal -0 0 1
    outer loop
      vertex 0.417862 11.569 7
      vertex 1.01447 5.10008 7
      vertex 0.497482 11.599 7
    endloop
  endfacet
  facet normal -0 -0 1
    outer loop
      vertex 0.678726 5.1555 7
      vertex 1.01447 5.10008 7
      vertex 0.417862 11.569 7
    endloop
  endfacet
  facet normal -0 0 1
    outer loop
      vertex 0.253616 11.525 7
      vertex 0.678726 5.1555 7
      vertex 0.336456 11.5443 7
    endloop
  endfacet
  facet normal -0 -0 1
    outer loop
      vertex 0.340088 5.18886 7
      vertex 0.678726 5.1555 7
      vertex 0.253616 11.525 7
    endloop
  endfacet
  facet normal 0 0 1
    outer loop
      vertex 0.340088 5.18886 7
      vertex 0.253616 11.525 7
      vertex 0.169678 11.5111 7
    endloop
  endfacet
  facet normal 0 0 1
    outer loop
      vertex 0 5.2 7
      vertex 0.085022 11.5028 7
      vertex 0 11.5 7
    endloop
  endfacet
  facet normal 0 0 1
    outer loop
      vertex 0.340088 5.18886 7
      vertex 0.169678 11.5111 7
      vertex 0.085022 11.5028 7
    endloop
  endfacet
  facet normal 0.582487 -0.81284 0
    outer loop
      vertex 4.74834 -6.18814 0
      vertex 4.33344 -6.48546 7
      vertex 4.33344 -6.48546 0
    endloop
  endfacet
  facet normal 0.582487 -0.81284 0
    outer loop
      vertex 4.74834 -6.18814 0
      vertex 4.74834 -6.18814 7
      vertex 4.33344 -6.48546 7
    endloop
  endfacet
  facet normal 0.634393 -0.773011 0
    outer loop
      vertex 5.14288 -5.86435 0
      vertex 4.74834 -6.18814 7
      vertex 4.74834 -6.18814 0
    endloop
  endfacet
  facet normal 0.634393 -0.773011 0
    outer loop
      vertex 5.14288 -5.86435 0
      vertex 5.14288 -5.86435 7
      vertex 4.74834 -6.18814 7
    endloop
  endfacet
  facet normal 0.683581 -0.729875 0
    outer loop
      vertex 5.51543 -5.51543 0
      vertex 5.14288 -5.86435 7
      vertex 5.14288 -5.86435 0
    endloop
  endfacet
  facet normal 0.683581 -0.729875 0
    outer loop
      vertex 5.51543 -5.51543 0
      vertex 5.51543 -5.51543 7
      vertex 5.14288 -5.86435 7
    endloop
  endfacet
  facet normal 0.729875 -0.683581 0
    outer loop
      vertex 5.86435 -5.14288 0
      vertex 5.51543 -5.51543 7
      vertex 5.51543 -5.51543 0
    endloop
  endfacet
  facet normal 0.729875 -0.683581 0
    outer loop
      vertex 5.86435 -5.14288 0
      vertex 5.86435 -5.14288 7
      vertex 5.51543 -5.51543 7
    endloop
  endfacet
  facet normal 0.773011 -0.634393 0
    outer loop
      vertex 6.18814 -4.74834 0
      vertex 5.86435 -5.14288 7
      vertex 5.86435 -5.14288 0
    endloop
  endfacet
  facet normal 0.773011 -0.634393 0
    outer loop
      vertex 6.18814 -4.74834 0
      vertex 6.18814 -4.74834 7
      vertex 5.86435 -5.14288 7
    endloop
  endfacet
  facet normal 0.81284 -0.582487 0
    outer loop
      vertex 6.48546 -4.33344 0
      vertex 6.18814 -4.74834 7
      vertex 6.18814 -4.74834 0
    endloop
  endfacet
  facet normal 0.81284 -0.582487 0
    outer loop
      vertex 6.48546 -4.33344 0
      vertex 6.48546 -4.33344 7
      vertex 6.18814 -4.74834 7
    endloop
  endfacet
  facet normal 0.849208 -0.528059 0
    outer loop
      vertex 6.75499 -3.89999 0
      vertex 6.48546 -4.33344 7
      vertex 6.48546 -4.33344 0
    endloop
  endfacet
  facet normal 0.849208 -0.528059 0
    outer loop
      vertex 6.75499 -3.89999 0
      vertex 6.75499 -3.89999 7
      vertex 6.48546 -4.33344 7
    endloop
  endfacet
  facet normal 0.881913 -0.471412 0
    outer loop
      vertex 6.99561 -3.44984 0
      vertex 6.75499 -3.89999 7
      vertex 6.75499 -3.89999 0
    endloop
  endfacet
  facet normal 0.881913 -0.471412 0
    outer loop
      vertex 6.99561 -3.44984 0
      vertex 6.99561 -3.44984 7
      vertex 6.75499 -3.89999 7
    endloop
  endfacet
  facet normal 0.910873 -0.412687 0
    outer loop
      vertex 7.20625 -2.98492 0
      vertex 6.99561 -3.44984 7
      vertex 6.99561 -3.44984 0
    endloop
  endfacet
  facet normal 0.910873 -0.412687 0
    outer loop
      vertex 7.20625 -2.98492 0
      vertex 7.20625 -2.98492 7
      vertex 6.99561 -3.44984 7
    endloop
  endfacet
  facet normal 0.935902 -0.352261 0
    outer loop
      vertex 7.38605 -2.50722 0
      vertex 7.20625 -2.98492 7
      vertex 7.20625 -2.98492 0
    endloop
  endfacet
  facet normal 0.935902 -0.352261 0
    outer loop
      vertex 7.38605 -2.50722 0
      vertex 7.38605 -2.50722 7
      vertex 7.20625 -2.98492 7
    endloop
  endfacet
  facet normal 0.956944 -0.290273 0
    outer loop
      vertex 7.53421 -2.01878 0
      vertex 7.38605 -2.50722 7
      vertex 7.38605 -2.50722 0
    endloop
  endfacet
  facet normal 0.956944 -0.290273 0
    outer loop
      vertex 7.53421 -2.01878 0
      vertex 7.53421 -2.01878 7
      vertex 7.38605 -2.50722 7
    endloop
  endfacet
  facet normal 0.973874 -0.22709 0
    outer loop
      vertex 7.65012 -1.5217 0
      vertex 7.53421 -2.01878 7
      vertex 7.53421 -2.01878 0
    endloop
  endfacet
  facet normal 0.973874 -0.22709 0
    outer loop
      vertex 7.65012 -1.5217 0
      vertex 7.65012 -1.5217 7
      vertex 7.53421 -2.01878 7
    endloop
  endfacet
  facet normal 0.986645 -0.162887 0
    outer loop
      vertex 7.73326 -1.0181 0
      vertex 7.65012 -1.5217 7
      vertex 7.65012 -1.5217 0
    endloop
  endfacet
  facet normal 0.986645 -0.162887 0
    outer loop
      vertex 7.73326 -1.0181 0
      vertex 7.73326 -1.0181 7
      vertex 7.65012 -1.5217 7
    endloop
  endfacet
  facet normal 0.995185 -0.0980162 0
    outer loop
      vertex 7.78329 -0.510132 0
      vertex 7.73326 -1.0181 7
      vertex 7.73326 -1.0181 0
    endloop
  endfacet
  facet normal 0.995185 -0.0980162 0
    outer loop
      vertex 7.78329 -0.510132 0
      vertex 7.78329 -0.510132 7
      vertex 7.73326 -1.0181 7
    endloop
  endfacet
  facet normal 0.999465 -0.0327191 0
    outer loop
      vertex 7.79999 0 0
      vertex 7.78329 -0.510132 7
      vertex 7.78329 -0.510132 0
    endloop
  endfacet
  facet normal 0.999465 -0.0327191 0
    outer loop
      vertex 7.79999 0 0
      vertex 7.79999 0 7
      vertex 7.78329 -0.510132 7
    endloop
  endfacet
  facet normal 0.999465 0.0327191 0
    outer loop
      vertex 7.78329 0.510132 0
      vertex 7.79999 0 7
      vertex 7.79999 0 0
    endloop
  endfacet
  facet normal 0.999465 0.0327191 -0
    outer loop
      vertex 7.78329 0.510132 0
      vertex 7.78329 0.510132 7
      vertex 7.79999 0 7
    endloop
  endfacet
  facet normal 0.995185 0.0980162 0
    outer loop
      vertex 7.73326 1.0181 0
      vertex 7.78329 0.510132 7
      vertex 7.78329 0.510132 0
    endloop
  endfacet
  facet normal 0.995185 0.0980162 -0
    outer loop
      vertex 7.73326 1.0181 0
      vertex 7.73326 1.0181 7
      vertex 7.78329 0.510132 7
    endloop
  endfacet
  facet normal 0.986645 0.162887 0
    outer loop
      vertex 7.65012 1.5217 0
      vertex 7.73326 1.0181 7
      vertex 7.73326 1.0181 0
    endloop
  endfacet
  facet normal 0.986645 0.162887 -0
    outer loop
      vertex 7.65012 1.5217 0
      vertex 7.65012 1.5217 7
      vertex 7.73326 1.0181 7
    endloop
  endfacet
  facet normal 0.973874 0.22709 0
    outer loop
      vertex 7.53421 2.01878 0
      vertex 7.65012 1.5217 7
      vertex 7.65012 1.5217 0
    endloop
  endfacet
  facet normal 0.973874 0.22709 -0
    outer loop
      vertex 7.53421 2.01878 0
      vertex 7.53421 2.01878 7
      vertex 7.65012 1.5217 7
    endloop
  endfacet
  facet normal 0.956944 0.290273 0
    outer loop
      vertex 7.38605 2.50722 0
      vertex 7.53421 2.01878 7
      vertex 7.53421 2.01878 0
    endloop
  endfacet
  facet normal 0.956944 0.290273 -0
    outer loop
      vertex 7.38605 2.50722 0
      vertex 7.38605 2.50722 7
      vertex 7.53421 2.01878 7
    endloop
  endfacet
  facet normal 0.935902 0.352261 0
    outer loop
      vertex 7.20625 2.98492 0
      vertex 7.38605 2.50722 7
      vertex 7.38605 2.50722 0
    endloop
  endfacet
  facet normal 0.935902 0.352261 -0
    outer loop
      vertex 7.20625 2.98492 0
      vertex 7.20625 2.98492 7
      vertex 7.38605 2.50722 7
    endloop
  endfacet
  facet normal 0.910873 0.412687 0
    outer loop
      vertex 6.99561 3.44984 0
      vertex 7.20625 2.98492 7
      vertex 7.20625 2.98492 0
    endloop
  endfacet
  facet normal 0.910873 0.412687 -0
    outer loop
      vertex 6.99561 3.44984 0
      vertex 6.99561 3.44984 7
      vertex 7.20625 2.98492 7
    endloop
  endfacet
  facet normal 0.881913 0.471412 0
    outer loop
      vertex 6.75499 3.89999 0
      vertex 6.99561 3.44984 7
      vertex 6.99561 3.44984 0
    endloop
  endfacet
  facet normal 0.881913 0.471412 -0
    outer loop
      vertex 6.75499 3.89999 0
      vertex 6.75499 3.89999 7
      vertex 6.99561 3.44984 7
    endloop
  endfacet
  facet normal 0.849208 0.528059 0
    outer loop
      vertex 6.48546 4.33344 0
      vertex 6.75499 3.89999 7
      vertex 6.75499 3.89999 0
    endloop
  endfacet
  facet normal 0.849208 0.528059 -0
    outer loop
      vertex 6.48546 4.33344 0
      vertex 6.48546 4.33344 7
      vertex 6.75499 3.89999 7
    endloop
  endfacet
  facet normal 0.81284 0.582487 0
    outer loop
      vertex 6.18814 4.74834 0
      vertex 6.48546 4.33344 7
      vertex 6.48546 4.33344 0
    endloop
  endfacet
  facet normal 0.81284 0.582487 -0
    outer loop
      vertex 6.18814 4.74834 0
      vertex 6.18814 4.74834 7
      vertex 6.48546 4.33344 7
    endloop
  endfacet
  facet normal 0.773011 0.634393 0
    outer loop
      vertex 5.86435 5.14288 0
      vertex 6.18814 4.74834 7
      vertex 6.18814 4.74834 0
    endloop
  endfacet
  facet normal 0.773011 0.634393 -0
    outer loop
      vertex 5.86435 5.14288 0
      vertex 5.86435 5.14288 7
      vertex 6.18814 4.74834 7
    endloop
  endfacet
  facet normal 0.729875 0.683581 0
    outer loop
      vertex 5.51543 5.51543 0
      vertex 5.86435 5.14288 7
      vertex 5.86435 5.14288 0
    endloop
  endfacet
  facet normal 0.729875 0.683581 -0
    outer loop
      vertex 5.51543 5.51543 0
      vertex 5.51543 5.51543 7
      vertex 5.86435 5.14288 7
    endloop
  endfacet
  facet normal 0.683581 0.729875 0
    outer loop
      vertex 5.14288 5.86435 0
      vertex 5.51543 5.51543 7
      vertex 5.51543 5.51543 0
    endloop
  endfacet
  facet normal 0.683581 0.729875 -0
    outer loop
      vertex 5.14288 5.86435 0
      vertex 5.14288 5.86435 7
      vertex 5.51543 5.51543 7
    endloop
  endfacet
  facet normal 0.634399 0.773006 0
    outer loop
      vertex 4.90915 6.05617 0
      vertex 5.14288 5.86435 7
      vertex 5.14288 5.86435 0
    endloop
  endfacet
  facet normal 0.634399 0.773006 -0
    outer loop
      vertex 4.90915 6.05617 0
      vertex 4.90915 6.05617 7
      vertex 5.14288 5.86435 7
    endloop
  endfacet
  facet normal 0.999888 0.0149984 0
    outer loop
      vertex 4.39999 40 0
      vertex 4.90915 6.05617 7
      vertex 4.90915 6.05617 0
    endloop
  endfacet
  facet normal 0.999888 0.0149984 -0
    outer loop
      vertex 4.39999 40 0
      vertex 4.39999 40 7
      vertex 4.90915 6.05617 7
    endloop
  endfacet
  facet normal 0.999466 0.0326789 0
    outer loop
      vertex 4.39058 40.2878 0
      vertex 4.39999 40 7
      vertex 4.39999 40 0
    endloop
  endfacet
  facet normal 0.999466 0.0326789 -0
    outer loop
      vertex 4.39058 40.2878 0
      vertex 4.39058 40.2878 7
      vertex 4.39999 40 7
    endloop
  endfacet
  facet normal 0.995181 0.0980592 0
    outer loop
      vertex 4.36235 40.5743 0
      vertex 4.39058 40.2878 7
      vertex 4.39058 40.2878 0
    endloop
  endfacet
  facet normal 0.995181 0.0980592 -0
    outer loop
      vertex 4.36235 40.5743 0
      vertex 4.36235 40.5743 7
      vertex 4.39058 40.2878 7
    endloop
  endfacet
  facet normal 0.986641 0.162912 0
    outer loop
      vertex 4.31544 40.8584 0
      vertex 4.36235 40.5743 7
      vertex 4.36235 40.5743 0
    endloop
  endfacet
  facet normal 0.986641 0.162912 -0
    outer loop
      vertex 4.31544 40.8584 0
      vertex 4.31544 40.8584 7
      vertex 4.36235 40.5743 7
    endloop
  endfacet
  facet normal 0.973877 0.227076 0
    outer loop
      vertex 4.25006 41.1388 0
      vertex 4.31544 40.8584 7
      vertex 4.31544 40.8584 0
    endloop
  endfacet
  facet normal 0.973877 0.227076 -0
    outer loop
      vertex 4.25006 41.1388 0
      vertex 4.25006 41.1388 7
      vertex 4.31544 40.8584 7
    endloop
  endfacet
  facet normal 0.956942 0.290278 0
    outer loop
      vertex 4.16649 41.4143 0
      vertex 4.25006 41.1388 7
      vertex 4.25006 41.1388 0
    endloop
  endfacet
  facet normal 0.956942 0.290278 -0
    outer loop
      vertex 4.16649 41.4143 0
      vertex 4.16649 41.4143 7
      vertex 4.25006 41.1388 7
    endloop
  endfacet
  facet normal 0.935909 0.352242 0
    outer loop
      vertex 4.06506 41.6838 0
      vertex 4.16649 41.4143 7
      vertex 4.16649 41.4143 0
    endloop
  endfacet
  facet normal 0.935909 0.352242 -0
    outer loop
      vertex 4.06506 41.6838 0
      vertex 4.06506 41.6838 7
      vertex 4.16649 41.4143 7
    endloop
  endfacet
  facet normal 0.910885 0.412659 0
    outer loop
      vertex 3.94623 41.9461 0
      vertex 4.06506 41.6838 7
      vertex 4.06506 41.6838 0
    endloop
  endfacet
  facet normal 0.910885 0.412659 -0
    outer loop
      vertex 3.94623 41.9461 0
      vertex 3.94623 41.9461 7
      vertex 4.06506 41.6838 7
    endloop
  endfacet
  facet normal 0.881896 0.471444 0
    outer loop
      vertex 3.8105 42.2 0
      vertex 3.94623 41.9461 7
      vertex 3.94623 41.9461 0
    endloop
  endfacet
  facet normal 0.881896 0.471444 -0
    outer loop
      vertex 3.8105 42.2 0
      vertex 3.8105 42.2 7
      vertex 3.94623 41.9461 7
    endloop
  endfacet
  facet normal 0.849202 0.528068 0
    outer loop
      vertex 3.65846 42.4445 0
      vertex 3.8105 42.2 7
      vertex 3.8105 42.2 0
    endloop
  endfacet
  facet normal 0.849202 0.528068 -0
    outer loop
      vertex 3.65846 42.4445 0
      vertex 3.65846 42.4445 7
      vertex 3.8105 42.2 7
    endloop
  endfacet
  facet normal 0.812801 0.582542 0
    outer loop
      vertex 3.49075 42.6785 0
      vertex 3.65846 42.4445 7
      vertex 3.65846 42.4445 0
    endloop
  endfacet
  facet normal 0.812801 0.582542 -0
    outer loop
      vertex 3.49075 42.6785 0
      vertex 3.49075 42.6785 7
      vertex 3.65846 42.4445 7
    endloop
  endfacet
  facet normal 0.77305 0.634345 0
    outer loop
      vertex 3.30809 42.9011 0
      vertex 3.49075 42.6785 7
      vertex 3.49075 42.6785 0
    endloop
  endfacet
  facet normal 0.77305 0.634345 -0
    outer loop
      vertex 3.30809 42.9011 0
      vertex 3.30809 42.9011 7
      vertex 3.49075 42.6785 7
    endloop
  endfacet
  facet normal 0.729957 0.683493 0
    outer loop
      vertex 3.11127 43.1113 0
      vertex 3.30809 42.9011 7
      vertex 3.30809 42.9011 0
    endloop
  endfacet
  facet normal 0.729957 0.683493 -0
    outer loop
      vertex 3.11127 43.1113 0
      vertex 3.11127 43.1113 7
      vertex 3.30809 42.9011 7
    endloop
  endfacet
  facet normal 0.683525 0.729927 0
    outer loop
      vertex 2.90111 43.3081 0
      vertex 3.11127 43.1113 7
      vertex 3.11127 43.1113 0
    endloop
  endfacet
  facet normal 0.683525 0.729927 -0
    outer loop
      vertex 2.90111 43.3081 0
      vertex 2.90111 43.3081 7
      vertex 3.11127 43.1113 7
    endloop
  endfacet
  facet normal 0.634479 0.77294 0
    outer loop
      vertex 2.67854 43.4908 0
      vertex 2.90111 43.3081 7
      vertex 2.90111 43.3081 0
    endloop
  endfacet
  facet normal 0.634479 0.77294 -0
    outer loop
      vertex 2.67854 43.4908 0
      vertex 2.67854 43.4908 7
      vertex 2.90111 43.3081 7
    endloop
  endfacet
  facet normal 0.582453 0.812864 0
    outer loop
      vertex 2.4445 43.6585 0
      vertex 2.67854 43.4908 7
      vertex 2.67854 43.4908 0
    endloop
  endfacet
  facet normal 0.582453 0.812864 -0
    outer loop
      vertex 2.4445 43.6585 0
      vertex 2.4445 43.6585 7
      vertex 2.67854 43.4908 7
    endloop
  endfacet
  facet normal 0.527968 0.849264 0
    outer loop
      vertex 2.2 43.8105 0
      vertex 2.4445 43.6585 7
      vertex 2.4445 43.6585 0
    endloop
  endfacet
  facet normal 0.527968 0.849264 -0
    outer loop
      vertex 2.2 43.8105 0
      vertex 2.2 43.8105 7
      vertex 2.4445 43.6585 7
    endloop
  endfacet
  facet normal 0.471306 0.88197 0
    outer loop
      vertex 1.94606 43.9462 0
      vertex 2.2 43.8105 7
      vertex 2.2 43.8105 0
    endloop
  endfacet
  facet normal 0.471306 0.88197 -0
    outer loop
      vertex 1.94606 43.9462 0
      vertex 1.94606 43.9462 7
      vertex 2.2 43.8105 7
    endloop
  endfacet
  facet normal 0.4129 0.910776 0
    outer loop
      vertex 1.68379 44.0651 0
      vertex 1.94606 43.9462 7
      vertex 1.94606 43.9462 0
    endloop
  endfacet
  facet normal 0.4129 0.910776 -0
    outer loop
      vertex 1.68379 44.0651 0
      vertex 1.68379 44.0651 7
      vertex 1.94606 43.9462 7
    endloop
  endfacet
  facet normal 0.352185 0.93593 0
    outer loop
      vertex 1.41432 44.1665 0
      vertex 1.68379 44.0651 7
      vertex 1.68379 44.0651 0
    endloop
  endfacet
  facet normal 0.352185 0.93593 -0
    outer loop
      vertex 1.41432 44.1665 0
      vertex 1.41432 44.1665 7
      vertex 1.68379 44.0651 7
    endloop
  endfacet
  facet normal 0.290345 0.956922 0
    outer loop
      vertex 1.13879 44.2501 0
      vertex 1.41432 44.1665 7
      vertex 1.41432 44.1665 0
    endloop
  endfacet
  facet normal 0.290345 0.956922 -0
    outer loop
      vertex 1.13879 44.2501 0
      vertex 1.13879 44.2501 7
      vertex 1.41432 44.1665 7
    endloop
  endfacet
  facet normal 0.226807 0.97394 0
    outer loop
      vertex 0.858383 44.3154 0
      vertex 1.13879 44.2501 7
      vertex 1.13879 44.2501 0
    endloop
  endfacet
  facet normal 0.226807 0.97394 -0
    outer loop
      vertex 0.858383 44.3154 0
      vertex 0.858383 44.3154 7
      vertex 1.13879 44.2501 7
    endloop
  endfacet
  facet normal 0.163231 0.986588 0
    outer loop
      vertex 0.57431 44.3624 0
      vertex 0.858383 44.3154 7
      vertex 0.858383 44.3154 0
    endloop
  endfacet
  facet normal 0.163231 0.986588 -0
    outer loop
      vertex 0.57431 44.3624 0
      vertex 0.57431 44.3624 7
      vertex 0.858383 44.3154 7
    endloop
  endfacet
  facet normal 0.0979411 0.995192 0
    outer loop
      vertex 0.287766 44.3906 0
      vertex 0.57431 44.3624 7
      vertex 0.57431 44.3624 0
    endloop
  endfacet
  facet normal 0.0979411 0.995192 -0
    outer loop
      vertex 0.287766 44.3906 0
      vertex 0.287766 44.3906 7
      vertex 0.57431 44.3624 7
    endloop
  endfacet
  facet normal 0.032648 0.999467 0
    outer loop
      vertex 0 44.4 0
      vertex 0.287766 44.3906 7
      vertex 0.287766 44.3906 0
    endloop
  endfacet
  facet normal 0.032648 0.999467 -0
    outer loop
      vertex 0 44.4 0
      vertex 0 44.4 7
      vertex 0.287766 44.3906 7
    endloop
  endfacet
  facet normal -0.032648 0.999467 0
    outer loop
      vertex -0.287766 44.3906 0
      vertex 0 44.4 7
      vertex 0 44.4 0
    endloop
  endfacet
  facet normal -0.032648 0.999467 0
    outer loop
      vertex -0.287766 44.3906 0
      vertex -0.287766 44.3906 7
      vertex 0 44.4 7
    endloop
  endfacet
  facet normal -0.0979411 0.995192 0
    outer loop
      vertex -0.57431 44.3624 0
      vertex -0.287766 44.3906 7
      vertex -0.287766 44.3906 0
    endloop
  endfacet
  facet normal -0.0979411 0.995192 0
    outer loop
      vertex -0.57431 44.3624 0
      vertex -0.57431 44.3624 7
      vertex -0.287766 44.3906 7
    endloop
  endfacet
  facet normal -0.163231 0.986588 0
    outer loop
      vertex -0.858383 44.3154 0
      vertex -0.57431 44.3624 7
      vertex -0.57431 44.3624 0
    endloop
  endfacet
  facet normal -0.163231 0.986588 0
    outer loop
      vertex -0.858383 44.3154 0
      vertex -0.858383 44.3154 7
      vertex -0.57431 44.3624 7
    endloop
  endfacet
  facet normal -0.226807 0.97394 0
    outer loop
      vertex -1.13879 44.2501 0
      vertex -0.858383 44.3154 7
      vertex -0.858383 44.3154 0
    endloop
  endfacet
  facet normal -0.226807 0.97394 0
    outer loop
      vertex -1.13879 44.2501 0
      vertex -1.13879 44.2501 7
      vertex -0.858383 44.3154 7
    endloop
  endfacet
  facet normal -0.290345 0.956922 0
    outer loop
      vertex -1.41432 44.1665 0
      vertex -1.13879 44.2501 7
      vertex -1.13879 44.2501 0
    endloop
  endfacet
  facet normal -0.290345 0.956922 0
    outer loop
      vertex -1.41432 44.1665 0
      vertex -1.41432 44.1665 7
      vertex -1.13879 44.2501 7
    endloop
  endfacet
  facet normal -0.352185 0.93593 0
    outer loop
      vertex -1.68379 44.0651 0
      vertex -1.41432 44.1665 7
      vertex -1.41432 44.1665 0
    endloop
  endfacet
  facet normal -0.352185 0.93593 0
    outer loop
      vertex -1.68379 44.0651 0
      vertex -1.68379 44.0651 7
      vertex -1.41432 44.1665 7
    endloop
  endfacet
  facet normal -0.4129 0.910776 0
    outer loop
      vertex -1.94606 43.9462 0
      vertex -1.68379 44.0651 7
      vertex -1.68379 44.0651 0
    endloop
  endfacet
  facet normal -0.4129 0.910776 0
    outer loop
      vertex -1.94606 43.9462 0
      vertex -1.94606 43.9462 7
      vertex -1.68379 44.0651 7
    endloop
  endfacet
  facet normal -0.471306 0.88197 0
    outer loop
      vertex -2.2 43.8105 0
      vertex -1.94606 43.9462 7
      vertex -1.94606 43.9462 0
    endloop
  endfacet
  facet normal -0.471306 0.88197 0
    outer loop
      vertex -2.2 43.8105 0
      vertex -2.2 43.8105 7
      vertex -1.94606 43.9462 7
    endloop
  endfacet
  facet normal -0.527968 0.849264 0
    outer loop
      vertex -2.4445 43.6585 0
      vertex -2.2 43.8105 7
      vertex -2.2 43.8105 0
    endloop
  endfacet
  facet normal -0.527968 0.849264 0
    outer loop
      vertex -2.4445 43.6585 0
      vertex -2.4445 43.6585 7
      vertex -2.2 43.8105 7
    endloop
  endfacet
  facet normal -0.582453 0.812864 0
    outer loop
      vertex -2.67854 43.4908 0
      vertex -2.4445 43.6585 7
      vertex -2.4445 43.6585 0
    endloop
  endfacet
  facet normal -0.582453 0.812864 0
    outer loop
      vertex -2.67854 43.4908 0
      vertex -2.67854 43.4908 7
      vertex -2.4445 43.6585 7
    endloop
  endfacet
  facet normal -0.634479 0.77294 0
    outer loop
      vertex -2.90111 43.3081 0
      vertex -2.67854 43.4908 7
      vertex -2.67854 43.4908 0
    endloop
  endfacet
  facet normal -0.634479 0.77294 0
    outer loop
      vertex -2.90111 43.3081 0
      vertex -2.90111 43.3081 7
      vertex -2.67854 43.4908 7
    endloop
  endfacet
  facet normal -0.683525 0.729927 0
    outer loop
      vertex -3.11127 43.1113 0
      vertex -2.90111 43.3081 7
      vertex -2.90111 43.3081 0
    endloop
  endfacet
  facet normal -0.683525 0.729927 0
    outer loop
      vertex -3.11127 43.1113 0
      vertex -3.11127 43.1113 7
      vertex -2.90111 43.3081 7
    endloop
  endfacet
  facet normal -0.729957 0.683493 0
    outer loop
      vertex -3.30809 42.9011 0
      vertex -3.11127 43.1113 7
      vertex -3.11127 43.1113 0
    endloop
  endfacet
  facet normal -0.729957 0.683493 0
    outer loop
      vertex -3.30809 42.9011 0
      vertex -3.30809 42.9011 7
      vertex -3.11127 43.1113 7
    endloop
  endfacet
  facet normal -0.77305 0.634345 0
    outer loop
      vertex -3.49075 42.6785 0
      vertex -3.30809 42.9011 7
      vertex -3.30809 42.9011 0
    endloop
  endfacet
  facet normal -0.77305 0.634345 0
    outer loop
      vertex -3.49075 42.6785 0
      vertex -3.49075 42.6785 7
      vertex -3.30809 42.9011 7
    endloop
  endfacet
  facet normal -0.812801 0.582542 0
    outer loop
      vertex -3.65846 42.4445 0
      vertex -3.49075 42.6785 7
      vertex -3.49075 42.6785 0
    endloop
  endfacet
  facet normal -0.812801 0.582542 0
    outer loop
      vertex -3.65846 42.4445 0
      vertex -3.65846 42.4445 7
      vertex -3.49075 42.6785 7
    endloop
  endfacet
  facet normal -0.849202 0.528068 0
    outer loop
      vertex -3.8105 42.2 0
      vertex -3.65846 42.4445 7
      vertex -3.65846 42.4445 0
    endloop
  endfacet
  facet normal -0.849202 0.528068 0
    outer loop
      vertex -3.8105 42.2 0
      vertex -3.8105 42.2 7
      vertex -3.65846 42.4445 7
    endloop
  endfacet
  facet normal -0.881896 0.471444 0
    outer loop
      vertex -3.94623 41.9461 0
      vertex -3.8105 42.2 7
      vertex -3.8105 42.2 0
    endloop
  endfacet
  facet normal -0.881896 0.471444 0
    outer loop
      vertex -3.94623 41.9461 0
      vertex -3.94623 41.9461 7
      vertex -3.8105 42.2 7
    endloop
  endfacet
  facet normal -0.910885 0.412659 0
    outer loop
      vertex -4.06506 41.6838 0
      vertex -3.94623 41.9461 7
      vertex -3.94623 41.9461 0
    endloop
  endfacet
  facet normal -0.910885 0.412659 0
    outer loop
      vertex -4.06506 41.6838 0
      vertex -4.06506 41.6838 7
      vertex -3.94623 41.9461 7
    endloop
  endfacet
  facet normal -0.935909 0.352242 0
    outer loop
      vertex -4.16649 41.4143 0
      vertex -4.06506 41.6838 7
      vertex -4.06506 41.6838 0
    endloop
  endfacet
  facet normal -0.935909 0.352242 0
    outer loop
      vertex -4.16649 41.4143 0
      vertex -4.16649 41.4143 7
      vertex -4.06506 41.6838 7
    endloop
  endfacet
  facet normal -0.956942 0.290278 0
    outer loop
      vertex -4.25006 41.1388 0
      vertex -4.16649 41.4143 7
      vertex -4.16649 41.4143 0
    endloop
  endfacet
  facet normal -0.956942 0.290278 0
    outer loop
      vertex -4.25006 41.1388 0
      vertex -4.25006 41.1388 7
      vertex -4.16649 41.4143 7
    endloop
  endfacet
  facet normal -0.973877 0.227076 0
    outer loop
      vertex -4.31544 40.8584 0
      vertex -4.25006 41.1388 7
      vertex -4.25006 41.1388 0
    endloop
  endfacet
  facet normal -0.973877 0.227076 0
    outer loop
      vertex -4.31544 40.8584 0
      vertex -4.31544 40.8584 7
      vertex -4.25006 41.1388 7
    endloop
  endfacet
  facet normal -0.986641 0.162912 0
    outer loop
      vertex -4.36235 40.5743 0
      vertex -4.31544 40.8584 7
      vertex -4.31544 40.8584 0
    endloop
  endfacet
  facet normal -0.986641 0.162912 0
    outer loop
      vertex -4.36235 40.5743 0
      vertex -4.36235 40.5743 7
      vertex -4.31544 40.8584 7
    endloop
  endfacet
  facet normal -0.995181 0.0980592 0
    outer loop
      vertex -4.39058 40.2878 0
      vertex -4.36235 40.5743 7
      vertex -4.36235 40.5743 0
    endloop
  endfacet
  facet normal -0.995181 0.0980592 0
    outer loop
      vertex -4.39058 40.2878 0
      vertex -4.39058 40.2878 7
      vertex -4.36235 40.5743 7
    endloop
  endfacet
  facet normal -0.999466 0.0326789 0
    outer loop
      vertex -4.39999 40 0
      vertex -4.39058 40.2878 7
      vertex -4.39058 40.2878 0
    endloop
  endfacet
  facet normal -0.999466 0.0326789 0
    outer loop
      vertex -4.39999 40 0
      vertex -4.39999 40 7
      vertex -4.39058 40.2878 7
    endloop
  endfacet
  facet normal -0.999888 0.0149984 0
    outer loop
      vertex -4.90915 6.05617 0
      vertex -4.39999 40 7
      vertex -4.39999 40 0
    endloop
  endfacet
  facet normal -0.999888 0.0149984 0
    outer loop
      vertex -4.90915 6.05617 0
      vertex -4.90915 6.05617 7
      vertex -4.39999 40 7
    endloop
  endfacet
  facet normal -0.634399 0.773006 0
    outer loop
      vertex -5.14288 5.86435 0
      vertex -4.90915 6.05617 7
      vertex -4.90915 6.05617 0
    endloop
  endfacet
  facet normal -0.634399 0.773006 0
    outer loop
      vertex -5.14288 5.86435 0
      vertex -5.14288 5.86435 7
      vertex -4.90915 6.05617 7
    endloop
  endfacet
  facet normal -0.683581 0.729875 0
    outer loop
      vertex -5.51543 5.51543 0
      vertex -5.14288 5.86435 7
      vertex -5.14288 5.86435 0
    endloop
  endfacet
  facet normal -0.683581 0.729875 0
    outer loop
      vertex -5.51543 5.51543 0
      vertex -5.51543 5.51543 7
      vertex -5.14288 5.86435 7
    endloop
  endfacet
  facet normal -0.729875 0.683581 0
    outer loop
      vertex -5.86435 5.14288 0
      vertex -5.51543 5.51543 7
      vertex -5.51543 5.51543 0
    endloop
  endfacet
  facet normal -0.729875 0.683581 0
    outer loop
      vertex -5.86435 5.14288 0
      vertex -5.86435 5.14288 7
      vertex -5.51543 5.51543 7
    endloop
  endfacet
  facet normal -0.773011 0.634393 0
    outer loop
      vertex -6.18814 4.74834 0
      vertex -5.86435 5.14288 7
      vertex -5.86435 5.14288 0
    endloop
  endfacet
  facet normal -0.773011 0.634393 0
    outer loop
      vertex -6.18814 4.74834 0
      vertex -6.18814 4.74834 7
      vertex -5.86435 5.14288 7
    endloop
  endfacet
  facet normal -0.81284 0.582487 0
    outer loop
      vertex -6.48546 4.33344 0
      vertex -6.18814 4.74834 7
      vertex -6.18814 4.74834 0
    endloop
  endfacet
  facet normal -0.81284 0.582487 0
    outer loop
      vertex -6.48546 4.33344 0
      vertex -6.48546 4.33344 7
      vertex -6.18814 4.74834 7
    endloop
  endfacet
  facet normal -0.849208 0.528059 0
    outer loop
      vertex -6.75499 3.89999 0
      vertex -6.48546 4.33344 7
      vertex -6.48546 4.33344 0
    endloop
  endfacet
  facet normal -0.849208 0.528059 0
    outer loop
      vertex -6.75499 3.89999 0
      vertex -6.75499 3.89999 7
      vertex -6.48546 4.33344 7
    endloop
  endfacet
  facet normal -0.881913 0.471412 0
    outer loop
      vertex -6.99561 3.44984 0
      vertex -6.75499 3.89999 7
      vertex -6.75499 3.89999 0
    endloop
  endfacet
  facet normal -0.881913 0.471412 0
    outer loop
      vertex -6.99561 3.44984 0
      vertex -6.99561 3.44984 7
      vertex -6.75499 3.89999 7
    endloop
  endfacet
  facet normal -0.910873 0.412687 0
    outer loop
      vertex -7.20625 2.98492 0
      vertex -6.99561 3.44984 7
      vertex -6.99561 3.44984 0
    endloop
  endfacet
  facet normal -0.910873 0.412687 0
    outer loop
      vertex -7.20625 2.98492 0
      vertex -7.20625 2.98492 7
      vertex -6.99561 3.44984 7
    endloop
  endfacet
  facet normal -0.935902 0.352261 0
    outer loop
      vertex -7.38605 2.50722 0
      vertex -7.20625 2.98492 7
      vertex -7.20625 2.98492 0
    endloop
  endfacet
  facet normal -0.935902 0.352261 0
    outer loop
      vertex -7.38605 2.50722 0
      vertex -7.38605 2.50722 7
      vertex -7.20625 2.98492 7
    endloop
  endfacet
  facet normal -0.956944 0.290273 0
    outer loop
      vertex -7.53421 2.01878 0
      vertex -7.38605 2.50722 7
      vertex -7.38605 2.50722 0
    endloop
  endfacet
  facet normal -0.956944 0.290273 0
    outer loop
      vertex -7.53421 2.01878 0
      vertex -7.53421 2.01878 7
      vertex -7.38605 2.50722 7
    endloop
  endfacet
  facet normal -0.973874 0.22709 0
    outer loop
      vertex -7.65012 1.5217 0
      vertex -7.53421 2.01878 7
      vertex -7.53421 2.01878 0
    endloop
  endfacet
  facet normal -0.973874 0.22709 0
    outer loop
      vertex -7.65012 1.5217 0
      vertex -7.65012 1.5217 7
      vertex -7.53421 2.01878 7
    endloop
  endfacet
  facet normal -0.986645 0.162887 0
    outer loop
      vertex -7.73326 1.0181 0
      vertex -7.65012 1.5217 7
      vertex -7.65012 1.5217 0
    endloop
  endfacet
  facet normal -0.986645 0.162887 0
    outer loop
      vertex -7.73326 1.0181 0
      vertex -7.73326 1.0181 7
      vertex -7.65012 1.5217 7
    endloop
  endfacet
  facet normal -0.995185 0.0980162 0
    outer loop
      vertex -7.78329 0.510132 0
      vertex -7.73326 1.0181 7
      vertex -7.73326 1.0181 0
    endloop
  endfacet
  facet normal -0.995185 0.0980162 0
    outer loop
      vertex -7.78329 0.510132 0
      vertex -7.78329 0.510132 7
      vertex -7.73326 1.0181 7
    endloop
  endfacet
  facet normal -0.999465 0.0327191 0
    outer loop
      vertex -7.79999 0 0
      vertex -7.78329 0.510132 7
      vertex -7.78329 0.510132 0
    endloop
  endfacet
  facet normal -0.999465 0.0327191 0
    outer loop
      vertex -7.79999 0 0
      vertex -7.79999 0 7
      vertex -7.78329 0.510132 7
    endloop
  endfacet
  facet normal -0.999465 -0.0327191 0
    outer loop
      vertex -7.78329 -0.510132 0
      vertex -7.79999 0 7
      vertex -7.79999 0 0
    endloop
  endfacet
  facet normal -0.999465 -0.0327191 0
    outer loop
      vertex -7.78329 -0.510132 0
      vertex -7.78329 -0.510132 7
      vertex -7.79999 0 7
    endloop
  endfacet
  facet normal -0.995185 -0.0980162 0
    outer loop
      vertex -7.73326 -1.0181 0
      vertex -7.78329 -0.510132 7
      vertex -7.78329 -0.510132 0
    endloop
  endfacet
  facet normal -0.995185 -0.0980162 0
    outer loop
      vertex -7.73326 -1.0181 0
      vertex -7.73326 -1.0181 7
      vertex -7.78329 -0.510132 7
    endloop
  endfacet
  facet normal -0.986645 -0.162887 0
    outer loop
      vertex -7.65012 -1.5217 0
      vertex -7.73326 -1.0181 7
      vertex -7.73326 -1.0181 0
    endloop
  endfacet
  facet normal -0.986645 -0.162887 0
    outer loop
      vertex -7.65012 -1.5217 0
      vertex -7.65012 -1.5217 7
      vertex -7.73326 -1.0181 7
    endloop
  endfacet
  facet normal -0.973874 -0.22709 0
    outer loop
      vertex -7.53421 -2.01878 0
      vertex -7.65012 -1.5217 7
      vertex -7.65012 -1.5217 0
    endloop
  endfacet
  facet normal -0.973874 -0.22709 0
    outer loop
      vertex -7.53421 -2.01878 0
      vertex -7.53421 -2.01878 7
      vertex -7.65012 -1.5217 7
    endloop
  endfacet
  facet normal -0.956944 -0.290273 0
    outer loop
      vertex -7.38605 -2.50722 0
      vertex -7.53421 -2.01878 7
      vertex -7.53421 -2.01878 0
    endloop
  endfacet
  facet normal -0.956944 -0.290273 0
    outer loop
      vertex -7.38605 -2.50722 0
      vertex -7.38605 -2.50722 7
      vertex -7.53421 -2.01878 7
    endloop
  endfacet
  facet normal -0.935902 -0.352261 0
    outer loop
      vertex -7.20625 -2.98492 0
      vertex -7.38605 -2.50722 7
      vertex -7.38605 -2.50722 0
    endloop
  endfacet
  facet normal -0.935902 -0.352261 0
    outer loop
      vertex -7.20625 -2.98492 0
      vertex -7.20625 -2.98492 7
      vertex -7.38605 -2.50722 7
    endloop
  endfacet
  facet normal -0.910873 -0.412687 0
    outer loop
      vertex -6.99561 -3.44984 0
      vertex -7.20625 -2.98492 7
      vertex -7.20625 -2.98492 0
    endloop
  endfacet
  facet normal -0.910873 -0.412687 0
    outer loop
      vertex -6.99561 -3.44984 0
      vertex -6.99561 -3.44984 7
      vertex -7.20625 -2.98492 7
    endloop
  endfacet
  facet normal -0.881913 -0.471412 0
    outer loop
      vertex -6.75499 -3.89999 0
      vertex -6.99561 -3.44984 7
      vertex -6.99561 -3.44984 0
    endloop
  endfacet
  facet normal -0.881913 -0.471412 0
    outer loop
      vertex -6.75499 -3.89999 0
      vertex -6.75499 -3.89999 7
      vertex -6.99561 -3.44984 7
    endloop
  endfacet
  facet normal -0.849208 -0.528059 0
    outer loop
      vertex -6.48546 -4.33344 0
      vertex -6.75499 -3.89999 7
      vertex -6.75499 -3.89999 0
    endloop
  endfacet
  facet normal -0.849208 -0.528059 0
    outer loop
      vertex -6.48546 -4.33344 0
      vertex -6.48546 -4.33344 7
      vertex -6.75499 -3.89999 7
    endloop
  endfacet
  facet normal -0.81284 -0.582487 0
    outer loop
      vertex -6.18814 -4.74834 0
      vertex -6.48546 -4.33344 7
      vertex -6.48546 -4.33344 0
    endloop
  endfacet
  facet normal -0.81284 -0.582487 0
    outer loop
      vertex -6.18814 -4.74834 0
      vertex -6.18814 -4.74834 7
      vertex -6.48546 -4.33344 7
    endloop
  endfacet
  facet normal -0.773011 -0.634393 0
    outer loop
      vertex -5.86435 -5.14288 0
      vertex -6.18814 -4.74834 7
      vertex -6.18814 -4.74834 0
    endloop
  endfacet
  facet normal -0.773011 -0.634393 0
    outer loop
      vertex -5.86435 -5.14288 0
      vertex -5.86435 -5.14288 7
      vertex -6.18814 -4.74834 7
    endloop
  endfacet
  facet normal -0.729875 -0.683581 0
    outer loop
      vertex -5.51543 -5.51543 0
      vertex -5.86435 -5.14288 7
      vertex -5.86435 -5.14288 0
    endloop
  endfacet
  facet normal -0.729875 -0.683581 0
    outer loop
      vertex -5.51543 -5.51543 0
      vertex -5.51543 -5.51543 7
      vertex -5.86435 -5.14288 7
    endloop
  endfacet
  facet normal -0.683581 -0.729875 0
    outer loop
      vertex -5.14288 -5.86435 0
      vertex -5.51543 -5.51543 7
      vertex -5.51543 -5.51543 0
    endloop
  endfacet
  facet normal -0.683581 -0.729875 0
    outer loop
      vertex -5.14288 -5.86435 0
      vertex -5.14288 -5.86435 7
      vertex -5.51543 -5.51543 7
    endloop
  endfacet
  facet normal -0.634393 -0.773011 0
    outer loop
      vertex -4.74834 -6.18814 0
      vertex -5.14288 -5.86435 7
      vertex -5.14288 -5.86435 0
    endloop
  endfacet
  facet normal -0.634393 -0.773011 0
    outer loop
      vertex -4.74834 -6.18814 0
      vertex -4.74834 -6.18814 7
      vertex -5.14288 -5.86435 7
    endloop
  endfacet
  facet normal -0.582487 -0.81284 0
    outer loop
      vertex -4.33344 -6.48546 0
      vertex -4.74834 -6.18814 7
      vertex -4.74834 -6.18814 0
    endloop
  endfacet
  facet normal -0.582487 -0.81284 0
    outer loop
      vertex -4.33344 -6.48546 0
      vertex -4.33344 -6.48546 7
      vertex -4.74834 -6.18814 7
    endloop
  endfacet
  facet normal -0.528059 -0.849208 0
    outer loop
      vertex -4.19681 -6.57042 0
      vertex -4.33344 -6.48546 7
      vertex -4.33344 -6.48546 0
    endloop
  endfacet
  facet normal -0.528059 -0.849208 0
    outer loop
      vertex -4.19681 -6.57042 0
      vertex -4.19681 -6.57042 7
      vertex -4.33344 -6.48546 7
    endloop
  endfacet
  facet normal 0.820901 -0.57107 0
    outer loop
      vertex -3.79999 -6 0
      vertex -4.19681 -6.57042 7
      vertex -4.19681 -6.57042 0
    endloop
  endfacet
  facet normal 0.820901 -0.57107 0
    outer loop
      vertex -3.79999 -6 0
      vertex -3.79999 -6 7
      vertex -4.19681 -6.57042 7
    endloop
  endfacet
  facet normal 1 0 0
    outer loop
      vertex -3.79999 -3.54558 0
      vertex -3.79999 -6 7
      vertex -3.79999 -6 0
    endloop
  endfacet
  facet normal 1 0 -0
    outer loop
      vertex -3.79999 -3.54558 0
      vertex -3.79999 -3.54558 7
      vertex -3.79999 -6 7
    endloop
  endfacet
  facet normal 0.729874 0.683582 0
    outer loop
      vertex -3.90956 -3.42859 0
      vertex -3.79999 -3.54558 7
      vertex -3.79999 -3.54558 0
    endloop
  endfacet
  facet normal 0.729874 0.683582 -0
    outer loop
      vertex -3.90956 -3.42859 0
      vertex -3.90956 -3.42859 7
      vertex -3.79999 -3.54558 7
    endloop
  endfacet
  facet normal 0.773001 0.634405 0
    outer loop
      vertex -4.12543 -3.16556 0
      vertex -3.90956 -3.42859 7
      vertex -3.90956 -3.42859 0
    endloop
  endfacet
  facet normal 0.773001 0.634405 -0
    outer loop
      vertex -4.12543 -3.16556 0
      vertex -4.12543 -3.16556 7
      vertex -3.90956 -3.42859 7
    endloop
  endfacet
  facet normal 0.812845 0.58248 0
    outer loop
      vertex -4.32364 -2.88896 0
      vertex -4.12543 -3.16556 7
      vertex -4.12543 -3.16556 0
    endloop
  endfacet
  facet normal 0.812845 0.58248 -0
    outer loop
      vertex -4.32364 -2.88896 0
      vertex -4.32364 -2.88896 7
      vertex -4.12543 -3.16556 7
    endloop
  endfacet
  facet normal 0.849206 0.528061 0
    outer loop
      vertex -4.50333 -2.59999 0
      vertex -4.32364 -2.88896 7
      vertex -4.32364 -2.88896 0
    endloop
  endfacet
  facet normal 0.849206 0.528061 -0
    outer loop
      vertex -4.50333 -2.59999 0
      vertex -4.50333 -2.59999 7
      vertex -4.32364 -2.88896 7
    endloop
  endfacet
  facet normal 0.881923 0.471393 0
    outer loop
      vertex -4.66373 -2.2999 0
      vertex -4.50333 -2.59999 7
      vertex -4.50333 -2.59999 0
    endloop
  endfacet
  facet normal 0.881923 0.471393 -0
    outer loop
      vertex -4.66373 -2.2999 0
      vertex -4.66373 -2.2999 7
      vertex -4.50333 -2.59999 7
    endloop
  endfacet
  facet normal 0.910865 0.412704 0
    outer loop
      vertex -4.80417 -1.98994 0
      vertex -4.66373 -2.2999 7
      vertex -4.66373 -2.2999 0
    endloop
  endfacet
  facet normal 0.910865 0.412704 -0
    outer loop
      vertex -4.80417 -1.98994 0
      vertex -4.80417 -1.98994 7
      vertex -4.66373 -2.2999 7
    endloop
  endfacet
  facet normal 0.935906 0.35225 0
    outer loop
      vertex -4.92403 -1.67148 0
      vertex -4.80417 -1.98994 7
      vertex -4.80417 -1.98994 0
    endloop
  endfacet
  facet normal 0.935906 0.35225 -0
    outer loop
      vertex -4.92403 -1.67148 0
      vertex -4.92403 -1.67148 7
      vertex -4.80417 -1.98994 7
    endloop
  endfacet
  facet normal 0.956937 0.290296 0
    outer loop
      vertex -5.02281 -1.34586 0
      vertex -4.92403 -1.67148 7
      vertex -4.92403 -1.67148 0
    endloop
  endfacet
  facet normal 0.956937 0.290296 -0
    outer loop
      vertex -5.02281 -1.34586 0
      vertex -5.02281 -1.34586 7
      vertex -4.92403 -1.67148 7
    endloop
  endfacet
  facet normal 0.973877 0.227078 0
    outer loop
      vertex -5.10008 -1.01447 0
      vertex -5.02281 -1.34586 7
      vertex -5.02281 -1.34586 0
    endloop
  endfacet
  facet normal 0.973877 0.227078 -0
    outer loop
      vertex -5.10008 -1.01447 0
      vertex -5.10008 -1.01447 7
      vertex -5.02281 -1.34586 7
    endloop
  endfacet
  facet normal 0.986649 0.162862 0
    outer loop
      vertex -5.1555 -0.678726 0
      vertex -5.10008 -1.01447 7
      vertex -5.10008 -1.01447 0
    endloop
  endfacet
  facet normal 0.986649 0.162862 -0
    outer loop
      vertex -5.1555 -0.678726 0
      vertex -5.1555 -0.678726 7
      vertex -5.10008 -1.01447 7
    endloop
  endfacet
  facet normal 0.995183 0.0980377 0
    outer loop
      vertex -5.18886 -0.340088 0
      vertex -5.1555 -0.678726 7
      vertex -5.1555 -0.678726 0
    endloop
  endfacet
  facet normal 0.995183 0.0980377 -0
    outer loop
      vertex -5.18886 -0.340088 0
      vertex -5.18886 -0.340088 7
      vertex -5.1555 -0.678726 7
    endloop
  endfacet
  facet normal 0.999464 0.0327387 0
    outer loop
      vertex -5.2 0 0
      vertex -5.18886 -0.340088 7
      vertex -5.18886 -0.340088 0
    endloop
  endfacet
  facet normal 0.999464 0.0327387 -0
    outer loop
      vertex -5.2 0 0
      vertex -5.2 0 7
      vertex -5.18886 -0.340088 7
    endloop
  endfacet
  facet normal 0.999464 -0.0327387 0
    outer loop
      vertex -5.18886 0.340088 0
      vertex -5.2 0 7
      vertex -5.2 0 0
    endloop
  endfacet
  facet normal 0.999464 -0.0327387 0
    outer loop
      vertex -5.18886 0.340088 0
      vertex -5.18886 0.340088 7
      vertex -5.2 0 7
    endloop
  endfacet
  facet normal 0.995183 -0.0980377 0
    outer loop
      vertex -5.1555 0.678726 0
      vertex -5.18886 0.340088 7
      vertex -5.18886 0.340088 0
    endloop
  endfacet
  facet normal 0.995183 -0.0980377 0
    outer loop
      vertex -5.1555 0.678726 0
      vertex -5.1555 0.678726 7
      vertex -5.18886 0.340088 7
    endloop
  endfacet
  facet normal 0.986649 -0.162862 0
    outer loop
      vertex -5.10008 1.01447 0
      vertex -5.1555 0.678726 7
      vertex -5.1555 0.678726 0
    endloop
  endfacet
  facet normal 0.986649 -0.162862 0
    outer loop
      vertex -5.10008 1.01447 0
      vertex -5.10008 1.01447 7
      vertex -5.1555 0.678726 7
    endloop
  endfacet
  facet normal 0.973877 -0.227078 0
    outer loop
      vertex -5.02281 1.34586 0
      vertex -5.10008 1.01447 7
      vertex -5.10008 1.01447 0
    endloop
  endfacet
  facet normal 0.973877 -0.227078 0
    outer loop
      vertex -5.02281 1.34586 0
      vertex -5.02281 1.34586 7
      vertex -5.10008 1.01447 7
    endloop
  endfacet
  facet normal 0.956937 -0.290296 0
    outer loop
      vertex -4.92403 1.67148 0
      vertex -5.02281 1.34586 7
      vertex -5.02281 1.34586 0
    endloop
  endfacet
  facet normal 0.956937 -0.290296 0
    outer loop
      vertex -4.92403 1.67148 0
      vertex -4.92403 1.67148 7
      vertex -5.02281 1.34586 7
    endloop
  endfacet
  facet normal 0.935906 -0.35225 0
    outer loop
      vertex -4.80417 1.98994 0
      vertex -4.92403 1.67148 7
      vertex -4.92403 1.67148 0
    endloop
  endfacet
  facet normal 0.935906 -0.35225 0
    outer loop
      vertex -4.80417 1.98994 0
      vertex -4.80417 1.98994 7
      vertex -4.92403 1.67148 7
    endloop
  endfacet
  facet normal 0.910865 -0.412704 0
    outer loop
      vertex -4.66373 2.2999 0
      vertex -4.80417 1.98994 7
      vertex -4.80417 1.98994 0
    endloop
  endfacet
  facet normal 0.910865 -0.412704 0
    outer loop
      vertex -4.66373 2.2999 0
      vertex -4.66373 2.2999 7
      vertex -4.80417 1.98994 7
    endloop
  endfacet
  facet normal 0.881923 -0.471393 0
    outer loop
      vertex -4.50333 2.59999 0
      vertex -4.66373 2.2999 7
      vertex -4.66373 2.2999 0
    endloop
  endfacet
  facet normal 0.881923 -0.471393 0
    outer loop
      vertex -4.50333 2.59999 0
      vertex -4.50333 2.59999 7
      vertex -4.66373 2.2999 7
    endloop
  endfacet
  facet normal 0.849206 -0.528061 0
    outer loop
      vertex -4.32364 2.88896 0
      vertex -4.50333 2.59999 7
      vertex -4.50333 2.59999 0
    endloop
  endfacet
  facet normal 0.849206 -0.528061 0
    outer loop
      vertex -4.32364 2.88896 0
      vertex -4.32364 2.88896 7
      vertex -4.50333 2.59999 7
    endloop
  endfacet
  facet normal 0.812845 -0.58248 0
    outer loop
      vertex -4.12543 3.16556 0
      vertex -4.32364 2.88896 7
      vertex -4.32364 2.88896 0
    endloop
  endfacet
  facet normal 0.812845 -0.58248 0
    outer loop
      vertex -4.12543 3.16556 0
      vertex -4.12543 3.16556 7
      vertex -4.32364 2.88896 7
    endloop
  endfacet
  facet normal 0.773001 -0.634405 0
    outer loop
      vertex -3.90956 3.42859 0
      vertex -4.12543 3.16556 7
      vertex -4.12543 3.16556 0
    endloop
  endfacet
  facet normal 0.773001 -0.634405 0
    outer loop
      vertex -3.90956 3.42859 0
      vertex -3.90956 3.42859 7
      vertex -4.12543 3.16556 7
    endloop
  endfacet
  facet normal 0.729842 -0.683616 0
    outer loop
      vertex -3.67694 3.67694 0
      vertex -3.90956 3.42859 7
      vertex -3.90956 3.42859 0
    endloop
  endfacet
  facet normal 0.729842 -0.683616 0
    outer loop
      vertex -3.67694 3.67694 0
      vertex -3.67694 3.67694 7
      vertex -3.90956 3.42859 7
    endloop
  endfacet
  facet normal 0.683616 -0.729842 0
    outer loop
      vertex -3.42859 3.90956 0
      vertex -3.67694 3.67694 7
      vertex -3.67694 3.67694 0
    endloop
  endfacet
  facet normal 0.683616 -0.729842 0
    outer loop
      vertex -3.42859 3.90956 0
      vertex -3.42859 3.90956 7
      vertex -3.67694 3.67694 7
    endloop
  endfacet
  facet normal 0.634405 -0.773001 0
    outer loop
      vertex -3.16556 4.12543 0
      vertex -3.42859 3.90956 7
      vertex -3.42859 3.90956 0
    endloop
  endfacet
  facet normal 0.634405 -0.773001 0
    outer loop
      vertex -3.16556 4.12543 0
      vertex -3.16556 4.12543 7
      vertex -3.42859 3.90956 7
    endloop
  endfacet
  facet normal 0.58248 -0.812845 0
    outer loop
      vertex -2.88896 4.32364 0
      vertex -3.16556 4.12543 7
      vertex -3.16556 4.12543 0
    endloop
  endfacet
  facet normal 0.58248 -0.812845 0
    outer loop
      vertex -2.88896 4.32364 0
      vertex -2.88896 4.32364 7
      vertex -3.16556 4.12543 7
    endloop
  endfacet
  facet normal 0.528061 -0.849206 0
    outer loop
      vertex -2.59999 4.50333 0
      vertex -2.88896 4.32364 7
      vertex -2.88896 4.32364 0
    endloop
  endfacet
  facet normal 0.528061 -0.849206 0
    outer loop
      vertex -2.59999 4.50333 0
      vertex -2.59999 4.50333 7
      vertex -2.88896 4.32364 7
    endloop
  endfacet
  facet normal 0.471393 -0.881923 0
    outer loop
      vertex -2.2999 4.66373 0
      vertex -2.59999 4.50333 7
      vertex -2.59999 4.50333 0
    endloop
  endfacet
  facet normal 0.471393 -0.881923 0
    outer loop
      vertex -2.2999 4.66373 0
      vertex -2.2999 4.66373 7
      vertex -2.59999 4.50333 7
    endloop
  endfacet
  facet normal 0.412704 -0.910865 0
    outer loop
      vertex -1.98994 4.80417 0
      vertex -2.2999 4.66373 7
      vertex -2.2999 4.66373 0
    endloop
  endfacet
  facet normal 0.412704 -0.910865 0
    outer loop
      vertex -1.98994 4.80417 0
      vertex -1.98994 4.80417 7
      vertex -2.2999 4.66373 7
    endloop
  endfacet
  facet normal 0.35225 -0.935906 0
    outer loop
      vertex -1.67148 4.92403 0
      vertex -1.98994 4.80417 7
      vertex -1.98994 4.80417 0
    endloop
  endfacet
  facet normal 0.35225 -0.935906 0
    outer loop
      vertex -1.67148 4.92403 0
      vertex -1.67148 4.92403 7
      vertex -1.98994 4.80417 7
    endloop
  endfacet
  facet normal 0.290296 -0.956937 0
    outer loop
      vertex -1.34586 5.02281 0
      vertex -1.67148 4.92403 7
      vertex -1.67148 4.92403 0
    endloop
  endfacet
  facet normal 0.290296 -0.956937 0
    outer loop
      vertex -1.34586 5.02281 0
      vertex -1.34586 5.02281 7
      vertex -1.67148 4.92403 7
    endloop
  endfacet
  facet normal 0.227078 -0.973877 0
    outer loop
      vertex -1.01447 5.10008 0
      vertex -1.34586 5.02281 7
      vertex -1.34586 5.02281 0
    endloop
  endfacet
  facet normal 0.227078 -0.973877 0
    outer loop
      vertex -1.01447 5.10008 0
      vertex -1.01447 5.10008 7
      vertex -1.34586 5.02281 7
    endloop
  endfacet
  facet normal 0.162862 -0.986649 0
    outer loop
      vertex -0.678726 5.1555 0
      vertex -1.01447 5.10008 7
      vertex -1.01447 5.10008 0
    endloop
  endfacet
  facet normal 0.162862 -0.986649 0
    outer loop
      vertex -0.678726 5.1555 0
      vertex -0.678726 5.1555 7
      vertex -1.01447 5.10008 7
    endloop
  endfacet
  facet normal 0.0980377 -0.995183 0
    outer loop
      vertex -0.340088 5.18886 0
      vertex -0.678726 5.1555 7
      vertex -0.678726 5.1555 0
    endloop
  endfacet
  facet normal 0.0980377 -0.995183 0
    outer loop
      vertex -0.340088 5.18886 0
      vertex -0.340088 5.18886 7
      vertex -0.678726 5.1555 7
    endloop
  endfacet
  facet normal 0.0327387 -0.999464 0
    outer loop
      vertex 0 5.2 0
      vertex -0.340088 5.18886 7
      vertex -0.340088 5.18886 0
    endloop
  endfacet
  facet normal 0.0327387 -0.999464 0
    outer loop
      vertex 0 5.2 0
      vertex 0 5.2 7
      vertex -0.340088 5.18886 7
    endloop
  endfacet
  facet normal -0.0327387 -0.999464 0
    outer loop
      vertex 0.340088 5.18886 0
      vertex 0 5.2 7
      vertex 0 5.2 0
    endloop
  endfacet
  facet normal -0.0327387 -0.999464 0
    outer loop
      vertex 0.340088 5.18886 0
      vertex 0.340088 5.18886 7
      vertex 0 5.2 7
    endloop
  endfacet
  facet normal -0.0980377 -0.995183 0
    outer loop
      vertex 0.678726 5.1555 0
      vertex 0.340088 5.18886 7
      vertex 0.340088 5.18886 0
    endloop
  endfacet
  facet normal -0.0980377 -0.995183 0
    outer loop
      vertex 0.678726 5.1555 0
      vertex 0.678726 5.1555 7
      vertex 0.340088 5.18886 7
    endloop
  endfacet
  facet normal -0.162862 -0.986649 0
    outer loop
      vertex 1.01447 5.10008 0
      vertex 0.678726 5.1555 7
      vertex 0.678726 5.1555 0
    endloop
  endfacet
  facet normal -0.162862 -0.986649 0
    outer loop
      vertex 1.01447 5.10008 0
      vertex 1.01447 5.10008 7
      vertex 0.678726 5.1555 7
    endloop
  endfacet
  facet normal -0.227078 -0.973877 0
    outer loop
      vertex 1.34586 5.02281 0
      vertex 1.01447 5.10008 7
      vertex 1.01447 5.10008 0
    endloop
  endfacet
  facet normal -0.227078 -0.973877 0
    outer loop
      vertex 1.34586 5.02281 0
      vertex 1.34586 5.02281 7
      vertex 1.01447 5.10008 7
    endloop
  endfacet
  facet normal -0.290296 -0.956937 0
    outer loop
      vertex 1.67148 4.92403 0
      vertex 1.34586 5.02281 7
      vertex 1.34586 5.02281 0
    endloop
  endfacet
  facet normal -0.290296 -0.956937 0
    outer loop
      vertex 1.67148 4.92403 0
      vertex 1.67148 4.92403 7
      vertex 1.34586 5.02281 7
    endloop
  endfacet
  facet normal -0.35225 -0.935906 0
    outer loop
      vertex 1.98994 4.80417 0
      vertex 1.67148 4.92403 7
      vertex 1.67148 4.92403 0
    endloop
  endfacet
  facet normal -0.35225 -0.935906 0
    outer loop
      vertex 1.98994 4.80417 0
      vertex 1.98994 4.80417 7
      vertex 1.67148 4.92403 7
    endloop
  endfacet
  facet normal -0.412704 -0.910865 0
    outer loop
      vertex 2.2999 4.66373 0
      vertex 1.98994 4.80417 7
      vertex 1.98994 4.80417 0
    endloop
  endfacet
  facet normal -0.412704 -0.910865 0
    outer loop
      vertex 2.2999 4.66373 0
      vertex 2.2999 4.66373 7
      vertex 1.98994 4.80417 7
    endloop
  endfacet
  facet normal -0.471393 -0.881923 0
    outer loop
      vertex 2.59999 4.50333 0
      vertex 2.2999 4.66373 7
      vertex 2.2999 4.66373 0
    endloop
  endfacet
  facet normal -0.471393 -0.881923 0
    outer loop
      vertex 2.59999 4.50333 0
      vertex 2.59999 4.50333 7
      vertex 2.2999 4.66373 7
    endloop
  endfacet
  facet normal -0.528061 -0.849206 0
    outer loop
      vertex 2.88896 4.32364 0
      vertex 2.59999 4.50333 7
      vertex 2.59999 4.50333 0
    endloop
  endfacet
  facet normal -0.528061 -0.849206 0
    outer loop
      vertex 2.88896 4.32364 0
      vertex 2.88896 4.32364 7
      vertex 2.59999 4.50333 7
    endloop
  endfacet
  facet normal -0.58248 -0.812845 0
    outer loop
      vertex 3.16556 4.12543 0
      vertex 2.88896 4.32364 7
      vertex 2.88896 4.32364 0
    endloop
  endfacet
  facet normal -0.58248 -0.812845 0
    outer loop
      vertex 3.16556 4.12543 0
      vertex 3.16556 4.12543 7
      vertex 2.88896 4.32364 7
    endloop
  endfacet
  facet normal -0.634405 -0.773001 0
    outer loop
      vertex 3.42859 3.90956 0
      vertex 3.16556 4.12543 7
      vertex 3.16556 4.12543 0
    endloop
  endfacet
  facet normal -0.634405 -0.773001 0
    outer loop
      vertex 3.42859 3.90956 0
      vertex 3.42859 3.90956 7
      vertex 3.16556 4.12543 7
    endloop
  endfacet
  facet normal -0.683616 -0.729842 0
    outer loop
      vertex 3.67694 3.67694 0
      vertex 3.42859 3.90956 7
      vertex 3.42859 3.90956 0
    endloop
  endfacet
  facet normal -0.683616 -0.729842 0
    outer loop
      vertex 3.67694 3.67694 0
      vertex 3.67694 3.67694 7
      vertex 3.42859 3.90956 7
    endloop
  endfacet
  facet normal -0.729842 -0.683616 0
    outer loop
      vertex 3.90956 3.42859 0
      vertex 3.67694 3.67694 7
      vertex 3.67694 3.67694 0
    endloop
  endfacet
  facet normal -0.729842 -0.683616 0
    outer loop
      vertex 3.90956 3.42859 0
      vertex 3.90956 3.42859 7
      vertex 3.67694 3.67694 7
    endloop
  endfacet
  facet normal -0.773001 -0.634405 0
    outer loop
      vertex 4.12543 3.16556 0
      vertex 3.90956 3.42859 7
      vertex 3.90956 3.42859 0
    endloop
  endfacet
  facet normal -0.773001 -0.634405 0
    outer loop
      vertex 4.12543 3.16556 0
      vertex 4.12543 3.16556 7
      vertex 3.90956 3.42859 7
    endloop
  endfacet
  facet normal -0.812845 -0.58248 0
    outer loop
      vertex 4.32364 2.88896 0
      vertex 4.12543 3.16556 7
      vertex 4.12543 3.16556 0
    endloop
  endfacet
  facet normal -0.812845 -0.58248 0
    outer loop
      vertex 4.32364 2.88896 0
      vertex 4.32364 2.88896 7
      vertex 4.12543 3.16556 7
    endloop
  endfacet
  facet normal -0.849206 -0.528061 0
    outer loop
      vertex 4.50333 2.59999 0
      vertex 4.32364 2.88896 7
      vertex 4.32364 2.88896 0
    endloop
  endfacet
  facet normal -0.849206 -0.528061 0
    outer loop
      vertex 4.50333 2.59999 0
      vertex 4.50333 2.59999 7
      vertex 4.32364 2.88896 7
    endloop
  endfacet
  facet normal -0.881923 -0.471393 0
    outer loop
      vertex 4.66373 2.2999 0
      vertex 4.50333 2.59999 7
      vertex 4.50333 2.59999 0
    endloop
  endfacet
  facet normal -0.881923 -0.471393 0
    outer loop
      vertex 4.66373 2.2999 0
      vertex 4.66373 2.2999 7
      vertex 4.50333 2.59999 7
    endloop
  endfacet
  facet normal -0.910865 -0.412704 0
    outer loop
      vertex 4.80417 1.98994 0
      vertex 4.66373 2.2999 7
      vertex 4.66373 2.2999 0
    endloop
  endfacet
  facet normal -0.910865 -0.412704 0
    outer loop
      vertex 4.80417 1.98994 0
      vertex 4.80417 1.98994 7
      vertex 4.66373 2.2999 7
    endloop
  endfacet
  facet normal -0.935906 -0.35225 0
    outer loop
      vertex 4.92403 1.67148 0
      vertex 4.80417 1.98994 7
      vertex 4.80417 1.98994 0
    endloop
  endfacet
  facet normal -0.935906 -0.35225 0
    outer loop
      vertex 4.92403 1.67148 0
      vertex 4.92403 1.67148 7
      vertex 4.80417 1.98994 7
    endloop
  endfacet
  facet normal -0.956937 -0.290296 0
    outer loop
      vertex 5.02281 1.34586 0
      vertex 4.92403 1.67148 7
      vertex 4.92403 1.67148 0
    endloop
  endfacet
  facet normal -0.956937 -0.290296 0
    outer loop
      vertex 5.02281 1.34586 0
      vertex 5.02281 1.34586 7
      vertex 4.92403 1.67148 7
    endloop
  endfacet
  facet normal -0.973877 -0.227078 0
    outer loop
      vertex 5.10008 1.01447 0
      vertex 5.02281 1.34586 7
      vertex 5.02281 1.34586 0
    endloop
  endfacet
  facet normal -0.973877 -0.227078 0
    outer loop
      vertex 5.10008 1.01447 0
      vertex 5.10008 1.01447 7
      vertex 5.02281 1.34586 7
    endloop
  endfacet
  facet normal -0.986649 -0.162862 0
    outer loop
      vertex 5.1555 0.678726 0
      vertex 5.10008 1.01447 7
      vertex 5.10008 1.01447 0
    endloop
  endfacet
  facet normal -0.986649 -0.162862 0
    outer loop
      vertex 5.1555 0.678726 0
      vertex 5.1555 0.678726 7
      vertex 5.10008 1.01447 7
    endloop
  endfacet
  facet normal -0.995183 -0.0980377 0
    outer loop
      vertex 5.18886 0.340088 0
      vertex 5.1555 0.678726 7
      vertex 5.1555 0.678726 0
    endloop
  endfacet
  facet normal -0.995183 -0.0980377 0
    outer loop
      vertex 5.18886 0.340088 0
      vertex 5.18886 0.340088 7
      vertex 5.1555 0.678726 7
    endloop
  endfacet
  facet normal -0.999464 -0.0327387 0
    outer loop
      vertex 5.2 0 0
      vertex 5.18886 0.340088 7
      vertex 5.18886 0.340088 0
    endloop
  endfacet
  facet normal -0.999464 -0.0327387 0
    outer loop
      vertex 5.2 0 0
      vertex 5.2 0 7
      vertex 5.18886 0.340088 7
    endloop
  endfacet
  facet normal -0.999464 0.0327387 0
    outer loop
      vertex 5.18886 -0.340088 0
      vertex 5.2 0 7
      vertex 5.2 0 0
    endloop
  endfacet
  facet normal -0.999464 0.0327387 0
    outer loop
      vertex 5.18886 -0.340088 0
      vertex 5.18886 -0.340088 7
      vertex 5.2 0 7
    endloop
  endfacet
  facet normal -0.995183 0.0980377 0
    outer loop
      vertex 5.1555 -0.678726 0
      vertex 5.18886 -0.340088 7
      vertex 5.18886 -0.340088 0
    endloop
  endfacet
  facet normal -0.995183 0.0980377 0
    outer loop
      vertex 5.1555 -0.678726 0
      vertex 5.1555 -0.678726 7
      vertex 5.18886 -0.340088 7
    endloop
  endfacet
  facet normal -0.986649 0.162862 0
    outer loop
      vertex 5.10008 -1.01447 0
      vertex 5.1555 -0.678726 7
      vertex 5.1555 -0.678726 0
    endloop
  endfacet
  facet normal -0.986649 0.162862 0
    outer loop
      vertex 5.10008 -1.01447 0
      vertex 5.10008 -1.01447 7
      vertex 5.1555 -0.678726 7
    endloop
  endfacet
  facet normal -0.973877 0.227078 0
    outer loop
      vertex 5.02281 -1.34586 0
      vertex 5.10008 -1.01447 7
      vertex 5.10008 -1.01447 0
    endloop
  endfacet
  facet normal -0.973877 0.227078 0
    outer loop
      vertex 5.02281 -1.34586 0
      vertex 5.02281 -1.34586 7
      vertex 5.10008 -1.01447 7
    endloop
  endfacet
  facet normal -0.956937 0.290296 0
    outer loop
      vertex 4.92403 -1.67148 0
      vertex 5.02281 -1.34586 7
      vertex 5.02281 -1.34586 0
    endloop
  endfacet
  facet normal -0.956937 0.290296 0
    outer loop
      vertex 4.92403 -1.67148 0
      vertex 4.92403 -1.67148 7
      vertex 5.02281 -1.34586 7
    endloop
  endfacet
  facet normal -0.935906 0.35225 0
    outer loop
      vertex 4.80417 -1.98994 0
      vertex 4.92403 -1.67148 7
      vertex 4.92403 -1.67148 0
    endloop
  endfacet
  facet normal -0.935906 0.35225 0
    outer loop
      vertex 4.80417 -1.98994 0
      vertex 4.80417 -1.98994 7
      vertex 4.92403 -1.67148 7
    endloop
  endfacet
  facet normal -0.910865 0.412704 0
    outer loop
      vertex 4.66373 -2.2999 0
      vertex 4.80417 -1.98994 7
      vertex 4.80417 -1.98994 0
    endloop
  endfacet
  facet normal -0.910865 0.412704 0
    outer loop
      vertex 4.66373 -2.2999 0
      vertex 4.66373 -2.2999 7
      vertex 4.80417 -1.98994 7
    endloop
  endfacet
  facet normal -0.881923 0.471393 0
    outer loop
      vertex 4.50333 -2.59999 0
      vertex 4.66373 -2.2999 7
      vertex 4.66373 -2.2999 0
    endloop
  endfacet
  facet normal -0.881923 0.471393 0
    outer loop
      vertex 4.50333 -2.59999 0
      vertex 4.50333 -2.59999 7
      vertex 4.66373 -2.2999 7
    endloop
  endfacet
  facet normal -0.849206 0.528061 0
    outer loop
      vertex 4.32364 -2.88896 0
      vertex 4.50333 -2.59999 7
      vertex 4.50333 -2.59999 0
    endloop
  endfacet
  facet normal -0.849206 0.528061 0
    outer loop
      vertex 4.32364 -2.88896 0
      vertex 4.32364 -2.88896 7
      vertex 4.50333 -2.59999 7
    endloop
  endfacet
  facet normal -0.812845 0.58248 0
    outer loop
      vertex 4.12543 -3.16556 0
      vertex 4.32364 -2.88896 7
      vertex 4.32364 -2.88896 0
    endloop
  endfacet
  facet normal -0.812845 0.58248 0
    outer loop
      vertex 4.12543 -3.16556 0
      vertex 4.12543 -3.16556 7
      vertex 4.32364 -2.88896 7
    endloop
  endfacet
  facet normal -0.773001 0.634405 0
    outer loop
      vertex 3.90956 -3.42859 0
      vertex 4.12543 -3.16556 7
      vertex 4.12543 -3.16556 0
    endloop
  endfacet
  facet normal -0.773001 0.634405 0
    outer loop
      vertex 3.90956 -3.42859 0
      vertex 3.90956 -3.42859 7
      vertex 4.12543 -3.16556 7
    endloop
  endfacet
  facet normal -0.729874 0.683582 0
    outer loop
      vertex 3.79999 -3.54558 0
      vertex 3.90956 -3.42859 7
      vertex 3.90956 -3.42859 0
    endloop
  endfacet
  facet normal -0.729874 0.683582 0
    outer loop
      vertex 3.79999 -3.54558 0
      vertex 3.79999 -3.54558 7
      vertex 3.90956 -3.42859 7
    endloop
  endfacet
  facet normal -1 0 0
    outer loop
      vertex 3.79999 -6 0
      vertex 3.79999 -3.54558 7
      vertex 3.79999 -3.54558 0
    endloop
  endfacet
  facet normal -1 0 0
    outer loop
      vertex 3.79999 -6 0
      vertex 3.79999 -6 7
      vertex 3.79999 -3.54558 7
    endloop
  endfacet
  facet normal -0.820901 -0.57107 0
    outer loop
      vertex 4.19681 -6.57042 0
      vertex 3.79999 -6 7
      vertex 3.79999 -6 0
    endloop
  endfacet
  facet normal -0.820901 -0.57107 0
    outer loop
      vertex 4.19681 -6.57042 0
      vertex 4.19681 -6.57042 7
      vertex 3.79999 -6 7
    endloop
  endfacet
  facet normal 0.528059 -0.849208 0
    outer loop
      vertex 4.33344 -6.48546 0
      vertex 4.19681 -6.57042 7
      vertex 4.19681 -6.57042 0
    endloop
  endfacet
  facet normal 0.528059 -0.849208 0
    outer loop
      vertex 4.33344 -6.48546 0
      vertex 4.33344 -6.48546 7
      vertex 4.19681 -6.57042 7
    endloop
  endfacet
  facet normal 0.0979356 0.995193 -0
    outer loop
      vertex -0.287155 37.8188 0
      vertex -0.287155 37.8188 7
      vertex -0.143875 37.8047 0
    endloop
  endfacet
  facet normal 0.0979356 0.995193 0
    outer loop
      vertex -0.143875 37.8047 7
      vertex -0.143875 37.8047 0
      vertex -0.287155 37.8188 7
    endloop
  endfacet
  facet normal 0.16324 0.986586 -0
    outer loop
      vertex -0.429184 37.8423 0
      vertex -0.429184 37.8423 7
      vertex -0.287155 37.8188 0
    endloop
  endfacet
  facet normal 0.16324 0.986586 0
    outer loop
      vertex -0.287155 37.8188 7
      vertex -0.287155 37.8188 0
      vertex -0.429184 37.8423 7
    endloop
  endfacet
  facet normal 0.227122 0.973866 -0
    outer loop
      vertex -0.569397 37.875 0
      vertex -0.569397 37.875 7
      vertex -0.429184 37.8423 0
    endloop
  endfacet
  facet normal 0.227122 0.973866 0
    outer loop
      vertex -0.429184 37.8423 7
      vertex -0.429184 37.8423 0
      vertex -0.569397 37.875 7
    endloop
  endfacet
  facet normal 0.289726 0.95711 -0
    outer loop
      vertex -0.707153 37.9167 0
      vertex -0.707153 37.9167 7
      vertex -0.569397 37.875 0
    endloop
  endfacet
  facet normal 0.289726 0.95711 0
    outer loop
      vertex -0.569397 37.875 7
      vertex -0.569397 37.875 0
      vertex -0.707153 37.9167 7
    endloop
  endfacet
  facet normal 0.352793 0.935701 -0
    outer loop
      vertex -0.841888 37.9675 0
      vertex -0.841888 37.9675 7
      vertex -0.707153 37.9167 0
    endloop
  endfacet
  facet normal 0.352793 0.935701 0
    outer loop
      vertex -0.707153 37.9167 7
      vertex -0.707153 37.9167 0
      vertex -0.841888 37.9675 7
    endloop
  endfacet
  facet normal 0.412615 0.910906 -0
    outer loop
      vertex -0.973022 38.0269 0
      vertex -0.973022 38.0269 7
      vertex -0.841888 37.9675 0
    endloop
  endfacet
  facet normal 0.412615 0.910906 0
    outer loop
      vertex -0.841888 37.9675 7
      vertex -0.841888 37.9675 0
      vertex -0.973022 38.0269 7
    endloop
  endfacet
  facet normal 0.471041 0.882111 -0
    outer loop
      vertex -1.09999 38.0947 0
      vertex -1.09999 38.0947 7
      vertex -0.973022 38.0269 0
    endloop
  endfacet
  facet normal 0.471041 0.882111 0
    outer loop
      vertex -0.973022 38.0269 7
      vertex -0.973022 38.0269 0
      vertex -1.09999 38.0947 7
    endloop
  endfacet
  facet normal 0.528469 0.848953 -0
    outer loop
      vertex -1.22224 38.1708 0
      vertex -1.22224 38.1708 7
      vertex -1.09999 38.0947 0
    endloop
  endfacet
  facet normal 0.528469 0.848953 0
    outer loop
      vertex -1.09999 38.0947 7
      vertex -1.09999 38.0947 0
      vertex -1.22224 38.1708 7
    endloop
  endfacet
  facet normal 0.582224 0.813029 -0
    outer loop
      vertex -1.33926 38.2546 0
      vertex -1.33926 38.2546 7
      vertex -1.22224 38.1708 0
    endloop
  endfacet
  facet normal 0.582224 0.813029 0
    outer loop
      vertex -1.22224 38.1708 7
      vertex -1.22224 38.1708 0
      vertex -1.33926 38.2546 7
    endloop
  endfacet
  facet normal 0.634255 0.773124 -0
    outer loop
      vertex -1.45055 38.3459 0
      vertex -1.45055 38.3459 7
      vertex -1.33926 38.2546 0
    endloop
  endfacet
  facet normal 0.634255 0.773124 0
    outer loop
      vertex -1.33926 38.2546 7
      vertex -1.33926 38.2546 0
      vertex -1.45055 38.3459 7
    endloop
  endfacet
  facet normal 0.683895 0.729581 -0
    outer loop
      vertex -1.55563 38.4444 0
      vertex -1.55563 38.4444 7
      vertex -1.45055 38.3459 0
    endloop
  endfacet
  facet normal 0.683895 0.729581 0
    outer loop
      vertex -1.45055 38.3459 7
      vertex -1.45055 38.3459 0
      vertex -1.55563 38.4444 7
    endloop
  endfacet
  facet normal 0.729633 0.683839 -0
    outer loop
      vertex -1.65404 38.5494 0
      vertex -1.65404 38.5494 7
      vertex -1.55563 38.4444 0
    endloop
  endfacet
  facet normal 0.729633 0.683839 0
    outer loop
      vertex -1.55563 38.4444 7
      vertex -1.55563 38.4444 0
      vertex -1.65404 38.5494 7
    endloop
  endfacet
  facet normal 0.773016 0.634387 -0
    outer loop
      vertex -1.74538 38.6607 0
      vertex -1.74538 38.6607 7
      vertex -1.65404 38.5494 0
    endloop
  endfacet
  facet normal 0.773016 0.634387 0
    outer loop
      vertex -1.65404 38.5494 7
      vertex -1.65404 38.5494 0
      vertex -1.74538 38.6607 7
    endloop
  endfacet
  facet normal 0.81285 0.582473 -0
    outer loop
      vertex -1.82922 38.7777 0
      vertex -1.82922 38.7777 7
      vertex -1.74538 38.6607 0
    endloop
  endfacet
  facet normal 0.81285 0.582473 0
    outer loop
      vertex -1.74538 38.6607 7
      vertex -1.74538 38.6607 0
      vertex -1.82922 38.7777 7
    endloop
  endfacet
  facet normal 0.849299 0.527912 -0
    outer loop
      vertex -1.90524 38.9 0
      vertex -1.90524 38.9 7
      vertex -1.82922 38.7777 0
    endloop
  endfacet
  facet normal 0.849299 0.527912 0
    outer loop
      vertex -1.82922 38.7777 7
      vertex -1.82922 38.7777 0
      vertex -1.90524 38.9 7
    endloop
  endfacet
  facet normal 0.881959 0.471327 -0
    outer loop
      vertex -1.97311 39.027 0
      vertex -1.97311 39.027 7
      vertex -1.90524 38.9 0
    endloop
  endfacet
  facet normal 0.881959 0.471327 0
    outer loop
      vertex -1.90524 38.9 7
      vertex -1.90524 38.9 0
      vertex -1.97311 39.027 7
    endloop
  endfacet
  facet normal 0.910813 0.412819 -0
    outer loop
      vertex -2.03253 39.1581 0
      vertex -2.03253 39.1581 7
      vertex -1.97311 39.027 0
    endloop
  endfacet
  facet normal 0.910813 0.412819 0
    outer loop
      vertex -1.97311 39.027 7
      vertex -1.97311 39.027 0
      vertex -2.03253 39.1581 7
    endloop
  endfacet
  facet normal 0.935877 0.352326 -0
    outer loop
      vertex -2.08324 39.2928 0
      vertex -2.08324 39.2928 7
      vertex -2.03253 39.1581 0
    endloop
  endfacet
  facet normal 0.935877 0.352326 0
    outer loop
      vertex -2.03253 39.1581 7
      vertex -2.03253 39.1581 0
      vertex -2.08324 39.2928 7
    endloop
  endfacet
  facet normal 0.956962 0.290214 -0
    outer loop
      vertex -2.12503 39.4306 0
      vertex -2.12503 39.4306 7
      vertex -2.08324 39.2928 0
    endloop
  endfacet
  facet normal 0.956962 0.290214 0
    outer loop
      vertex -2.08324 39.2928 7
      vertex -2.08324 39.2928 0
      vertex -2.12503 39.4306 7
    endloop
  endfacet
  facet normal 0.973892 0.22701 -0
    outer loop
      vertex -2.15771 39.5708 0
      vertex -2.15771 39.5708 7
      vertex -2.12503 39.4306 0
    endloop
  endfacet
  facet normal 0.973892 0.22701 0
    outer loop
      vertex -2.12503 39.4306 7
      vertex -2.12503 39.4306 0
      vertex -2.15771 39.5708 7
    endloop
  endfacet
  facet normal 0.986626 0.163002 -0
    outer loop
      vertex -2.18117 39.7128 0
      vertex -2.18117 39.7128 7
      vertex -2.15771 39.5708 0
    endloop
  endfacet
  facet normal 0.986626 0.163002 0
    outer loop
      vertex -2.15771 39.5708 7
      vertex -2.15771 39.5708 0
      vertex -2.18117 39.7128 7
    endloop
  endfacet
  facet normal 0.995187 0.0979909 -0
    outer loop
      vertex -2.19528 39.8561 0
      vertex -2.19528 39.8561 7
      vertex -2.18117 39.7128 0
    endloop
  endfacet
  facet normal 0.995187 0.0979909 0
    outer loop
      vertex -2.18117 39.7128 7
      vertex -2.18117 39.7128 0
      vertex -2.19528 39.8561 7
    endloop
  endfacet
  facet normal 0.999462 0.0327829 -0
    outer loop
      vertex -2.2 40 0
      vertex -2.2 40 7
      vertex -2.19528 39.8561 0
    endloop
  endfacet
  facet normal 0.999462 0.0327829 0
    outer loop
      vertex -2.19528 39.8561 7
      vertex -2.19528 39.8561 0
      vertex -2.2 40 7
    endloop
  endfacet
  facet normal 0.999462 -0.0327829 0
    outer loop
      vertex -2.19528 40.1439 0
      vertex -2.19528 40.1439 7
      vertex -2.2 40 0
    endloop
  endfacet
  facet normal 0.999462 -0.0327829 0
    outer loop
      vertex -2.2 40 7
      vertex -2.2 40 0
      vertex -2.19528 40.1439 7
    endloop
  endfacet
  facet normal 0.995187 -0.0979909 0
    outer loop
      vertex -2.18117 40.2872 0
      vertex -2.18117 40.2872 7
      vertex -2.19528 40.1439 0
    endloop
  endfacet
  facet normal 0.995187 -0.0979909 0
    outer loop
      vertex -2.19528 40.1439 7
      vertex -2.19528 40.1439 0
      vertex -2.18117 40.2872 7
    endloop
  endfacet
  facet normal 0.986626 -0.163002 0
    outer loop
      vertex -2.15771 40.4292 0
      vertex -2.15771 40.4292 7
      vertex -2.18117 40.2872 0
    endloop
  endfacet
  facet normal 0.986626 -0.163002 0
    outer loop
      vertex -2.18117 40.2872 7
      vertex -2.18117 40.2872 0
      vertex -2.15771 40.4292 7
    endloop
  endfacet
  facet normal 0.973892 -0.22701 0
    outer loop
      vertex -2.12503 40.5694 0
      vertex -2.12503 40.5694 7
      vertex -2.15771 40.4292 0
    endloop
  endfacet
  facet normal 0.973892 -0.22701 0
    outer loop
      vertex -2.15771 40.4292 7
      vertex -2.15771 40.4292 0
      vertex -2.12503 40.5694 7
    endloop
  endfacet
  facet normal 0.956962 -0.290214 0
    outer loop
      vertex -2.08324 40.7072 0
      vertex -2.08324 40.7072 7
      vertex -2.12503 40.5694 0
    endloop
  endfacet
  facet normal 0.956962 -0.290214 0
    outer loop
      vertex -2.12503 40.5694 7
      vertex -2.12503 40.5694 0
      vertex -2.08324 40.7072 7
    endloop
  endfacet
  facet normal 0.935877 -0.352326 0
    outer loop
      vertex -2.03253 40.8419 0
      vertex -2.03253 40.8419 7
      vertex -2.08324 40.7072 0
    endloop
  endfacet
  facet normal 0.935877 -0.352326 0
    outer loop
      vertex -2.08324 40.7072 7
      vertex -2.08324 40.7072 0
      vertex -2.03253 40.8419 7
    endloop
  endfacet
  facet normal 0.910813 -0.412819 0
    outer loop
      vertex -1.97311 40.973 0
      vertex -1.97311 40.973 7
      vertex -2.03253 40.8419 0
    endloop
  endfacet
  facet normal 0.910813 -0.412819 0
    outer loop
      vertex -2.03253 40.8419 7
      vertex -2.03253 40.8419 0
      vertex -1.97311 40.973 7
    endloop
  endfacet
  facet normal 0.881959 -0.471327 0
    outer loop
      vertex -1.90524 41.1 0
      vertex -1.90524 41.1 7
      vertex -1.97311 40.973 0
    endloop
  endfacet
  facet normal 0.881959 -0.471327 0
    outer loop
      vertex -1.97311 40.973 7
      vertex -1.97311 40.973 0
      vertex -1.90524 41.1 7
    endloop
  endfacet
  facet normal 0.849105 -0.528224 0
    outer loop
      vertex -1.82922 41.2222 0
      vertex -1.82922 41.2222 7
      vertex -1.90524 41.1 0
    endloop
  endfacet
  facet normal 0.849105 -0.528224 0
    outer loop
      vertex -1.90524 41.1 7
      vertex -1.90524 41.1 0
      vertex -1.82922 41.2222 7
    endloop
  endfacet
  facet normal 0.813086 -0.582144 0
    outer loop
      vertex -1.74538 41.3393 0
      vertex -1.74538 41.3393 7
      vertex -1.82922 41.2222 0
    endloop
  endfacet
  facet normal 0.813086 -0.582144 0
    outer loop
      vertex -1.82922 41.2222 7
      vertex -1.82922 41.2222 0
      vertex -1.74538 41.3393 7
    endloop
  endfacet
  facet normal 0.772736 -0.634728 0
    outer loop
      vertex -1.65404 41.4505 0
      vertex -1.65404 41.4505 7
      vertex -1.74538 41.3393 0
    endloop
  endfacet
  facet normal 0.772736 -0.634728 0
    outer loop
      vertex -1.74538 41.3393 7
      vertex -1.74538 41.3393 0
      vertex -1.65404 41.4505 7
    endloop
  endfacet
  facet normal 0.729957 -0.683493 0
    outer loop
      vertex -1.55563 41.5556 0
      vertex -1.55563 41.5556 7
      vertex -1.65404 41.4505 0
    endloop
  endfacet
  facet normal 0.729957 -0.683493 0
    outer loop
      vertex -1.65404 41.4505 7
      vertex -1.65404 41.4505 0
      vertex -1.55563 41.5556 7
    endloop
  endfacet
  facet normal 0.683525 -0.729927 0
    outer loop
      vertex -1.45055 41.654 0
      vertex -1.45055 41.654 7
      vertex -1.55563 41.5556 0
    endloop
  endfacet
  facet normal 0.683525 -0.729927 0
    outer loop
      vertex -1.55563 41.5556 7
      vertex -1.55563 41.5556 0
      vertex -1.45055 41.654 7
    endloop
  endfacet
  facet normal 0.63467 -0.772783 0
    outer loop
      vertex -1.33926 41.7454 0
      vertex -1.33926 41.7454 7
      vertex -1.45055 41.654 0
    endloop
  endfacet
  facet normal 0.63467 -0.772783 0
    outer loop
      vertex -1.45055 41.654 7
      vertex -1.45055 41.654 0
      vertex -1.33926 41.7454 7
    endloop
  endfacet
  facet normal 0.582224 -0.813029 0
    outer loop
      vertex -1.22224 41.8292 0
      vertex -1.22224 41.8292 7
      vertex -1.33926 41.7454 0
    endloop
  endfacet
  facet normal 0.582224 -0.813029 0
    outer loop
      vertex -1.33926 41.7454 7
      vertex -1.33926 41.7454 0
      vertex -1.22224 41.8292 7
    endloop
  endfacet
  facet normal 0.527968 -0.849264 0
    outer loop
      vertex -1.09999 41.9052 0
      vertex -1.09999 41.9052 7
      vertex -1.22224 41.8292 0
    endloop
  endfacet
  facet normal 0.527968 -0.849264 0
    outer loop
      vertex -1.22224 41.8292 7
      vertex -1.22224 41.8292 0
      vertex -1.09999 41.9052 7
    endloop
  endfacet
  facet normal 0.471581 -0.881823 0
    outer loop
      vertex -0.973022 41.9731 0
      vertex -0.973022 41.9731 7
      vertex -1.09999 41.9052 0
    endloop
  endfacet
  facet normal 0.471581 -0.881823 0
    outer loop
      vertex -1.09999 41.9052 7
      vertex -1.09999 41.9052 0
      vertex -0.973022 41.9731 7
    endloop
  endfacet
  facet normal 0.412615 -0.910906 0
    outer loop
      vertex -0.841888 42.0325 0
      vertex -0.841888 42.0325 7
      vertex -0.973022 41.9731 0
    endloop
  endfacet
  facet normal 0.412615 -0.910906 0
    outer loop
      vertex -0.973022 41.9731 7
      vertex -0.973022 41.9731 0
      vertex -0.841888 42.0325 7
    endloop
  endfacet
  facet normal 0.352185 -0.93593 0
    outer loop
      vertex -0.707153 42.0832 0
      vertex -0.707153 42.0832 7
      vertex -0.841888 42.0325 0
    endloop
  endfacet
  facet normal 0.352185 -0.93593 0
    outer loop
      vertex -0.841888 42.0325 7
      vertex -0.841888 42.0325 0
      vertex -0.707153 42.0832 7
    endloop
  endfacet
  facet normal 0.290362 -0.956917 0
    outer loop
      vertex -0.569397 42.125 0
      vertex -0.569397 42.125 7
      vertex -0.707153 42.0832 0
    endloop
  endfacet
  facet normal 0.290362 -0.956917 0
    outer loop
      vertex -0.707153 42.0832 7
      vertex -0.707153 42.0832 0
      vertex -0.569397 42.125 7
    endloop
  endfacet
  facet normal 0.227122 -0.973866 0
    outer loop
      vertex -0.429184 42.1577 0
      vertex -0.429184 42.1577 7
      vertex -0.569397 42.125 0
    endloop
  endfacet
  facet normal 0.227122 -0.973866 0
    outer loop
      vertex -0.569397 42.125 7
      vertex -0.569397 42.125 0
      vertex -0.429184 42.1577 7
    endloop
  endfacet
  facet normal 0.16324 -0.986586 0
    outer loop
      vertex -0.287155 42.1812 0
      vertex -0.287155 42.1812 7
      vertex -0.429184 42.1577 0
    endloop
  endfacet
  facet normal 0.16324 -0.986586 0
    outer loop
      vertex -0.429184 42.1577 7
      vertex -0.429184 42.1577 0
      vertex -0.287155 42.1812 7
    endloop
  endfacet
  facet normal 0.0979356 -0.995193 0
    outer loop
      vertex -0.143875 42.1953 0
      vertex -0.143875 42.1953 7
      vertex -0.287155 42.1812 0
    endloop
  endfacet
  facet normal 0.0979356 -0.995193 0
    outer loop
      vertex -0.287155 42.1812 7
      vertex -0.287155 42.1812 0
      vertex -0.143875 42.1953 7
    endloop
  endfacet
  facet normal 0.0326498 -0.999467 0
    outer loop
      vertex 0 42.2 0
      vertex 0 42.2 7
      vertex -0.143875 42.1953 0
    endloop
  endfacet
  facet normal 0.0326498 -0.999467 0
    outer loop
      vertex -0.143875 42.1953 7
      vertex -0.143875 42.1953 0
      vertex 0 42.2 7
    endloop
  endfacet
  facet normal -0.0326498 -0.999467 0
    outer loop
      vertex 0.143875 42.1953 0
      vertex 0.143875 42.1953 7
      vertex 0 42.2 0
    endloop
  endfacet
  facet normal -0.0326498 -0.999467 -0
    outer loop
      vertex 0 42.2 7
      vertex 0 42.2 0
      vertex 0.143875 42.1953 7
    endloop
  endfacet
  facet normal -0.0979356 -0.995193 0
    outer loop
      vertex 0.287155 42.1812 0
      vertex 0.287155 42.1812 7
      vertex 0.143875 42.1953 0
    endloop
  endfacet
  facet normal -0.0979356 -0.995193 -0
    outer loop
      vertex 0.143875 42.1953 7
      vertex 0.143875 42.1953 0
      vertex 0.287155 42.1812 7
    endloop
  endfacet
  facet normal -0.16324 -0.986586 0
    outer loop
      vertex 0.429184 42.1577 0
      vertex 0.429184 42.1577 7
      vertex 0.287155 42.1812 0
    endloop
  endfacet
  facet normal -0.16324 -0.986586 -0
    outer loop
      vertex 0.287155 42.1812 7
      vertex 0.287155 42.1812 0
      vertex 0.429184 42.1577 7
    endloop
  endfacet
  facet normal -0.227122 -0.973866 0
    outer loop
      vertex 0.569397 42.125 0
      vertex 0.569397 42.125 7
      vertex 0.429184 42.1577 0
    endloop
  endfacet
  facet normal -0.227122 -0.973866 -0
    outer loop
      vertex 0.429184 42.1577 7
      vertex 0.429184 42.1577 0
      vertex 0.569397 42.125 7
    endloop
  endfacet
  facet normal -0.290362 -0.956917 0
    outer loop
      vertex 0.707153 42.0832 0
      vertex 0.707153 42.0832 7
      vertex 0.569397 42.125 0
    endloop
  endfacet
  facet normal -0.290362 -0.956917 -0
    outer loop
      vertex 0.569397 42.125 7
      vertex 0.569397 42.125 0
      vertex 0.707153 42.0832 7
    endloop
  endfacet
  facet normal -0.352185 -0.93593 0
    outer loop
      vertex 0.841888 42.0325 0
      vertex 0.841888 42.0325 7
      vertex 0.707153 42.0832 0
    endloop
  endfacet
  facet normal -0.352185 -0.93593 -0
    outer loop
      vertex 0.707153 42.0832 7
      vertex 0.707153 42.0832 0
      vertex 0.841888 42.0325 7
    endloop
  endfacet
  facet normal -0.412615 -0.910906 0
    outer loop
      vertex 0.973022 41.9731 0
      vertex 0.973022 41.9731 7
      vertex 0.841888 42.0325 0
    endloop
  endfacet
  facet normal -0.412615 -0.910906 -0
    outer loop
      vertex 0.841888 42.0325 7
      vertex 0.841888 42.0325 0
      vertex 0.973022 41.9731 7
    endloop
  endfacet
  facet normal -0.471581 -0.881823 0
    outer loop
      vertex 1.09999 41.9052 0
      vertex 1.09999 41.9052 7
      vertex 0.973022 41.9731 0
    endloop
  endfacet
  facet normal -0.471581 -0.881823 -0
    outer loop
      vertex 0.973022 41.9731 7
      vertex 0.973022 41.9731 0
      vertex 1.09999 41.9052 7
    endloop
  endfacet
  facet normal -0.527968 -0.849264 0
    outer loop
      vertex 1.22224 41.8292 0
      vertex 1.22224 41.8292 7
      vertex 1.09999 41.9052 0
    endloop
  endfacet
  facet normal -0.527968 -0.849264 -0
    outer loop
      vertex 1.09999 41.9052 7
      vertex 1.09999 41.9052 0
      vertex 1.22224 41.8292 7
    endloop
  endfacet
  facet normal -0.582224 -0.813029 0
    outer loop
      vertex 1.33926 41.7454 0
      vertex 1.33926 41.7454 7
      vertex 1.22224 41.8292 0
    endloop
  endfacet
  facet normal -0.582224 -0.813029 -0
    outer loop
      vertex 1.22224 41.8292 7
      vertex 1.22224 41.8292 0
      vertex 1.33926 41.7454 7
    endloop
  endfacet
  facet normal -0.63467 -0.772783 0
    outer loop
      vertex 1.45055 41.654 0
      vertex 1.45055 41.654 7
      vertex 1.33926 41.7454 0
    endloop
  endfacet
  facet normal -0.63467 -0.772783 -0
    outer loop
      vertex 1.33926 41.7454 7
      vertex 1.33926 41.7454 0
      vertex 1.45055 41.654 7
    endloop
  endfacet
  facet normal -0.683525 -0.729927 0
    outer loop
      vertex 1.55563 41.5556 0
      vertex 1.55563 41.5556 7
      vertex 1.45055 41.654 0
    endloop
  endfacet
  facet normal -0.683525 -0.729927 -0
    outer loop
      vertex 1.45055 41.654 7
      vertex 1.45055 41.654 0
      vertex 1.55563 41.5556 7
    endloop
  endfacet
  facet normal -0.729957 -0.683493 0
    outer loop
      vertex 1.65404 41.4505 0
      vertex 1.65404 41.4505 7
      vertex 1.55563 41.5556 0
    endloop
  endfacet
  facet normal -0.729957 -0.683493 -0
    outer loop
      vertex 1.55563 41.5556 7
      vertex 1.55563 41.5556 0
      vertex 1.65404 41.4505 7
    endloop
  endfacet
  facet normal -0.772736 -0.634728 0
    outer loop
      vertex 1.74538 41.3393 0
      vertex 1.74538 41.3393 7
      vertex 1.65404 41.4505 0
    endloop
  endfacet
  facet normal -0.772736 -0.634728 -0
    outer loop
      vertex 1.65404 41.4505 7
      vertex 1.65404 41.4505 0
      vertex 1.74538 41.3393 7
    endloop
  endfacet
  facet normal -0.813086 -0.582144 0
    outer loop
      vertex 1.82922 41.2222 0
      vertex 1.82922 41.2222 7
      vertex 1.74538 41.3393 0
    endloop
  endfacet
  facet normal -0.813086 -0.582144 -0
    outer loop
      vertex 1.74538 41.3393 7
      vertex 1.74538 41.3393 0
      vertex 1.82922 41.2222 7
    endloop
  endfacet
  facet normal -0.849105 -0.528224 0
    outer loop
      vertex 1.90524 41.1 0
      vertex 1.90524 41.1 7
      vertex 1.82922 41.2222 0
    endloop
  endfacet
  facet normal -0.849105 -0.528224 -0
    outer loop
      vertex 1.82922 41.2222 7
      vertex 1.82922 41.2222 0
      vertex 1.90524 41.1 7
    endloop
  endfacet
  facet normal -0.881959 -0.471327 0
    outer loop
      vertex 1.97311 40.973 0
      vertex 1.97311 40.973 7
      vertex 1.90524 41.1 0
    endloop
  endfacet
  facet normal -0.881959 -0.471327 -0
    outer loop
      vertex 1.90524 41.1 7
      vertex 1.90524 41.1 0
      vertex 1.97311 40.973 7
    endloop
  endfacet
  facet normal -0.910813 -0.412819 0
    outer loop
      vertex 2.03253 40.8419 0
      vertex 2.03253 40.8419 7
      vertex 1.97311 40.973 0
    endloop
  endfacet
  facet normal -0.910813 -0.412819 -0
    outer loop
      vertex 1.97311 40.973 7
      vertex 1.97311 40.973 0
      vertex 2.03253 40.8419 7
    endloop
  endfacet
  facet normal -0.935877 -0.352326 0
    outer loop
      vertex 2.08324 40.7072 0
      vertex 2.08324 40.7072 7
      vertex 2.03253 40.8419 0
    endloop
  endfacet
  facet normal -0.935877 -0.352326 -0
    outer loop
      vertex 2.03253 40.8419 7
      vertex 2.03253 40.8419 0
      vertex 2.08324 40.7072 7
    endloop
  endfacet
  facet normal -0.956962 -0.290214 0
    outer loop
      vertex 2.12503 40.5694 0
      vertex 2.12503 40.5694 7
      vertex 2.08324 40.7072 0
    endloop
  endfacet
  facet normal -0.956962 -0.290214 -0
    outer loop
      vertex 2.08324 40.7072 7
      vertex 2.08324 40.7072 0
      vertex 2.12503 40.5694 7
    endloop
  endfacet
  facet normal -0.973892 -0.22701 0
    outer loop
      vertex 2.15771 40.4292 0
      vertex 2.15771 40.4292 7
      vertex 2.12503 40.5694 0
    endloop
  endfacet
  facet normal -0.973892 -0.22701 -0
    outer loop
      vertex 2.12503 40.5694 7
      vertex 2.12503 40.5694 0
      vertex 2.15771 40.4292 7
    endloop
  endfacet
  facet normal -0.986626 -0.163002 0
    outer loop
      vertex 2.18117 40.2872 0
      vertex 2.18117 40.2872 7
      vertex 2.15771 40.4292 0
    endloop
  endfacet
  facet normal -0.986626 -0.163002 -0
    outer loop
      vertex 2.15771 40.4292 7
      vertex 2.15771 40.4292 0
      vertex 2.18117 40.2872 7
    endloop
  endfacet
  facet normal -0.995187 -0.0979909 0
    outer loop
      vertex 2.19528 40.1439 0
      vertex 2.19528 40.1439 7
      vertex 2.18117 40.2872 0
    endloop
  endfacet
  facet normal -0.995187 -0.0979909 -0
    outer loop
      vertex 2.18117 40.2872 7
      vertex 2.18117 40.2872 0
      vertex 2.19528 40.1439 7
    endloop
  endfacet
  facet normal -0.999462 -0.0327829 0
    outer loop
      vertex 2.2 40 0
      vertex 2.2 40 7
      vertex 2.19528 40.1439 0
    endloop
  endfacet
  facet normal -0.999462 -0.0327829 -0
    outer loop
      vertex 2.19528 40.1439 7
      vertex 2.19528 40.1439 0
      vertex 2.2 40 7
    endloop
  endfacet
  facet normal -0.999462 0.0327829 0
    outer loop
      vertex 2.19528 39.8561 0
      vertex 2.19528 39.8561 7
      vertex 2.2 40 0
    endloop
  endfacet
  facet normal -0.999462 0.0327829 0
    outer loop
      vertex 2.2 40 7
      vertex 2.2 40 0
      vertex 2.19528 39.8561 7
    endloop
  endfacet
  facet normal -0.995187 0.0979909 0
    outer loop
      vertex 2.18117 39.7128 0
      vertex 2.18117 39.7128 7
      vertex 2.19528 39.8561 0
    endloop
  endfacet
  facet normal -0.995187 0.0979909 0
    outer loop
      vertex 2.19528 39.8561 7
      vertex 2.19528 39.8561 0
      vertex 2.18117 39.7128 7
    endloop
  endfacet
  facet normal -0.986626 0.163002 0
    outer loop
      vertex 2.15771 39.5708 0
      vertex 2.15771 39.5708 7
      vertex 2.18117 39.7128 0
    endloop
  endfacet
  facet normal -0.986626 0.163002 0
    outer loop
      vertex 2.18117 39.7128 7
      vertex 2.18117 39.7128 0
      vertex 2.15771 39.5708 7
    endloop
  endfacet
  facet normal -0.973892 0.22701 0
    outer loop
      vertex 2.12503 39.4306 0
      vertex 2.12503 39.4306 7
      vertex 2.15771 39.5708 0
    endloop
  endfacet
  facet normal -0.973892 0.22701 0
    outer loop
      vertex 2.15771 39.5708 7
      vertex 2.15771 39.5708 0
      vertex 2.12503 39.4306 7
    endloop
  endfacet
  facet normal -0.956962 0.290214 0
    outer loop
      vertex 2.08324 39.2928 0
      vertex 2.08324 39.2928 7
      vertex 2.12503 39.4306 0
    endloop
  endfacet
  facet normal -0.956962 0.290214 0
    outer loop
      vertex 2.12503 39.4306 7
      vertex 2.12503 39.4306 0
      vertex 2.08324 39.2928 7
    endloop
  endfacet
  facet normal -0.935877 0.352326 0
    outer loop
      vertex 2.03253 39.1581 0
      vertex 2.03253 39.1581 7
      vertex 2.08324 39.2928 0
    endloop
  endfacet
  facet normal -0.935877 0.352326 0
    outer loop
      vertex 2.08324 39.2928 7
      vertex 2.08324 39.2928 0
      vertex 2.03253 39.1581 7
    endloop
  endfacet
  facet normal -0.910813 0.412819 0
    outer loop
      vertex 1.97311 39.027 0
      vertex 1.97311 39.027 7
      vertex 2.03253 39.1581 0
    endloop
  endfacet
  facet normal -0.910813 0.412819 0
    outer loop
      vertex 2.03253 39.1581 7
      vertex 2.03253 39.1581 0
      vertex 1.97311 39.027 7
    endloop
  endfacet
  facet normal -0.881959 0.471327 0
    outer loop
      vertex 1.90524 38.9 0
      vertex 1.90524 38.9 7
      vertex 1.97311 39.027 0
    endloop
  endfacet
  facet normal -0.881959 0.471327 0
    outer loop
      vertex 1.97311 39.027 7
      vertex 1.97311 39.027 0
      vertex 1.90524 38.9 7
    endloop
  endfacet
  facet normal -0.849299 0.527912 0
    outer loop
      vertex 1.82922 38.7777 0
      vertex 1.82922 38.7777 7
      vertex 1.90524 38.9 0
    endloop
  endfacet
  facet normal -0.849299 0.527912 0
    outer loop
      vertex 1.90524 38.9 7
      vertex 1.90524 38.9 0
      vertex 1.82922 38.7777 7
    endloop
  endfacet
  facet normal -0.81285 0.582473 0
    outer loop
      vertex 1.74538 38.6607 0
      vertex 1.74538 38.6607 7
      vertex 1.82922 38.7777 0
    endloop
  endfacet
  facet normal -0.81285 0.582473 0
    outer loop
      vertex 1.82922 38.7777 7
      vertex 1.82922 38.7777 0
      vertex 1.74538 38.6607 7
    endloop
  endfacet
  facet normal -0.773016 0.634387 0
    outer loop
      vertex 1.65404 38.5494 0
      vertex 1.65404 38.5494 7
      vertex 1.74538 38.6607 0
    endloop
  endfacet
  facet normal -0.773016 0.634387 0
    outer loop
      vertex 1.74538 38.6607 7
      vertex 1.74538 38.6607 0
      vertex 1.65404 38.5494 7
    endloop
  endfacet
  facet normal -0.729633 0.683839 0
    outer loop
      vertex 1.55563 38.4444 0
      vertex 1.55563 38.4444 7
      vertex 1.65404 38.5494 0
    endloop
  endfacet
  facet normal -0.729633 0.683839 0
    outer loop
      vertex 1.65404 38.5494 7
      vertex 1.65404 38.5494 0
      vertex 1.55563 38.4444 7
    endloop
  endfacet
  facet normal -0.683895 0.729581 0
    outer loop
      vertex 1.45055 38.3459 0
      vertex 1.45055 38.3459 7
      vertex 1.55563 38.4444 0
    endloop
  endfacet
  facet normal -0.683895 0.729581 0
    outer loop
      vertex 1.55563 38.4444 7
      vertex 1.55563 38.4444 0
      vertex 1.45055 38.3459 7
    endloop
  endfacet
  facet normal -0.634255 0.773124 0
    outer loop
      vertex 1.33926 38.2546 0
      vertex 1.33926 38.2546 7
      vertex 1.45055 38.3459 0
    endloop
  endfacet
  facet normal -0.634255 0.773124 0
    outer loop
      vertex 1.45055 38.3459 7
      vertex 1.45055 38.3459 0
      vertex 1.33926 38.2546 7
    endloop
  endfacet
  facet normal -0.582224 0.813029 0
    outer loop
      vertex 1.22224 38.1708 0
      vertex 1.22224 38.1708 7
      vertex 1.33926 38.2546 0
    endloop
  endfacet
  facet normal -0.582224 0.813029 0
    outer loop
      vertex 1.33926 38.2546 7
      vertex 1.33926 38.2546 0
      vertex 1.22224 38.1708 7
    endloop
  endfacet
  facet normal -0.528469 0.848953 0
    outer loop
      vertex 1.09999 38.0947 0
      vertex 1.09999 38.0947 7
      vertex 1.22224 38.1708 0
    endloop
  endfacet
  facet normal -0.528469 0.848953 0
    outer loop
      vertex 1.22224 38.1708 7
      vertex 1.22224 38.1708 0
      vertex 1.09999 38.0947 7
    endloop
  endfacet
  facet normal -0.471041 0.882111 0
    outer loop
      vertex 0.973022 38.0269 0
      vertex 0.973022 38.0269 7
      vertex 1.09999 38.0947 0
    endloop
  endfacet
  facet normal -0.471041 0.882111 0
    outer loop
      vertex 1.09999 38.0947 7
      vertex 1.09999 38.0947 0
      vertex 0.973022 38.0269 7
    endloop
  endfacet
  facet normal -0.412615 0.910906 0
    outer loop
      vertex 0.841888 37.9675 0
      vertex 0.841888 37.9675 7
      vertex 0.973022 38.0269 0
    endloop
  endfacet
  facet normal -0.412615 0.910906 0
    outer loop
      vertex 0.973022 38.0269 7
      vertex 0.973022 38.0269 0
      vertex 0.841888 37.9675 7
    endloop
  endfacet
  facet normal -0.352793 0.935701 0
    outer loop
      vertex 0.707153 37.9167 0
      vertex 0.707153 37.9167 7
      vertex 0.841888 37.9675 0
    endloop
  endfacet
  facet normal -0.352793 0.935701 0
    outer loop
      vertex 0.841888 37.9675 7
      vertex 0.841888 37.9675 0
      vertex 0.707153 37.9167 7
    endloop
  endfacet
  facet normal -0.289726 0.95711 0
    outer loop
      vertex 0.569397 37.875 0
      vertex 0.569397 37.875 7
      vertex 0.707153 37.9167 0
    endloop
  endfacet
  facet normal -0.289726 0.95711 0
    outer loop
      vertex 0.707153 37.9167 7
      vertex 0.707153 37.9167 0
      vertex 0.569397 37.875 7
    endloop
  endfacet
  facet normal -0.227122 0.973866 0
    outer loop
      vertex 0.429184 37.8423 0
      vertex 0.429184 37.8423 7
      vertex 0.569397 37.875 0
    endloop
  endfacet
  facet normal -0.227122 0.973866 0
    outer loop
      vertex 0.569397 37.875 7
      vertex 0.569397 37.875 0
      vertex 0.429184 37.8423 7
    endloop
  endfacet
  facet normal -0.16324 0.986586 0
    outer loop
      vertex 0.287155 37.8188 0
      vertex 0.287155 37.8188 7
      vertex 0.429184 37.8423 0
    endloop
  endfacet
  facet normal -0.16324 0.986586 0
    outer loop
      vertex 0.429184 37.8423 7
      vertex 0.429184 37.8423 0
      vertex 0.287155 37.8188 7
    endloop
  endfacet
  facet normal -0.0979356 0.995193 0
    outer loop
      vertex 0.143875 37.8047 0
      vertex 0.143875 37.8047 7
      vertex 0.287155 37.8188 0
    endloop
  endfacet
  facet normal -0.0979356 0.995193 0
    outer loop
      vertex 0.287155 37.8188 7
      vertex 0.287155 37.8188 0
      vertex 0.143875 37.8047 7
    endloop
  endfacet
  facet normal -0.0326498 0.999467 0
    outer loop
      vertex 0 37.8 0
      vertex 0 37.8 7
      vertex 0.143875 37.8047 0
    endloop
  endfacet
  facet normal -0.0326498 0.999467 0
    outer loop
      vertex 0.143875 37.8047 7
      vertex 0.143875 37.8047 0
      vertex 0 37.8 7
    endloop
  endfacet
  facet normal 0.0326498 0.999467 -0
    outer loop
      vertex -0.143875 37.8047 0
      vertex -0.143875 37.8047 7
      vertex 0 37.8 0
    endloop
  endfacet
  facet normal 0.0326498 0.999467 0
    outer loop
      vertex 0 37.8 7
      vertex 0 37.8 0
      vertex -0.143875 37.8047 7
    endloop
  endfacet
  facet normal 0.097576 0.995228 -0
    outer loop
      vertex -0.169678 11.5111 0
      vertex -0.169678 11.5111 7
      vertex -0.085022 11.5028 0
    endloop
  endfacet
  facet normal 0.097576 0.995228 0
    outer loop
      vertex -0.085022 11.5028 7
      vertex -0.085022 11.5028 0
      vertex -0.169678 11.5111 7
    endloop
  endfacet
  facet normal 0.163373 0.986564 -0
    outer loop
      vertex -0.253616 11.525 0
      vertex -0.253616 11.525 7
      vertex -0.169678 11.5111 0
    endloop
  endfacet
  facet normal 0.163373 0.986564 0
    outer loop
      vertex -0.169678 11.5111 7
      vertex -0.169678 11.5111 0
      vertex -0.253616 11.525 7
    endloop
  endfacet
  facet normal 0.226903 0.973917 -0
    outer loop
      vertex -0.336456 11.5443 0
      vertex -0.336456 11.5443 7
      vertex -0.253616 11.525 0
    endloop
  endfacet
  facet normal 0.226903 0.973917 0
    outer loop
      vertex -0.253616 11.525 7
      vertex -0.253616 11.525 0
      vertex -0.336456 11.5443 7
    endloop
  endfacet
  facet normal 0.290347 0.956922 -0
    outer loop
      vertex -0.417862 11.569 0
      vertex -0.417862 11.569 7
      vertex -0.336456 11.5443 0
    endloop
  endfacet
  facet normal 0.290347 0.956922 0
    outer loop
      vertex -0.336456 11.5443 7
      vertex -0.336456 11.5443 0
      vertex -0.417862 11.569 7
    endloop
  endfacet
  facet normal 0.352591 0.935777 -0
    outer loop
      vertex -0.497482 11.599 0
      vertex -0.497482 11.599 7
      vertex -0.417862 11.569 0
    endloop
  endfacet
  facet normal 0.352591 0.935777 0
    outer loop
      vertex -0.417862 11.569 7
      vertex -0.417862 11.569 0
      vertex -0.497482 11.599 7
    endloop
  endfacet
  facet normal 0.412633 0.910897 -0
    outer loop
      vertex -0.574966 11.6341 0
      vertex -0.574966 11.6341 7
      vertex -0.497482 11.599 0
    endloop
  endfacet
  facet normal 0.412633 0.910897 0
    outer loop
      vertex -0.497482 11.599 7
      vertex -0.497482 11.599 0
      vertex -0.574966 11.6341 7
    endloop
  endfacet
  facet normal 0.471367 0.881937 -0
    outer loop
      vertex -0.649994 11.6742 0
      vertex -0.649994 11.6742 7
      vertex -0.574966 11.6341 0
    endloop
  endfacet
  facet normal 0.471367 0.881937 0
    outer loop
      vertex -0.574966 11.6341 7
      vertex -0.574966 11.6341 0
      vertex -0.649994 11.6742 7
    endloop
  endfacet
  facet normal 0.52791 0.8493 -0
    outer loop
      vertex -0.722229 11.7191 0
      vertex -0.722229 11.7191 7
      vertex -0.649994 11.6742 0
    endloop
  endfacet
  facet normal 0.52791 0.8493 0
    outer loop
      vertex -0.649994 11.6742 7
      vertex -0.649994 11.6742 0
      vertex -0.722229 11.7191 7
    endloop
  endfacet
  facet normal 0.582055 0.813149 -0
    outer loop
      vertex -0.791382 11.7686 0
      vertex -0.791382 11.7686 7
      vertex -0.722229 11.7191 0
    endloop
  endfacet
  facet normal 0.582055 0.813149 0
    outer loop
      vertex -0.722229 11.7191 7
      vertex -0.722229 11.7191 0
      vertex -0.791382 11.7686 7
    endloop
  endfacet
  facet normal 0.63459 0.772849 -0
    outer loop
      vertex -0.857147 11.8226 0
      vertex -0.857147 11.8226 7
      vertex -0.791382 11.7686 0
    endloop
  endfacet
  facet normal 0.63459 0.772849 0
    outer loop
      vertex -0.791382 11.7686 7
      vertex -0.791382 11.7686 0
      vertex -0.857147 11.8226 7
    endloop
  endfacet
  facet normal 0.683894 0.729581 -0
    outer loop
      vertex -0.919235 11.8808 0
      vertex -0.919235 11.8808 7
      vertex -0.857147 11.8226 0
    endloop
  endfacet
  facet normal 0.683894 0.729581 0
    outer loop
      vertex -0.857147 11.8226 7
      vertex -0.857147 11.8226 0
      vertex -0.919235 11.8808 7
    endloop
  endfacet
  facet normal 0.729385 0.684104 -0
    outer loop
      vertex -0.977386 11.9428 0
      vertex -0.977386 11.9428 7
      vertex -0.919235 11.8808 0
    endloop
  endfacet
  facet normal 0.729385 0.684104 0
    outer loop
      vertex -0.919235 11.8808 7
      vertex -0.919235 11.8808 0
      vertex -0.977386 11.9428 7
    endloop
  endfacet
  facet normal 0.773164 0.634206 -0
    outer loop
      vertex -1.03136 12.0086 0
      vertex -1.03136 12.0086 7
      vertex -0.977386 11.9428 0
    endloop
  endfacet
  facet normal 0.773164 0.634206 0
    outer loop
      vertex -0.977386 11.9428 7
      vertex -0.977386 11.9428 0
      vertex -1.03136 12.0086 7
    endloop
  endfacet
  facet normal 0.812715 0.582661 -0
    outer loop
      vertex -1.0809 12.0777 0
      vertex -1.0809 12.0777 7
      vertex -1.03136 12.0086 0
    endloop
  endfacet
  facet normal 0.812715 0.582661 0
    outer loop
      vertex -1.03136 12.0086 7
      vertex -1.03136 12.0086 0
      vertex -1.0809 12.0777 7
    endloop
  endfacet
  facet normal 0.849408 0.527737 -0
    outer loop
      vertex -1.12582 12.15 0
      vertex -1.12582 12.15 7
      vertex -1.0809 12.0777 0
    endloop
  endfacet
  facet normal 0.849408 0.527737 0
    outer loop
      vertex -1.0809 12.0777 7
      vertex -1.0809 12.0777 0
      vertex -1.12582 12.15 7
    endloop
  endfacet
  facet normal 0.881864 0.471503 -0
    outer loop
      vertex -1.16592 12.225 0
      vertex -1.16592 12.225 7
      vertex -1.12582 12.15 0
    endloop
  endfacet
  facet normal 0.881864 0.471503 0
    outer loop
      vertex -1.12582 12.15 7
      vertex -1.12582 12.15 0
      vertex -1.16592 12.225 7
    endloop
  endfacet
  facet normal 0.910885 0.41266 -0
    outer loop
      vertex -1.20103 12.3025 0
      vertex -1.20103 12.3025 7
      vertex -1.16592 12.225 0
    endloop
  endfacet
  facet normal 0.910885 0.41266 0
    outer loop
      vertex -1.16592 12.225 7
      vertex -1.16592 12.225 0
      vertex -1.20103 12.3025 7
    endloop
  endfacet
  facet normal 0.935865 0.35236 -0
    outer loop
      vertex -1.231 12.3821 0
      vertex -1.231 12.3821 7
      vertex -1.20103 12.3025 0
    endloop
  endfacet
  facet normal 0.935865 0.35236 0
    outer loop
      vertex -1.20103 12.3025 7
      vertex -1.20103 12.3025 0
      vertex -1.231 12.3821 7
    endloop
  endfacet
  facet normal 0.956948 0.290259 -0
    outer loop
      vertex -1.25569 12.4635 0
      vertex -1.25569 12.4635 7
      vertex -1.231 12.3821 0
    endloop
  endfacet
  facet normal 0.956948 0.290259 0
    outer loop
      vertex -1.231 12.3821 7
      vertex -1.231 12.3821 0
      vertex -1.25569 12.4635 7
    endloop
  endfacet
  facet normal 0.973902 0.22697 -0
    outer loop
      vertex -1.27501 12.5464 0
      vertex -1.27501 12.5464 7
      vertex -1.25569 12.4635 0
    endloop
  endfacet
  facet normal 0.973902 0.22697 0
    outer loop
      vertex -1.25569 12.4635 7
      vertex -1.25569 12.4635 0
      vertex -1.27501 12.5464 7
    endloop
  endfacet
  facet normal 0.986647 0.162873 -0
    outer loop
      vertex -1.28886 12.6303 0
      vertex -1.28886 12.6303 7
      vertex -1.27501 12.5464 0
    endloop
  endfacet
  facet normal 0.986647 0.162873 0
    outer loop
      vertex -1.27501 12.5464 7
      vertex -1.27501 12.5464 0
      vertex -1.28886 12.6303 7
    endloop
  endfacet
  facet normal 0.995176 0.0981077 -0
    outer loop
      vertex -1.29721 12.715 0
      vertex -1.29721 12.715 7
      vertex -1.28886 12.6303 0
    endloop
  endfacet
  facet normal 0.995176 0.0981077 0
    outer loop
      vertex -1.28886 12.6303 7
      vertex -1.28886 12.6303 0
      vertex -1.29721 12.715 7
    endloop
  endfacet
  facet normal 0.999466 0.0326884 -0
    outer loop
      vertex -1.29999 12.8 0
      vertex -1.29999 12.8 7
      vertex -1.29721 12.715 0
    endloop
  endfacet
  facet normal 0.999466 0.0326884 0
    outer loop
      vertex -1.29721 12.715 7
      vertex -1.29721 12.715 0
      vertex -1.29999 12.8 7
    endloop
  endfacet
  facet normal 0.999864 -0.0164807 0
    outer loop
      vertex -1 31 0
      vertex -1 31 7
      vertex -1.29999 12.8 0
    endloop
  endfacet
  facet normal 0.999864 -0.0164807 0
    outer loop
      vertex -1.29999 12.8 7
      vertex -1.29999 12.8 0
      vertex -1 31 7
    endloop
  endfacet
  facet normal 0.99946 -0.0328721 0
    outer loop
      vertex -0.997849 31.0654 0
      vertex -0.997849 31.0654 7
      vertex -1 31 0
    endloop
  endfacet
  facet normal 0.99946 -0.0328721 0
    outer loop
      vertex -1 31 7
      vertex -1 31 0
      vertex -0.997849 31.0654 7
    endloop
  endfacet
  facet normal 0.995189 -0.0979749 0
    outer loop
      vertex -0.99144 31.1305 0
      vertex -0.99144 31.1305 7
      vertex -0.997849 31.0654 0
    endloop
  endfacet
  facet normal 0.995189 -0.0979749 0
    outer loop
      vertex -0.997849 31.0654 7
      vertex -0.997849 31.0654 0
      vertex -0.99144 31.1305 7
    endloop
  endfacet
  facet normal 0.986642 -0.162903 0
    outer loop
      vertex -0.980774 31.1951 0
      vertex -0.980774 31.1951 7
      vertex -0.99144 31.1305 0
    endloop
  endfacet
  facet normal 0.986642 -0.162903 0
    outer loop
      vertex -0.99144 31.1305 7
      vertex -0.99144 31.1305 0
      vertex -0.980774 31.1951 7
    endloop
  endfacet
  facet normal 0.973846 -0.22721 0
    outer loop
      vertex -0.965912 31.2588 0
      vertex -0.965912 31.2588 7
      vertex -0.980774 31.1951 0
    endloop
  endfacet
  facet normal 0.973846 -0.22721 0
    outer loop
      vertex -0.980774 31.1951 7
      vertex -0.980774 31.1951 0
      vertex -0.965912 31.2588 7
    endloop
  endfacet
  facet normal 0.956972 -0.29018 0
    outer loop
      vertex -0.94693 31.3214 0
      vertex -0.94693 31.3214 7
      vertex -0.965912 31.2588 0
    endloop
  endfacet
  facet normal 0.956972 -0.29018 0
    outer loop
      vertex -0.965912 31.2588 7
      vertex -0.965912 31.2588 0
      vertex -0.94693 31.3214 7
    endloop
  endfacet
  facet normal 0.935985 -0.35204 0
    outer loop
      vertex -0.923874 31.3827 0
      vertex -0.923874 31.3827 7
      vertex -0.94693 31.3214 0
    endloop
  endfacet
  facet normal 0.935985 -0.35204 0
    outer loop
      vertex -0.94693 31.3214 7
      vertex -0.94693 31.3214 0
      vertex -0.923874 31.3827 7
    endloop
  endfacet
  facet normal 0.910843 -0.412753 0
    outer loop
      vertex -0.896866 31.4423 0
      vertex -0.896866 31.4423 7
      vertex -0.923874 31.3827 0
    endloop
  endfacet
  facet normal 0.910843 -0.412753 0
    outer loop
      vertex -0.923874 31.3827 7
      vertex -0.923874 31.3827 0
      vertex -0.896866 31.4423 7
    endloop
  endfacet
  facet normal 0.881847 -0.471536 0
    outer loop
      vertex -0.866013 31.5 0
      vertex -0.866013 31.5 7
      vertex -0.896866 31.4423 0
    endloop
  endfacet
  facet normal 0.881847 -0.471536 0
    outer loop
      vertex -0.896866 31.4423 7
      vertex -0.896866 31.4423 0
      vertex -0.866013 31.5 7
    endloop
  endfacet
  facet normal 0.849396 -0.527756 0
    outer loop
      vertex -0.831467 31.5556 0
      vertex -0.831467 31.5556 7
      vertex -0.866013 31.5 0
    endloop
  endfacet
  facet normal 0.849396 -0.527756 0
    outer loop
      vertex -0.866013 31.5 7
      vertex -0.866013 31.5 0
      vertex -0.831467 31.5556 7
    endloop
  endfacet
  facet normal 0.812368 -0.583145 0
    outer loop
      vertex -0.79335 31.6087 0
      vertex -0.79335 31.6087 7
      vertex -0.831467 31.5556 0
    endloop
  endfacet
  facet normal 0.812368 -0.583145 0
    outer loop
      vertex -0.831467 31.5556 7
      vertex -0.831467 31.5556 0
      vertex -0.79335 31.6087 7
    endloop
  endfacet
  facet normal 0.773065 -0.634326 0
    outer loop
      vertex -0.751831 31.6593 0
      vertex -0.751831 31.6593 7
      vertex -0.79335 31.6087 0
    endloop
  endfacet
  facet normal 0.773065 -0.634326 0
    outer loop
      vertex -0.79335 31.6087 7
      vertex -0.79335 31.6087 0
      vertex -0.751831 31.6593 7
    endloop
  endfacet
  facet normal 0.730097 -0.683343 0
    outer loop
      vertex -0.707092 31.7071 0
      vertex -0.707092 31.7071 7
      vertex -0.751831 31.6593 0
    endloop
  endfacet
  facet normal 0.730097 -0.683343 0
    outer loop
      vertex -0.751831 31.6593 7
      vertex -0.751831 31.6593 0
      vertex -0.707092 31.7071 7
    endloop
  endfacet
  facet normal 0.683331 -0.730109 0
    outer loop
      vertex -0.659332 31.7518 0
      vertex -0.659332 31.7518 7
      vertex -0.707092 31.7071 0
    endloop
  endfacet
  facet normal 0.683331 -0.730109 0
    outer loop
      vertex -0.707092 31.7071 7
      vertex -0.707092 31.7071 0
      vertex -0.659332 31.7518 7
    endloop
  endfacet
  facet normal 0.635192 -0.772354 0
    outer loop
      vertex -0.608749 31.7934 0
      vertex -0.608749 31.7934 7
      vertex -0.659332 31.7518 0
    endloop
  endfacet
  facet normal 0.635192 -0.772354 0
    outer loop
      vertex -0.659332 31.7518 7
      vertex -0.659332 31.7518 0
      vertex -0.608749 31.7934 7
    endloop
  endfacet
  facet normal 0.582308 -0.812969 0
    outer loop
      vertex -0.555557 31.8315 0
      vertex -0.555557 31.8315 7
      vertex -0.608749 31.7934 0
    endloop
  endfacet
  facet normal 0.582308 -0.812969 0
    outer loop
      vertex -0.608749 31.7934 7
      vertex -0.608749 31.7934 0
      vertex -0.555557 31.8315 7
    endloop
  endfacet
  facet normal 0.527543 -0.849528 0
    outer loop
      vertex -0.5 31.866 0
      vertex -0.5 31.866 7
      vertex -0.555557 31.8315 0
    endloop
  endfacet
  facet normal 0.527543 -0.849528 0
    outer loop
      vertex -0.555557 31.8315 7
      vertex -0.555557 31.8315 0
      vertex -0.5 31.866 7
    endloop
  endfacet
  facet normal 0.471942 -0.88163 0
    outer loop
      vertex -0.442276 31.8969 0
      vertex -0.442276 31.8969 7
      vertex -0.5 31.866 0
    endloop
  endfacet
  facet normal 0.471942 -0.88163 0
    outer loop
      vertex -0.5 31.866 7
      vertex -0.5 31.866 0
      vertex -0.442276 31.8969 7
    endloop
  endfacet
  facet normal 0.412645 -0.910892 0
    outer loop
      vertex -0.382675 31.9239 0
      vertex -0.382675 31.9239 7
      vertex -0.442276 31.8969 0
    endloop
  endfacet
  facet normal 0.412645 -0.910892 0
    outer loop
      vertex -0.442276 31.8969 7
      vertex -0.442276 31.8969 0
      vertex -0.382675 31.9239 7
    endloop
  endfacet
  facet normal 0.351547 -0.93617 0
    outer loop
      vertex -0.321426 31.9469 0
      vertex -0.321426 31.9469 7
      vertex -0.382675 31.9239 0
    endloop
  endfacet
  facet normal 0.351547 -0.93617 0
    outer loop
      vertex -0.382675 31.9239 7
      vertex -0.382675 31.9239 0
      vertex -0.321426 31.9469 7
    endloop
  endfacet
  facet normal 0.290338 -0.956924 0
    outer loop
      vertex -0.258804 31.9659 0
      vertex -0.258804 31.9659 7
      vertex -0.321426 31.9469 0
    endloop
  endfacet
  facet normal 0.290338 -0.956924 0
    outer loop
      vertex -0.321426 31.9469 7
      vertex -0.321426 31.9469 0
      vertex -0.258804 31.9659 7
    endloop
  endfacet
  facet normal 0.227693 -0.973733 0
    outer loop
      vertex -0.195084 31.9808 0
      vertex -0.195084 31.9808 7
      vertex -0.258804 31.9659 0
    endloop
  endfacet
  facet normal 0.227693 -0.973733 0
    outer loop
      vertex -0.258804 31.9659 7
      vertex -0.258804 31.9659 0
      vertex -0.195084 31.9808 7
    endloop
  endfacet
  facet normal 0.162019 -0.986788 0
    outer loop
      vertex -0.130524 31.9914 0
      vertex -0.130524 31.9914 7
      vertex -0.195084 31.9808 0
    endloop
  endfacet
  facet normal 0.162019 -0.986788 0
    outer loop
      vertex -0.195084 31.9808 7
      vertex -0.195084 31.9808 0
      vertex -0.130524 31.9914 7
    endloop
  endfacet
  facet normal 0.0978017 -0.995206 0
    outer loop
      vertex -0.0653992 31.9978 0
      vertex -0.0653992 31.9978 7
      vertex -0.130524 31.9914 0
    endloop
  endfacet
  facet normal 0.0978017 -0.995206 0
    outer loop
      vertex -0.130524 31.9914 7
      vertex -0.130524 31.9914 0
      vertex -0.0653992 31.9978 7
    endloop
  endfacet
  facet normal 0.0336205 -0.999435 0
    outer loop
      vertex 0 32 0
      vertex 0 32 7
      vertex -0.0653992 31.9978 0
    endloop
  endfacet
  facet normal 0.0336205 -0.999435 0
    outer loop
      vertex -0.0653992 31.9978 7
      vertex -0.0653992 31.9978 0
      vertex 0 32 7
    endloop
  endfacet
  facet normal -0.0336205 -0.999435 0
    outer loop
      vertex 0.0653992 31.9978 0
      vertex 0.0653992 31.9978 7
      vertex 0 32 0
    endloop
  endfacet
  facet normal -0.0336205 -0.999435 -0
    outer loop
      vertex 0 32 7
      vertex 0 32 0
      vertex 0.0653992 31.9978 7
    endloop
  endfacet
  facet normal -0.0978017 -0.995206 0
    outer loop
      vertex 0.130524 31.9914 0
      vertex 0.130524 31.9914 7
      vertex 0.0653992 31.9978 0
    endloop
  endfacet
  facet normal -0.0978017 -0.995206 -0
    outer loop
      vertex 0.0653992 31.9978 7
      vertex 0.0653992 31.9978 0
      vertex 0.130524 31.9914 7
    endloop
  endfacet
  facet normal -0.162019 -0.986788 0
    outer loop
      vertex 0.195084 31.9808 0
      vertex 0.195084 31.9808 7
      vertex 0.130524 31.9914 0
    endloop
  endfacet
  facet normal -0.162019 -0.986788 -0
    outer loop
      vertex 0.130524 31.9914 7
      vertex 0.130524 31.9914 0
      vertex 0.195084 31.9808 7
    endloop
  endfacet
  facet normal -0.227693 -0.973733 0
    outer loop
      vertex 0.258804 31.9659 0
      vertex 0.258804 31.9659 7
      vertex 0.195084 31.9808 0
    endloop
  endfacet
  facet normal -0.227693 -0.973733 -0
    outer loop
      vertex 0.195084 31.9808 7
      vertex 0.195084 31.9808 0
      vertex 0.258804 31.9659 7
    endloop
  endfacet
  facet normal -0.290338 -0.956924 0
    outer loop
      vertex 0.321426 31.9469 0
      vertex 0.321426 31.9469 7
      vertex 0.258804 31.9659 0
    endloop
  endfacet
  facet normal -0.290338 -0.956924 -0
    outer loop
      vertex 0.258804 31.9659 7
      vertex 0.258804 31.9659 0
      vertex 0.321426 31.9469 7
    endloop
  endfacet
  facet normal -0.351547 -0.93617 0
    outer loop
      vertex 0.382675 31.9239 0
      vertex 0.382675 31.9239 7
      vertex 0.321426 31.9469 0
    endloop
  endfacet
  facet normal -0.351547 -0.93617 -0
    outer loop
      vertex 0.321426 31.9469 7
      vertex 0.321426 31.9469 0
      vertex 0.382675 31.9239 7
    endloop
  endfacet
  facet normal -0.412645 -0.910892 0
    outer loop
      vertex 0.442276 31.8969 0
      vertex 0.442276 31.8969 7
      vertex 0.382675 31.9239 0
    endloop
  endfacet
  facet normal -0.412645 -0.910892 -0
    outer loop
      vertex 0.382675 31.9239 7
      vertex 0.382675 31.9239 0
      vertex 0.442276 31.8969 7
    endloop
  endfacet
  facet normal -0.471942 -0.88163 0
    outer loop
      vertex 0.5 31.866 0
      vertex 0.5 31.866 7
      vertex 0.442276 31.8969 0
    endloop
  endfacet
  facet normal -0.471942 -0.88163 -0
    outer loop
      vertex 0.442276 31.8969 7
      vertex 0.442276 31.8969 0
      vertex 0.5 31.866 7
    endloop
  endfacet
  facet normal -0.527543 -0.849528 0
    outer loop
      vertex 0.555557 31.8315 0
      vertex 0.555557 31.8315 7
      vertex 0.5 31.866 0
    endloop
  endfacet
  facet normal -0.527543 -0.849528 -0
    outer loop
      vertex 0.5 31.866 7
      vertex 0.5 31.866 0
      vertex 0.555557 31.8315 7
    endloop
  endfacet
  facet normal -0.582308 -0.812969 0
    outer loop
      vertex 0.608749 31.7934 0
      vertex 0.608749 31.7934 7
      vertex 0.555557 31.8315 0
    endloop
  endfacet
  facet normal -0.582308 -0.812969 -0
    outer loop
      vertex 0.555557 31.8315 7
      vertex 0.555557 31.8315 0
      vertex 0.608749 31.7934 7
    endloop
  endfacet
  facet normal -0.635192 -0.772354 0
    outer loop
      vertex 0.659332 31.7518 0
      vertex 0.659332 31.7518 7
      vertex 0.608749 31.7934 0
    endloop
  endfacet
  facet normal -0.635192 -0.772354 -0
    outer loop
      vertex 0.608749 31.7934 7
      vertex 0.608749 31.7934 0
      vertex 0.659332 31.7518 7
    endloop
  endfacet
  facet normal -0.683331 -0.730109 0
    outer loop
      vertex 0.707092 31.7071 0
      vertex 0.707092 31.7071 7
      vertex 0.659332 31.7518 0
    endloop
  endfacet
  facet normal -0.683331 -0.730109 -0
    outer loop
      vertex 0.659332 31.7518 7
      vertex 0.659332 31.7518 0
      vertex 0.707092 31.7071 7
    endloop
  endfacet
  facet normal -0.730097 -0.683343 0
    outer loop
      vertex 0.751831 31.6593 0
      vertex 0.751831 31.6593 7
      vertex 0.707092 31.7071 0
    endloop
  endfacet
  facet normal -0.730097 -0.683343 -0
    outer loop
      vertex 0.707092 31.7071 7
      vertex 0.707092 31.7071 0
      vertex 0.751831 31.6593 7
    endloop
  endfacet
  facet normal -0.773065 -0.634326 0
    outer loop
      vertex 0.79335 31.6087 0
      vertex 0.79335 31.6087 7
      vertex 0.751831 31.6593 0
    endloop
  endfacet
  facet normal -0.773065 -0.634326 -0
    outer loop
      vertex 0.751831 31.6593 7
      vertex 0.751831 31.6593 0
      vertex 0.79335 31.6087 7
    endloop
  endfacet
  facet normal -0.812368 -0.583145 0
    outer loop
      vertex 0.831467 31.5556 0
      vertex 0.831467 31.5556 7
      vertex 0.79335 31.6087 0
    endloop
  endfacet
  facet normal -0.812368 -0.583145 -0
    outer loop
      vertex 0.79335 31.6087 7
      vertex 0.79335 31.6087 0
      vertex 0.831467 31.5556 7
    endloop
  endfacet
  facet normal -0.849396 -0.527756 0
    outer loop
      vertex 0.866013 31.5 0
      vertex 0.866013 31.5 7
      vertex 0.831467 31.5556 0
    endloop
  endfacet
  facet normal -0.849396 -0.527756 -0
    outer loop
      vertex 0.831467 31.5556 7
      vertex 0.831467 31.5556 0
      vertex 0.866013 31.5 7
    endloop
  endfacet
  facet normal -0.881847 -0.471536 0
    outer loop
      vertex 0.896866 31.4423 0
      vertex 0.896866 31.4423 7
      vertex 0.866013 31.5 0
    endloop
  endfacet
  facet normal -0.881847 -0.471536 -0
    outer loop
      vertex 0.866013 31.5 7
      vertex 0.866013 31.5 0
      vertex 0.896866 31.4423 7
    endloop
  endfacet
  facet normal -0.910843 -0.412753 0
    outer loop
      vertex 0.923874 31.3827 0
      vertex 0.923874 31.3827 7
      vertex 0.896866 31.4423 0
    endloop
  endfacet
  facet normal -0.910843 -0.412753 -0
    outer loop
      vertex 0.896866 31.4423 7
      vertex 0.896866 31.4423 0
      vertex 0.923874 31.3827 7
    endloop
  endfacet
  facet normal -0.935985 -0.35204 0
    outer loop
      vertex 0.94693 31.3214 0
      vertex 0.94693 31.3214 7
      vertex 0.923874 31.3827 0
    endloop
  endfacet
  facet normal -0.935985 -0.35204 -0
    outer loop
      vertex 0.923874 31.3827 7
      vertex 0.923874 31.3827 0
      vertex 0.94693 31.3214 7
    endloop
  endfacet
  facet normal -0.956972 -0.29018 0
    outer loop
      vertex 0.965912 31.2588 0
      vertex 0.965912 31.2588 7
      vertex 0.94693 31.3214 0
    endloop
  endfacet
  facet normal -0.956972 -0.29018 -0
    outer loop
      vertex 0.94693 31.3214 7
      vertex 0.94693 31.3214 0
      vertex 0.965912 31.2588 7
    endloop
  endfacet
  facet normal -0.973846 -0.22721 0
    outer loop
      vertex 0.980774 31.1951 0
      vertex 0.980774 31.1951 7
      vertex 0.965912 31.2588 0
    endloop
  endfacet
  facet normal -0.973846 -0.22721 -0
    outer loop
      vertex 0.965912 31.2588 7
      vertex 0.965912 31.2588 0
      vertex 0.980774 31.1951 7
    endloop
  endfacet
  facet normal -0.986642 -0.162903 0
    outer loop
      vertex 0.99144 31.1305 0
      vertex 0.99144 31.1305 7
      vertex 0.980774 31.1951 0
    endloop
  endfacet
  facet normal -0.986642 -0.162903 -0
    outer loop
      vertex 0.980774 31.1951 7
      vertex 0.980774 31.1951 0
      vertex 0.99144 31.1305 7
    endloop
  endfacet
  facet normal -0.995189 -0.0979749 0
    outer loop
      vertex 0.997849 31.0654 0
      vertex 0.997849 31.0654 7
      vertex 0.99144 31.1305 0
    endloop
  endfacet
  facet normal -0.995189 -0.0979749 -0
    outer loop
      vertex 0.99144 31.1305 7
      vertex 0.99144 31.1305 0
      vertex 0.997849 31.0654 7
    endloop
  endfacet
  facet normal -0.99946 -0.0328721 0
    outer loop
      vertex 1 31 0
      vertex 1 31 7
      vertex 0.997849 31.0654 0
    endloop
  endfacet
  facet normal -0.99946 -0.0328721 -0
    outer loop
      vertex 0.997849 31.0654 7
      vertex 0.997849 31.0654 0
      vertex 1 31 7
    endloop
  endfacet
  facet normal -0.999864 -0.0164807 0
    outer loop
      vertex 1.29999 12.8 0
      vertex 1.29999 12.8 7
      vertex 1 31 0
    endloop
  endfacet
  facet normal -0.999864 -0.0164807 -0
    outer loop
      vertex 1 31 7
      vertex 1 31 0
      vertex 1.29999 12.8 7
    endloop
  endfacet
  facet normal -0.999466 0.0326884 0
    outer loop
      vertex 1.29721 12.715 0
      vertex 1.29721 12.715 7
      vertex 1.29999 12.8 0
    endloop
  endfacet
  facet normal -0.999466 0.0326884 0
    outer loop
      vertex 1.29999 12.8 7
      vertex 1.29999 12.8 0
      vertex 1.29721 12.715 7
    endloop
  endfacet
  facet normal -0.995176 0.0981077 0
    outer loop
      vertex 1.28886 12.6303 0
      vertex 1.28886 12.6303 7
      vertex 1.29721 12.715 0
    endloop
  endfacet
  facet normal -0.995176 0.0981077 0
    outer loop
      vertex 1.29721 12.715 7
      vertex 1.29721 12.715 0
      vertex 1.28886 12.6303 7
    endloop
  endfacet
  facet normal -0.986647 0.162873 0
    outer loop
      vertex 1.27501 12.5464 0
      vertex 1.27501 12.5464 7
      vertex 1.28886 12.6303 0
    endloop
  endfacet
  facet normal -0.986647 0.162873 0
    outer loop
      vertex 1.28886 12.6303 7
      vertex 1.28886 12.6303 0
      vertex 1.27501 12.5464 7
    endloop
  endfacet
  facet normal -0.973902 0.22697 0
    outer loop
      vertex 1.25569 12.4635 0
      vertex 1.25569 12.4635 7
      vertex 1.27501 12.5464 0
    endloop
  endfacet
  facet normal -0.973902 0.22697 0
    outer loop
      vertex 1.27501 12.5464 7
      vertex 1.27501 12.5464 0
      vertex 1.25569 12.4635 7
    endloop
  endfacet
  facet normal -0.956948 0.290259 0
    outer loop
      vertex 1.231 12.3821 0
      vertex 1.231 12.3821 7
      vertex 1.25569 12.4635 0
    endloop
  endfacet
  facet normal -0.956948 0.290259 0
    outer loop
      vertex 1.25569 12.4635 7
      vertex 1.25569 12.4635 0
      vertex 1.231 12.3821 7
    endloop
  endfacet
  facet normal -0.935865 0.35236 0
    outer loop
      vertex 1.20103 12.3025 0
      vertex 1.20103 12.3025 7
      vertex 1.231 12.3821 0
    endloop
  endfacet
  facet normal -0.935865 0.35236 0
    outer loop
      vertex 1.231 12.3821 7
      vertex 1.231 12.3821 0
      vertex 1.20103 12.3025 7
    endloop
  endfacet
  facet normal -0.910885 0.41266 0
    outer loop
      vertex 1.16592 12.225 0
      vertex 1.16592 12.225 7
      vertex 1.20103 12.3025 0
    endloop
  endfacet
  facet normal -0.910885 0.41266 0
    outer loop
      vertex 1.20103 12.3025 7
      vertex 1.20103 12.3025 0
      vertex 1.16592 12.225 7
    endloop
  endfacet
  facet normal -0.881864 0.471503 0
    outer loop
      vertex 1.12582 12.15 0
      vertex 1.12582 12.15 7
      vertex 1.16592 12.225 0
    endloop
  endfacet
  facet normal -0.881864 0.471503 0
    outer loop
      vertex 1.16592 12.225 7
      vertex 1.16592 12.225 0
      vertex 1.12582 12.15 7
    endloop
  endfacet
  facet normal -0.849408 0.527737 0
    outer loop
      vertex 1.0809 12.0777 0
      vertex 1.0809 12.0777 7
      vertex 1.12582 12.15 0
    endloop
  endfacet
  facet normal -0.849408 0.527737 0
    outer loop
      vertex 1.12582 12.15 7
      vertex 1.12582 12.15 0
      vertex 1.0809 12.0777 7
    endloop
  endfacet
  facet normal -0.812715 0.582661 0
    outer loop
      vertex 1.03136 12.0086 0
      vertex 1.03136 12.0086 7
      vertex 1.0809 12.0777 0
    endloop
  endfacet
  facet normal -0.812715 0.582661 0
    outer loop
      vertex 1.0809 12.0777 7
      vertex 1.0809 12.0777 0
      vertex 1.03136 12.0086 7
    endloop
  endfacet
  facet normal -0.773164 0.634206 0
    outer loop
      vertex 0.977386 11.9428 0
      vertex 0.977386 11.9428 7
      vertex 1.03136 12.0086 0
    endloop
  endfacet
  facet normal -0.773164 0.634206 0
    outer loop
      vertex 1.03136 12.0086 7
      vertex 1.03136 12.0086 0
      vertex 0.977386 11.9428 7
    endloop
  endfacet
  facet normal -0.729385 0.684104 0
    outer loop
      vertex 0.919235 11.8808 0
      vertex 0.919235 11.8808 7
      vertex 0.977386 11.9428 0
    endloop
  endfacet
  facet normal -0.729385 0.684104 0
    outer loop
      vertex 0.977386 11.9428 7
      vertex 0.977386 11.9428 0
      vertex 0.919235 11.8808 7
    endloop
  endfacet
  facet normal -0.683894 0.729581 0
    outer loop
      vertex 0.857147 11.8226 0
      vertex 0.857147 11.8226 7
      vertex 0.919235 11.8808 0
    endloop
  endfacet
  facet normal -0.683894 0.729581 0
    outer loop
      vertex 0.919235 11.8808 7
      vertex 0.919235 11.8808 0
      vertex 0.857147 11.8226 7
    endloop
  endfacet
  facet normal -0.63459 0.772849 0
    outer loop
      vertex 0.791382 11.7686 0
      vertex 0.791382 11.7686 7
      vertex 0.857147 11.8226 0
    endloop
  endfacet
  facet normal -0.63459 0.772849 0
    outer loop
      vertex 0.857147 11.8226 7
      vertex 0.857147 11.8226 0
      vertex 0.791382 11.7686 7
    endloop
  endfacet
  facet normal -0.582055 0.813149 0
    outer loop
      vertex 0.722229 11.7191 0
      vertex 0.722229 11.7191 7
      vertex 0.791382 11.7686 0
    endloop
  endfacet
  facet normal -0.582055 0.813149 0
    outer loop
      vertex 0.791382 11.7686 7
      vertex 0.791382 11.7686 0
      vertex 0.722229 11.7191 7
    endloop
  endfacet
  facet normal -0.52791 0.8493 0
    outer loop
      vertex 0.649994 11.6742 0
      vertex 0.649994 11.6742 7
      vertex 0.722229 11.7191 0
    endloop
  endfacet
  facet normal -0.52791 0.8493 0
    outer loop
      vertex 0.722229 11.7191 7
      vertex 0.722229 11.7191 0
      vertex 0.649994 11.6742 7
    endloop
  endfacet
  facet normal -0.471367 0.881937 0
    outer loop
      vertex 0.574966 11.6341 0
      vertex 0.574966 11.6341 7
      vertex 0.649994 11.6742 0
    endloop
  endfacet
  facet normal -0.471367 0.881937 0
    outer loop
      vertex 0.649994 11.6742 7
      vertex 0.649994 11.6742 0
      vertex 0.574966 11.6341 7
    endloop
  endfacet
  facet normal -0.412633 0.910897 0
    outer loop
      vertex 0.497482 11.599 0
      vertex 0.497482 11.599 7
      vertex 0.574966 11.6341 0
    endloop
  endfacet
  facet normal -0.412633 0.910897 0
    outer loop
      vertex 0.574966 11.6341 7
      vertex 0.574966 11.6341 0
      vertex 0.497482 11.599 7
    endloop
  endfacet
  facet normal -0.352591 0.935777 0
    outer loop
      vertex 0.417862 11.569 0
      vertex 0.417862 11.569 7
      vertex 0.497482 11.599 0
    endloop
  endfacet
  facet normal -0.352591 0.935777 0
    outer loop
      vertex 0.497482 11.599 7
      vertex 0.497482 11.599 0
      vertex 0.417862 11.569 7
    endloop
  endfacet
  facet normal -0.290347 0.956922 0
    outer loop
      vertex 0.336456 11.5443 0
      vertex 0.336456 11.5443 7
      vertex 0.417862 11.569 0
    endloop
  endfacet
  facet normal -0.290347 0.956922 0
    outer loop
      vertex 0.417862 11.569 7
      vertex 0.417862 11.569 0
      vertex 0.336456 11.5443 7
    endloop
  endfacet
  facet normal -0.226903 0.973917 0
    outer loop
      vertex 0.253616 11.525 0
      vertex 0.253616 11.525 7
      vertex 0.336456 11.5443 0
    endloop
  endfacet
  facet normal -0.226903 0.973917 0
    outer loop
      vertex 0.336456 11.5443 7
      vertex 0.336456 11.5443 0
      vertex 0.253616 11.525 7
    endloop
  endfacet
  facet normal -0.163373 0.986564 0
    outer loop
      vertex 0.169678 11.5111 0
      vertex 0.169678 11.5111 7
      vertex 0.253616 11.525 0
    endloop
  endfacet
  facet normal -0.163373 0.986564 0
    outer loop
      vertex 0.253616 11.525 7
      vertex 0.253616 11.525 0
      vertex 0.169678 11.5111 7
    endloop
  endfacet
  facet normal -0.097576 0.995228 0
    outer loop
      vertex 0.085022 11.5028 0
      vertex 0.085022 11.5028 7
      vertex 0.169678 11.5111 0
    endloop
  endfacet
  facet normal -0.097576 0.995228 0
    outer loop
      vertex 0.169678 11.5111 7
      vertex 0.169678 11.5111 0
      vertex 0.085022 11.5028 7
    endloop
  endfacet
  facet normal -0.0329148 0.999458 0
    outer loop
      vertex 0 11.5 0
      vertex 0 11.5 7
      vertex 0.085022 11.5028 0
    endloop
  endfacet
  facet normal -0.0329148 0.999458 0
    outer loop
      vertex 0.085022 11.5028 7
      vertex 0.085022 11.5028 0
      vertex 0 11.5 7
    endloop
  endfacet
  facet normal 0.0329148 0.999458 -0
    outer loop
      vertex -0.085022 11.5028 0
      vertex -0.085022 11.5028 7
      vertex 0 11.5 0
    endloop
  endfacet
  facet normal 0.0329148 0.999458 0
    outer loop
      vertex 0 11.5 7
      vertex 0 11.5 0
      vertex -0.085022 11.5028 7
    endloop
  endfacet
endsolid OpenSCAD_Model
