solid OpenSCAD_Model
  facet normal 1 -0 0
    outer loop
      vertex 132 -26 4
      vertex 132 31 0
      vertex 132 31 4
    endloop
  endfacet
  facet normal 1 0 0
    outer loop
      vertex 132 31 0
      vertex 132 -26 4
      vertex 132 -26 0
    endloop
  endfacet
  facet normal 0 0 1
    outer loop
      vertex 50.2731 -24.2878 4
      vertex 48.5344 -24.2878 4
      vertex 50.2731 -25.0662 4
    endloop
  endfacet
  facet normal -0 0 1
    outer loop
      vertex 115 10.7477 4
      vertex 122 -14 4
      vertex 122 20 4
    endloop
  endfacet
  facet normal 0 0 1
    outer loop
      vertex 122 -14 4
      vertex 115 -10.7477 4
      vertex 116 -14 4
    endloop
  endfacet
  facet normal 0 0 1
    outer loop
      vertex 122 -14 4
      vertex 115 10.7477 4
      vertex 115 -10.7477 4
    endloop
  endfacet
  facet normal 0 0 1
    outer loop
      vertex 122 20 4
      vertex 109 10.7477 4
      vertex 115 10.7477 4
    endloop
  endfacet
  facet normal 0 0 1
    outer loop
      vertex 109 10.7477 4
      vertex 83 10.7477 4
      vertex 109 -10.7477 4
    endloop
  endfacet
  facet normal 0 0 1
    outer loop
      vertex 122 20 4
      vertex 83 10.7477 4
      vertex 109 10.7477 4
    endloop
  endfacet
  facet normal 0 0 1
    outer loop
      vertex 122 20 4
      vertex 77 10.7477 4
      vertex 83 10.7477 4
    endloop
  endfacet
  facet normal 0 0 1
    outer loop
      vertex 51 -10.7477 4
      vertex 77 -10.7477 4
      vertex 77 10.7477 4
    endloop
  endfacet
  facet normal 0 0 1
    outer loop
      vertex 77 -10.7477 4
      vertex 51.0001 -21.2443 4
      vertex 51.5101 -23.7208 4
    endloop
  endfacet
  facet normal 0 0 1
    outer loop
      vertex 51 -10.7477 4
      vertex 77 10.7477 4
      vertex 51 10.7477 4
    endloop
  endfacet
  facet normal 0 0 1
    outer loop
      vertex 122 20 4
      vertex 51 10.7477 4
      vertex 77 10.7477 4
    endloop
  endfacet
  facet normal 0 0 1
    outer loop
      vertex 122 20 4
      vertex 45 10.7477 4
      vertex 51 10.7477 4
    endloop
  endfacet
  facet normal 0 0 1
    outer loop
      vertex 19 -10.7477 4
      vertex 45 -10.7477 4
      vertex 45 10.7477 4
    endloop
  endfacet
  facet normal 0 0 1
    outer loop
      vertex 45 -10.7477 4
      vertex 19 -10.7477 4
      vertex 44.9039 -21.2443 4
    endloop
  endfacet
  facet normal 0 0 1
    outer loop
      vertex 19 -10.7477 4
      vertex 45 10.7477 4
      vertex 19 10.7477 4
    endloop
  endfacet
  facet normal -0 0 1
    outer loop
      vertex -26 20 4
      vertex 45 10.7477 4
      vertex 122 20 4
    endloop
  endfacet
  facet normal 0 0 1
    outer loop
      vertex 45 10.7477 4
      vertex -26 20 4
      vertex 19 10.7477 4
    endloop
  endfacet
  facet normal 0 0 1
    outer loop
      vertex 13 10.7477 4
      vertex -13 10.7477 4
      vertex 13 -10.7477 4
    endloop
  endfacet
  facet normal 0 0 1
    outer loop
      vertex 19 10.7477 4
      vertex -26 20 4
      vertex 13 10.7477 4
    endloop
  endfacet
  facet normal 0 0 1
    outer loop
      vertex 13 10.7477 4
      vertex -26 20 4
      vertex -13 10.7477 4
    endloop
  endfacet
  facet normal 0 0 1
    outer loop
      vertex -26 -14 4
      vertex -19 -10.7477 4
      vertex -19 10.7477 4
    endloop
  endfacet
  facet normal 0 0 1
    outer loop
      vertex -13 10.7477 4
      vertex -26 20 4
      vertex -19 10.7477 4
    endloop
  endfacet
  facet normal 0 0 1
    outer loop
      vertex -26 -14 4
      vertex -19 10.7477 4
      vertex -26 20 4
    endloop
  endfacet
  facet normal 0 0 1
    outer loop
      vertex -19 -10.7477 4
      vertex -26 -14 4
      vertex -20 -14 4
    endloop
  endfacet
  facet normal 0 0 1
    outer loop
      vertex 122 20 4
      vertex 132 31 4
      vertex 122 25 4
    endloop
  endfacet
  facet normal 0 0 1
    outer loop
      vertex 132 31 4
      vertex -26 25 4
      vertex 122 25 4
    endloop
  endfacet
  facet normal 0 0 1
    outer loop
      vertex -44 31 4
      vertex -26 20 4
      vertex -26 25 4
    endloop
  endfacet
  facet normal 0 0 1
    outer loop
      vertex -26 20 4
      vertex -44 31 4
      vertex -26 -14 4
    endloop
  endfacet
  facet normal 0 0 1
    outer loop
      vertex -44 -26 4
      vertex -26 -14 4
      vertex -44 31 4
    endloop
  endfacet
  facet normal -0 0 1
    outer loop
      vertex -44 31 4
      vertex -26 25 4
      vertex 132 31 4
    endloop
  endfacet
  facet normal 0 0 1
    outer loop
      vertex 122 -14 4
      vertex 132 31 4
      vertex 122 20 4
    endloop
  endfacet
  facet normal 0 0 1
    outer loop
      vertex 132 31 4
      vertex 122 -14 4
      vertex 132 -26 4
    endloop
  endfacet
  facet normal -0 0 1
    outer loop
      vertex 122 -20 4
      vertex 132 -26 4
      vertex 122 -14 4
    endloop
  endfacet
  facet normal -0 0 1
    outer loop
      vertex 116 -20 4
      vertex 132 -26 4
      vertex 122 -20 4
    endloop
  endfacet
  facet normal -0 0 1
    outer loop
      vertex 109 -10.7477 4
      vertex 116 -14 4
      vertex 115 -10.7477 4
    endloop
  endfacet
  facet normal 0 0 1
    outer loop
      vertex 116 -14 4
      vertex 109 -10.7477 4
      vertex 116 -20 4
    endloop
  endfacet
  facet normal 0 0 1
    outer loop
      vertex 83 -10.7477 4
      vertex 109 -10.7477 4
      vertex 83 10.7477 4
    endloop
  endfacet
  facet normal 0 0 1
    outer loop
      vertex 109 -10.7477 4
      vertex 83 -10.7477 4
      vertex 116 -20 4
    endloop
  endfacet
  facet normal 0 0 1
    outer loop
      vertex 51.0001 -25.0662 4
      vertex 116 -20 4
      vertex 83 -10.7477 4
    endloop
  endfacet
  facet normal 0 0 1
    outer loop
      vertex 51.0001 -25.0662 4
      vertex 83 -10.7477 4
      vertex 77 -10.7477 4
    endloop
  endfacet
  facet normal 0 0 1
    outer loop
      vertex 51.5101 -24.2878 4
      vertex 77 -10.7477 4
      vertex 51.5101 -23.7208 4
    endloop
  endfacet
  facet normal 0 0 1
    outer loop
      vertex 51.0001 -25.0662 4
      vertex 77 -10.7477 4
      vertex 51.5101 -24.2878 4
    endloop
  endfacet
  facet normal 0 0 1
    outer loop
      vertex 51.0001 -25.0662 4
      vertex 51.5101 -24.2878 4
      vertex 51.0001 -24.2878 4
    endloop
  endfacet
  facet normal 0 0 1
    outer loop
      vertex 116 -20 4
      vertex 51.0001 -25.0662 4
      vertex 132 -26 4
    endloop
  endfacet
  facet normal -0 0 1
    outer loop
      vertex 50.2731 -25.0662 4
      vertex 132 -26 4
      vertex 51.0001 -25.0662 4
    endloop
  endfacet
  facet normal 0 0 1
    outer loop
      vertex 48.4302 -25.0662 4
      vertex 50.2731 -25.0662 4
      vertex 48.5344 -24.2878 4
    endloop
  endfacet
  facet normal -0 0 1
    outer loop
      vertex 48.4302 -25.0662 4
      vertex 132 -26 4
      vertex 50.2731 -25.0662 4
    endloop
  endfacet
  facet normal -0 0 1
    outer loop
      vertex 47.5297 -25.0662 4
      vertex 132 -26 4
      vertex 48.4302 -25.0662 4
    endloop
  endfacet
  facet normal 0 0 1
    outer loop
      vertex 45.7041 -25.0662 4
      vertex 46.6427 -23.615 4
      vertex 45.7041 -23.615 4
    endloop
  endfacet
  facet normal 0 0 1
    outer loop
      vertex 46.6427 -23.615 4
      vertex 45.7041 -25.0662 4
      vertex 47.5297 -25.0662 4
    endloop
  endfacet
  facet normal -0 0 1
    outer loop
      vertex 45.7041 -25.0662 4
      vertex 132 -26 4
      vertex 47.5297 -25.0662 4
    endloop
  endfacet
  facet normal -0 0 1
    outer loop
      vertex 44.9039 -25.0662 4
      vertex 132 -26 4
      vertex 45.7041 -25.0662 4
    endloop
  endfacet
  facet normal 0 0 1
    outer loop
      vertex 44.9039 -21.2443 4
      vertex 19 -10.7477 4
      vertex 44.9039 -25.0662 4
    endloop
  endfacet
  facet normal -0 0 1
    outer loop
      vertex 13 -10.7477 4
      vertex 44.9039 -25.0662 4
      vertex 19 -10.7477 4
    endloop
  endfacet
  facet normal 0 0 1
    outer loop
      vertex -13 -10.7477 4
      vertex 13 -10.7477 4
      vertex -13 10.7477 4
    endloop
  endfacet
  facet normal 0 0 1
    outer loop
      vertex -20 -20 4
      vertex 13 -10.7477 4
      vertex -13 -10.7477 4
    endloop
  endfacet
  facet normal 0 0 1
    outer loop
      vertex -20 -14 4
      vertex -13 -10.7477 4
      vertex -19 -10.7477 4
    endloop
  endfacet
  facet normal 0 0 1
    outer loop
      vertex -13 -10.7477 4
      vertex -20 -14 4
      vertex -20 -20 4
    endloop
  endfacet
  facet normal 0 0 1
    outer loop
      vertex 13 -10.7477 4
      vertex -20 -20 4
      vertex 44.9039 -25.0662 4
    endloop
  endfacet
  facet normal 0 0 1
    outer loop
      vertex -44 -26 4
      vertex -20 -20 4
      vertex -26 -20 4
    endloop
  endfacet
  facet normal 0 0 1
    outer loop
      vertex 44.9039 -25.0662 4
      vertex -44 -26 4
      vertex 132 -26 4
    endloop
  endfacet
  facet normal 0 0 1
    outer loop
      vertex -20 -20 4
      vertex -44 -26 4
      vertex 44.9039 -25.0662 4
    endloop
  endfacet
  facet normal 0 0 1
    outer loop
      vertex -26 -14 4
      vertex -44 -26 4
      vertex -26 -20 4
    endloop
  endfacet
  facet normal 0 0 1
    outer loop
      vertex 51.5101 -23.7208 4
      vertex 51.0001 -21.2443 4
      vertex 51.0001 -23.7208 4
    endloop
  endfacet
  facet normal 0 0 1
    outer loop
      vertex 77 -10.7477 4
      vertex 51 -10.7477 4
      vertex 51.0001 -21.2443 4
    endloop
  endfacet
  facet normal 0 0 1
    outer loop
      vertex 51 -10.7477 4
      vertex 50.1484 -21.2443 4
      vertex 51.0001 -21.2443 4
    endloop
  endfacet
  facet normal 0 0 1
    outer loop
      vertex 47.3781 -21.307 4
      vertex 50.1484 -21.2443 4
      vertex 51 -10.7477 4
    endloop
  endfacet
  facet normal 0 0 1
    outer loop
      vertex 47.6203 -23.3848 4
      vertex 48.5344 -24.2878 4
      vertex 48.5344 -23.7154 4
    endloop
  endfacet
  facet normal 0 0 1
    outer loop
      vertex 48.2349 -22.5045 4
      vertex 50.1484 -21.2443 4
      vertex 48.239 -22.4447 4
    endloop
  endfacet
  facet normal 0 -0 1
    outer loop
      vertex 48.2381 -22.3004 4
      vertex 50.1484 -21.2443 4
      vertex 48.2315 -22.2202 4
    endloop
  endfacet
  facet normal 0 0 1
    outer loop
      vertex 48.239 -22.4447 4
      vertex 50.1484 -21.2443 4
      vertex 48.2403 -22.3836 4
    endloop
  endfacet
  facet normal 0 -0 1
    outer loop
      vertex 48.2403 -22.3836 4
      vertex 50.1484 -21.2443 4
      vertex 48.2381 -22.3004 4
    endloop
  endfacet
  facet normal 0 0 1
    outer loop
      vertex 50.1484 -21.2443 4
      vertex 48.2206 -22.1431 4
      vertex 48.2315 -22.2202 4
    endloop
  endfacet
  facet normal 0 0 1
    outer loop
      vertex 50.1484 -21.2443 4
      vertex 48.2052 -22.069 4
      vertex 48.2206 -22.1431 4
    endloop
  endfacet
  facet normal 0 0 1
    outer loop
      vertex 50.1484 -21.2443 4
      vertex 48.1854 -21.9979 4
      vertex 48.2052 -22.069 4
    endloop
  endfacet
  facet normal 0 0 1
    outer loop
      vertex 50.1484 -21.2443 4
      vertex 48.1612 -21.9299 4
      vertex 48.1854 -21.9979 4
    endloop
  endfacet
  facet normal 0 0 1
    outer loop
      vertex 50.1484 -21.2443 4
      vertex 48.1326 -21.8649 4
      vertex 48.1612 -21.9299 4
    endloop
  endfacet
  facet normal 0 0 1
    outer loop
      vertex 50.1484 -21.2443 4
      vertex 48.0996 -21.803 4
      vertex 48.1326 -21.8649 4
    endloop
  endfacet
  facet normal 0 0 1
    outer loop
      vertex 50.1484 -21.2443 4
      vertex 48.0622 -21.744 4
      vertex 48.0996 -21.803 4
    endloop
  endfacet
  facet normal 0 0 1
    outer loop
      vertex 50.1484 -21.2443 4
      vertex 48.0204 -21.6881 4
      vertex 48.0622 -21.744 4
    endloop
  endfacet
  facet normal 0 0 1
    outer loop
      vertex 50.1484 -21.2443 4
      vertex 47.9743 -21.6353 4
      vertex 48.0204 -21.6881 4
    endloop
  endfacet
  facet normal 0 0 1
    outer loop
      vertex 50.1484 -21.2443 4
      vertex 47.9237 -21.5855 4
      vertex 47.9743 -21.6353 4
    endloop
  endfacet
  facet normal 0 0 1
    outer loop
      vertex 50.1484 -21.2443 4
      vertex 47.8687 -21.5387 4
      vertex 47.9237 -21.5855 4
    endloop
  endfacet
  facet normal 0 0 1
    outer loop
      vertex 50.1484 -21.2443 4
      vertex 47.8097 -21.4951 4
      vertex 47.8687 -21.5387 4
    endloop
  endfacet
  facet normal 0 0 1
    outer loop
      vertex 50.1484 -21.2443 4
      vertex 47.747 -21.4551 4
      vertex 47.8097 -21.4951 4
    endloop
  endfacet
  facet normal 0 0 1
    outer loop
      vertex 50.1484 -21.2443 4
      vertex 47.6806 -21.4185 4
      vertex 47.747 -21.4551 4
    endloop
  endfacet
  facet normal 0 0 1
    outer loop
      vertex 50.1484 -21.2443 4
      vertex 47.6105 -21.3854 4
      vertex 47.6806 -21.4185 4
    endloop
  endfacet
  facet normal 0 0 1
    outer loop
      vertex 50.1484 -21.2443 4
      vertex 47.5367 -21.3558 4
      vertex 47.6105 -21.3854 4
    endloop
  endfacet
  facet normal 0 0 1
    outer loop
      vertex 50.1484 -21.2443 4
      vertex 47.4592 -21.3297 4
      vertex 47.5367 -21.3558 4
    endloop
  endfacet
  facet normal 0 0 1
    outer loop
      vertex 50.1484 -21.2443 4
      vertex 47.3781 -21.307 4
      vertex 47.4592 -21.3297 4
    endloop
  endfacet
  facet normal 0 0 1
    outer loop
      vertex 51 -10.7477 4
      vertex 47.2932 -21.2879 4
      vertex 47.3781 -21.307 4
    endloop
  endfacet
  facet normal 0 0 1
    outer loop
      vertex 51 -10.7477 4
      vertex 47.2047 -21.2722 4
      vertex 47.2932 -21.2879 4
    endloop
  endfacet
  facet normal -0 0 1
    outer loop
      vertex 45 -10.7477 4
      vertex 47.2047 -21.2722 4
      vertex 51 -10.7477 4
    endloop
  endfacet
  facet normal 0 0 1
    outer loop
      vertex 47.2047 -21.2722 4
      vertex 45 -10.7477 4
      vertex 47.1124 -21.26 4
    endloop
  endfacet
  facet normal 0 0 1
    outer loop
      vertex 47.1124 -21.26 4
      vertex 45 -10.7477 4
      vertex 47.0165 -21.2513 4
    endloop
  endfacet
  facet normal 0 0 1
    outer loop
      vertex 47.0165 -21.2513 4
      vertex 45 -10.7477 4
      vertex 46.9169 -21.2461 4
    endloop
  endfacet
  facet normal 0 0 1
    outer loop
      vertex 46.9169 -21.2461 4
      vertex 45 -10.7477 4
      vertex 46.8136 -21.2443 4
    endloop
  endfacet
  facet normal 0 0 1
    outer loop
      vertex 46.8136 -21.2443 4
      vertex 45 -10.7477 4
      vertex 44.9039 -21.2443 4
    endloop
  endfacet
  facet normal 0 0 1
    outer loop
      vertex 48.2282 -22.563 4
      vertex 50.1484 -21.2443 4
      vertex 48.2349 -22.5045 4
    endloop
  endfacet
  facet normal 0 0 1
    outer loop
      vertex 50.1484 -21.2443 4
      vertex 48.2282 -22.563 4
      vertex 48.5344 -23.7154 4
    endloop
  endfacet
  facet normal -0 0 1
    outer loop
      vertex 48.2188 -22.6202 4
      vertex 48.5344 -23.7154 4
      vertex 48.2282 -22.563 4
    endloop
  endfacet
  facet normal -0 0 1
    outer loop
      vertex 48.2066 -22.6762 4
      vertex 48.5344 -23.7154 4
      vertex 48.2188 -22.6202 4
    endloop
  endfacet
  facet normal -0 0 1
    outer loop
      vertex 48.1918 -22.7308 4
      vertex 48.5344 -23.7154 4
      vertex 48.2066 -22.6762 4
    endloop
  endfacet
  facet normal -0 0 1
    outer loop
      vertex 48.1743 -22.7841 4
      vertex 48.5344 -23.7154 4
      vertex 48.1918 -22.7308 4
    endloop
  endfacet
  facet normal -0 0 1
    outer loop
      vertex 48.154 -22.8361 4
      vertex 48.5344 -23.7154 4
      vertex 48.1743 -22.7841 4
    endloop
  endfacet
  facet normal -0 0 1
    outer loop
      vertex 48.1311 -22.8868 4
      vertex 48.5344 -23.7154 4
      vertex 48.154 -22.8361 4
    endloop
  endfacet
  facet normal -0 0 1
    outer loop
      vertex 48.1055 -22.9362 4
      vertex 48.5344 -23.7154 4
      vertex 48.1311 -22.8868 4
    endloop
  endfacet
  facet normal -0 0 1
    outer loop
      vertex 48.0772 -22.9843 4
      vertex 48.5344 -23.7154 4
      vertex 48.1055 -22.9362 4
    endloop
  endfacet
  facet normal -0 0 1
    outer loop
      vertex 48.0462 -23.0311 4
      vertex 48.5344 -23.7154 4
      vertex 48.0772 -22.9843 4
    endloop
  endfacet
  facet normal -0 0 1
    outer loop
      vertex 48.0125 -23.0767 4
      vertex 48.5344 -23.7154 4
      vertex 48.0462 -23.0311 4
    endloop
  endfacet
  facet normal -0 0 1
    outer loop
      vertex 47.9765 -23.1203 4
      vertex 48.5344 -23.7154 4
      vertex 48.0125 -23.0767 4
    endloop
  endfacet
  facet normal -0 0 1
    outer loop
      vertex 47.9386 -23.1617 4
      vertex 48.5344 -23.7154 4
      vertex 47.9765 -23.1203 4
    endloop
  endfacet
  facet normal -0 0 1
    outer loop
      vertex 47.8988 -23.2006 4
      vertex 48.5344 -23.7154 4
      vertex 47.9386 -23.1617 4
    endloop
  endfacet
  facet normal -0 0 1
    outer loop
      vertex 47.8571 -23.2372 4
      vertex 48.5344 -23.7154 4
      vertex 47.8988 -23.2006 4
    endloop
  endfacet
  facet normal -0 0 1
    outer loop
      vertex 47.8135 -23.2714 4
      vertex 48.5344 -23.7154 4
      vertex 47.8571 -23.2372 4
    endloop
  endfacet
  facet normal -0 0 1
    outer loop
      vertex 47.7681 -23.3033 4
      vertex 48.5344 -23.7154 4
      vertex 47.8135 -23.2714 4
    endloop
  endfacet
  facet normal -0 0 1
    outer loop
      vertex 47.7207 -23.3328 4
      vertex 48.5344 -23.7154 4
      vertex 47.7681 -23.3033 4
    endloop
  endfacet
  facet normal -0 0 1
    outer loop
      vertex 47.6714 -23.36 4
      vertex 48.5344 -23.7154 4
      vertex 47.7207 -23.3328 4
    endloop
  endfacet
  facet normal -0 0 1
    outer loop
      vertex 47.6203 -23.3848 4
      vertex 48.5344 -23.7154 4
      vertex 47.6714 -23.36 4
    endloop
  endfacet
  facet normal 0 0 1
    outer loop
      vertex 48.5344 -24.2878 4
      vertex 47.6203 -23.3848 4
      vertex 47.5672 -23.4073 4
    endloop
  endfacet
  facet normal 0 0 1
    outer loop
      vertex 48.5344 -24.2878 4
      vertex 47.5672 -23.4073 4
      vertex 47.5123 -23.4273 4
    endloop
  endfacet
  facet normal -0 0 1
    outer loop
      vertex 47.4555 -23.4451 4
      vertex 48.5344 -24.2878 4
      vertex 47.5123 -23.4273 4
    endloop
  endfacet
  facet normal -0 0 1
    outer loop
      vertex 47.3967 -23.4604 4
      vertex 48.5344 -24.2878 4
      vertex 47.4555 -23.4451 4
    endloop
  endfacet
  facet normal 0 0 1
    outer loop
      vertex 48.5344 -24.2878 4
      vertex 47.3967 -23.4604 4
      vertex 48.4302 -25.0662 4
    endloop
  endfacet
  facet normal 0 0 1
    outer loop
      vertex 47.0174 -21.8948 4
      vertex 47.4337 -22.4576 4
      vertex 47.4347 -22.4161 4
    endloop
  endfacet
  facet normal 0 0 1
    outer loop
      vertex 47.0174 -21.8948 4
      vertex 47.4347 -22.4161 4
      vertex 47.4305 -22.3347 4
    endloop
  endfacet
  facet normal 0 -0 1
    outer loop
      vertex 47.027 -22.9616 4
      vertex 47.4337 -22.4576 4
      vertex 47.0174 -21.8948 4
    endloop
  endfacet
  facet normal 0 0 1
    outer loop
      vertex 47.4337 -22.4576 4
      vertex 47.027 -22.9616 4
      vertex 47.4306 -22.4975 4
    endloop
  endfacet
  facet normal 0 0 1
    outer loop
      vertex 47.0967 -21.9176 4
      vertex 47.4305 -22.3347 4
      vertex 47.418 -22.2597 4
    endloop
  endfacet
  facet normal 0 0 1
    outer loop
      vertex 47.4306 -22.4975 4
      vertex 47.0662 -22.9499 4
      vertex 47.4255 -22.5361 4
    endloop
  endfacet
  facet normal 0 -0 1
    outer loop
      vertex 47.1035 -22.9364 4
      vertex 47.4255 -22.5361 4
      vertex 47.0662 -22.9499 4
    endloop
  endfacet
  facet normal 0 0 1
    outer loop
      vertex 47.1676 -21.9469 4
      vertex 47.418 -22.2597 4
      vertex 47.3972 -22.1913 4
    endloop
  endfacet
  facet normal 0 0 1
    outer loop
      vertex 47.4305 -22.3347 4
      vertex 47.0967 -21.9176 4
      vertex 47.0174 -21.8948 4
    endloop
  endfacet
  facet normal 0 0 1
    outer loop
      vertex 47.4255 -22.5361 4
      vertex 47.1035 -22.9364 4
      vertex 47.4183 -22.5732 4
    endloop
  endfacet
  facet normal 0 0 1
    outer loop
      vertex 47.2302 -21.9828 4
      vertex 47.3972 -22.1913 4
      vertex 47.368 -22.1294 4
    endloop
  endfacet
  facet normal 0 -0 1
    outer loop
      vertex 47.1389 -22.9211 4
      vertex 47.4183 -22.5732 4
      vertex 47.1035 -22.9364 4
    endloop
  endfacet
  facet normal 0 0 1
    outer loop
      vertex 47.409 -22.6088 4
      vertex 47.1389 -22.9211 4
      vertex 47.3977 -22.643 4
    endloop
  endfacet
  facet normal 0 0 1
    outer loop
      vertex 47.2302 -21.9828 4
      vertex 47.368 -22.1294 4
      vertex 47.3304 -22.074 4
    endloop
  endfacet
  facet normal 0 0 1
    outer loop
      vertex 47.418 -22.2597 4
      vertex 47.1676 -21.9469 4
      vertex 47.0967 -21.9176 4
    endloop
  endfacet
  facet normal 0 -0 1
    outer loop
      vertex 47.1723 -22.904 4
      vertex 47.3977 -22.643 4
      vertex 47.1389 -22.9211 4
    endloop
  endfacet
  facet normal 0 0 1
    outer loop
      vertex 47.2302 -21.9828 4
      vertex 47.3304 -22.074 4
      vertex 47.2845 -22.0252 4
    endloop
  endfacet
  facet normal 0 0 1
    outer loop
      vertex 47.369 -22.7071 4
      vertex 47.1723 -22.904 4
      vertex 47.3515 -22.737 4
    endloop
  endfacet
  facet normal 0 0 1
    outer loop
      vertex 47.332 -22.7654 4
      vertex 47.2868 -22.8179 4
      vertex 47.3104 -22.7924 4
    endloop
  endfacet
  facet normal 0 0 1
    outer loop
      vertex 47.3972 -22.1913 4
      vertex 47.2302 -21.9828 4
      vertex 47.1676 -21.9469 4
    endloop
  endfacet
  facet normal 0 0 1
    outer loop
      vertex 47.332 -22.7654 4
      vertex 47.2611 -22.842 4
      vertex 47.2868 -22.8179 4
    endloop
  endfacet
  facet normal 0 0 1
    outer loop
      vertex 47.332 -22.7654 4
      vertex 47.2334 -22.8645 4
      vertex 47.2611 -22.842 4
    endloop
  endfacet
  facet normal 0 0 1
    outer loop
      vertex 47.332 -22.7654 4
      vertex 47.2038 -22.8852 4
      vertex 47.2334 -22.8645 4
    endloop
  endfacet
  facet normal 0 0 1
    outer loop
      vertex 47.332 -22.7654 4
      vertex 47.1723 -22.904 4
      vertex 47.2038 -22.8852 4
    endloop
  endfacet
  facet normal 0 0 1
    outer loop
      vertex 47.3515 -22.737 4
      vertex 47.1723 -22.904 4
      vertex 47.332 -22.7654 4
    endloop
  endfacet
  facet normal 0 0 1
    outer loop
      vertex 47.3844 -22.6758 4
      vertex 47.1723 -22.904 4
      vertex 47.369 -22.7071 4
    endloop
  endfacet
  facet normal 0 0 1
    outer loop
      vertex 47.3977 -22.643 4
      vertex 47.1723 -22.904 4
      vertex 47.3844 -22.6758 4
    endloop
  endfacet
  facet normal 0 0 1
    outer loop
      vertex 47.4183 -22.5732 4
      vertex 47.1389 -22.9211 4
      vertex 47.409 -22.6088 4
    endloop
  endfacet
  facet normal 0 0 1
    outer loop
      vertex 47.4306 -22.4975 4
      vertex 47.027 -22.9616 4
      vertex 47.0662 -22.9499 4
    endloop
  endfacet
  facet normal 0 0 1
    outer loop
      vertex 47.0174 -21.8948 4
      vertex 46.9858 -22.9714 4
      vertex 47.027 -22.9616 4
    endloop
  endfacet
  facet normal 0 0 1
    outer loop
      vertex 46.9298 -21.8785 4
      vertex 46.9858 -22.9714 4
      vertex 47.0174 -21.8948 4
    endloop
  endfacet
  facet normal 0 0 1
    outer loop
      vertex 46.9858 -22.9714 4
      vertex 46.9298 -21.8785 4
      vertex 46.9427 -22.9795 4
    endloop
  endfacet
  facet normal 0 0 1
    outer loop
      vertex 46.9298 -21.8785 4
      vertex 46.8978 -22.9858 4
      vertex 46.9427 -22.9795 4
    endloop
  endfacet
  facet normal 0 0 1
    outer loop
      vertex 46.9298 -21.8785 4
      vertex 46.8508 -22.9903 4
      vertex 46.8978 -22.9858 4
    endloop
  endfacet
  facet normal 0 0 1
    outer loop
      vertex 46.8338 -21.8688 4
      vertex 46.8508 -22.9903 4
      vertex 46.9298 -21.8785 4
    endloop
  endfacet
  facet normal 0 0 1
    outer loop
      vertex 46.8338 -21.8688 4
      vertex 46.802 -22.993 4
      vertex 46.8508 -22.9903 4
    endloop
  endfacet
  facet normal 0 0 1
    outer loop
      vertex 46.8338 -21.8688 4
      vertex 46.7512 -22.9939 4
      vertex 46.802 -22.993 4
    endloop
  endfacet
  facet normal 0 0 1
    outer loop
      vertex 46.7295 -21.8655 4
      vertex 46.7512 -22.9939 4
      vertex 46.8338 -21.8688 4
    endloop
  endfacet
  facet normal 0 0 1
    outer loop
      vertex 45.7041 -22.9939 4
      vertex 46.7295 -21.8655 4
      vertex 45.7041 -21.8655 4
    endloop
  endfacet
  facet normal 0 0 1
    outer loop
      vertex 46.7295 -21.8655 4
      vertex 45.7041 -22.9939 4
      vertex 46.7512 -22.9939 4
    endloop
  endfacet
  facet normal 0 0 1
    outer loop
      vertex 50.286 -21.9575 4
      vertex 50.2967 -21.9416 4
      vertex 50.2975 -21.9333 4
    endloop
  endfacet
  facet normal 0 0 1
    outer loop
      vertex 50.286 -21.9575 4
      vertex 50.2958 -21.9512 4
      vertex 50.2967 -21.9416 4
    endloop
  endfacet
  facet normal -0 0 1
    outer loop
      vertex 50.286 -21.9575 4
      vertex 50.2948 -21.9624 4
      vertex 50.2958 -21.9512 4
    endloop
  endfacet
  facet normal 0 0 1
    outer loop
      vertex 50.286 -21.9575 4
      vertex 50.2938 -21.9749 4
      vertex 50.2948 -21.9624 4
    endloop
  endfacet
  facet normal 0 0 1
    outer loop
      vertex 50.2731 -21.9833 4
      vertex 50.2938 -21.9749 4
      vertex 50.286 -21.9575 4
    endloop
  endfacet
  facet normal 0 0 1
    outer loop
      vertex 50.2938 -21.9749 4
      vertex 50.2731 -21.9833 4
      vertex 50.2928 -21.9889 4
    endloop
  endfacet
  facet normal 0 0 1
    outer loop
      vertex 50.2589 -22.0107 4
      vertex 50.2928 -21.9889 4
      vertex 50.2731 -21.9833 4
    endloop
  endfacet
  facet normal 0 0 1
    outer loop
      vertex 50.2928 -21.9889 4
      vertex 50.2589 -22.0107 4
      vertex 50.2905 -22.0213 4
    endloop
  endfacet
  facet normal 0 0 1
    outer loop
      vertex 50.2434 -22.0396 4
      vertex 50.2905 -22.0213 4
      vertex 50.2589 -22.0107 4
    endloop
  endfacet
  facet normal 0 0 1
    outer loop
      vertex 50.2905 -22.0213 4
      vertex 50.2434 -22.0396 4
      vertex 50.2881 -22.0594 4
    endloop
  endfacet
  facet normal 0 0 1
    outer loop
      vertex 50.2264 -22.0702 4
      vertex 50.2881 -22.0594 4
      vertex 50.2434 -22.0396 4
    endloop
  endfacet
  facet normal 0 0 1
    outer loop
      vertex 50.2881 -22.0594 4
      vertex 50.2264 -22.0702 4
      vertex 50.2855 -22.1034 4
    endloop
  endfacet
  facet normal -0 0 1
    outer loop
      vertex 50.2082 -22.1024 4
      vertex 50.2855 -22.1034 4
      vertex 50.2264 -22.0702 4
    endloop
  endfacet
  facet normal 0 0 1
    outer loop
      vertex 50.2855 -22.1034 4
      vertex 50.2082 -22.1024 4
      vertex 50.2841 -22.1275 4
    endloop
  endfacet
  facet normal 0 0 1
    outer loop
      vertex 50.2841 -22.1275 4
      vertex 50.2082 -22.1024 4
      vertex 50.2826 -22.1531 4
    endloop
  endfacet
  facet normal -0 0 1
    outer loop
      vertex 50.1886 -22.1362 4
      vertex 50.2826 -22.1531 4
      vertex 50.2082 -22.1024 4
    endloop
  endfacet
  facet normal 0 0 1
    outer loop
      vertex 50.2826 -22.1531 4
      vertex 50.1886 -22.1362 4
      vertex 50.2812 -22.1792 4
    endloop
  endfacet
  facet normal -0 0 1
    outer loop
      vertex 50.1676 -22.1716 4
      vertex 50.2812 -22.1792 4
      vertex 50.1886 -22.1362 4
    endloop
  endfacet
  facet normal 0 0 1
    outer loop
      vertex 50.2812 -22.1792 4
      vertex 50.1676 -22.1716 4
      vertex 50.2799 -22.2051 4
    endloop
  endfacet
  facet normal 0 0 1
    outer loop
      vertex 50.2799 -22.2051 4
      vertex 50.1676 -22.1716 4
      vertex 50.2787 -22.2306 4
    endloop
  endfacet
  facet normal -0 0 1
    outer loop
      vertex 50.1453 -22.2086 4
      vertex 50.2787 -22.2306 4
      vertex 50.1676 -22.1716 4
    endloop
  endfacet
  facet normal 0 0 1
    outer loop
      vertex 50.2787 -22.2306 4
      vertex 50.1453 -22.2086 4
      vertex 50.2777 -22.2559 4
    endloop
  endfacet
  facet normal 0 0 1
    outer loop
      vertex 50.2777 -22.2559 4
      vertex 50.1453 -22.2086 4
      vertex 50.2767 -22.2809 4
    endloop
  endfacet
  facet normal -0 0 1
    outer loop
      vertex 50.1216 -22.2473 4
      vertex 50.2767 -22.2809 4
      vertex 50.1453 -22.2086 4
    endloop
  endfacet
  facet normal 0 0 1
    outer loop
      vertex 50.2767 -22.2809 4
      vertex 50.1216 -22.2473 4
      vertex 50.2759 -22.3056 4
    endloop
  endfacet
  facet normal 0 0 1
    outer loop
      vertex 50.2759 -22.3056 4
      vertex 50.1216 -22.2473 4
      vertex 50.2752 -22.33 4
    endloop
  endfacet
  facet normal -0 0 1
    outer loop
      vertex 50.0966 -22.2875 4
      vertex 50.2752 -22.33 4
      vertex 50.1216 -22.2473 4
    endloop
  endfacet
  facet normal 0 0 1
    outer loop
      vertex 50.2752 -22.33 4
      vertex 50.0966 -22.2875 4
      vertex 50.2746 -22.3541 4
    endloop
  endfacet
  facet normal 0 0 1
    outer loop
      vertex 50.2746 -22.3541 4
      vertex 50.0966 -22.2875 4
      vertex 50.274 -22.3779 4
    endloop
  endfacet
  facet normal -0 0 1
    outer loop
      vertex 50.0703 -22.3293 4
      vertex 50.274 -22.3779 4
      vertex 50.0966 -22.2875 4
    endloop
  endfacet
  facet normal 0 0 1
    outer loop
      vertex 50.274 -22.3779 4
      vertex 50.0703 -22.3293 4
      vertex 50.2737 -22.4015 4
    endloop
  endfacet
  facet normal 0 0 1
    outer loop
      vertex 50.2737 -22.4015 4
      vertex 50.0703 -22.3293 4
      vertex 50.2734 -22.4247 4
    endloop
  endfacet
  facet normal -0 0 1
    outer loop
      vertex 50.0426 -22.3727 4
      vertex 50.2734 -22.4247 4
      vertex 50.0703 -22.3293 4
    endloop
  endfacet
  facet normal 0 0 1
    outer loop
      vertex 50.2734 -22.4247 4
      vertex 50.0426 -22.3727 4
      vertex 50.2732 -22.4477 4
    endloop
  endfacet
  facet normal 0 0 1
    outer loop
      vertex 50.2732 -22.4477 4
      vertex 50.0426 -22.3727 4
      vertex 50.2731 -22.4704 4
    endloop
  endfacet
  facet normal 0 0 1
    outer loop
      vertex 50.2731 -22.4704 4
      vertex 50.0426 -22.3727 4
      vertex 50.2731 -23.7208 4
    endloop
  endfacet
  facet normal 0 0 1
    outer loop
      vertex 50.2731 -23.7208 4
      vertex 50.0426 -22.3727 4
      vertex 49.1556 -23.7208 4
    endloop
  endfacet
  facet normal 0 0 -1
    outer loop
      vertex -44 -26 0
      vertex 132 31 0
      vertex 132 -26 0
    endloop
  endfacet
  facet normal -0 0 -1
    outer loop
      vertex 132 31 0
      vertex -44 -26 0
      vertex -44 31 0
    endloop
  endfacet
  facet normal -1 0 0
    outer loop
      vertex -44 -26 0
      vertex -44 31 4
      vertex -44 31 0
    endloop
  endfacet
  facet normal -1 -0 0
    outer loop
      vertex -44 31 4
      vertex -44 -26 0
      vertex -44 -26 4
    endloop
  endfacet
  facet normal 0 1 -0
    outer loop
      vertex 132 31 0
      vertex -44 31 4
      vertex 132 31 4
    endloop
  endfacet
  facet normal 0 1 0
    outer loop
      vertex -44 31 4
      vertex 132 31 0
      vertex -44 31 0
    endloop
  endfacet
  facet normal 0 -1 0
    outer loop
      vertex -44 -26 0
      vertex 132 -26 4
      vertex -44 -26 4
    endloop
  endfacet
  facet normal 0 -1 -0
    outer loop
      vertex 132 -26 4
      vertex -44 -26 0
      vertex 132 -26 0
    endloop
  endfacet
  facet normal 0 0 1
    outer loop
      vertex 47.4347 -22.4161 3.4
      vertex 48.2403 -22.3836 3.4
      vertex 48.2381 -22.3004 3.4
    endloop
  endfacet
  facet normal 0 0 1
    outer loop
      vertex 48.2403 -22.3836 3.4
      vertex 47.4347 -22.4161 3.4
      vertex 48.239 -22.4447 3.4
    endloop
  endfacet
  facet normal 0 0 1
    outer loop
      vertex 47.4305 -22.3347 3.4
      vertex 48.2381 -22.3004 3.4
      vertex 48.2315 -22.2202 3.4
    endloop
  endfacet
  facet normal 0 0 1
    outer loop
      vertex 48.239 -22.4447 3.4
      vertex 47.4347 -22.4161 3.4
      vertex 48.2349 -22.5045 3.4
    endloop
  endfacet
  facet normal 0 0 1
    outer loop
      vertex 47.4305 -22.3347 3.4
      vertex 48.2315 -22.2202 3.4
      vertex 48.2206 -22.1431 3.4
    endloop
  endfacet
  facet normal -0 0 1
    outer loop
      vertex 47.4337 -22.4576 3.4
      vertex 48.2349 -22.5045 3.4
      vertex 47.4347 -22.4161 3.4
    endloop
  endfacet
  facet normal 0 0 1
    outer loop
      vertex 48.2349 -22.5045 3.4
      vertex 47.4337 -22.4576 3.4
      vertex 48.2282 -22.563 3.4
    endloop
  endfacet
  facet normal 0 0 1
    outer loop
      vertex 47.418 -22.2597 3.4
      vertex 48.2206 -22.1431 3.4
      vertex 48.2052 -22.069 3.4
    endloop
  endfacet
  facet normal -0 0 1
    outer loop
      vertex 47.4306 -22.4975 3.4
      vertex 48.2282 -22.563 3.4
      vertex 47.4337 -22.4576 3.4
    endloop
  endfacet
  facet normal 0 0 1
    outer loop
      vertex 47.418 -22.2597 3.4
      vertex 48.2052 -22.069 3.4
      vertex 48.1854 -21.9979 3.4
    endloop
  endfacet
  facet normal 0 0 1
    outer loop
      vertex 48.2282 -22.563 3.4
      vertex 47.4306 -22.4975 3.4
      vertex 48.2188 -22.6202 3.4
    endloop
  endfacet
  facet normal 0 0 1
    outer loop
      vertex 47.3972 -22.1913 3.4
      vertex 48.1854 -21.9979 3.4
      vertex 48.1612 -21.9299 3.4
    endloop
  endfacet
  facet normal 0 0 1
    outer loop
      vertex 48.2188 -22.6202 3.4
      vertex 47.4306 -22.4975 3.4
      vertex 48.2066 -22.6762 3.4
    endloop
  endfacet
  facet normal 0 0 1
    outer loop
      vertex 47.3972 -22.1913 3.4
      vertex 48.1612 -21.9299 3.4
      vertex 48.1326 -21.8649 3.4
    endloop
  endfacet
  facet normal -0 0 1
    outer loop
      vertex 47.4255 -22.5361 3.4
      vertex 48.2066 -22.6762 3.4
      vertex 47.4306 -22.4975 3.4
    endloop
  endfacet
  facet normal 0 0 1
    outer loop
      vertex 48.2066 -22.6762 3.4
      vertex 47.4255 -22.5361 3.4
      vertex 48.1918 -22.7308 3.4
    endloop
  endfacet
  facet normal 0 0 1
    outer loop
      vertex 47.3972 -22.1913 3.4
      vertex 48.1326 -21.8649 3.4
      vertex 48.0996 -21.803 3.4
    endloop
  endfacet
  facet normal -0 0 1
    outer loop
      vertex 47.4183 -22.5732 3.4
      vertex 48.1918 -22.7308 3.4
      vertex 47.4255 -22.5361 3.4
    endloop
  endfacet
  facet normal 0 0 1
    outer loop
      vertex 47.3972 -22.1913 3.4
      vertex 48.0996 -21.803 3.4
      vertex 48.0622 -21.744 3.4
    endloop
  endfacet
  facet normal 0 0 1
    outer loop
      vertex 48.1918 -22.7308 3.4
      vertex 47.4183 -22.5732 3.4
      vertex 48.1743 -22.7841 3.4
    endloop
  endfacet
  facet normal 0 0 1
    outer loop
      vertex 47.368 -22.1294 3.4
      vertex 48.0622 -21.744 3.4
      vertex 48.0204 -21.6881 3.4
    endloop
  endfacet
  facet normal 0 0 1
    outer loop
      vertex 48.1743 -22.7841 3.4
      vertex 47.4183 -22.5732 3.4
      vertex 48.154 -22.8361 3.4
    endloop
  endfacet
  facet normal -0 0 1
    outer loop
      vertex 47.409 -22.6088 3.4
      vertex 48.154 -22.8361 3.4
      vertex 47.4183 -22.5732 3.4
    endloop
  endfacet
  facet normal 0 0 1
    outer loop
      vertex 47.368 -22.1294 3.4
      vertex 48.0204 -21.6881 3.4
      vertex 47.9743 -21.6353 3.4
    endloop
  endfacet
  facet normal 0 0 1
    outer loop
      vertex 48.154 -22.8361 3.4
      vertex 47.409 -22.6088 3.4
      vertex 48.1311 -22.8868 3.4
    endloop
  endfacet
  facet normal 0 0 1
    outer loop
      vertex 47.368 -22.1294 3.4
      vertex 47.9743 -21.6353 3.4
      vertex 47.9237 -21.5855 3.4
    endloop
  endfacet
  facet normal 0 0 1
    outer loop
      vertex 48.1311 -22.8868 3.4
      vertex 47.409 -22.6088 3.4
      vertex 48.1055 -22.9362 3.4
    endloop
  endfacet
  facet normal 0 0 1
    outer loop
      vertex 47.3304 -22.074 3.4
      vertex 47.9237 -21.5855 3.4
      vertex 47.8687 -21.5387 3.4
    endloop
  endfacet
  facet normal -0 0 1
    outer loop
      vertex 47.3977 -22.643 3.4
      vertex 48.1055 -22.9362 3.4
      vertex 47.409 -22.6088 3.4
    endloop
  endfacet
  facet normal 0 0 1
    outer loop
      vertex 48.1055 -22.9362 3.4
      vertex 47.3977 -22.643 3.4
      vertex 48.0772 -22.9843 3.4
    endloop
  endfacet
  facet normal 0 0 1
    outer loop
      vertex 47.3304 -22.074 3.4
      vertex 47.8687 -21.5387 3.4
      vertex 47.8097 -21.4951 3.4
    endloop
  endfacet
  facet normal 0 0 1
    outer loop
      vertex 48.0772 -22.9843 3.4
      vertex 47.3977 -22.643 3.4
      vertex 48.0462 -23.0311 3.4
    endloop
  endfacet
  facet normal 0 0 1
    outer loop
      vertex 47.2845 -22.0252 3.4
      vertex 47.8097 -21.4951 3.4
      vertex 47.747 -21.4551 3.4
    endloop
  endfacet
  facet normal -0 0 1
    outer loop
      vertex 47.3844 -22.6758 3.4
      vertex 48.0462 -23.0311 3.4
      vertex 47.3977 -22.643 3.4
    endloop
  endfacet
  facet normal 0 0 1
    outer loop
      vertex 47.2845 -22.0252 3.4
      vertex 47.747 -21.4551 3.4
      vertex 47.6806 -21.4185 3.4
    endloop
  endfacet
  facet normal 0 0 1
    outer loop
      vertex 48.0462 -23.0311 3.4
      vertex 47.3844 -22.6758 3.4
      vertex 48.0125 -23.0767 3.4
    endloop
  endfacet
  facet normal -0 0 1
    outer loop
      vertex 47.369 -22.7071 3.4
      vertex 48.0125 -23.0767 3.4
      vertex 47.3844 -22.6758 3.4
    endloop
  endfacet
  facet normal 0 0 1
    outer loop
      vertex 47.2845 -22.0252 3.4
      vertex 47.6806 -21.4185 3.4
      vertex 47.6105 -21.3854 3.4
    endloop
  endfacet
  facet normal 0 0 1
    outer loop
      vertex 48.0125 -23.0767 3.4
      vertex 47.369 -22.7071 3.4
      vertex 47.9765 -23.1203 3.4
    endloop
  endfacet
  facet normal 0 0 1
    outer loop
      vertex 47.2302 -21.9828 3.4
      vertex 47.6105 -21.3854 3.4
      vertex 47.5367 -21.3558 3.4
    endloop
  endfacet
  facet normal 0 0 1
    outer loop
      vertex 47.9765 -23.1203 3.4
      vertex 47.369 -22.7071 3.4
      vertex 47.9386 -23.1617 3.4
    endloop
  endfacet
  facet normal 0 0 1
    outer loop
      vertex 47.2302 -21.9828 3.4
      vertex 47.5367 -21.3558 3.4
      vertex 47.4592 -21.3297 3.4
    endloop
  endfacet
  facet normal -0 0 1
    outer loop
      vertex 47.3515 -22.737 3.4
      vertex 47.9386 -23.1617 3.4
      vertex 47.369 -22.7071 3.4
    endloop
  endfacet
  facet normal 0 0 1
    outer loop
      vertex 47.9386 -23.1617 3.4
      vertex 47.3515 -22.737 3.4
      vertex 47.8988 -23.2006 3.4
    endloop
  endfacet
  facet normal 0 0 1
    outer loop
      vertex 48.2381 -22.3004 3.4
      vertex 47.4305 -22.3347 3.4
      vertex 47.4347 -22.4161 3.4
    endloop
  endfacet
  facet normal 0 0 1
    outer loop
      vertex 48.2206 -22.1431 3.4
      vertex 47.418 -22.2597 3.4
      vertex 47.4305 -22.3347 3.4
    endloop
  endfacet
  facet normal 0 0 1
    outer loop
      vertex 48.1854 -21.9979 3.4
      vertex 47.3972 -22.1913 3.4
      vertex 47.418 -22.2597 3.4
    endloop
  endfacet
  facet normal 0 0 1
    outer loop
      vertex 47.1676 -21.9469 3.4
      vertex 47.4592 -21.3297 3.4
      vertex 47.3781 -21.307 3.4
    endloop
  endfacet
  facet normal 0 0 1
    outer loop
      vertex 48.0622 -21.744 3.4
      vertex 47.368 -22.1294 3.4
      vertex 47.3972 -22.1913 3.4
    endloop
  endfacet
  facet normal 0 0 1
    outer loop
      vertex 47.9237 -21.5855 3.4
      vertex 47.3304 -22.074 3.4
      vertex 47.368 -22.1294 3.4
    endloop
  endfacet
  facet normal 0 0 1
    outer loop
      vertex 47.1676 -21.9469 3.4
      vertex 47.3781 -21.307 3.4
      vertex 47.2932 -21.2879 3.4
    endloop
  endfacet
  facet normal 0 0 1
    outer loop
      vertex 47.8097 -21.4951 3.4
      vertex 47.2845 -22.0252 3.4
      vertex 47.3304 -22.074 3.4
    endloop
  endfacet
  facet normal 0 0 1
    outer loop
      vertex 47.6105 -21.3854 3.4
      vertex 47.2302 -21.9828 3.4
      vertex 47.2845 -22.0252 3.4
    endloop
  endfacet
  facet normal 0 0 1
    outer loop
      vertex 47.0967 -21.9176 3.4
      vertex 47.2932 -21.2879 3.4
      vertex 47.2047 -21.2722 3.4
    endloop
  endfacet
  facet normal 0 0 1
    outer loop
      vertex 47.4592 -21.3297 3.4
      vertex 47.1676 -21.9469 3.4
      vertex 47.2302 -21.9828 3.4
    endloop
  endfacet
  facet normal 0 0 1
    outer loop
      vertex 47.0174 -21.8948 3.4
      vertex 47.2047 -21.2722 3.4
      vertex 47.1124 -21.26 3.4
    endloop
  endfacet
  facet normal 0 0 1
    outer loop
      vertex 47.2932 -21.2879 3.4
      vertex 47.0967 -21.9176 3.4
      vertex 47.1676 -21.9469 3.4
    endloop
  endfacet
  facet normal 0 0 1
    outer loop
      vertex 47.2047 -21.2722 3.4
      vertex 47.0174 -21.8948 3.4
      vertex 47.0967 -21.9176 3.4
    endloop
  endfacet
  facet normal 0 0 1
    outer loop
      vertex 47.0165 -21.2513 3.4
      vertex 47.0174 -21.8948 3.4
      vertex 47.1124 -21.26 3.4
    endloop
  endfacet
  facet normal 0 0 1
    outer loop
      vertex 47.0165 -21.2513 3.4
      vertex 46.9298 -21.8785 3.4
      vertex 47.0174 -21.8948 3.4
    endloop
  endfacet
  facet normal 0 0 1
    outer loop
      vertex 46.9169 -21.2461 3.4
      vertex 46.9298 -21.8785 3.4
      vertex 47.0165 -21.2513 3.4
    endloop
  endfacet
  facet normal 0 0 1
    outer loop
      vertex 46.9169 -21.2461 3.4
      vertex 46.8338 -21.8688 3.4
      vertex 46.9298 -21.8785 3.4
    endloop
  endfacet
  facet normal 0 0 1
    outer loop
      vertex 46.8136 -21.2443 3.4
      vertex 46.8338 -21.8688 3.4
      vertex 46.9169 -21.2461 3.4
    endloop
  endfacet
  facet normal 0 0 1
    outer loop
      vertex 46.8136 -21.2443 3.4
      vertex 46.7295 -21.8655 3.4
      vertex 46.8338 -21.8688 3.4
    endloop
  endfacet
  facet normal 0 0 1
    outer loop
      vertex 46.8136 -21.2443 3.4
      vertex 45.7041 -21.8655 3.4
      vertex 46.7295 -21.8655 3.4
    endloop
  endfacet
  facet normal 0 0 1
    outer loop
      vertex 44.9039 -21.2443 3.4
      vertex 45.7041 -22.9939 3.4
      vertex 45.7041 -21.8655 3.4
    endloop
  endfacet
  facet normal 0 0 1
    outer loop
      vertex 44.9039 -25.0662 3.4
      vertex 45.7041 -22.9939 3.4
      vertex 44.9039 -21.2443 3.4
    endloop
  endfacet
  facet normal -0 0 1
    outer loop
      vertex 44.9039 -21.2443 3.4
      vertex 45.7041 -21.8655 3.4
      vertex 46.8136 -21.2443 3.4
    endloop
  endfacet
  facet normal 0 0 1
    outer loop
      vertex 45.7041 -22.9939 3.4
      vertex 44.9039 -25.0662 3.4
      vertex 45.7041 -23.615 3.4
    endloop
  endfacet
  facet normal 0 0 1
    outer loop
      vertex 45.7041 -23.615 3.4
      vertex 44.9039 -25.0662 3.4
      vertex 45.7041 -25.0662 3.4
    endloop
  endfacet
  facet normal 0 0 1
    outer loop
      vertex 47.8988 -23.2006 3.4
      vertex 47.3515 -22.737 3.4
      vertex 47.8571 -23.2372 3.4
    endloop
  endfacet
  facet normal -0 0 1
    outer loop
      vertex 47.332 -22.7654 3.4
      vertex 47.8571 -23.2372 3.4
      vertex 47.3515 -22.737 3.4
    endloop
  endfacet
  facet normal 0 0 1
    outer loop
      vertex 47.8571 -23.2372 3.4
      vertex 47.332 -22.7654 3.4
      vertex 47.8135 -23.2714 3.4
    endloop
  endfacet
  facet normal -0 0 1
    outer loop
      vertex 47.3104 -22.7924 3.4
      vertex 47.8135 -23.2714 3.4
      vertex 47.332 -22.7654 3.4
    endloop
  endfacet
  facet normal 0 0 1
    outer loop
      vertex 47.8135 -23.2714 3.4
      vertex 47.3104 -22.7924 3.4
      vertex 47.7681 -23.3033 3.4
    endloop
  endfacet
  facet normal 0 0 1
    outer loop
      vertex 47.7681 -23.3033 3.4
      vertex 47.3104 -22.7924 3.4
      vertex 47.7207 -23.3328 3.4
    endloop
  endfacet
  facet normal -0 0 1
    outer loop
      vertex 47.2868 -22.8179 3.4
      vertex 47.7207 -23.3328 3.4
      vertex 47.3104 -22.7924 3.4
    endloop
  endfacet
  facet normal 0 0 1
    outer loop
      vertex 47.7207 -23.3328 3.4
      vertex 47.2868 -22.8179 3.4
      vertex 47.6714 -23.36 3.4
    endloop
  endfacet
  facet normal 0 0 1
    outer loop
      vertex 47.3967 -23.4604 3.4
      vertex 47.5297 -25.0662 3.4
      vertex 48.4302 -25.0662 3.4
    endloop
  endfacet
  facet normal 0 0 1
    outer loop
      vertex 47.6714 -23.36 3.4
      vertex 47.2868 -22.8179 3.4
      vertex 47.6203 -23.3848 3.4
    endloop
  endfacet
  facet normal -0 0 1
    outer loop
      vertex 47.2611 -22.842 3.4
      vertex 47.6203 -23.3848 3.4
      vertex 47.2868 -22.8179 3.4
    endloop
  endfacet
  facet normal 0 0 1
    outer loop
      vertex 47.6203 -23.3848 3.4
      vertex 47.2611 -22.842 3.4
      vertex 47.5672 -23.4073 3.4
    endloop
  endfacet
  facet normal -0 0 1
    outer loop
      vertex 47.2334 -22.8645 3.4
      vertex 47.5672 -23.4073 3.4
      vertex 47.2611 -22.842 3.4
    endloop
  endfacet
  facet normal 0 0 1
    outer loop
      vertex 47.5672 -23.4073 3.4
      vertex 47.2334 -22.8645 3.4
      vertex 47.5123 -23.4273 3.4
    endloop
  endfacet
  facet normal -0 0 1
    outer loop
      vertex 47.2038 -22.8852 3.4
      vertex 47.5123 -23.4273 3.4
      vertex 47.2334 -22.8645 3.4
    endloop
  endfacet
  facet normal 0 0 1
    outer loop
      vertex 47.5123 -23.4273 3.4
      vertex 47.2038 -22.8852 3.4
      vertex 47.4555 -23.4451 3.4
    endloop
  endfacet
  facet normal 0 0 1
    outer loop
      vertex 47.4555 -23.4451 3.4
      vertex 47.2038 -22.8852 3.4
      vertex 47.3967 -23.4604 3.4
    endloop
  endfacet
  facet normal -0 0 1
    outer loop
      vertex 47.1723 -22.904 3.4
      vertex 47.3967 -23.4604 3.4
      vertex 47.2038 -22.8852 3.4
    endloop
  endfacet
  facet normal -0 0 1
    outer loop
      vertex 47.1389 -22.9211 3.4
      vertex 47.3967 -23.4604 3.4
      vertex 47.1723 -22.904 3.4
    endloop
  endfacet
  facet normal -0 0 1
    outer loop
      vertex 47.1035 -22.9364 3.4
      vertex 47.3967 -23.4604 3.4
      vertex 47.1389 -22.9211 3.4
    endloop
  endfacet
  facet normal -0 0 1
    outer loop
      vertex 47.0662 -22.9499 3.4
      vertex 47.3967 -23.4604 3.4
      vertex 47.1035 -22.9364 3.4
    endloop
  endfacet
  facet normal -0 0 1
    outer loop
      vertex 47.027 -22.9616 3.4
      vertex 47.3967 -23.4604 3.4
      vertex 47.0662 -22.9499 3.4
    endloop
  endfacet
  facet normal -0 0 1
    outer loop
      vertex 46.9858 -22.9714 3.4
      vertex 47.3967 -23.4604 3.4
      vertex 47.027 -22.9616 3.4
    endloop
  endfacet
  facet normal -0 0 1
    outer loop
      vertex 46.9427 -22.9795 3.4
      vertex 47.3967 -23.4604 3.4
      vertex 46.9858 -22.9714 3.4
    endloop
  endfacet
  facet normal 0 0 1
    outer loop
      vertex 47.3967 -23.4604 3.4
      vertex 46.9427 -22.9795 3.4
      vertex 46.6427 -23.615 3.4
    endloop
  endfacet
  facet normal 0 0 1
    outer loop
      vertex 46.6427 -23.615 3.4
      vertex 46.9427 -22.9795 3.4
      vertex 46.8978 -22.9858 3.4
    endloop
  endfacet
  facet normal 0 0 1
    outer loop
      vertex 46.6427 -23.615 3.4
      vertex 46.8978 -22.9858 3.4
      vertex 46.8508 -22.9903 3.4
    endloop
  endfacet
  facet normal 0 0 1
    outer loop
      vertex 46.6427 -23.615 3.4
      vertex 46.8508 -22.9903 3.4
      vertex 46.802 -22.993 3.4
    endloop
  endfacet
  facet normal 0 0 1
    outer loop
      vertex 46.6427 -23.615 3.4
      vertex 46.802 -22.993 3.4
      vertex 46.7512 -22.9939 3.4
    endloop
  endfacet
  facet normal 0 0 1
    outer loop
      vertex 47.3967 -23.4604 3.4
      vertex 46.6427 -23.615 3.4
      vertex 47.5297 -25.0662 3.4
    endloop
  endfacet
  facet normal -0 0 1
    outer loop
      vertex 45.7041 -22.9939 3.4
      vertex 46.6427 -23.615 3.4
      vertex 46.7512 -22.9939 3.4
    endloop
  endfacet
  facet normal 0 0 1
    outer loop
      vertex 46.6427 -23.615 3.4
      vertex 45.7041 -22.9939 3.4
      vertex 45.7041 -23.615 3.4
    endloop
  endfacet
  facet normal -0 0 1
    outer loop
      vertex 49.1556 -23.7208 3.4
      vertex 50.2731 -24.2878 3.4
      vertex 50.2731 -23.7208 3.4
    endloop
  endfacet
  facet normal 0 0 1
    outer loop
      vertex 48.5344 -24.2878 3.4
      vertex 49.1556 -23.7208 3.4
      vertex 48.5344 -23.7154 3.4
    endloop
  endfacet
  facet normal 0 0 1
    outer loop
      vertex 49.1556 -23.7208 3.4
      vertex 48.5344 -24.2878 3.4
      vertex 50.2731 -24.2878 3.4
    endloop
  endfacet
  facet normal -0 0 1
    outer loop
      vertex 50.2731 -22.4704 3.4
      vertex 51.0001 -23.7208 3.4
      vertex 51.0001 -21.2443 3.4
    endloop
  endfacet
  facet normal 0 0 1
    outer loop
      vertex 50.2731 -23.7208 3.4
      vertex 51.0001 -23.7208 3.4
      vertex 50.2731 -22.4704 3.4
    endloop
  endfacet
  facet normal 0 0 1
    outer loop
      vertex 50.2967 -21.9416 3.4
      vertex 51.0001 -21.2443 3.4
      vertex 50.2975 -21.9333 3.4
    endloop
  endfacet
  facet normal 0 0 1
    outer loop
      vertex 50.1484 -21.2443 3.4
      vertex 50.286 -21.9575 3.4
      vertex 50.2975 -21.9333 3.4
    endloop
  endfacet
  facet normal 0 0 1
    outer loop
      vertex 50.286 -21.9575 3.4
      vertex 50.1484 -21.2443 3.4
      vertex 50.2731 -21.9833 3.4
    endloop
  endfacet
  facet normal 0 0 1
    outer loop
      vertex 50.2731 -21.9833 3.4
      vertex 50.1484 -21.2443 3.4
      vertex 50.2589 -22.0107 3.4
    endloop
  endfacet
  facet normal 0 0 1
    outer loop
      vertex 50.2589 -22.0107 3.4
      vertex 50.1484 -21.2443 3.4
      vertex 50.2434 -22.0396 3.4
    endloop
  endfacet
  facet normal 0 0 1
    outer loop
      vertex 50.2434 -22.0396 3.4
      vertex 50.1484 -21.2443 3.4
      vertex 50.2264 -22.0702 3.4
    endloop
  endfacet
  facet normal 0 0 1
    outer loop
      vertex 50.2264 -22.0702 3.4
      vertex 50.1484 -21.2443 3.4
      vertex 50.2082 -22.1024 3.4
    endloop
  endfacet
  facet normal 0 0 1
    outer loop
      vertex 50.2082 -22.1024 3.4
      vertex 50.1484 -21.2443 3.4
      vertex 50.1886 -22.1362 3.4
    endloop
  endfacet
  facet normal -0 0 1
    outer loop
      vertex 50.1484 -21.2443 3.4
      vertex 50.2975 -21.9333 3.4
      vertex 51.0001 -21.2443 3.4
    endloop
  endfacet
  facet normal 0 0 1
    outer loop
      vertex 50.1886 -22.1362 3.4
      vertex 50.1484 -21.2443 3.4
      vertex 50.1676 -22.1716 3.4
    endloop
  endfacet
  facet normal 0 0 1
    outer loop
      vertex 50.1484 -21.2443 3.4
      vertex 50.1453 -22.2086 3.4
      vertex 50.1676 -22.1716 3.4
    endloop
  endfacet
  facet normal 0 0 1
    outer loop
      vertex 50.1484 -21.2443 3.4
      vertex 50.1216 -22.2473 3.4
      vertex 50.1453 -22.2086 3.4
    endloop
  endfacet
  facet normal 0 0 1
    outer loop
      vertex 50.1484 -21.2443 3.4
      vertex 50.0966 -22.2875 3.4
      vertex 50.1216 -22.2473 3.4
    endloop
  endfacet
  facet normal 0 0 1
    outer loop
      vertex 50.1484 -21.2443 3.4
      vertex 50.0703 -22.3293 3.4
      vertex 50.0966 -22.2875 3.4
    endloop
  endfacet
  facet normal 0 0 1
    outer loop
      vertex 50.1484 -21.2443 3.4
      vertex 50.0426 -22.3727 3.4
      vertex 50.0703 -22.3293 3.4
    endloop
  endfacet
  facet normal 0 0 1
    outer loop
      vertex 48.5344 -23.7154 3.4
      vertex 50.0426 -22.3727 3.4
      vertex 50.1484 -21.2443 3.4
    endloop
  endfacet
  facet normal 0 0 1
    outer loop
      vertex 50.0426 -22.3727 3.4
      vertex 48.5344 -23.7154 3.4
      vertex 49.1556 -23.7208 3.4
    endloop
  endfacet
  facet normal -0 0 1
    outer loop
      vertex 51.0001 -23.7208 3.4
      vertex 51.5101 -24.2878 3.4
      vertex 51.5101 -23.7208 3.4
    endloop
  endfacet
  facet normal 0 0 1
    outer loop
      vertex 51.5101 -24.2878 3.4
      vertex 51.0001 -23.7208 3.4
      vertex 51.0001 -24.2878 3.4
    endloop
  endfacet
  facet normal 0 0 1
    outer loop
      vertex 50.2958 -21.9512 3.4
      vertex 51.0001 -21.2443 3.4
      vertex 50.2967 -21.9416 3.4
    endloop
  endfacet
  facet normal 0 0 1
    outer loop
      vertex 50.2948 -21.9624 3.4
      vertex 51.0001 -21.2443 3.4
      vertex 50.2958 -21.9512 3.4
    endloop
  endfacet
  facet normal 0 0 1
    outer loop
      vertex 50.2938 -21.9749 3.4
      vertex 51.0001 -21.2443 3.4
      vertex 50.2948 -21.9624 3.4
    endloop
  endfacet
  facet normal 0 0 1
    outer loop
      vertex 50.2928 -21.9889 3.4
      vertex 51.0001 -21.2443 3.4
      vertex 50.2938 -21.9749 3.4
    endloop
  endfacet
  facet normal 0 0 1
    outer loop
      vertex 50.2905 -22.0213 3.4
      vertex 51.0001 -21.2443 3.4
      vertex 50.2928 -21.9889 3.4
    endloop
  endfacet
  facet normal 0 0 1
    outer loop
      vertex 50.2881 -22.0594 3.4
      vertex 51.0001 -21.2443 3.4
      vertex 50.2905 -22.0213 3.4
    endloop
  endfacet
  facet normal 0 0 1
    outer loop
      vertex 50.2855 -22.1034 3.4
      vertex 51.0001 -21.2443 3.4
      vertex 50.2881 -22.0594 3.4
    endloop
  endfacet
  facet normal 0 0 1
    outer loop
      vertex 50.2841 -22.1275 3.4
      vertex 51.0001 -21.2443 3.4
      vertex 50.2855 -22.1034 3.4
    endloop
  endfacet
  facet normal 0 0 1
    outer loop
      vertex 50.2826 -22.1531 3.4
      vertex 51.0001 -21.2443 3.4
      vertex 50.2841 -22.1275 3.4
    endloop
  endfacet
  facet normal 0 0 1
    outer loop
      vertex 50.2812 -22.1792 3.4
      vertex 51.0001 -21.2443 3.4
      vertex 50.2826 -22.1531 3.4
    endloop
  endfacet
  facet normal 0 0 1
    outer loop
      vertex 50.2799 -22.2051 3.4
      vertex 51.0001 -21.2443 3.4
      vertex 50.2812 -22.1792 3.4
    endloop
  endfacet
  facet normal 0 0 1
    outer loop
      vertex 50.2787 -22.2306 3.4
      vertex 51.0001 -21.2443 3.4
      vertex 50.2799 -22.2051 3.4
    endloop
  endfacet
  facet normal 0 0 1
    outer loop
      vertex 50.2777 -22.2559 3.4
      vertex 51.0001 -21.2443 3.4
      vertex 50.2787 -22.2306 3.4
    endloop
  endfacet
  facet normal 0 0 1
    outer loop
      vertex 50.2767 -22.2809 3.4
      vertex 51.0001 -21.2443 3.4
      vertex 50.2777 -22.2559 3.4
    endloop
  endfacet
  facet normal 0 0 1
    outer loop
      vertex 50.2759 -22.3056 3.4
      vertex 51.0001 -21.2443 3.4
      vertex 50.2767 -22.2809 3.4
    endloop
  endfacet
  facet normal 0 0 1
    outer loop
      vertex 50.2752 -22.33 3.4
      vertex 51.0001 -21.2443 3.4
      vertex 50.2759 -22.3056 3.4
    endloop
  endfacet
  facet normal 0 0 1
    outer loop
      vertex 50.2746 -22.3541 3.4
      vertex 51.0001 -21.2443 3.4
      vertex 50.2752 -22.33 3.4
    endloop
  endfacet
  facet normal 0 0 1
    outer loop
      vertex 50.274 -22.3779 3.4
      vertex 51.0001 -21.2443 3.4
      vertex 50.2746 -22.3541 3.4
    endloop
  endfacet
  facet normal 0 0 1
    outer loop
      vertex 50.2737 -22.4015 3.4
      vertex 51.0001 -21.2443 3.4
      vertex 50.274 -22.3779 3.4
    endloop
  endfacet
  facet normal 0 0 1
    outer loop
      vertex 50.2734 -22.4247 3.4
      vertex 51.0001 -21.2443 3.4
      vertex 50.2737 -22.4015 3.4
    endloop
  endfacet
  facet normal 0 0 1
    outer loop
      vertex 50.2732 -22.4477 3.4
      vertex 51.0001 -21.2443 3.4
      vertex 50.2734 -22.4247 3.4
    endloop
  endfacet
  facet normal 0 0 1
    outer loop
      vertex 50.2731 -22.4704 3.4
      vertex 51.0001 -21.2443 3.4
      vertex 50.2732 -22.4477 3.4
    endloop
  endfacet
  facet normal 0 0 1
    outer loop
      vertex 51.0001 -23.7208 3.4
      vertex 50.2731 -23.7208 3.4
      vertex 51.0001 -24.2878 3.4
    endloop
  endfacet
  facet normal 0 0 1
    outer loop
      vertex 50.2731 -24.2878 3.4
      vertex 51.0001 -24.2878 3.4
      vertex 50.2731 -23.7208 3.4
    endloop
  endfacet
  facet normal 0 0 1
    outer loop
      vertex 51.0001 -24.2878 3.4
      vertex 50.2731 -24.2878 3.4
      vertex 51.0001 -25.0662 3.4
    endloop
  endfacet
  facet normal 0 0 1
    outer loop
      vertex 51.0001 -25.0662 3.4
      vertex 50.2731 -24.2878 3.4
      vertex 50.2731 -25.0662 3.4
    endloop
  endfacet
  facet normal 0 1 -0
    outer loop
      vertex 46.6427 -23.615 3.4
      vertex 45.7041 -23.615 4
      vertex 46.6427 -23.615 4
    endloop
  endfacet
  facet normal 0 1 0
    outer loop
      vertex 45.7041 -23.615 4
      vertex 46.6427 -23.615 3.4
      vertex 45.7041 -23.615 3.4
    endloop
  endfacet
  facet normal 0.853241 0.521517 0
    outer loop
      vertex 47.5297 -25.0662 4
      vertex 46.6427 -23.615 3.4
      vertex 46.6427 -23.615 4
    endloop
  endfacet
  facet normal 0.853241 0.521517 0
    outer loop
      vertex 46.6427 -23.615 3.4
      vertex 47.5297 -25.0662 4
      vertex 47.5297 -25.0662 3.4
    endloop
  endfacet
  facet normal 0 1 -0
    outer loop
      vertex 48.4302 -25.0662 3.4
      vertex 47.5297 -25.0662 4
      vertex 48.4302 -25.0662 4
    endloop
  endfacet
  facet normal 0 1 0
    outer loop
      vertex 47.5297 -25.0662 4
      vertex 48.4302 -25.0662 3.4
      vertex 47.5297 -25.0662 3.4
    endloop
  endfacet
  facet normal -0.840893 -0.541202 0
    outer loop
      vertex 48.4302 -25.0662 3.4
      vertex 47.3967 -23.4604 4
      vertex 47.3967 -23.4604 3.4
    endloop
  endfacet
  facet normal -0.840893 -0.541202 0
    outer loop
      vertex 47.3967 -23.4604 4
      vertex 48.4302 -25.0662 3.4
      vertex 48.4302 -25.0662 4
    endloop
  endfacet
  facet normal -0.251819 0.967774 0
    outer loop
      vertex 47.4555 -23.4451 3.4
      vertex 47.3967 -23.4604 4
      vertex 47.4555 -23.4451 4
    endloop
  endfacet
  facet normal -0.251819 0.967774 0
    outer loop
      vertex 47.3967 -23.4604 4
      vertex 47.4555 -23.4451 3.4
      vertex 47.3967 -23.4604 3.4
    endloop
  endfacet
  facet normal -0.29904 0.954241 0
    outer loop
      vertex 47.5123 -23.4273 3.4
      vertex 47.4555 -23.4451 4
      vertex 47.5123 -23.4273 4
    endloop
  endfacet
  facet normal -0.29904 0.954241 0
    outer loop
      vertex 47.4555 -23.4451 4
      vertex 47.5123 -23.4273 3.4
      vertex 47.4555 -23.4451 3.4
    endloop
  endfacet
  facet normal -0.342293 0.939593 0
    outer loop
      vertex 47.5672 -23.4073 3.4
      vertex 47.5123 -23.4273 4
      vertex 47.5672 -23.4073 4
    endloop
  endfacet
  facet normal -0.342293 0.939593 0
    outer loop
      vertex 47.5123 -23.4273 4
      vertex 47.5672 -23.4073 3.4
      vertex 47.5123 -23.4273 3.4
    endloop
  endfacet
  facet normal -0.390149 0.920752 0
    outer loop
      vertex 47.6203 -23.3848 3.4
      vertex 47.5672 -23.4073 4
      vertex 47.6203 -23.3848 4
    endloop
  endfacet
  facet normal -0.390149 0.920752 0
    outer loop
      vertex 47.5672 -23.4073 4
      vertex 47.6203 -23.3848 3.4
      vertex 47.5672 -23.4073 3.4
    endloop
  endfacet
  facet normal -0.436619 0.899646 0
    outer loop
      vertex 47.6714 -23.36 3.4
      vertex 47.6203 -23.3848 4
      vertex 47.6714 -23.36 4
    endloop
  endfacet
  facet normal -0.436619 0.899646 0
    outer loop
      vertex 47.6203 -23.3848 4
      vertex 47.6714 -23.36 3.4
      vertex 47.6203 -23.3848 3.4
    endloop
  endfacet
  facet normal -0.483077 0.875578 0
    outer loop
      vertex 47.7207 -23.3328 3.4
      vertex 47.6714 -23.36 4
      vertex 47.7207 -23.3328 4
    endloop
  endfacet
  facet normal -0.483077 0.875578 0
    outer loop
      vertex 47.6714 -23.36 4
      vertex 47.7207 -23.3328 3.4
      vertex 47.6714 -23.36 3.4
    endloop
  endfacet
  facet normal -0.528388 0.849003 0
    outer loop
      vertex 47.7681 -23.3033 3.4
      vertex 47.7207 -23.3328 4
      vertex 47.7681 -23.3033 4
    endloop
  endfacet
  facet normal -0.528388 0.849003 0
    outer loop
      vertex 47.7207 -23.3328 4
      vertex 47.7681 -23.3033 3.4
      vertex 47.7207 -23.3328 3.4
    endloop
  endfacet
  facet normal -0.574913 0.818215 0
    outer loop
      vertex 47.8135 -23.2714 3.4
      vertex 47.7681 -23.3033 4
      vertex 47.8135 -23.2714 4
    endloop
  endfacet
  facet normal -0.574913 0.818215 0
    outer loop
      vertex 47.7681 -23.3033 4
      vertex 47.8135 -23.2714 3.4
      vertex 47.7681 -23.3033 3.4
    endloop
  endfacet
  facet normal -0.617184 0.786819 0
    outer loop
      vertex 47.8571 -23.2372 3.4
      vertex 47.8135 -23.2714 4
      vertex 47.8571 -23.2372 4
    endloop
  endfacet
  facet normal -0.617184 0.786819 0
    outer loop
      vertex 47.8135 -23.2714 4
      vertex 47.8571 -23.2372 3.4
      vertex 47.8135 -23.2714 3.4
    endloop
  endfacet
  facet normal -0.659652 0.751571 0
    outer loop
      vertex 47.8988 -23.2006 3.4
      vertex 47.8571 -23.2372 4
      vertex 47.8988 -23.2006 4
    endloop
  endfacet
  facet normal -0.659652 0.751571 0
    outer loop
      vertex 47.8571 -23.2372 4
      vertex 47.8988 -23.2006 3.4
      vertex 47.8571 -23.2372 3.4
    endloop
  endfacet
  facet normal -0.698975 0.715146 0
    outer loop
      vertex 47.9386 -23.1617 3.4
      vertex 47.8988 -23.2006 4
      vertex 47.9386 -23.1617 4
    endloop
  endfacet
  facet normal -0.698975 0.715146 0
    outer loop
      vertex 47.8988 -23.2006 4
      vertex 47.9386 -23.1617 3.4
      vertex 47.8988 -23.2006 3.4
    endloop
  endfacet
  facet normal -0.737598 0.67524 0
    outer loop
      vertex 47.9386 -23.1617 3.4
      vertex 47.9765 -23.1203 4
      vertex 47.9765 -23.1203 3.4
    endloop
  endfacet
  facet normal -0.737598 0.67524 0
    outer loop
      vertex 47.9765 -23.1203 4
      vertex 47.9386 -23.1617 3.4
      vertex 47.9386 -23.1617 4
    endloop
  endfacet
  facet normal -0.771113 0.636699 0
    outer loop
      vertex 47.9765 -23.1203 3.4
      vertex 48.0125 -23.0767 4
      vertex 48.0125 -23.0767 3.4
    endloop
  endfacet
  facet normal -0.771113 0.636699 0
    outer loop
      vertex 48.0125 -23.0767 4
      vertex 47.9765 -23.1203 3.4
      vertex 47.9765 -23.1203 4
    endloop
  endfacet
  facet normal -0.804213 0.594341 0
    outer loop
      vertex 48.0125 -23.0767 3.4
      vertex 48.0462 -23.0311 4
      vertex 48.0462 -23.0311 3.4
    endloop
  endfacet
  facet normal -0.804213 0.594341 0
    outer loop
      vertex 48.0462 -23.0311 4
      vertex 48.0125 -23.0767 3.4
      vertex 48.0125 -23.0767 4
    endloop
  endfacet
  facet normal -0.833691 0.552231 0
    outer loop
      vertex 48.0462 -23.0311 3.4
      vertex 48.0772 -22.9843 4
      vertex 48.0772 -22.9843 3.4
    endloop
  endfacet
  facet normal -0.833691 0.552231 0
    outer loop
      vertex 48.0772 -22.9843 4
      vertex 48.0462 -23.0311 3.4
      vertex 48.0462 -23.0311 4
    endloop
  endfacet
  facet normal -0.861888 0.507098 0
    outer loop
      vertex 48.0772 -22.9843 3.4
      vertex 48.1055 -22.9362 4
      vertex 48.1055 -22.9362 3.4
    endloop
  endfacet
  facet normal -0.861888 0.507098 0
    outer loop
      vertex 48.1055 -22.9362 4
      vertex 48.0772 -22.9843 3.4
      vertex 48.0772 -22.9843 4
    endloop
  endfacet
  facet normal -0.887863 0.460107 0
    outer loop
      vertex 48.1055 -22.9362 3.4
      vertex 48.1311 -22.8868 4
      vertex 48.1311 -22.8868 3.4
    endloop
  endfacet
  facet normal -0.887863 0.460107 0
    outer loop
      vertex 48.1311 -22.8868 4
      vertex 48.1055 -22.9362 3.4
      vertex 48.1055 -22.9362 4
    endloop
  endfacet
  facet normal -0.911349 0.411635 0
    outer loop
      vertex 48.1311 -22.8868 3.4
      vertex 48.154 -22.8361 4
      vertex 48.154 -22.8361 3.4
    endloop
  endfacet
  facet normal -0.911349 0.411635 0
    outer loop
      vertex 48.154 -22.8361 4
      vertex 48.1311 -22.8868 3.4
      vertex 48.1311 -22.8868 4
    endloop
  endfacet
  facet normal -0.931533 0.363656 0
    outer loop
      vertex 48.154 -22.8361 3.4
      vertex 48.1743 -22.7841 4
      vertex 48.1743 -22.7841 3.4
    endloop
  endfacet
  facet normal -0.931533 0.363656 0
    outer loop
      vertex 48.1743 -22.7841 4
      vertex 48.154 -22.8361 3.4
      vertex 48.154 -22.8361 4
    endloop
  endfacet
  facet normal -0.9501 0.311946 0
    outer loop
      vertex 48.1743 -22.7841 3.4
      vertex 48.1918 -22.7308 4
      vertex 48.1918 -22.7308 3.4
    endloop
  endfacet
  facet normal -0.9501 0.311946 0
    outer loop
      vertex 48.1918 -22.7308 4
      vertex 48.1743 -22.7841 3.4
      vertex 48.1743 -22.7841 4
    endloop
  endfacet
  facet normal -0.965171 0.261621 0
    outer loop
      vertex 48.1918 -22.7308 3.4
      vertex 48.2066 -22.6762 4
      vertex 48.2066 -22.6762 3.4
    endloop
  endfacet
  facet normal -0.965171 0.261621 0
    outer loop
      vertex 48.2066 -22.6762 4
      vertex 48.1918 -22.7308 3.4
      vertex 48.1918 -22.7308 4
    endloop
  endfacet
  facet normal -0.977082 0.212864 0
    outer loop
      vertex 48.2066 -22.6762 3.4
      vertex 48.2188 -22.6202 4
      vertex 48.2188 -22.6202 3.4
    endloop
  endfacet
  facet normal -0.977082 0.212864 0
    outer loop
      vertex 48.2188 -22.6202 4
      vertex 48.2066 -22.6762 3.4
      vertex 48.2066 -22.6762 4
    endloop
  endfacet
  facet normal -0.986764 0.162161 0
    outer loop
      vertex 48.2188 -22.6202 3.4
      vertex 48.2282 -22.563 4
      vertex 48.2282 -22.563 3.4
    endloop
  endfacet
  facet normal -0.986764 0.162161 0
    outer loop
      vertex 48.2282 -22.563 4
      vertex 48.2188 -22.6202 3.4
      vertex 48.2188 -22.6202 4
    endloop
  endfacet
  facet normal -0.993505 0.113786 0
    outer loop
      vertex 48.2282 -22.563 3.4
      vertex 48.2349 -22.5045 4
      vertex 48.2349 -22.5045 3.4
    endloop
  endfacet
  facet normal -0.993505 0.113786 0
    outer loop
      vertex 48.2349 -22.5045 4
      vertex 48.2282 -22.563 3.4
      vertex 48.2282 -22.563 4
    endloop
  endfacet
  facet normal -0.997658 0.0684013 0
    outer loop
      vertex 48.2349 -22.5045 3.4
      vertex 48.239 -22.4447 4
      vertex 48.239 -22.4447 3.4
    endloop
  endfacet
  facet normal -0.997658 0.0684013 0
    outer loop
      vertex 48.239 -22.4447 4
      vertex 48.2349 -22.5045 3.4
      vertex 48.2349 -22.5045 4
    endloop
  endfacet
  facet normal -0.999774 0.0212718 0
    outer loop
      vertex 48.239 -22.4447 3.4
      vertex 48.2403 -22.3836 4
      vertex 48.2403 -22.3836 3.4
    endloop
  endfacet
  facet normal -0.999774 0.0212718 0
    outer loop
      vertex 48.2403 -22.3836 4
      vertex 48.239 -22.4447 3.4
      vertex 48.239 -22.4447 4
    endloop
  endfacet
  facet normal -0.999651 -0.0264331 0
    outer loop
      vertex 48.2403 -22.3836 3.4
      vertex 48.2381 -22.3004 4
      vertex 48.2381 -22.3004 3.4
    endloop
  endfacet
  facet normal -0.999651 -0.0264331 0
    outer loop
      vertex 48.2381 -22.3004 4
      vertex 48.2403 -22.3836 3.4
      vertex 48.2403 -22.3836 4
    endloop
  endfacet
  facet normal -0.996631 -0.082017 0
    outer loop
      vertex 48.2381 -22.3004 3.4
      vertex 48.2315 -22.2202 4
      vertex 48.2315 -22.2202 3.4
    endloop
  endfacet
  facet normal -0.996631 -0.082017 0
    outer loop
      vertex 48.2315 -22.2202 4
      vertex 48.2381 -22.3004 3.4
      vertex 48.2381 -22.3004 4
    endloop
  endfacet
  facet normal -0.990154 -0.139983 0
    outer loop
      vertex 48.2315 -22.2202 3.4
      vertex 48.2206 -22.1431 4
      vertex 48.2206 -22.1431 3.4
    endloop
  endfacet
  facet normal -0.990154 -0.139983 0
    outer loop
      vertex 48.2206 -22.1431 4
      vertex 48.2315 -22.2202 3.4
      vertex 48.2315 -22.2202 4
    endloop
  endfacet
  facet normal -0.979079 -0.203479 0
    outer loop
      vertex 48.2206 -22.1431 3.4
      vertex 48.2052 -22.069 4
      vertex 48.2052 -22.069 3.4
    endloop
  endfacet
  facet normal -0.979079 -0.203479 0
    outer loop
      vertex 48.2052 -22.069 4
      vertex 48.2206 -22.1431 3.4
      vertex 48.2206 -22.1431 4
    endloop
  endfacet
  facet normal -0.963343 -0.268273 0
    outer loop
      vertex 48.2052 -22.069 3.4
      vertex 48.1854 -21.9979 4
      vertex 48.1854 -21.9979 3.4
    endloop
  endfacet
  facet normal -0.963343 -0.268273 0
    outer loop
      vertex 48.1854 -21.9979 4
      vertex 48.2052 -22.069 3.4
      vertex 48.2052 -22.069 4
    endloop
  endfacet
  facet normal -0.942117 -0.335283 0
    outer loop
      vertex 48.1854 -21.9979 3.4
      vertex 48.1612 -21.9299 4
      vertex 48.1612 -21.9299 3.4
    endloop
  endfacet
  facet normal -0.942117 -0.335283 0
    outer loop
      vertex 48.1612 -21.9299 4
      vertex 48.1854 -21.9979 3.4
      vertex 48.1854 -21.9979 4
    endloop
  endfacet
  facet normal -0.915315 -0.402739 0
    outer loop
      vertex 48.1612 -21.9299 3.4
      vertex 48.1326 -21.8649 4
      vertex 48.1326 -21.8649 3.4
    endloop
  endfacet
  facet normal -0.915315 -0.402739 0
    outer loop
      vertex 48.1326 -21.8649 4
      vertex 48.1612 -21.9299 3.4
      vertex 48.1612 -21.9299 4
    endloop
  endfacet
  facet normal -0.882432 -0.47044 0
    outer loop
      vertex 48.1326 -21.8649 3.4
      vertex 48.0996 -21.803 4
      vertex 48.0996 -21.803 3.4
    endloop
  endfacet
  facet normal -0.882432 -0.47044 0
    outer loop
      vertex 48.0996 -21.803 4
      vertex 48.1326 -21.8649 3.4
      vertex 48.1326 -21.8649 4
    endloop
  endfacet
  facet normal -0.844603 -0.535393 0
    outer loop
      vertex 48.0996 -21.803 3.4
      vertex 48.0622 -21.744 4
      vertex 48.0622 -21.744 3.4
    endloop
  endfacet
  facet normal -0.844603 -0.535393 0
    outer loop
      vertex 48.0622 -21.744 4
      vertex 48.0996 -21.803 3.4
      vertex 48.0996 -21.803 4
    endloop
  endfacet
  facet normal -0.800859 -0.598853 0
    outer loop
      vertex 48.0622 -21.744 3.4
      vertex 48.0204 -21.6881 4
      vertex 48.0204 -21.6881 3.4
    endloop
  endfacet
  facet normal -0.800859 -0.598853 0
    outer loop
      vertex 48.0204 -21.6881 4
      vertex 48.0622 -21.744 3.4
      vertex 48.0622 -21.744 4
    endloop
  endfacet
  facet normal -0.753283 -0.657696 0
    outer loop
      vertex 48.0204 -21.6881 3.4
      vertex 47.9743 -21.6353 4
      vertex 47.9743 -21.6353 3.4
    endloop
  endfacet
  facet normal -0.753283 -0.657696 0
    outer loop
      vertex 47.9743 -21.6353 4
      vertex 48.0204 -21.6881 3.4
      vertex 48.0204 -21.6881 4
    endloop
  endfacet
  facet normal -0.70145 -0.712718 0
    outer loop
      vertex 47.9237 -21.5855 3.4
      vertex 47.9743 -21.6353 4
      vertex 47.9237 -21.5855 4
    endloop
  endfacet
  facet normal -0.70145 -0.712718 -0
    outer loop
      vertex 47.9743 -21.6353 4
      vertex 47.9237 -21.5855 3.4
      vertex 47.9743 -21.6353 3.4
    endloop
  endfacet
  facet normal -0.64805 -0.761598 0
    outer loop
      vertex 47.8687 -21.5387 3.4
      vertex 47.9237 -21.5855 4
      vertex 47.8687 -21.5387 4
    endloop
  endfacet
  facet normal -0.64805 -0.761598 -0
    outer loop
      vertex 47.9237 -21.5855 4
      vertex 47.8687 -21.5387 3.4
      vertex 47.9237 -21.5855 3.4
    endloop
  endfacet
  facet normal -0.594314 -0.804233 0
    outer loop
      vertex 47.8097 -21.4951 3.4
      vertex 47.8687 -21.5387 4
      vertex 47.8097 -21.4951 4
    endloop
  endfacet
  facet normal -0.594314 -0.804233 -0
    outer loop
      vertex 47.8687 -21.5387 4
      vertex 47.8097 -21.4951 3.4
      vertex 47.8687 -21.5387 3.4
    endloop
  endfacet
  facet normal -0.537832 -0.843052 0
    outer loop
      vertex 47.747 -21.4551 3.4
      vertex 47.8097 -21.4951 4
      vertex 47.747 -21.4551 4
    endloop
  endfacet
  facet normal -0.537832 -0.843052 -0
    outer loop
      vertex 47.8097 -21.4951 4
      vertex 47.747 -21.4551 3.4
      vertex 47.8097 -21.4951 3.4
    endloop
  endfacet
  facet normal -0.482729 -0.87577 0
    outer loop
      vertex 47.6806 -21.4185 3.4
      vertex 47.747 -21.4551 4
      vertex 47.6806 -21.4185 4
    endloop
  endfacet
  facet normal -0.482729 -0.87577 -0
    outer loop
      vertex 47.747 -21.4551 4
      vertex 47.6806 -21.4185 3.4
      vertex 47.747 -21.4551 3.4
    endloop
  endfacet
  facet normal -0.426977 -0.904262 0
    outer loop
      vertex 47.6105 -21.3854 3.4
      vertex 47.6806 -21.4185 4
      vertex 47.6105 -21.3854 4
    endloop
  endfacet
  facet normal -0.426977 -0.904262 -0
    outer loop
      vertex 47.6806 -21.4185 4
      vertex 47.6105 -21.3854 3.4
      vertex 47.6806 -21.4185 3.4
    endloop
  endfacet
  facet normal -0.372258 -0.928129 0
    outer loop
      vertex 47.5367 -21.3558 3.4
      vertex 47.6105 -21.3854 4
      vertex 47.5367 -21.3558 4
    endloop
  endfacet
  facet normal -0.372258 -0.928129 -0
    outer loop
      vertex 47.6105 -21.3854 4
      vertex 47.5367 -21.3558 3.4
      vertex 47.6105 -21.3854 3.4
    endloop
  endfacet
  facet normal -0.319161 -0.9477 0
    outer loop
      vertex 47.4592 -21.3297 3.4
      vertex 47.5367 -21.3558 4
      vertex 47.4592 -21.3297 4
    endloop
  endfacet
  facet normal -0.319161 -0.9477 -0
    outer loop
      vertex 47.5367 -21.3558 4
      vertex 47.4592 -21.3297 3.4
      vertex 47.5367 -21.3558 3.4
    endloop
  endfacet
  facet normal -0.269542 -0.962989 0
    outer loop
      vertex 47.3781 -21.307 3.4
      vertex 47.4592 -21.3297 4
      vertex 47.3781 -21.307 4
    endloop
  endfacet
  facet normal -0.269542 -0.962989 -0
    outer loop
      vertex 47.4592 -21.3297 4
      vertex 47.3781 -21.307 3.4
      vertex 47.4592 -21.3297 3.4
    endloop
  endfacet
  facet normal -0.219485 -0.975616 0
    outer loop
      vertex 47.2932 -21.2879 3.4
      vertex 47.3781 -21.307 4
      vertex 47.2932 -21.2879 4
    endloop
  endfacet
  facet normal -0.219485 -0.975616 -0
    outer loop
      vertex 47.3781 -21.307 4
      vertex 47.2932 -21.2879 3.4
      vertex 47.3781 -21.307 3.4
    endloop
  endfacet
  facet normal -0.174674 -0.984626 0
    outer loop
      vertex 47.2047 -21.2722 3.4
      vertex 47.2932 -21.2879 4
      vertex 47.2047 -21.2722 4
    endloop
  endfacet
  facet normal -0.174674 -0.984626 -0
    outer loop
      vertex 47.2932 -21.2879 4
      vertex 47.2047 -21.2722 3.4
      vertex 47.2932 -21.2879 3.4
    endloop
  endfacet
  facet normal -0.131038 -0.991377 0
    outer loop
      vertex 47.1124 -21.26 3.4
      vertex 47.2047 -21.2722 4
      vertex 47.1124 -21.26 4
    endloop
  endfacet
  facet normal -0.131038 -0.991377 -0
    outer loop
      vertex 47.2047 -21.2722 4
      vertex 47.1124 -21.26 3.4
      vertex 47.2047 -21.2722 3.4
    endloop
  endfacet
  facet normal -0.0903485 -0.99591 0
    outer loop
      vertex 47.0165 -21.2513 3.4
      vertex 47.1124 -21.26 4
      vertex 47.0165 -21.2513 4
    endloop
  endfacet
  facet normal -0.0903485 -0.99591 -0
    outer loop
      vertex 47.1124 -21.26 4
      vertex 47.0165 -21.2513 3.4
      vertex 47.1124 -21.26 3.4
    endloop
  endfacet
  facet normal -0.0521378 -0.99864 0
    outer loop
      vertex 46.9169 -21.2461 3.4
      vertex 47.0165 -21.2513 4
      vertex 46.9169 -21.2461 4
    endloop
  endfacet
  facet normal -0.0521378 -0.99864 -0
    outer loop
      vertex 47.0165 -21.2513 4
      vertex 46.9169 -21.2461 3.4
      vertex 47.0165 -21.2513 3.4
    endloop
  endfacet
  facet normal -0.0174223 -0.999848 0
    outer loop
      vertex 46.8136 -21.2443 3.4
      vertex 46.9169 -21.2461 4
      vertex 46.8136 -21.2443 4
    endloop
  endfacet
  facet normal -0.0174223 -0.999848 -0
    outer loop
      vertex 46.9169 -21.2461 4
      vertex 46.8136 -21.2443 3.4
      vertex 46.9169 -21.2461 3.4
    endloop
  endfacet
  facet normal 0 -1 0
    outer loop
      vertex 44.9039 -21.2443 3.4
      vertex 46.8136 -21.2443 4
      vertex 44.9039 -21.2443 4
    endloop
  endfacet
  facet normal 0 -1 -0
    outer loop
      vertex 46.8136 -21.2443 4
      vertex 44.9039 -21.2443 3.4
      vertex 46.8136 -21.2443 3.4
    endloop
  endfacet
  facet normal 1 -0 0
    outer loop
      vertex 44.9039 -25.0662 4
      vertex 44.9039 -21.2443 3.4
      vertex 44.9039 -21.2443 4
    endloop
  endfacet
  facet normal 1 0 0
    outer loop
      vertex 44.9039 -21.2443 3.4
      vertex 44.9039 -25.0662 4
      vertex 44.9039 -25.0662 3.4
    endloop
  endfacet
  facet normal 0 1 -0
    outer loop
      vertex 45.7041 -25.0662 3.4
      vertex 44.9039 -25.0662 4
      vertex 45.7041 -25.0662 4
    endloop
  endfacet
  facet normal 0 1 0
    outer loop
      vertex 44.9039 -25.0662 4
      vertex 45.7041 -25.0662 3.4
      vertex 44.9039 -25.0662 3.4
    endloop
  endfacet
  facet normal -1 0 0
    outer loop
      vertex 45.7041 -25.0662 3.4
      vertex 45.7041 -23.615 4
      vertex 45.7041 -23.615 3.4
    endloop
  endfacet
  facet normal -1 -0 0
    outer loop
      vertex 45.7041 -23.615 4
      vertex 45.7041 -25.0662 3.4
      vertex 45.7041 -25.0662 4
    endloop
  endfacet
  facet normal -1 0 0
    outer loop
      vertex 45.7041 -22.9939 3.4
      vertex 45.7041 -21.8655 4
      vertex 45.7041 -21.8655 3.4
    endloop
  endfacet
  facet normal -1 -0 0
    outer loop
      vertex 45.7041 -21.8655 4
      vertex 45.7041 -22.9939 3.4
      vertex 45.7041 -22.9939 4
    endloop
  endfacet
  facet normal 0 1 -0
    outer loop
      vertex 46.7295 -21.8655 3.4
      vertex 45.7041 -21.8655 4
      vertex 46.7295 -21.8655 4
    endloop
  endfacet
  facet normal 0 1 0
    outer loop
      vertex 45.7041 -21.8655 4
      vertex 46.7295 -21.8655 3.4
      vertex 45.7041 -21.8655 3.4
    endloop
  endfacet
  facet normal 0.0316237 0.9995 -0
    outer loop
      vertex 46.8338 -21.8688 3.4
      vertex 46.7295 -21.8655 4
      vertex 46.8338 -21.8688 4
    endloop
  endfacet
  facet normal 0.0316237 0.9995 0
    outer loop
      vertex 46.7295 -21.8655 4
      vertex 46.8338 -21.8688 3.4
      vertex 46.7295 -21.8655 3.4
    endloop
  endfacet
  facet normal 0.10053 0.994934 -0
    outer loop
      vertex 46.9298 -21.8785 3.4
      vertex 46.8338 -21.8688 4
      vertex 46.9298 -21.8785 4
    endloop
  endfacet
  facet normal 0.10053 0.994934 0
    outer loop
      vertex 46.8338 -21.8688 4
      vertex 46.9298 -21.8785 3.4
      vertex 46.8338 -21.8688 3.4
    endloop
  endfacet
  facet normal 0.182933 0.983125 -0
    outer loop
      vertex 47.0174 -21.8948 3.4
      vertex 46.9298 -21.8785 4
      vertex 47.0174 -21.8948 4
    endloop
  endfacet
  facet normal 0.182933 0.983125 0
    outer loop
      vertex 46.9298 -21.8785 4
      vertex 47.0174 -21.8948 3.4
      vertex 46.9298 -21.8785 3.4
    endloop
  endfacet
  facet normal 0.276321 0.961065 -0
    outer loop
      vertex 47.0967 -21.9176 3.4
      vertex 47.0174 -21.8948 4
      vertex 47.0967 -21.9176 4
    endloop
  endfacet
  facet normal 0.276321 0.961065 0
    outer loop
      vertex 47.0174 -21.8948 4
      vertex 47.0967 -21.9176 3.4
      vertex 47.0174 -21.8948 3.4
    endloop
  endfacet
  facet normal 0.38193 0.924191 -0
    outer loop
      vertex 47.1676 -21.9469 3.4
      vertex 47.0967 -21.9176 4
      vertex 47.1676 -21.9469 4
    endloop
  endfacet
  facet normal 0.38193 0.924191 0
    outer loop
      vertex 47.0967 -21.9176 4
      vertex 47.1676 -21.9469 3.4
      vertex 47.0967 -21.9176 3.4
    endloop
  endfacet
  facet normal 0.497481 0.867475 -0
    outer loop
      vertex 47.2302 -21.9828 3.4
      vertex 47.1676 -21.9469 4
      vertex 47.2302 -21.9828 4
    endloop
  endfacet
  facet normal 0.497481 0.867475 0
    outer loop
      vertex 47.1676 -21.9469 4
      vertex 47.2302 -21.9828 3.4
      vertex 47.1676 -21.9469 3.4
    endloop
  endfacet
  facet normal 0.615447 0.788178 -0
    outer loop
      vertex 47.2845 -22.0252 3.4
      vertex 47.2302 -21.9828 4
      vertex 47.2845 -22.0252 4
    endloop
  endfacet
  facet normal 0.615447 0.788178 0
    outer loop
      vertex 47.2302 -21.9828 4
      vertex 47.2845 -22.0252 3.4
      vertex 47.2302 -21.9828 3.4
    endloop
  endfacet
  facet normal 0.728419 0.685132 0
    outer loop
      vertex 47.3304 -22.074 4
      vertex 47.2845 -22.0252 3.4
      vertex 47.2845 -22.0252 4
    endloop
  endfacet
  facet normal 0.728419 0.685132 0
    outer loop
      vertex 47.2845 -22.0252 3.4
      vertex 47.3304 -22.074 4
      vertex 47.3304 -22.074 3.4
    endloop
  endfacet
  facet normal 0.827426 0.561574 0
    outer loop
      vertex 47.368 -22.1294 4
      vertex 47.3304 -22.074 3.4
      vertex 47.3304 -22.074 4
    endloop
  endfacet
  facet normal 0.827426 0.561574 0
    outer loop
      vertex 47.3304 -22.074 3.4
      vertex 47.368 -22.1294 4
      vertex 47.368 -22.1294 3.4
    endloop
  endfacet
  facet normal 0.904421 0.426641 0
    outer loop
      vertex 47.3972 -22.1913 4
      vertex 47.368 -22.1294 3.4
      vertex 47.368 -22.1294 4
    endloop
  endfacet
  facet normal 0.904421 0.426641 0
    outer loop
      vertex 47.368 -22.1294 3.4
      vertex 47.3972 -22.1913 4
      vertex 47.3972 -22.1913 3.4
    endloop
  endfacet
  facet normal 0.956742 0.290939 0
    outer loop
      vertex 47.418 -22.2597 4
      vertex 47.3972 -22.1913 3.4
      vertex 47.3972 -22.1913 4
    endloop
  endfacet
  facet normal 0.956742 0.290939 0
    outer loop
      vertex 47.3972 -22.1913 3.4
      vertex 47.418 -22.2597 4
      vertex 47.418 -22.2597 3.4
    endloop
  endfacet
  facet normal 0.986394 0.164399 0
    outer loop
      vertex 47.4305 -22.3347 4
      vertex 47.418 -22.2597 3.4
      vertex 47.418 -22.2597 4
    endloop
  endfacet
  facet normal 0.986394 0.164399 0
    outer loop
      vertex 47.418 -22.2597 3.4
      vertex 47.4305 -22.3347 4
      vertex 47.4305 -22.3347 3.4
    endloop
  endfacet
  facet normal 0.998672 0.0515285 0
    outer loop
      vertex 47.4347 -22.4161 4
      vertex 47.4305 -22.3347 3.4
      vertex 47.4305 -22.3347 4
    endloop
  endfacet
  facet normal 0.998672 0.0515285 0
    outer loop
      vertex 47.4305 -22.3347 3.4
      vertex 47.4347 -22.4161 4
      vertex 47.4347 -22.4161 3.4
    endloop
  endfacet
  facet normal 0.99971 -0.0240894 0
    outer loop
      vertex 47.4337 -22.4576 4
      vertex 47.4347 -22.4161 3.4
      vertex 47.4347 -22.4161 4
    endloop
  endfacet
  facet normal 0.99971 -0.0240894 0
    outer loop
      vertex 47.4347 -22.4161 3.4
      vertex 47.4337 -22.4576 4
      vertex 47.4337 -22.4576 3.4
    endloop
  endfacet
  facet normal 0.996995 -0.0774608 0
    outer loop
      vertex 47.4306 -22.4975 4
      vertex 47.4337 -22.4576 3.4
      vertex 47.4337 -22.4576 4
    endloop
  endfacet
  facet normal 0.996995 -0.0774608 0
    outer loop
      vertex 47.4337 -22.4576 3.4
      vertex 47.4306 -22.4975 4
      vertex 47.4306 -22.4975 3.4
    endloop
  endfacet
  facet normal 0.991384 -0.130986 0
    outer loop
      vertex 47.4255 -22.5361 4
      vertex 47.4306 -22.4975 3.4
      vertex 47.4306 -22.4975 4
    endloop
  endfacet
  facet normal 0.991384 -0.130986 0
    outer loop
      vertex 47.4306 -22.4975 3.4
      vertex 47.4255 -22.5361 4
      vertex 47.4255 -22.5361 3.4
    endloop
  endfacet
  facet normal 0.981684 -0.190516 0
    outer loop
      vertex 47.4183 -22.5732 4
      vertex 47.4255 -22.5361 3.4
      vertex 47.4255 -22.5361 4
    endloop
  endfacet
  facet normal 0.981684 -0.190516 0
    outer loop
      vertex 47.4255 -22.5361 3.4
      vertex 47.4183 -22.5732 4
      vertex 47.4183 -22.5732 3.4
    endloop
  endfacet
  facet normal 0.967531 -0.252754 0
    outer loop
      vertex 47.409 -22.6088 4
      vertex 47.4183 -22.5732 3.4
      vertex 47.4183 -22.5732 4
    endloop
  endfacet
  facet normal 0.967531 -0.252754 0
    outer loop
      vertex 47.4183 -22.5732 3.4
      vertex 47.409 -22.6088 4
      vertex 47.409 -22.6088 3.4
    endloop
  endfacet
  facet normal 0.949513 -0.313728 0
    outer loop
      vertex 47.3977 -22.643 4
      vertex 47.409 -22.6088 3.4
      vertex 47.409 -22.6088 4
    endloop
  endfacet
  facet normal 0.949513 -0.313728 0
    outer loop
      vertex 47.409 -22.6088 3.4
      vertex 47.3977 -22.643 4
      vertex 47.3977 -22.643 3.4
    endloop
  endfacet
  facet normal 0.926713 -0.375771 0
    outer loop
      vertex 47.3844 -22.6758 4
      vertex 47.3977 -22.643 3.4
      vertex 47.3977 -22.643 4
    endloop
  endfacet
  facet normal 0.926713 -0.375771 0
    outer loop
      vertex 47.3977 -22.643 3.4
      vertex 47.3844 -22.6758 4
      vertex 47.3844 -22.6758 3.4
    endloop
  endfacet
  facet normal 0.897276 -0.441471 0
    outer loop
      vertex 47.369 -22.7071 4
      vertex 47.3844 -22.6758 3.4
      vertex 47.3844 -22.6758 4
    endloop
  endfacet
  facet normal 0.897276 -0.441471 0
    outer loop
      vertex 47.3844 -22.6758 3.4
      vertex 47.369 -22.7071 4
      vertex 47.369 -22.7071 3.4
    endloop
  endfacet
  facet normal 0.863045 -0.505127 0
    outer loop
      vertex 47.3515 -22.737 4
      vertex 47.369 -22.7071 3.4
      vertex 47.369 -22.7071 4
    endloop
  endfacet
  facet normal 0.863045 -0.505127 0
    outer loop
      vertex 47.369 -22.7071 3.4
      vertex 47.3515 -22.737 4
      vertex 47.3515 -22.737 3.4
    endloop
  endfacet
  facet normal 0.824381 -0.566036 0
    outer loop
      vertex 47.332 -22.7654 4
      vertex 47.3515 -22.737 3.4
      vertex 47.3515 -22.737 4
    endloop
  endfacet
  facet normal 0.824381 -0.566036 0
    outer loop
      vertex 47.3515 -22.737 3.4
      vertex 47.332 -22.7654 4
      vertex 47.332 -22.7654 3.4
    endloop
  endfacet
  facet normal 0.780869 -0.624695 0
    outer loop
      vertex 47.3104 -22.7924 4
      vertex 47.332 -22.7654 3.4
      vertex 47.332 -22.7654 4
    endloop
  endfacet
  facet normal 0.780869 -0.624695 0
    outer loop
      vertex 47.332 -22.7654 3.4
      vertex 47.3104 -22.7924 4
      vertex 47.3104 -22.7924 3.4
    endloop
  endfacet
  facet normal 0.73392 -0.679236 0
    outer loop
      vertex 47.2868 -22.8179 4
      vertex 47.3104 -22.7924 3.4
      vertex 47.3104 -22.7924 4
    endloop
  endfacet
  facet normal 0.73392 -0.679236 0
    outer loop
      vertex 47.3104 -22.7924 3.4
      vertex 47.2868 -22.8179 4
      vertex 47.2868 -22.8179 3.4
    endloop
  endfacet
  facet normal 0.684036 -0.729449 0
    outer loop
      vertex 47.2611 -22.842 3.4
      vertex 47.2868 -22.8179 4
      vertex 47.2611 -22.842 4
    endloop
  endfacet
  facet normal 0.684036 -0.729449 0
    outer loop
      vertex 47.2868 -22.8179 4
      vertex 47.2611 -22.842 3.4
      vertex 47.2868 -22.8179 3.4
    endloop
  endfacet
  facet normal 0.630487 -0.7762 0
    outer loop
      vertex 47.2334 -22.8645 3.4
      vertex 47.2611 -22.842 4
      vertex 47.2334 -22.8645 4
    endloop
  endfacet
  facet normal 0.630487 -0.7762 0
    outer loop
      vertex 47.2611 -22.842 4
      vertex 47.2334 -22.8645 3.4
      vertex 47.2611 -22.842 3.4
    endloop
  endfacet
  facet normal 0.573091 -0.819492 0
    outer loop
      vertex 47.2038 -22.8852 3.4
      vertex 47.2334 -22.8645 4
      vertex 47.2038 -22.8852 4
    endloop
  endfacet
  facet normal 0.573091 -0.819492 0
    outer loop
      vertex 47.2334 -22.8645 4
      vertex 47.2038 -22.8852 3.4
      vertex 47.2334 -22.8645 3.4
    endloop
  endfacet
  facet normal 0.51249 -0.858693 0
    outer loop
      vertex 47.1723 -22.904 3.4
      vertex 47.2038 -22.8852 4
      vertex 47.1723 -22.904 4
    endloop
  endfacet
  facet normal 0.51249 -0.858693 0
    outer loop
      vertex 47.2038 -22.8852 4
      vertex 47.1723 -22.904 3.4
      vertex 47.2038 -22.8852 3.4
    endloop
  endfacet
  facet normal 0.455721 -0.890122 0
    outer loop
      vertex 47.1389 -22.9211 3.4
      vertex 47.1723 -22.904 4
      vertex 47.1389 -22.9211 4
    endloop
  endfacet
  facet normal 0.455721 -0.890122 0
    outer loop
      vertex 47.1723 -22.904 4
      vertex 47.1389 -22.9211 3.4
      vertex 47.1723 -22.904 3.4
    endloop
  endfacet
  facet normal 0.396734 -0.917934 0
    outer loop
      vertex 47.1035 -22.9364 3.4
      vertex 47.1389 -22.9211 4
      vertex 47.1035 -22.9364 4
    endloop
  endfacet
  facet normal 0.396734 -0.917934 0
    outer loop
      vertex 47.1389 -22.9211 4
      vertex 47.1035 -22.9364 3.4
      vertex 47.1389 -22.9211 3.4
    endloop
  endfacet
  facet normal 0.340326 -0.940308 0
    outer loop
      vertex 47.0662 -22.9499 3.4
      vertex 47.1035 -22.9364 4
      vertex 47.0662 -22.9499 4
    endloop
  endfacet
  facet normal 0.340326 -0.940308 0
    outer loop
      vertex 47.1035 -22.9364 4
      vertex 47.0662 -22.9499 3.4
      vertex 47.1035 -22.9364 3.4
    endloop
  endfacet
  facet normal 0.286002 -0.958229 0
    outer loop
      vertex 47.027 -22.9616 3.4
      vertex 47.0662 -22.9499 4
      vertex 47.027 -22.9616 4
    endloop
  endfacet
  facet normal 0.286002 -0.958229 0
    outer loop
      vertex 47.0662 -22.9499 4
      vertex 47.027 -22.9616 3.4
      vertex 47.0662 -22.9499 3.4
    endloop
  endfacet
  facet normal 0.231408 -0.972857 0
    outer loop
      vertex 46.9858 -22.9714 3.4
      vertex 47.027 -22.9616 4
      vertex 46.9858 -22.9714 4
    endloop
  endfacet
  facet normal 0.231408 -0.972857 0
    outer loop
      vertex 47.027 -22.9616 4
      vertex 46.9858 -22.9714 3.4
      vertex 47.027 -22.9616 3.4
    endloop
  endfacet
  facet normal 0.184702 -0.982795 0
    outer loop
      vertex 46.9427 -22.9795 3.4
      vertex 46.9858 -22.9714 4
      vertex 46.9427 -22.9795 4
    endloop
  endfacet
  facet normal 0.184702 -0.982795 0
    outer loop
      vertex 46.9858 -22.9714 4
      vertex 46.9427 -22.9795 3.4
      vertex 46.9858 -22.9714 3.4
    endloop
  endfacet
  facet normal 0.138951 -0.990299 0
    outer loop
      vertex 46.8978 -22.9858 3.4
      vertex 46.9427 -22.9795 4
      vertex 46.8978 -22.9858 4
    endloop
  endfacet
  facet normal 0.138951 -0.990299 0
    outer loop
      vertex 46.9427 -22.9795 4
      vertex 46.8978 -22.9858 3.4
      vertex 46.9427 -22.9795 3.4
    endloop
  endfacet
  facet normal 0.0953088 -0.995448 0
    outer loop
      vertex 46.8508 -22.9903 3.4
      vertex 46.8978 -22.9858 4
      vertex 46.8508 -22.9903 4
    endloop
  endfacet
  facet normal 0.0953088 -0.995448 0
    outer loop
      vertex 46.8978 -22.9858 4
      vertex 46.8508 -22.9903 3.4
      vertex 46.8978 -22.9858 3.4
    endloop
  endfacet
  facet normal 0.0552434 -0.998473 0
    outer loop
      vertex 46.802 -22.993 3.4
      vertex 46.8508 -22.9903 4
      vertex 46.802 -22.993 4
    endloop
  endfacet
  facet normal 0.0552434 -0.998473 0
    outer loop
      vertex 46.8508 -22.9903 4
      vertex 46.802 -22.993 3.4
      vertex 46.8508 -22.9903 3.4
    endloop
  endfacet
  facet normal 0.0177138 -0.999843 0
    outer loop
      vertex 46.7512 -22.9939 3.4
      vertex 46.802 -22.993 4
      vertex 46.7512 -22.9939 4
    endloop
  endfacet
  facet normal 0.0177138 -0.999843 0
    outer loop
      vertex 46.802 -22.993 4
      vertex 46.7512 -22.9939 3.4
      vertex 46.802 -22.993 3.4
    endloop
  endfacet
  facet normal 0 -1 0
    outer loop
      vertex 45.7041 -22.9939 3.4
      vertex 46.7512 -22.9939 4
      vertex 45.7041 -22.9939 4
    endloop
  endfacet
  facet normal 0 -1 -0
    outer loop
      vertex 46.7512 -22.9939 4
      vertex 45.7041 -22.9939 3.4
      vertex 46.7512 -22.9939 3.4
    endloop
  endfacet
  facet normal 0 1 -0
    outer loop
      vertex 51.5101 -24.2878 3.4
      vertex 51.0001 -24.2878 4
      vertex 51.5101 -24.2878 4
    endloop
  endfacet
  facet normal 0 1 0
    outer loop
      vertex 51.0001 -24.2878 4
      vertex 51.5101 -24.2878 3.4
      vertex 51.0001 -24.2878 3.4
    endloop
  endfacet
  facet normal -1 0 0
    outer loop
      vertex 51.5101 -24.2878 3.4
      vertex 51.5101 -23.7208 4
      vertex 51.5101 -23.7208 3.4
    endloop
  endfacet
  facet normal -1 -0 0
    outer loop
      vertex 51.5101 -23.7208 4
      vertex 51.5101 -24.2878 3.4
      vertex 51.5101 -24.2878 4
    endloop
  endfacet
  facet normal 0 -1 0
    outer loop
      vertex 51.0001 -23.7208 3.4
      vertex 51.5101 -23.7208 4
      vertex 51.0001 -23.7208 4
    endloop
  endfacet
  facet normal 0 -1 -0
    outer loop
      vertex 51.5101 -23.7208 4
      vertex 51.0001 -23.7208 3.4
      vertex 51.5101 -23.7208 3.4
    endloop
  endfacet
  facet normal -1 0 0
    outer loop
      vertex 51.0001 -23.7208 3.4
      vertex 51.0001 -21.2443 4
      vertex 51.0001 -21.2443 3.4
    endloop
  endfacet
  facet normal -1 -0 0
    outer loop
      vertex 51.0001 -21.2443 4
      vertex 51.0001 -23.7208 3.4
      vertex 51.0001 -23.7208 4
    endloop
  endfacet
  facet normal 0 -1 0
    outer loop
      vertex 50.1484 -21.2443 3.4
      vertex 51.0001 -21.2443 4
      vertex 50.1484 -21.2443 4
    endloop
  endfacet
  facet normal 0 -1 -0
    outer loop
      vertex 51.0001 -21.2443 4
      vertex 50.1484 -21.2443 3.4
      vertex 51.0001 -21.2443 3.4
    endloop
  endfacet
  facet normal 0.837236 -0.546841 0
    outer loop
      vertex 48.5344 -23.7154 4
      vertex 50.1484 -21.2443 3.4
      vertex 50.1484 -21.2443 4
    endloop
  endfacet
  facet normal 0.837236 -0.546841 0
    outer loop
      vertex 50.1484 -21.2443 3.4
      vertex 48.5344 -23.7154 4
      vertex 48.5344 -23.7154 3.4
    endloop
  endfacet
  facet normal 1 -0 0
    outer loop
      vertex 48.5344 -24.2878 4
      vertex 48.5344 -23.7154 3.4
      vertex 48.5344 -23.7154 4
    endloop
  endfacet
  facet normal 1 0 0
    outer loop
      vertex 48.5344 -23.7154 3.4
      vertex 48.5344 -24.2878 4
      vertex 48.5344 -24.2878 3.4
    endloop
  endfacet
  facet normal 0 1 -0
    outer loop
      vertex 50.2731 -24.2878 3.4
      vertex 48.5344 -24.2878 4
      vertex 50.2731 -24.2878 4
    endloop
  endfacet
  facet normal 0 1 0
    outer loop
      vertex 48.5344 -24.2878 4
      vertex 50.2731 -24.2878 3.4
      vertex 48.5344 -24.2878 3.4
    endloop
  endfacet
  facet normal 1 -0 0
    outer loop
      vertex 50.2731 -25.0662 4
      vertex 50.2731 -24.2878 3.4
      vertex 50.2731 -24.2878 4
    endloop
  endfacet
  facet normal 1 0 0
    outer loop
      vertex 50.2731 -24.2878 3.4
      vertex 50.2731 -25.0662 4
      vertex 50.2731 -25.0662 3.4
    endloop
  endfacet
  facet normal 0 1 -0
    outer loop
      vertex 51.0001 -25.0662 3.4
      vertex 50.2731 -25.0662 4
      vertex 51.0001 -25.0662 4
    endloop
  endfacet
  facet normal 0 1 0
    outer loop
      vertex 50.2731 -25.0662 4
      vertex 51.0001 -25.0662 3.4
      vertex 50.2731 -25.0662 3.4
    endloop
  endfacet
  facet normal -1 0 0
    outer loop
      vertex 51.0001 -25.0662 3.4
      vertex 51.0001 -24.2878 4
      vertex 51.0001 -24.2878 3.4
    endloop
  endfacet
  facet normal -1 -0 0
    outer loop
      vertex 51.0001 -24.2878 4
      vertex 51.0001 -25.0662 3.4
      vertex 51.0001 -25.0662 4
    endloop
  endfacet
  facet normal -0.835391 0.549656 0
    outer loop
      vertex 49.1556 -23.7208 3.4
      vertex 50.0426 -22.3727 4
      vertex 50.0426 -22.3727 3.4
    endloop
  endfacet
  facet normal -0.835391 0.549656 0
    outer loop
      vertex 50.0426 -22.3727 4
      vertex 49.1556 -23.7208 3.4
      vertex 49.1556 -23.7208 4
    endloop
  endfacet
  facet normal -0.842941 0.538006 0
    outer loop
      vertex 50.0426 -22.3727 3.4
      vertex 50.0703 -22.3293 4
      vertex 50.0703 -22.3293 3.4
    endloop
  endfacet
  facet normal -0.842941 0.538006 0
    outer loop
      vertex 50.0703 -22.3293 4
      vertex 50.0426 -22.3727 3.4
      vertex 50.0426 -22.3727 4
    endloop
  endfacet
  facet normal -0.846402 0.532545 0
    outer loop
      vertex 50.0703 -22.3293 3.4
      vertex 50.0966 -22.2875 4
      vertex 50.0966 -22.2875 3.4
    endloop
  endfacet
  facet normal -0.846402 0.532545 0
    outer loop
      vertex 50.0966 -22.2875 4
      vertex 50.0703 -22.3293 3.4
      vertex 50.0703 -22.3293 4
    endloop
  endfacet
  facet normal -0.849183 0.528099 0
    outer loop
      vertex 50.0966 -22.2875 3.4
      vertex 50.1216 -22.2473 4
      vertex 50.1216 -22.2473 3.4
    endloop
  endfacet
  facet normal -0.849183 0.528099 0
    outer loop
      vertex 50.1216 -22.2473 4
      vertex 50.0966 -22.2875 3.4
      vertex 50.0966 -22.2875 4
    endloop
  endfacet
  facet normal -0.852791 0.522252 0
    outer loop
      vertex 50.1216 -22.2473 3.4
      vertex 50.1453 -22.2086 4
      vertex 50.1453 -22.2086 3.4
    endloop
  endfacet
  facet normal -0.852791 0.522252 0
    outer loop
      vertex 50.1453 -22.2086 4
      vertex 50.1216 -22.2473 3.4
      vertex 50.1216 -22.2473 4
    endloop
  endfacet
  facet normal -0.85647 0.516197 0
    outer loop
      vertex 50.1453 -22.2086 3.4
      vertex 50.1676 -22.1716 4
      vertex 50.1676 -22.1716 3.4
    endloop
  endfacet
  facet normal -0.85647 0.516197 0
    outer loop
      vertex 50.1676 -22.1716 4
      vertex 50.1453 -22.2086 3.4
      vertex 50.1453 -22.2086 4
    endloop
  endfacet
  facet normal -0.860055 0.510202 0
    outer loop
      vertex 50.1676 -22.1716 3.4
      vertex 50.1886 -22.1362 4
      vertex 50.1886 -22.1362 3.4
    endloop
  endfacet
  facet normal -0.860055 0.510202 0
    outer loop
      vertex 50.1886 -22.1362 4
      vertex 50.1676 -22.1716 3.4
      vertex 50.1676 -22.1716 4
    endloop
  endfacet
  facet normal -0.865076 0.501641 0
    outer loop
      vertex 50.1886 -22.1362 3.4
      vertex 50.2082 -22.1024 4
      vertex 50.2082 -22.1024 3.4
    endloop
  endfacet
  facet normal -0.865076 0.501641 0
    outer loop
      vertex 50.2082 -22.1024 4
      vertex 50.1886 -22.1362 3.4
      vertex 50.1886 -22.1362 4
    endloop
  endfacet
  facet normal -0.870563 0.492057 0
    outer loop
      vertex 50.2082 -22.1024 3.4
      vertex 50.2264 -22.0702 4
      vertex 50.2264 -22.0702 3.4
    endloop
  endfacet
  facet normal -0.870563 0.492057 0
    outer loop
      vertex 50.2264 -22.0702 4
      vertex 50.2082 -22.1024 3.4
      vertex 50.2082 -22.1024 4
    endloop
  endfacet
  facet normal -0.874157 0.485643 0
    outer loop
      vertex 50.2264 -22.0702 3.4
      vertex 50.2434 -22.0396 4
      vertex 50.2434 -22.0396 3.4
    endloop
  endfacet
  facet normal -0.874157 0.485643 0
    outer loop
      vertex 50.2434 -22.0396 4
      vertex 50.2264 -22.0702 3.4
      vertex 50.2264 -22.0702 4
    endloop
  endfacet
  facet normal -0.881253 0.472644 0
    outer loop
      vertex 50.2434 -22.0396 3.4
      vertex 50.2589 -22.0107 4
      vertex 50.2589 -22.0107 3.4
    endloop
  endfacet
  facet normal -0.881253 0.472644 0
    outer loop
      vertex 50.2589 -22.0107 4
      vertex 50.2434 -22.0396 3.4
      vertex 50.2434 -22.0396 4
    endloop
  endfacet
  facet normal -0.887853 0.460128 0
    outer loop
      vertex 50.2589 -22.0107 3.4
      vertex 50.2731 -21.9833 4
      vertex 50.2731 -21.9833 3.4
    endloop
  endfacet
  facet normal -0.887853 0.460128 0
    outer loop
      vertex 50.2731 -21.9833 4
      vertex 50.2589 -22.0107 3.4
      vertex 50.2589 -22.0107 4
    endloop
  endfacet
  facet normal -0.894427 0.447214 0
    outer loop
      vertex 50.2731 -21.9833 3.4
      vertex 50.286 -21.9575 4
      vertex 50.286 -21.9575 3.4
    endloop
  endfacet
  facet normal -0.894427 0.447214 0
    outer loop
      vertex 50.286 -21.9575 4
      vertex 50.2731 -21.9833 3.4
      vertex 50.2731 -21.9833 4
    endloop
  endfacet
  facet normal -0.903205 0.429209 0
    outer loop
      vertex 50.286 -21.9575 3.4
      vertex 50.2975 -21.9333 4
      vertex 50.2975 -21.9333 3.4
    endloop
  endfacet
  facet normal -0.903205 0.429209 0
    outer loop
      vertex 50.2975 -21.9333 4
      vertex 50.286 -21.9575 3.4
      vertex 50.286 -21.9575 4
    endloop
  endfacet
  facet normal 0.995387 -0.0959409 0
    outer loop
      vertex 50.2967 -21.9416 4
      vertex 50.2975 -21.9333 3.4
      vertex 50.2975 -21.9333 4
    endloop
  endfacet
  facet normal 0.995387 -0.0959409 0
    outer loop
      vertex 50.2975 -21.9333 3.4
      vertex 50.2967 -21.9416 4
      vertex 50.2967 -21.9416 3.4
    endloop
  endfacet
  facet normal 0.995634 -0.0933407 0
    outer loop
      vertex 50.2958 -21.9512 4
      vertex 50.2967 -21.9416 3.4
      vertex 50.2967 -21.9416 4
    endloop
  endfacet
  facet normal 0.995634 -0.0933407 0
    outer loop
      vertex 50.2967 -21.9416 3.4
      vertex 50.2958 -21.9512 4
      vertex 50.2958 -21.9512 3.4
    endloop
  endfacet
  facet normal 0.996038 -0.0889319 0
    outer loop
      vertex 50.2948 -21.9624 4
      vertex 50.2958 -21.9512 3.4
      vertex 50.2958 -21.9512 4
    endloop
  endfacet
  facet normal 0.996038 -0.0889319 0
    outer loop
      vertex 50.2958 -21.9512 3.4
      vertex 50.2948 -21.9624 4
      vertex 50.2948 -21.9624 3.4
    endloop
  endfacet
  facet normal 0.996815 -0.0797452 0
    outer loop
      vertex 50.2938 -21.9749 4
      vertex 50.2948 -21.9624 3.4
      vertex 50.2948 -21.9624 4
    endloop
  endfacet
  facet normal 0.996815 -0.0797452 0
    outer loop
      vertex 50.2948 -21.9624 3.4
      vertex 50.2938 -21.9749 4
      vertex 50.2938 -21.9749 3.4
    endloop
  endfacet
  facet normal 0.997459 -0.071247 0
    outer loop
      vertex 50.2928 -21.9889 4
      vertex 50.2938 -21.9749 3.4
      vertex 50.2938 -21.9749 4
    endloop
  endfacet
  facet normal 0.997459 -0.071247 0
    outer loop
      vertex 50.2938 -21.9749 3.4
      vertex 50.2928 -21.9889 4
      vertex 50.2928 -21.9889 3.4
    endloop
  endfacet
  facet normal 0.99749 -0.0708095 0
    outer loop
      vertex 50.2905 -22.0213 4
      vertex 50.2928 -21.9889 3.4
      vertex 50.2928 -21.9889 4
    endloop
  endfacet
  facet normal 0.99749 -0.0708095 0
    outer loop
      vertex 50.2928 -21.9889 3.4
      vertex 50.2905 -22.0213 4
      vertex 50.2905 -22.0213 3.4
    endloop
  endfacet
  facet normal 0.998022 -0.0628675 0
    outer loop
      vertex 50.2881 -22.0594 4
      vertex 50.2905 -22.0213 3.4
      vertex 50.2905 -22.0213 4
    endloop
  endfacet
  facet normal 0.998022 -0.0628675 0
    outer loop
      vertex 50.2905 -22.0213 3.4
      vertex 50.2881 -22.0594 4
      vertex 50.2881 -22.0594 3.4
    endloop
  endfacet
  facet normal 0.998259 -0.058988 0
    outer loop
      vertex 50.2855 -22.1034 4
      vertex 50.2881 -22.0594 3.4
      vertex 50.2881 -22.0594 4
    endloop
  endfacet
  facet normal 0.998259 -0.058988 0
    outer loop
      vertex 50.2881 -22.0594 3.4
      vertex 50.2855 -22.1034 4
      vertex 50.2855 -22.1034 3.4
    endloop
  endfacet
  facet normal 0.998317 -0.0579935 0
    outer loop
      vertex 50.2841 -22.1275 4
      vertex 50.2855 -22.1034 3.4
      vertex 50.2855 -22.1034 4
    endloop
  endfacet
  facet normal 0.998317 -0.0579935 0
    outer loop
      vertex 50.2855 -22.1034 3.4
      vertex 50.2841 -22.1275 4
      vertex 50.2841 -22.1275 3.4
    endloop
  endfacet
  facet normal 0.998288 -0.0584934 0
    outer loop
      vertex 50.2826 -22.1531 4
      vertex 50.2841 -22.1275 3.4
      vertex 50.2841 -22.1275 4
    endloop
  endfacet
  facet normal 0.998288 -0.0584934 0
    outer loop
      vertex 50.2841 -22.1275 3.4
      vertex 50.2826 -22.1531 4
      vertex 50.2826 -22.1531 3.4
    endloop
  endfacet
  facet normal 0.998564 -0.0535628 0
    outer loop
      vertex 50.2812 -22.1792 4
      vertex 50.2826 -22.1531 3.4
      vertex 50.2826 -22.1531 4
    endloop
  endfacet
  facet normal 0.998564 -0.0535628 0
    outer loop
      vertex 50.2826 -22.1531 3.4
      vertex 50.2812 -22.1792 4
      vertex 50.2812 -22.1792 3.4
    endloop
  endfacet
  facet normal 0.998743 -0.0501299 0
    outer loop
      vertex 50.2799 -22.2051 4
      vertex 50.2812 -22.1792 3.4
      vertex 50.2812 -22.1792 4
    endloop
  endfacet
  facet normal 0.998743 -0.0501299 0
    outer loop
      vertex 50.2812 -22.1792 3.4
      vertex 50.2799 -22.2051 4
      vertex 50.2799 -22.2051 3.4
    endloop
  endfacet
  facet normal 0.998895 -0.0470068 0
    outer loop
      vertex 50.2787 -22.2306 4
      vertex 50.2799 -22.2051 3.4
      vertex 50.2799 -22.2051 4
    endloop
  endfacet
  facet normal 0.998895 -0.0470068 0
    outer loop
      vertex 50.2799 -22.2051 3.4
      vertex 50.2787 -22.2306 4
      vertex 50.2787 -22.2306 3.4
    endloop
  endfacet
  facet normal 0.99922 -0.0394949 0
    outer loop
      vertex 50.2777 -22.2559 4
      vertex 50.2787 -22.2306 3.4
      vertex 50.2787 -22.2306 4
    endloop
  endfacet
  facet normal 0.99922 -0.0394949 0
    outer loop
      vertex 50.2787 -22.2306 3.4
      vertex 50.2777 -22.2559 4
      vertex 50.2777 -22.2559 3.4
    endloop
  endfacet
  facet normal 0.999201 -0.039968 0
    outer loop
      vertex 50.2767 -22.2809 4
      vertex 50.2777 -22.2559 3.4
      vertex 50.2777 -22.2559 4
    endloop
  endfacet
  facet normal 0.999201 -0.039968 0
    outer loop
      vertex 50.2777 -22.2559 3.4
      vertex 50.2767 -22.2809 4
      vertex 50.2767 -22.2809 3.4
    endloop
  endfacet
  facet normal 0.999476 -0.0323717 0
    outer loop
      vertex 50.2759 -22.3056 4
      vertex 50.2767 -22.2809 3.4
      vertex 50.2767 -22.2809 4
    endloop
  endfacet
  facet normal 0.999476 -0.0323717 0
    outer loop
      vertex 50.2767 -22.2809 3.4
      vertex 50.2759 -22.3056 4
      vertex 50.2759 -22.3056 3.4
    endloop
  endfacet
  facet normal 0.999589 -0.0286767 0
    outer loop
      vertex 50.2752 -22.33 4
      vertex 50.2759 -22.3056 3.4
      vertex 50.2759 -22.3056 4
    endloop
  endfacet
  facet normal 0.999589 -0.0286767 0
    outer loop
      vertex 50.2759 -22.3056 3.4
      vertex 50.2752 -22.33 4
      vertex 50.2752 -22.33 3.4
    endloop
  endfacet
  facet normal 0.99969 -0.0248886 0
    outer loop
      vertex 50.2746 -22.3541 4
      vertex 50.2752 -22.33 3.4
      vertex 50.2752 -22.33 4
    endloop
  endfacet
  facet normal 0.99969 -0.0248886 0
    outer loop
      vertex 50.2752 -22.33 3.4
      vertex 50.2746 -22.3541 4
      vertex 50.2746 -22.3541 3.4
    endloop
  endfacet
  facet normal 0.999682 -0.0252021 0
    outer loop
      vertex 50.274 -22.3779 4
      vertex 50.2746 -22.3541 3.4
      vertex 50.2746 -22.3541 4
    endloop
  endfacet
  facet normal 0.999682 -0.0252021 0
    outer loop
      vertex 50.2746 -22.3541 3.4
      vertex 50.274 -22.3779 4
      vertex 50.274 -22.3779 3.4
    endloop
  endfacet
  facet normal 0.999919 -0.0127108 0
    outer loop
      vertex 50.2737 -22.4015 4
      vertex 50.274 -22.3779 3.4
      vertex 50.274 -22.3779 4
    endloop
  endfacet
  facet normal 0.999919 -0.0127108 0
    outer loop
      vertex 50.274 -22.3779 3.4
      vertex 50.2737 -22.4015 4
      vertex 50.2737 -22.4015 3.4
    endloop
  endfacet
  facet normal 0.999916 -0.01293 0
    outer loop
      vertex 50.2734 -22.4247 4
      vertex 50.2737 -22.4015 3.4
      vertex 50.2737 -22.4015 4
    endloop
  endfacet
  facet normal 0.999916 -0.01293 0
    outer loop
      vertex 50.2737 -22.4015 3.4
      vertex 50.2734 -22.4247 4
      vertex 50.2734 -22.4247 3.4
    endloop
  endfacet
  facet normal 0.999962 -0.00869532 0
    outer loop
      vertex 50.2732 -22.4477 4
      vertex 50.2734 -22.4247 3.4
      vertex 50.2734 -22.4247 4
    endloop
  endfacet
  facet normal 0.999962 -0.00869532 0
    outer loop
      vertex 50.2734 -22.4247 3.4
      vertex 50.2732 -22.4477 4
      vertex 50.2732 -22.4477 3.4
    endloop
  endfacet
  facet normal 0.99999 -0.00440524 0
    outer loop
      vertex 50.2731 -22.4704 4
      vertex 50.2732 -22.4477 3.4
      vertex 50.2732 -22.4477 4
    endloop
  endfacet
  facet normal 0.99999 -0.00440524 0
    outer loop
      vertex 50.2732 -22.4477 3.4
      vertex 50.2731 -22.4704 4
      vertex 50.2731 -22.4704 3.4
    endloop
  endfacet
  facet normal 1 -0 0
    outer loop
      vertex 50.2731 -23.7208 4
      vertex 50.2731 -22.4704 3.4
      vertex 50.2731 -22.4704 4
    endloop
  endfacet
  facet normal 1 0 0
    outer loop
      vertex 50.2731 -22.4704 3.4
      vertex 50.2731 -23.7208 4
      vertex 50.2731 -23.7208 3.4
    endloop
  endfacet
  facet normal 0 -1 0
    outer loop
      vertex 49.1556 -23.7208 3.4
      vertex 50.2731 -23.7208 4
      vertex 49.1556 -23.7208 4
    endloop
  endfacet
  facet normal 0 -1 -0
    outer loop
      vertex 50.2731 -23.7208 4
      vertex 49.1556 -23.7208 3.4
      vertex 50.2731 -23.7208 3.4
    endloop
  endfacet
  facet normal 1 -0 0
    outer loop
      vertex -20 -20 52
      vertex -20 -14 4
      vertex -20 -14 52
    endloop
  endfacet
  facet normal 1 0 0
    outer loop
      vertex -20 -14 4
      vertex -20 -20 52
      vertex -20 -20 4
    endloop
  endfacet
  facet normal 0 0 1
    outer loop
      vertex -20 -14 52
      vertex -21 -17 52
      vertex -20 -20 52
    endloop
  endfacet
  facet normal 0 0 1
    outer loop
      vertex -20 -14 52
      vertex -21.0043 -16.8692 52
      vertex -21 -17 52
    endloop
  endfacet
  facet normal 0 0 1
    outer loop
      vertex -20 -14 52
      vertex -21.0171 -16.7389 52
      vertex -21.0043 -16.8692 52
    endloop
  endfacet
  facet normal 0 0 1
    outer loop
      vertex -20 -14 52
      vertex -21.0384 -16.6098 52
      vertex -21.0171 -16.7389 52
    endloop
  endfacet
  facet normal 0 0 1
    outer loop
      vertex -20 -14 52
      vertex -21.0681 -16.4824 52
      vertex -21.0384 -16.6098 52
    endloop
  endfacet
  facet normal 0 0 1
    outer loop
      vertex -20 -14 52
      vertex -21.1061 -16.3571 52
      vertex -21.0681 -16.4824 52
    endloop
  endfacet
  facet normal 0 0 1
    outer loop
      vertex -20 -14 52
      vertex -21.1522 -16.2346 52
      vertex -21.1061 -16.3571 52
    endloop
  endfacet
  facet normal 0 0 1
    outer loop
      vertex -20 -14 52
      vertex -21.2063 -16.1154 52
      vertex -21.1522 -16.2346 52
    endloop
  endfacet
  facet normal 0 0 1
    outer loop
      vertex -20 -14 52
      vertex -21.268 -16 52
      vertex -21.2063 -16.1154 52
    endloop
  endfacet
  facet normal 0 0 1
    outer loop
      vertex -20 -14 52
      vertex -21.3371 -15.8889 52
      vertex -21.268 -16 52
    endloop
  endfacet
  facet normal 0 0 1
    outer loop
      vertex -20 -14 52
      vertex -21.4133 -15.7825 52
      vertex -21.3371 -15.8889 52
    endloop
  endfacet
  facet normal 0 0 1
    outer loop
      vertex -20 -14 52
      vertex -21.4963 -15.6813 52
      vertex -21.4133 -15.7825 52
    endloop
  endfacet
  facet normal 0 0 1
    outer loop
      vertex -20 -14 52
      vertex -21.5858 -15.5858 52
      vertex -21.4963 -15.6813 52
    endloop
  endfacet
  facet normal 0 0 1
    outer loop
      vertex -20 -14 52
      vertex -21.6813 -15.4963 52
      vertex -21.5858 -15.5858 52
    endloop
  endfacet
  facet normal 0 0 1
    outer loop
      vertex -20 -14 52
      vertex -21.7825 -15.4133 52
      vertex -21.6813 -15.4963 52
    endloop
  endfacet
  facet normal 0 0 1
    outer loop
      vertex -20 -14 52
      vertex -21.8889 -15.3371 52
      vertex -21.7825 -15.4133 52
    endloop
  endfacet
  facet normal 0 0 1
    outer loop
      vertex -20 -14 52
      vertex -22 -15.268 52
      vertex -21.8889 -15.3371 52
    endloop
  endfacet
  facet normal 0 0 1
    outer loop
      vertex -20 -14 52
      vertex -22.1154 -15.2063 52
      vertex -22 -15.268 52
    endloop
  endfacet
  facet normal 0 0 1
    outer loop
      vertex -20 -14 52
      vertex -22.2346 -15.1522 52
      vertex -22.1154 -15.2063 52
    endloop
  endfacet
  facet normal 0 0 1
    outer loop
      vertex -20 -14 52
      vertex -22.3571 -15.1061 52
      vertex -22.2346 -15.1522 52
    endloop
  endfacet
  facet normal 0 0 1
    outer loop
      vertex -20 -14 52
      vertex -22.4824 -15.0681 52
      vertex -22.3571 -15.1061 52
    endloop
  endfacet
  facet normal 0 0 1
    outer loop
      vertex -20 -14 52
      vertex -22.6098 -15.0384 52
      vertex -22.4824 -15.0681 52
    endloop
  endfacet
  facet normal 0 0 1
    outer loop
      vertex -20 -14 52
      vertex -22.7389 -15.0171 52
      vertex -22.6098 -15.0384 52
    endloop
  endfacet
  facet normal 0 0 1
    outer loop
      vertex -20 -14 52
      vertex -22.8692 -15.0043 52
      vertex -22.7389 -15.0171 52
    endloop
  endfacet
  facet normal 0 0 1
    outer loop
      vertex -20 -14 52
      vertex -23 -15 52
      vertex -22.8692 -15.0043 52
    endloop
  endfacet
  facet normal -0 0 1
    outer loop
      vertex -26 -14 52
      vertex -23 -15 52
      vertex -20 -14 52
    endloop
  endfacet
  facet normal 0 0 1
    outer loop
      vertex -23 -15 52
      vertex -26 -14 52
      vertex -23.1308 -15.0043 52
    endloop
  endfacet
  facet normal 0 0 1
    outer loop
      vertex -23.1308 -15.0043 52
      vertex -26 -14 52
      vertex -23.2611 -15.0171 52
    endloop
  endfacet
  facet normal 0 0 1
    outer loop
      vertex -23.2611 -15.0171 52
      vertex -26 -14 52
      vertex -23.3902 -15.0384 52
    endloop
  endfacet
  facet normal 0 0 1
    outer loop
      vertex -23.3902 -15.0384 52
      vertex -26 -14 52
      vertex -23.5176 -15.0681 52
    endloop
  endfacet
  facet normal 0 0 1
    outer loop
      vertex -24.9957 -16.8692 52
      vertex -26 -14 52
      vertex -25 -17 52
    endloop
  endfacet
  facet normal 0 0 1
    outer loop
      vertex -24.9829 -16.7389 52
      vertex -26 -14 52
      vertex -24.9957 -16.8692 52
    endloop
  endfacet
  facet normal 0 0 1
    outer loop
      vertex -24.9616 -16.6098 52
      vertex -26 -14 52
      vertex -24.9829 -16.7389 52
    endloop
  endfacet
  facet normal 0 0 1
    outer loop
      vertex -24.9319 -16.4824 52
      vertex -26 -14 52
      vertex -24.9616 -16.6098 52
    endloop
  endfacet
  facet normal 0 0 1
    outer loop
      vertex -24.8939 -16.3571 52
      vertex -26 -14 52
      vertex -24.9319 -16.4824 52
    endloop
  endfacet
  facet normal 0 0 1
    outer loop
      vertex -24.8478 -16.2346 52
      vertex -26 -14 52
      vertex -24.8939 -16.3571 52
    endloop
  endfacet
  facet normal 0 0 1
    outer loop
      vertex -24.7937 -16.1154 52
      vertex -26 -14 52
      vertex -24.8478 -16.2346 52
    endloop
  endfacet
  facet normal 0 0 1
    outer loop
      vertex -24.732 -16 52
      vertex -26 -14 52
      vertex -24.7937 -16.1154 52
    endloop
  endfacet
  facet normal 0 0 1
    outer loop
      vertex -24.6629 -15.8889 52
      vertex -26 -14 52
      vertex -24.732 -16 52
    endloop
  endfacet
  facet normal 0 0 1
    outer loop
      vertex -24.5867 -15.7825 52
      vertex -26 -14 52
      vertex -24.6629 -15.8889 52
    endloop
  endfacet
  facet normal 0 0 1
    outer loop
      vertex -24.5037 -15.6813 52
      vertex -26 -14 52
      vertex -24.5867 -15.7825 52
    endloop
  endfacet
  facet normal 0 0 1
    outer loop
      vertex -24.4142 -15.5858 52
      vertex -26 -14 52
      vertex -24.5037 -15.6813 52
    endloop
  endfacet
  facet normal 0 0 1
    outer loop
      vertex -24.3187 -15.4963 52
      vertex -26 -14 52
      vertex -24.4142 -15.5858 52
    endloop
  endfacet
  facet normal 0 0 1
    outer loop
      vertex -24.2175 -15.4133 52
      vertex -26 -14 52
      vertex -24.3187 -15.4963 52
    endloop
  endfacet
  facet normal 0 0 1
    outer loop
      vertex -24.1111 -15.3371 52
      vertex -26 -14 52
      vertex -24.2175 -15.4133 52
    endloop
  endfacet
  facet normal 0 0 1
    outer loop
      vertex -24 -15.268 52
      vertex -26 -14 52
      vertex -24.1111 -15.3371 52
    endloop
  endfacet
  facet normal 0 0 1
    outer loop
      vertex -23.8846 -15.2063 52
      vertex -26 -14 52
      vertex -24 -15.268 52
    endloop
  endfacet
  facet normal 0 0 1
    outer loop
      vertex -23.7654 -15.1522 52
      vertex -26 -14 52
      vertex -23.8846 -15.2063 52
    endloop
  endfacet
  facet normal 0 0 1
    outer loop
      vertex -23.6429 -15.1061 52
      vertex -26 -14 52
      vertex -23.7654 -15.1522 52
    endloop
  endfacet
  facet normal 0 0 1
    outer loop
      vertex -23.5176 -15.0681 52
      vertex -26 -14 52
      vertex -23.6429 -15.1061 52
    endloop
  endfacet
  facet normal -0 0 1
    outer loop
      vertex -21.0043 -17.1308 52
      vertex -20 -20 52
      vertex -21 -17 52
    endloop
  endfacet
  facet normal -0 0 1
    outer loop
      vertex -21.0171 -17.2611 52
      vertex -20 -20 52
      vertex -21.0043 -17.1308 52
    endloop
  endfacet
  facet normal -0 0 1
    outer loop
      vertex -21.0384 -17.3902 52
      vertex -20 -20 52
      vertex -21.0171 -17.2611 52
    endloop
  endfacet
  facet normal -0 0 1
    outer loop
      vertex -21.0681 -17.5176 52
      vertex -20 -20 52
      vertex -21.0384 -17.3902 52
    endloop
  endfacet
  facet normal -0 0 1
    outer loop
      vertex -21.1061 -17.6429 52
      vertex -20 -20 52
      vertex -21.0681 -17.5176 52
    endloop
  endfacet
  facet normal -0 0 1
    outer loop
      vertex -21.1522 -17.7654 52
      vertex -20 -20 52
      vertex -21.1061 -17.6429 52
    endloop
  endfacet
  facet normal -0 0 1
    outer loop
      vertex -21.2063 -17.8846 52
      vertex -20 -20 52
      vertex -21.1522 -17.7654 52
    endloop
  endfacet
  facet normal -0 0 1
    outer loop
      vertex -21.268 -18 52
      vertex -20 -20 52
      vertex -21.2063 -17.8846 52
    endloop
  endfacet
  facet normal -0 0 1
    outer loop
      vertex -21.3371 -18.1111 52
      vertex -20 -20 52
      vertex -21.268 -18 52
    endloop
  endfacet
  facet normal -0 0 1
    outer loop
      vertex -21.4133 -18.2175 52
      vertex -20 -20 52
      vertex -21.3371 -18.1111 52
    endloop
  endfacet
  facet normal -0 0 1
    outer loop
      vertex -21.4963 -18.3187 52
      vertex -20 -20 52
      vertex -21.4133 -18.2175 52
    endloop
  endfacet
  facet normal -0 0 1
    outer loop
      vertex -21.5858 -18.4142 52
      vertex -20 -20 52
      vertex -21.4963 -18.3187 52
    endloop
  endfacet
  facet normal -0 0 1
    outer loop
      vertex -21.6813 -18.5037 52
      vertex -20 -20 52
      vertex -21.5858 -18.4142 52
    endloop
  endfacet
  facet normal -0 0 1
    outer loop
      vertex -21.7825 -18.5867 52
      vertex -20 -20 52
      vertex -21.6813 -18.5037 52
    endloop
  endfacet
  facet normal -0 0 1
    outer loop
      vertex -21.8889 -18.6629 52
      vertex -20 -20 52
      vertex -21.7825 -18.5867 52
    endloop
  endfacet
  facet normal -0 0 1
    outer loop
      vertex -22 -18.732 52
      vertex -20 -20 52
      vertex -21.8889 -18.6629 52
    endloop
  endfacet
  facet normal -0 0 1
    outer loop
      vertex -22.1154 -18.7937 52
      vertex -20 -20 52
      vertex -22 -18.732 52
    endloop
  endfacet
  facet normal -0 0 1
    outer loop
      vertex -22.2346 -18.8478 52
      vertex -20 -20 52
      vertex -22.1154 -18.7937 52
    endloop
  endfacet
  facet normal -0 0 1
    outer loop
      vertex -22.3571 -18.8939 52
      vertex -20 -20 52
      vertex -22.2346 -18.8478 52
    endloop
  endfacet
  facet normal -0 0 1
    outer loop
      vertex -22.4824 -18.9319 52
      vertex -20 -20 52
      vertex -22.3571 -18.8939 52
    endloop
  endfacet
  facet normal -0 0 1
    outer loop
      vertex -22.6098 -18.9616 52
      vertex -20 -20 52
      vertex -22.4824 -18.9319 52
    endloop
  endfacet
  facet normal -0 0 1
    outer loop
      vertex -22.7389 -18.9829 52
      vertex -20 -20 52
      vertex -22.6098 -18.9616 52
    endloop
  endfacet
  facet normal -0 0 1
    outer loop
      vertex -22.8692 -18.9957 52
      vertex -20 -20 52
      vertex -22.7389 -18.9829 52
    endloop
  endfacet
  facet normal -0 0 1
    outer loop
      vertex -23 -19 52
      vertex -20 -20 52
      vertex -22.8692 -18.9957 52
    endloop
  endfacet
  facet normal 0 0 1
    outer loop
      vertex -26 -20 52
      vertex -23 -19 52
      vertex -23.1308 -18.9957 52
    endloop
  endfacet
  facet normal 0 0 1
    outer loop
      vertex -26 -20 52
      vertex -23.1308 -18.9957 52
      vertex -23.2611 -18.9829 52
    endloop
  endfacet
  facet normal 0 0 1
    outer loop
      vertex -26 -20 52
      vertex -23.2611 -18.9829 52
      vertex -23.3902 -18.9616 52
    endloop
  endfacet
  facet normal 0 0 1
    outer loop
      vertex -26 -20 52
      vertex -23.3902 -18.9616 52
      vertex -23.5176 -18.9319 52
    endloop
  endfacet
  facet normal 0 0 1
    outer loop
      vertex -26 -20 52
      vertex -23.5176 -18.9319 52
      vertex -23.6429 -18.8939 52
    endloop
  endfacet
  facet normal 0 0 1
    outer loop
      vertex -26 -20 52
      vertex -25 -17 52
      vertex -26 -14 52
    endloop
  endfacet
  facet normal 0 0 1
    outer loop
      vertex -25 -17 52
      vertex -26 -20 52
      vertex -24.9957 -17.1308 52
    endloop
  endfacet
  facet normal 0 0 1
    outer loop
      vertex -24.9957 -17.1308 52
      vertex -26 -20 52
      vertex -24.9829 -17.2611 52
    endloop
  endfacet
  facet normal 0 0 1
    outer loop
      vertex -24.9829 -17.2611 52
      vertex -26 -20 52
      vertex -24.9616 -17.3902 52
    endloop
  endfacet
  facet normal 0 0 1
    outer loop
      vertex -24.9616 -17.3902 52
      vertex -26 -20 52
      vertex -24.9319 -17.5176 52
    endloop
  endfacet
  facet normal 0 0 1
    outer loop
      vertex -23 -19 52
      vertex -26 -20 52
      vertex -20 -20 52
    endloop
  endfacet
  facet normal 0 0 1
    outer loop
      vertex -23.7654 -18.8478 52
      vertex -26 -20 52
      vertex -23.6429 -18.8939 52
    endloop
  endfacet
  facet normal 0 0 1
    outer loop
      vertex -23.8846 -18.7937 52
      vertex -26 -20 52
      vertex -23.7654 -18.8478 52
    endloop
  endfacet
  facet normal 0 0 1
    outer loop
      vertex -24 -18.732 52
      vertex -26 -20 52
      vertex -23.8846 -18.7937 52
    endloop
  endfacet
  facet normal 0 0 1
    outer loop
      vertex -24.1111 -18.6629 52
      vertex -26 -20 52
      vertex -24 -18.732 52
    endloop
  endfacet
  facet normal 0 0 1
    outer loop
      vertex -24.2175 -18.5867 52
      vertex -26 -20 52
      vertex -24.1111 -18.6629 52
    endloop
  endfacet
  facet normal 0 0 1
    outer loop
      vertex -24.3187 -18.5037 52
      vertex -26 -20 52
      vertex -24.2175 -18.5867 52
    endloop
  endfacet
  facet normal 0 0 1
    outer loop
      vertex -24.4142 -18.4142 52
      vertex -26 -20 52
      vertex -24.3187 -18.5037 52
    endloop
  endfacet
  facet normal 0 0 1
    outer loop
      vertex -24.5037 -18.3187 52
      vertex -26 -20 52
      vertex -24.4142 -18.4142 52
    endloop
  endfacet
  facet normal 0 0 1
    outer loop
      vertex -24.5867 -18.2175 52
      vertex -26 -20 52
      vertex -24.5037 -18.3187 52
    endloop
  endfacet
  facet normal 0 0 1
    outer loop
      vertex -24.6629 -18.1111 52
      vertex -26 -20 52
      vertex -24.5867 -18.2175 52
    endloop
  endfacet
  facet normal 0 0 1
    outer loop
      vertex -24.732 -18 52
      vertex -26 -20 52
      vertex -24.6629 -18.1111 52
    endloop
  endfacet
  facet normal 0 0 1
    outer loop
      vertex -24.7937 -17.8846 52
      vertex -26 -20 52
      vertex -24.732 -18 52
    endloop
  endfacet
  facet normal 0 0 1
    outer loop
      vertex -24.8478 -17.7654 52
      vertex -26 -20 52
      vertex -24.7937 -17.8846 52
    endloop
  endfacet
  facet normal 0 0 1
    outer loop
      vertex -24.8939 -17.6429 52
      vertex -26 -20 52
      vertex -24.8478 -17.7654 52
    endloop
  endfacet
  facet normal 0 0 1
    outer loop
      vertex -24.9319 -17.5176 52
      vertex -26 -20 52
      vertex -24.8939 -17.6429 52
    endloop
  endfacet
  facet normal -1 0 0
    outer loop
      vertex -26 -20 4
      vertex -26 -14 52
      vertex -26 -14 4
    endloop
  endfacet
  facet normal -1 -0 0
    outer loop
      vertex -26 -14 52
      vertex -26 -20 4
      vertex -26 -20 52
    endloop
  endfacet
  facet normal 0 1 -0
    outer loop
      vertex -20 -14 4
      vertex -26 -14 52
      vertex -20 -14 52
    endloop
  endfacet
  facet normal 0 1 0
    outer loop
      vertex -26 -14 52
      vertex -20 -14 4
      vertex -26 -14 4
    endloop
  endfacet
  facet normal 0 -1 0
    outer loop
      vertex -26 -20 4
      vertex -20 -20 52
      vertex -26 -20 52
    endloop
  endfacet
  facet normal 0 -1 -0
    outer loop
      vertex -20 -20 52
      vertex -26 -20 4
      vertex -20 -20 4
    endloop
  endfacet
  facet normal 1 -0 0
    outer loop
      vertex 122 -20 52
      vertex 122 -14 4
      vertex 122 -14 52
    endloop
  endfacet
  facet normal 1 0 0
    outer loop
      vertex 122 -14 4
      vertex 122 -20 52
      vertex 122 -20 4
    endloop
  endfacet
  facet normal 0 0 1
    outer loop
      vertex 122 -14 52
      vertex 121 -17 52
      vertex 122 -20 52
    endloop
  endfacet
  facet normal 0 0 1
    outer loop
      vertex 122 -14 52
      vertex 120.996 -16.8692 52
      vertex 121 -17 52
    endloop
  endfacet
  facet normal 0 0 1
    outer loop
      vertex 122 -14 52
      vertex 120.983 -16.7389 52
      vertex 120.996 -16.8692 52
    endloop
  endfacet
  facet normal 0 0 1
    outer loop
      vertex 122 -14 52
      vertex 120.962 -16.6098 52
      vertex 120.983 -16.7389 52
    endloop
  endfacet
  facet normal 0 0 1
    outer loop
      vertex 122 -14 52
      vertex 120.932 -16.4824 52
      vertex 120.962 -16.6098 52
    endloop
  endfacet
  facet normal 0 0 1
    outer loop
      vertex 122 -14 52
      vertex 120.894 -16.3571 52
      vertex 120.932 -16.4824 52
    endloop
  endfacet
  facet normal 0 0 1
    outer loop
      vertex 122 -14 52
      vertex 120.848 -16.2346 52
      vertex 120.894 -16.3571 52
    endloop
  endfacet
  facet normal 0 0 1
    outer loop
      vertex 122 -14 52
      vertex 120.794 -16.1154 52
      vertex 120.848 -16.2346 52
    endloop
  endfacet
  facet normal 0 0 1
    outer loop
      vertex 122 -14 52
      vertex 120.732 -16 52
      vertex 120.794 -16.1154 52
    endloop
  endfacet
  facet normal 0 0 1
    outer loop
      vertex 122 -14 52
      vertex 120.663 -15.8889 52
      vertex 120.732 -16 52
    endloop
  endfacet
  facet normal 0 0 1
    outer loop
      vertex 122 -14 52
      vertex 120.587 -15.7825 52
      vertex 120.663 -15.8889 52
    endloop
  endfacet
  facet normal 0 0 1
    outer loop
      vertex 122 -14 52
      vertex 120.504 -15.6813 52
      vertex 120.587 -15.7825 52
    endloop
  endfacet
  facet normal 0 0 1
    outer loop
      vertex 122 -14 52
      vertex 120.414 -15.5858 52
      vertex 120.504 -15.6813 52
    endloop
  endfacet
  facet normal 0 0 1
    outer loop
      vertex 122 -14 52
      vertex 120.319 -15.4963 52
      vertex 120.414 -15.5858 52
    endloop
  endfacet
  facet normal 0 0 1
    outer loop
      vertex 122 -14 52
      vertex 120.218 -15.4133 52
      vertex 120.319 -15.4963 52
    endloop
  endfacet
  facet normal 0 0 1
    outer loop
      vertex 122 -14 52
      vertex 120.111 -15.3371 52
      vertex 120.218 -15.4133 52
    endloop
  endfacet
  facet normal 0 0 1
    outer loop
      vertex 122 -14 52
      vertex 120 -15.268 52
      vertex 120.111 -15.3371 52
    endloop
  endfacet
  facet normal 0 0 1
    outer loop
      vertex 122 -14 52
      vertex 119.885 -15.2063 52
      vertex 120 -15.268 52
    endloop
  endfacet
  facet normal 0 0 1
    outer loop
      vertex 122 -14 52
      vertex 119.765 -15.1522 52
      vertex 119.885 -15.2063 52
    endloop
  endfacet
  facet normal 0 0 1
    outer loop
      vertex 122 -14 52
      vertex 119.643 -15.1061 52
      vertex 119.765 -15.1522 52
    endloop
  endfacet
  facet normal 0 0 1
    outer loop
      vertex 122 -14 52
      vertex 119.518 -15.0681 52
      vertex 119.643 -15.1061 52
    endloop
  endfacet
  facet normal 0 0 1
    outer loop
      vertex 122 -14 52
      vertex 119.39 -15.0384 52
      vertex 119.518 -15.0681 52
    endloop
  endfacet
  facet normal 0 0 1
    outer loop
      vertex 122 -14 52
      vertex 119.261 -15.0171 52
      vertex 119.39 -15.0384 52
    endloop
  endfacet
  facet normal 0 0 1
    outer loop
      vertex 122 -14 52
      vertex 119.131 -15.0043 52
      vertex 119.261 -15.0171 52
    endloop
  endfacet
  facet normal 0 0 1
    outer loop
      vertex 122 -14 52
      vertex 119 -15 52
      vertex 119.131 -15.0043 52
    endloop
  endfacet
  facet normal -0 0 1
    outer loop
      vertex 116 -14 52
      vertex 119 -15 52
      vertex 122 -14 52
    endloop
  endfacet
  facet normal 0 0 1
    outer loop
      vertex 119 -15 52
      vertex 116 -14 52
      vertex 118.869 -15.0043 52
    endloop
  endfacet
  facet normal 0 0 1
    outer loop
      vertex 118.869 -15.0043 52
      vertex 116 -14 52
      vertex 118.739 -15.0171 52
    endloop
  endfacet
  facet normal 0 0 1
    outer loop
      vertex 118.739 -15.0171 52
      vertex 116 -14 52
      vertex 118.61 -15.0384 52
    endloop
  endfacet
  facet normal 0 0 1
    outer loop
      vertex 118.61 -15.0384 52
      vertex 116 -14 52
      vertex 118.482 -15.0681 52
    endloop
  endfacet
  facet normal 0 0 1
    outer loop
      vertex 117.004 -16.8692 52
      vertex 116 -14 52
      vertex 117 -17 52
    endloop
  endfacet
  facet normal 0 0 1
    outer loop
      vertex 117.017 -16.7389 52
      vertex 116 -14 52
      vertex 117.004 -16.8692 52
    endloop
  endfacet
  facet normal 0 0 1
    outer loop
      vertex 117.038 -16.6098 52
      vertex 116 -14 52
      vertex 117.017 -16.7389 52
    endloop
  endfacet
  facet normal 0 0 1
    outer loop
      vertex 117.068 -16.4824 52
      vertex 116 -14 52
      vertex 117.038 -16.6098 52
    endloop
  endfacet
  facet normal 0 0 1
    outer loop
      vertex 117.106 -16.3571 52
      vertex 116 -14 52
      vertex 117.068 -16.4824 52
    endloop
  endfacet
  facet normal 0 0 1
    outer loop
      vertex 117.152 -16.2346 52
      vertex 116 -14 52
      vertex 117.106 -16.3571 52
    endloop
  endfacet
  facet normal 0 0 1
    outer loop
      vertex 117.206 -16.1154 52
      vertex 116 -14 52
      vertex 117.152 -16.2346 52
    endloop
  endfacet
  facet normal 0 0 1
    outer loop
      vertex 117.268 -16 52
      vertex 116 -14 52
      vertex 117.206 -16.1154 52
    endloop
  endfacet
  facet normal 0 0 1
    outer loop
      vertex 117.337 -15.8889 52
      vertex 116 -14 52
      vertex 117.268 -16 52
    endloop
  endfacet
  facet normal 0 0 1
    outer loop
      vertex 117.413 -15.7825 52
      vertex 116 -14 52
      vertex 117.337 -15.8889 52
    endloop
  endfacet
  facet normal 0 0 1
    outer loop
      vertex 117.496 -15.6813 52
      vertex 116 -14 52
      vertex 117.413 -15.7825 52
    endloop
  endfacet
  facet normal 0 0 1
    outer loop
      vertex 117.586 -15.5858 52
      vertex 116 -14 52
      vertex 117.496 -15.6813 52
    endloop
  endfacet
  facet normal 0 0 1
    outer loop
      vertex 117.681 -15.4963 52
      vertex 116 -14 52
      vertex 117.586 -15.5858 52
    endloop
  endfacet
  facet normal 0 0 1
    outer loop
      vertex 117.782 -15.4133 52
      vertex 116 -14 52
      vertex 117.681 -15.4963 52
    endloop
  endfacet
  facet normal 0 0 1
    outer loop
      vertex 117.889 -15.3371 52
      vertex 116 -14 52
      vertex 117.782 -15.4133 52
    endloop
  endfacet
  facet normal 0 0 1
    outer loop
      vertex 118 -15.268 52
      vertex 116 -14 52
      vertex 117.889 -15.3371 52
    endloop
  endfacet
  facet normal 0 0 1
    outer loop
      vertex 118.115 -15.2063 52
      vertex 116 -14 52
      vertex 118 -15.268 52
    endloop
  endfacet
  facet normal 0 0 1
    outer loop
      vertex 118.235 -15.1522 52
      vertex 116 -14 52
      vertex 118.115 -15.2063 52
    endloop
  endfacet
  facet normal 0 0 1
    outer loop
      vertex 118.357 -15.1061 52
      vertex 116 -14 52
      vertex 118.235 -15.1522 52
    endloop
  endfacet
  facet normal 0 0 1
    outer loop
      vertex 118.482 -15.0681 52
      vertex 116 -14 52
      vertex 118.357 -15.1061 52
    endloop
  endfacet
  facet normal -0 0 1
    outer loop
      vertex 120.996 -17.1308 52
      vertex 122 -20 52
      vertex 121 -17 52
    endloop
  endfacet
  facet normal -0 0 1
    outer loop
      vertex 120.983 -17.2611 52
      vertex 122 -20 52
      vertex 120.996 -17.1308 52
    endloop
  endfacet
  facet normal -0 0 1
    outer loop
      vertex 120.962 -17.3902 52
      vertex 122 -20 52
      vertex 120.983 -17.2611 52
    endloop
  endfacet
  facet normal -0 0 1
    outer loop
      vertex 120.932 -17.5176 52
      vertex 122 -20 52
      vertex 120.962 -17.3902 52
    endloop
  endfacet
  facet normal -0 0 1
    outer loop
      vertex 120.894 -17.6429 52
      vertex 122 -20 52
      vertex 120.932 -17.5176 52
    endloop
  endfacet
  facet normal -0 0 1
    outer loop
      vertex 120.848 -17.7654 52
      vertex 122 -20 52
      vertex 120.894 -17.6429 52
    endloop
  endfacet
  facet normal -0 0 1
    outer loop
      vertex 120.794 -17.8846 52
      vertex 122 -20 52
      vertex 120.848 -17.7654 52
    endloop
  endfacet
  facet normal -0 0 1
    outer loop
      vertex 120.732 -18 52
      vertex 122 -20 52
      vertex 120.794 -17.8846 52
    endloop
  endfacet
  facet normal -0 0 1
    outer loop
      vertex 120.663 -18.1111 52
      vertex 122 -20 52
      vertex 120.732 -18 52
    endloop
  endfacet
  facet normal -0 0 1
    outer loop
      vertex 120.587 -18.2175 52
      vertex 122 -20 52
      vertex 120.663 -18.1111 52
    endloop
  endfacet
  facet normal -0 0 1
    outer loop
      vertex 120.504 -18.3187 52
      vertex 122 -20 52
      vertex 120.587 -18.2175 52
    endloop
  endfacet
  facet normal -0 0 1
    outer loop
      vertex 120.414 -18.4142 52
      vertex 122 -20 52
      vertex 120.504 -18.3187 52
    endloop
  endfacet
  facet normal -0 0 1
    outer loop
      vertex 120.319 -18.5037 52
      vertex 122 -20 52
      vertex 120.414 -18.4142 52
    endloop
  endfacet
  facet normal -0 0 1
    outer loop
      vertex 120.218 -18.5867 52
      vertex 122 -20 52
      vertex 120.319 -18.5037 52
    endloop
  endfacet
  facet normal -0 0 1
    outer loop
      vertex 120.111 -18.6629 52
      vertex 122 -20 52
      vertex 120.218 -18.5867 52
    endloop
  endfacet
  facet normal -0 0 1
    outer loop
      vertex 120 -18.732 52
      vertex 122 -20 52
      vertex 120.111 -18.6629 52
    endloop
  endfacet
  facet normal -0 0 1
    outer loop
      vertex 119.885 -18.7937 52
      vertex 122 -20 52
      vertex 120 -18.732 52
    endloop
  endfacet
  facet normal -0 0 1
    outer loop
      vertex 119.765 -18.8478 52
      vertex 122 -20 52
      vertex 119.885 -18.7937 52
    endloop
  endfacet
  facet normal -0 0 1
    outer loop
      vertex 119.643 -18.8939 52
      vertex 122 -20 52
      vertex 119.765 -18.8478 52
    endloop
  endfacet
  facet normal -0 0 1
    outer loop
      vertex 119.518 -18.9319 52
      vertex 122 -20 52
      vertex 119.643 -18.8939 52
    endloop
  endfacet
  facet normal -0 0 1
    outer loop
      vertex 119.39 -18.9616 52
      vertex 122 -20 52
      vertex 119.518 -18.9319 52
    endloop
  endfacet
  facet normal -0 0 1
    outer loop
      vertex 119.261 -18.9829 52
      vertex 122 -20 52
      vertex 119.39 -18.9616 52
    endloop
  endfacet
  facet normal -0 0 1
    outer loop
      vertex 119.131 -18.9957 52
      vertex 122 -20 52
      vertex 119.261 -18.9829 52
    endloop
  endfacet
  facet normal -0 0 1
    outer loop
      vertex 119 -19 52
      vertex 122 -20 52
      vertex 119.131 -18.9957 52
    endloop
  endfacet
  facet normal 0 0 1
    outer loop
      vertex 116 -20 52
      vertex 119 -19 52
      vertex 118.869 -18.9957 52
    endloop
  endfacet
  facet normal 0 0 1
    outer loop
      vertex 116 -20 52
      vertex 118.869 -18.9957 52
      vertex 118.739 -18.9829 52
    endloop
  endfacet
  facet normal 0 0 1
    outer loop
      vertex 116 -20 52
      vertex 118.739 -18.9829 52
      vertex 118.61 -18.9616 52
    endloop
  endfacet
  facet normal 0 0 1
    outer loop
      vertex 116 -20 52
      vertex 118.61 -18.9616 52
      vertex 118.482 -18.9319 52
    endloop
  endfacet
  facet normal 0 0 1
    outer loop
      vertex 116 -20 52
      vertex 118.482 -18.9319 52
      vertex 118.357 -18.8939 52
    endloop
  endfacet
  facet normal 0 0 1
    outer loop
      vertex 116 -20 52
      vertex 117 -17 52
      vertex 116 -14 52
    endloop
  endfacet
  facet normal 0 0 1
    outer loop
      vertex 117 -17 52
      vertex 116 -20 52
      vertex 117.004 -17.1308 52
    endloop
  endfacet
  facet normal 0 0 1
    outer loop
      vertex 117.004 -17.1308 52
      vertex 116 -20 52
      vertex 117.017 -17.2611 52
    endloop
  endfacet
  facet normal 0 0 1
    outer loop
      vertex 117.017 -17.2611 52
      vertex 116 -20 52
      vertex 117.038 -17.3902 52
    endloop
  endfacet
  facet normal 0 0 1
    outer loop
      vertex 117.038 -17.3902 52
      vertex 116 -20 52
      vertex 117.068 -17.5176 52
    endloop
  endfacet
  facet normal 0 0 1
    outer loop
      vertex 119 -19 52
      vertex 116 -20 52
      vertex 122 -20 52
    endloop
  endfacet
  facet normal 0 0 1
    outer loop
      vertex 118.235 -18.8478 52
      vertex 116 -20 52
      vertex 118.357 -18.8939 52
    endloop
  endfacet
  facet normal 0 0 1
    outer loop
      vertex 118.115 -18.7937 52
      vertex 116 -20 52
      vertex 118.235 -18.8478 52
    endloop
  endfacet
  facet normal 0 0 1
    outer loop
      vertex 118 -18.732 52
      vertex 116 -20 52
      vertex 118.115 -18.7937 52
    endloop
  endfacet
  facet normal 0 0 1
    outer loop
      vertex 117.889 -18.6629 52
      vertex 116 -20 52
      vertex 118 -18.732 52
    endloop
  endfacet
  facet normal 0 0 1
    outer loop
      vertex 117.782 -18.5867 52
      vertex 116 -20 52
      vertex 117.889 -18.6629 52
    endloop
  endfacet
  facet normal 0 0 1
    outer loop
      vertex 117.681 -18.5037 52
      vertex 116 -20 52
      vertex 117.782 -18.5867 52
    endloop
  endfacet
  facet normal 0 0 1
    outer loop
      vertex 117.586 -18.4142 52
      vertex 116 -20 52
      vertex 117.681 -18.5037 52
    endloop
  endfacet
  facet normal 0 0 1
    outer loop
      vertex 117.496 -18.3187 52
      vertex 116 -20 52
      vertex 117.586 -18.4142 52
    endloop
  endfacet
  facet normal 0 0 1
    outer loop
      vertex 117.413 -18.2175 52
      vertex 116 -20 52
      vertex 117.496 -18.3187 52
    endloop
  endfacet
  facet normal 0 0 1
    outer loop
      vertex 117.337 -18.1111 52
      vertex 116 -20 52
      vertex 117.413 -18.2175 52
    endloop
  endfacet
  facet normal 0 0 1
    outer loop
      vertex 117.268 -18 52
      vertex 116 -20 52
      vertex 117.337 -18.1111 52
    endloop
  endfacet
  facet normal 0 0 1
    outer loop
      vertex 117.206 -17.8846 52
      vertex 116 -20 52
      vertex 117.268 -18 52
    endloop
  endfacet
  facet normal 0 0 1
    outer loop
      vertex 117.152 -17.7654 52
      vertex 116 -20 52
      vertex 117.206 -17.8846 52
    endloop
  endfacet
  facet normal 0 0 1
    outer loop
      vertex 117.106 -17.6429 52
      vertex 116 -20 52
      vertex 117.152 -17.7654 52
    endloop
  endfacet
  facet normal 0 0 1
    outer loop
      vertex 117.068 -17.5176 52
      vertex 116 -20 52
      vertex 117.106 -17.6429 52
    endloop
  endfacet
  facet normal -1 0 0
    outer loop
      vertex 116 -20 4
      vertex 116 -14 52
      vertex 116 -14 4
    endloop
  endfacet
  facet normal -1 -0 0
    outer loop
      vertex 116 -14 52
      vertex 116 -20 4
      vertex 116 -20 52
    endloop
  endfacet
  facet normal 0 1 -0
    outer loop
      vertex 122 -14 4
      vertex 116 -14 52
      vertex 122 -14 52
    endloop
  endfacet
  facet normal 0 1 0
    outer loop
      vertex 116 -14 52
      vertex 122 -14 4
      vertex 116 -14 4
    endloop
  endfacet
  facet normal 0 -1 0
    outer loop
      vertex 116 -20 4
      vertex 122 -20 52
      vertex 116 -20 52
    endloop
  endfacet
  facet normal 0 -1 -0
    outer loop
      vertex 122 -20 52
      vertex 116 -20 4
      vertex 122 -20 4
    endloop
  endfacet
  facet normal 0 -0.956942 0.290279
    outer loop
      vertex -19 -8.40355 30.2517
      vertex -13 -8.23829 30.7965
      vertex -19 -8.23829 30.7965
    endloop
  endfacet
  facet normal 0 -0.956942 0.290279
    outer loop
      vertex -13 -8.23829 30.7965
      vertex -19 -8.40355 30.2517
      vertex -13 -8.40355 30.2517
    endloop
  endfacet
  facet normal 0 0.956942 0.290279
    outer loop
      vertex -13 8.40355 30.2517
      vertex -19 8.23829 30.7965
      vertex -13 8.23829 30.7965
    endloop
  endfacet
  facet normal 0 0.956942 0.290279
    outer loop
      vertex -19 8.23829 30.7965
      vertex -13 8.40355 30.2517
      vertex -19 8.40355 30.2517
    endloop
  endfacet
  facet normal 0 -0.996482 0.0838073
    outer loop
      vertex -19 -10.7477 4
      vertex -13 -8.68137 28.569
      vertex -19 -8.68137 28.569
    endloop
  endfacet
  facet normal 0 -0.996482 0.0838073
    outer loop
      vertex -13 -8.68137 28.569
      vertex -19 -10.7477 4
      vertex -13 -10.7477 4
    endloop
  endfacet
  facet normal 0 0.973872 0.227096
    outer loop
      vertex -13 8.53283 29.6973
      vertex -19 8.40355 30.2517
      vertex -13 8.40355 30.2517
    endloop
  endfacet
  facet normal 0 0.973872 0.227096
    outer loop
      vertex -19 8.40355 30.2517
      vertex -13 8.53283 29.6973
      vertex -19 8.53283 29.6973
    endloop
  endfacet
  facet normal -0 0.582467 0.812854
    outer loop
      vertex -19 5.29622 34.9022
      vertex -13 4.83346 35.2338
      vertex -13 5.29622 34.9022
    endloop
  endfacet
  facet normal 0 0.582467 0.812854
    outer loop
      vertex -13 4.83346 35.2338
      vertex -19 5.29622 34.9022
      vertex -19 4.83346 35.2338
    endloop
  endfacet
  facet normal 0 -0.881927 0.471386
    outer loop
      vertex -19 -7.80279 31.8479
      vertex -13 -7.53442 32.35
      vertex -19 -7.53442 32.35
    endloop
  endfacet
  facet normal 0 -0.881927 0.471386
    outer loop
      vertex -13 -7.53442 32.35
      vertex -19 -7.80279 31.8479
      vertex -13 -7.80279 31.8479
    endloop
  endfacet
  facet normal -0 0.683614 0.729844
    outer loop
      vertex -19 6.15183 34.1518
      vertex -13 5.73631 34.541
      vertex -13 6.15183 34.1518
    endloop
  endfacet
  facet normal 0 0.683614 0.729844
    outer loop
      vertex -13 5.73631 34.541
      vertex -19 6.15183 34.1518
      vertex -19 5.73631 34.541
    endloop
  endfacet
  facet normal 0 -0.973872 0.227096
    outer loop
      vertex -19 -8.53283 29.6973
      vertex -13 -8.40355 30.2517
      vertex -19 -8.40355 30.2517
    endloop
  endfacet
  facet normal 0 -0.973872 0.227096
    outer loop
      vertex -13 -8.40355 30.2517
      vertex -19 -8.53283 29.6973
      vertex -13 -8.53283 29.6973
    endloop
  endfacet
  facet normal 0 0.849218 0.528043
    outer loop
      vertex -13 7.53442 32.35
      vertex -19 7.23378 32.8335
      vertex -13 7.23378 32.8335
    endloop
  endfacet
  facet normal 0 0.849218 0.528043
    outer loop
      vertex -19 7.23378 32.8335
      vertex -13 7.53442 32.35
      vertex -19 7.53442 32.35
    endloop
  endfacet
  facet normal 0 -0.528052 0.849212
    outer loop
      vertex -19 -4.39603 35.5058
      vertex -13 -4.83346 35.2338
      vertex -13 -4.39603 35.5058
    endloop
  endfacet
  facet normal 0 -0.528052 0.849212
    outer loop
      vertex -13 -4.83346 35.2338
      vertex -19 -4.39603 35.5058
      vertex -19 -4.83346 35.2338
    endloop
  endfacet
  facet normal -0 0.634422 0.772987
    outer loop
      vertex -19 5.73631 34.541
      vertex -13 5.29622 34.9022
      vertex -13 5.73631 34.541
    endloop
  endfacet
  facet normal 0 0.634422 0.772987
    outer loop
      vertex -13 5.29622 34.9022
      vertex -19 5.73631 34.541
      vertex -19 5.29622 34.9022
    endloop
  endfacet
  facet normal 0 -0.582467 0.812854
    outer loop
      vertex -19 -4.83346 35.2338
      vertex -13 -5.29622 34.9022
      vertex -13 -4.83346 35.2338
    endloop
  endfacet
  facet normal 0 -0.582467 0.812854
    outer loop
      vertex -13 -5.29622 34.9022
      vertex -19 -4.83346 35.2338
      vertex -19 -5.29622 34.9022
    endloop
  endfacet
  facet normal 0 -0.773028 0.634372
    outer loop
      vertex -19 -6.90217 33.2962
      vertex -13 -6.54101 33.7363
      vertex -19 -6.54101 33.7363
    endloop
  endfacet
  facet normal 0 -0.773028 0.634372
    outer loop
      vertex -13 -6.54101 33.7363
      vertex -19 -6.90217 33.2962
      vertex -13 -6.90217 33.2962
    endloop
  endfacet
  facet normal 0 0.995186 0.098008
    outer loop
      vertex -13 8.68137 28.569
      vertex -19 8.62557 29.1356
      vertex -13 8.62557 29.1356
    endloop
  endfacet
  facet normal 0 0.995186 0.098008
    outer loop
      vertex -19 8.62557 29.1356
      vertex -13 8.68137 28.569
      vertex -19 8.68137 28.569
    endloop
  endfacet
  facet normal 0 0.935901 0.352263
    outer loop
      vertex -13 8.23829 30.7965
      vertex -19 8.03775 31.3293
      vertex -13 8.03775 31.3293
    endloop
  endfacet
  facet normal 0 0.935901 0.352263
    outer loop
      vertex -19 8.03775 31.3293
      vertex -13 8.23829 30.7965
      vertex -19 8.23829 30.7965
    endloop
  endfacet
  facet normal 0 -0.910873 0.412686
    outer loop
      vertex -19 -8.03775 31.3293
      vertex -13 -7.80279 31.8479
      vertex -19 -7.80279 31.8479
    endloop
  endfacet
  facet normal 0 -0.910873 0.412686
    outer loop
      vertex -13 -7.80279 31.8479
      vertex -19 -8.03775 31.3293
      vertex -13 -8.03775 31.3293
    endloop
  endfacet
  facet normal 0 0.773028 0.634372
    outer loop
      vertex -13 6.90217 33.2962
      vertex -19 6.54101 33.7363
      vertex -13 6.54101 33.7363
    endloop
  endfacet
  facet normal 0 0.773028 0.634372
    outer loop
      vertex -19 6.54101 33.7363
      vertex -13 6.90217 33.2962
      vertex -19 6.90217 33.2962
    endloop
  endfacet
  facet normal 0 -0.634422 0.772987
    outer loop
      vertex -19 -5.29622 34.9022
      vertex -13 -5.73631 34.541
      vertex -13 -5.29622 34.9022
    endloop
  endfacet
  facet normal 0 -0.634422 0.772987
    outer loop
      vertex -13 -5.73631 34.541
      vertex -19 -5.29622 34.9022
      vertex -19 -5.73631 34.541
    endloop
  endfacet
  facet normal 0 0.81281 0.582529
    outer loop
      vertex -13 7.23378 32.8335
      vertex -19 6.90217 33.2962
      vertex -13 6.90217 33.2962
    endloop
  endfacet
  facet normal 0 0.81281 0.582529
    outer loop
      vertex -19 6.90217 33.2962
      vertex -13 7.23378 32.8335
      vertex -19 7.23378 32.8335
    endloop
  endfacet
  facet normal 0 -0.729845 0.683613
    outer loop
      vertex -19 -6.54101 33.7363
      vertex -13 -6.15183 34.1518
      vertex -19 -6.15183 34.1518
    endloop
  endfacet
  facet normal 0 -0.729845 0.683613
    outer loop
      vertex -13 -6.15183 34.1518
      vertex -19 -6.54101 33.7363
      vertex -13 -6.54101 33.7363
    endloop
  endfacet
  facet normal 0 0.986642 0.162901
    outer loop
      vertex -13 8.62557 29.1356
      vertex -19 8.53283 29.6973
      vertex -13 8.53283 29.6973
    endloop
  endfacet
  facet normal 0 0.986642 0.162901
    outer loop
      vertex -19 8.53283 29.6973
      vertex -13 8.62557 29.1356
      vertex -19 8.62557 29.1356
    endloop
  endfacet
  facet normal 0 -0.935901 0.352263
    outer loop
      vertex -19 -8.23829 30.7965
      vertex -13 -8.03775 31.3293
      vertex -19 -8.03775 31.3293
    endloop
  endfacet
  facet normal 0 -0.935901 0.352263
    outer loop
      vertex -13 -8.03775 31.3293
      vertex -19 -8.23829 30.7965
      vertex -13 -8.23829 30.7965
    endloop
  endfacet
  facet normal 0 0.996482 0.0838073
    outer loop
      vertex -13 10.7477 4
      vertex -19 8.68137 28.569
      vertex -13 8.68137 28.569
    endloop
  endfacet
  facet normal 0 0.996482 0.0838073
    outer loop
      vertex -19 8.68137 28.569
      vertex -13 10.7477 4
      vertex -19 10.7477 4
    endloop
  endfacet
  facet normal 0 0.910873 0.412686
    outer loop
      vertex -13 8.03775 31.3293
      vertex -19 7.80279 31.8479
      vertex -13 7.80279 31.8479
    endloop
  endfacet
  facet normal 0 0.910873 0.412686
    outer loop
      vertex -19 7.80279 31.8479
      vertex -13 8.03775 31.3293
      vertex -19 8.03775 31.3293
    endloop
  endfacet
  facet normal 0 -0.683614 0.729844
    outer loop
      vertex -19 -5.73631 34.541
      vertex -13 -6.15183 34.1518
      vertex -13 -5.73631 34.541
    endloop
  endfacet
  facet normal 0 -0.683614 0.729844
    outer loop
      vertex -13 -6.15183 34.1518
      vertex -19 -5.73631 34.541
      vertex -19 -6.15183 34.1518
    endloop
  endfacet
  facet normal 0 -0.81281 0.582529
    outer loop
      vertex -19 -7.23378 32.8335
      vertex -13 -6.90217 33.2962
      vertex -19 -6.90217 33.2962
    endloop
  endfacet
  facet normal 0 -0.81281 0.582529
    outer loop
      vertex -13 -6.90217 33.2962
      vertex -19 -7.23378 32.8335
      vertex -13 -7.23378 32.8335
    endloop
  endfacet
  facet normal 0 -0.849218 0.528043
    outer loop
      vertex -19 -7.53442 32.35
      vertex -13 -7.23378 32.8335
      vertex -19 -7.23378 32.8335
    endloop
  endfacet
  facet normal 0 -0.849218 0.528043
    outer loop
      vertex -13 -7.23378 32.8335
      vertex -19 -7.53442 32.35
      vertex -13 -7.53442 32.35
    endloop
  endfacet
  facet normal 0 0.729845 0.683613
    outer loop
      vertex -13 6.54101 33.7363
      vertex -19 6.15183 34.1518
      vertex -13 6.15183 34.1518
    endloop
  endfacet
  facet normal 0 0.729845 0.683613
    outer loop
      vertex -19 6.15183 34.1518
      vertex -13 6.54101 33.7363
      vertex -19 6.54101 33.7363
    endloop
  endfacet
  facet normal 0 -0.986642 0.162901
    outer loop
      vertex -19 -8.62557 29.1356
      vertex -13 -8.53283 29.6973
      vertex -19 -8.53283 29.6973
    endloop
  endfacet
  facet normal 0 -0.986642 0.162901
    outer loop
      vertex -13 -8.53283 29.6973
      vertex -19 -8.62557 29.1356
      vertex -13 -8.62557 29.1356
    endloop
  endfacet
  facet normal 0 -0.995186 0.098008
    outer loop
      vertex -19 -8.68137 28.569
      vertex -13 -8.62557 29.1356
      vertex -19 -8.62557 29.1356
    endloop
  endfacet
  facet normal 0 -0.995186 0.098008
    outer loop
      vertex -13 -8.62557 29.1356
      vertex -19 -8.68137 28.569
      vertex -13 -8.68137 28.569
    endloop
  endfacet
  facet normal 0 0.881927 0.471386
    outer loop
      vertex -13 7.80279 31.8479
      vertex -19 7.53442 32.35
      vertex -13 7.53442 32.35
    endloop
  endfacet
  facet normal 0 0.881927 0.471386
    outer loop
      vertex -19 7.53442 32.35
      vertex -13 7.80279 31.8479
      vertex -19 7.80279 31.8479
    endloop
  endfacet
  facet normal -1 0 0
    outer loop
      vertex -19 4.12544 24.8344
      vertex -19 8.68137 28.569
      vertex -19 10.7477 4
    endloop
  endfacet
  facet normal -1 0 -0
    outer loop
      vertex -19 4.50333 25.4
      vertex -19 8.68137 28.569
      vertex -19 4.32364 25.111
    endloop
  endfacet
  facet normal -1 0 -0
    outer loop
      vertex -19 4.80417 26.01
      vertex -19 8.68137 28.569
      vertex -19 4.66374 25.7001
    endloop
  endfacet
  facet normal -1 0 -0
    outer loop
      vertex -19 5.02281 26.6541
      vertex -19 8.68137 28.569
      vertex -19 4.92404 26.3285
    endloop
  endfacet
  facet normal -1 0 -0
    outer loop
      vertex -19 5.10008 26.9855
      vertex -19 8.68137 28.569
      vertex -19 5.02281 26.6541
    endloop
  endfacet
  facet normal -1 0 -0
    outer loop
      vertex -19 5.18887 27.6599
      vertex -19 8.68137 28.569
      vertex -19 5.15551 27.3213
    endloop
  endfacet
  facet normal -1 0 0
    outer loop
      vertex -19 5.18887 28.3401
      vertex -19 8.68137 28.569
      vertex -19 5.2 28
    endloop
  endfacet
  facet normal -1 0 0
    outer loop
      vertex -19 5.15551 28.6787
      vertex -19 8.62557 29.1356
      vertex -19 5.18887 28.3401
    endloop
  endfacet
  facet normal -1 0 0
    outer loop
      vertex -19 5.10008 29.0145
      vertex -19 8.53283 29.6973
      vertex -19 5.15551 28.6787
    endloop
  endfacet
  facet normal -1 -0 0
    outer loop
      vertex -19 8.53283 29.6973
      vertex -19 5.10008 29.0145
      vertex -19 8.40355 30.2517
    endloop
  endfacet
  facet normal -1 -0 0
    outer loop
      vertex -19 8.40355 30.2517
      vertex -19 5.02281 29.3459
      vertex -19 8.23829 30.7965
    endloop
  endfacet
  facet normal -1 -0 0
    outer loop
      vertex -19 8.23829 30.7965
      vertex -19 4.92404 29.6715
      vertex -19 8.03775 31.3293
    endloop
  endfacet
  facet normal -1 -0 0
    outer loop
      vertex -19 8.03775 31.3293
      vertex -19 4.80417 29.99
      vertex -19 7.80279 31.8479
    endloop
  endfacet
  facet normal -1 0 0
    outer loop
      vertex -19 4.66374 30.2999
      vertex -19 7.80279 31.8479
      vertex -19 4.80417 29.99
    endloop
  endfacet
  facet normal -1 0 0
    outer loop
      vertex -19 4.80417 29.99
      vertex -19 8.03775 31.3293
      vertex -19 4.92404 29.6715
    endloop
  endfacet
  facet normal -1 0 0
    outer loop
      vertex -19 4.92404 29.6715
      vertex -19 8.23829 30.7965
      vertex -19 5.02281 29.3459
    endloop
  endfacet
  facet normal -1 0 0
    outer loop
      vertex -19 5.02281 29.3459
      vertex -19 8.40355 30.2517
      vertex -19 5.10008 29.0145
    endloop
  endfacet
  facet normal -1 -0 0
    outer loop
      vertex -19 8.62557 29.1356
      vertex -19 5.15551 28.6787
      vertex -19 8.53283 29.6973
    endloop
  endfacet
  facet normal -1 -0 0
    outer loop
      vertex -19 8.68137 28.569
      vertex -19 5.18887 28.3401
      vertex -19 8.62557 29.1356
    endloop
  endfacet
  facet normal -1 0 -0
    outer loop
      vertex -19 5.2 28
      vertex -19 8.68137 28.569
      vertex -19 5.18887 27.6599
    endloop
  endfacet
  facet normal -1 0 -0
    outer loop
      vertex -19 5.15551 27.3213
      vertex -19 8.68137 28.569
      vertex -19 5.10008 26.9855
    endloop
  endfacet
  facet normal -1 0 -0
    outer loop
      vertex -19 4.92404 26.3285
      vertex -19 8.68137 28.569
      vertex -19 4.80417 26.01
    endloop
  endfacet
  facet normal -1 0 -0
    outer loop
      vertex -19 4.66374 25.7001
      vertex -19 8.68137 28.569
      vertex -19 4.50333 25.4
    endloop
  endfacet
  facet normal -1 0 0
    outer loop
      vertex -19 8.68137 28.569
      vertex -19 4.12544 24.8344
      vertex -19 4.32364 25.111
    endloop
  endfacet
  facet normal -1 0 0
    outer loop
      vertex -19 10.7477 4
      vertex -19 3.90957 24.5714
      vertex -19 4.12544 24.8344
    endloop
  endfacet
  facet normal -1 0 0
    outer loop
      vertex -19 10.7477 4
      vertex -19 3.67696 24.323
      vertex -19 3.90957 24.5714
    endloop
  endfacet
  facet normal -1 0 0
    outer loop
      vertex -19 10.7477 4
      vertex -19 3.4286 24.0904
      vertex -19 3.67696 24.323
    endloop
  endfacet
  facet normal -1 0 0
    outer loop
      vertex -19 10.7477 4
      vertex -19 3.16556 23.8746
      vertex -19 3.4286 24.0904
    endloop
  endfacet
  facet normal -1 0 0
    outer loop
      vertex -19 10.7477 4
      vertex -19 2.88896 23.6764
      vertex -19 3.16556 23.8746
    endloop
  endfacet
  facet normal -1 0 0
    outer loop
      vertex -19 10.7477 4
      vertex -19 2.6 23.4967
      vertex -19 2.88896 23.6764
    endloop
  endfacet
  facet normal -1 0 0
    outer loop
      vertex -19 10.7477 4
      vertex -19 2.2999 23.3363
      vertex -19 2.6 23.4967
    endloop
  endfacet
  facet normal -1 0 0
    outer loop
      vertex -19 10.7477 4
      vertex -19 1.98995 23.1958
      vertex -19 2.2999 23.3363
    endloop
  endfacet
  facet normal -1 0 0
    outer loop
      vertex -19 10.7477 4
      vertex -19 1.67148 23.076
      vertex -19 1.98995 23.1958
    endloop
  endfacet
  facet normal -1 0 0
    outer loop
      vertex -19 10.7477 4
      vertex -19 1.34586 22.9772
      vertex -19 1.67148 23.076
    endloop
  endfacet
  facet normal -1 0 0
    outer loop
      vertex -19 10.7477 4
      vertex -19 1.01447 22.8999
      vertex -19 1.34586 22.9772
    endloop
  endfacet
  facet normal -1 0 0
    outer loop
      vertex -19 10.7477 4
      vertex -19 0.678736 22.8445
      vertex -19 1.01447 22.8999
    endloop
  endfacet
  facet normal -1 0 0
    outer loop
      vertex -19 10.7477 4
      vertex -19 0.340096 22.8111
      vertex -19 0.678736 22.8445
    endloop
  endfacet
  facet normal -1 0 0
    outer loop
      vertex -19 10.7477 4
      vertex -19 0 22.8
      vertex -19 0.340096 22.8111
    endloop
  endfacet
  facet normal -1 0 0
    outer loop
      vertex -19 -10.7477 4
      vertex -19 0 22.8
      vertex -19 10.7477 4
    endloop
  endfacet
  facet normal -1 -0 0
    outer loop
      vertex -19 0 22.8
      vertex -19 -10.7477 4
      vertex -19 -0.340096 22.8111
    endloop
  endfacet
  facet normal -1 -0 0
    outer loop
      vertex -19 -0.340096 22.8111
      vertex -19 -10.7477 4
      vertex -19 -0.678736 22.8445
    endloop
  endfacet
  facet normal -1 -0 0
    outer loop
      vertex -19 -0.678736 22.8445
      vertex -19 -10.7477 4
      vertex -19 -1.01447 22.8999
    endloop
  endfacet
  facet normal -1 -0 0
    outer loop
      vertex -19 -1.01447 22.8999
      vertex -19 -10.7477 4
      vertex -19 -1.34586 22.9772
    endloop
  endfacet
  facet normal -1 -0 0
    outer loop
      vertex -19 -1.34586 22.9772
      vertex -19 -10.7477 4
      vertex -19 -1.67148 23.076
    endloop
  endfacet
  facet normal -1 -0 0
    outer loop
      vertex -19 -1.67148 23.076
      vertex -19 -10.7477 4
      vertex -19 -1.98995 23.1958
    endloop
  endfacet
  facet normal -1 -0 0
    outer loop
      vertex -19 -1.98995 23.1958
      vertex -19 -10.7477 4
      vertex -19 -2.2999 23.3363
    endloop
  endfacet
  facet normal -1 -0 0
    outer loop
      vertex -19 -2.2999 23.3363
      vertex -19 -10.7477 4
      vertex -19 -2.6 23.4967
    endloop
  endfacet
  facet normal -1 -0 0
    outer loop
      vertex -19 -2.6 23.4967
      vertex -19 -10.7477 4
      vertex -19 -2.88896 23.6764
    endloop
  endfacet
  facet normal -1 -0 0
    outer loop
      vertex -19 -2.88896 23.6764
      vertex -19 -10.7477 4
      vertex -19 -3.16556 23.8746
    endloop
  endfacet
  facet normal -1 -0 0
    outer loop
      vertex -19 -3.16556 23.8746
      vertex -19 -10.7477 4
      vertex -19 -3.4286 24.0904
    endloop
  endfacet
  facet normal -1 -0 0
    outer loop
      vertex -19 -3.4286 24.0904
      vertex -19 -10.7477 4
      vertex -19 -3.67696 24.323
    endloop
  endfacet
  facet normal -1 -0 0
    outer loop
      vertex -19 -3.67696 24.323
      vertex -19 -10.7477 4
      vertex -19 -3.90957 24.5714
    endloop
  endfacet
  facet normal -1 -0 0
    outer loop
      vertex -19 -3.90957 24.5714
      vertex -19 -10.7477 4
      vertex -19 -4.12544 24.8344
    endloop
  endfacet
  facet normal -1 0 0
    outer loop
      vertex -19 -3.79999 34.5
      vertex -19 -5.73631 34.541
      vertex -19 -5.29622 34.9022
    endloop
  endfacet
  facet normal -1 0 0
    outer loop
      vertex -19 -8.68137 28.569
      vertex -19 -5.2 28
      vertex -19 -5.18887 27.6599
    endloop
  endfacet
  facet normal -1 0 0
    outer loop
      vertex -19 -5.18887 28.3401
      vertex -19 -6.15183 34.1518
      vertex -19 -5.73631 34.541
    endloop
  endfacet
  facet normal -1 0 0
    outer loop
      vertex -19 -8.68137 28.569
      vertex -19 -5.18887 27.6599
      vertex -19 -5.15551 27.3213
    endloop
  endfacet
  facet normal -1 0 0
    outer loop
      vertex -19 -5.18887 28.3401
      vertex -19 -6.54101 33.7363
      vertex -19 -6.15183 34.1518
    endloop
  endfacet
  facet normal -1 0 0
    outer loop
      vertex -19 -8.68137 28.569
      vertex -19 -5.15551 27.3213
      vertex -19 -5.10008 26.9855
    endloop
  endfacet
  facet normal -1 0 0
    outer loop
      vertex -19 -5.18887 28.3401
      vertex -19 -6.90217 33.2962
      vertex -19 -6.54101 33.7363
    endloop
  endfacet
  facet normal -1 0 0
    outer loop
      vertex -19 -8.68137 28.569
      vertex -19 -5.10008 26.9855
      vertex -19 -5.02281 26.6541
    endloop
  endfacet
  facet normal -1 0 0
    outer loop
      vertex -19 -5.18887 28.3401
      vertex -19 -7.23378 32.8335
      vertex -19 -6.90217 33.2962
    endloop
  endfacet
  facet normal -1 0 0
    outer loop
      vertex -19 -8.68137 28.569
      vertex -19 -5.02281 26.6541
      vertex -19 -4.92404 26.3285
    endloop
  endfacet
  facet normal -1 0 0
    outer loop
      vertex -19 -5.18887 28.3401
      vertex -19 -7.53442 32.35
      vertex -19 -7.23378 32.8335
    endloop
  endfacet
  facet normal -1 0 0
    outer loop
      vertex -19 -8.68137 28.569
      vertex -19 -4.92404 26.3285
      vertex -19 -4.80417 26.01
    endloop
  endfacet
  facet normal -1 0 0
    outer loop
      vertex -19 -5.18887 28.3401
      vertex -19 -7.80279 31.8479
      vertex -19 -7.53442 32.35
    endloop
  endfacet
  facet normal -1 0 0
    outer loop
      vertex -19 -8.68137 28.569
      vertex -19 -4.80417 26.01
      vertex -19 -4.66374 25.7001
    endloop
  endfacet
  facet normal -1 0 0
    outer loop
      vertex -19 -5.18887 28.3401
      vertex -19 -8.03775 31.3293
      vertex -19 -7.80279 31.8479
    endloop
  endfacet
  facet normal -1 0 0
    outer loop
      vertex -19 -8.68137 28.569
      vertex -19 -4.66374 25.7001
      vertex -19 -4.50333 25.4
    endloop
  endfacet
  facet normal -1 0 0
    outer loop
      vertex -19 -5.18887 28.3401
      vertex -19 -8.23829 30.7965
      vertex -19 -8.03775 31.3293
    endloop
  endfacet
  facet normal -1 0 0
    outer loop
      vertex -19 -8.68137 28.569
      vertex -19 -4.50333 25.4
      vertex -19 -4.32364 25.111
    endloop
  endfacet
  facet normal -1 0 0
    outer loop
      vertex -19 -5.18887 28.3401
      vertex -19 -8.40355 30.2517
      vertex -19 -8.23829 30.7965
    endloop
  endfacet
  facet normal -1 0 -0
    outer loop
      vertex -19 -8.68137 28.569
      vertex -19 -4.12544 24.8344
      vertex -19 -10.7477 4
    endloop
  endfacet
  facet normal -1 0 0
    outer loop
      vertex -19 -5.18887 28.3401
      vertex -19 -8.68137 28.569
      vertex -19 -8.62557 29.1356
    endloop
  endfacet
  facet normal -1 0 0
    outer loop
      vertex -19 -5.18887 28.3401
      vertex -19 -8.53283 29.6973
      vertex -19 -8.40355 30.2517
    endloop
  endfacet
  facet normal -1 0 0
    outer loop
      vertex -19 -5.18887 28.3401
      vertex -19 -8.62557 29.1356
      vertex -19 -8.53283 29.6973
    endloop
  endfacet
  facet normal -1 0 0
    outer loop
      vertex -19 -4.12544 24.8344
      vertex -19 -8.68137 28.569
      vertex -19 -4.32364 25.111
    endloop
  endfacet
  facet normal -1 -0 0
    outer loop
      vertex -19 7.80279 31.8479
      vertex -19 4.66374 30.2999
      vertex -19 7.53442 32.35
    endloop
  endfacet
  facet normal -1 0 0
    outer loop
      vertex -19 4.50333 30.6
      vertex -19 7.53442 32.35
      vertex -19 4.66374 30.2999
    endloop
  endfacet
  facet normal -1 -0 0
    outer loop
      vertex -19 7.53442 32.35
      vertex -19 4.50333 30.6
      vertex -19 7.23378 32.8335
    endloop
  endfacet
  facet normal -1 0 0
    outer loop
      vertex -19 4.32364 30.889
      vertex -19 7.23378 32.8335
      vertex -19 4.50333 30.6
    endloop
  endfacet
  facet normal -1 -0 0
    outer loop
      vertex -19 7.23378 32.8335
      vertex -19 4.32364 30.889
      vertex -19 6.90217 33.2962
    endloop
  endfacet
  facet normal -1 0 0
    outer loop
      vertex -19 4.12544 31.1656
      vertex -19 6.90217 33.2962
      vertex -19 4.32364 30.889
    endloop
  endfacet
  facet normal -1 -0 0
    outer loop
      vertex -19 6.90217 33.2962
      vertex -19 4.12544 31.1656
      vertex -19 6.54101 33.7363
    endloop
  endfacet
  facet normal -1 0 0
    outer loop
      vertex -19 3.90957 31.4286
      vertex -19 6.54101 33.7363
      vertex -19 4.12544 31.1656
    endloop
  endfacet
  facet normal -1 0 0
    outer loop
      vertex -19 3.79999 31.5456
      vertex -19 6.54101 33.7363
      vertex -19 3.90957 31.4286
    endloop
  endfacet
  facet normal -1 -0 0
    outer loop
      vertex -19 6.54101 33.7363
      vertex -19 3.79999 31.5456
      vertex -19 6.15183 34.1518
    endloop
  endfacet
  facet normal -1 0 0
    outer loop
      vertex -19 3.79999 34.5
      vertex -19 6.15183 34.1518
      vertex -19 3.79999 31.5456
    endloop
  endfacet
  facet normal -1 0 0
    outer loop
      vertex -19 6.15183 34.1518
      vertex -19 3.79999 34.5
      vertex -19 5.73631 34.541
    endloop
  endfacet
  facet normal -1 -0 0
    outer loop
      vertex -19 5.29622 34.9022
      vertex -19 3.79999 34.5
      vertex -19 4.83346 35.2338
    endloop
  endfacet
  facet normal -1 -0 0
    outer loop
      vertex -19 5.73631 34.541
      vertex -19 3.79999 34.5
      vertex -19 5.29622 34.9022
    endloop
  endfacet
  facet normal -1 -0 0
    outer loop
      vertex -19 4.83346 35.2338
      vertex -19 3.79999 34.5
      vertex -19 4.39603 35.5058
    endloop
  endfacet
  facet normal -1 0 0
    outer loop
      vertex -19 -5.73631 34.541
      vertex -19 -3.79999 31.5456
      vertex -19 -3.90957 31.4286
    endloop
  endfacet
  facet normal -1 0 0
    outer loop
      vertex -19 -5.73631 34.541
      vertex -19 -3.90957 31.4286
      vertex -19 -4.12544 31.1656
    endloop
  endfacet
  facet normal -1 0 0
    outer loop
      vertex -19 -5.73631 34.541
      vertex -19 -4.12544 31.1656
      vertex -19 -4.32364 30.889
    endloop
  endfacet
  facet normal -1 0 0
    outer loop
      vertex -19 -5.73631 34.541
      vertex -19 -3.79999 34.5
      vertex -19 -3.79999 31.5456
    endloop
  endfacet
  facet normal -1 0 0
    outer loop
      vertex -19 -5.73631 34.541
      vertex -19 -4.32364 30.889
      vertex -19 -4.50333 30.6
    endloop
  endfacet
  facet normal -1 0 0
    outer loop
      vertex -19 -5.73631 34.541
      vertex -19 -4.50333 30.6
      vertex -19 -4.66374 30.2999
    endloop
  endfacet
  facet normal -1 0 0
    outer loop
      vertex -19 -5.73631 34.541
      vertex -19 -4.66374 30.2999
      vertex -19 -4.80417 29.99
    endloop
  endfacet
  facet normal -1 0 0
    outer loop
      vertex -19 -3.79999 34.5
      vertex -19 -4.83346 35.2338
      vertex -19 -4.39603 35.5058
    endloop
  endfacet
  facet normal -1 0 0
    outer loop
      vertex -19 -5.73631 34.541
      vertex -19 -4.80417 29.99
      vertex -19 -4.92404 29.6715
    endloop
  endfacet
  facet normal -1 0 0
    outer loop
      vertex -19 -5.73631 34.541
      vertex -19 -4.92404 29.6715
      vertex -19 -5.02281 29.3459
    endloop
  endfacet
  facet normal -1 0 0
    outer loop
      vertex -19 -5.73631 34.541
      vertex -19 -5.02281 29.3459
      vertex -19 -5.10008 29.0145
    endloop
  endfacet
  facet normal -1 0 0
    outer loop
      vertex -19 -5.73631 34.541
      vertex -19 -5.10008 29.0145
      vertex -19 -5.15551 28.6787
    endloop
  endfacet
  facet normal -1 0 0
    outer loop
      vertex -19 -5.73631 34.541
      vertex -19 -5.15551 28.6787
      vertex -19 -5.18887 28.3401
    endloop
  endfacet
  facet normal -1 0 0
    outer loop
      vertex -19 -3.79999 34.5
      vertex -19 -5.29622 34.9022
      vertex -19 -4.83346 35.2338
    endloop
  endfacet
  facet normal -1 0 0
    outer loop
      vertex -19 -8.68137 28.569
      vertex -19 -5.18887 28.3401
      vertex -19 -5.2 28
    endloop
  endfacet
  facet normal -0 0.528052 0.849212
    outer loop
      vertex -19 4.83346 35.2338
      vertex -13 4.39603 35.5058
      vertex -13 4.83346 35.2338
    endloop
  endfacet
  facet normal 0 0.528052 0.849212
    outer loop
      vertex -13 4.39603 35.5058
      vertex -19 4.83346 35.2338
      vertex -19 4.39603 35.5058
    endloop
  endfacet
  facet normal 1 -0 0
    outer loop
      vertex -13 -6.15183 34.1518
      vertex -13 -3.79999 31.5456
      vertex -13 -3.79999 34.5
    endloop
  endfacet
  facet normal 1 -0 0
    outer loop
      vertex -13 -6.54101 33.7363
      vertex -13 -3.79999 31.5456
      vertex -13 -6.15183 34.1518
    endloop
  endfacet
  facet normal 1 0 0
    outer loop
      vertex -13 -3.79999 31.5456
      vertex -13 -6.54101 33.7363
      vertex -13 -3.90957 31.4286
    endloop
  endfacet
  facet normal 1 -0 0
    outer loop
      vertex -13 -4.83346 35.2338
      vertex -13 -3.79999 34.5
      vertex -13 -4.39603 35.5058
    endloop
  endfacet
  facet normal 1 -0 0
    outer loop
      vertex -13 -5.29622 34.9022
      vertex -13 -3.79999 34.5
      vertex -13 -4.83346 35.2338
    endloop
  endfacet
  facet normal 1 -0 0
    outer loop
      vertex -13 -5.73631 34.541
      vertex -13 -3.79999 34.5
      vertex -13 -5.29622 34.9022
    endloop
  endfacet
  facet normal 1 0 0
    outer loop
      vertex -13 -6.15183 34.1518
      vertex -13 -3.79999 34.5
      vertex -13 -5.73631 34.541
    endloop
  endfacet
  facet normal 1 0 0
    outer loop
      vertex -13 -3.90957 31.4286
      vertex -13 -6.54101 33.7363
      vertex -13 -4.12544 31.1656
    endloop
  endfacet
  facet normal 1 -0 0
    outer loop
      vertex -13 -6.90217 33.2962
      vertex -13 -4.12544 31.1656
      vertex -13 -6.54101 33.7363
    endloop
  endfacet
  facet normal 1 0 0
    outer loop
      vertex -13 -4.12544 31.1656
      vertex -13 -6.90217 33.2962
      vertex -13 -4.32364 30.889
    endloop
  endfacet
  facet normal 1 -0 0
    outer loop
      vertex -13 -7.23378 32.8335
      vertex -13 -4.32364 30.889
      vertex -13 -6.90217 33.2962
    endloop
  endfacet
  facet normal 1 0 0
    outer loop
      vertex -13 -4.32364 30.889
      vertex -13 -7.23378 32.8335
      vertex -13 -4.50333 30.6
    endloop
  endfacet
  facet normal 1 -0 0
    outer loop
      vertex -13 -7.53442 32.35
      vertex -13 -4.50333 30.6
      vertex -13 -7.23378 32.8335
    endloop
  endfacet
  facet normal 1 -0 0
    outer loop
      vertex -13 -7.80279 31.8479
      vertex -13 -4.66374 30.2999
      vertex -13 -7.53442 32.35
    endloop
  endfacet
  facet normal 1 0 0
    outer loop
      vertex -13 -4.50333 30.6
      vertex -13 -7.53442 32.35
      vertex -13 -4.66374 30.2999
    endloop
  endfacet
  facet normal 1 0 0
    outer loop
      vertex -13 8.68137 28.569
      vertex -13 5.18887 28.3401
      vertex -13 5.2 28
    endloop
  endfacet
  facet normal 1 0 0
    outer loop
      vertex -13 5.73631 34.541
      vertex -13 5.15551 28.6787
      vertex -13 5.18887 28.3401
    endloop
  endfacet
  facet normal 1 0 0
    outer loop
      vertex -13 5.73631 34.541
      vertex -13 5.10008 29.0145
      vertex -13 5.15551 28.6787
    endloop
  endfacet
  facet normal 1 0 0
    outer loop
      vertex -13 5.73631 34.541
      vertex -13 5.02281 29.3459
      vertex -13 5.10008 29.0145
    endloop
  endfacet
  facet normal 1 0 0
    outer loop
      vertex -13 5.73631 34.541
      vertex -13 4.92404 29.6715
      vertex -13 5.02281 29.3459
    endloop
  endfacet
  facet normal 1 0 0
    outer loop
      vertex -13 3.79999 34.5
      vertex -13 5.29622 34.9022
      vertex -13 4.83346 35.2338
    endloop
  endfacet
  facet normal 1 0 0
    outer loop
      vertex -13 5.73631 34.541
      vertex -13 4.80417 29.99
      vertex -13 4.92404 29.6715
    endloop
  endfacet
  facet normal 1 0 0
    outer loop
      vertex -13 5.73631 34.541
      vertex -13 4.66374 30.2999
      vertex -13 4.80417 29.99
    endloop
  endfacet
  facet normal 1 0 0
    outer loop
      vertex -13 5.73631 34.541
      vertex -13 4.50333 30.6
      vertex -13 4.66374 30.2999
    endloop
  endfacet
  facet normal 1 0 0
    outer loop
      vertex -13 3.79999 34.5
      vertex -13 4.83346 35.2338
      vertex -13 4.39603 35.5058
    endloop
  endfacet
  facet normal 1 0 0
    outer loop
      vertex -13 5.73631 34.541
      vertex -13 4.32364 30.889
      vertex -13 4.50333 30.6
    endloop
  endfacet
  facet normal 1 0 0
    outer loop
      vertex -13 5.73631 34.541
      vertex -13 4.12544 31.1656
      vertex -13 4.32364 30.889
    endloop
  endfacet
  facet normal 1 0 0
    outer loop
      vertex -13 5.73631 34.541
      vertex -13 3.79999 34.5
      vertex -13 3.79999 31.5456
    endloop
  endfacet
  facet normal 1 0 0
    outer loop
      vertex -13 5.73631 34.541
      vertex -13 3.90957 31.4286
      vertex -13 4.12544 31.1656
    endloop
  endfacet
  facet normal 1 0 0
    outer loop
      vertex -13 5.73631 34.541
      vertex -13 3.79999 31.5456
      vertex -13 3.90957 31.4286
    endloop
  endfacet
  facet normal 1 0 0
    outer loop
      vertex -13 5.18887 28.3401
      vertex -13 8.68137 28.569
      vertex -13 8.62557 29.1356
    endloop
  endfacet
  facet normal 1 0 0
    outer loop
      vertex -13 5.18887 28.3401
      vertex -13 8.62557 29.1356
      vertex -13 8.53283 29.6973
    endloop
  endfacet
  facet normal 1 0 0
    outer loop
      vertex -13 5.18887 28.3401
      vertex -13 8.53283 29.6973
      vertex -13 8.40355 30.2517
    endloop
  endfacet
  facet normal 1 0 0
    outer loop
      vertex -13 5.18887 28.3401
      vertex -13 8.40355 30.2517
      vertex -13 8.23829 30.7965
    endloop
  endfacet
  facet normal 1 0 0
    outer loop
      vertex -13 5.18887 28.3401
      vertex -13 8.23829 30.7965
      vertex -13 8.03775 31.3293
    endloop
  endfacet
  facet normal 1 0 0
    outer loop
      vertex -13 5.18887 28.3401
      vertex -13 8.03775 31.3293
      vertex -13 7.80279 31.8479
    endloop
  endfacet
  facet normal 1 0 0
    outer loop
      vertex -13 5.18887 28.3401
      vertex -13 7.80279 31.8479
      vertex -13 7.53442 32.35
    endloop
  endfacet
  facet normal 1 0 0
    outer loop
      vertex -13 5.18887 28.3401
      vertex -13 7.53442 32.35
      vertex -13 7.23378 32.8335
    endloop
  endfacet
  facet normal 1 0 0
    outer loop
      vertex -13 5.18887 28.3401
      vertex -13 7.23378 32.8335
      vertex -13 6.90217 33.2962
    endloop
  endfacet
  facet normal 1 0 0
    outer loop
      vertex -13 5.18887 28.3401
      vertex -13 6.90217 33.2962
      vertex -13 6.54101 33.7363
    endloop
  endfacet
  facet normal 1 0 0
    outer loop
      vertex -13 5.18887 28.3401
      vertex -13 6.54101 33.7363
      vertex -13 6.15183 34.1518
    endloop
  endfacet
  facet normal 1 0 0
    outer loop
      vertex -13 5.18887 28.3401
      vertex -13 6.15183 34.1518
      vertex -13 5.73631 34.541
    endloop
  endfacet
  facet normal 1 0 0
    outer loop
      vertex -13 3.79999 34.5
      vertex -13 5.73631 34.541
      vertex -13 5.29622 34.9022
    endloop
  endfacet
  facet normal 1 0 0
    outer loop
      vertex -13 8.68137 28.569
      vertex -13 5.2 28
      vertex -13 5.18887 27.6599
    endloop
  endfacet
  facet normal 1 0 0
    outer loop
      vertex -13 8.68137 28.569
      vertex -13 5.18887 27.6599
      vertex -13 5.15551 27.3213
    endloop
  endfacet
  facet normal 1 0 0
    outer loop
      vertex -13 8.68137 28.569
      vertex -13 5.15551 27.3213
      vertex -13 5.10008 26.9855
    endloop
  endfacet
  facet normal 1 0 0
    outer loop
      vertex -13 8.68137 28.569
      vertex -13 5.10008 26.9855
      vertex -13 5.02281 26.6541
    endloop
  endfacet
  facet normal 1 0 0
    outer loop
      vertex -13 8.68137 28.569
      vertex -13 5.02281 26.6541
      vertex -13 4.92404 26.3285
    endloop
  endfacet
  facet normal 1 0 0
    outer loop
      vertex -13 8.68137 28.569
      vertex -13 4.92404 26.3285
      vertex -13 4.80417 26.01
    endloop
  endfacet
  facet normal 1 0 0
    outer loop
      vertex -13 8.68137 28.569
      vertex -13 4.80417 26.01
      vertex -13 4.66374 25.7001
    endloop
  endfacet
  facet normal 1 0 0
    outer loop
      vertex -13 8.68137 28.569
      vertex -13 4.66374 25.7001
      vertex -13 4.50333 25.4
    endloop
  endfacet
  facet normal 1 0 0
    outer loop
      vertex -13 8.68137 28.569
      vertex -13 4.50333 25.4
      vertex -13 4.32364 25.111
    endloop
  endfacet
  facet normal 1 0 0
    outer loop
      vertex -13 4.12544 24.8344
      vertex -13 8.68137 28.569
      vertex -13 4.32364 25.111
    endloop
  endfacet
  facet normal 1 0 0
    outer loop
      vertex -13 8.68137 28.569
      vertex -13 4.12544 24.8344
      vertex -13 10.7477 4
    endloop
  endfacet
  facet normal 1 -0 0
    outer loop
      vertex -13 3.90957 24.5714
      vertex -13 10.7477 4
      vertex -13 4.12544 24.8344
    endloop
  endfacet
  facet normal 1 -0 0
    outer loop
      vertex -13 3.67696 24.323
      vertex -13 10.7477 4
      vertex -13 3.90957 24.5714
    endloop
  endfacet
  facet normal 1 -0 0
    outer loop
      vertex -13 3.4286 24.0904
      vertex -13 10.7477 4
      vertex -13 3.67696 24.323
    endloop
  endfacet
  facet normal 1 -0 0
    outer loop
      vertex -13 3.16556 23.8746
      vertex -13 10.7477 4
      vertex -13 3.4286 24.0904
    endloop
  endfacet
  facet normal 1 -0 0
    outer loop
      vertex -13 2.88896 23.6764
      vertex -13 10.7477 4
      vertex -13 3.16556 23.8746
    endloop
  endfacet
  facet normal 1 -0 0
    outer loop
      vertex -13 2.6 23.4967
      vertex -13 10.7477 4
      vertex -13 2.88896 23.6764
    endloop
  endfacet
  facet normal 1 -0 0
    outer loop
      vertex -13 2.2999 23.3363
      vertex -13 10.7477 4
      vertex -13 2.6 23.4967
    endloop
  endfacet
  facet normal 1 -0 0
    outer loop
      vertex -13 1.98995 23.1958
      vertex -13 10.7477 4
      vertex -13 2.2999 23.3363
    endloop
  endfacet
  facet normal 1 -0 0
    outer loop
      vertex -13 1.67148 23.076
      vertex -13 10.7477 4
      vertex -13 1.98995 23.1958
    endloop
  endfacet
  facet normal 1 -0 0
    outer loop
      vertex -13 1.34586 22.9772
      vertex -13 10.7477 4
      vertex -13 1.67148 23.076
    endloop
  endfacet
  facet normal 1 -0 0
    outer loop
      vertex -13 1.01447 22.8999
      vertex -13 10.7477 4
      vertex -13 1.34586 22.9772
    endloop
  endfacet
  facet normal 1 -0 0
    outer loop
      vertex -13 0.678736 22.8445
      vertex -13 10.7477 4
      vertex -13 1.01447 22.8999
    endloop
  endfacet
  facet normal 1 -0 0
    outer loop
      vertex -13 0.340096 22.8111
      vertex -13 10.7477 4
      vertex -13 0.678736 22.8445
    endloop
  endfacet
  facet normal 1 -0 0
    outer loop
      vertex -13 0 22.8
      vertex -13 10.7477 4
      vertex -13 0.340096 22.8111
    endloop
  endfacet
  facet normal 1 0 0
    outer loop
      vertex -13 -10.7477 4
      vertex -13 0 22.8
      vertex -13 -0.340096 22.8111
    endloop
  endfacet
  facet normal 1 0 0
    outer loop
      vertex -13 -10.7477 4
      vertex -13 -0.340096 22.8111
      vertex -13 -0.678736 22.8445
    endloop
  endfacet
  facet normal 1 0 0
    outer loop
      vertex -13 -10.7477 4
      vertex -13 -0.678736 22.8445
      vertex -13 -1.01447 22.8999
    endloop
  endfacet
  facet normal 1 0 0
    outer loop
      vertex -13 -10.7477 4
      vertex -13 -1.01447 22.8999
      vertex -13 -1.34586 22.9772
    endloop
  endfacet
  facet normal 1 0 0
    outer loop
      vertex -13 -10.7477 4
      vertex -13 -1.34586 22.9772
      vertex -13 -1.67148 23.076
    endloop
  endfacet
  facet normal 1 0 0
    outer loop
      vertex -13 -10.7477 4
      vertex -13 -1.67148 23.076
      vertex -13 -1.98995 23.1958
    endloop
  endfacet
  facet normal 1 0 0
    outer loop
      vertex -13 -10.7477 4
      vertex -13 -1.98995 23.1958
      vertex -13 -2.2999 23.3363
    endloop
  endfacet
  facet normal 1 0 0
    outer loop
      vertex -13 -10.7477 4
      vertex -13 -2.2999 23.3363
      vertex -13 -2.6 23.4967
    endloop
  endfacet
  facet normal 1 0 0
    outer loop
      vertex -13 -10.7477 4
      vertex -13 -2.6 23.4967
      vertex -13 -2.88896 23.6764
    endloop
  endfacet
  facet normal 1 0 0
    outer loop
      vertex -13 -10.7477 4
      vertex -13 -2.88896 23.6764
      vertex -13 -3.16556 23.8746
    endloop
  endfacet
  facet normal 1 0 0
    outer loop
      vertex -13 -10.7477 4
      vertex -13 -3.16556 23.8746
      vertex -13 -3.4286 24.0904
    endloop
  endfacet
  facet normal 1 0 0
    outer loop
      vertex -13 -10.7477 4
      vertex -13 -3.4286 24.0904
      vertex -13 -3.67696 24.323
    endloop
  endfacet
  facet normal 1 0 0
    outer loop
      vertex -13 -10.7477 4
      vertex -13 -3.67696 24.323
      vertex -13 -3.90957 24.5714
    endloop
  endfacet
  facet normal 1 0 0
    outer loop
      vertex -13 -10.7477 4
      vertex -13 -3.90957 24.5714
      vertex -13 -4.12544 24.8344
    endloop
  endfacet
  facet normal 1 0 0
    outer loop
      vertex -13 -8.68137 28.569
      vertex -13 -4.12544 24.8344
      vertex -13 -4.32364 25.111
    endloop
  endfacet
  facet normal 1 0 0
    outer loop
      vertex -13 -4.66374 30.2999
      vertex -13 -7.80279 31.8479
      vertex -13 -4.80417 29.99
    endloop
  endfacet
  facet normal 1 -0 0
    outer loop
      vertex -13 -8.03775 31.3293
      vertex -13 -4.80417 29.99
      vertex -13 -7.80279 31.8479
    endloop
  endfacet
  facet normal 1 0 0
    outer loop
      vertex -13 -4.80417 29.99
      vertex -13 -8.03775 31.3293
      vertex -13 -4.92404 29.6715
    endloop
  endfacet
  facet normal 1 -0 0
    outer loop
      vertex -13 -8.23829 30.7965
      vertex -13 -4.92404 29.6715
      vertex -13 -8.03775 31.3293
    endloop
  endfacet
  facet normal 1 0 0
    outer loop
      vertex -13 -4.92404 29.6715
      vertex -13 -8.23829 30.7965
      vertex -13 -5.02281 29.3459
    endloop
  endfacet
  facet normal 1 -0 0
    outer loop
      vertex -13 -8.40355 30.2517
      vertex -13 -5.02281 29.3459
      vertex -13 -8.23829 30.7965
    endloop
  endfacet
  facet normal 1 0 0
    outer loop
      vertex -13 -5.02281 29.3459
      vertex -13 -8.40355 30.2517
      vertex -13 -5.10008 29.0145
    endloop
  endfacet
  facet normal 1 -0 0
    outer loop
      vertex -13 -8.53283 29.6973
      vertex -13 -5.10008 29.0145
      vertex -13 -8.40355 30.2517
    endloop
  endfacet
  facet normal 1 0 0
    outer loop
      vertex -13 -5.10008 29.0145
      vertex -13 -8.53283 29.6973
      vertex -13 -5.15551 28.6787
    endloop
  endfacet
  facet normal 1 -0 0
    outer loop
      vertex -13 -8.62557 29.1356
      vertex -13 -5.15551 28.6787
      vertex -13 -8.53283 29.6973
    endloop
  endfacet
  facet normal 1 0 0
    outer loop
      vertex -13 -5.15551 28.6787
      vertex -13 -8.62557 29.1356
      vertex -13 -5.18887 28.3401
    endloop
  endfacet
  facet normal 1 -0 0
    outer loop
      vertex -13 -8.68137 28.569
      vertex -13 -5.18887 28.3401
      vertex -13 -8.62557 29.1356
    endloop
  endfacet
  facet normal 1 0 0
    outer loop
      vertex -13 -5.18887 28.3401
      vertex -13 -8.68137 28.569
      vertex -13 -5.2 28
    endloop
  endfacet
  facet normal 1 0 0
    outer loop
      vertex -13 -5.2 28
      vertex -13 -8.68137 28.569
      vertex -13 -5.18887 27.6599
    endloop
  endfacet
  facet normal 1 0 0
    outer loop
      vertex -13 -5.18887 27.6599
      vertex -13 -8.68137 28.569
      vertex -13 -5.15551 27.3213
    endloop
  endfacet
  facet normal 1 0 0
    outer loop
      vertex -13 -5.15551 27.3213
      vertex -13 -8.68137 28.569
      vertex -13 -5.10008 26.9855
    endloop
  endfacet
  facet normal 1 0 0
    outer loop
      vertex -13 -5.10008 26.9855
      vertex -13 -8.68137 28.569
      vertex -13 -5.02281 26.6541
    endloop
  endfacet
  facet normal 1 0 0
    outer loop
      vertex -13 -5.02281 26.6541
      vertex -13 -8.68137 28.569
      vertex -13 -4.92404 26.3285
    endloop
  endfacet
  facet normal 1 0 0
    outer loop
      vertex -13 -4.92404 26.3285
      vertex -13 -8.68137 28.569
      vertex -13 -4.80417 26.01
    endloop
  endfacet
  facet normal 1 0 0
    outer loop
      vertex -13 -4.80417 26.01
      vertex -13 -8.68137 28.569
      vertex -13 -4.66374 25.7001
    endloop
  endfacet
  facet normal 1 0 0
    outer loop
      vertex -13 -4.66374 25.7001
      vertex -13 -8.68137 28.569
      vertex -13 -4.50333 25.4
    endloop
  endfacet
  facet normal 1 0 0
    outer loop
      vertex -13 -4.50333 25.4
      vertex -13 -8.68137 28.569
      vertex -13 -4.32364 25.111
    endloop
  endfacet
  facet normal 1 0 0
    outer loop
      vertex -13 -4.12544 24.8344
      vertex -13 -8.68137 28.569
      vertex -13 -10.7477 4
    endloop
  endfacet
  facet normal 1 0 0
    outer loop
      vertex -13 0 22.8
      vertex -13 -10.7477 4
      vertex -13 10.7477 4
    endloop
  endfacet
  facet normal 0 -0.16281 0.986657
    outer loop
      vertex -19 1.01447 22.8999
      vertex -13 0.678736 22.8445
      vertex -13 1.01447 22.8999
    endloop
  endfacet
  facet normal 0 -0.16281 0.986657
    outer loop
      vertex -13 0.678736 22.8445
      vertex -19 1.01447 22.8999
      vertex -19 0.678736 22.8445
    endloop
  endfacet
  facet normal 0 0.910846 0.412746
    outer loop
      vertex -13 -4.66374 25.7001
      vertex -19 -4.80417 26.01
      vertex -13 -4.80417 26.01
    endloop
  endfacet
  facet normal 0 0.910846 0.412746
    outer loop
      vertex -19 -4.80417 26.01
      vertex -13 -4.66374 25.7001
      vertex -19 -4.66374 25.7001
    endloop
  endfacet
  facet normal 0 0.935911 0.352237
    outer loop
      vertex -13 -4.80417 26.01
      vertex -19 -4.92404 26.3285
      vertex -13 -4.92404 26.3285
    endloop
  endfacet
  facet normal 0 0.935911 0.352237
    outer loop
      vertex -19 -4.92404 26.3285
      vertex -13 -4.80417 26.01
      vertex -19 -4.80417 26.01
    endloop
  endfacet
  facet normal 0 -0.973878 0.227072
    outer loop
      vertex -19 5.02281 26.6541
      vertex -13 5.10008 26.9855
      vertex -19 5.10008 26.9855
    endloop
  endfacet
  facet normal 0 -0.973878 0.227072
    outer loop
      vertex -13 5.10008 26.9855
      vertex -19 5.02281 26.6541
      vertex -13 5.02281 26.6541
    endloop
  endfacet
  facet normal 0 0.812859 0.582461
    outer loop
      vertex -13 -4.12544 24.8344
      vertex -19 -4.32364 25.111
      vertex -13 -4.32364 25.111
    endloop
  endfacet
  facet normal 0 0.812859 0.582461
    outer loop
      vertex -19 -4.32364 25.111
      vertex -13 -4.12544 24.8344
      vertex -19 -4.12544 24.8344
    endloop
  endfacet
  facet normal -0 0.0981536 0.995171
    outer loop
      vertex -19 -0.340096 22.8111
      vertex -13 -0.678736 22.8445
      vertex -13 -0.340096 22.8111
    endloop
  endfacet
  facet normal 0 0.0981536 0.995171
    outer loop
      vertex -13 -0.678736 22.8445
      vertex -19 -0.340096 22.8111
      vertex -19 -0.678736 22.8445
    endloop
  endfacet
  facet normal -0 0.634268 0.773113
    outer loop
      vertex -19 -3.16556 23.8746
      vertex -13 -3.4286 24.0904
      vertex -13 -3.16556 23.8746
    endloop
  endfacet
  facet normal 0 0.634268 0.773113
    outer loop
      vertex -13 -3.4286 24.0904
      vertex -19 -3.16556 23.8746
      vertex -19 -3.4286 24.0904
    endloop
  endfacet
  facet normal 0 -0.999465 0.0327082
    outer loop
      vertex -19 5.18887 27.6599
      vertex -13 5.2 28
      vertex -19 5.2 28
    endloop
  endfacet
  facet normal 0 -0.999465 0.0327082
    outer loop
      vertex -13 5.2 28
      vertex -19 5.18887 27.6599
      vertex -13 5.18887 27.6599
    endloop
  endfacet
  facet normal 0 0.986648 0.162865
    outer loop
      vertex -13 -5.10008 26.9855
      vertex -19 -5.15551 27.3213
      vertex -13 -5.15551 27.3213
    endloop
  endfacet
  facet normal 0 0.986648 0.162865
    outer loop
      vertex -19 -5.15551 27.3213
      vertex -13 -5.10008 26.9855
      vertex -19 -5.10008 26.9855
    endloop
  endfacet
  facet normal 0 0.999465 -0.0327082
    outer loop
      vertex -13 -5.2 28
      vertex -19 -5.18887 28.3401
      vertex -13 -5.18887 28.3401
    endloop
  endfacet
  facet normal 0 0.999465 -0.0327082
    outer loop
      vertex -19 -5.18887 28.3401
      vertex -13 -5.2 28
      vertex -19 -5.2 28
    endloop
  endfacet
  facet normal 0 -0.995182 0.0980486
    outer loop
      vertex -19 5.15551 27.3213
      vertex -13 5.18887 27.6599
      vertex -19 5.18887 27.6599
    endloop
  endfacet
  facet normal 0 -0.995182 0.0980486
    outer loop
      vertex -13 5.18887 27.6599
      vertex -19 5.15551 27.3213
      vertex -13 5.15551 27.3213
    endloop
  endfacet
  facet normal 0 -0.68357 0.729885
    outer loop
      vertex -19 3.67696 24.323
      vertex -13 3.4286 24.0904
      vertex -13 3.67696 24.323
    endloop
  endfacet
  facet normal 0 -0.68357 0.729885
    outer loop
      vertex -13 3.4286 24.0904
      vertex -19 3.67696 24.323
      vertex -19 3.4286 24.0904
    endloop
  endfacet
  facet normal 0 -0.0326205 0.999468
    outer loop
      vertex -19 0.340096 22.8111
      vertex -13 0 22.8
      vertex -13 0.340096 22.8111
    endloop
  endfacet
  facet normal 0 -0.0326205 0.999468
    outer loop
      vertex -13 0 22.8
      vertex -19 0.340096 22.8111
      vertex -19 0 22.8
    endloop
  endfacet
  facet normal -0 0.68357 0.729885
    outer loop
      vertex -19 -3.4286 24.0904
      vertex -13 -3.67696 24.323
      vertex -13 -3.4286 24.0904
    endloop
  endfacet
  facet normal 0 0.68357 0.729885
    outer loop
      vertex -13 -3.67696 24.323
      vertex -19 -3.4286 24.0904
      vertex -19 -3.67696 24.323
    endloop
  endfacet
  facet normal 0 -0.227162 0.973857
    outer loop
      vertex -19 1.34586 22.9772
      vertex -13 1.01447 22.8999
      vertex -13 1.34586 22.9772
    endloop
  endfacet
  facet normal 0 -0.227162 0.973857
    outer loop
      vertex -13 1.01447 22.8999
      vertex -19 1.34586 22.9772
      vertex -19 1.01447 22.8999
    endloop
  endfacet
  facet normal 0 0.973878 0.227072
    outer loop
      vertex -13 -5.02281 26.6541
      vertex -19 -5.10008 26.9855
      vertex -13 -5.10008 26.9855
    endloop
  endfacet
  facet normal 0 0.973878 0.227072
    outer loop
      vertex -19 -5.10008 26.9855
      vertex -13 -5.02281 26.6541
      vertex -19 -5.02281 26.6541
    endloop
  endfacet
  facet normal 0 0.95694 -0.290286
    outer loop
      vertex -13 -5.02281 29.3459
      vertex -19 -4.92404 29.6715
      vertex -13 -4.92404 29.6715
    endloop
  endfacet
  facet normal 0 0.95694 -0.290286
    outer loop
      vertex -19 -4.92404 29.6715
      vertex -13 -5.02281 29.3459
      vertex -19 -5.02281 29.3459
    endloop
  endfacet
  facet normal 0 0.772965 0.634449
    outer loop
      vertex -13 -3.90957 24.5714
      vertex -19 -4.12544 24.8344
      vertex -13 -4.12544 24.8344
    endloop
  endfacet
  facet normal 0 0.772965 0.634449
    outer loop
      vertex -19 -4.12544 24.8344
      vertex -13 -3.90957 24.5714
      vertex -19 -3.90957 24.5714
    endloop
  endfacet
  facet normal 0 0.995182 0.0980486
    outer loop
      vertex -13 -5.15551 27.3213
      vertex -19 -5.18887 27.6599
      vertex -13 -5.18887 27.6599
    endloop
  endfacet
  facet normal 0 0.995182 0.0980486
    outer loop
      vertex -19 -5.18887 27.6599
      vertex -13 -5.15551 27.3213
      vertex -19 -5.15551 27.3213
    endloop
  endfacet
  facet normal 0 -0.729872 -0.683584
    outer loop
      vertex -19 3.90957 31.4286
      vertex -13 3.79999 31.5456
      vertex -19 3.79999 31.5456
    endloop
  endfacet
  facet normal 0 -0.729872 -0.683584
    outer loop
      vertex -13 3.79999 31.5456
      vertex -19 3.90957 31.4286
      vertex -13 3.90957 31.4286
    endloop
  endfacet
  facet normal -0 0.0326205 0.999468
    outer loop
      vertex -19 0 22.8
      vertex -13 -0.340096 22.8111
      vertex -13 0 22.8
    endloop
  endfacet
  facet normal 0 0.0326205 0.999468
    outer loop
      vertex -13 -0.340096 22.8111
      vertex -19 0 22.8
      vertex -19 -0.340096 22.8111
    endloop
  endfacet
  facet normal 0 -0.528096 0.849185
    outer loop
      vertex -19 2.88896 23.6764
      vertex -13 2.6 23.4967
      vertex -13 2.88896 23.6764
    endloop
  endfacet
  facet normal 0 -0.528096 0.849185
    outer loop
      vertex -13 2.6 23.4967
      vertex -19 2.88896 23.6764
      vertex -19 2.6 23.4967
    endloop
  endfacet
  facet normal 0 0.999465 0.0327082
    outer loop
      vertex -13 -5.18887 27.6599
      vertex -19 -5.2 28
      vertex -13 -5.2 28
    endloop
  endfacet
  facet normal 0 0.999465 0.0327082
    outer loop
      vertex -19 -5.2 28
      vertex -13 -5.18887 27.6599
      vertex -19 -5.18887 27.6599
    endloop
  endfacet
  facet normal 0 0.881917 0.471404
    outer loop
      vertex -13 -4.50333 25.4
      vertex -19 -4.66374 25.7001
      vertex -13 -4.66374 25.7001
    endloop
  endfacet
  facet normal 0 0.881917 0.471404
    outer loop
      vertex -19 -4.66374 25.7001
      vertex -13 -4.50333 25.4
      vertex -19 -4.50333 25.4
    endloop
  endfacet
  facet normal 0 -0.729926 0.683527
    outer loop
      vertex -19 3.67696 24.323
      vertex -13 3.90957 24.5714
      vertex -19 3.90957 24.5714
    endloop
  endfacet
  facet normal 0 -0.729926 0.683527
    outer loop
      vertex -13 3.90957 24.5714
      vertex -19 3.67696 24.323
      vertex -13 3.67696 24.323
    endloop
  endfacet
  facet normal 0 -0.995182 -0.0980486
    outer loop
      vertex -19 5.18887 28.3401
      vertex -13 5.15551 28.6787
      vertex -19 5.15551 28.6787
    endloop
  endfacet
  facet normal 0 -0.995182 -0.0980486
    outer loop
      vertex -13 5.15551 28.6787
      vertex -19 5.18887 28.3401
      vertex -13 5.18887 28.3401
    endloop
  endfacet
  facet normal 0 -0.973878 -0.227072
    outer loop
      vertex -19 5.10008 29.0145
      vertex -13 5.02281 29.3459
      vertex -19 5.02281 29.3459
    endloop
  endfacet
  facet normal 0 -0.973878 -0.227072
    outer loop
      vertex -13 5.02281 29.3459
      vertex -19 5.10008 29.0145
      vertex -13 5.10008 29.0145
    endloop
  endfacet
  facet normal 0 -0.849231 -0.528022
    outer loop
      vertex -19 4.50333 30.6
      vertex -13 4.32364 30.889
      vertex -19 4.32364 30.889
    endloop
  endfacet
  facet normal 0 -0.849231 -0.528022
    outer loop
      vertex -13 4.32364 30.889
      vertex -19 4.50333 30.6
      vertex -13 4.50333 30.6
    endloop
  endfacet
  facet normal 0 0.729872 -0.683584
    outer loop
      vertex -13 -3.90957 31.4286
      vertex -19 -3.79999 31.5456
      vertex -13 -3.79999 31.5456
    endloop
  endfacet
  facet normal 0 0.729872 -0.683584
    outer loop
      vertex -19 -3.79999 31.5456
      vertex -13 -3.90957 31.4286
      vertex -19 -3.90957 31.4286
    endloop
  endfacet
  facet normal 0 -0.812859 -0.582461
    outer loop
      vertex -19 4.32364 30.889
      vertex -13 4.12544 31.1656
      vertex -19 4.12544 31.1656
    endloop
  endfacet
  facet normal 0 -0.812859 -0.582461
    outer loop
      vertex -13 4.12544 31.1656
      vertex -19 4.32364 30.889
      vertex -13 4.32364 30.889
    endloop
  endfacet
  facet normal 0 -0.29035 0.956921
    outer loop
      vertex -19 1.67148 23.076
      vertex -13 1.34586 22.9772
      vertex -13 1.67148 23.076
    endloop
  endfacet
  facet normal 0 -0.29035 0.956921
    outer loop
      vertex -13 1.34586 22.9772
      vertex -19 1.67148 23.076
      vertex -19 1.34586 22.9772
    endloop
  endfacet
  facet normal 0 -0.935911 -0.352237
    outer loop
      vertex -19 4.92404 29.6715
      vertex -13 4.80417 29.99
      vertex -19 4.80417 29.99
    endloop
  endfacet
  facet normal 0 -0.935911 -0.352237
    outer loop
      vertex -13 4.80417 29.99
      vertex -19 4.92404 29.6715
      vertex -13 4.92404 29.6715
    endloop
  endfacet
  facet normal 0 0.849231 0.528022
    outer loop
      vertex -13 -4.32364 25.111
      vertex -19 -4.50333 25.4
      vertex -13 -4.50333 25.4
    endloop
  endfacet
  facet normal 0 0.849231 0.528022
    outer loop
      vertex -19 -4.50333 25.4
      vertex -13 -4.32364 25.111
      vertex -19 -4.32364 25.111
    endloop
  endfacet
  facet normal -0 0.227162 0.973857
    outer loop
      vertex -19 -1.01447 22.8999
      vertex -13 -1.34586 22.9772
      vertex -13 -1.01447 22.8999
    endloop
  endfacet
  facet normal 0 0.227162 0.973857
    outer loop
      vertex -13 -1.34586 22.9772
      vertex -19 -1.01447 22.8999
      vertex -19 -1.34586 22.9772
    endloop
  endfacet
  facet normal -0 0.16281 0.986657
    outer loop
      vertex -19 -0.678736 22.8445
      vertex -13 -1.01447 22.8999
      vertex -13 -0.678736 22.8445
    endloop
  endfacet
  facet normal 0 0.16281 0.986657
    outer loop
      vertex -13 -1.01447 22.8999
      vertex -19 -0.678736 22.8445
      vertex -19 -1.01447 22.8999
    endloop
  endfacet
  facet normal 0 0.986648 -0.162865
    outer loop
      vertex -13 -5.15551 28.6787
      vertex -19 -5.10008 29.0145
      vertex -13 -5.10008 29.0145
    endloop
  endfacet
  facet normal 0 0.986648 -0.162865
    outer loop
      vertex -19 -5.10008 29.0145
      vertex -13 -5.15551 28.6787
      vertex -19 -5.15551 28.6787
    endloop
  endfacet
  facet normal 0 -0.881917 -0.471404
    outer loop
      vertex -19 4.66374 30.2999
      vertex -13 4.50333 30.6
      vertex -19 4.50333 30.6
    endloop
  endfacet
  facet normal 0 -0.881917 -0.471404
    outer loop
      vertex -13 4.50333 30.6
      vertex -19 4.66374 30.2999
      vertex -13 4.66374 30.2999
    endloop
  endfacet
  facet normal 0 -0.910846 0.412746
    outer loop
      vertex -19 4.66374 25.7001
      vertex -13 4.80417 26.01
      vertex -19 4.80417 26.01
    endloop
  endfacet
  facet normal 0 -0.910846 0.412746
    outer loop
      vertex -13 4.80417 26.01
      vertex -19 4.66374 25.7001
      vertex -13 4.66374 25.7001
    endloop
  endfacet
  facet normal 0 -0.95694 -0.290286
    outer loop
      vertex -19 5.02281 29.3459
      vertex -13 4.92404 29.6715
      vertex -19 4.92404 29.6715
    endloop
  endfacet
  facet normal 0 -0.95694 -0.290286
    outer loop
      vertex -13 4.92404 29.6715
      vertex -19 5.02281 29.3459
      vertex -13 5.02281 29.3459
    endloop
  endfacet
  facet normal 0 -0.471381 0.88193
    outer loop
      vertex -19 2.6 23.4967
      vertex -13 2.2999 23.3363
      vertex -13 2.6 23.4967
    endloop
  endfacet
  facet normal 0 -0.471381 0.88193
    outer loop
      vertex -13 2.2999 23.3363
      vertex -19 2.6 23.4967
      vertex -19 2.2999 23.3363
    endloop
  endfacet
  facet normal 0 -0.986648 0.162865
    outer loop
      vertex -19 5.10008 26.9855
      vertex -13 5.15551 27.3213
      vertex -19 5.15551 27.3213
    endloop
  endfacet
  facet normal 0 -0.986648 0.162865
    outer loop
      vertex -13 5.15551 27.3213
      vertex -19 5.10008 26.9855
      vertex -13 5.10008 26.9855
    endloop
  endfacet
  facet normal 0 0.995182 -0.0980486
    outer loop
      vertex -13 -5.18887 28.3401
      vertex -19 -5.15551 28.6787
      vertex -13 -5.15551 28.6787
    endloop
  endfacet
  facet normal 0 0.995182 -0.0980486
    outer loop
      vertex -19 -5.15551 28.6787
      vertex -13 -5.18887 28.3401
      vertex -19 -5.18887 28.3401
    endloop
  endfacet
  facet normal 0 -0.412862 0.910794
    outer loop
      vertex -19 2.2999 23.3363
      vertex -13 1.98995 23.1958
      vertex -13 2.2999 23.3363
    endloop
  endfacet
  facet normal 0 -0.412862 0.910794
    outer loop
      vertex -13 1.98995 23.1958
      vertex -19 2.2999 23.3363
      vertex -19 1.98995 23.1958
    endloop
  endfacet
  facet normal 0 -0.910846 -0.412746
    outer loop
      vertex -19 4.80417 29.99
      vertex -13 4.66374 30.2999
      vertex -19 4.66374 30.2999
    endloop
  endfacet
  facet normal 0 -0.910846 -0.412746
    outer loop
      vertex -13 4.66374 30.2999
      vertex -19 4.80417 29.99
      vertex -13 4.80417 29.99
    endloop
  endfacet
  facet normal 0 -0.881917 0.471404
    outer loop
      vertex -19 4.50333 25.4
      vertex -13 4.66374 25.7001
      vertex -19 4.66374 25.7001
    endloop
  endfacet
  facet normal 0 -0.881917 0.471404
    outer loop
      vertex -13 4.66374 25.7001
      vertex -19 4.50333 25.4
      vertex -13 4.50333 25.4
    endloop
  endfacet
  facet normal 0 -0.0981536 0.995171
    outer loop
      vertex -19 0.678736 22.8445
      vertex -13 0.340096 22.8111
      vertex -13 0.678736 22.8445
    endloop
  endfacet
  facet normal 0 -0.0981536 0.995171
    outer loop
      vertex -13 0.340096 22.8111
      vertex -19 0.678736 22.8445
      vertex -19 0.340096 22.8111
    endloop
  endfacet
  facet normal 0 -0.849231 0.528022
    outer loop
      vertex -19 4.32364 25.111
      vertex -13 4.50333 25.4
      vertex -19 4.50333 25.4
    endloop
  endfacet
  facet normal 0 -0.849231 0.528022
    outer loop
      vertex -13 4.50333 25.4
      vertex -19 4.32364 25.111
      vertex -13 4.32364 25.111
    endloop
  endfacet
  facet normal 0 -0.999465 -0.0327082
    outer loop
      vertex -19 5.2 28
      vertex -13 5.18887 28.3401
      vertex -19 5.18887 28.3401
    endloop
  endfacet
  facet normal 0 -0.999465 -0.0327082
    outer loop
      vertex -13 5.18887 28.3401
      vertex -19 5.2 28
      vertex -13 5.2 28
    endloop
  endfacet
  facet normal 0 -0.986648 -0.162865
    outer loop
      vertex -19 5.15551 28.6787
      vertex -13 5.10008 29.0145
      vertex -19 5.10008 29.0145
    endloop
  endfacet
  facet normal 0 -0.986648 -0.162865
    outer loop
      vertex -13 5.10008 29.0145
      vertex -19 5.15551 28.6787
      vertex -13 5.15551 28.6787
    endloop
  endfacet
  facet normal -0 0.29035 0.956921
    outer loop
      vertex -19 -1.34586 22.9772
      vertex -13 -1.67148 23.076
      vertex -13 -1.34586 22.9772
    endloop
  endfacet
  facet normal 0 0.29035 0.956921
    outer loop
      vertex -13 -1.67148 23.076
      vertex -19 -1.34586 22.9772
      vertex -19 -1.67148 23.076
    endloop
  endfacet
  facet normal -0 0.352086 0.935968
    outer loop
      vertex -19 -1.67148 23.076
      vertex -13 -1.98995 23.1958
      vertex -13 -1.67148 23.076
    endloop
  endfacet
  facet normal 0 0.352086 0.935968
    outer loop
      vertex -13 -1.98995 23.1958
      vertex -19 -1.67148 23.076
      vertex -19 -1.98995 23.1958
    endloop
  endfacet
  facet normal 0 0.849231 -0.528022
    outer loop
      vertex -13 -4.50333 30.6
      vertex -19 -4.32364 30.889
      vertex -13 -4.32364 30.889
    endloop
  endfacet
  facet normal 0 0.849231 -0.528022
    outer loop
      vertex -19 -4.32364 30.889
      vertex -13 -4.50333 30.6
      vertex -19 -4.50333 30.6
    endloop
  endfacet
  facet normal 0 0.935911 -0.352237
    outer loop
      vertex -13 -4.92404 29.6715
      vertex -19 -4.80417 29.99
      vertex -13 -4.80417 29.99
    endloop
  endfacet
  facet normal 0 0.935911 -0.352237
    outer loop
      vertex -19 -4.80417 29.99
      vertex -13 -4.92404 29.6715
      vertex -19 -4.92404 29.6715
    endloop
  endfacet
  facet normal 0 -0.772965 0.634449
    outer loop
      vertex -19 3.90957 24.5714
      vertex -13 4.12544 24.8344
      vertex -19 4.12544 24.8344
    endloop
  endfacet
  facet normal 0 -0.772965 0.634449
    outer loop
      vertex -13 4.12544 24.8344
      vertex -19 3.90957 24.5714
      vertex -13 3.90957 24.5714
    endloop
  endfacet
  facet normal -0 0.471381 0.88193
    outer loop
      vertex -19 -2.2999 23.3363
      vertex -13 -2.6 23.4967
      vertex -13 -2.2999 23.3363
    endloop
  endfacet
  facet normal 0 0.471381 0.88193
    outer loop
      vertex -13 -2.6 23.4967
      vertex -19 -2.2999 23.3363
      vertex -19 -2.6 23.4967
    endloop
  endfacet
  facet normal -0 0.528096 0.849185
    outer loop
      vertex -19 -2.6 23.4967
      vertex -13 -2.88896 23.6764
      vertex -13 -2.6 23.4967
    endloop
  endfacet
  facet normal 0 0.528096 0.849185
    outer loop
      vertex -13 -2.88896 23.6764
      vertex -19 -2.6 23.4967
      vertex -19 -2.88896 23.6764
    endloop
  endfacet
  facet normal 0 -0.812859 0.582461
    outer loop
      vertex -19 4.12544 24.8344
      vertex -13 4.32364 25.111
      vertex -19 4.32364 25.111
    endloop
  endfacet
  facet normal 0 -0.812859 0.582461
    outer loop
      vertex -13 4.32364 25.111
      vertex -19 4.12544 24.8344
      vertex -13 4.12544 24.8344
    endloop
  endfacet
  facet normal -0 0.412862 0.910794
    outer loop
      vertex -19 -1.98995 23.1958
      vertex -13 -2.2999 23.3363
      vertex -13 -1.98995 23.1958
    endloop
  endfacet
  facet normal 0 0.412862 0.910794
    outer loop
      vertex -13 -2.2999 23.3363
      vertex -19 -1.98995 23.1958
      vertex -19 -2.2999 23.3363
    endloop
  endfacet
  facet normal 0 -0.352086 0.935968
    outer loop
      vertex -19 1.98995 23.1958
      vertex -13 1.67148 23.076
      vertex -13 1.98995 23.1958
    endloop
  endfacet
  facet normal 0 -0.352086 0.935968
    outer loop
      vertex -13 1.67148 23.076
      vertex -19 1.98995 23.1958
      vertex -19 1.67148 23.076
    endloop
  endfacet
  facet normal 0 -0.582461 0.812859
    outer loop
      vertex -19 3.16556 23.8746
      vertex -13 2.88896 23.6764
      vertex -13 3.16556 23.8746
    endloop
  endfacet
  facet normal 0 -0.582461 0.812859
    outer loop
      vertex -13 2.88896 23.6764
      vertex -19 3.16556 23.8746
      vertex -19 2.88896 23.6764
    endloop
  endfacet
  facet normal -0 0.582461 0.812859
    outer loop
      vertex -19 -2.88896 23.6764
      vertex -13 -3.16556 23.8746
      vertex -13 -2.88896 23.6764
    endloop
  endfacet
  facet normal 0 0.582461 0.812859
    outer loop
      vertex -13 -3.16556 23.8746
      vertex -19 -2.88896 23.6764
      vertex -19 -3.16556 23.8746
    endloop
  endfacet
  facet normal 0 -0.935911 0.352237
    outer loop
      vertex -19 4.80417 26.01
      vertex -13 4.92404 26.3285
      vertex -19 4.92404 26.3285
    endloop
  endfacet
  facet normal 0 -0.935911 0.352237
    outer loop
      vertex -13 4.92404 26.3285
      vertex -19 4.80417 26.01
      vertex -13 4.80417 26.01
    endloop
  endfacet
  facet normal 0 -0.634268 0.773113
    outer loop
      vertex -19 3.4286 24.0904
      vertex -13 3.16556 23.8746
      vertex -13 3.4286 24.0904
    endloop
  endfacet
  facet normal 0 -0.634268 0.773113
    outer loop
      vertex -13 3.16556 23.8746
      vertex -19 3.4286 24.0904
      vertex -19 3.16556 23.8746
    endloop
  endfacet
  facet normal 0 0.973878 -0.227072
    outer loop
      vertex -13 -5.10008 29.0145
      vertex -19 -5.02281 29.3459
      vertex -13 -5.02281 29.3459
    endloop
  endfacet
  facet normal 0 0.973878 -0.227072
    outer loop
      vertex -19 -5.02281 29.3459
      vertex -13 -5.10008 29.0145
      vertex -19 -5.10008 29.0145
    endloop
  endfacet
  facet normal 0 0.729926 0.683527
    outer loop
      vertex -13 -3.67696 24.323
      vertex -19 -3.90957 24.5714
      vertex -13 -3.90957 24.5714
    endloop
  endfacet
  facet normal 0 0.729926 0.683527
    outer loop
      vertex -19 -3.90957 24.5714
      vertex -13 -3.67696 24.323
      vertex -19 -3.67696 24.323
    endloop
  endfacet
  facet normal 0 0.812859 -0.582461
    outer loop
      vertex -13 -4.32364 30.889
      vertex -19 -4.12544 31.1656
      vertex -13 -4.12544 31.1656
    endloop
  endfacet
  facet normal 0 0.812859 -0.582461
    outer loop
      vertex -19 -4.12544 31.1656
      vertex -13 -4.32364 30.889
      vertex -19 -4.32364 30.889
    endloop
  endfacet
  facet normal 0 0.772965 -0.634449
    outer loop
      vertex -13 -4.12544 31.1656
      vertex -19 -3.90957 31.4286
      vertex -13 -3.90957 31.4286
    endloop
  endfacet
  facet normal 0 0.772965 -0.634449
    outer loop
      vertex -19 -3.90957 31.4286
      vertex -13 -4.12544 31.1656
      vertex -19 -4.12544 31.1656
    endloop
  endfacet
  facet normal 0 0.95694 0.290286
    outer loop
      vertex -13 -4.92404 26.3285
      vertex -19 -5.02281 26.6541
      vertex -13 -5.02281 26.6541
    endloop
  endfacet
  facet normal 0 0.95694 0.290286
    outer loop
      vertex -19 -5.02281 26.6541
      vertex -13 -4.92404 26.3285
      vertex -19 -4.92404 26.3285
    endloop
  endfacet
  facet normal 0 -0.95694 0.290286
    outer loop
      vertex -19 4.92404 26.3285
      vertex -13 5.02281 26.6541
      vertex -19 5.02281 26.6541
    endloop
  endfacet
  facet normal 0 -0.95694 0.290286
    outer loop
      vertex -13 5.02281 26.6541
      vertex -19 4.92404 26.3285
      vertex -13 4.92404 26.3285
    endloop
  endfacet
  facet normal 0 -0.772965 -0.634449
    outer loop
      vertex -19 4.12544 31.1656
      vertex -13 3.90957 31.4286
      vertex -19 3.90957 31.4286
    endloop
  endfacet
  facet normal 0 -0.772965 -0.634449
    outer loop
      vertex -13 3.90957 31.4286
      vertex -19 4.12544 31.1656
      vertex -13 4.12544 31.1656
    endloop
  endfacet
  facet normal 0 0.910846 -0.412746
    outer loop
      vertex -13 -4.80417 29.99
      vertex -19 -4.66374 30.2999
      vertex -13 -4.66374 30.2999
    endloop
  endfacet
  facet normal 0 0.910846 -0.412746
    outer loop
      vertex -19 -4.66374 30.2999
      vertex -13 -4.80417 29.99
      vertex -19 -4.80417 29.99
    endloop
  endfacet
  facet normal 0 0.881917 -0.471404
    outer loop
      vertex -13 -4.66374 30.2999
      vertex -19 -4.50333 30.6
      vertex -13 -4.50333 30.6
    endloop
  endfacet
  facet normal 0 0.881917 -0.471404
    outer loop
      vertex -19 -4.50333 30.6
      vertex -13 -4.66374 30.2999
      vertex -19 -4.66374 30.2999
    endloop
  endfacet
  facet normal 0 -0.860288 0.509809
    outer loop
      vertex -19 3.79999 34.5
      vertex -13 4.39603 35.5058
      vertex -19 4.39603 35.5058
    endloop
  endfacet
  facet normal 0 -0.860288 0.509809
    outer loop
      vertex -13 4.39603 35.5058
      vertex -19 3.79999 34.5
      vertex -13 3.79999 34.5
    endloop
  endfacet
  facet normal 0 0.860288 0.509809
    outer loop
      vertex -13 -3.79999 34.5
      vertex -19 -4.39603 35.5058
      vertex -13 -4.39603 35.5058
    endloop
  endfacet
  facet normal 0 0.860288 0.509809
    outer loop
      vertex -19 -4.39603 35.5058
      vertex -13 -3.79999 34.5
      vertex -19 -3.79999 34.5
    endloop
  endfacet
  facet normal 0 1 -0
    outer loop
      vertex -13 -3.79999 31.5456
      vertex -19 -3.79999 34.5
      vertex -13 -3.79999 34.5
    endloop
  endfacet
  facet normal 0 1 0
    outer loop
      vertex -19 -3.79999 34.5
      vertex -13 -3.79999 31.5456
      vertex -19 -3.79999 31.5456
    endloop
  endfacet
  facet normal 0 -1 0
    outer loop
      vertex -19 3.79999 31.5456
      vertex -13 3.79999 34.5
      vertex -19 3.79999 34.5
    endloop
  endfacet
  facet normal 0 -1 -0
    outer loop
      vertex -13 3.79999 34.5
      vertex -19 3.79999 31.5456
      vertex -13 3.79999 31.5456
    endloop
  endfacet
  facet normal 0 -0.956942 0.290279
    outer loop
      vertex 13 -8.40355 30.2517
      vertex 19 -8.23829 30.7965
      vertex 13 -8.23829 30.7965
    endloop
  endfacet
  facet normal 0 -0.956942 0.290279
    outer loop
      vertex 19 -8.23829 30.7965
      vertex 13 -8.40355 30.2517
      vertex 19 -8.40355 30.2517
    endloop
  endfacet
  facet normal 0 0.956942 0.290279
    outer loop
      vertex 19 8.40355 30.2517
      vertex 13 8.23829 30.7965
      vertex 19 8.23829 30.7965
    endloop
  endfacet
  facet normal 0 0.956942 0.290279
    outer loop
      vertex 13 8.23829 30.7965
      vertex 19 8.40355 30.2517
      vertex 13 8.40355 30.2517
    endloop
  endfacet
  facet normal 0 -0.996482 0.0838073
    outer loop
      vertex 13 -10.7477 4
      vertex 19 -8.68137 28.569
      vertex 13 -8.68137 28.569
    endloop
  endfacet
  facet normal 0 -0.996482 0.0838073
    outer loop
      vertex 19 -8.68137 28.569
      vertex 13 -10.7477 4
      vertex 19 -10.7477 4
    endloop
  endfacet
  facet normal 0 0.973872 0.227096
    outer loop
      vertex 19 8.53283 29.6973
      vertex 13 8.40355 30.2517
      vertex 19 8.40355 30.2517
    endloop
  endfacet
  facet normal 0 0.973872 0.227096
    outer loop
      vertex 13 8.40355 30.2517
      vertex 19 8.53283 29.6973
      vertex 13 8.53283 29.6973
    endloop
  endfacet
  facet normal -0 0.582467 0.812854
    outer loop
      vertex 13 5.29622 34.9022
      vertex 19 4.83346 35.2338
      vertex 19 5.29622 34.9022
    endloop
  endfacet
  facet normal 0 0.582467 0.812854
    outer loop
      vertex 19 4.83346 35.2338
      vertex 13 5.29622 34.9022
      vertex 13 4.83346 35.2338
    endloop
  endfacet
  facet normal 0 -0.881927 0.471386
    outer loop
      vertex 13 -7.80279 31.8479
      vertex 19 -7.53442 32.35
      vertex 13 -7.53442 32.35
    endloop
  endfacet
  facet normal 0 -0.881927 0.471386
    outer loop
      vertex 19 -7.53442 32.35
      vertex 13 -7.80279 31.8479
      vertex 19 -7.80279 31.8479
    endloop
  endfacet
  facet normal -0 0.683614 0.729844
    outer loop
      vertex 13 6.15183 34.1518
      vertex 19 5.73631 34.541
      vertex 19 6.15183 34.1518
    endloop
  endfacet
  facet normal 0 0.683614 0.729844
    outer loop
      vertex 19 5.73631 34.541
      vertex 13 6.15183 34.1518
      vertex 13 5.73631 34.541
    endloop
  endfacet
  facet normal 0 -0.973872 0.227096
    outer loop
      vertex 13 -8.53283 29.6973
      vertex 19 -8.40355 30.2517
      vertex 13 -8.40355 30.2517
    endloop
  endfacet
  facet normal 0 -0.973872 0.227096
    outer loop
      vertex 19 -8.40355 30.2517
      vertex 13 -8.53283 29.6973
      vertex 19 -8.53283 29.6973
    endloop
  endfacet
  facet normal 0 0.849218 0.528043
    outer loop
      vertex 19 7.53442 32.35
      vertex 13 7.23378 32.8335
      vertex 19 7.23378 32.8335
    endloop
  endfacet
  facet normal 0 0.849218 0.528043
    outer loop
      vertex 13 7.23378 32.8335
      vertex 19 7.53442 32.35
      vertex 13 7.53442 32.35
    endloop
  endfacet
  facet normal 0 -0.528052 0.849212
    outer loop
      vertex 13 -4.39603 35.5058
      vertex 19 -4.83346 35.2338
      vertex 19 -4.39603 35.5058
    endloop
  endfacet
  facet normal 0 -0.528052 0.849212
    outer loop
      vertex 19 -4.83346 35.2338
      vertex 13 -4.39603 35.5058
      vertex 13 -4.83346 35.2338
    endloop
  endfacet
  facet normal -0 0.634422 0.772987
    outer loop
      vertex 13 5.73631 34.541
      vertex 19 5.29622 34.9022
      vertex 19 5.73631 34.541
    endloop
  endfacet
  facet normal 0 0.634422 0.772987
    outer loop
      vertex 19 5.29622 34.9022
      vertex 13 5.73631 34.541
      vertex 13 5.29622 34.9022
    endloop
  endfacet
  facet normal 0 -0.582467 0.812854
    outer loop
      vertex 13 -4.83346 35.2338
      vertex 19 -5.29622 34.9022
      vertex 19 -4.83346 35.2338
    endloop
  endfacet
  facet normal 0 -0.582467 0.812854
    outer loop
      vertex 19 -5.29622 34.9022
      vertex 13 -4.83346 35.2338
      vertex 13 -5.29622 34.9022
    endloop
  endfacet
  facet normal 0 -0.773028 0.634372
    outer loop
      vertex 13 -6.90217 33.2962
      vertex 19 -6.54101 33.7363
      vertex 13 -6.54101 33.7363
    endloop
  endfacet
  facet normal 0 -0.773028 0.634372
    outer loop
      vertex 19 -6.54101 33.7363
      vertex 13 -6.90217 33.2962
      vertex 19 -6.90217 33.2962
    endloop
  endfacet
  facet normal 0 0.995186 0.098008
    outer loop
      vertex 19 8.68137 28.569
      vertex 13 8.62557 29.1356
      vertex 19 8.62557 29.1356
    endloop
  endfacet
  facet normal 0 0.995186 0.098008
    outer loop
      vertex 13 8.62557 29.1356
      vertex 19 8.68137 28.569
      vertex 13 8.68137 28.569
    endloop
  endfacet
  facet normal 0 0.935901 0.352263
    outer loop
      vertex 19 8.23829 30.7965
      vertex 13 8.03775 31.3293
      vertex 19 8.03775 31.3293
    endloop
  endfacet
  facet normal 0 0.935901 0.352263
    outer loop
      vertex 13 8.03775 31.3293
      vertex 19 8.23829 30.7965
      vertex 13 8.23829 30.7965
    endloop
  endfacet
  facet normal 0 -0.910873 0.412686
    outer loop
      vertex 13 -8.03775 31.3293
      vertex 19 -7.80279 31.8479
      vertex 13 -7.80279 31.8479
    endloop
  endfacet
  facet normal 0 -0.910873 0.412686
    outer loop
      vertex 19 -7.80279 31.8479
      vertex 13 -8.03775 31.3293
      vertex 19 -8.03775 31.3293
    endloop
  endfacet
  facet normal 0 0.773028 0.634372
    outer loop
      vertex 19 6.90217 33.2962
      vertex 13 6.54101 33.7363
      vertex 19 6.54101 33.7363
    endloop
  endfacet
  facet normal 0 0.773028 0.634372
    outer loop
      vertex 13 6.54101 33.7363
      vertex 19 6.90217 33.2962
      vertex 13 6.90217 33.2962
    endloop
  endfacet
  facet normal 0 -0.634422 0.772987
    outer loop
      vertex 13 -5.29622 34.9022
      vertex 19 -5.73631 34.541
      vertex 19 -5.29622 34.9022
    endloop
  endfacet
  facet normal 0 -0.634422 0.772987
    outer loop
      vertex 19 -5.73631 34.541
      vertex 13 -5.29622 34.9022
      vertex 13 -5.73631 34.541
    endloop
  endfacet
  facet normal 0 0.81281 0.582529
    outer loop
      vertex 19 7.23378 32.8335
      vertex 13 6.90217 33.2962
      vertex 19 6.90217 33.2962
    endloop
  endfacet
  facet normal 0 0.81281 0.582529
    outer loop
      vertex 13 6.90217 33.2962
      vertex 19 7.23378 32.8335
      vertex 13 7.23378 32.8335
    endloop
  endfacet
  facet normal 0 -0.729845 0.683613
    outer loop
      vertex 13 -6.54101 33.7363
      vertex 19 -6.15183 34.1518
      vertex 13 -6.15183 34.1518
    endloop
  endfacet
  facet normal 0 -0.729845 0.683613
    outer loop
      vertex 19 -6.15183 34.1518
      vertex 13 -6.54101 33.7363
      vertex 19 -6.54101 33.7363
    endloop
  endfacet
  facet normal 0 0.986642 0.162901
    outer loop
      vertex 19 8.62557 29.1356
      vertex 13 8.53283 29.6973
      vertex 19 8.53283 29.6973
    endloop
  endfacet
  facet normal 0 0.986642 0.162901
    outer loop
      vertex 13 8.53283 29.6973
      vertex 19 8.62557 29.1356
      vertex 13 8.62557 29.1356
    endloop
  endfacet
  facet normal 0 -0.935901 0.352263
    outer loop
      vertex 13 -8.23829 30.7965
      vertex 19 -8.03775 31.3293
      vertex 13 -8.03775 31.3293
    endloop
  endfacet
  facet normal 0 -0.935901 0.352263
    outer loop
      vertex 19 -8.03775 31.3293
      vertex 13 -8.23829 30.7965
      vertex 19 -8.23829 30.7965
    endloop
  endfacet
  facet normal 0 0.996482 0.0838073
    outer loop
      vertex 19 10.7477 4
      vertex 13 8.68137 28.569
      vertex 19 8.68137 28.569
    endloop
  endfacet
  facet normal 0 0.996482 0.0838073
    outer loop
      vertex 13 8.68137 28.569
      vertex 19 10.7477 4
      vertex 13 10.7477 4
    endloop
  endfacet
  facet normal 0 0.910873 0.412686
    outer loop
      vertex 19 8.03775 31.3293
      vertex 13 7.80279 31.8479
      vertex 19 7.80279 31.8479
    endloop
  endfacet
  facet normal 0 0.910873 0.412686
    outer loop
      vertex 13 7.80279 31.8479
      vertex 19 8.03775 31.3293
      vertex 13 8.03775 31.3293
    endloop
  endfacet
  facet normal 0 -0.683614 0.729844
    outer loop
      vertex 13 -5.73631 34.541
      vertex 19 -6.15183 34.1518
      vertex 19 -5.73631 34.541
    endloop
  endfacet
  facet normal 0 -0.683614 0.729844
    outer loop
      vertex 19 -6.15183 34.1518
      vertex 13 -5.73631 34.541
      vertex 13 -6.15183 34.1518
    endloop
  endfacet
  facet normal 0 -0.81281 0.582529
    outer loop
      vertex 13 -7.23378 32.8335
      vertex 19 -6.90217 33.2962
      vertex 13 -6.90217 33.2962
    endloop
  endfacet
  facet normal 0 -0.81281 0.582529
    outer loop
      vertex 19 -6.90217 33.2962
      vertex 13 -7.23378 32.8335
      vertex 19 -7.23378 32.8335
    endloop
  endfacet
  facet normal 0 -0.849218 0.528043
    outer loop
      vertex 13 -7.53442 32.35
      vertex 19 -7.23378 32.8335
      vertex 13 -7.23378 32.8335
    endloop
  endfacet
  facet normal 0 -0.849218 0.528043
    outer loop
      vertex 19 -7.23378 32.8335
      vertex 13 -7.53442 32.35
      vertex 19 -7.53442 32.35
    endloop
  endfacet
  facet normal 0 0.729845 0.683613
    outer loop
      vertex 19 6.54101 33.7363
      vertex 13 6.15183 34.1518
      vertex 19 6.15183 34.1518
    endloop
  endfacet
  facet normal 0 0.729845 0.683613
    outer loop
      vertex 13 6.15183 34.1518
      vertex 19 6.54101 33.7363
      vertex 13 6.54101 33.7363
    endloop
  endfacet
  facet normal 0 -0.986642 0.162901
    outer loop
      vertex 13 -8.62557 29.1356
      vertex 19 -8.53283 29.6973
      vertex 13 -8.53283 29.6973
    endloop
  endfacet
  facet normal 0 -0.986642 0.162901
    outer loop
      vertex 19 -8.53283 29.6973
      vertex 13 -8.62557 29.1356
      vertex 19 -8.62557 29.1356
    endloop
  endfacet
  facet normal 0 -0.995186 0.098008
    outer loop
      vertex 13 -8.68137 28.569
      vertex 19 -8.62557 29.1356
      vertex 13 -8.62557 29.1356
    endloop
  endfacet
  facet normal 0 -0.995186 0.098008
    outer loop
      vertex 19 -8.62557 29.1356
      vertex 13 -8.68137 28.569
      vertex 19 -8.68137 28.569
    endloop
  endfacet
  facet normal 0 0.881927 0.471386
    outer loop
      vertex 19 7.80279 31.8479
      vertex 13 7.53442 32.35
      vertex 19 7.53442 32.35
    endloop
  endfacet
  facet normal 0 0.881927 0.471386
    outer loop
      vertex 13 7.53442 32.35
      vertex 19 7.80279 31.8479
      vertex 13 7.80279 31.8479
    endloop
  endfacet
  facet normal -1 0 0
    outer loop
      vertex 13 4.12544 24.8344
      vertex 13 8.68137 28.569
      vertex 13 10.7477 4
    endloop
  endfacet
  facet normal -1 0 -0
    outer loop
      vertex 13 4.50333 25.4
      vertex 13 8.68137 28.569
      vertex 13 4.32364 25.111
    endloop
  endfacet
  facet normal -1 0 -0
    outer loop
      vertex 13 4.80417 26.01
      vertex 13 8.68137 28.569
      vertex 13 4.66374 25.7001
    endloop
  endfacet
  facet normal -1 0 -0
    outer loop
      vertex 13 5.02281 26.6541
      vertex 13 8.68137 28.569
      vertex 13 4.92404 26.3285
    endloop
  endfacet
  facet normal -1 0 -0
    outer loop
      vertex 13 5.10008 26.9855
      vertex 13 8.68137 28.569
      vertex 13 5.02281 26.6541
    endloop
  endfacet
  facet normal -1 0 -0
    outer loop
      vertex 13 5.18887 27.6599
      vertex 13 8.68137 28.569
      vertex 13 5.15551 27.3213
    endloop
  endfacet
  facet normal -1 0 0
    outer loop
      vertex 13 5.18887 28.3401
      vertex 13 8.68137 28.569
      vertex 13 5.2 28
    endloop
  endfacet
  facet normal -1 0 0
    outer loop
      vertex 13 5.15551 28.6787
      vertex 13 8.62557 29.1356
      vertex 13 5.18887 28.3401
    endloop
  endfacet
  facet normal -1 0 0
    outer loop
      vertex 13 5.10008 29.0145
      vertex 13 8.53283 29.6973
      vertex 13 5.15551 28.6787
    endloop
  endfacet
  facet normal -1 -0 0
    outer loop
      vertex 13 8.53283 29.6973
      vertex 13 5.10008 29.0145
      vertex 13 8.40355 30.2517
    endloop
  endfacet
  facet normal -1 -0 0
    outer loop
      vertex 13 8.40355 30.2517
      vertex 13 5.02281 29.3459
      vertex 13 8.23829 30.7965
    endloop
  endfacet
  facet normal -1 -0 0
    outer loop
      vertex 13 8.23829 30.7965
      vertex 13 4.92404 29.6715
      vertex 13 8.03775 31.3293
    endloop
  endfacet
  facet normal -1 -0 0
    outer loop
      vertex 13 8.03775 31.3293
      vertex 13 4.80417 29.99
      vertex 13 7.80279 31.8479
    endloop
  endfacet
  facet normal -1 0 0
    outer loop
      vertex 13 4.66374 30.2999
      vertex 13 7.80279 31.8479
      vertex 13 4.80417 29.99
    endloop
  endfacet
  facet normal -1 0 0
    outer loop
      vertex 13 4.80417 29.99
      vertex 13 8.03775 31.3293
      vertex 13 4.92404 29.6715
    endloop
  endfacet
  facet normal -1 0 0
    outer loop
      vertex 13 4.92404 29.6715
      vertex 13 8.23829 30.7965
      vertex 13 5.02281 29.3459
    endloop
  endfacet
  facet normal -1 0 0
    outer loop
      vertex 13 5.02281 29.3459
      vertex 13 8.40355 30.2517
      vertex 13 5.10008 29.0145
    endloop
  endfacet
  facet normal -1 -0 0
    outer loop
      vertex 13 8.62557 29.1356
      vertex 13 5.15551 28.6787
      vertex 13 8.53283 29.6973
    endloop
  endfacet
  facet normal -1 -0 0
    outer loop
      vertex 13 8.68137 28.569
      vertex 13 5.18887 28.3401
      vertex 13 8.62557 29.1356
    endloop
  endfacet
  facet normal -1 0 -0
    outer loop
      vertex 13 5.2 28
      vertex 13 8.68137 28.569
      vertex 13 5.18887 27.6599
    endloop
  endfacet
  facet normal -1 0 -0
    outer loop
      vertex 13 5.15551 27.3213
      vertex 13 8.68137 28.569
      vertex 13 5.10008 26.9855
    endloop
  endfacet
  facet normal -1 0 -0
    outer loop
      vertex 13 4.92404 26.3285
      vertex 13 8.68137 28.569
      vertex 13 4.80417 26.01
    endloop
  endfacet
  facet normal -1 0 -0
    outer loop
      vertex 13 4.66374 25.7001
      vertex 13 8.68137 28.569
      vertex 13 4.50333 25.4
    endloop
  endfacet
  facet normal -1 0 0
    outer loop
      vertex 13 8.68137 28.569
      vertex 13 4.12544 24.8344
      vertex 13 4.32364 25.111
    endloop
  endfacet
  facet normal -1 0 0
    outer loop
      vertex 13 10.7477 4
      vertex 13 3.90957 24.5714
      vertex 13 4.12544 24.8344
    endloop
  endfacet
  facet normal -1 0 0
    outer loop
      vertex 13 10.7477 4
      vertex 13 3.67696 24.323
      vertex 13 3.90957 24.5714
    endloop
  endfacet
  facet normal -1 0 0
    outer loop
      vertex 13 10.7477 4
      vertex 13 3.4286 24.0904
      vertex 13 3.67696 24.323
    endloop
  endfacet
  facet normal -1 0 0
    outer loop
      vertex 13 10.7477 4
      vertex 13 3.16556 23.8746
      vertex 13 3.4286 24.0904
    endloop
  endfacet
  facet normal -1 0 0
    outer loop
      vertex 13 10.7477 4
      vertex 13 2.88896 23.6764
      vertex 13 3.16556 23.8746
    endloop
  endfacet
  facet normal -1 0 0
    outer loop
      vertex 13 10.7477 4
      vertex 13 2.6 23.4967
      vertex 13 2.88896 23.6764
    endloop
  endfacet
  facet normal -1 0 0
    outer loop
      vertex 13 10.7477 4
      vertex 13 2.2999 23.3363
      vertex 13 2.6 23.4967
    endloop
  endfacet
  facet normal -1 0 0
    outer loop
      vertex 13 10.7477 4
      vertex 13 1.98995 23.1958
      vertex 13 2.2999 23.3363
    endloop
  endfacet
  facet normal -1 0 0
    outer loop
      vertex 13 10.7477 4
      vertex 13 1.67148 23.076
      vertex 13 1.98995 23.1958
    endloop
  endfacet
  facet normal -1 0 0
    outer loop
      vertex 13 10.7477 4
      vertex 13 1.34586 22.9772
      vertex 13 1.67148 23.076
    endloop
  endfacet
  facet normal -1 0 0
    outer loop
      vertex 13 10.7477 4
      vertex 13 1.01447 22.8999
      vertex 13 1.34586 22.9772
    endloop
  endfacet
  facet normal -1 0 0
    outer loop
      vertex 13 10.7477 4
      vertex 13 0.678736 22.8445
      vertex 13 1.01447 22.8999
    endloop
  endfacet
  facet normal -1 0 0
    outer loop
      vertex 13 10.7477 4
      vertex 13 0.340096 22.8111
      vertex 13 0.678736 22.8445
    endloop
  endfacet
  facet normal -1 0 0
    outer loop
      vertex 13 10.7477 4
      vertex 13 0 22.8
      vertex 13 0.340096 22.8111
    endloop
  endfacet
  facet normal -1 0 0
    outer loop
      vertex 13 -10.7477 4
      vertex 13 0 22.8
      vertex 13 10.7477 4
    endloop
  endfacet
  facet normal -1 -0 0
    outer loop
      vertex 13 0 22.8
      vertex 13 -10.7477 4
      vertex 13 -0.340096 22.8111
    endloop
  endfacet
  facet normal -1 -0 0
    outer loop
      vertex 13 -0.340096 22.8111
      vertex 13 -10.7477 4
      vertex 13 -0.678736 22.8445
    endloop
  endfacet
  facet normal -1 -0 0
    outer loop
      vertex 13 -0.678736 22.8445
      vertex 13 -10.7477 4
      vertex 13 -1.01447 22.8999
    endloop
  endfacet
  facet normal -1 -0 0
    outer loop
      vertex 13 -1.01447 22.8999
      vertex 13 -10.7477 4
      vertex 13 -1.34586 22.9772
    endloop
  endfacet
  facet normal -1 -0 0
    outer loop
      vertex 13 -1.34586 22.9772
      vertex 13 -10.7477 4
      vertex 13 -1.67148 23.076
    endloop
  endfacet
  facet normal -1 -0 0
    outer loop
      vertex 13 -1.67148 23.076
      vertex 13 -10.7477 4
      vertex 13 -1.98995 23.1958
    endloop
  endfacet
  facet normal -1 -0 0
    outer loop
      vertex 13 -1.98995 23.1958
      vertex 13 -10.7477 4
      vertex 13 -2.2999 23.3363
    endloop
  endfacet
  facet normal -1 -0 0
    outer loop
      vertex 13 -2.2999 23.3363
      vertex 13 -10.7477 4
      vertex 13 -2.6 23.4967
    endloop
  endfacet
  facet normal -1 -0 0
    outer loop
      vertex 13 -2.6 23.4967
      vertex 13 -10.7477 4
      vertex 13 -2.88896 23.6764
    endloop
  endfacet
  facet normal -1 -0 0
    outer loop
      vertex 13 -2.88896 23.6764
      vertex 13 -10.7477 4
      vertex 13 -3.16556 23.8746
    endloop
  endfacet
  facet normal -1 -0 0
    outer loop
      vertex 13 -3.16556 23.8746
      vertex 13 -10.7477 4
      vertex 13 -3.4286 24.0904
    endloop
  endfacet
  facet normal -1 -0 0
    outer loop
      vertex 13 -3.4286 24.0904
      vertex 13 -10.7477 4
      vertex 13 -3.67696 24.323
    endloop
  endfacet
  facet normal -1 -0 0
    outer loop
      vertex 13 -3.67696 24.323
      vertex 13 -10.7477 4
      vertex 13 -3.90957 24.5714
    endloop
  endfacet
  facet normal -1 -0 0
    outer loop
      vertex 13 -3.90957 24.5714
      vertex 13 -10.7477 4
      vertex 13 -4.12544 24.8344
    endloop
  endfacet
  facet normal -1 0 0
    outer loop
      vertex 13 -3.79999 34.5
      vertex 13 -5.73631 34.541
      vertex 13 -5.29622 34.9022
    endloop
  endfacet
  facet normal -1 0 0
    outer loop
      vertex 13 -8.68137 28.569
      vertex 13 -5.2 28
      vertex 13 -5.18887 27.6599
    endloop
  endfacet
  facet normal -1 0 0
    outer loop
      vertex 13 -5.18887 28.3401
      vertex 13 -6.15183 34.1518
      vertex 13 -5.73631 34.541
    endloop
  endfacet
  facet normal -1 0 0
    outer loop
      vertex 13 -8.68137 28.569
      vertex 13 -5.18887 27.6599
      vertex 13 -5.15551 27.3213
    endloop
  endfacet
  facet normal -1 0 0
    outer loop
      vertex 13 -5.18887 28.3401
      vertex 13 -6.54101 33.7363
      vertex 13 -6.15183 34.1518
    endloop
  endfacet
  facet normal -1 0 0
    outer loop
      vertex 13 -8.68137 28.569
      vertex 13 -5.15551 27.3213
      vertex 13 -5.10008 26.9855
    endloop
  endfacet
  facet normal -1 0 0
    outer loop
      vertex 13 -5.18887 28.3401
      vertex 13 -6.90217 33.2962
      vertex 13 -6.54101 33.7363
    endloop
  endfacet
  facet normal -1 0 0
    outer loop
      vertex 13 -8.68137 28.569
      vertex 13 -5.10008 26.9855
      vertex 13 -5.02281 26.6541
    endloop
  endfacet
  facet normal -1 0 0
    outer loop
      vertex 13 -5.18887 28.3401
      vertex 13 -7.23378 32.8335
      vertex 13 -6.90217 33.2962
    endloop
  endfacet
  facet normal -1 0 0
    outer loop
      vertex 13 -8.68137 28.569
      vertex 13 -5.02281 26.6541
      vertex 13 -4.92404 26.3285
    endloop
  endfacet
  facet normal -1 0 0
    outer loop
      vertex 13 -5.18887 28.3401
      vertex 13 -7.53442 32.35
      vertex 13 -7.23378 32.8335
    endloop
  endfacet
  facet normal -1 0 0
    outer loop
      vertex 13 -8.68137 28.569
      vertex 13 -4.92404 26.3285
      vertex 13 -4.80417 26.01
    endloop
  endfacet
  facet normal -1 0 0
    outer loop
      vertex 13 -5.18887 28.3401
      vertex 13 -7.80279 31.8479
      vertex 13 -7.53442 32.35
    endloop
  endfacet
  facet normal -1 0 0
    outer loop
      vertex 13 -8.68137 28.569
      vertex 13 -4.80417 26.01
      vertex 13 -4.66374 25.7001
    endloop
  endfacet
  facet normal -1 0 0
    outer loop
      vertex 13 -5.18887 28.3401
      vertex 13 -8.03775 31.3293
      vertex 13 -7.80279 31.8479
    endloop
  endfacet
  facet normal -1 0 0
    outer loop
      vertex 13 -8.68137 28.569
      vertex 13 -4.66374 25.7001
      vertex 13 -4.50333 25.4
    endloop
  endfacet
  facet normal -1 0 0
    outer loop
      vertex 13 -5.18887 28.3401
      vertex 13 -8.23829 30.7965
      vertex 13 -8.03775 31.3293
    endloop
  endfacet
  facet normal -1 0 0
    outer loop
      vertex 13 -8.68137 28.569
      vertex 13 -4.50333 25.4
      vertex 13 -4.32364 25.111
    endloop
  endfacet
  facet normal -1 0 0
    outer loop
      vertex 13 -5.18887 28.3401
      vertex 13 -8.40355 30.2517
      vertex 13 -8.23829 30.7965
    endloop
  endfacet
  facet normal -1 0 -0
    outer loop
      vertex 13 -8.68137 28.569
      vertex 13 -4.12544 24.8344
      vertex 13 -10.7477 4
    endloop
  endfacet
  facet normal -1 0 0
    outer loop
      vertex 13 -5.18887 28.3401
      vertex 13 -8.68137 28.569
      vertex 13 -8.62557 29.1356
    endloop
  endfacet
  facet normal -1 0 0
    outer loop
      vertex 13 -5.18887 28.3401
      vertex 13 -8.53283 29.6973
      vertex 13 -8.40355 30.2517
    endloop
  endfacet
  facet normal -1 0 0
    outer loop
      vertex 13 -5.18887 28.3401
      vertex 13 -8.62557 29.1356
      vertex 13 -8.53283 29.6973
    endloop
  endfacet
  facet normal -1 0 0
    outer loop
      vertex 13 -4.12544 24.8344
      vertex 13 -8.68137 28.569
      vertex 13 -4.32364 25.111
    endloop
  endfacet
  facet normal -1 -0 0
    outer loop
      vertex 13 7.80279 31.8479
      vertex 13 4.66374 30.2999
      vertex 13 7.53442 32.35
    endloop
  endfacet
  facet normal -1 0 0
    outer loop
      vertex 13 4.50333 30.6
      vertex 13 7.53442 32.35
      vertex 13 4.66374 30.2999
    endloop
  endfacet
  facet normal -1 -0 0
    outer loop
      vertex 13 7.53442 32.35
      vertex 13 4.50333 30.6
      vertex 13 7.23378 32.8335
    endloop
  endfacet
  facet normal -1 0 0
    outer loop
      vertex 13 4.32364 30.889
      vertex 13 7.23378 32.8335
      vertex 13 4.50333 30.6
    endloop
  endfacet
  facet normal -1 -0 0
    outer loop
      vertex 13 7.23378 32.8335
      vertex 13 4.32364 30.889
      vertex 13 6.90217 33.2962
    endloop
  endfacet
  facet normal -1 0 0
    outer loop
      vertex 13 4.12544 31.1656
      vertex 13 6.90217 33.2962
      vertex 13 4.32364 30.889
    endloop
  endfacet
  facet normal -1 -0 0
    outer loop
      vertex 13 6.90217 33.2962
      vertex 13 4.12544 31.1656
      vertex 13 6.54101 33.7363
    endloop
  endfacet
  facet normal -1 0 0
    outer loop
      vertex 13 3.90957 31.4286
      vertex 13 6.54101 33.7363
      vertex 13 4.12544 31.1656
    endloop
  endfacet
  facet normal -1 0 0
    outer loop
      vertex 13 3.79999 31.5456
      vertex 13 6.54101 33.7363
      vertex 13 3.90957 31.4286
    endloop
  endfacet
  facet normal -1 -0 0
    outer loop
      vertex 13 6.54101 33.7363
      vertex 13 3.79999 31.5456
      vertex 13 6.15183 34.1518
    endloop
  endfacet
  facet normal -1 0 0
    outer loop
      vertex 13 3.79999 34.5
      vertex 13 6.15183 34.1518
      vertex 13 3.79999 31.5456
    endloop
  endfacet
  facet normal -1 0 0
    outer loop
      vertex 13 6.15183 34.1518
      vertex 13 3.79999 34.5
      vertex 13 5.73631 34.541
    endloop
  endfacet
  facet normal -1 -0 0
    outer loop
      vertex 13 5.29622 34.9022
      vertex 13 3.79999 34.5
      vertex 13 4.83346 35.2338
    endloop
  endfacet
  facet normal -1 -0 0
    outer loop
      vertex 13 5.73631 34.541
      vertex 13 3.79999 34.5
      vertex 13 5.29622 34.9022
    endloop
  endfacet
  facet normal -1 -0 0
    outer loop
      vertex 13 4.83346 35.2338
      vertex 13 3.79999 34.5
      vertex 13 4.39603 35.5058
    endloop
  endfacet
  facet normal -1 0 0
    outer loop
      vertex 13 -5.73631 34.541
      vertex 13 -3.79999 31.5456
      vertex 13 -3.90957 31.4286
    endloop
  endfacet
  facet normal -1 0 0
    outer loop
      vertex 13 -5.73631 34.541
      vertex 13 -3.90957 31.4286
      vertex 13 -4.12544 31.1656
    endloop
  endfacet
  facet normal -1 0 0
    outer loop
      vertex 13 -5.73631 34.541
      vertex 13 -4.12544 31.1656
      vertex 13 -4.32364 30.889
    endloop
  endfacet
  facet normal -1 0 0
    outer loop
      vertex 13 -5.73631 34.541
      vertex 13 -3.79999 34.5
      vertex 13 -3.79999 31.5456
    endloop
  endfacet
  facet normal -1 0 0
    outer loop
      vertex 13 -5.73631 34.541
      vertex 13 -4.32364 30.889
      vertex 13 -4.50333 30.6
    endloop
  endfacet
  facet normal -1 0 0
    outer loop
      vertex 13 -5.73631 34.541
      vertex 13 -4.50333 30.6
      vertex 13 -4.66374 30.2999
    endloop
  endfacet
  facet normal -1 0 0
    outer loop
      vertex 13 -5.73631 34.541
      vertex 13 -4.66374 30.2999
      vertex 13 -4.80417 29.99
    endloop
  endfacet
  facet normal -1 0 0
    outer loop
      vertex 13 -3.79999 34.5
      vertex 13 -4.83346 35.2338
      vertex 13 -4.39603 35.5058
    endloop
  endfacet
  facet normal -1 0 0
    outer loop
      vertex 13 -5.73631 34.541
      vertex 13 -4.80417 29.99
      vertex 13 -4.92404 29.6715
    endloop
  endfacet
  facet normal -1 0 0
    outer loop
      vertex 13 -5.73631 34.541
      vertex 13 -4.92404 29.6715
      vertex 13 -5.02281 29.3459
    endloop
  endfacet
  facet normal -1 0 0
    outer loop
      vertex 13 -5.73631 34.541
      vertex 13 -5.02281 29.3459
      vertex 13 -5.10008 29.0145
    endloop
  endfacet
  facet normal -1 0 0
    outer loop
      vertex 13 -5.73631 34.541
      vertex 13 -5.10008 29.0145
      vertex 13 -5.15551 28.6787
    endloop
  endfacet
  facet normal -1 0 0
    outer loop
      vertex 13 -5.73631 34.541
      vertex 13 -5.15551 28.6787
      vertex 13 -5.18887 28.3401
    endloop
  endfacet
  facet normal -1 0 0
    outer loop
      vertex 13 -3.79999 34.5
      vertex 13 -5.29622 34.9022
      vertex 13 -4.83346 35.2338
    endloop
  endfacet
  facet normal -1 0 0
    outer loop
      vertex 13 -8.68137 28.569
      vertex 13 -5.18887 28.3401
      vertex 13 -5.2 28
    endloop
  endfacet
  facet normal -0 0.528052 0.849212
    outer loop
      vertex 13 4.83346 35.2338
      vertex 19 4.39603 35.5058
      vertex 19 4.83346 35.2338
    endloop
  endfacet
  facet normal 0 0.528052 0.849212
    outer loop
      vertex 19 4.39603 35.5058
      vertex 13 4.83346 35.2338
      vertex 13 4.39603 35.5058
    endloop
  endfacet
  facet normal 1 -0 0
    outer loop
      vertex 19 -6.15183 34.1518
      vertex 19 -3.79999 31.5456
      vertex 19 -3.79999 34.5
    endloop
  endfacet
  facet normal 1 -0 0
    outer loop
      vertex 19 -6.54101 33.7363
      vertex 19 -3.79999 31.5456
      vertex 19 -6.15183 34.1518
    endloop
  endfacet
  facet normal 1 0 0
    outer loop
      vertex 19 -3.79999 31.5456
      vertex 19 -6.54101 33.7363
      vertex 19 -3.90957 31.4286
    endloop
  endfacet
  facet normal 1 -0 0
    outer loop
      vertex 19 -4.83346 35.2338
      vertex 19 -3.79999 34.5
      vertex 19 -4.39603 35.5058
    endloop
  endfacet
  facet normal 1 -0 0
    outer loop
      vertex 19 -5.29622 34.9022
      vertex 19 -3.79999 34.5
      vertex 19 -4.83346 35.2338
    endloop
  endfacet
  facet normal 1 -0 0
    outer loop
      vertex 19 -5.73631 34.541
      vertex 19 -3.79999 34.5
      vertex 19 -5.29622 34.9022
    endloop
  endfacet
  facet normal 1 0 0
    outer loop
      vertex 19 -6.15183 34.1518
      vertex 19 -3.79999 34.5
      vertex 19 -5.73631 34.541
    endloop
  endfacet
  facet normal 1 0 0
    outer loop
      vertex 19 -3.90957 31.4286
      vertex 19 -6.54101 33.7363
      vertex 19 -4.12544 31.1656
    endloop
  endfacet
  facet normal 1 -0 0
    outer loop
      vertex 19 -6.90217 33.2962
      vertex 19 -4.12544 31.1656
      vertex 19 -6.54101 33.7363
    endloop
  endfacet
  facet normal 1 0 0
    outer loop
      vertex 19 -4.12544 31.1656
      vertex 19 -6.90217 33.2962
      vertex 19 -4.32364 30.889
    endloop
  endfacet
  facet normal 1 -0 0
    outer loop
      vertex 19 -7.23378 32.8335
      vertex 19 -4.32364 30.889
      vertex 19 -6.90217 33.2962
    endloop
  endfacet
  facet normal 1 0 0
    outer loop
      vertex 19 -4.32364 30.889
      vertex 19 -7.23378 32.8335
      vertex 19 -4.50333 30.6
    endloop
  endfacet
  facet normal 1 -0 0
    outer loop
      vertex 19 -7.53442 32.35
      vertex 19 -4.50333 30.6
      vertex 19 -7.23378 32.8335
    endloop
  endfacet
  facet normal 1 -0 0
    outer loop
      vertex 19 -7.80279 31.8479
      vertex 19 -4.66374 30.2999
      vertex 19 -7.53442 32.35
    endloop
  endfacet
  facet normal 1 0 0
    outer loop
      vertex 19 -4.50333 30.6
      vertex 19 -7.53442 32.35
      vertex 19 -4.66374 30.2999
    endloop
  endfacet
  facet normal 1 0 0
    outer loop
      vertex 19 8.68137 28.569
      vertex 19 5.18887 28.3401
      vertex 19 5.2 28
    endloop
  endfacet
  facet normal 1 0 0
    outer loop
      vertex 19 5.73631 34.541
      vertex 19 5.15551 28.6787
      vertex 19 5.18887 28.3401
    endloop
  endfacet
  facet normal 1 0 0
    outer loop
      vertex 19 5.73631 34.541
      vertex 19 5.10008 29.0145
      vertex 19 5.15551 28.6787
    endloop
  endfacet
  facet normal 1 0 0
    outer loop
      vertex 19 5.73631 34.541
      vertex 19 5.02281 29.3459
      vertex 19 5.10008 29.0145
    endloop
  endfacet
  facet normal 1 0 0
    outer loop
      vertex 19 5.73631 34.541
      vertex 19 4.92404 29.6715
      vertex 19 5.02281 29.3459
    endloop
  endfacet
  facet normal 1 0 0
    outer loop
      vertex 19 3.79999 34.5
      vertex 19 5.29622 34.9022
      vertex 19 4.83346 35.2338
    endloop
  endfacet
  facet normal 1 0 0
    outer loop
      vertex 19 5.73631 34.541
      vertex 19 4.80417 29.99
      vertex 19 4.92404 29.6715
    endloop
  endfacet
  facet normal 1 0 0
    outer loop
      vertex 19 5.73631 34.541
      vertex 19 4.66374 30.2999
      vertex 19 4.80417 29.99
    endloop
  endfacet
  facet normal 1 0 0
    outer loop
      vertex 19 5.73631 34.541
      vertex 19 4.50333 30.6
      vertex 19 4.66374 30.2999
    endloop
  endfacet
  facet normal 1 0 0
    outer loop
      vertex 19 3.79999 34.5
      vertex 19 4.83346 35.2338
      vertex 19 4.39603 35.5058
    endloop
  endfacet
  facet normal 1 0 0
    outer loop
      vertex 19 5.73631 34.541
      vertex 19 4.32364 30.889
      vertex 19 4.50333 30.6
    endloop
  endfacet
  facet normal 1 0 0
    outer loop
      vertex 19 5.73631 34.541
      vertex 19 4.12544 31.1656
      vertex 19 4.32364 30.889
    endloop
  endfacet
  facet normal 1 0 0
    outer loop
      vertex 19 5.73631 34.541
      vertex 19 3.79999 34.5
      vertex 19 3.79999 31.5456
    endloop
  endfacet
  facet normal 1 0 0
    outer loop
      vertex 19 5.73631 34.541
      vertex 19 3.90957 31.4286
      vertex 19 4.12544 31.1656
    endloop
  endfacet
  facet normal 1 0 0
    outer loop
      vertex 19 5.73631 34.541
      vertex 19 3.79999 31.5456
      vertex 19 3.90957 31.4286
    endloop
  endfacet
  facet normal 1 0 0
    outer loop
      vertex 19 5.18887 28.3401
      vertex 19 8.68137 28.569
      vertex 19 8.62557 29.1356
    endloop
  endfacet
  facet normal 1 0 0
    outer loop
      vertex 19 5.18887 28.3401
      vertex 19 8.62557 29.1356
      vertex 19 8.53283 29.6973
    endloop
  endfacet
  facet normal 1 0 0
    outer loop
      vertex 19 5.18887 28.3401
      vertex 19 8.53283 29.6973
      vertex 19 8.40355 30.2517
    endloop
  endfacet
  facet normal 1 0 0
    outer loop
      vertex 19 5.18887 28.3401
      vertex 19 8.40355 30.2517
      vertex 19 8.23829 30.7965
    endloop
  endfacet
  facet normal 1 0 0
    outer loop
      vertex 19 5.18887 28.3401
      vertex 19 8.23829 30.7965
      vertex 19 8.03775 31.3293
    endloop
  endfacet
  facet normal 1 0 0
    outer loop
      vertex 19 5.18887 28.3401
      vertex 19 8.03775 31.3293
      vertex 19 7.80279 31.8479
    endloop
  endfacet
  facet normal 1 0 0
    outer loop
      vertex 19 5.18887 28.3401
      vertex 19 7.80279 31.8479
      vertex 19 7.53442 32.35
    endloop
  endfacet
  facet normal 1 0 0
    outer loop
      vertex 19 5.18887 28.3401
      vertex 19 7.53442 32.35
      vertex 19 7.23378 32.8335
    endloop
  endfacet
  facet normal 1 0 0
    outer loop
      vertex 19 5.18887 28.3401
      vertex 19 7.23378 32.8335
      vertex 19 6.90217 33.2962
    endloop
  endfacet
  facet normal 1 0 0
    outer loop
      vertex 19 5.18887 28.3401
      vertex 19 6.90217 33.2962
      vertex 19 6.54101 33.7363
    endloop
  endfacet
  facet normal 1 0 0
    outer loop
      vertex 19 5.18887 28.3401
      vertex 19 6.54101 33.7363
      vertex 19 6.15183 34.1518
    endloop
  endfacet
  facet normal 1 0 0
    outer loop
      vertex 19 5.18887 28.3401
      vertex 19 6.15183 34.1518
      vertex 19 5.73631 34.541
    endloop
  endfacet
  facet normal 1 0 0
    outer loop
      vertex 19 3.79999 34.5
      vertex 19 5.73631 34.541
      vertex 19 5.29622 34.9022
    endloop
  endfacet
  facet normal 1 0 0
    outer loop
      vertex 19 8.68137 28.569
      vertex 19 5.2 28
      vertex 19 5.18887 27.6599
    endloop
  endfacet
  facet normal 1 0 0
    outer loop
      vertex 19 8.68137 28.569
      vertex 19 5.18887 27.6599
      vertex 19 5.15551 27.3213
    endloop
  endfacet
  facet normal 1 0 0
    outer loop
      vertex 19 8.68137 28.569
      vertex 19 5.15551 27.3213
      vertex 19 5.10008 26.9855
    endloop
  endfacet
  facet normal 1 0 0
    outer loop
      vertex 19 8.68137 28.569
      vertex 19 5.10008 26.9855
      vertex 19 5.02281 26.6541
    endloop
  endfacet
  facet normal 1 0 0
    outer loop
      vertex 19 8.68137 28.569
      vertex 19 5.02281 26.6541
      vertex 19 4.92404 26.3285
    endloop
  endfacet
  facet normal 1 0 0
    outer loop
      vertex 19 8.68137 28.569
      vertex 19 4.92404 26.3285
      vertex 19 4.80417 26.01
    endloop
  endfacet
  facet normal 1 0 0
    outer loop
      vertex 19 8.68137 28.569
      vertex 19 4.80417 26.01
      vertex 19 4.66374 25.7001
    endloop
  endfacet
  facet normal 1 0 0
    outer loop
      vertex 19 8.68137 28.569
      vertex 19 4.66374 25.7001
      vertex 19 4.50333 25.4
    endloop
  endfacet
  facet normal 1 0 0
    outer loop
      vertex 19 8.68137 28.569
      vertex 19 4.50333 25.4
      vertex 19 4.32364 25.111
    endloop
  endfacet
  facet normal 1 0 0
    outer loop
      vertex 19 4.12544 24.8344
      vertex 19 8.68137 28.569
      vertex 19 4.32364 25.111
    endloop
  endfacet
  facet normal 1 0 0
    outer loop
      vertex 19 8.68137 28.569
      vertex 19 4.12544 24.8344
      vertex 19 10.7477 4
    endloop
  endfacet
  facet normal 1 -0 0
    outer loop
      vertex 19 3.90957 24.5714
      vertex 19 10.7477 4
      vertex 19 4.12544 24.8344
    endloop
  endfacet
  facet normal 1 -0 0
    outer loop
      vertex 19 3.67696 24.323
      vertex 19 10.7477 4
      vertex 19 3.90957 24.5714
    endloop
  endfacet
  facet normal 1 -0 0
    outer loop
      vertex 19 3.4286 24.0904
      vertex 19 10.7477 4
      vertex 19 3.67696 24.323
    endloop
  endfacet
  facet normal 1 -0 0
    outer loop
      vertex 19 3.16556 23.8746
      vertex 19 10.7477 4
      vertex 19 3.4286 24.0904
    endloop
  endfacet
  facet normal 1 -0 0
    outer loop
      vertex 19 2.88896 23.6764
      vertex 19 10.7477 4
      vertex 19 3.16556 23.8746
    endloop
  endfacet
  facet normal 1 -0 0
    outer loop
      vertex 19 2.6 23.4967
      vertex 19 10.7477 4
      vertex 19 2.88896 23.6764
    endloop
  endfacet
  facet normal 1 -0 0
    outer loop
      vertex 19 2.2999 23.3363
      vertex 19 10.7477 4
      vertex 19 2.6 23.4967
    endloop
  endfacet
  facet normal 1 -0 0
    outer loop
      vertex 19 1.98995 23.1958
      vertex 19 10.7477 4
      vertex 19 2.2999 23.3363
    endloop
  endfacet
  facet normal 1 -0 0
    outer loop
      vertex 19 1.67148 23.076
      vertex 19 10.7477 4
      vertex 19 1.98995 23.1958
    endloop
  endfacet
  facet normal 1 -0 0
    outer loop
      vertex 19 1.34586 22.9772
      vertex 19 10.7477 4
      vertex 19 1.67148 23.076
    endloop
  endfacet
  facet normal 1 -0 0
    outer loop
      vertex 19 1.01447 22.8999
      vertex 19 10.7477 4
      vertex 19 1.34586 22.9772
    endloop
  endfacet
  facet normal 1 -0 0
    outer loop
      vertex 19 0.678736 22.8445
      vertex 19 10.7477 4
      vertex 19 1.01447 22.8999
    endloop
  endfacet
  facet normal 1 -0 0
    outer loop
      vertex 19 0.340096 22.8111
      vertex 19 10.7477 4
      vertex 19 0.678736 22.8445
    endloop
  endfacet
  facet normal 1 -0 0
    outer loop
      vertex 19 0 22.8
      vertex 19 10.7477 4
      vertex 19 0.340096 22.8111
    endloop
  endfacet
  facet normal 1 0 0
    outer loop
      vertex 19 -10.7477 4
      vertex 19 0 22.8
      vertex 19 -0.340096 22.8111
    endloop
  endfacet
  facet normal 1 0 0
    outer loop
      vertex 19 -10.7477 4
      vertex 19 -0.340096 22.8111
      vertex 19 -0.678736 22.8445
    endloop
  endfacet
  facet normal 1 0 0
    outer loop
      vertex 19 -10.7477 4
      vertex 19 -0.678736 22.8445
      vertex 19 -1.01447 22.8999
    endloop
  endfacet
  facet normal 1 0 0
    outer loop
      vertex 19 -10.7477 4
      vertex 19 -1.01447 22.8999
      vertex 19 -1.34586 22.9772
    endloop
  endfacet
  facet normal 1 0 0
    outer loop
      vertex 19 -10.7477 4
      vertex 19 -1.34586 22.9772
      vertex 19 -1.67148 23.076
    endloop
  endfacet
  facet normal 1 0 0
    outer loop
      vertex 19 -10.7477 4
      vertex 19 -1.67148 23.076
      vertex 19 -1.98995 23.1958
    endloop
  endfacet
  facet normal 1 0 0
    outer loop
      vertex 19 -10.7477 4
      vertex 19 -1.98995 23.1958
      vertex 19 -2.2999 23.3363
    endloop
  endfacet
  facet normal 1 0 0
    outer loop
      vertex 19 -10.7477 4
      vertex 19 -2.2999 23.3363
      vertex 19 -2.6 23.4967
    endloop
  endfacet
  facet normal 1 0 0
    outer loop
      vertex 19 -10.7477 4
      vertex 19 -2.6 23.4967
      vertex 19 -2.88896 23.6764
    endloop
  endfacet
  facet normal 1 0 0
    outer loop
      vertex 19 -10.7477 4
      vertex 19 -2.88896 23.6764
      vertex 19 -3.16556 23.8746
    endloop
  endfacet
  facet normal 1 0 0
    outer loop
      vertex 19 -10.7477 4
      vertex 19 -3.16556 23.8746
      vertex 19 -3.4286 24.0904
    endloop
  endfacet
  facet normal 1 0 0
    outer loop
      vertex 19 -10.7477 4
      vertex 19 -3.4286 24.0904
      vertex 19 -3.67696 24.323
    endloop
  endfacet
  facet normal 1 0 0
    outer loop
      vertex 19 -10.7477 4
      vertex 19 -3.67696 24.323
      vertex 19 -3.90957 24.5714
    endloop
  endfacet
  facet normal 1 0 0
    outer loop
      vertex 19 -10.7477 4
      vertex 19 -3.90957 24.5714
      vertex 19 -4.12544 24.8344
    endloop
  endfacet
  facet normal 1 0 0
    outer loop
      vertex 19 -8.68137 28.569
      vertex 19 -4.12544 24.8344
      vertex 19 -4.32364 25.111
    endloop
  endfacet
  facet normal 1 0 0
    outer loop
      vertex 19 -4.66374 30.2999
      vertex 19 -7.80279 31.8479
      vertex 19 -4.80417 29.99
    endloop
  endfacet
  facet normal 1 -0 0
    outer loop
      vertex 19 -8.03775 31.3293
      vertex 19 -4.80417 29.99
      vertex 19 -7.80279 31.8479
    endloop
  endfacet
  facet normal 1 0 0
    outer loop
      vertex 19 -4.80417 29.99
      vertex 19 -8.03775 31.3293
      vertex 19 -4.92404 29.6715
    endloop
  endfacet
  facet normal 1 -0 0
    outer loop
      vertex 19 -8.23829 30.7965
      vertex 19 -4.92404 29.6715
      vertex 19 -8.03775 31.3293
    endloop
  endfacet
  facet normal 1 0 0
    outer loop
      vertex 19 -4.92404 29.6715
      vertex 19 -8.23829 30.7965
      vertex 19 -5.02281 29.3459
    endloop
  endfacet
  facet normal 1 -0 0
    outer loop
      vertex 19 -8.40355 30.2517
      vertex 19 -5.02281 29.3459
      vertex 19 -8.23829 30.7965
    endloop
  endfacet
  facet normal 1 0 0
    outer loop
      vertex 19 -5.02281 29.3459
      vertex 19 -8.40355 30.2517
      vertex 19 -5.10008 29.0145
    endloop
  endfacet
  facet normal 1 -0 0
    outer loop
      vertex 19 -8.53283 29.6973
      vertex 19 -5.10008 29.0145
      vertex 19 -8.40355 30.2517
    endloop
  endfacet
  facet normal 1 0 0
    outer loop
      vertex 19 -5.10008 29.0145
      vertex 19 -8.53283 29.6973
      vertex 19 -5.15551 28.6787
    endloop
  endfacet
  facet normal 1 -0 0
    outer loop
      vertex 19 -8.62557 29.1356
      vertex 19 -5.15551 28.6787
      vertex 19 -8.53283 29.6973
    endloop
  endfacet
  facet normal 1 0 0
    outer loop
      vertex 19 -5.15551 28.6787
      vertex 19 -8.62557 29.1356
      vertex 19 -5.18887 28.3401
    endloop
  endfacet
  facet normal 1 -0 0
    outer loop
      vertex 19 -8.68137 28.569
      vertex 19 -5.18887 28.3401
      vertex 19 -8.62557 29.1356
    endloop
  endfacet
  facet normal 1 0 0
    outer loop
      vertex 19 -5.18887 28.3401
      vertex 19 -8.68137 28.569
      vertex 19 -5.2 28
    endloop
  endfacet
  facet normal 1 0 0
    outer loop
      vertex 19 -5.2 28
      vertex 19 -8.68137 28.569
      vertex 19 -5.18887 27.6599
    endloop
  endfacet
  facet normal 1 0 0
    outer loop
      vertex 19 -5.18887 27.6599
      vertex 19 -8.68137 28.569
      vertex 19 -5.15551 27.3213
    endloop
  endfacet
  facet normal 1 0 0
    outer loop
      vertex 19 -5.15551 27.3213
      vertex 19 -8.68137 28.569
      vertex 19 -5.10008 26.9855
    endloop
  endfacet
  facet normal 1 0 0
    outer loop
      vertex 19 -5.10008 26.9855
      vertex 19 -8.68137 28.569
      vertex 19 -5.02281 26.6541
    endloop
  endfacet
  facet normal 1 0 0
    outer loop
      vertex 19 -5.02281 26.6541
      vertex 19 -8.68137 28.569
      vertex 19 -4.92404 26.3285
    endloop
  endfacet
  facet normal 1 0 0
    outer loop
      vertex 19 -4.92404 26.3285
      vertex 19 -8.68137 28.569
      vertex 19 -4.80417 26.01
    endloop
  endfacet
  facet normal 1 0 0
    outer loop
      vertex 19 -4.80417 26.01
      vertex 19 -8.68137 28.569
      vertex 19 -4.66374 25.7001
    endloop
  endfacet
  facet normal 1 0 0
    outer loop
      vertex 19 -4.66374 25.7001
      vertex 19 -8.68137 28.569
      vertex 19 -4.50333 25.4
    endloop
  endfacet
  facet normal 1 0 0
    outer loop
      vertex 19 -4.50333 25.4
      vertex 19 -8.68137 28.569
      vertex 19 -4.32364 25.111
    endloop
  endfacet
  facet normal 1 0 0
    outer loop
      vertex 19 -4.12544 24.8344
      vertex 19 -8.68137 28.569
      vertex 19 -10.7477 4
    endloop
  endfacet
  facet normal 1 0 0
    outer loop
      vertex 19 0 22.8
      vertex 19 -10.7477 4
      vertex 19 10.7477 4
    endloop
  endfacet
  facet normal 0 -0.16281 0.986657
    outer loop
      vertex 13 1.01447 22.8999
      vertex 19 0.678736 22.8445
      vertex 19 1.01447 22.8999
    endloop
  endfacet
  facet normal 0 -0.16281 0.986657
    outer loop
      vertex 19 0.678736 22.8445
      vertex 13 1.01447 22.8999
      vertex 13 0.678736 22.8445
    endloop
  endfacet
  facet normal 0 0.910846 0.412746
    outer loop
      vertex 19 -4.66374 25.7001
      vertex 13 -4.80417 26.01
      vertex 19 -4.80417 26.01
    endloop
  endfacet
  facet normal 0 0.910846 0.412746
    outer loop
      vertex 13 -4.80417 26.01
      vertex 19 -4.66374 25.7001
      vertex 13 -4.66374 25.7001
    endloop
  endfacet
  facet normal 0 0.935911 0.352237
    outer loop
      vertex 19 -4.80417 26.01
      vertex 13 -4.92404 26.3285
      vertex 19 -4.92404 26.3285
    endloop
  endfacet
  facet normal 0 0.935911 0.352237
    outer loop
      vertex 13 -4.92404 26.3285
      vertex 19 -4.80417 26.01
      vertex 13 -4.80417 26.01
    endloop
  endfacet
  facet normal 0 -0.973878 0.227072
    outer loop
      vertex 13 5.02281 26.6541
      vertex 19 5.10008 26.9855
      vertex 13 5.10008 26.9855
    endloop
  endfacet
  facet normal 0 -0.973878 0.227072
    outer loop
      vertex 19 5.10008 26.9855
      vertex 13 5.02281 26.6541
      vertex 19 5.02281 26.6541
    endloop
  endfacet
  facet normal 0 0.812859 0.582461
    outer loop
      vertex 19 -4.12544 24.8344
      vertex 13 -4.32364 25.111
      vertex 19 -4.32364 25.111
    endloop
  endfacet
  facet normal 0 0.812859 0.582461
    outer loop
      vertex 13 -4.32364 25.111
      vertex 19 -4.12544 24.8344
      vertex 13 -4.12544 24.8344
    endloop
  endfacet
  facet normal -0 0.0981536 0.995171
    outer loop
      vertex 13 -0.340096 22.8111
      vertex 19 -0.678736 22.8445
      vertex 19 -0.340096 22.8111
    endloop
  endfacet
  facet normal 0 0.0981536 0.995171
    outer loop
      vertex 19 -0.678736 22.8445
      vertex 13 -0.340096 22.8111
      vertex 13 -0.678736 22.8445
    endloop
  endfacet
  facet normal -0 0.634268 0.773113
    outer loop
      vertex 13 -3.16556 23.8746
      vertex 19 -3.4286 24.0904
      vertex 19 -3.16556 23.8746
    endloop
  endfacet
  facet normal 0 0.634268 0.773113
    outer loop
      vertex 19 -3.4286 24.0904
      vertex 13 -3.16556 23.8746
      vertex 13 -3.4286 24.0904
    endloop
  endfacet
  facet normal 0 -0.999465 0.0327082
    outer loop
      vertex 13 5.18887 27.6599
      vertex 19 5.2 28
      vertex 13 5.2 28
    endloop
  endfacet
  facet normal 0 -0.999465 0.0327082
    outer loop
      vertex 19 5.2 28
      vertex 13 5.18887 27.6599
      vertex 19 5.18887 27.6599
    endloop
  endfacet
  facet normal 0 0.986648 0.162865
    outer loop
      vertex 19 -5.10008 26.9855
      vertex 13 -5.15551 27.3213
      vertex 19 -5.15551 27.3213
    endloop
  endfacet
  facet normal 0 0.986648 0.162865
    outer loop
      vertex 13 -5.15551 27.3213
      vertex 19 -5.10008 26.9855
      vertex 13 -5.10008 26.9855
    endloop
  endfacet
  facet normal 0 0.999465 -0.0327082
    outer loop
      vertex 19 -5.2 28
      vertex 13 -5.18887 28.3401
      vertex 19 -5.18887 28.3401
    endloop
  endfacet
  facet normal 0 0.999465 -0.0327082
    outer loop
      vertex 13 -5.18887 28.3401
      vertex 19 -5.2 28
      vertex 13 -5.2 28
    endloop
  endfacet
  facet normal 0 -0.995182 0.0980486
    outer loop
      vertex 13 5.15551 27.3213
      vertex 19 5.18887 27.6599
      vertex 13 5.18887 27.6599
    endloop
  endfacet
  facet normal 0 -0.995182 0.0980486
    outer loop
      vertex 19 5.18887 27.6599
      vertex 13 5.15551 27.3213
      vertex 19 5.15551 27.3213
    endloop
  endfacet
  facet normal 0 -0.68357 0.729885
    outer loop
      vertex 13 3.67696 24.323
      vertex 19 3.4286 24.0904
      vertex 19 3.67696 24.323
    endloop
  endfacet
  facet normal 0 -0.68357 0.729885
    outer loop
      vertex 19 3.4286 24.0904
      vertex 13 3.67696 24.323
      vertex 13 3.4286 24.0904
    endloop
  endfacet
  facet normal 0 -0.0326205 0.999468
    outer loop
      vertex 13 0.340096 22.8111
      vertex 19 0 22.8
      vertex 19 0.340096 22.8111
    endloop
  endfacet
  facet normal 0 -0.0326205 0.999468
    outer loop
      vertex 19 0 22.8
      vertex 13 0.340096 22.8111
      vertex 13 0 22.8
    endloop
  endfacet
  facet normal -0 0.68357 0.729885
    outer loop
      vertex 13 -3.4286 24.0904
      vertex 19 -3.67696 24.323
      vertex 19 -3.4286 24.0904
    endloop
  endfacet
  facet normal 0 0.68357 0.729885
    outer loop
      vertex 19 -3.67696 24.323
      vertex 13 -3.4286 24.0904
      vertex 13 -3.67696 24.323
    endloop
  endfacet
  facet normal 0 -0.227162 0.973857
    outer loop
      vertex 13 1.34586 22.9772
      vertex 19 1.01447 22.8999
      vertex 19 1.34586 22.9772
    endloop
  endfacet
  facet normal 0 -0.227162 0.973857
    outer loop
      vertex 19 1.01447 22.8999
      vertex 13 1.34586 22.9772
      vertex 13 1.01447 22.8999
    endloop
  endfacet
  facet normal 0 0.973878 0.227072
    outer loop
      vertex 19 -5.02281 26.6541
      vertex 13 -5.10008 26.9855
      vertex 19 -5.10008 26.9855
    endloop
  endfacet
  facet normal 0 0.973878 0.227072
    outer loop
      vertex 13 -5.10008 26.9855
      vertex 19 -5.02281 26.6541
      vertex 13 -5.02281 26.6541
    endloop
  endfacet
  facet normal 0 0.95694 -0.290286
    outer loop
      vertex 19 -5.02281 29.3459
      vertex 13 -4.92404 29.6715
      vertex 19 -4.92404 29.6715
    endloop
  endfacet
  facet normal 0 0.95694 -0.290286
    outer loop
      vertex 13 -4.92404 29.6715
      vertex 19 -5.02281 29.3459
      vertex 13 -5.02281 29.3459
    endloop
  endfacet
  facet normal 0 0.772965 0.634449
    outer loop
      vertex 19 -3.90957 24.5714
      vertex 13 -4.12544 24.8344
      vertex 19 -4.12544 24.8344
    endloop
  endfacet
  facet normal 0 0.772965 0.634449
    outer loop
      vertex 13 -4.12544 24.8344
      vertex 19 -3.90957 24.5714
      vertex 13 -3.90957 24.5714
    endloop
  endfacet
  facet normal 0 0.995182 0.0980486
    outer loop
      vertex 19 -5.15551 27.3213
      vertex 13 -5.18887 27.6599
      vertex 19 -5.18887 27.6599
    endloop
  endfacet
  facet normal 0 0.995182 0.0980486
    outer loop
      vertex 13 -5.18887 27.6599
      vertex 19 -5.15551 27.3213
      vertex 13 -5.15551 27.3213
    endloop
  endfacet
  facet normal 0 -0.729872 -0.683584
    outer loop
      vertex 13 3.90957 31.4286
      vertex 19 3.79999 31.5456
      vertex 13 3.79999 31.5456
    endloop
  endfacet
  facet normal 0 -0.729872 -0.683584
    outer loop
      vertex 19 3.79999 31.5456
      vertex 13 3.90957 31.4286
      vertex 19 3.90957 31.4286
    endloop
  endfacet
  facet normal -0 0.0326205 0.999468
    outer loop
      vertex 13 0 22.8
      vertex 19 -0.340096 22.8111
      vertex 19 0 22.8
    endloop
  endfacet
  facet normal 0 0.0326205 0.999468
    outer loop
      vertex 19 -0.340096 22.8111
      vertex 13 0 22.8
      vertex 13 -0.340096 22.8111
    endloop
  endfacet
  facet normal 0 -0.528096 0.849185
    outer loop
      vertex 13 2.88896 23.6764
      vertex 19 2.6 23.4967
      vertex 19 2.88896 23.6764
    endloop
  endfacet
  facet normal 0 -0.528096 0.849185
    outer loop
      vertex 19 2.6 23.4967
      vertex 13 2.88896 23.6764
      vertex 13 2.6 23.4967
    endloop
  endfacet
  facet normal 0 0.999465 0.0327082
    outer loop
      vertex 19 -5.18887 27.6599
      vertex 13 -5.2 28
      vertex 19 -5.2 28
    endloop
  endfacet
  facet normal 0 0.999465 0.0327082
    outer loop
      vertex 13 -5.2 28
      vertex 19 -5.18887 27.6599
      vertex 13 -5.18887 27.6599
    endloop
  endfacet
  facet normal 0 0.881917 0.471404
    outer loop
      vertex 19 -4.50333 25.4
      vertex 13 -4.66374 25.7001
      vertex 19 -4.66374 25.7001
    endloop
  endfacet
  facet normal 0 0.881917 0.471404
    outer loop
      vertex 13 -4.66374 25.7001
      vertex 19 -4.50333 25.4
      vertex 13 -4.50333 25.4
    endloop
  endfacet
  facet normal 0 -0.729926 0.683527
    outer loop
      vertex 13 3.67696 24.323
      vertex 19 3.90957 24.5714
      vertex 13 3.90957 24.5714
    endloop
  endfacet
  facet normal 0 -0.729926 0.683527
    outer loop
      vertex 19 3.90957 24.5714
      vertex 13 3.67696 24.323
      vertex 19 3.67696 24.323
    endloop
  endfacet
  facet normal 0 -0.995182 -0.0980486
    outer loop
      vertex 13 5.18887 28.3401
      vertex 19 5.15551 28.6787
      vertex 13 5.15551 28.6787
    endloop
  endfacet
  facet normal 0 -0.995182 -0.0980486
    outer loop
      vertex 19 5.15551 28.6787
      vertex 13 5.18887 28.3401
      vertex 19 5.18887 28.3401
    endloop
  endfacet
  facet normal 0 -0.973878 -0.227072
    outer loop
      vertex 13 5.10008 29.0145
      vertex 19 5.02281 29.3459
      vertex 13 5.02281 29.3459
    endloop
  endfacet
  facet normal 0 -0.973878 -0.227072
    outer loop
      vertex 19 5.02281 29.3459
      vertex 13 5.10008 29.0145
      vertex 19 5.10008 29.0145
    endloop
  endfacet
  facet normal 0 -0.849231 -0.528022
    outer loop
      vertex 13 4.50333 30.6
      vertex 19 4.32364 30.889
      vertex 13 4.32364 30.889
    endloop
  endfacet
  facet normal 0 -0.849231 -0.528022
    outer loop
      vertex 19 4.32364 30.889
      vertex 13 4.50333 30.6
      vertex 19 4.50333 30.6
    endloop
  endfacet
  facet normal 0 0.729872 -0.683584
    outer loop
      vertex 19 -3.90957 31.4286
      vertex 13 -3.79999 31.5456
      vertex 19 -3.79999 31.5456
    endloop
  endfacet
  facet normal 0 0.729872 -0.683584
    outer loop
      vertex 13 -3.79999 31.5456
      vertex 19 -3.90957 31.4286
      vertex 13 -3.90957 31.4286
    endloop
  endfacet
  facet normal 0 -0.812859 -0.582461
    outer loop
      vertex 13 4.32364 30.889
      vertex 19 4.12544 31.1656
      vertex 13 4.12544 31.1656
    endloop
  endfacet
  facet normal 0 -0.812859 -0.582461
    outer loop
      vertex 19 4.12544 31.1656
      vertex 13 4.32364 30.889
      vertex 19 4.32364 30.889
    endloop
  endfacet
  facet normal 0 -0.29035 0.956921
    outer loop
      vertex 13 1.67148 23.076
      vertex 19 1.34586 22.9772
      vertex 19 1.67148 23.076
    endloop
  endfacet
  facet normal 0 -0.29035 0.956921
    outer loop
      vertex 19 1.34586 22.9772
      vertex 13 1.67148 23.076
      vertex 13 1.34586 22.9772
    endloop
  endfacet
  facet normal 0 -0.935911 -0.352237
    outer loop
      vertex 13 4.92404 29.6715
      vertex 19 4.80417 29.99
      vertex 13 4.80417 29.99
    endloop
  endfacet
  facet normal 0 -0.935911 -0.352237
    outer loop
      vertex 19 4.80417 29.99
      vertex 13 4.92404 29.6715
      vertex 19 4.92404 29.6715
    endloop
  endfacet
  facet normal 0 0.849231 0.528022
    outer loop
      vertex 19 -4.32364 25.111
      vertex 13 -4.50333 25.4
      vertex 19 -4.50333 25.4
    endloop
  endfacet
  facet normal 0 0.849231 0.528022
    outer loop
      vertex 13 -4.50333 25.4
      vertex 19 -4.32364 25.111
      vertex 13 -4.32364 25.111
    endloop
  endfacet
  facet normal -0 0.227162 0.973857
    outer loop
      vertex 13 -1.01447 22.8999
      vertex 19 -1.34586 22.9772
      vertex 19 -1.01447 22.8999
    endloop
  endfacet
  facet normal 0 0.227162 0.973857
    outer loop
      vertex 19 -1.34586 22.9772
      vertex 13 -1.01447 22.8999
      vertex 13 -1.34586 22.9772
    endloop
  endfacet
  facet normal -0 0.16281 0.986657
    outer loop
      vertex 13 -0.678736 22.8445
      vertex 19 -1.01447 22.8999
      vertex 19 -0.678736 22.8445
    endloop
  endfacet
  facet normal 0 0.16281 0.986657
    outer loop
      vertex 19 -1.01447 22.8999
      vertex 13 -0.678736 22.8445
      vertex 13 -1.01447 22.8999
    endloop
  endfacet
  facet normal 0 0.986648 -0.162865
    outer loop
      vertex 19 -5.15551 28.6787
      vertex 13 -5.10008 29.0145
      vertex 19 -5.10008 29.0145
    endloop
  endfacet
  facet normal 0 0.986648 -0.162865
    outer loop
      vertex 13 -5.10008 29.0145
      vertex 19 -5.15551 28.6787
      vertex 13 -5.15551 28.6787
    endloop
  endfacet
  facet normal 0 -0.881917 -0.471404
    outer loop
      vertex 13 4.66374 30.2999
      vertex 19 4.50333 30.6
      vertex 13 4.50333 30.6
    endloop
  endfacet
  facet normal 0 -0.881917 -0.471404
    outer loop
      vertex 19 4.50333 30.6
      vertex 13 4.66374 30.2999
      vertex 19 4.66374 30.2999
    endloop
  endfacet
  facet normal 0 -0.910846 0.412746
    outer loop
      vertex 13 4.66374 25.7001
      vertex 19 4.80417 26.01
      vertex 13 4.80417 26.01
    endloop
  endfacet
  facet normal 0 -0.910846 0.412746
    outer loop
      vertex 19 4.80417 26.01
      vertex 13 4.66374 25.7001
      vertex 19 4.66374 25.7001
    endloop
  endfacet
  facet normal 0 -0.95694 -0.290286
    outer loop
      vertex 13 5.02281 29.3459
      vertex 19 4.92404 29.6715
      vertex 13 4.92404 29.6715
    endloop
  endfacet
  facet normal 0 -0.95694 -0.290286
    outer loop
      vertex 19 4.92404 29.6715
      vertex 13 5.02281 29.3459
      vertex 19 5.02281 29.3459
    endloop
  endfacet
  facet normal 0 -0.471381 0.88193
    outer loop
      vertex 13 2.6 23.4967
      vertex 19 2.2999 23.3363
      vertex 19 2.6 23.4967
    endloop
  endfacet
  facet normal 0 -0.471381 0.88193
    outer loop
      vertex 19 2.2999 23.3363
      vertex 13 2.6 23.4967
      vertex 13 2.2999 23.3363
    endloop
  endfacet
  facet normal 0 -0.986648 0.162865
    outer loop
      vertex 13 5.10008 26.9855
      vertex 19 5.15551 27.3213
      vertex 13 5.15551 27.3213
    endloop
  endfacet
  facet normal 0 -0.986648 0.162865
    outer loop
      vertex 19 5.15551 27.3213
      vertex 13 5.10008 26.9855
      vertex 19 5.10008 26.9855
    endloop
  endfacet
  facet normal 0 0.995182 -0.0980486
    outer loop
      vertex 19 -5.18887 28.3401
      vertex 13 -5.15551 28.6787
      vertex 19 -5.15551 28.6787
    endloop
  endfacet
  facet normal 0 0.995182 -0.0980486
    outer loop
      vertex 13 -5.15551 28.6787
      vertex 19 -5.18887 28.3401
      vertex 13 -5.18887 28.3401
    endloop
  endfacet
  facet normal 0 -0.412862 0.910794
    outer loop
      vertex 13 2.2999 23.3363
      vertex 19 1.98995 23.1958
      vertex 19 2.2999 23.3363
    endloop
  endfacet
  facet normal 0 -0.412862 0.910794
    outer loop
      vertex 19 1.98995 23.1958
      vertex 13 2.2999 23.3363
      vertex 13 1.98995 23.1958
    endloop
  endfacet
  facet normal 0 -0.910846 -0.412746
    outer loop
      vertex 13 4.80417 29.99
      vertex 19 4.66374 30.2999
      vertex 13 4.66374 30.2999
    endloop
  endfacet
  facet normal 0 -0.910846 -0.412746
    outer loop
      vertex 19 4.66374 30.2999
      vertex 13 4.80417 29.99
      vertex 19 4.80417 29.99
    endloop
  endfacet
  facet normal 0 -0.881917 0.471404
    outer loop
      vertex 13 4.50333 25.4
      vertex 19 4.66374 25.7001
      vertex 13 4.66374 25.7001
    endloop
  endfacet
  facet normal 0 -0.881917 0.471404
    outer loop
      vertex 19 4.66374 25.7001
      vertex 13 4.50333 25.4
      vertex 19 4.50333 25.4
    endloop
  endfacet
  facet normal 0 -0.0981536 0.995171
    outer loop
      vertex 13 0.678736 22.8445
      vertex 19 0.340096 22.8111
      vertex 19 0.678736 22.8445
    endloop
  endfacet
  facet normal 0 -0.0981536 0.995171
    outer loop
      vertex 19 0.340096 22.8111
      vertex 13 0.678736 22.8445
      vertex 13 0.340096 22.8111
    endloop
  endfacet
  facet normal 0 -0.849231 0.528022
    outer loop
      vertex 13 4.32364 25.111
      vertex 19 4.50333 25.4
      vertex 13 4.50333 25.4
    endloop
  endfacet
  facet normal 0 -0.849231 0.528022
    outer loop
      vertex 19 4.50333 25.4
      vertex 13 4.32364 25.111
      vertex 19 4.32364 25.111
    endloop
  endfacet
  facet normal 0 -0.999465 -0.0327082
    outer loop
      vertex 13 5.2 28
      vertex 19 5.18887 28.3401
      vertex 13 5.18887 28.3401
    endloop
  endfacet
  facet normal 0 -0.999465 -0.0327082
    outer loop
      vertex 19 5.18887 28.3401
      vertex 13 5.2 28
      vertex 19 5.2 28
    endloop
  endfacet
  facet normal 0 -0.986648 -0.162865
    outer loop
      vertex 13 5.15551 28.6787
      vertex 19 5.10008 29.0145
      vertex 13 5.10008 29.0145
    endloop
  endfacet
  facet normal 0 -0.986648 -0.162865
    outer loop
      vertex 19 5.10008 29.0145
      vertex 13 5.15551 28.6787
      vertex 19 5.15551 28.6787
    endloop
  endfacet
  facet normal -0 0.29035 0.956921
    outer loop
      vertex 13 -1.34586 22.9772
      vertex 19 -1.67148 23.076
      vertex 19 -1.34586 22.9772
    endloop
  endfacet
  facet normal 0 0.29035 0.956921
    outer loop
      vertex 19 -1.67148 23.076
      vertex 13 -1.34586 22.9772
      vertex 13 -1.67148 23.076
    endloop
  endfacet
  facet normal -0 0.352086 0.935968
    outer loop
      vertex 13 -1.67148 23.076
      vertex 19 -1.98995 23.1958
      vertex 19 -1.67148 23.076
    endloop
  endfacet
  facet normal 0 0.352086 0.935968
    outer loop
      vertex 19 -1.98995 23.1958
      vertex 13 -1.67148 23.076
      vertex 13 -1.98995 23.1958
    endloop
  endfacet
  facet normal 0 0.849231 -0.528022
    outer loop
      vertex 19 -4.50333 30.6
      vertex 13 -4.32364 30.889
      vertex 19 -4.32364 30.889
    endloop
  endfacet
  facet normal 0 0.849231 -0.528022
    outer loop
      vertex 13 -4.32364 30.889
      vertex 19 -4.50333 30.6
      vertex 13 -4.50333 30.6
    endloop
  endfacet
  facet normal 0 0.935911 -0.352237
    outer loop
      vertex 19 -4.92404 29.6715
      vertex 13 -4.80417 29.99
      vertex 19 -4.80417 29.99
    endloop
  endfacet
  facet normal 0 0.935911 -0.352237
    outer loop
      vertex 13 -4.80417 29.99
      vertex 19 -4.92404 29.6715
      vertex 13 -4.92404 29.6715
    endloop
  endfacet
  facet normal 0 -0.772965 0.634449
    outer loop
      vertex 13 3.90957 24.5714
      vertex 19 4.12544 24.8344
      vertex 13 4.12544 24.8344
    endloop
  endfacet
  facet normal 0 -0.772965 0.634449
    outer loop
      vertex 19 4.12544 24.8344
      vertex 13 3.90957 24.5714
      vertex 19 3.90957 24.5714
    endloop
  endfacet
  facet normal -0 0.471381 0.88193
    outer loop
      vertex 13 -2.2999 23.3363
      vertex 19 -2.6 23.4967
      vertex 19 -2.2999 23.3363
    endloop
  endfacet
  facet normal 0 0.471381 0.88193
    outer loop
      vertex 19 -2.6 23.4967
      vertex 13 -2.2999 23.3363
      vertex 13 -2.6 23.4967
    endloop
  endfacet
  facet normal -0 0.528096 0.849185
    outer loop
      vertex 13 -2.6 23.4967
      vertex 19 -2.88896 23.6764
      vertex 19 -2.6 23.4967
    endloop
  endfacet
  facet normal 0 0.528096 0.849185
    outer loop
      vertex 19 -2.88896 23.6764
      vertex 13 -2.6 23.4967
      vertex 13 -2.88896 23.6764
    endloop
  endfacet
  facet normal 0 -0.812859 0.582461
    outer loop
      vertex 13 4.12544 24.8344
      vertex 19 4.32364 25.111
      vertex 13 4.32364 25.111
    endloop
  endfacet
  facet normal 0 -0.812859 0.582461
    outer loop
      vertex 19 4.32364 25.111
      vertex 13 4.12544 24.8344
      vertex 19 4.12544 24.8344
    endloop
  endfacet
  facet normal -0 0.412862 0.910794
    outer loop
      vertex 13 -1.98995 23.1958
      vertex 19 -2.2999 23.3363
      vertex 19 -1.98995 23.1958
    endloop
  endfacet
  facet normal 0 0.412862 0.910794
    outer loop
      vertex 19 -2.2999 23.3363
      vertex 13 -1.98995 23.1958
      vertex 13 -2.2999 23.3363
    endloop
  endfacet
  facet normal 0 -0.352086 0.935968
    outer loop
      vertex 13 1.98995 23.1958
      vertex 19 1.67148 23.076
      vertex 19 1.98995 23.1958
    endloop
  endfacet
  facet normal 0 -0.352086 0.935968
    outer loop
      vertex 19 1.67148 23.076
      vertex 13 1.98995 23.1958
      vertex 13 1.67148 23.076
    endloop
  endfacet
  facet normal 0 -0.582461 0.812859
    outer loop
      vertex 13 3.16556 23.8746
      vertex 19 2.88896 23.6764
      vertex 19 3.16556 23.8746
    endloop
  endfacet
  facet normal 0 -0.582461 0.812859
    outer loop
      vertex 19 2.88896 23.6764
      vertex 13 3.16556 23.8746
      vertex 13 2.88896 23.6764
    endloop
  endfacet
  facet normal -0 0.582461 0.812859
    outer loop
      vertex 13 -2.88896 23.6764
      vertex 19 -3.16556 23.8746
      vertex 19 -2.88896 23.6764
    endloop
  endfacet
  facet normal 0 0.582461 0.812859
    outer loop
      vertex 19 -3.16556 23.8746
      vertex 13 -2.88896 23.6764
      vertex 13 -3.16556 23.8746
    endloop
  endfacet
  facet normal 0 -0.935911 0.352237
    outer loop
      vertex 13 4.80417 26.01
      vertex 19 4.92404 26.3285
      vertex 13 4.92404 26.3285
    endloop
  endfacet
  facet normal 0 -0.935911 0.352237
    outer loop
      vertex 19 4.92404 26.3285
      vertex 13 4.80417 26.01
      vertex 19 4.80417 26.01
    endloop
  endfacet
  facet normal 0 -0.634268 0.773113
    outer loop
      vertex 13 3.4286 24.0904
      vertex 19 3.16556 23.8746
      vertex 19 3.4286 24.0904
    endloop
  endfacet
  facet normal 0 -0.634268 0.773113
    outer loop
      vertex 19 3.16556 23.8746
      vertex 13 3.4286 24.0904
      vertex 13 3.16556 23.8746
    endloop
  endfacet
  facet normal 0 0.973878 -0.227072
    outer loop
      vertex 19 -5.10008 29.0145
      vertex 13 -5.02281 29.3459
      vertex 19 -5.02281 29.3459
    endloop
  endfacet
  facet normal 0 0.973878 -0.227072
    outer loop
      vertex 13 -5.02281 29.3459
      vertex 19 -5.10008 29.0145
      vertex 13 -5.10008 29.0145
    endloop
  endfacet
  facet normal 0 0.729926 0.683527
    outer loop
      vertex 19 -3.67696 24.323
      vertex 13 -3.90957 24.5714
      vertex 19 -3.90957 24.5714
    endloop
  endfacet
  facet normal 0 0.729926 0.683527
    outer loop
      vertex 13 -3.90957 24.5714
      vertex 19 -3.67696 24.323
      vertex 13 -3.67696 24.323
    endloop
  endfacet
  facet normal 0 0.812859 -0.582461
    outer loop
      vertex 19 -4.32364 30.889
      vertex 13 -4.12544 31.1656
      vertex 19 -4.12544 31.1656
    endloop
  endfacet
  facet normal 0 0.812859 -0.582461
    outer loop
      vertex 13 -4.12544 31.1656
      vertex 19 -4.32364 30.889
      vertex 13 -4.32364 30.889
    endloop
  endfacet
  facet normal 0 0.772965 -0.634449
    outer loop
      vertex 19 -4.12544 31.1656
      vertex 13 -3.90957 31.4286
      vertex 19 -3.90957 31.4286
    endloop
  endfacet
  facet normal 0 0.772965 -0.634449
    outer loop
      vertex 13 -3.90957 31.4286
      vertex 19 -4.12544 31.1656
      vertex 13 -4.12544 31.1656
    endloop
  endfacet
  facet normal 0 0.95694 0.290286
    outer loop
      vertex 19 -4.92404 26.3285
      vertex 13 -5.02281 26.6541
      vertex 19 -5.02281 26.6541
    endloop
  endfacet
  facet normal 0 0.95694 0.290286
    outer loop
      vertex 13 -5.02281 26.6541
      vertex 19 -4.92404 26.3285
      vertex 13 -4.92404 26.3285
    endloop
  endfacet
  facet normal 0 -0.95694 0.290286
    outer loop
      vertex 13 4.92404 26.3285
      vertex 19 5.02281 26.6541
      vertex 13 5.02281 26.6541
    endloop
  endfacet
  facet normal 0 -0.95694 0.290286
    outer loop
      vertex 19 5.02281 26.6541
      vertex 13 4.92404 26.3285
      vertex 19 4.92404 26.3285
    endloop
  endfacet
  facet normal 0 -0.772965 -0.634449
    outer loop
      vertex 13 4.12544 31.1656
      vertex 19 3.90957 31.4286
      vertex 13 3.90957 31.4286
    endloop
  endfacet
  facet normal 0 -0.772965 -0.634449
    outer loop
      vertex 19 3.90957 31.4286
      vertex 13 4.12544 31.1656
      vertex 19 4.12544 31.1656
    endloop
  endfacet
  facet normal 0 0.910846 -0.412746
    outer loop
      vertex 19 -4.80417 29.99
      vertex 13 -4.66374 30.2999
      vertex 19 -4.66374 30.2999
    endloop
  endfacet
  facet normal 0 0.910846 -0.412746
    outer loop
      vertex 13 -4.66374 30.2999
      vertex 19 -4.80417 29.99
      vertex 13 -4.80417 29.99
    endloop
  endfacet
  facet normal 0 0.881917 -0.471404
    outer loop
      vertex 19 -4.66374 30.2999
      vertex 13 -4.50333 30.6
      vertex 19 -4.50333 30.6
    endloop
  endfacet
  facet normal 0 0.881917 -0.471404
    outer loop
      vertex 13 -4.50333 30.6
      vertex 19 -4.66374 30.2999
      vertex 13 -4.66374 30.2999
    endloop
  endfacet
  facet normal 0 -0.860288 0.509809
    outer loop
      vertex 13 3.79999 34.5
      vertex 19 4.39603 35.5058
      vertex 13 4.39603 35.5058
    endloop
  endfacet
  facet normal 0 -0.860288 0.509809
    outer loop
      vertex 19 4.39603 35.5058
      vertex 13 3.79999 34.5
      vertex 19 3.79999 34.5
    endloop
  endfacet
  facet normal 0 0.860288 0.509809
    outer loop
      vertex 19 -3.79999 34.5
      vertex 13 -4.39603 35.5058
      vertex 19 -4.39603 35.5058
    endloop
  endfacet
  facet normal 0 0.860288 0.509809
    outer loop
      vertex 13 -4.39603 35.5058
      vertex 19 -3.79999 34.5
      vertex 13 -3.79999 34.5
    endloop
  endfacet
  facet normal 0 1 -0
    outer loop
      vertex 19 -3.79999 31.5456
      vertex 13 -3.79999 34.5
      vertex 19 -3.79999 34.5
    endloop
  endfacet
  facet normal 0 1 0
    outer loop
      vertex 13 -3.79999 34.5
      vertex 19 -3.79999 31.5456
      vertex 13 -3.79999 31.5456
    endloop
  endfacet
  facet normal 0 -1 0
    outer loop
      vertex 13 3.79999 31.5456
      vertex 19 3.79999 34.5
      vertex 13 3.79999 34.5
    endloop
  endfacet
  facet normal 0 -1 -0
    outer loop
      vertex 19 3.79999 34.5
      vertex 13 3.79999 31.5456
      vertex 19 3.79999 31.5456
    endloop
  endfacet
  facet normal 0 -0.956942 0.290279
    outer loop
      vertex 45 -8.40355 30.2517
      vertex 51 -8.23829 30.7965
      vertex 45 -8.23829 30.7965
    endloop
  endfacet
  facet normal 0 -0.956942 0.290279
    outer loop
      vertex 51 -8.23829 30.7965
      vertex 45 -8.40355 30.2517
      vertex 51 -8.40355 30.2517
    endloop
  endfacet
  facet normal 0 0.956942 0.290279
    outer loop
      vertex 51 8.40355 30.2517
      vertex 45 8.23829 30.7965
      vertex 51 8.23829 30.7965
    endloop
  endfacet
  facet normal 0 0.956942 0.290279
    outer loop
      vertex 45 8.23829 30.7965
      vertex 51 8.40355 30.2517
      vertex 45 8.40355 30.2517
    endloop
  endfacet
  facet normal 0 -0.996482 0.0838073
    outer loop
      vertex 45 -10.7477 4
      vertex 51 -8.68137 28.569
      vertex 45 -8.68137 28.569
    endloop
  endfacet
  facet normal 0 -0.996482 0.0838073
    outer loop
      vertex 51 -8.68137 28.569
      vertex 45 -10.7477 4
      vertex 51 -10.7477 4
    endloop
  endfacet
  facet normal 0 0.973872 0.227096
    outer loop
      vertex 51 8.53283 29.6973
      vertex 45 8.40355 30.2517
      vertex 51 8.40355 30.2517
    endloop
  endfacet
  facet normal 0 0.973872 0.227096
    outer loop
      vertex 45 8.40355 30.2517
      vertex 51 8.53283 29.6973
      vertex 45 8.53283 29.6973
    endloop
  endfacet
  facet normal -0 0.582467 0.812854
    outer loop
      vertex 45 5.29622 34.9022
      vertex 51 4.83346 35.2338
      vertex 51 5.29622 34.9022
    endloop
  endfacet
  facet normal 0 0.582467 0.812854
    outer loop
      vertex 51 4.83346 35.2338
      vertex 45 5.29622 34.9022
      vertex 45 4.83346 35.2338
    endloop
  endfacet
  facet normal 0 -0.881927 0.471386
    outer loop
      vertex 45 -7.80279 31.8479
      vertex 51 -7.53442 32.35
      vertex 45 -7.53442 32.35
    endloop
  endfacet
  facet normal 0 -0.881927 0.471386
    outer loop
      vertex 51 -7.53442 32.35
      vertex 45 -7.80279 31.8479
      vertex 51 -7.80279 31.8479
    endloop
  endfacet
  facet normal -0 0.683614 0.729844
    outer loop
      vertex 45 6.15183 34.1518
      vertex 51 5.73631 34.541
      vertex 51 6.15183 34.1518
    endloop
  endfacet
  facet normal 0 0.683614 0.729844
    outer loop
      vertex 51 5.73631 34.541
      vertex 45 6.15183 34.1518
      vertex 45 5.73631 34.541
    endloop
  endfacet
  facet normal 0 -0.973872 0.227096
    outer loop
      vertex 45 -8.53283 29.6973
      vertex 51 -8.40355 30.2517
      vertex 45 -8.40355 30.2517
    endloop
  endfacet
  facet normal 0 -0.973872 0.227096
    outer loop
      vertex 51 -8.40355 30.2517
      vertex 45 -8.53283 29.6973
      vertex 51 -8.53283 29.6973
    endloop
  endfacet
  facet normal 0 0.849218 0.528043
    outer loop
      vertex 51 7.53442 32.35
      vertex 45 7.23378 32.8335
      vertex 51 7.23378 32.8335
    endloop
  endfacet
  facet normal 0 0.849218 0.528043
    outer loop
      vertex 45 7.23378 32.8335
      vertex 51 7.53442 32.35
      vertex 45 7.53442 32.35
    endloop
  endfacet
  facet normal 0 -0.528052 0.849212
    outer loop
      vertex 45 -4.39603 35.5058
      vertex 51 -4.83346 35.2338
      vertex 51 -4.39603 35.5058
    endloop
  endfacet
  facet normal 0 -0.528052 0.849212
    outer loop
      vertex 51 -4.83346 35.2338
      vertex 45 -4.39603 35.5058
      vertex 45 -4.83346 35.2338
    endloop
  endfacet
  facet normal -0 0.634422 0.772987
    outer loop
      vertex 45 5.73631 34.541
      vertex 51 5.29622 34.9022
      vertex 51 5.73631 34.541
    endloop
  endfacet
  facet normal 0 0.634422 0.772987
    outer loop
      vertex 51 5.29622 34.9022
      vertex 45 5.73631 34.541
      vertex 45 5.29622 34.9022
    endloop
  endfacet
  facet normal 0 -0.582467 0.812854
    outer loop
      vertex 45 -4.83346 35.2338
      vertex 51 -5.29622 34.9022
      vertex 51 -4.83346 35.2338
    endloop
  endfacet
  facet normal 0 -0.582467 0.812854
    outer loop
      vertex 51 -5.29622 34.9022
      vertex 45 -4.83346 35.2338
      vertex 45 -5.29622 34.9022
    endloop
  endfacet
  facet normal 0 -0.773028 0.634372
    outer loop
      vertex 45 -6.90217 33.2962
      vertex 51 -6.54101 33.7363
      vertex 45 -6.54101 33.7363
    endloop
  endfacet
  facet normal 0 -0.773028 0.634372
    outer loop
      vertex 51 -6.54101 33.7363
      vertex 45 -6.90217 33.2962
      vertex 51 -6.90217 33.2962
    endloop
  endfacet
  facet normal 0 0.995186 0.098008
    outer loop
      vertex 51 8.68137 28.569
      vertex 45 8.62557 29.1356
      vertex 51 8.62557 29.1356
    endloop
  endfacet
  facet normal 0 0.995186 0.098008
    outer loop
      vertex 45 8.62557 29.1356
      vertex 51 8.68137 28.569
      vertex 45 8.68137 28.569
    endloop
  endfacet
  facet normal 0 0.935901 0.352263
    outer loop
      vertex 51 8.23829 30.7965
      vertex 45 8.03775 31.3293
      vertex 51 8.03775 31.3293
    endloop
  endfacet
  facet normal 0 0.935901 0.352263
    outer loop
      vertex 45 8.03775 31.3293
      vertex 51 8.23829 30.7965
      vertex 45 8.23829 30.7965
    endloop
  endfacet
  facet normal 0 -0.910873 0.412686
    outer loop
      vertex 45 -8.03775 31.3293
      vertex 51 -7.80279 31.8479
      vertex 45 -7.80279 31.8479
    endloop
  endfacet
  facet normal 0 -0.910873 0.412686
    outer loop
      vertex 51 -7.80279 31.8479
      vertex 45 -8.03775 31.3293
      vertex 51 -8.03775 31.3293
    endloop
  endfacet
  facet normal 0 0.773028 0.634372
    outer loop
      vertex 51 6.90217 33.2962
      vertex 45 6.54101 33.7363
      vertex 51 6.54101 33.7363
    endloop
  endfacet
  facet normal 0 0.773028 0.634372
    outer loop
      vertex 45 6.54101 33.7363
      vertex 51 6.90217 33.2962
      vertex 45 6.90217 33.2962
    endloop
  endfacet
  facet normal 0 -0.634422 0.772987
    outer loop
      vertex 45 -5.29622 34.9022
      vertex 51 -5.73631 34.541
      vertex 51 -5.29622 34.9022
    endloop
  endfacet
  facet normal 0 -0.634422 0.772987
    outer loop
      vertex 51 -5.73631 34.541
      vertex 45 -5.29622 34.9022
      vertex 45 -5.73631 34.541
    endloop
  endfacet
  facet normal 0 0.81281 0.582529
    outer loop
      vertex 51 7.23378 32.8335
      vertex 45 6.90217 33.2962
      vertex 51 6.90217 33.2962
    endloop
  endfacet
  facet normal 0 0.81281 0.582529
    outer loop
      vertex 45 6.90217 33.2962
      vertex 51 7.23378 32.8335
      vertex 45 7.23378 32.8335
    endloop
  endfacet
  facet normal 0 -0.729845 0.683613
    outer loop
      vertex 45 -6.54101 33.7363
      vertex 51 -6.15183 34.1518
      vertex 45 -6.15183 34.1518
    endloop
  endfacet
  facet normal 0 -0.729845 0.683613
    outer loop
      vertex 51 -6.15183 34.1518
      vertex 45 -6.54101 33.7363
      vertex 51 -6.54101 33.7363
    endloop
  endfacet
  facet normal 0 0.986642 0.162901
    outer loop
      vertex 51 8.62557 29.1356
      vertex 45 8.53283 29.6973
      vertex 51 8.53283 29.6973
    endloop
  endfacet
  facet normal 0 0.986642 0.162901
    outer loop
      vertex 45 8.53283 29.6973
      vertex 51 8.62557 29.1356
      vertex 45 8.62557 29.1356
    endloop
  endfacet
  facet normal 0 -0.935901 0.352263
    outer loop
      vertex 45 -8.23829 30.7965
      vertex 51 -8.03775 31.3293
      vertex 45 -8.03775 31.3293
    endloop
  endfacet
  facet normal 0 -0.935901 0.352263
    outer loop
      vertex 51 -8.03775 31.3293
      vertex 45 -8.23829 30.7965
      vertex 51 -8.23829 30.7965
    endloop
  endfacet
  facet normal 0 0.996482 0.0838073
    outer loop
      vertex 51 10.7477 4
      vertex 45 8.68137 28.569
      vertex 51 8.68137 28.569
    endloop
  endfacet
  facet normal 0 0.996482 0.0838073
    outer loop
      vertex 45 8.68137 28.569
      vertex 51 10.7477 4
      vertex 45 10.7477 4
    endloop
  endfacet
  facet normal 0 0.910873 0.412686
    outer loop
      vertex 51 8.03775 31.3293
      vertex 45 7.80279 31.8479
      vertex 51 7.80279 31.8479
    endloop
  endfacet
  facet normal 0 0.910873 0.412686
    outer loop
      vertex 45 7.80279 31.8479
      vertex 51 8.03775 31.3293
      vertex 45 8.03775 31.3293
    endloop
  endfacet
  facet normal 0 -0.683614 0.729844
    outer loop
      vertex 45 -5.73631 34.541
      vertex 51 -6.15183 34.1518
      vertex 51 -5.73631 34.541
    endloop
  endfacet
  facet normal 0 -0.683614 0.729844
    outer loop
      vertex 51 -6.15183 34.1518
      vertex 45 -5.73631 34.541
      vertex 45 -6.15183 34.1518
    endloop
  endfacet
  facet normal 0 -0.81281 0.582529
    outer loop
      vertex 45 -7.23378 32.8335
      vertex 51 -6.90217 33.2962
      vertex 45 -6.90217 33.2962
    endloop
  endfacet
  facet normal 0 -0.81281 0.582529
    outer loop
      vertex 51 -6.90217 33.2962
      vertex 45 -7.23378 32.8335
      vertex 51 -7.23378 32.8335
    endloop
  endfacet
  facet normal 0 -0.849218 0.528043
    outer loop
      vertex 45 -7.53442 32.35
      vertex 51 -7.23378 32.8335
      vertex 45 -7.23378 32.8335
    endloop
  endfacet
  facet normal 0 -0.849218 0.528043
    outer loop
      vertex 51 -7.23378 32.8335
      vertex 45 -7.53442 32.35
      vertex 51 -7.53442 32.35
    endloop
  endfacet
  facet normal 0 0.729845 0.683613
    outer loop
      vertex 51 6.54101 33.7363
      vertex 45 6.15183 34.1518
      vertex 51 6.15183 34.1518
    endloop
  endfacet
  facet normal 0 0.729845 0.683613
    outer loop
      vertex 45 6.15183 34.1518
      vertex 51 6.54101 33.7363
      vertex 45 6.54101 33.7363
    endloop
  endfacet
  facet normal 0 -0.986642 0.162901
    outer loop
      vertex 45 -8.62557 29.1356
      vertex 51 -8.53283 29.6973
      vertex 45 -8.53283 29.6973
    endloop
  endfacet
  facet normal 0 -0.986642 0.162901
    outer loop
      vertex 51 -8.53283 29.6973
      vertex 45 -8.62557 29.1356
      vertex 51 -8.62557 29.1356
    endloop
  endfacet
  facet normal 0 -0.995186 0.098008
    outer loop
      vertex 45 -8.68137 28.569
      vertex 51 -8.62557 29.1356
      vertex 45 -8.62557 29.1356
    endloop
  endfacet
  facet normal 0 -0.995186 0.098008
    outer loop
      vertex 51 -8.62557 29.1356
      vertex 45 -8.68137 28.569
      vertex 51 -8.68137 28.569
    endloop
  endfacet
  facet normal 0 0.881927 0.471386
    outer loop
      vertex 51 7.80279 31.8479
      vertex 45 7.53442 32.35
      vertex 51 7.53442 32.35
    endloop
  endfacet
  facet normal 0 0.881927 0.471386
    outer loop
      vertex 45 7.53442 32.35
      vertex 51 7.80279 31.8479
      vertex 45 7.80279 31.8479
    endloop
  endfacet
  facet normal -1 0 0
    outer loop
      vertex 45 4.12544 24.8344
      vertex 45 8.68137 28.569
      vertex 45 10.7477 4
    endloop
  endfacet
  facet normal -1 0 -0
    outer loop
      vertex 45 4.50333 25.4
      vertex 45 8.68137 28.569
      vertex 45 4.32364 25.111
    endloop
  endfacet
  facet normal -1 0 -0
    outer loop
      vertex 45 4.80417 26.01
      vertex 45 8.68137 28.569
      vertex 45 4.66374 25.7001
    endloop
  endfacet
  facet normal -1 0 -0
    outer loop
      vertex 45 5.02281 26.6541
      vertex 45 8.68137 28.569
      vertex 45 4.92404 26.3285
    endloop
  endfacet
  facet normal -1 0 -0
    outer loop
      vertex 45 5.10008 26.9855
      vertex 45 8.68137 28.569
      vertex 45 5.02281 26.6541
    endloop
  endfacet
  facet normal -1 0 -0
    outer loop
      vertex 45 5.18887 27.6599
      vertex 45 8.68137 28.569
      vertex 45 5.15551 27.3213
    endloop
  endfacet
  facet normal -1 0 0
    outer loop
      vertex 45 5.18887 28.3401
      vertex 45 8.68137 28.569
      vertex 45 5.2 28
    endloop
  endfacet
  facet normal -1 0 0
    outer loop
      vertex 45 5.15551 28.6787
      vertex 45 8.62557 29.1356
      vertex 45 5.18887 28.3401
    endloop
  endfacet
  facet normal -1 0 0
    outer loop
      vertex 45 5.10008 29.0145
      vertex 45 8.53283 29.6973
      vertex 45 5.15551 28.6787
    endloop
  endfacet
  facet normal -1 -0 0
    outer loop
      vertex 45 8.53283 29.6973
      vertex 45 5.10008 29.0145
      vertex 45 8.40355 30.2517
    endloop
  endfacet
  facet normal -1 -0 0
    outer loop
      vertex 45 8.40355 30.2517
      vertex 45 5.02281 29.3459
      vertex 45 8.23829 30.7965
    endloop
  endfacet
  facet normal -1 -0 0
    outer loop
      vertex 45 8.23829 30.7965
      vertex 45 4.92404 29.6715
      vertex 45 8.03775 31.3293
    endloop
  endfacet
  facet normal -1 -0 0
    outer loop
      vertex 45 8.03775 31.3293
      vertex 45 4.80417 29.99
      vertex 45 7.80279 31.8479
    endloop
  endfacet
  facet normal -1 0 0
    outer loop
      vertex 45 4.66374 30.2999
      vertex 45 7.80279 31.8479
      vertex 45 4.80417 29.99
    endloop
  endfacet
  facet normal -1 0 0
    outer loop
      vertex 45 4.80417 29.99
      vertex 45 8.03775 31.3293
      vertex 45 4.92404 29.6715
    endloop
  endfacet
  facet normal -1 0 0
    outer loop
      vertex 45 4.92404 29.6715
      vertex 45 8.23829 30.7965
      vertex 45 5.02281 29.3459
    endloop
  endfacet
  facet normal -1 0 0
    outer loop
      vertex 45 5.02281 29.3459
      vertex 45 8.40355 30.2517
      vertex 45 5.10008 29.0145
    endloop
  endfacet
  facet normal -1 -0 0
    outer loop
      vertex 45 8.62557 29.1356
      vertex 45 5.15551 28.6787
      vertex 45 8.53283 29.6973
    endloop
  endfacet
  facet normal -1 -0 0
    outer loop
      vertex 45 8.68137 28.569
      vertex 45 5.18887 28.3401
      vertex 45 8.62557 29.1356
    endloop
  endfacet
  facet normal -1 0 -0
    outer loop
      vertex 45 5.2 28
      vertex 45 8.68137 28.569
      vertex 45 5.18887 27.6599
    endloop
  endfacet
  facet normal -1 0 -0
    outer loop
      vertex 45 5.15551 27.3213
      vertex 45 8.68137 28.569
      vertex 45 5.10008 26.9855
    endloop
  endfacet
  facet normal -1 0 -0
    outer loop
      vertex 45 4.92404 26.3285
      vertex 45 8.68137 28.569
      vertex 45 4.80417 26.01
    endloop
  endfacet
  facet normal -1 0 -0
    outer loop
      vertex 45 4.66374 25.7001
      vertex 45 8.68137 28.569
      vertex 45 4.50333 25.4
    endloop
  endfacet
  facet normal -1 0 0
    outer loop
      vertex 45 8.68137 28.569
      vertex 45 4.12544 24.8344
      vertex 45 4.32364 25.111
    endloop
  endfacet
  facet normal -1 0 0
    outer loop
      vertex 45 10.7477 4
      vertex 45 3.90957 24.5714
      vertex 45 4.12544 24.8344
    endloop
  endfacet
  facet normal -1 0 0
    outer loop
      vertex 45 10.7477 4
      vertex 45 3.67696 24.323
      vertex 45 3.90957 24.5714
    endloop
  endfacet
  facet normal -1 0 0
    outer loop
      vertex 45 10.7477 4
      vertex 45 3.4286 24.0904
      vertex 45 3.67696 24.323
    endloop
  endfacet
  facet normal -1 0 0
    outer loop
      vertex 45 10.7477 4
      vertex 45 3.16556 23.8746
      vertex 45 3.4286 24.0904
    endloop
  endfacet
  facet normal -1 0 0
    outer loop
      vertex 45 10.7477 4
      vertex 45 2.88896 23.6764
      vertex 45 3.16556 23.8746
    endloop
  endfacet
  facet normal -1 0 0
    outer loop
      vertex 45 10.7477 4
      vertex 45 2.6 23.4967
      vertex 45 2.88896 23.6764
    endloop
  endfacet
  facet normal -1 0 0
    outer loop
      vertex 45 10.7477 4
      vertex 45 2.2999 23.3363
      vertex 45 2.6 23.4967
    endloop
  endfacet
  facet normal -1 0 0
    outer loop
      vertex 45 10.7477 4
      vertex 45 1.98995 23.1958
      vertex 45 2.2999 23.3363
    endloop
  endfacet
  facet normal -1 0 0
    outer loop
      vertex 45 10.7477 4
      vertex 45 1.67148 23.076
      vertex 45 1.98995 23.1958
    endloop
  endfacet
  facet normal -1 0 0
    outer loop
      vertex 45 10.7477 4
      vertex 45 1.34586 22.9772
      vertex 45 1.67148 23.076
    endloop
  endfacet
  facet normal -1 0 0
    outer loop
      vertex 45 10.7477 4
      vertex 45 1.01447 22.8999
      vertex 45 1.34586 22.9772
    endloop
  endfacet
  facet normal -1 0 0
    outer loop
      vertex 45 10.7477 4
      vertex 45 0.678736 22.8445
      vertex 45 1.01447 22.8999
    endloop
  endfacet
  facet normal -1 0 0
    outer loop
      vertex 45 10.7477 4
      vertex 45 0.340096 22.8111
      vertex 45 0.678736 22.8445
    endloop
  endfacet
  facet normal -1 0 0
    outer loop
      vertex 45 10.7477 4
      vertex 45 0 22.8
      vertex 45 0.340096 22.8111
    endloop
  endfacet
  facet normal -1 0 0
    outer loop
      vertex 45 -10.7477 4
      vertex 45 0 22.8
      vertex 45 10.7477 4
    endloop
  endfacet
  facet normal -1 -0 0
    outer loop
      vertex 45 0 22.8
      vertex 45 -10.7477 4
      vertex 45 -0.340096 22.8111
    endloop
  endfacet
  facet normal -1 -0 0
    outer loop
      vertex 45 -0.340096 22.8111
      vertex 45 -10.7477 4
      vertex 45 -0.678736 22.8445
    endloop
  endfacet
  facet normal -1 -0 0
    outer loop
      vertex 45 -0.678736 22.8445
      vertex 45 -10.7477 4
      vertex 45 -1.01447 22.8999
    endloop
  endfacet
  facet normal -1 -0 0
    outer loop
      vertex 45 -1.01447 22.8999
      vertex 45 -10.7477 4
      vertex 45 -1.34586 22.9772
    endloop
  endfacet
  facet normal -1 -0 0
    outer loop
      vertex 45 -1.34586 22.9772
      vertex 45 -10.7477 4
      vertex 45 -1.67148 23.076
    endloop
  endfacet
  facet normal -1 -0 0
    outer loop
      vertex 45 -1.67148 23.076
      vertex 45 -10.7477 4
      vertex 45 -1.98995 23.1958
    endloop
  endfacet
  facet normal -1 -0 0
    outer loop
      vertex 45 -1.98995 23.1958
      vertex 45 -10.7477 4
      vertex 45 -2.2999 23.3363
    endloop
  endfacet
  facet normal -1 -0 0
    outer loop
      vertex 45 -2.2999 23.3363
      vertex 45 -10.7477 4
      vertex 45 -2.6 23.4967
    endloop
  endfacet
  facet normal -1 -0 0
    outer loop
      vertex 45 -2.6 23.4967
      vertex 45 -10.7477 4
      vertex 45 -2.88896 23.6764
    endloop
  endfacet
  facet normal -1 -0 0
    outer loop
      vertex 45 -2.88896 23.6764
      vertex 45 -10.7477 4
      vertex 45 -3.16556 23.8746
    endloop
  endfacet
  facet normal -1 -0 0
    outer loop
      vertex 45 -3.16556 23.8746
      vertex 45 -10.7477 4
      vertex 45 -3.4286 24.0904
    endloop
  endfacet
  facet normal -1 -0 0
    outer loop
      vertex 45 -3.4286 24.0904
      vertex 45 -10.7477 4
      vertex 45 -3.67696 24.323
    endloop
  endfacet
  facet normal -1 -0 0
    outer loop
      vertex 45 -3.67696 24.323
      vertex 45 -10.7477 4
      vertex 45 -3.90957 24.5714
    endloop
  endfacet
  facet normal -1 -0 0
    outer loop
      vertex 45 -3.90957 24.5714
      vertex 45 -10.7477 4
      vertex 45 -4.12544 24.8344
    endloop
  endfacet
  facet normal -1 0 0
    outer loop
      vertex 45 -3.79999 34.5
      vertex 45 -5.73631 34.541
      vertex 45 -5.29622 34.9022
    endloop
  endfacet
  facet normal -1 0 0
    outer loop
      vertex 45 -8.68137 28.569
      vertex 45 -5.2 28
      vertex 45 -5.18887 27.6599
    endloop
  endfacet
  facet normal -1 0 0
    outer loop
      vertex 45 -5.18887 28.3401
      vertex 45 -6.15183 34.1518
      vertex 45 -5.73631 34.541
    endloop
  endfacet
  facet normal -1 0 0
    outer loop
      vertex 45 -8.68137 28.569
      vertex 45 -5.18887 27.6599
      vertex 45 -5.15551 27.3213
    endloop
  endfacet
  facet normal -1 0 0
    outer loop
      vertex 45 -5.18887 28.3401
      vertex 45 -6.54101 33.7363
      vertex 45 -6.15183 34.1518
    endloop
  endfacet
  facet normal -1 0 0
    outer loop
      vertex 45 -8.68137 28.569
      vertex 45 -5.15551 27.3213
      vertex 45 -5.10008 26.9855
    endloop
  endfacet
  facet normal -1 0 0
    outer loop
      vertex 45 -5.18887 28.3401
      vertex 45 -6.90217 33.2962
      vertex 45 -6.54101 33.7363
    endloop
  endfacet
  facet normal -1 0 0
    outer loop
      vertex 45 -8.68137 28.569
      vertex 45 -5.10008 26.9855
      vertex 45 -5.02281 26.6541
    endloop
  endfacet
  facet normal -1 0 0
    outer loop
      vertex 45 -5.18887 28.3401
      vertex 45 -7.23378 32.8335
      vertex 45 -6.90217 33.2962
    endloop
  endfacet
  facet normal -1 0 0
    outer loop
      vertex 45 -8.68137 28.569
      vertex 45 -5.02281 26.6541
      vertex 45 -4.92404 26.3285
    endloop
  endfacet
  facet normal -1 0 0
    outer loop
      vertex 45 -5.18887 28.3401
      vertex 45 -7.53442 32.35
      vertex 45 -7.23378 32.8335
    endloop
  endfacet
  facet normal -1 0 0
    outer loop
      vertex 45 -8.68137 28.569
      vertex 45 -4.92404 26.3285
      vertex 45 -4.80417 26.01
    endloop
  endfacet
  facet normal -1 0 0
    outer loop
      vertex 45 -5.18887 28.3401
      vertex 45 -7.80279 31.8479
      vertex 45 -7.53442 32.35
    endloop
  endfacet
  facet normal -1 0 0
    outer loop
      vertex 45 -8.68137 28.569
      vertex 45 -4.80417 26.01
      vertex 45 -4.66374 25.7001
    endloop
  endfacet
  facet normal -1 0 0
    outer loop
      vertex 45 -5.18887 28.3401
      vertex 45 -8.03775 31.3293
      vertex 45 -7.80279 31.8479
    endloop
  endfacet
  facet normal -1 0 0
    outer loop
      vertex 45 -8.68137 28.569
      vertex 45 -4.66374 25.7001
      vertex 45 -4.50333 25.4
    endloop
  endfacet
  facet normal -1 0 0
    outer loop
      vertex 45 -5.18887 28.3401
      vertex 45 -8.23829 30.7965
      vertex 45 -8.03775 31.3293
    endloop
  endfacet
  facet normal -1 0 0
    outer loop
      vertex 45 -8.68137 28.569
      vertex 45 -4.50333 25.4
      vertex 45 -4.32364 25.111
    endloop
  endfacet
  facet normal -1 0 0
    outer loop
      vertex 45 -5.18887 28.3401
      vertex 45 -8.40355 30.2517
      vertex 45 -8.23829 30.7965
    endloop
  endfacet
  facet normal -1 0 -0
    outer loop
      vertex 45 -8.68137 28.569
      vertex 45 -4.12544 24.8344
      vertex 45 -10.7477 4
    endloop
  endfacet
  facet normal -1 0 0
    outer loop
      vertex 45 -5.18887 28.3401
      vertex 45 -8.68137 28.569
      vertex 45 -8.62557 29.1356
    endloop
  endfacet
  facet normal -1 0 0
    outer loop
      vertex 45 -5.18887 28.3401
      vertex 45 -8.53283 29.6973
      vertex 45 -8.40355 30.2517
    endloop
  endfacet
  facet normal -1 0 0
    outer loop
      vertex 45 -5.18887 28.3401
      vertex 45 -8.62557 29.1356
      vertex 45 -8.53283 29.6973
    endloop
  endfacet
  facet normal -1 0 0
    outer loop
      vertex 45 -4.12544 24.8344
      vertex 45 -8.68137 28.569
      vertex 45 -4.32364 25.111
    endloop
  endfacet
  facet normal -1 -0 0
    outer loop
      vertex 45 7.80279 31.8479
      vertex 45 4.66374 30.2999
      vertex 45 7.53442 32.35
    endloop
  endfacet
  facet normal -1 0 0
    outer loop
      vertex 45 4.50333 30.6
      vertex 45 7.53442 32.35
      vertex 45 4.66374 30.2999
    endloop
  endfacet
  facet normal -1 -0 0
    outer loop
      vertex 45 7.53442 32.35
      vertex 45 4.50333 30.6
      vertex 45 7.23378 32.8335
    endloop
  endfacet
  facet normal -1 0 0
    outer loop
      vertex 45 4.32364 30.889
      vertex 45 7.23378 32.8335
      vertex 45 4.50333 30.6
    endloop
  endfacet
  facet normal -1 -0 0
    outer loop
      vertex 45 7.23378 32.8335
      vertex 45 4.32364 30.889
      vertex 45 6.90217 33.2962
    endloop
  endfacet
  facet normal -1 0 0
    outer loop
      vertex 45 4.12544 31.1656
      vertex 45 6.90217 33.2962
      vertex 45 4.32364 30.889
    endloop
  endfacet
  facet normal -1 -0 0
    outer loop
      vertex 45 6.90217 33.2962
      vertex 45 4.12544 31.1656
      vertex 45 6.54101 33.7363
    endloop
  endfacet
  facet normal -1 0 0
    outer loop
      vertex 45 3.90957 31.4286
      vertex 45 6.54101 33.7363
      vertex 45 4.12544 31.1656
    endloop
  endfacet
  facet normal -1 0 0
    outer loop
      vertex 45 3.79999 31.5456
      vertex 45 6.54101 33.7363
      vertex 45 3.90957 31.4286
    endloop
  endfacet
  facet normal -1 -0 0
    outer loop
      vertex 45 6.54101 33.7363
      vertex 45 3.79999 31.5456
      vertex 45 6.15183 34.1518
    endloop
  endfacet
  facet normal -1 0 0
    outer loop
      vertex 45 3.79999 34.5
      vertex 45 6.15183 34.1518
      vertex 45 3.79999 31.5456
    endloop
  endfacet
  facet normal -1 0 0
    outer loop
      vertex 45 6.15183 34.1518
      vertex 45 3.79999 34.5
      vertex 45 5.73631 34.541
    endloop
  endfacet
  facet normal -1 -0 0
    outer loop
      vertex 45 5.29622 34.9022
      vertex 45 3.79999 34.5
      vertex 45 4.83346 35.2338
    endloop
  endfacet
  facet normal -1 -0 0
    outer loop
      vertex 45 5.73631 34.541
      vertex 45 3.79999 34.5
      vertex 45 5.29622 34.9022
    endloop
  endfacet
  facet normal -1 -0 0
    outer loop
      vertex 45 4.83346 35.2338
      vertex 45 3.79999 34.5
      vertex 45 4.39603 35.5058
    endloop
  endfacet
  facet normal -1 0 0
    outer loop
      vertex 45 -5.73631 34.541
      vertex 45 -3.79999 31.5456
      vertex 45 -3.90957 31.4286
    endloop
  endfacet
  facet normal -1 0 0
    outer loop
      vertex 45 -5.73631 34.541
      vertex 45 -3.90957 31.4286
      vertex 45 -4.12544 31.1656
    endloop
  endfacet
  facet normal -1 0 0
    outer loop
      vertex 45 -5.73631 34.541
      vertex 45 -4.12544 31.1656
      vertex 45 -4.32364 30.889
    endloop
  endfacet
  facet normal -1 0 0
    outer loop
      vertex 45 -5.73631 34.541
      vertex 45 -3.79999 34.5
      vertex 45 -3.79999 31.5456
    endloop
  endfacet
  facet normal -1 0 0
    outer loop
      vertex 45 -5.73631 34.541
      vertex 45 -4.32364 30.889
      vertex 45 -4.50333 30.6
    endloop
  endfacet
  facet normal -1 0 0
    outer loop
      vertex 45 -5.73631 34.541
      vertex 45 -4.50333 30.6
      vertex 45 -4.66374 30.2999
    endloop
  endfacet
  facet normal -1 0 0
    outer loop
      vertex 45 -5.73631 34.541
      vertex 45 -4.66374 30.2999
      vertex 45 -4.80417 29.99
    endloop
  endfacet
  facet normal -1 0 0
    outer loop
      vertex 45 -3.79999 34.5
      vertex 45 -4.83346 35.2338
      vertex 45 -4.39603 35.5058
    endloop
  endfacet
  facet normal -1 0 0
    outer loop
      vertex 45 -5.73631 34.541
      vertex 45 -4.80417 29.99
      vertex 45 -4.92404 29.6715
    endloop
  endfacet
  facet normal -1 0 0
    outer loop
      vertex 45 -5.73631 34.541
      vertex 45 -4.92404 29.6715
      vertex 45 -5.02281 29.3459
    endloop
  endfacet
  facet normal -1 0 0
    outer loop
      vertex 45 -5.73631 34.541
      vertex 45 -5.02281 29.3459
      vertex 45 -5.10008 29.0145
    endloop
  endfacet
  facet normal -1 0 0
    outer loop
      vertex 45 -5.73631 34.541
      vertex 45 -5.10008 29.0145
      vertex 45 -5.15551 28.6787
    endloop
  endfacet
  facet normal -1 0 0
    outer loop
      vertex 45 -5.73631 34.541
      vertex 45 -5.15551 28.6787
      vertex 45 -5.18887 28.3401
    endloop
  endfacet
  facet normal -1 0 0
    outer loop
      vertex 45 -3.79999 34.5
      vertex 45 -5.29622 34.9022
      vertex 45 -4.83346 35.2338
    endloop
  endfacet
  facet normal -1 0 0
    outer loop
      vertex 45 -8.68137 28.569
      vertex 45 -5.18887 28.3401
      vertex 45 -5.2 28
    endloop
  endfacet
  facet normal -0 0.528052 0.849212
    outer loop
      vertex 45 4.83346 35.2338
      vertex 51 4.39603 35.5058
      vertex 51 4.83346 35.2338
    endloop
  endfacet
  facet normal 0 0.528052 0.849212
    outer loop
      vertex 51 4.39603 35.5058
      vertex 45 4.83346 35.2338
      vertex 45 4.39603 35.5058
    endloop
  endfacet
  facet normal 1 -0 0
    outer loop
      vertex 51 -6.15183 34.1518
      vertex 51 -3.79999 31.5456
      vertex 51 -3.79999 34.5
    endloop
  endfacet
  facet normal 1 -0 0
    outer loop
      vertex 51 -6.54101 33.7363
      vertex 51 -3.79999 31.5456
      vertex 51 -6.15183 34.1518
    endloop
  endfacet
  facet normal 1 0 0
    outer loop
      vertex 51 -3.79999 31.5456
      vertex 51 -6.54101 33.7363
      vertex 51 -3.90957 31.4286
    endloop
  endfacet
  facet normal 1 -0 0
    outer loop
      vertex 51 -4.83346 35.2338
      vertex 51 -3.79999 34.5
      vertex 51 -4.39603 35.5058
    endloop
  endfacet
  facet normal 1 -0 0
    outer loop
      vertex 51 -5.29622 34.9022
      vertex 51 -3.79999 34.5
      vertex 51 -4.83346 35.2338
    endloop
  endfacet
  facet normal 1 -0 0
    outer loop
      vertex 51 -5.73631 34.541
      vertex 51 -3.79999 34.5
      vertex 51 -5.29622 34.9022
    endloop
  endfacet
  facet normal 1 0 0
    outer loop
      vertex 51 -6.15183 34.1518
      vertex 51 -3.79999 34.5
      vertex 51 -5.73631 34.541
    endloop
  endfacet
  facet normal 1 0 0
    outer loop
      vertex 51 -3.90957 31.4286
      vertex 51 -6.54101 33.7363
      vertex 51 -4.12544 31.1656
    endloop
  endfacet
  facet normal 1 -0 0
    outer loop
      vertex 51 -6.90217 33.2962
      vertex 51 -4.12544 31.1656
      vertex 51 -6.54101 33.7363
    endloop
  endfacet
  facet normal 1 0 0
    outer loop
      vertex 51 -4.12544 31.1656
      vertex 51 -6.90217 33.2962
      vertex 51 -4.32364 30.889
    endloop
  endfacet
  facet normal 1 -0 0
    outer loop
      vertex 51 -7.23378 32.8335
      vertex 51 -4.32364 30.889
      vertex 51 -6.90217 33.2962
    endloop
  endfacet
  facet normal 1 0 0
    outer loop
      vertex 51 -4.32364 30.889
      vertex 51 -7.23378 32.8335
      vertex 51 -4.50333 30.6
    endloop
  endfacet
  facet normal 1 -0 0
    outer loop
      vertex 51 -7.53442 32.35
      vertex 51 -4.50333 30.6
      vertex 51 -7.23378 32.8335
    endloop
  endfacet
  facet normal 1 -0 0
    outer loop
      vertex 51 -7.80279 31.8479
      vertex 51 -4.66374 30.2999
      vertex 51 -7.53442 32.35
    endloop
  endfacet
  facet normal 1 0 0
    outer loop
      vertex 51 -4.50333 30.6
      vertex 51 -7.53442 32.35
      vertex 51 -4.66374 30.2999
    endloop
  endfacet
  facet normal 1 0 0
    outer loop
      vertex 51 8.68137 28.569
      vertex 51 5.18887 28.3401
      vertex 51 5.2 28
    endloop
  endfacet
  facet normal 1 0 0
    outer loop
      vertex 51 5.73631 34.541
      vertex 51 5.15551 28.6787
      vertex 51 5.18887 28.3401
    endloop
  endfacet
  facet normal 1 0 0
    outer loop
      vertex 51 5.73631 34.541
      vertex 51 5.10008 29.0145
      vertex 51 5.15551 28.6787
    endloop
  endfacet
  facet normal 1 0 0
    outer loop
      vertex 51 5.73631 34.541
      vertex 51 5.02281 29.3459
      vertex 51 5.10008 29.0145
    endloop
  endfacet
  facet normal 1 0 0
    outer loop
      vertex 51 5.73631 34.541
      vertex 51 4.92404 29.6715
      vertex 51 5.02281 29.3459
    endloop
  endfacet
  facet normal 1 0 0
    outer loop
      vertex 51 3.79999 34.5
      vertex 51 5.29622 34.9022
      vertex 51 4.83346 35.2338
    endloop
  endfacet
  facet normal 1 0 0
    outer loop
      vertex 51 5.73631 34.541
      vertex 51 4.80417 29.99
      vertex 51 4.92404 29.6715
    endloop
  endfacet
  facet normal 1 0 0
    outer loop
      vertex 51 5.73631 34.541
      vertex 51 4.66374 30.2999
      vertex 51 4.80417 29.99
    endloop
  endfacet
  facet normal 1 0 0
    outer loop
      vertex 51 5.73631 34.541
      vertex 51 4.50333 30.6
      vertex 51 4.66374 30.2999
    endloop
  endfacet
  facet normal 1 0 0
    outer loop
      vertex 51 3.79999 34.5
      vertex 51 4.83346 35.2338
      vertex 51 4.39603 35.5058
    endloop
  endfacet
  facet normal 1 0 0
    outer loop
      vertex 51 5.73631 34.541
      vertex 51 4.32364 30.889
      vertex 51 4.50333 30.6
    endloop
  endfacet
  facet normal 1 0 0
    outer loop
      vertex 51 5.73631 34.541
      vertex 51 4.12544 31.1656
      vertex 51 4.32364 30.889
    endloop
  endfacet
  facet normal 1 0 0
    outer loop
      vertex 51 5.73631 34.541
      vertex 51 3.79999 34.5
      vertex 51 3.79999 31.5456
    endloop
  endfacet
  facet normal 1 0 0
    outer loop
      vertex 51 5.73631 34.541
      vertex 51 3.90957 31.4286
      vertex 51 4.12544 31.1656
    endloop
  endfacet
  facet normal 1 0 0
    outer loop
      vertex 51 5.73631 34.541
      vertex 51 3.79999 31.5456
      vertex 51 3.90957 31.4286
    endloop
  endfacet
  facet normal 1 0 0
    outer loop
      vertex 51 5.18887 28.3401
      vertex 51 8.68137 28.569
      vertex 51 8.62557 29.1356
    endloop
  endfacet
  facet normal 1 0 0
    outer loop
      vertex 51 5.18887 28.3401
      vertex 51 8.62557 29.1356
      vertex 51 8.53283 29.6973
    endloop
  endfacet
  facet normal 1 0 0
    outer loop
      vertex 51 5.18887 28.3401
      vertex 51 8.53283 29.6973
      vertex 51 8.40355 30.2517
    endloop
  endfacet
  facet normal 1 0 0
    outer loop
      vertex 51 5.18887 28.3401
      vertex 51 8.40355 30.2517
      vertex 51 8.23829 30.7965
    endloop
  endfacet
  facet normal 1 0 0
    outer loop
      vertex 51 5.18887 28.3401
      vertex 51 8.23829 30.7965
      vertex 51 8.03775 31.3293
    endloop
  endfacet
  facet normal 1 0 0
    outer loop
      vertex 51 5.18887 28.3401
      vertex 51 8.03775 31.3293
      vertex 51 7.80279 31.8479
    endloop
  endfacet
  facet normal 1 0 0
    outer loop
      vertex 51 5.18887 28.3401
      vertex 51 7.80279 31.8479
      vertex 51 7.53442 32.35
    endloop
  endfacet
  facet normal 1 0 0
    outer loop
      vertex 51 5.18887 28.3401
      vertex 51 7.53442 32.35
      vertex 51 7.23378 32.8335
    endloop
  endfacet
  facet normal 1 0 0
    outer loop
      vertex 51 5.18887 28.3401
      vertex 51 7.23378 32.8335
      vertex 51 6.90217 33.2962
    endloop
  endfacet
  facet normal 1 0 0
    outer loop
      vertex 51 5.18887 28.3401
      vertex 51 6.90217 33.2962
      vertex 51 6.54101 33.7363
    endloop
  endfacet
  facet normal 1 0 0
    outer loop
      vertex 51 5.18887 28.3401
      vertex 51 6.54101 33.7363
      vertex 51 6.15183 34.1518
    endloop
  endfacet
  facet normal 1 0 0
    outer loop
      vertex 51 5.18887 28.3401
      vertex 51 6.15183 34.1518
      vertex 51 5.73631 34.541
    endloop
  endfacet
  facet normal 1 0 0
    outer loop
      vertex 51 3.79999 34.5
      vertex 51 5.73631 34.541
      vertex 51 5.29622 34.9022
    endloop
  endfacet
  facet normal 1 0 0
    outer loop
      vertex 51 8.68137 28.569
      vertex 51 5.2 28
      vertex 51 5.18887 27.6599
    endloop
  endfacet
  facet normal 1 0 0
    outer loop
      vertex 51 8.68137 28.569
      vertex 51 5.18887 27.6599
      vertex 51 5.15551 27.3213
    endloop
  endfacet
  facet normal 1 0 0
    outer loop
      vertex 51 8.68137 28.569
      vertex 51 5.15551 27.3213
      vertex 51 5.10008 26.9855
    endloop
  endfacet
  facet normal 1 0 0
    outer loop
      vertex 51 8.68137 28.569
      vertex 51 5.10008 26.9855
      vertex 51 5.02281 26.6541
    endloop
  endfacet
  facet normal 1 0 0
    outer loop
      vertex 51 8.68137 28.569
      vertex 51 5.02281 26.6541
      vertex 51 4.92404 26.3285
    endloop
  endfacet
  facet normal 1 0 0
    outer loop
      vertex 51 8.68137 28.569
      vertex 51 4.92404 26.3285
      vertex 51 4.80417 26.01
    endloop
  endfacet
  facet normal 1 0 0
    outer loop
      vertex 51 8.68137 28.569
      vertex 51 4.80417 26.01
      vertex 51 4.66374 25.7001
    endloop
  endfacet
  facet normal 1 0 0
    outer loop
      vertex 51 8.68137 28.569
      vertex 51 4.66374 25.7001
      vertex 51 4.50333 25.4
    endloop
  endfacet
  facet normal 1 0 0
    outer loop
      vertex 51 8.68137 28.569
      vertex 51 4.50333 25.4
      vertex 51 4.32364 25.111
    endloop
  endfacet
  facet normal 1 0 0
    outer loop
      vertex 51 4.12544 24.8344
      vertex 51 8.68137 28.569
      vertex 51 4.32364 25.111
    endloop
  endfacet
  facet normal 1 0 0
    outer loop
      vertex 51 8.68137 28.569
      vertex 51 4.12544 24.8344
      vertex 51 10.7477 4
    endloop
  endfacet
  facet normal 1 -0 0
    outer loop
      vertex 51 3.90957 24.5714
      vertex 51 10.7477 4
      vertex 51 4.12544 24.8344
    endloop
  endfacet
  facet normal 1 -0 0
    outer loop
      vertex 51 3.67696 24.323
      vertex 51 10.7477 4
      vertex 51 3.90957 24.5714
    endloop
  endfacet
  facet normal 1 -0 0
    outer loop
      vertex 51 3.4286 24.0904
      vertex 51 10.7477 4
      vertex 51 3.67696 24.323
    endloop
  endfacet
  facet normal 1 -0 0
    outer loop
      vertex 51 3.16556 23.8746
      vertex 51 10.7477 4
      vertex 51 3.4286 24.0904
    endloop
  endfacet
  facet normal 1 -0 0
    outer loop
      vertex 51 2.88896 23.6764
      vertex 51 10.7477 4
      vertex 51 3.16556 23.8746
    endloop
  endfacet
  facet normal 1 -0 0
    outer loop
      vertex 51 2.6 23.4967
      vertex 51 10.7477 4
      vertex 51 2.88896 23.6764
    endloop
  endfacet
  facet normal 1 -0 0
    outer loop
      vertex 51 2.2999 23.3363
      vertex 51 10.7477 4
      vertex 51 2.6 23.4967
    endloop
  endfacet
  facet normal 1 -0 0
    outer loop
      vertex 51 1.98995 23.1958
      vertex 51 10.7477 4
      vertex 51 2.2999 23.3363
    endloop
  endfacet
  facet normal 1 -0 0
    outer loop
      vertex 51 1.67148 23.076
      vertex 51 10.7477 4
      vertex 51 1.98995 23.1958
    endloop
  endfacet
  facet normal 1 -0 0
    outer loop
      vertex 51 1.34586 22.9772
      vertex 51 10.7477 4
      vertex 51 1.67148 23.076
    endloop
  endfacet
  facet normal 1 -0 0
    outer loop
      vertex 51 1.01447 22.8999
      vertex 51 10.7477 4
      vertex 51 1.34586 22.9772
    endloop
  endfacet
  facet normal 1 -0 0
    outer loop
      vertex 51 0.678736 22.8445
      vertex 51 10.7477 4
      vertex 51 1.01447 22.8999
    endloop
  endfacet
  facet normal 1 -0 0
    outer loop
      vertex 51 0.340096 22.8111
      vertex 51 10.7477 4
      vertex 51 0.678736 22.8445
    endloop
  endfacet
  facet normal 1 -0 0
    outer loop
      vertex 51 0 22.8
      vertex 51 10.7477 4
      vertex 51 0.340096 22.8111
    endloop
  endfacet
  facet normal 1 0 0
    outer loop
      vertex 51 -10.7477 4
      vertex 51 0 22.8
      vertex 51 -0.340096 22.8111
    endloop
  endfacet
  facet normal 1 0 0
    outer loop
      vertex 51 -10.7477 4
      vertex 51 -0.340096 22.8111
      vertex 51 -0.678736 22.8445
    endloop
  endfacet
  facet normal 1 0 0
    outer loop
      vertex 51 -10.7477 4
      vertex 51 -0.678736 22.8445
      vertex 51 -1.01447 22.8999
    endloop
  endfacet
  facet normal 1 0 0
    outer loop
      vertex 51 -10.7477 4
      vertex 51 -1.01447 22.8999
      vertex 51 -1.34586 22.9772
    endloop
  endfacet
  facet normal 1 0 0
    outer loop
      vertex 51 -10.7477 4
      vertex 51 -1.34586 22.9772
      vertex 51 -1.67148 23.076
    endloop
  endfacet
  facet normal 1 0 0
    outer loop
      vertex 51 -10.7477 4
      vertex 51 -1.67148 23.076
      vertex 51 -1.98995 23.1958
    endloop
  endfacet
  facet normal 1 0 0
    outer loop
      vertex 51 -10.7477 4
      vertex 51 -1.98995 23.1958
      vertex 51 -2.2999 23.3363
    endloop
  endfacet
  facet normal 1 0 0
    outer loop
      vertex 51 -10.7477 4
      vertex 51 -2.2999 23.3363
      vertex 51 -2.6 23.4967
    endloop
  endfacet
  facet normal 1 0 0
    outer loop
      vertex 51 -10.7477 4
      vertex 51 -2.6 23.4967
      vertex 51 -2.88896 23.6764
    endloop
  endfacet
  facet normal 1 0 0
    outer loop
      vertex 51 -10.7477 4
      vertex 51 -2.88896 23.6764
      vertex 51 -3.16556 23.8746
    endloop
  endfacet
  facet normal 1 0 0
    outer loop
      vertex 51 -10.7477 4
      vertex 51 -3.16556 23.8746
      vertex 51 -3.4286 24.0904
    endloop
  endfacet
  facet normal 1 0 0
    outer loop
      vertex 51 -10.7477 4
      vertex 51 -3.4286 24.0904
      vertex 51 -3.67696 24.323
    endloop
  endfacet
  facet normal 1 0 0
    outer loop
      vertex 51 -10.7477 4
      vertex 51 -3.67696 24.323
      vertex 51 -3.90957 24.5714
    endloop
  endfacet
  facet normal 1 0 0
    outer loop
      vertex 51 -10.7477 4
      vertex 51 -3.90957 24.5714
      vertex 51 -4.12544 24.8344
    endloop
  endfacet
  facet normal 1 0 0
    outer loop
      vertex 51 -8.68137 28.569
      vertex 51 -4.12544 24.8344
      vertex 51 -4.32364 25.111
    endloop
  endfacet
  facet normal 1 0 0
    outer loop
      vertex 51 -4.66374 30.2999
      vertex 51 -7.80279 31.8479
      vertex 51 -4.80417 29.99
    endloop
  endfacet
  facet normal 1 -0 0
    outer loop
      vertex 51 -8.03775 31.3293
      vertex 51 -4.80417 29.99
      vertex 51 -7.80279 31.8479
    endloop
  endfacet
  facet normal 1 0 0
    outer loop
      vertex 51 -4.80417 29.99
      vertex 51 -8.03775 31.3293
      vertex 51 -4.92404 29.6715
    endloop
  endfacet
  facet normal 1 -0 0
    outer loop
      vertex 51 -8.23829 30.7965
      vertex 51 -4.92404 29.6715
      vertex 51 -8.03775 31.3293
    endloop
  endfacet
  facet normal 1 0 0
    outer loop
      vertex 51 -4.92404 29.6715
      vertex 51 -8.23829 30.7965
      vertex 51 -5.02281 29.3459
    endloop
  endfacet
  facet normal 1 -0 0
    outer loop
      vertex 51 -8.40355 30.2517
      vertex 51 -5.02281 29.3459
      vertex 51 -8.23829 30.7965
    endloop
  endfacet
  facet normal 1 0 0
    outer loop
      vertex 51 -5.02281 29.3459
      vertex 51 -8.40355 30.2517
      vertex 51 -5.10008 29.0145
    endloop
  endfacet
  facet normal 1 -0 0
    outer loop
      vertex 51 -8.53283 29.6973
      vertex 51 -5.10008 29.0145
      vertex 51 -8.40355 30.2517
    endloop
  endfacet
  facet normal 1 0 0
    outer loop
      vertex 51 -5.10008 29.0145
      vertex 51 -8.53283 29.6973
      vertex 51 -5.15551 28.6787
    endloop
  endfacet
  facet normal 1 -0 0
    outer loop
      vertex 51 -8.62557 29.1356
      vertex 51 -5.15551 28.6787
      vertex 51 -8.53283 29.6973
    endloop
  endfacet
  facet normal 1 0 0
    outer loop
      vertex 51 -5.15551 28.6787
      vertex 51 -8.62557 29.1356
      vertex 51 -5.18887 28.3401
    endloop
  endfacet
  facet normal 1 -0 0
    outer loop
      vertex 51 -8.68137 28.569
      vertex 51 -5.18887 28.3401
      vertex 51 -8.62557 29.1356
    endloop
  endfacet
  facet normal 1 0 0
    outer loop
      vertex 51 -5.18887 28.3401
      vertex 51 -8.68137 28.569
      vertex 51 -5.2 28
    endloop
  endfacet
  facet normal 1 0 0
    outer loop
      vertex 51 -5.2 28
      vertex 51 -8.68137 28.569
      vertex 51 -5.18887 27.6599
    endloop
  endfacet
  facet normal 1 0 0
    outer loop
      vertex 51 -5.18887 27.6599
      vertex 51 -8.68137 28.569
      vertex 51 -5.15551 27.3213
    endloop
  endfacet
  facet normal 1 0 0
    outer loop
      vertex 51 -5.15551 27.3213
      vertex 51 -8.68137 28.569
      vertex 51 -5.10008 26.9855
    endloop
  endfacet
  facet normal 1 0 0
    outer loop
      vertex 51 -5.10008 26.9855
      vertex 51 -8.68137 28.569
      vertex 51 -5.02281 26.6541
    endloop
  endfacet
  facet normal 1 0 0
    outer loop
      vertex 51 -5.02281 26.6541
      vertex 51 -8.68137 28.569
      vertex 51 -4.92404 26.3285
    endloop
  endfacet
  facet normal 1 0 0
    outer loop
      vertex 51 -4.92404 26.3285
      vertex 51 -8.68137 28.569
      vertex 51 -4.80417 26.01
    endloop
  endfacet
  facet normal 1 0 0
    outer loop
      vertex 51 -4.80417 26.01
      vertex 51 -8.68137 28.569
      vertex 51 -4.66374 25.7001
    endloop
  endfacet
  facet normal 1 0 0
    outer loop
      vertex 51 -4.66374 25.7001
      vertex 51 -8.68137 28.569
      vertex 51 -4.50333 25.4
    endloop
  endfacet
  facet normal 1 0 0
    outer loop
      vertex 51 -4.50333 25.4
      vertex 51 -8.68137 28.569
      vertex 51 -4.32364 25.111
    endloop
  endfacet
  facet normal 1 0 0
    outer loop
      vertex 51 -4.12544 24.8344
      vertex 51 -8.68137 28.569
      vertex 51 -10.7477 4
    endloop
  endfacet
  facet normal 1 0 0
    outer loop
      vertex 51 0 22.8
      vertex 51 -10.7477 4
      vertex 51 10.7477 4
    endloop
  endfacet
  facet normal 0 -0.16281 0.986657
    outer loop
      vertex 45 1.01447 22.8999
      vertex 51 0.678736 22.8445
      vertex 51 1.01447 22.8999
    endloop
  endfacet
  facet normal 0 -0.16281 0.986657
    outer loop
      vertex 51 0.678736 22.8445
      vertex 45 1.01447 22.8999
      vertex 45 0.678736 22.8445
    endloop
  endfacet
  facet normal 0 0.910846 0.412746
    outer loop
      vertex 51 -4.66374 25.7001
      vertex 45 -4.80417 26.01
      vertex 51 -4.80417 26.01
    endloop
  endfacet
  facet normal 0 0.910846 0.412746
    outer loop
      vertex 45 -4.80417 26.01
      vertex 51 -4.66374 25.7001
      vertex 45 -4.66374 25.7001
    endloop
  endfacet
  facet normal 0 0.935911 0.352237
    outer loop
      vertex 51 -4.80417 26.01
      vertex 45 -4.92404 26.3285
      vertex 51 -4.92404 26.3285
    endloop
  endfacet
  facet normal 0 0.935911 0.352237
    outer loop
      vertex 45 -4.92404 26.3285
      vertex 51 -4.80417 26.01
      vertex 45 -4.80417 26.01
    endloop
  endfacet
  facet normal 0 -0.973878 0.227072
    outer loop
      vertex 45 5.02281 26.6541
      vertex 51 5.10008 26.9855
      vertex 45 5.10008 26.9855
    endloop
  endfacet
  facet normal 0 -0.973878 0.227072
    outer loop
      vertex 51 5.10008 26.9855
      vertex 45 5.02281 26.6541
      vertex 51 5.02281 26.6541
    endloop
  endfacet
  facet normal 0 0.812859 0.582461
    outer loop
      vertex 51 -4.12544 24.8344
      vertex 45 -4.32364 25.111
      vertex 51 -4.32364 25.111
    endloop
  endfacet
  facet normal 0 0.812859 0.582461
    outer loop
      vertex 45 -4.32364 25.111
      vertex 51 -4.12544 24.8344
      vertex 45 -4.12544 24.8344
    endloop
  endfacet
  facet normal -0 0.0981536 0.995171
    outer loop
      vertex 45 -0.340096 22.8111
      vertex 51 -0.678736 22.8445
      vertex 51 -0.340096 22.8111
    endloop
  endfacet
  facet normal 0 0.0981536 0.995171
    outer loop
      vertex 51 -0.678736 22.8445
      vertex 45 -0.340096 22.8111
      vertex 45 -0.678736 22.8445
    endloop
  endfacet
  facet normal -0 0.634268 0.773113
    outer loop
      vertex 45 -3.16556 23.8746
      vertex 51 -3.4286 24.0904
      vertex 51 -3.16556 23.8746
    endloop
  endfacet
  facet normal 0 0.634268 0.773113
    outer loop
      vertex 51 -3.4286 24.0904
      vertex 45 -3.16556 23.8746
      vertex 45 -3.4286 24.0904
    endloop
  endfacet
  facet normal 0 -0.999465 0.0327082
    outer loop
      vertex 45 5.18887 27.6599
      vertex 51 5.2 28
      vertex 45 5.2 28
    endloop
  endfacet
  facet normal 0 -0.999465 0.0327082
    outer loop
      vertex 51 5.2 28
      vertex 45 5.18887 27.6599
      vertex 51 5.18887 27.6599
    endloop
  endfacet
  facet normal 0 0.986648 0.162865
    outer loop
      vertex 51 -5.10008 26.9855
      vertex 45 -5.15551 27.3213
      vertex 51 -5.15551 27.3213
    endloop
  endfacet
  facet normal 0 0.986648 0.162865
    outer loop
      vertex 45 -5.15551 27.3213
      vertex 51 -5.10008 26.9855
      vertex 45 -5.10008 26.9855
    endloop
  endfacet
  facet normal 0 0.999465 -0.0327082
    outer loop
      vertex 51 -5.2 28
      vertex 45 -5.18887 28.3401
      vertex 51 -5.18887 28.3401
    endloop
  endfacet
  facet normal 0 0.999465 -0.0327082
    outer loop
      vertex 45 -5.18887 28.3401
      vertex 51 -5.2 28
      vertex 45 -5.2 28
    endloop
  endfacet
  facet normal 0 -0.995182 0.0980486
    outer loop
      vertex 45 5.15551 27.3213
      vertex 51 5.18887 27.6599
      vertex 45 5.18887 27.6599
    endloop
  endfacet
  facet normal 0 -0.995182 0.0980486
    outer loop
      vertex 51 5.18887 27.6599
      vertex 45 5.15551 27.3213
      vertex 51 5.15551 27.3213
    endloop
  endfacet
  facet normal 0 -0.68357 0.729885
    outer loop
      vertex 45 3.67696 24.323
      vertex 51 3.4286 24.0904
      vertex 51 3.67696 24.323
    endloop
  endfacet
  facet normal 0 -0.68357 0.729885
    outer loop
      vertex 51 3.4286 24.0904
      vertex 45 3.67696 24.323
      vertex 45 3.4286 24.0904
    endloop
  endfacet
  facet normal 0 -0.0326205 0.999468
    outer loop
      vertex 45 0.340096 22.8111
      vertex 51 0 22.8
      vertex 51 0.340096 22.8111
    endloop
  endfacet
  facet normal 0 -0.0326205 0.999468
    outer loop
      vertex 51 0 22.8
      vertex 45 0.340096 22.8111
      vertex 45 0 22.8
    endloop
  endfacet
  facet normal -0 0.68357 0.729885
    outer loop
      vertex 45 -3.4286 24.0904
      vertex 51 -3.67696 24.323
      vertex 51 -3.4286 24.0904
    endloop
  endfacet
  facet normal 0 0.68357 0.729885
    outer loop
      vertex 51 -3.67696 24.323
      vertex 45 -3.4286 24.0904
      vertex 45 -3.67696 24.323
    endloop
  endfacet
  facet normal 0 -0.227162 0.973857
    outer loop
      vertex 45 1.34586 22.9772
      vertex 51 1.01447 22.8999
      vertex 51 1.34586 22.9772
    endloop
  endfacet
  facet normal 0 -0.227162 0.973857
    outer loop
      vertex 51 1.01447 22.8999
      vertex 45 1.34586 22.9772
      vertex 45 1.01447 22.8999
    endloop
  endfacet
  facet normal 0 0.973878 0.227072
    outer loop
      vertex 51 -5.02281 26.6541
      vertex 45 -5.10008 26.9855
      vertex 51 -5.10008 26.9855
    endloop
  endfacet
  facet normal 0 0.973878 0.227072
    outer loop
      vertex 45 -5.10008 26.9855
      vertex 51 -5.02281 26.6541
      vertex 45 -5.02281 26.6541
    endloop
  endfacet
  facet normal 0 0.95694 -0.290286
    outer loop
      vertex 51 -5.02281 29.3459
      vertex 45 -4.92404 29.6715
      vertex 51 -4.92404 29.6715
    endloop
  endfacet
  facet normal 0 0.95694 -0.290286
    outer loop
      vertex 45 -4.92404 29.6715
      vertex 51 -5.02281 29.3459
      vertex 45 -5.02281 29.3459
    endloop
  endfacet
  facet normal 0 0.772965 0.634449
    outer loop
      vertex 51 -3.90957 24.5714
      vertex 45 -4.12544 24.8344
      vertex 51 -4.12544 24.8344
    endloop
  endfacet
  facet normal 0 0.772965 0.634449
    outer loop
      vertex 45 -4.12544 24.8344
      vertex 51 -3.90957 24.5714
      vertex 45 -3.90957 24.5714
    endloop
  endfacet
  facet normal 0 0.995182 0.0980486
    outer loop
      vertex 51 -5.15551 27.3213
      vertex 45 -5.18887 27.6599
      vertex 51 -5.18887 27.6599
    endloop
  endfacet
  facet normal 0 0.995182 0.0980486
    outer loop
      vertex 45 -5.18887 27.6599
      vertex 51 -5.15551 27.3213
      vertex 45 -5.15551 27.3213
    endloop
  endfacet
  facet normal 0 -0.729872 -0.683584
    outer loop
      vertex 45 3.90957 31.4286
      vertex 51 3.79999 31.5456
      vertex 45 3.79999 31.5456
    endloop
  endfacet
  facet normal 0 -0.729872 -0.683584
    outer loop
      vertex 51 3.79999 31.5456
      vertex 45 3.90957 31.4286
      vertex 51 3.90957 31.4286
    endloop
  endfacet
  facet normal -0 0.0326205 0.999468
    outer loop
      vertex 45 0 22.8
      vertex 51 -0.340096 22.8111
      vertex 51 0 22.8
    endloop
  endfacet
  facet normal 0 0.0326205 0.999468
    outer loop
      vertex 51 -0.340096 22.8111
      vertex 45 0 22.8
      vertex 45 -0.340096 22.8111
    endloop
  endfacet
  facet normal 0 -0.528096 0.849185
    outer loop
      vertex 45 2.88896 23.6764
      vertex 51 2.6 23.4967
      vertex 51 2.88896 23.6764
    endloop
  endfacet
  facet normal 0 -0.528096 0.849185
    outer loop
      vertex 51 2.6 23.4967
      vertex 45 2.88896 23.6764
      vertex 45 2.6 23.4967
    endloop
  endfacet
  facet normal 0 0.999465 0.0327082
    outer loop
      vertex 51 -5.18887 27.6599
      vertex 45 -5.2 28
      vertex 51 -5.2 28
    endloop
  endfacet
  facet normal 0 0.999465 0.0327082
    outer loop
      vertex 45 -5.2 28
      vertex 51 -5.18887 27.6599
      vertex 45 -5.18887 27.6599
    endloop
  endfacet
  facet normal 0 0.881917 0.471404
    outer loop
      vertex 51 -4.50333 25.4
      vertex 45 -4.66374 25.7001
      vertex 51 -4.66374 25.7001
    endloop
  endfacet
  facet normal 0 0.881917 0.471404
    outer loop
      vertex 45 -4.66374 25.7001
      vertex 51 -4.50333 25.4
      vertex 45 -4.50333 25.4
    endloop
  endfacet
  facet normal 0 -0.729926 0.683527
    outer loop
      vertex 45 3.67696 24.323
      vertex 51 3.90957 24.5714
      vertex 45 3.90957 24.5714
    endloop
  endfacet
  facet normal 0 -0.729926 0.683527
    outer loop
      vertex 51 3.90957 24.5714
      vertex 45 3.67696 24.323
      vertex 51 3.67696 24.323
    endloop
  endfacet
  facet normal 0 -0.995182 -0.0980486
    outer loop
      vertex 45 5.18887 28.3401
      vertex 51 5.15551 28.6787
      vertex 45 5.15551 28.6787
    endloop
  endfacet
  facet normal 0 -0.995182 -0.0980486
    outer loop
      vertex 51 5.15551 28.6787
      vertex 45 5.18887 28.3401
      vertex 51 5.18887 28.3401
    endloop
  endfacet
  facet normal 0 -0.973878 -0.227072
    outer loop
      vertex 45 5.10008 29.0145
      vertex 51 5.02281 29.3459
      vertex 45 5.02281 29.3459
    endloop
  endfacet
  facet normal 0 -0.973878 -0.227072
    outer loop
      vertex 51 5.02281 29.3459
      vertex 45 5.10008 29.0145
      vertex 51 5.10008 29.0145
    endloop
  endfacet
  facet normal 0 -0.849231 -0.528022
    outer loop
      vertex 45 4.50333 30.6
      vertex 51 4.32364 30.889
      vertex 45 4.32364 30.889
    endloop
  endfacet
  facet normal 0 -0.849231 -0.528022
    outer loop
      vertex 51 4.32364 30.889
      vertex 45 4.50333 30.6
      vertex 51 4.50333 30.6
    endloop
  endfacet
  facet normal 0 0.729872 -0.683584
    outer loop
      vertex 51 -3.90957 31.4286
      vertex 45 -3.79999 31.5456
      vertex 51 -3.79999 31.5456
    endloop
  endfacet
  facet normal 0 0.729872 -0.683584
    outer loop
      vertex 45 -3.79999 31.5456
      vertex 51 -3.90957 31.4286
      vertex 45 -3.90957 31.4286
    endloop
  endfacet
  facet normal 0 -0.812859 -0.582461
    outer loop
      vertex 45 4.32364 30.889
      vertex 51 4.12544 31.1656
      vertex 45 4.12544 31.1656
    endloop
  endfacet
  facet normal 0 -0.812859 -0.582461
    outer loop
      vertex 51 4.12544 31.1656
      vertex 45 4.32364 30.889
      vertex 51 4.32364 30.889
    endloop
  endfacet
  facet normal 0 -0.29035 0.956921
    outer loop
      vertex 45 1.67148 23.076
      vertex 51 1.34586 22.9772
      vertex 51 1.67148 23.076
    endloop
  endfacet
  facet normal 0 -0.29035 0.956921
    outer loop
      vertex 51 1.34586 22.9772
      vertex 45 1.67148 23.076
      vertex 45 1.34586 22.9772
    endloop
  endfacet
  facet normal 0 -0.935911 -0.352237
    outer loop
      vertex 45 4.92404 29.6715
      vertex 51 4.80417 29.99
      vertex 45 4.80417 29.99
    endloop
  endfacet
  facet normal 0 -0.935911 -0.352237
    outer loop
      vertex 51 4.80417 29.99
      vertex 45 4.92404 29.6715
      vertex 51 4.92404 29.6715
    endloop
  endfacet
  facet normal 0 0.849231 0.528022
    outer loop
      vertex 51 -4.32364 25.111
      vertex 45 -4.50333 25.4
      vertex 51 -4.50333 25.4
    endloop
  endfacet
  facet normal 0 0.849231 0.528022
    outer loop
      vertex 45 -4.50333 25.4
      vertex 51 -4.32364 25.111
      vertex 45 -4.32364 25.111
    endloop
  endfacet
  facet normal -0 0.227162 0.973857
    outer loop
      vertex 45 -1.01447 22.8999
      vertex 51 -1.34586 22.9772
      vertex 51 -1.01447 22.8999
    endloop
  endfacet
  facet normal 0 0.227162 0.973857
    outer loop
      vertex 51 -1.34586 22.9772
      vertex 45 -1.01447 22.8999
      vertex 45 -1.34586 22.9772
    endloop
  endfacet
  facet normal -0 0.16281 0.986657
    outer loop
      vertex 45 -0.678736 22.8445
      vertex 51 -1.01447 22.8999
      vertex 51 -0.678736 22.8445
    endloop
  endfacet
  facet normal 0 0.16281 0.986657
    outer loop
      vertex 51 -1.01447 22.8999
      vertex 45 -0.678736 22.8445
      vertex 45 -1.01447 22.8999
    endloop
  endfacet
  facet normal 0 0.986648 -0.162865
    outer loop
      vertex 51 -5.15551 28.6787
      vertex 45 -5.10008 29.0145
      vertex 51 -5.10008 29.0145
    endloop
  endfacet
  facet normal 0 0.986648 -0.162865
    outer loop
      vertex 45 -5.10008 29.0145
      vertex 51 -5.15551 28.6787
      vertex 45 -5.15551 28.6787
    endloop
  endfacet
  facet normal 0 -0.881917 -0.471404
    outer loop
      vertex 45 4.66374 30.2999
      vertex 51 4.50333 30.6
      vertex 45 4.50333 30.6
    endloop
  endfacet
  facet normal 0 -0.881917 -0.471404
    outer loop
      vertex 51 4.50333 30.6
      vertex 45 4.66374 30.2999
      vertex 51 4.66374 30.2999
    endloop
  endfacet
  facet normal 0 -0.910846 0.412746
    outer loop
      vertex 45 4.66374 25.7001
      vertex 51 4.80417 26.01
      vertex 45 4.80417 26.01
    endloop
  endfacet
  facet normal 0 -0.910846 0.412746
    outer loop
      vertex 51 4.80417 26.01
      vertex 45 4.66374 25.7001
      vertex 51 4.66374 25.7001
    endloop
  endfacet
  facet normal 0 -0.95694 -0.290286
    outer loop
      vertex 45 5.02281 29.3459
      vertex 51 4.92404 29.6715
      vertex 45 4.92404 29.6715
    endloop
  endfacet
  facet normal 0 -0.95694 -0.290286
    outer loop
      vertex 51 4.92404 29.6715
      vertex 45 5.02281 29.3459
      vertex 51 5.02281 29.3459
    endloop
  endfacet
  facet normal 0 -0.471381 0.88193
    outer loop
      vertex 45 2.6 23.4967
      vertex 51 2.2999 23.3363
      vertex 51 2.6 23.4967
    endloop
  endfacet
  facet normal 0 -0.471381 0.88193
    outer loop
      vertex 51 2.2999 23.3363
      vertex 45 2.6 23.4967
      vertex 45 2.2999 23.3363
    endloop
  endfacet
  facet normal 0 -0.986648 0.162865
    outer loop
      vertex 45 5.10008 26.9855
      vertex 51 5.15551 27.3213
      vertex 45 5.15551 27.3213
    endloop
  endfacet
  facet normal 0 -0.986648 0.162865
    outer loop
      vertex 51 5.15551 27.3213
      vertex 45 5.10008 26.9855
      vertex 51 5.10008 26.9855
    endloop
  endfacet
  facet normal 0 0.995182 -0.0980486
    outer loop
      vertex 51 -5.18887 28.3401
      vertex 45 -5.15551 28.6787
      vertex 51 -5.15551 28.6787
    endloop
  endfacet
  facet normal 0 0.995182 -0.0980486
    outer loop
      vertex 45 -5.15551 28.6787
      vertex 51 -5.18887 28.3401
      vertex 45 -5.18887 28.3401
    endloop
  endfacet
  facet normal 0 -0.412862 0.910794
    outer loop
      vertex 45 2.2999 23.3363
      vertex 51 1.98995 23.1958
      vertex 51 2.2999 23.3363
    endloop
  endfacet
  facet normal 0 -0.412862 0.910794
    outer loop
      vertex 51 1.98995 23.1958
      vertex 45 2.2999 23.3363
      vertex 45 1.98995 23.1958
    endloop
  endfacet
  facet normal 0 -0.910846 -0.412746
    outer loop
      vertex 45 4.80417 29.99
      vertex 51 4.66374 30.2999
      vertex 45 4.66374 30.2999
    endloop
  endfacet
  facet normal 0 -0.910846 -0.412746
    outer loop
      vertex 51 4.66374 30.2999
      vertex 45 4.80417 29.99
      vertex 51 4.80417 29.99
    endloop
  endfacet
  facet normal 0 -0.881917 0.471404
    outer loop
      vertex 45 4.50333 25.4
      vertex 51 4.66374 25.7001
      vertex 45 4.66374 25.7001
    endloop
  endfacet
  facet normal 0 -0.881917 0.471404
    outer loop
      vertex 51 4.66374 25.7001
      vertex 45 4.50333 25.4
      vertex 51 4.50333 25.4
    endloop
  endfacet
  facet normal 0 -0.0981536 0.995171
    outer loop
      vertex 45 0.678736 22.8445
      vertex 51 0.340096 22.8111
      vertex 51 0.678736 22.8445
    endloop
  endfacet
  facet normal 0 -0.0981536 0.995171
    outer loop
      vertex 51 0.340096 22.8111
      vertex 45 0.678736 22.8445
      vertex 45 0.340096 22.8111
    endloop
  endfacet
  facet normal 0 -0.849231 0.528022
    outer loop
      vertex 45 4.32364 25.111
      vertex 51 4.50333 25.4
      vertex 45 4.50333 25.4
    endloop
  endfacet
  facet normal 0 -0.849231 0.528022
    outer loop
      vertex 51 4.50333 25.4
      vertex 45 4.32364 25.111
      vertex 51 4.32364 25.111
    endloop
  endfacet
  facet normal 0 -0.999465 -0.0327082
    outer loop
      vertex 45 5.2 28
      vertex 51 5.18887 28.3401
      vertex 45 5.18887 28.3401
    endloop
  endfacet
  facet normal 0 -0.999465 -0.0327082
    outer loop
      vertex 51 5.18887 28.3401
      vertex 45 5.2 28
      vertex 51 5.2 28
    endloop
  endfacet
  facet normal 0 -0.986648 -0.162865
    outer loop
      vertex 45 5.15551 28.6787
      vertex 51 5.10008 29.0145
      vertex 45 5.10008 29.0145
    endloop
  endfacet
  facet normal 0 -0.986648 -0.162865
    outer loop
      vertex 51 5.10008 29.0145
      vertex 45 5.15551 28.6787
      vertex 51 5.15551 28.6787
    endloop
  endfacet
  facet normal -0 0.29035 0.956921
    outer loop
      vertex 45 -1.34586 22.9772
      vertex 51 -1.67148 23.076
      vertex 51 -1.34586 22.9772
    endloop
  endfacet
  facet normal 0 0.29035 0.956921
    outer loop
      vertex 51 -1.67148 23.076
      vertex 45 -1.34586 22.9772
      vertex 45 -1.67148 23.076
    endloop
  endfacet
  facet normal -0 0.352086 0.935968
    outer loop
      vertex 45 -1.67148 23.076
      vertex 51 -1.98995 23.1958
      vertex 51 -1.67148 23.076
    endloop
  endfacet
  facet normal 0 0.352086 0.935968
    outer loop
      vertex 51 -1.98995 23.1958
      vertex 45 -1.67148 23.076
      vertex 45 -1.98995 23.1958
    endloop
  endfacet
  facet normal 0 0.849231 -0.528022
    outer loop
      vertex 51 -4.50333 30.6
      vertex 45 -4.32364 30.889
      vertex 51 -4.32364 30.889
    endloop
  endfacet
  facet normal 0 0.849231 -0.528022
    outer loop
      vertex 45 -4.32364 30.889
      vertex 51 -4.50333 30.6
      vertex 45 -4.50333 30.6
    endloop
  endfacet
  facet normal 0 0.935911 -0.352237
    outer loop
      vertex 51 -4.92404 29.6715
      vertex 45 -4.80417 29.99
      vertex 51 -4.80417 29.99
    endloop
  endfacet
  facet normal 0 0.935911 -0.352237
    outer loop
      vertex 45 -4.80417 29.99
      vertex 51 -4.92404 29.6715
      vertex 45 -4.92404 29.6715
    endloop
  endfacet
  facet normal 0 -0.772965 0.634449
    outer loop
      vertex 45 3.90957 24.5714
      vertex 51 4.12544 24.8344
      vertex 45 4.12544 24.8344
    endloop
  endfacet
  facet normal 0 -0.772965 0.634449
    outer loop
      vertex 51 4.12544 24.8344
      vertex 45 3.90957 24.5714
      vertex 51 3.90957 24.5714
    endloop
  endfacet
  facet normal -0 0.471381 0.88193
    outer loop
      vertex 45 -2.2999 23.3363
      vertex 51 -2.6 23.4967
      vertex 51 -2.2999 23.3363
    endloop
  endfacet
  facet normal 0 0.471381 0.88193
    outer loop
      vertex 51 -2.6 23.4967
      vertex 45 -2.2999 23.3363
      vertex 45 -2.6 23.4967
    endloop
  endfacet
  facet normal -0 0.528096 0.849185
    outer loop
      vertex 45 -2.6 23.4967
      vertex 51 -2.88896 23.6764
      vertex 51 -2.6 23.4967
    endloop
  endfacet
  facet normal 0 0.528096 0.849185
    outer loop
      vertex 51 -2.88896 23.6764
      vertex 45 -2.6 23.4967
      vertex 45 -2.88896 23.6764
    endloop
  endfacet
  facet normal 0 -0.812859 0.582461
    outer loop
      vertex 45 4.12544 24.8344
      vertex 51 4.32364 25.111
      vertex 45 4.32364 25.111
    endloop
  endfacet
  facet normal 0 -0.812859 0.582461
    outer loop
      vertex 51 4.32364 25.111
      vertex 45 4.12544 24.8344
      vertex 51 4.12544 24.8344
    endloop
  endfacet
  facet normal -0 0.412862 0.910794
    outer loop
      vertex 45 -1.98995 23.1958
      vertex 51 -2.2999 23.3363
      vertex 51 -1.98995 23.1958
    endloop
  endfacet
  facet normal 0 0.412862 0.910794
    outer loop
      vertex 51 -2.2999 23.3363
      vertex 45 -1.98995 23.1958
      vertex 45 -2.2999 23.3363
    endloop
  endfacet
  facet normal 0 -0.352086 0.935968
    outer loop
      vertex 45 1.98995 23.1958
      vertex 51 1.67148 23.076
      vertex 51 1.98995 23.1958
    endloop
  endfacet
  facet normal 0 -0.352086 0.935968
    outer loop
      vertex 51 1.67148 23.076
      vertex 45 1.98995 23.1958
      vertex 45 1.67148 23.076
    endloop
  endfacet
  facet normal 0 -0.582461 0.812859
    outer loop
      vertex 45 3.16556 23.8746
      vertex 51 2.88896 23.6764
      vertex 51 3.16556 23.8746
    endloop
  endfacet
  facet normal 0 -0.582461 0.812859
    outer loop
      vertex 51 2.88896 23.6764
      vertex 45 3.16556 23.8746
      vertex 45 2.88896 23.6764
    endloop
  endfacet
  facet normal -0 0.582461 0.812859
    outer loop
      vertex 45 -2.88896 23.6764
      vertex 51 -3.16556 23.8746
      vertex 51 -2.88896 23.6764
    endloop
  endfacet
  facet normal 0 0.582461 0.812859
    outer loop
      vertex 51 -3.16556 23.8746
      vertex 45 -2.88896 23.6764
      vertex 45 -3.16556 23.8746
    endloop
  endfacet
  facet normal 0 -0.935911 0.352237
    outer loop
      vertex 45 4.80417 26.01
      vertex 51 4.92404 26.3285
      vertex 45 4.92404 26.3285
    endloop
  endfacet
  facet normal 0 -0.935911 0.352237
    outer loop
      vertex 51 4.92404 26.3285
      vertex 45 4.80417 26.01
      vertex 51 4.80417 26.01
    endloop
  endfacet
  facet normal 0 -0.634268 0.773113
    outer loop
      vertex 45 3.4286 24.0904
      vertex 51 3.16556 23.8746
      vertex 51 3.4286 24.0904
    endloop
  endfacet
  facet normal 0 -0.634268 0.773113
    outer loop
      vertex 51 3.16556 23.8746
      vertex 45 3.4286 24.0904
      vertex 45 3.16556 23.8746
    endloop
  endfacet
  facet normal 0 0.973878 -0.227072
    outer loop
      vertex 51 -5.10008 29.0145
      vertex 45 -5.02281 29.3459
      vertex 51 -5.02281 29.3459
    endloop
  endfacet
  facet normal 0 0.973878 -0.227072
    outer loop
      vertex 45 -5.02281 29.3459
      vertex 51 -5.10008 29.0145
      vertex 45 -5.10008 29.0145
    endloop
  endfacet
  facet normal 0 0.729926 0.683527
    outer loop
      vertex 51 -3.67696 24.323
      vertex 45 -3.90957 24.5714
      vertex 51 -3.90957 24.5714
    endloop
  endfacet
  facet normal 0 0.729926 0.683527
    outer loop
      vertex 45 -3.90957 24.5714
      vertex 51 -3.67696 24.323
      vertex 45 -3.67696 24.323
    endloop
  endfacet
  facet normal 0 0.812859 -0.582461
    outer loop
      vertex 51 -4.32364 30.889
      vertex 45 -4.12544 31.1656
      vertex 51 -4.12544 31.1656
    endloop
  endfacet
  facet normal 0 0.812859 -0.582461
    outer loop
      vertex 45 -4.12544 31.1656
      vertex 51 -4.32364 30.889
      vertex 45 -4.32364 30.889
    endloop
  endfacet
  facet normal 0 0.772965 -0.634449
    outer loop
      vertex 51 -4.12544 31.1656
      vertex 45 -3.90957 31.4286
      vertex 51 -3.90957 31.4286
    endloop
  endfacet
  facet normal 0 0.772965 -0.634449
    outer loop
      vertex 45 -3.90957 31.4286
      vertex 51 -4.12544 31.1656
      vertex 45 -4.12544 31.1656
    endloop
  endfacet
  facet normal 0 0.95694 0.290286
    outer loop
      vertex 51 -4.92404 26.3285
      vertex 45 -5.02281 26.6541
      vertex 51 -5.02281 26.6541
    endloop
  endfacet
  facet normal 0 0.95694 0.290286
    outer loop
      vertex 45 -5.02281 26.6541
      vertex 51 -4.92404 26.3285
      vertex 45 -4.92404 26.3285
    endloop
  endfacet
  facet normal 0 -0.95694 0.290286
    outer loop
      vertex 45 4.92404 26.3285
      vertex 51 5.02281 26.6541
      vertex 45 5.02281 26.6541
    endloop
  endfacet
  facet normal 0 -0.95694 0.290286
    outer loop
      vertex 51 5.02281 26.6541
      vertex 45 4.92404 26.3285
      vertex 51 4.92404 26.3285
    endloop
  endfacet
  facet normal 0 -0.772965 -0.634449
    outer loop
      vertex 45 4.12544 31.1656
      vertex 51 3.90957 31.4286
      vertex 45 3.90957 31.4286
    endloop
  endfacet
  facet normal 0 -0.772965 -0.634449
    outer loop
      vertex 51 3.90957 31.4286
      vertex 45 4.12544 31.1656
      vertex 51 4.12544 31.1656
    endloop
  endfacet
  facet normal 0 0.910846 -0.412746
    outer loop
      vertex 51 -4.80417 29.99
      vertex 45 -4.66374 30.2999
      vertex 51 -4.66374 30.2999
    endloop
  endfacet
  facet normal 0 0.910846 -0.412746
    outer loop
      vertex 45 -4.66374 30.2999
      vertex 51 -4.80417 29.99
      vertex 45 -4.80417 29.99
    endloop
  endfacet
  facet normal 0 0.881917 -0.471404
    outer loop
      vertex 51 -4.66374 30.2999
      vertex 45 -4.50333 30.6
      vertex 51 -4.50333 30.6
    endloop
  endfacet
  facet normal 0 0.881917 -0.471404
    outer loop
      vertex 45 -4.50333 30.6
      vertex 51 -4.66374 30.2999
      vertex 45 -4.66374 30.2999
    endloop
  endfacet
  facet normal 0 -0.860288 0.509809
    outer loop
      vertex 45 3.79999 34.5
      vertex 51 4.39603 35.5058
      vertex 45 4.39603 35.5058
    endloop
  endfacet
  facet normal 0 -0.860288 0.509809
    outer loop
      vertex 51 4.39603 35.5058
      vertex 45 3.79999 34.5
      vertex 51 3.79999 34.5
    endloop
  endfacet
  facet normal 0 0.860288 0.509809
    outer loop
      vertex 51 -3.79999 34.5
      vertex 45 -4.39603 35.5058
      vertex 51 -4.39603 35.5058
    endloop
  endfacet
  facet normal 0 0.860288 0.509809
    outer loop
      vertex 45 -4.39603 35.5058
      vertex 51 -3.79999 34.5
      vertex 45 -3.79999 34.5
    endloop
  endfacet
  facet normal 0 1 -0
    outer loop
      vertex 51 -3.79999 31.5456
      vertex 45 -3.79999 34.5
      vertex 51 -3.79999 34.5
    endloop
  endfacet
  facet normal 0 1 0
    outer loop
      vertex 45 -3.79999 34.5
      vertex 51 -3.79999 31.5456
      vertex 45 -3.79999 31.5456
    endloop
  endfacet
  facet normal 0 -1 0
    outer loop
      vertex 45 3.79999 31.5456
      vertex 51 3.79999 34.5
      vertex 45 3.79999 34.5
    endloop
  endfacet
  facet normal 0 -1 -0
    outer loop
      vertex 51 3.79999 34.5
      vertex 45 3.79999 31.5456
      vertex 51 3.79999 31.5456
    endloop
  endfacet
  facet normal 0 -0.956942 0.290279
    outer loop
      vertex 77 -8.40355 30.2517
      vertex 83 -8.23829 30.7965
      vertex 77 -8.23829 30.7965
    endloop
  endfacet
  facet normal 0 -0.956942 0.290279
    outer loop
      vertex 83 -8.23829 30.7965
      vertex 77 -8.40355 30.2517
      vertex 83 -8.40355 30.2517
    endloop
  endfacet
  facet normal 0 0.956942 0.290279
    outer loop
      vertex 83 8.40355 30.2517
      vertex 77 8.23829 30.7965
      vertex 83 8.23829 30.7965
    endloop
  endfacet
  facet normal 0 0.956942 0.290279
    outer loop
      vertex 77 8.23829 30.7965
      vertex 83 8.40355 30.2517
      vertex 77 8.40355 30.2517
    endloop
  endfacet
  facet normal 0 -0.996482 0.0838073
    outer loop
      vertex 77 -10.7477 4
      vertex 83 -8.68137 28.569
      vertex 77 -8.68137 28.569
    endloop
  endfacet
  facet normal 0 -0.996482 0.0838073
    outer loop
      vertex 83 -8.68137 28.569
      vertex 77 -10.7477 4
      vertex 83 -10.7477 4
    endloop
  endfacet
  facet normal 0 0.973872 0.227096
    outer loop
      vertex 83 8.53283 29.6973
      vertex 77 8.40355 30.2517
      vertex 83 8.40355 30.2517
    endloop
  endfacet
  facet normal 0 0.973872 0.227096
    outer loop
      vertex 77 8.40355 30.2517
      vertex 83 8.53283 29.6973
      vertex 77 8.53283 29.6973
    endloop
  endfacet
  facet normal -0 0.582467 0.812854
    outer loop
      vertex 77 5.29622 34.9022
      vertex 83 4.83346 35.2338
      vertex 83 5.29622 34.9022
    endloop
  endfacet
  facet normal 0 0.582467 0.812854
    outer loop
      vertex 83 4.83346 35.2338
      vertex 77 5.29622 34.9022
      vertex 77 4.83346 35.2338
    endloop
  endfacet
  facet normal 0 -0.881927 0.471386
    outer loop
      vertex 77 -7.80279 31.8479
      vertex 83 -7.53442 32.35
      vertex 77 -7.53442 32.35
    endloop
  endfacet
  facet normal 0 -0.881927 0.471386
    outer loop
      vertex 83 -7.53442 32.35
      vertex 77 -7.80279 31.8479
      vertex 83 -7.80279 31.8479
    endloop
  endfacet
  facet normal -0 0.683614 0.729844
    outer loop
      vertex 77 6.15183 34.1518
      vertex 83 5.73631 34.541
      vertex 83 6.15183 34.1518
    endloop
  endfacet
  facet normal 0 0.683614 0.729844
    outer loop
      vertex 83 5.73631 34.541
      vertex 77 6.15183 34.1518
      vertex 77 5.73631 34.541
    endloop
  endfacet
  facet normal 0 -0.973872 0.227096
    outer loop
      vertex 77 -8.53283 29.6973
      vertex 83 -8.40355 30.2517
      vertex 77 -8.40355 30.2517
    endloop
  endfacet
  facet normal 0 -0.973872 0.227096
    outer loop
      vertex 83 -8.40355 30.2517
      vertex 77 -8.53283 29.6973
      vertex 83 -8.53283 29.6973
    endloop
  endfacet
  facet normal 0 0.849218 0.528043
    outer loop
      vertex 83 7.53442 32.35
      vertex 77 7.23378 32.8335
      vertex 83 7.23378 32.8335
    endloop
  endfacet
  facet normal 0 0.849218 0.528043
    outer loop
      vertex 77 7.23378 32.8335
      vertex 83 7.53442 32.35
      vertex 77 7.53442 32.35
    endloop
  endfacet
  facet normal 0 -0.528052 0.849212
    outer loop
      vertex 77 -4.39603 35.5058
      vertex 83 -4.83346 35.2338
      vertex 83 -4.39603 35.5058
    endloop
  endfacet
  facet normal 0 -0.528052 0.849212
    outer loop
      vertex 83 -4.83346 35.2338
      vertex 77 -4.39603 35.5058
      vertex 77 -4.83346 35.2338
    endloop
  endfacet
  facet normal -0 0.634422 0.772987
    outer loop
      vertex 77 5.73631 34.541
      vertex 83 5.29622 34.9022
      vertex 83 5.73631 34.541
    endloop
  endfacet
  facet normal 0 0.634422 0.772987
    outer loop
      vertex 83 5.29622 34.9022
      vertex 77 5.73631 34.541
      vertex 77 5.29622 34.9022
    endloop
  endfacet
  facet normal 0 -0.582467 0.812854
    outer loop
      vertex 77 -4.83346 35.2338
      vertex 83 -5.29622 34.9022
      vertex 83 -4.83346 35.2338
    endloop
  endfacet
  facet normal 0 -0.582467 0.812854
    outer loop
      vertex 83 -5.29622 34.9022
      vertex 77 -4.83346 35.2338
      vertex 77 -5.29622 34.9022
    endloop
  endfacet
  facet normal 0 -0.773028 0.634372
    outer loop
      vertex 77 -6.90217 33.2962
      vertex 83 -6.54101 33.7363
      vertex 77 -6.54101 33.7363
    endloop
  endfacet
  facet normal 0 -0.773028 0.634372
    outer loop
      vertex 83 -6.54101 33.7363
      vertex 77 -6.90217 33.2962
      vertex 83 -6.90217 33.2962
    endloop
  endfacet
  facet normal 0 0.995186 0.098008
    outer loop
      vertex 83 8.68137 28.569
      vertex 77 8.62557 29.1356
      vertex 83 8.62557 29.1356
    endloop
  endfacet
  facet normal 0 0.995186 0.098008
    outer loop
      vertex 77 8.62557 29.1356
      vertex 83 8.68137 28.569
      vertex 77 8.68137 28.569
    endloop
  endfacet
  facet normal 0 0.935901 0.352263
    outer loop
      vertex 83 8.23829 30.7965
      vertex 77 8.03775 31.3293
      vertex 83 8.03775 31.3293
    endloop
  endfacet
  facet normal 0 0.935901 0.352263
    outer loop
      vertex 77 8.03775 31.3293
      vertex 83 8.23829 30.7965
      vertex 77 8.23829 30.7965
    endloop
  endfacet
  facet normal 0 -0.910873 0.412686
    outer loop
      vertex 77 -8.03775 31.3293
      vertex 83 -7.80279 31.8479
      vertex 77 -7.80279 31.8479
    endloop
  endfacet
  facet normal 0 -0.910873 0.412686
    outer loop
      vertex 83 -7.80279 31.8479
      vertex 77 -8.03775 31.3293
      vertex 83 -8.03775 31.3293
    endloop
  endfacet
  facet normal 0 0.773028 0.634372
    outer loop
      vertex 83 6.90217 33.2962
      vertex 77 6.54101 33.7363
      vertex 83 6.54101 33.7363
    endloop
  endfacet
  facet normal 0 0.773028 0.634372
    outer loop
      vertex 77 6.54101 33.7363
      vertex 83 6.90217 33.2962
      vertex 77 6.90217 33.2962
    endloop
  endfacet
  facet normal 0 -0.634422 0.772987
    outer loop
      vertex 77 -5.29622 34.9022
      vertex 83 -5.73631 34.541
      vertex 83 -5.29622 34.9022
    endloop
  endfacet
  facet normal 0 -0.634422 0.772987
    outer loop
      vertex 83 -5.73631 34.541
      vertex 77 -5.29622 34.9022
      vertex 77 -5.73631 34.541
    endloop
  endfacet
  facet normal 0 0.81281 0.582529
    outer loop
      vertex 83 7.23378 32.8335
      vertex 77 6.90217 33.2962
      vertex 83 6.90217 33.2962
    endloop
  endfacet
  facet normal 0 0.81281 0.582529
    outer loop
      vertex 77 6.90217 33.2962
      vertex 83 7.23378 32.8335
      vertex 77 7.23378 32.8335
    endloop
  endfacet
  facet normal 0 -0.729845 0.683613
    outer loop
      vertex 77 -6.54101 33.7363
      vertex 83 -6.15183 34.1518
      vertex 77 -6.15183 34.1518
    endloop
  endfacet
  facet normal 0 -0.729845 0.683613
    outer loop
      vertex 83 -6.15183 34.1518
      vertex 77 -6.54101 33.7363
      vertex 83 -6.54101 33.7363
    endloop
  endfacet
  facet normal 0 0.986642 0.162901
    outer loop
      vertex 83 8.62557 29.1356
      vertex 77 8.53283 29.6973
      vertex 83 8.53283 29.6973
    endloop
  endfacet
  facet normal 0 0.986642 0.162901
    outer loop
      vertex 77 8.53283 29.6973
      vertex 83 8.62557 29.1356
      vertex 77 8.62557 29.1356
    endloop
  endfacet
  facet normal 0 -0.935901 0.352263
    outer loop
      vertex 77 -8.23829 30.7965
      vertex 83 -8.03775 31.3293
      vertex 77 -8.03775 31.3293
    endloop
  endfacet
  facet normal 0 -0.935901 0.352263
    outer loop
      vertex 83 -8.03775 31.3293
      vertex 77 -8.23829 30.7965
      vertex 83 -8.23829 30.7965
    endloop
  endfacet
  facet normal 0 0.996482 0.0838073
    outer loop
      vertex 83 10.7477 4
      vertex 77 8.68137 28.569
      vertex 83 8.68137 28.569
    endloop
  endfacet
  facet normal 0 0.996482 0.0838073
    outer loop
      vertex 77 8.68137 28.569
      vertex 83 10.7477 4
      vertex 77 10.7477 4
    endloop
  endfacet
  facet normal 0 0.910873 0.412686
    outer loop
      vertex 83 8.03775 31.3293
      vertex 77 7.80279 31.8479
      vertex 83 7.80279 31.8479
    endloop
  endfacet
  facet normal 0 0.910873 0.412686
    outer loop
      vertex 77 7.80279 31.8479
      vertex 83 8.03775 31.3293
      vertex 77 8.03775 31.3293
    endloop
  endfacet
  facet normal 0 -0.683614 0.729844
    outer loop
      vertex 77 -5.73631 34.541
      vertex 83 -6.15183 34.1518
      vertex 83 -5.73631 34.541
    endloop
  endfacet
  facet normal 0 -0.683614 0.729844
    outer loop
      vertex 83 -6.15183 34.1518
      vertex 77 -5.73631 34.541
      vertex 77 -6.15183 34.1518
    endloop
  endfacet
  facet normal 0 -0.81281 0.582529
    outer loop
      vertex 77 -7.23378 32.8335
      vertex 83 -6.90217 33.2962
      vertex 77 -6.90217 33.2962
    endloop
  endfacet
  facet normal 0 -0.81281 0.582529
    outer loop
      vertex 83 -6.90217 33.2962
      vertex 77 -7.23378 32.8335
      vertex 83 -7.23378 32.8335
    endloop
  endfacet
  facet normal 0 -0.849218 0.528043
    outer loop
      vertex 77 -7.53442 32.35
      vertex 83 -7.23378 32.8335
      vertex 77 -7.23378 32.8335
    endloop
  endfacet
  facet normal 0 -0.849218 0.528043
    outer loop
      vertex 83 -7.23378 32.8335
      vertex 77 -7.53442 32.35
      vertex 83 -7.53442 32.35
    endloop
  endfacet
  facet normal 0 0.729845 0.683613
    outer loop
      vertex 83 6.54101 33.7363
      vertex 77 6.15183 34.1518
      vertex 83 6.15183 34.1518
    endloop
  endfacet
  facet normal 0 0.729845 0.683613
    outer loop
      vertex 77 6.15183 34.1518
      vertex 83 6.54101 33.7363
      vertex 77 6.54101 33.7363
    endloop
  endfacet
  facet normal 0 -0.986642 0.162901
    outer loop
      vertex 77 -8.62557 29.1356
      vertex 83 -8.53283 29.6973
      vertex 77 -8.53283 29.6973
    endloop
  endfacet
  facet normal 0 -0.986642 0.162901
    outer loop
      vertex 83 -8.53283 29.6973
      vertex 77 -8.62557 29.1356
      vertex 83 -8.62557 29.1356
    endloop
  endfacet
  facet normal 0 -0.995186 0.098008
    outer loop
      vertex 77 -8.68137 28.569
      vertex 83 -8.62557 29.1356
      vertex 77 -8.62557 29.1356
    endloop
  endfacet
  facet normal 0 -0.995186 0.098008
    outer loop
      vertex 83 -8.62557 29.1356
      vertex 77 -8.68137 28.569
      vertex 83 -8.68137 28.569
    endloop
  endfacet
  facet normal 0 0.881927 0.471386
    outer loop
      vertex 83 7.80279 31.8479
      vertex 77 7.53442 32.35
      vertex 83 7.53442 32.35
    endloop
  endfacet
  facet normal 0 0.881927 0.471386
    outer loop
      vertex 77 7.53442 32.35
      vertex 83 7.80279 31.8479
      vertex 77 7.80279 31.8479
    endloop
  endfacet
  facet normal -1 0 0
    outer loop
      vertex 77 4.12544 24.8344
      vertex 77 8.68137 28.569
      vertex 77 10.7477 4
    endloop
  endfacet
  facet normal -1 0 -0
    outer loop
      vertex 77 4.50333 25.4
      vertex 77 8.68137 28.569
      vertex 77 4.32364 25.111
    endloop
  endfacet
  facet normal -1 0 -0
    outer loop
      vertex 77 4.80417 26.01
      vertex 77 8.68137 28.569
      vertex 77 4.66374 25.7001
    endloop
  endfacet
  facet normal -1 0 -0
    outer loop
      vertex 77 5.02281 26.6541
      vertex 77 8.68137 28.569
      vertex 77 4.92404 26.3285
    endloop
  endfacet
  facet normal -1 0 -0
    outer loop
      vertex 77 5.10008 26.9855
      vertex 77 8.68137 28.569
      vertex 77 5.02281 26.6541
    endloop
  endfacet
  facet normal -1 0 -0
    outer loop
      vertex 77 5.18887 27.6599
      vertex 77 8.68137 28.569
      vertex 77 5.15551 27.3213
    endloop
  endfacet
  facet normal -1 0 0
    outer loop
      vertex 77 5.18887 28.3401
      vertex 77 8.68137 28.569
      vertex 77 5.2 28
    endloop
  endfacet
  facet normal -1 0 0
    outer loop
      vertex 77 5.15551 28.6787
      vertex 77 8.62557 29.1356
      vertex 77 5.18887 28.3401
    endloop
  endfacet
  facet normal -1 0 0
    outer loop
      vertex 77 5.10008 29.0145
      vertex 77 8.53283 29.6973
      vertex 77 5.15551 28.6787
    endloop
  endfacet
  facet normal -1 -0 0
    outer loop
      vertex 77 8.53283 29.6973
      vertex 77 5.10008 29.0145
      vertex 77 8.40355 30.2517
    endloop
  endfacet
  facet normal -1 -0 0
    outer loop
      vertex 77 8.40355 30.2517
      vertex 77 5.02281 29.3459
      vertex 77 8.23829 30.7965
    endloop
  endfacet
  facet normal -1 -0 0
    outer loop
      vertex 77 8.23829 30.7965
      vertex 77 4.92404 29.6715
      vertex 77 8.03775 31.3293
    endloop
  endfacet
  facet normal -1 -0 0
    outer loop
      vertex 77 8.03775 31.3293
      vertex 77 4.80417 29.99
      vertex 77 7.80279 31.8479
    endloop
  endfacet
  facet normal -1 0 0
    outer loop
      vertex 77 4.66374 30.2999
      vertex 77 7.80279 31.8479
      vertex 77 4.80417 29.99
    endloop
  endfacet
  facet normal -1 0 0
    outer loop
      vertex 77 4.80417 29.99
      vertex 77 8.03775 31.3293
      vertex 77 4.92404 29.6715
    endloop
  endfacet
  facet normal -1 0 0
    outer loop
      vertex 77 4.92404 29.6715
      vertex 77 8.23829 30.7965
      vertex 77 5.02281 29.3459
    endloop
  endfacet
  facet normal -1 0 0
    outer loop
      vertex 77 5.02281 29.3459
      vertex 77 8.40355 30.2517
      vertex 77 5.10008 29.0145
    endloop
  endfacet
  facet normal -1 -0 0
    outer loop
      vertex 77 8.62557 29.1356
      vertex 77 5.15551 28.6787
      vertex 77 8.53283 29.6973
    endloop
  endfacet
  facet normal -1 -0 0
    outer loop
      vertex 77 8.68137 28.569
      vertex 77 5.18887 28.3401
      vertex 77 8.62557 29.1356
    endloop
  endfacet
  facet normal -1 0 -0
    outer loop
      vertex 77 5.2 28
      vertex 77 8.68137 28.569
      vertex 77 5.18887 27.6599
    endloop
  endfacet
  facet normal -1 0 -0
    outer loop
      vertex 77 5.15551 27.3213
      vertex 77 8.68137 28.569
      vertex 77 5.10008 26.9855
    endloop
  endfacet
  facet normal -1 0 -0
    outer loop
      vertex 77 4.92404 26.3285
      vertex 77 8.68137 28.569
      vertex 77 4.80417 26.01
    endloop
  endfacet
  facet normal -1 0 -0
    outer loop
      vertex 77 4.66374 25.7001
      vertex 77 8.68137 28.569
      vertex 77 4.50333 25.4
    endloop
  endfacet
  facet normal -1 0 0
    outer loop
      vertex 77 8.68137 28.569
      vertex 77 4.12544 24.8344
      vertex 77 4.32364 25.111
    endloop
  endfacet
  facet normal -1 0 0
    outer loop
      vertex 77 10.7477 4
      vertex 77 3.90957 24.5714
      vertex 77 4.12544 24.8344
    endloop
  endfacet
  facet normal -1 0 0
    outer loop
      vertex 77 10.7477 4
      vertex 77 3.67696 24.323
      vertex 77 3.90957 24.5714
    endloop
  endfacet
  facet normal -1 0 0
    outer loop
      vertex 77 10.7477 4
      vertex 77 3.4286 24.0904
      vertex 77 3.67696 24.323
    endloop
  endfacet
  facet normal -1 0 0
    outer loop
      vertex 77 10.7477 4
      vertex 77 3.16556 23.8746
      vertex 77 3.4286 24.0904
    endloop
  endfacet
  facet normal -1 0 0
    outer loop
      vertex 77 10.7477 4
      vertex 77 2.88896 23.6764
      vertex 77 3.16556 23.8746
    endloop
  endfacet
  facet normal -1 0 0
    outer loop
      vertex 77 10.7477 4
      vertex 77 2.6 23.4967
      vertex 77 2.88896 23.6764
    endloop
  endfacet
  facet normal -1 0 0
    outer loop
      vertex 77 10.7477 4
      vertex 77 2.2999 23.3363
      vertex 77 2.6 23.4967
    endloop
  endfacet
  facet normal -1 0 0
    outer loop
      vertex 77 10.7477 4
      vertex 77 1.98995 23.1958
      vertex 77 2.2999 23.3363
    endloop
  endfacet
  facet normal -1 0 0
    outer loop
      vertex 77 10.7477 4
      vertex 77 1.67148 23.076
      vertex 77 1.98995 23.1958
    endloop
  endfacet
  facet normal -1 0 0
    outer loop
      vertex 77 10.7477 4
      vertex 77 1.34586 22.9772
      vertex 77 1.67148 23.076
    endloop
  endfacet
  facet normal -1 0 0
    outer loop
      vertex 77 10.7477 4
      vertex 77 1.01447 22.8999
      vertex 77 1.34586 22.9772
    endloop
  endfacet
  facet normal -1 0 0
    outer loop
      vertex 77 10.7477 4
      vertex 77 0.678736 22.8445
      vertex 77 1.01447 22.8999
    endloop
  endfacet
  facet normal -1 0 0
    outer loop
      vertex 77 10.7477 4
      vertex 77 0.340096 22.8111
      vertex 77 0.678736 22.8445
    endloop
  endfacet
  facet normal -1 0 0
    outer loop
      vertex 77 10.7477 4
      vertex 77 0 22.8
      vertex 77 0.340096 22.8111
    endloop
  endfacet
  facet normal -1 0 0
    outer loop
      vertex 77 -10.7477 4
      vertex 77 0 22.8
      vertex 77 10.7477 4
    endloop
  endfacet
  facet normal -1 -0 0
    outer loop
      vertex 77 0 22.8
      vertex 77 -10.7477 4
      vertex 77 -0.340096 22.8111
    endloop
  endfacet
  facet normal -1 -0 0
    outer loop
      vertex 77 -0.340096 22.8111
      vertex 77 -10.7477 4
      vertex 77 -0.678736 22.8445
    endloop
  endfacet
  facet normal -1 -0 0
    outer loop
      vertex 77 -0.678736 22.8445
      vertex 77 -10.7477 4
      vertex 77 -1.01447 22.8999
    endloop
  endfacet
  facet normal -1 -0 0
    outer loop
      vertex 77 -1.01447 22.8999
      vertex 77 -10.7477 4
      vertex 77 -1.34586 22.9772
    endloop
  endfacet
  facet normal -1 -0 0
    outer loop
      vertex 77 -1.34586 22.9772
      vertex 77 -10.7477 4
      vertex 77 -1.67148 23.076
    endloop
  endfacet
  facet normal -1 -0 0
    outer loop
      vertex 77 -1.67148 23.076
      vertex 77 -10.7477 4
      vertex 77 -1.98995 23.1958
    endloop
  endfacet
  facet normal -1 -0 0
    outer loop
      vertex 77 -1.98995 23.1958
      vertex 77 -10.7477 4
      vertex 77 -2.2999 23.3363
    endloop
  endfacet
  facet normal -1 -0 0
    outer loop
      vertex 77 -2.2999 23.3363
      vertex 77 -10.7477 4
      vertex 77 -2.6 23.4967
    endloop
  endfacet
  facet normal -1 -0 0
    outer loop
      vertex 77 -2.6 23.4967
      vertex 77 -10.7477 4
      vertex 77 -2.88896 23.6764
    endloop
  endfacet
  facet normal -1 -0 0
    outer loop
      vertex 77 -2.88896 23.6764
      vertex 77 -10.7477 4
      vertex 77 -3.16556 23.8746
    endloop
  endfacet
  facet normal -1 -0 0
    outer loop
      vertex 77 -3.16556 23.8746
      vertex 77 -10.7477 4
      vertex 77 -3.4286 24.0904
    endloop
  endfacet
  facet normal -1 -0 0
    outer loop
      vertex 77 -3.4286 24.0904
      vertex 77 -10.7477 4
      vertex 77 -3.67696 24.323
    endloop
  endfacet
  facet normal -1 -0 0
    outer loop
      vertex 77 -3.67696 24.323
      vertex 77 -10.7477 4
      vertex 77 -3.90957 24.5714
    endloop
  endfacet
  facet normal -1 -0 0
    outer loop
      vertex 77 -3.90957 24.5714
      vertex 77 -10.7477 4
      vertex 77 -4.12544 24.8344
    endloop
  endfacet
  facet normal -1 0 0
    outer loop
      vertex 77 -3.79999 34.5
      vertex 77 -5.73631 34.541
      vertex 77 -5.29622 34.9022
    endloop
  endfacet
  facet normal -1 0 0
    outer loop
      vertex 77 -8.68137 28.569
      vertex 77 -5.2 28
      vertex 77 -5.18887 27.6599
    endloop
  endfacet
  facet normal -1 0 0
    outer loop
      vertex 77 -5.18887 28.3401
      vertex 77 -6.15183 34.1518
      vertex 77 -5.73631 34.541
    endloop
  endfacet
  facet normal -1 0 0
    outer loop
      vertex 77 -8.68137 28.569
      vertex 77 -5.18887 27.6599
      vertex 77 -5.15551 27.3213
    endloop
  endfacet
  facet normal -1 0 0
    outer loop
      vertex 77 -5.18887 28.3401
      vertex 77 -6.54101 33.7363
      vertex 77 -6.15183 34.1518
    endloop
  endfacet
  facet normal -1 0 0
    outer loop
      vertex 77 -8.68137 28.569
      vertex 77 -5.15551 27.3213
      vertex 77 -5.10008 26.9855
    endloop
  endfacet
  facet normal -1 0 0
    outer loop
      vertex 77 -5.18887 28.3401
      vertex 77 -6.90217 33.2962
      vertex 77 -6.54101 33.7363
    endloop
  endfacet
  facet normal -1 0 0
    outer loop
      vertex 77 -8.68137 28.569
      vertex 77 -5.10008 26.9855
      vertex 77 -5.02281 26.6541
    endloop
  endfacet
  facet normal -1 0 0
    outer loop
      vertex 77 -5.18887 28.3401
      vertex 77 -7.23378 32.8335
      vertex 77 -6.90217 33.2962
    endloop
  endfacet
  facet normal -1 0 0
    outer loop
      vertex 77 -8.68137 28.569
      vertex 77 -5.02281 26.6541
      vertex 77 -4.92404 26.3285
    endloop
  endfacet
  facet normal -1 0 0
    outer loop
      vertex 77 -5.18887 28.3401
      vertex 77 -7.53442 32.35
      vertex 77 -7.23378 32.8335
    endloop
  endfacet
  facet normal -1 0 0
    outer loop
      vertex 77 -8.68137 28.569
      vertex 77 -4.92404 26.3285
      vertex 77 -4.80417 26.01
    endloop
  endfacet
  facet normal -1 0 0
    outer loop
      vertex 77 -5.18887 28.3401
      vertex 77 -7.80279 31.8479
      vertex 77 -7.53442 32.35
    endloop
  endfacet
  facet normal -1 0 0
    outer loop
      vertex 77 -8.68137 28.569
      vertex 77 -4.80417 26.01
      vertex 77 -4.66374 25.7001
    endloop
  endfacet
  facet normal -1 0 0
    outer loop
      vertex 77 -5.18887 28.3401
      vertex 77 -8.03775 31.3293
      vertex 77 -7.80279 31.8479
    endloop
  endfacet
  facet normal -1 0 0
    outer loop
      vertex 77 -8.68137 28.569
      vertex 77 -4.66374 25.7001
      vertex 77 -4.50333 25.4
    endloop
  endfacet
  facet normal -1 0 0
    outer loop
      vertex 77 -5.18887 28.3401
      vertex 77 -8.23829 30.7965
      vertex 77 -8.03775 31.3293
    endloop
  endfacet
  facet normal -1 0 0
    outer loop
      vertex 77 -8.68137 28.569
      vertex 77 -4.50333 25.4
      vertex 77 -4.32364 25.111
    endloop
  endfacet
  facet normal -1 0 0
    outer loop
      vertex 77 -5.18887 28.3401
      vertex 77 -8.40355 30.2517
      vertex 77 -8.23829 30.7965
    endloop
  endfacet
  facet normal -1 0 -0
    outer loop
      vertex 77 -8.68137 28.569
      vertex 77 -4.12544 24.8344
      vertex 77 -10.7477 4
    endloop
  endfacet
  facet normal -1 0 0
    outer loop
      vertex 77 -5.18887 28.3401
      vertex 77 -8.68137 28.569
      vertex 77 -8.62557 29.1356
    endloop
  endfacet
  facet normal -1 0 0
    outer loop
      vertex 77 -5.18887 28.3401
      vertex 77 -8.53283 29.6973
      vertex 77 -8.40355 30.2517
    endloop
  endfacet
  facet normal -1 0 0
    outer loop
      vertex 77 -5.18887 28.3401
      vertex 77 -8.62557 29.1356
      vertex 77 -8.53283 29.6973
    endloop
  endfacet
  facet normal -1 0 0
    outer loop
      vertex 77 -4.12544 24.8344
      vertex 77 -8.68137 28.569
      vertex 77 -4.32364 25.111
    endloop
  endfacet
  facet normal -1 -0 0
    outer loop
      vertex 77 7.80279 31.8479
      vertex 77 4.66374 30.2999
      vertex 77 7.53442 32.35
    endloop
  endfacet
  facet normal -1 0 0
    outer loop
      vertex 77 4.50333 30.6
      vertex 77 7.53442 32.35
      vertex 77 4.66374 30.2999
    endloop
  endfacet
  facet normal -1 -0 0
    outer loop
      vertex 77 7.53442 32.35
      vertex 77 4.50333 30.6
      vertex 77 7.23378 32.8335
    endloop
  endfacet
  facet normal -1 0 0
    outer loop
      vertex 77 4.32364 30.889
      vertex 77 7.23378 32.8335
      vertex 77 4.50333 30.6
    endloop
  endfacet
  facet normal -1 -0 0
    outer loop
      vertex 77 7.23378 32.8335
      vertex 77 4.32364 30.889
      vertex 77 6.90217 33.2962
    endloop
  endfacet
  facet normal -1 0 0
    outer loop
      vertex 77 4.12544 31.1656
      vertex 77 6.90217 33.2962
      vertex 77 4.32364 30.889
    endloop
  endfacet
  facet normal -1 -0 0
    outer loop
      vertex 77 6.90217 33.2962
      vertex 77 4.12544 31.1656
      vertex 77 6.54101 33.7363
    endloop
  endfacet
  facet normal -1 0 0
    outer loop
      vertex 77 3.90957 31.4286
      vertex 77 6.54101 33.7363
      vertex 77 4.12544 31.1656
    endloop
  endfacet
  facet normal -1 0 0
    outer loop
      vertex 77 3.79999 31.5456
      vertex 77 6.54101 33.7363
      vertex 77 3.90957 31.4286
    endloop
  endfacet
  facet normal -1 -0 0
    outer loop
      vertex 77 6.54101 33.7363
      vertex 77 3.79999 31.5456
      vertex 77 6.15183 34.1518
    endloop
  endfacet
  facet normal -1 0 0
    outer loop
      vertex 77 3.79999 34.5
      vertex 77 6.15183 34.1518
      vertex 77 3.79999 31.5456
    endloop
  endfacet
  facet normal -1 0 0
    outer loop
      vertex 77 6.15183 34.1518
      vertex 77 3.79999 34.5
      vertex 77 5.73631 34.541
    endloop
  endfacet
  facet normal -1 -0 0
    outer loop
      vertex 77 5.29622 34.9022
      vertex 77 3.79999 34.5
      vertex 77 4.83346 35.2338
    endloop
  endfacet
  facet normal -1 -0 0
    outer loop
      vertex 77 5.73631 34.541
      vertex 77 3.79999 34.5
      vertex 77 5.29622 34.9022
    endloop
  endfacet
  facet normal -1 -0 0
    outer loop
      vertex 77 4.83346 35.2338
      vertex 77 3.79999 34.5
      vertex 77 4.39603 35.5058
    endloop
  endfacet
  facet normal -1 0 0
    outer loop
      vertex 77 -5.73631 34.541
      vertex 77 -3.79999 31.5456
      vertex 77 -3.90957 31.4286
    endloop
  endfacet
  facet normal -1 0 0
    outer loop
      vertex 77 -5.73631 34.541
      vertex 77 -3.90957 31.4286
      vertex 77 -4.12544 31.1656
    endloop
  endfacet
  facet normal -1 0 0
    outer loop
      vertex 77 -5.73631 34.541
      vertex 77 -4.12544 31.1656
      vertex 77 -4.32364 30.889
    endloop
  endfacet
  facet normal -1 0 0
    outer loop
      vertex 77 -5.73631 34.541
      vertex 77 -3.79999 34.5
      vertex 77 -3.79999 31.5456
    endloop
  endfacet
  facet normal -1 0 0
    outer loop
      vertex 77 -5.73631 34.541
      vertex 77 -4.32364 30.889
      vertex 77 -4.50333 30.6
    endloop
  endfacet
  facet normal -1 0 0
    outer loop
      vertex 77 -5.73631 34.541
      vertex 77 -4.50333 30.6
      vertex 77 -4.66374 30.2999
    endloop
  endfacet
  facet normal -1 0 0
    outer loop
      vertex 77 -5.73631 34.541
      vertex 77 -4.66374 30.2999
      vertex 77 -4.80417 29.99
    endloop
  endfacet
  facet normal -1 0 0
    outer loop
      vertex 77 -3.79999 34.5
      vertex 77 -4.83346 35.2338
      vertex 77 -4.39603 35.5058
    endloop
  endfacet
  facet normal -1 0 0
    outer loop
      vertex 77 -5.73631 34.541
      vertex 77 -4.80417 29.99
      vertex 77 -4.92404 29.6715
    endloop
  endfacet
  facet normal -1 0 0
    outer loop
      vertex 77 -5.73631 34.541
      vertex 77 -4.92404 29.6715
      vertex 77 -5.02281 29.3459
    endloop
  endfacet
  facet normal -1 0 0
    outer loop
      vertex 77 -5.73631 34.541
      vertex 77 -5.02281 29.3459
      vertex 77 -5.10008 29.0145
    endloop
  endfacet
  facet normal -1 0 0
    outer loop
      vertex 77 -5.73631 34.541
      vertex 77 -5.10008 29.0145
      vertex 77 -5.15551 28.6787
    endloop
  endfacet
  facet normal -1 0 0
    outer loop
      vertex 77 -5.73631 34.541
      vertex 77 -5.15551 28.6787
      vertex 77 -5.18887 28.3401
    endloop
  endfacet
  facet normal -1 0 0
    outer loop
      vertex 77 -3.79999 34.5
      vertex 77 -5.29622 34.9022
      vertex 77 -4.83346 35.2338
    endloop
  endfacet
  facet normal -1 0 0
    outer loop
      vertex 77 -8.68137 28.569
      vertex 77 -5.18887 28.3401
      vertex 77 -5.2 28
    endloop
  endfacet
  facet normal -0 0.528052 0.849212
    outer loop
      vertex 77 4.83346 35.2338
      vertex 83 4.39603 35.5058
      vertex 83 4.83346 35.2338
    endloop
  endfacet
  facet normal 0 0.528052 0.849212
    outer loop
      vertex 83 4.39603 35.5058
      vertex 77 4.83346 35.2338
      vertex 77 4.39603 35.5058
    endloop
  endfacet
  facet normal 1 -0 0
    outer loop
      vertex 83 -6.15183 34.1518
      vertex 83 -3.79999 31.5456
      vertex 83 -3.79999 34.5
    endloop
  endfacet
  facet normal 1 -0 0
    outer loop
      vertex 83 -6.54101 33.7363
      vertex 83 -3.79999 31.5456
      vertex 83 -6.15183 34.1518
    endloop
  endfacet
  facet normal 1 0 0
    outer loop
      vertex 83 -3.79999 31.5456
      vertex 83 -6.54101 33.7363
      vertex 83 -3.90957 31.4286
    endloop
  endfacet
  facet normal 1 -0 0
    outer loop
      vertex 83 -4.83346 35.2338
      vertex 83 -3.79999 34.5
      vertex 83 -4.39603 35.5058
    endloop
  endfacet
  facet normal 1 -0 0
    outer loop
      vertex 83 -5.29622 34.9022
      vertex 83 -3.79999 34.5
      vertex 83 -4.83346 35.2338
    endloop
  endfacet
  facet normal 1 -0 0
    outer loop
      vertex 83 -5.73631 34.541
      vertex 83 -3.79999 34.5
      vertex 83 -5.29622 34.9022
    endloop
  endfacet
  facet normal 1 0 0
    outer loop
      vertex 83 -6.15183 34.1518
      vertex 83 -3.79999 34.5
      vertex 83 -5.73631 34.541
    endloop
  endfacet
  facet normal 1 0 0
    outer loop
      vertex 83 -3.90957 31.4286
      vertex 83 -6.54101 33.7363
      vertex 83 -4.12544 31.1656
    endloop
  endfacet
  facet normal 1 -0 0
    outer loop
      vertex 83 -6.90217 33.2962
      vertex 83 -4.12544 31.1656
      vertex 83 -6.54101 33.7363
    endloop
  endfacet
  facet normal 1 0 0
    outer loop
      vertex 83 -4.12544 31.1656
      vertex 83 -6.90217 33.2962
      vertex 83 -4.32364 30.889
    endloop
  endfacet
  facet normal 1 -0 0
    outer loop
      vertex 83 -7.23378 32.8335
      vertex 83 -4.32364 30.889
      vertex 83 -6.90217 33.2962
    endloop
  endfacet
  facet normal 1 0 0
    outer loop
      vertex 83 -4.32364 30.889
      vertex 83 -7.23378 32.8335
      vertex 83 -4.50333 30.6
    endloop
  endfacet
  facet normal 1 -0 0
    outer loop
      vertex 83 -7.53442 32.35
      vertex 83 -4.50333 30.6
      vertex 83 -7.23378 32.8335
    endloop
  endfacet
  facet normal 1 -0 0
    outer loop
      vertex 83 -7.80279 31.8479
      vertex 83 -4.66374 30.2999
      vertex 83 -7.53442 32.35
    endloop
  endfacet
  facet normal 1 0 0
    outer loop
      vertex 83 -4.50333 30.6
      vertex 83 -7.53442 32.35
      vertex 83 -4.66374 30.2999
    endloop
  endfacet
  facet normal 1 0 0
    outer loop
      vertex 83 8.68137 28.569
      vertex 83 5.18887 28.3401
      vertex 83 5.2 28
    endloop
  endfacet
  facet normal 1 0 0
    outer loop
      vertex 83 5.73631 34.541
      vertex 83 5.15551 28.6787
      vertex 83 5.18887 28.3401
    endloop
  endfacet
  facet normal 1 0 0
    outer loop
      vertex 83 5.73631 34.541
      vertex 83 5.10008 29.0145
      vertex 83 5.15551 28.6787
    endloop
  endfacet
  facet normal 1 0 0
    outer loop
      vertex 83 5.73631 34.541
      vertex 83 5.02281 29.3459
      vertex 83 5.10008 29.0145
    endloop
  endfacet
  facet normal 1 0 0
    outer loop
      vertex 83 5.73631 34.541
      vertex 83 4.92404 29.6715
      vertex 83 5.02281 29.3459
    endloop
  endfacet
  facet normal 1 0 0
    outer loop
      vertex 83 3.79999 34.5
      vertex 83 5.29622 34.9022
      vertex 83 4.83346 35.2338
    endloop
  endfacet
  facet normal 1 0 0
    outer loop
      vertex 83 5.73631 34.541
      vertex 83 4.80417 29.99
      vertex 83 4.92404 29.6715
    endloop
  endfacet
  facet normal 1 0 0
    outer loop
      vertex 83 5.73631 34.541
      vertex 83 4.66374 30.2999
      vertex 83 4.80417 29.99
    endloop
  endfacet
  facet normal 1 0 0
    outer loop
      vertex 83 5.73631 34.541
      vertex 83 4.50333 30.6
      vertex 83 4.66374 30.2999
    endloop
  endfacet
  facet normal 1 0 0
    outer loop
      vertex 83 3.79999 34.5
      vertex 83 4.83346 35.2338
      vertex 83 4.39603 35.5058
    endloop
  endfacet
  facet normal 1 0 0
    outer loop
      vertex 83 5.73631 34.541
      vertex 83 4.32364 30.889
      vertex 83 4.50333 30.6
    endloop
  endfacet
  facet normal 1 0 0
    outer loop
      vertex 83 5.73631 34.541
      vertex 83 4.12544 31.1656
      vertex 83 4.32364 30.889
    endloop
  endfacet
  facet normal 1 0 0
    outer loop
      vertex 83 5.73631 34.541
      vertex 83 3.79999 34.5
      vertex 83 3.79999 31.5456
    endloop
  endfacet
  facet normal 1 0 0
    outer loop
      vertex 83 5.73631 34.541
      vertex 83 3.90957 31.4286
      vertex 83 4.12544 31.1656
    endloop
  endfacet
  facet normal 1 0 0
    outer loop
      vertex 83 5.73631 34.541
      vertex 83 3.79999 31.5456
      vertex 83 3.90957 31.4286
    endloop
  endfacet
  facet normal 1 0 0
    outer loop
      vertex 83 5.18887 28.3401
      vertex 83 8.68137 28.569
      vertex 83 8.62557 29.1356
    endloop
  endfacet
  facet normal 1 0 0
    outer loop
      vertex 83 5.18887 28.3401
      vertex 83 8.62557 29.1356
      vertex 83 8.53283 29.6973
    endloop
  endfacet
  facet normal 1 0 0
    outer loop
      vertex 83 5.18887 28.3401
      vertex 83 8.53283 29.6973
      vertex 83 8.40355 30.2517
    endloop
  endfacet
  facet normal 1 0 0
    outer loop
      vertex 83 5.18887 28.3401
      vertex 83 8.40355 30.2517
      vertex 83 8.23829 30.7965
    endloop
  endfacet
  facet normal 1 0 0
    outer loop
      vertex 83 5.18887 28.3401
      vertex 83 8.23829 30.7965
      vertex 83 8.03775 31.3293
    endloop
  endfacet
  facet normal 1 0 0
    outer loop
      vertex 83 5.18887 28.3401
      vertex 83 8.03775 31.3293
      vertex 83 7.80279 31.8479
    endloop
  endfacet
  facet normal 1 0 0
    outer loop
      vertex 83 5.18887 28.3401
      vertex 83 7.80279 31.8479
      vertex 83 7.53442 32.35
    endloop
  endfacet
  facet normal 1 0 0
    outer loop
      vertex 83 5.18887 28.3401
      vertex 83 7.53442 32.35
      vertex 83 7.23378 32.8335
    endloop
  endfacet
  facet normal 1 0 0
    outer loop
      vertex 83 5.18887 28.3401
      vertex 83 7.23378 32.8335
      vertex 83 6.90217 33.2962
    endloop
  endfacet
  facet normal 1 0 0
    outer loop
      vertex 83 5.18887 28.3401
      vertex 83 6.90217 33.2962
      vertex 83 6.54101 33.7363
    endloop
  endfacet
  facet normal 1 0 0
    outer loop
      vertex 83 5.18887 28.3401
      vertex 83 6.54101 33.7363
      vertex 83 6.15183 34.1518
    endloop
  endfacet
  facet normal 1 0 0
    outer loop
      vertex 83 5.18887 28.3401
      vertex 83 6.15183 34.1518
      vertex 83 5.73631 34.541
    endloop
  endfacet
  facet normal 1 0 0
    outer loop
      vertex 83 3.79999 34.5
      vertex 83 5.73631 34.541
      vertex 83 5.29622 34.9022
    endloop
  endfacet
  facet normal 1 0 0
    outer loop
      vertex 83 8.68137 28.569
      vertex 83 5.2 28
      vertex 83 5.18887 27.6599
    endloop
  endfacet
  facet normal 1 0 0
    outer loop
      vertex 83 8.68137 28.569
      vertex 83 5.18887 27.6599
      vertex 83 5.15551 27.3213
    endloop
  endfacet
  facet normal 1 0 0
    outer loop
      vertex 83 8.68137 28.569
      vertex 83 5.15551 27.3213
      vertex 83 5.10008 26.9855
    endloop
  endfacet
  facet normal 1 0 0
    outer loop
      vertex 83 8.68137 28.569
      vertex 83 5.10008 26.9855
      vertex 83 5.02281 26.6541
    endloop
  endfacet
  facet normal 1 0 0
    outer loop
      vertex 83 8.68137 28.569
      vertex 83 5.02281 26.6541
      vertex 83 4.92404 26.3285
    endloop
  endfacet
  facet normal 1 0 0
    outer loop
      vertex 83 8.68137 28.569
      vertex 83 4.92404 26.3285
      vertex 83 4.80417 26.01
    endloop
  endfacet
  facet normal 1 0 0
    outer loop
      vertex 83 8.68137 28.569
      vertex 83 4.80417 26.01
      vertex 83 4.66374 25.7001
    endloop
  endfacet
  facet normal 1 0 0
    outer loop
      vertex 83 8.68137 28.569
      vertex 83 4.66374 25.7001
      vertex 83 4.50333 25.4
    endloop
  endfacet
  facet normal 1 0 0
    outer loop
      vertex 83 8.68137 28.569
      vertex 83 4.50333 25.4
      vertex 83 4.32364 25.111
    endloop
  endfacet
  facet normal 1 0 0
    outer loop
      vertex 83 4.12544 24.8344
      vertex 83 8.68137 28.569
      vertex 83 4.32364 25.111
    endloop
  endfacet
  facet normal 1 0 0
    outer loop
      vertex 83 8.68137 28.569
      vertex 83 4.12544 24.8344
      vertex 83 10.7477 4
    endloop
  endfacet
  facet normal 1 -0 0
    outer loop
      vertex 83 3.90957 24.5714
      vertex 83 10.7477 4
      vertex 83 4.12544 24.8344
    endloop
  endfacet
  facet normal 1 -0 0
    outer loop
      vertex 83 3.67696 24.323
      vertex 83 10.7477 4
      vertex 83 3.90957 24.5714
    endloop
  endfacet
  facet normal 1 -0 0
    outer loop
      vertex 83 3.4286 24.0904
      vertex 83 10.7477 4
      vertex 83 3.67696 24.323
    endloop
  endfacet
  facet normal 1 -0 0
    outer loop
      vertex 83 3.16556 23.8746
      vertex 83 10.7477 4
      vertex 83 3.4286 24.0904
    endloop
  endfacet
  facet normal 1 -0 0
    outer loop
      vertex 83 2.88896 23.6764
      vertex 83 10.7477 4
      vertex 83 3.16556 23.8746
    endloop
  endfacet
  facet normal 1 -0 0
    outer loop
      vertex 83 2.6 23.4967
      vertex 83 10.7477 4
      vertex 83 2.88896 23.6764
    endloop
  endfacet
  facet normal 1 -0 0
    outer loop
      vertex 83 2.2999 23.3363
      vertex 83 10.7477 4
      vertex 83 2.6 23.4967
    endloop
  endfacet
  facet normal 1 -0 0
    outer loop
      vertex 83 1.98995 23.1958
      vertex 83 10.7477 4
      vertex 83 2.2999 23.3363
    endloop
  endfacet
  facet normal 1 -0 0
    outer loop
      vertex 83 1.67148 23.076
      vertex 83 10.7477 4
      vertex 83 1.98995 23.1958
    endloop
  endfacet
  facet normal 1 -0 0
    outer loop
      vertex 83 1.34586 22.9772
      vertex 83 10.7477 4
      vertex 83 1.67148 23.076
    endloop
  endfacet
  facet normal 1 -0 0
    outer loop
      vertex 83 1.01447 22.8999
      vertex 83 10.7477 4
      vertex 83 1.34586 22.9772
    endloop
  endfacet
  facet normal 1 -0 0
    outer loop
      vertex 83 0.678736 22.8445
      vertex 83 10.7477 4
      vertex 83 1.01447 22.8999
    endloop
  endfacet
  facet normal 1 -0 0
    outer loop
      vertex 83 0.340096 22.8111
      vertex 83 10.7477 4
      vertex 83 0.678736 22.8445
    endloop
  endfacet
  facet normal 1 -0 0
    outer loop
      vertex 83 0 22.8
      vertex 83 10.7477 4
      vertex 83 0.340096 22.8111
    endloop
  endfacet
  facet normal 1 0 0
    outer loop
      vertex 83 -10.7477 4
      vertex 83 0 22.8
      vertex 83 -0.340096 22.8111
    endloop
  endfacet
  facet normal 1 0 0
    outer loop
      vertex 83 -10.7477 4
      vertex 83 -0.340096 22.8111
      vertex 83 -0.678736 22.8445
    endloop
  endfacet
  facet normal 1 0 0
    outer loop
      vertex 83 -10.7477 4
      vertex 83 -0.678736 22.8445
      vertex 83 -1.01447 22.8999
    endloop
  endfacet
  facet normal 1 0 0
    outer loop
      vertex 83 -10.7477 4
      vertex 83 -1.01447 22.8999
      vertex 83 -1.34586 22.9772
    endloop
  endfacet
  facet normal 1 0 0
    outer loop
      vertex 83 -10.7477 4
      vertex 83 -1.34586 22.9772
      vertex 83 -1.67148 23.076
    endloop
  endfacet
  facet normal 1 0 0
    outer loop
      vertex 83 -10.7477 4
      vertex 83 -1.67148 23.076
      vertex 83 -1.98995 23.1958
    endloop
  endfacet
  facet normal 1 0 0
    outer loop
      vertex 83 -10.7477 4
      vertex 83 -1.98995 23.1958
      vertex 83 -2.2999 23.3363
    endloop
  endfacet
  facet normal 1 0 0
    outer loop
      vertex 83 -10.7477 4
      vertex 83 -2.2999 23.3363
      vertex 83 -2.6 23.4967
    endloop
  endfacet
  facet normal 1 0 0
    outer loop
      vertex 83 -10.7477 4
      vertex 83 -2.6 23.4967
      vertex 83 -2.88896 23.6764
    endloop
  endfacet
  facet normal 1 0 0
    outer loop
      vertex 83 -10.7477 4
      vertex 83 -2.88896 23.6764
      vertex 83 -3.16556 23.8746
    endloop
  endfacet
  facet normal 1 0 0
    outer loop
      vertex 83 -10.7477 4
      vertex 83 -3.16556 23.8746
      vertex 83 -3.4286 24.0904
    endloop
  endfacet
  facet normal 1 0 0
    outer loop
      vertex 83 -10.7477 4
      vertex 83 -3.4286 24.0904
      vertex 83 -3.67696 24.323
    endloop
  endfacet
  facet normal 1 0 0
    outer loop
      vertex 83 -10.7477 4
      vertex 83 -3.67696 24.323
      vertex 83 -3.90957 24.5714
    endloop
  endfacet
  facet normal 1 0 0
    outer loop
      vertex 83 -10.7477 4
      vertex 83 -3.90957 24.5714
      vertex 83 -4.12544 24.8344
    endloop
  endfacet
  facet normal 1 0 0
    outer loop
      vertex 83 -8.68137 28.569
      vertex 83 -4.12544 24.8344
      vertex 83 -4.32364 25.111
    endloop
  endfacet
  facet normal 1 0 0
    outer loop
      vertex 83 -4.66374 30.2999
      vertex 83 -7.80279 31.8479
      vertex 83 -4.80417 29.99
    endloop
  endfacet
  facet normal 1 -0 0
    outer loop
      vertex 83 -8.03775 31.3293
      vertex 83 -4.80417 29.99
      vertex 83 -7.80279 31.8479
    endloop
  endfacet
  facet normal 1 0 0
    outer loop
      vertex 83 -4.80417 29.99
      vertex 83 -8.03775 31.3293
      vertex 83 -4.92404 29.6715
    endloop
  endfacet
  facet normal 1 -0 0
    outer loop
      vertex 83 -8.23829 30.7965
      vertex 83 -4.92404 29.6715
      vertex 83 -8.03775 31.3293
    endloop
  endfacet
  facet normal 1 0 0
    outer loop
      vertex 83 -4.92404 29.6715
      vertex 83 -8.23829 30.7965
      vertex 83 -5.02281 29.3459
    endloop
  endfacet
  facet normal 1 -0 0
    outer loop
      vertex 83 -8.40355 30.2517
      vertex 83 -5.02281 29.3459
      vertex 83 -8.23829 30.7965
    endloop
  endfacet
  facet normal 1 0 0
    outer loop
      vertex 83 -5.02281 29.3459
      vertex 83 -8.40355 30.2517
      vertex 83 -5.10008 29.0145
    endloop
  endfacet
  facet normal 1 -0 0
    outer loop
      vertex 83 -8.53283 29.6973
      vertex 83 -5.10008 29.0145
      vertex 83 -8.40355 30.2517
    endloop
  endfacet
  facet normal 1 0 0
    outer loop
      vertex 83 -5.10008 29.0145
      vertex 83 -8.53283 29.6973
      vertex 83 -5.15551 28.6787
    endloop
  endfacet
  facet normal 1 -0 0
    outer loop
      vertex 83 -8.62557 29.1356
      vertex 83 -5.15551 28.6787
      vertex 83 -8.53283 29.6973
    endloop
  endfacet
  facet normal 1 0 0
    outer loop
      vertex 83 -5.15551 28.6787
      vertex 83 -8.62557 29.1356
      vertex 83 -5.18887 28.3401
    endloop
  endfacet
  facet normal 1 -0 0
    outer loop
      vertex 83 -8.68137 28.569
      vertex 83 -5.18887 28.3401
      vertex 83 -8.62557 29.1356
    endloop
  endfacet
  facet normal 1 0 0
    outer loop
      vertex 83 -5.18887 28.3401
      vertex 83 -8.68137 28.569
      vertex 83 -5.2 28
    endloop
  endfacet
  facet normal 1 0 0
    outer loop
      vertex 83 -5.2 28
      vertex 83 -8.68137 28.569
      vertex 83 -5.18887 27.6599
    endloop
  endfacet
  facet normal 1 0 0
    outer loop
      vertex 83 -5.18887 27.6599
      vertex 83 -8.68137 28.569
      vertex 83 -5.15551 27.3213
    endloop
  endfacet
  facet normal 1 0 0
    outer loop
      vertex 83 -5.15551 27.3213
      vertex 83 -8.68137 28.569
      vertex 83 -5.10008 26.9855
    endloop
  endfacet
  facet normal 1 0 0
    outer loop
      vertex 83 -5.10008 26.9855
      vertex 83 -8.68137 28.569
      vertex 83 -5.02281 26.6541
    endloop
  endfacet
  facet normal 1 0 0
    outer loop
      vertex 83 -5.02281 26.6541
      vertex 83 -8.68137 28.569
      vertex 83 -4.92404 26.3285
    endloop
  endfacet
  facet normal 1 0 0
    outer loop
      vertex 83 -4.92404 26.3285
      vertex 83 -8.68137 28.569
      vertex 83 -4.80417 26.01
    endloop
  endfacet
  facet normal 1 0 0
    outer loop
      vertex 83 -4.80417 26.01
      vertex 83 -8.68137 28.569
      vertex 83 -4.66374 25.7001
    endloop
  endfacet
  facet normal 1 0 0
    outer loop
      vertex 83 -4.66374 25.7001
      vertex 83 -8.68137 28.569
      vertex 83 -4.50333 25.4
    endloop
  endfacet
  facet normal 1 0 0
    outer loop
      vertex 83 -4.50333 25.4
      vertex 83 -8.68137 28.569
      vertex 83 -4.32364 25.111
    endloop
  endfacet
  facet normal 1 0 0
    outer loop
      vertex 83 -4.12544 24.8344
      vertex 83 -8.68137 28.569
      vertex 83 -10.7477 4
    endloop
  endfacet
  facet normal 1 0 0
    outer loop
      vertex 83 0 22.8
      vertex 83 -10.7477 4
      vertex 83 10.7477 4
    endloop
  endfacet
  facet normal 0 -0.16281 0.986657
    outer loop
      vertex 77 1.01447 22.8999
      vertex 83 0.678736 22.8445
      vertex 83 1.01447 22.8999
    endloop
  endfacet
  facet normal 0 -0.16281 0.986657
    outer loop
      vertex 83 0.678736 22.8445
      vertex 77 1.01447 22.8999
      vertex 77 0.678736 22.8445
    endloop
  endfacet
  facet normal 0 0.910846 0.412746
    outer loop
      vertex 83 -4.66374 25.7001
      vertex 77 -4.80417 26.01
      vertex 83 -4.80417 26.01
    endloop
  endfacet
  facet normal 0 0.910846 0.412746
    outer loop
      vertex 77 -4.80417 26.01
      vertex 83 -4.66374 25.7001
      vertex 77 -4.66374 25.7001
    endloop
  endfacet
  facet normal 0 0.935911 0.352237
    outer loop
      vertex 83 -4.80417 26.01
      vertex 77 -4.92404 26.3285
      vertex 83 -4.92404 26.3285
    endloop
  endfacet
  facet normal 0 0.935911 0.352237
    outer loop
      vertex 77 -4.92404 26.3285
      vertex 83 -4.80417 26.01
      vertex 77 -4.80417 26.01
    endloop
  endfacet
  facet normal 0 -0.973878 0.227072
    outer loop
      vertex 77 5.02281 26.6541
      vertex 83 5.10008 26.9855
      vertex 77 5.10008 26.9855
    endloop
  endfacet
  facet normal 0 -0.973878 0.227072
    outer loop
      vertex 83 5.10008 26.9855
      vertex 77 5.02281 26.6541
      vertex 83 5.02281 26.6541
    endloop
  endfacet
  facet normal 0 0.812859 0.582461
    outer loop
      vertex 83 -4.12544 24.8344
      vertex 77 -4.32364 25.111
      vertex 83 -4.32364 25.111
    endloop
  endfacet
  facet normal 0 0.812859 0.582461
    outer loop
      vertex 77 -4.32364 25.111
      vertex 83 -4.12544 24.8344
      vertex 77 -4.12544 24.8344
    endloop
  endfacet
  facet normal -0 0.0981536 0.995171
    outer loop
      vertex 77 -0.340096 22.8111
      vertex 83 -0.678736 22.8445
      vertex 83 -0.340096 22.8111
    endloop
  endfacet
  facet normal 0 0.0981536 0.995171
    outer loop
      vertex 83 -0.678736 22.8445
      vertex 77 -0.340096 22.8111
      vertex 77 -0.678736 22.8445
    endloop
  endfacet
  facet normal -0 0.634268 0.773113
    outer loop
      vertex 77 -3.16556 23.8746
      vertex 83 -3.4286 24.0904
      vertex 83 -3.16556 23.8746
    endloop
  endfacet
  facet normal 0 0.634268 0.773113
    outer loop
      vertex 83 -3.4286 24.0904
      vertex 77 -3.16556 23.8746
      vertex 77 -3.4286 24.0904
    endloop
  endfacet
  facet normal 0 -0.999465 0.0327082
    outer loop
      vertex 77 5.18887 27.6599
      vertex 83 5.2 28
      vertex 77 5.2 28
    endloop
  endfacet
  facet normal 0 -0.999465 0.0327082
    outer loop
      vertex 83 5.2 28
      vertex 77 5.18887 27.6599
      vertex 83 5.18887 27.6599
    endloop
  endfacet
  facet normal 0 0.986648 0.162865
    outer loop
      vertex 83 -5.10008 26.9855
      vertex 77 -5.15551 27.3213
      vertex 83 -5.15551 27.3213
    endloop
  endfacet
  facet normal 0 0.986648 0.162865
    outer loop
      vertex 77 -5.15551 27.3213
      vertex 83 -5.10008 26.9855
      vertex 77 -5.10008 26.9855
    endloop
  endfacet
  facet normal 0 0.999465 -0.0327082
    outer loop
      vertex 83 -5.2 28
      vertex 77 -5.18887 28.3401
      vertex 83 -5.18887 28.3401
    endloop
  endfacet
  facet normal 0 0.999465 -0.0327082
    outer loop
      vertex 77 -5.18887 28.3401
      vertex 83 -5.2 28
      vertex 77 -5.2 28
    endloop
  endfacet
  facet normal 0 -0.995182 0.0980486
    outer loop
      vertex 77 5.15551 27.3213
      vertex 83 5.18887 27.6599
      vertex 77 5.18887 27.6599
    endloop
  endfacet
  facet normal 0 -0.995182 0.0980486
    outer loop
      vertex 83 5.18887 27.6599
      vertex 77 5.15551 27.3213
      vertex 83 5.15551 27.3213
    endloop
  endfacet
  facet normal 0 -0.68357 0.729885
    outer loop
      vertex 77 3.67696 24.323
      vertex 83 3.4286 24.0904
      vertex 83 3.67696 24.323
    endloop
  endfacet
  facet normal 0 -0.68357 0.729885
    outer loop
      vertex 83 3.4286 24.0904
      vertex 77 3.67696 24.323
      vertex 77 3.4286 24.0904
    endloop
  endfacet
  facet normal 0 -0.0326205 0.999468
    outer loop
      vertex 77 0.340096 22.8111
      vertex 83 0 22.8
      vertex 83 0.340096 22.8111
    endloop
  endfacet
  facet normal 0 -0.0326205 0.999468
    outer loop
      vertex 83 0 22.8
      vertex 77 0.340096 22.8111
      vertex 77 0 22.8
    endloop
  endfacet
  facet normal -0 0.68357 0.729885
    outer loop
      vertex 77 -3.4286 24.0904
      vertex 83 -3.67696 24.323
      vertex 83 -3.4286 24.0904
    endloop
  endfacet
  facet normal 0 0.68357 0.729885
    outer loop
      vertex 83 -3.67696 24.323
      vertex 77 -3.4286 24.0904
      vertex 77 -3.67696 24.323
    endloop
  endfacet
  facet normal 0 -0.227162 0.973857
    outer loop
      vertex 77 1.34586 22.9772
      vertex 83 1.01447 22.8999
      vertex 83 1.34586 22.9772
    endloop
  endfacet
  facet normal 0 -0.227162 0.973857
    outer loop
      vertex 83 1.01447 22.8999
      vertex 77 1.34586 22.9772
      vertex 77 1.01447 22.8999
    endloop
  endfacet
  facet normal 0 0.973878 0.227072
    outer loop
      vertex 83 -5.02281 26.6541
      vertex 77 -5.10008 26.9855
      vertex 83 -5.10008 26.9855
    endloop
  endfacet
  facet normal 0 0.973878 0.227072
    outer loop
      vertex 77 -5.10008 26.9855
      vertex 83 -5.02281 26.6541
      vertex 77 -5.02281 26.6541
    endloop
  endfacet
  facet normal 0 0.95694 -0.290286
    outer loop
      vertex 83 -5.02281 29.3459
      vertex 77 -4.92404 29.6715
      vertex 83 -4.92404 29.6715
    endloop
  endfacet
  facet normal 0 0.95694 -0.290286
    outer loop
      vertex 77 -4.92404 29.6715
      vertex 83 -5.02281 29.3459
      vertex 77 -5.02281 29.3459
    endloop
  endfacet
  facet normal 0 0.772965 0.634449
    outer loop
      vertex 83 -3.90957 24.5714
      vertex 77 -4.12544 24.8344
      vertex 83 -4.12544 24.8344
    endloop
  endfacet
  facet normal 0 0.772965 0.634449
    outer loop
      vertex 77 -4.12544 24.8344
      vertex 83 -3.90957 24.5714
      vertex 77 -3.90957 24.5714
    endloop
  endfacet
  facet normal 0 0.995182 0.0980486
    outer loop
      vertex 83 -5.15551 27.3213
      vertex 77 -5.18887 27.6599
      vertex 83 -5.18887 27.6599
    endloop
  endfacet
  facet normal 0 0.995182 0.0980486
    outer loop
      vertex 77 -5.18887 27.6599
      vertex 83 -5.15551 27.3213
      vertex 77 -5.15551 27.3213
    endloop
  endfacet
  facet normal 0 -0.729872 -0.683584
    outer loop
      vertex 77 3.90957 31.4286
      vertex 83 3.79999 31.5456
      vertex 77 3.79999 31.5456
    endloop
  endfacet
  facet normal 0 -0.729872 -0.683584
    outer loop
      vertex 83 3.79999 31.5456
      vertex 77 3.90957 31.4286
      vertex 83 3.90957 31.4286
    endloop
  endfacet
  facet normal -0 0.0326205 0.999468
    outer loop
      vertex 77 0 22.8
      vertex 83 -0.340096 22.8111
      vertex 83 0 22.8
    endloop
  endfacet
  facet normal 0 0.0326205 0.999468
    outer loop
      vertex 83 -0.340096 22.8111
      vertex 77 0 22.8
      vertex 77 -0.340096 22.8111
    endloop
  endfacet
  facet normal 0 -0.528096 0.849185
    outer loop
      vertex 77 2.88896 23.6764
      vertex 83 2.6 23.4967
      vertex 83 2.88896 23.6764
    endloop
  endfacet
  facet normal 0 -0.528096 0.849185
    outer loop
      vertex 83 2.6 23.4967
      vertex 77 2.88896 23.6764
      vertex 77 2.6 23.4967
    endloop
  endfacet
  facet normal 0 0.999465 0.0327082
    outer loop
      vertex 83 -5.18887 27.6599
      vertex 77 -5.2 28
      vertex 83 -5.2 28
    endloop
  endfacet
  facet normal 0 0.999465 0.0327082
    outer loop
      vertex 77 -5.2 28
      vertex 83 -5.18887 27.6599
      vertex 77 -5.18887 27.6599
    endloop
  endfacet
  facet normal 0 0.881917 0.471404
    outer loop
      vertex 83 -4.50333 25.4
      vertex 77 -4.66374 25.7001
      vertex 83 -4.66374 25.7001
    endloop
  endfacet
  facet normal 0 0.881917 0.471404
    outer loop
      vertex 77 -4.66374 25.7001
      vertex 83 -4.50333 25.4
      vertex 77 -4.50333 25.4
    endloop
  endfacet
  facet normal 0 -0.729926 0.683527
    outer loop
      vertex 77 3.67696 24.323
      vertex 83 3.90957 24.5714
      vertex 77 3.90957 24.5714
    endloop
  endfacet
  facet normal 0 -0.729926 0.683527
    outer loop
      vertex 83 3.90957 24.5714
      vertex 77 3.67696 24.323
      vertex 83 3.67696 24.323
    endloop
  endfacet
  facet normal 0 -0.995182 -0.0980486
    outer loop
      vertex 77 5.18887 28.3401
      vertex 83 5.15551 28.6787
      vertex 77 5.15551 28.6787
    endloop
  endfacet
  facet normal 0 -0.995182 -0.0980486
    outer loop
      vertex 83 5.15551 28.6787
      vertex 77 5.18887 28.3401
      vertex 83 5.18887 28.3401
    endloop
  endfacet
  facet normal 0 -0.973878 -0.227072
    outer loop
      vertex 77 5.10008 29.0145
      vertex 83 5.02281 29.3459
      vertex 77 5.02281 29.3459
    endloop
  endfacet
  facet normal 0 -0.973878 -0.227072
    outer loop
      vertex 83 5.02281 29.3459
      vertex 77 5.10008 29.0145
      vertex 83 5.10008 29.0145
    endloop
  endfacet
  facet normal 0 -0.849231 -0.528022
    outer loop
      vertex 77 4.50333 30.6
      vertex 83 4.32364 30.889
      vertex 77 4.32364 30.889
    endloop
  endfacet
  facet normal 0 -0.849231 -0.528022
    outer loop
      vertex 83 4.32364 30.889
      vertex 77 4.50333 30.6
      vertex 83 4.50333 30.6
    endloop
  endfacet
  facet normal 0 0.729872 -0.683584
    outer loop
      vertex 83 -3.90957 31.4286
      vertex 77 -3.79999 31.5456
      vertex 83 -3.79999 31.5456
    endloop
  endfacet
  facet normal 0 0.729872 -0.683584
    outer loop
      vertex 77 -3.79999 31.5456
      vertex 83 -3.90957 31.4286
      vertex 77 -3.90957 31.4286
    endloop
  endfacet
  facet normal 0 -0.812859 -0.582461
    outer loop
      vertex 77 4.32364 30.889
      vertex 83 4.12544 31.1656
      vertex 77 4.12544 31.1656
    endloop
  endfacet
  facet normal 0 -0.812859 -0.582461
    outer loop
      vertex 83 4.12544 31.1656
      vertex 77 4.32364 30.889
      vertex 83 4.32364 30.889
    endloop
  endfacet
  facet normal 0 -0.29035 0.956921
    outer loop
      vertex 77 1.67148 23.076
      vertex 83 1.34586 22.9772
      vertex 83 1.67148 23.076
    endloop
  endfacet
  facet normal 0 -0.29035 0.956921
    outer loop
      vertex 83 1.34586 22.9772
      vertex 77 1.67148 23.076
      vertex 77 1.34586 22.9772
    endloop
  endfacet
  facet normal 0 -0.935911 -0.352237
    outer loop
      vertex 77 4.92404 29.6715
      vertex 83 4.80417 29.99
      vertex 77 4.80417 29.99
    endloop
  endfacet
  facet normal 0 -0.935911 -0.352237
    outer loop
      vertex 83 4.80417 29.99
      vertex 77 4.92404 29.6715
      vertex 83 4.92404 29.6715
    endloop
  endfacet
  facet normal 0 0.849231 0.528022
    outer loop
      vertex 83 -4.32364 25.111
      vertex 77 -4.50333 25.4
      vertex 83 -4.50333 25.4
    endloop
  endfacet
  facet normal 0 0.849231 0.528022
    outer loop
      vertex 77 -4.50333 25.4
      vertex 83 -4.32364 25.111
      vertex 77 -4.32364 25.111
    endloop
  endfacet
  facet normal -0 0.227162 0.973857
    outer loop
      vertex 77 -1.01447 22.8999
      vertex 83 -1.34586 22.9772
      vertex 83 -1.01447 22.8999
    endloop
  endfacet
  facet normal 0 0.227162 0.973857
    outer loop
      vertex 83 -1.34586 22.9772
      vertex 77 -1.01447 22.8999
      vertex 77 -1.34586 22.9772
    endloop
  endfacet
  facet normal -0 0.16281 0.986657
    outer loop
      vertex 77 -0.678736 22.8445
      vertex 83 -1.01447 22.8999
      vertex 83 -0.678736 22.8445
    endloop
  endfacet
  facet normal 0 0.16281 0.986657
    outer loop
      vertex 83 -1.01447 22.8999
      vertex 77 -0.678736 22.8445
      vertex 77 -1.01447 22.8999
    endloop
  endfacet
  facet normal 0 0.986648 -0.162865
    outer loop
      vertex 83 -5.15551 28.6787
      vertex 77 -5.10008 29.0145
      vertex 83 -5.10008 29.0145
    endloop
  endfacet
  facet normal 0 0.986648 -0.162865
    outer loop
      vertex 77 -5.10008 29.0145
      vertex 83 -5.15551 28.6787
      vertex 77 -5.15551 28.6787
    endloop
  endfacet
  facet normal 0 -0.881917 -0.471404
    outer loop
      vertex 77 4.66374 30.2999
      vertex 83 4.50333 30.6
      vertex 77 4.50333 30.6
    endloop
  endfacet
  facet normal 0 -0.881917 -0.471404
    outer loop
      vertex 83 4.50333 30.6
      vertex 77 4.66374 30.2999
      vertex 83 4.66374 30.2999
    endloop
  endfacet
  facet normal 0 -0.910846 0.412746
    outer loop
      vertex 77 4.66374 25.7001
      vertex 83 4.80417 26.01
      vertex 77 4.80417 26.01
    endloop
  endfacet
  facet normal 0 -0.910846 0.412746
    outer loop
      vertex 83 4.80417 26.01
      vertex 77 4.66374 25.7001
      vertex 83 4.66374 25.7001
    endloop
  endfacet
  facet normal 0 -0.95694 -0.290286
    outer loop
      vertex 77 5.02281 29.3459
      vertex 83 4.92404 29.6715
      vertex 77 4.92404 29.6715
    endloop
  endfacet
  facet normal 0 -0.95694 -0.290286
    outer loop
      vertex 83 4.92404 29.6715
      vertex 77 5.02281 29.3459
      vertex 83 5.02281 29.3459
    endloop
  endfacet
  facet normal 0 -0.471381 0.88193
    outer loop
      vertex 77 2.6 23.4967
      vertex 83 2.2999 23.3363
      vertex 83 2.6 23.4967
    endloop
  endfacet
  facet normal 0 -0.471381 0.88193
    outer loop
      vertex 83 2.2999 23.3363
      vertex 77 2.6 23.4967
      vertex 77 2.2999 23.3363
    endloop
  endfacet
  facet normal 0 -0.986648 0.162865
    outer loop
      vertex 77 5.10008 26.9855
      vertex 83 5.15551 27.3213
      vertex 77 5.15551 27.3213
    endloop
  endfacet
  facet normal 0 -0.986648 0.162865
    outer loop
      vertex 83 5.15551 27.3213
      vertex 77 5.10008 26.9855
      vertex 83 5.10008 26.9855
    endloop
  endfacet
  facet normal 0 0.995182 -0.0980486
    outer loop
      vertex 83 -5.18887 28.3401
      vertex 77 -5.15551 28.6787
      vertex 83 -5.15551 28.6787
    endloop
  endfacet
  facet normal 0 0.995182 -0.0980486
    outer loop
      vertex 77 -5.15551 28.6787
      vertex 83 -5.18887 28.3401
      vertex 77 -5.18887 28.3401
    endloop
  endfacet
  facet normal 0 -0.412862 0.910794
    outer loop
      vertex 77 2.2999 23.3363
      vertex 83 1.98995 23.1958
      vertex 83 2.2999 23.3363
    endloop
  endfacet
  facet normal 0 -0.412862 0.910794
    outer loop
      vertex 83 1.98995 23.1958
      vertex 77 2.2999 23.3363
      vertex 77 1.98995 23.1958
    endloop
  endfacet
  facet normal 0 -0.910846 -0.412746
    outer loop
      vertex 77 4.80417 29.99
      vertex 83 4.66374 30.2999
      vertex 77 4.66374 30.2999
    endloop
  endfacet
  facet normal 0 -0.910846 -0.412746
    outer loop
      vertex 83 4.66374 30.2999
      vertex 77 4.80417 29.99
      vertex 83 4.80417 29.99
    endloop
  endfacet
  facet normal 0 -0.881917 0.471404
    outer loop
      vertex 77 4.50333 25.4
      vertex 83 4.66374 25.7001
      vertex 77 4.66374 25.7001
    endloop
  endfacet
  facet normal 0 -0.881917 0.471404
    outer loop
      vertex 83 4.66374 25.7001
      vertex 77 4.50333 25.4
      vertex 83 4.50333 25.4
    endloop
  endfacet
  facet normal 0 -0.0981536 0.995171
    outer loop
      vertex 77 0.678736 22.8445
      vertex 83 0.340096 22.8111
      vertex 83 0.678736 22.8445
    endloop
  endfacet
  facet normal 0 -0.0981536 0.995171
    outer loop
      vertex 83 0.340096 22.8111
      vertex 77 0.678736 22.8445
      vertex 77 0.340096 22.8111
    endloop
  endfacet
  facet normal 0 -0.849231 0.528022
    outer loop
      vertex 77 4.32364 25.111
      vertex 83 4.50333 25.4
      vertex 77 4.50333 25.4
    endloop
  endfacet
  facet normal 0 -0.849231 0.528022
    outer loop
      vertex 83 4.50333 25.4
      vertex 77 4.32364 25.111
      vertex 83 4.32364 25.111
    endloop
  endfacet
  facet normal 0 -0.999465 -0.0327082
    outer loop
      vertex 77 5.2 28
      vertex 83 5.18887 28.3401
      vertex 77 5.18887 28.3401
    endloop
  endfacet
  facet normal 0 -0.999465 -0.0327082
    outer loop
      vertex 83 5.18887 28.3401
      vertex 77 5.2 28
      vertex 83 5.2 28
    endloop
  endfacet
  facet normal 0 -0.986648 -0.162865
    outer loop
      vertex 77 5.15551 28.6787
      vertex 83 5.10008 29.0145
      vertex 77 5.10008 29.0145
    endloop
  endfacet
  facet normal 0 -0.986648 -0.162865
    outer loop
      vertex 83 5.10008 29.0145
      vertex 77 5.15551 28.6787
      vertex 83 5.15551 28.6787
    endloop
  endfacet
  facet normal -0 0.29035 0.956921
    outer loop
      vertex 77 -1.34586 22.9772
      vertex 83 -1.67148 23.076
      vertex 83 -1.34586 22.9772
    endloop
  endfacet
  facet normal 0 0.29035 0.956921
    outer loop
      vertex 83 -1.67148 23.076
      vertex 77 -1.34586 22.9772
      vertex 77 -1.67148 23.076
    endloop
  endfacet
  facet normal -0 0.352086 0.935968
    outer loop
      vertex 77 -1.67148 23.076
      vertex 83 -1.98995 23.1958
      vertex 83 -1.67148 23.076
    endloop
  endfacet
  facet normal 0 0.352086 0.935968
    outer loop
      vertex 83 -1.98995 23.1958
      vertex 77 -1.67148 23.076
      vertex 77 -1.98995 23.1958
    endloop
  endfacet
  facet normal 0 0.849231 -0.528022
    outer loop
      vertex 83 -4.50333 30.6
      vertex 77 -4.32364 30.889
      vertex 83 -4.32364 30.889
    endloop
  endfacet
  facet normal 0 0.849231 -0.528022
    outer loop
      vertex 77 -4.32364 30.889
      vertex 83 -4.50333 30.6
      vertex 77 -4.50333 30.6
    endloop
  endfacet
  facet normal 0 0.935911 -0.352237
    outer loop
      vertex 83 -4.92404 29.6715
      vertex 77 -4.80417 29.99
      vertex 83 -4.80417 29.99
    endloop
  endfacet
  facet normal 0 0.935911 -0.352237
    outer loop
      vertex 77 -4.80417 29.99
      vertex 83 -4.92404 29.6715
      vertex 77 -4.92404 29.6715
    endloop
  endfacet
  facet normal 0 -0.772965 0.634449
    outer loop
      vertex 77 3.90957 24.5714
      vertex 83 4.12544 24.8344
      vertex 77 4.12544 24.8344
    endloop
  endfacet
  facet normal 0 -0.772965 0.634449
    outer loop
      vertex 83 4.12544 24.8344
      vertex 77 3.90957 24.5714
      vertex 83 3.90957 24.5714
    endloop
  endfacet
  facet normal -0 0.471381 0.88193
    outer loop
      vertex 77 -2.2999 23.3363
      vertex 83 -2.6 23.4967
      vertex 83 -2.2999 23.3363
    endloop
  endfacet
  facet normal 0 0.471381 0.88193
    outer loop
      vertex 83 -2.6 23.4967
      vertex 77 -2.2999 23.3363
      vertex 77 -2.6 23.4967
    endloop
  endfacet
  facet normal -0 0.528096 0.849185
    outer loop
      vertex 77 -2.6 23.4967
      vertex 83 -2.88896 23.6764
      vertex 83 -2.6 23.4967
    endloop
  endfacet
  facet normal 0 0.528096 0.849185
    outer loop
      vertex 83 -2.88896 23.6764
      vertex 77 -2.6 23.4967
      vertex 77 -2.88896 23.6764
    endloop
  endfacet
  facet normal 0 -0.812859 0.582461
    outer loop
      vertex 77 4.12544 24.8344
      vertex 83 4.32364 25.111
      vertex 77 4.32364 25.111
    endloop
  endfacet
  facet normal 0 -0.812859 0.582461
    outer loop
      vertex 83 4.32364 25.111
      vertex 77 4.12544 24.8344
      vertex 83 4.12544 24.8344
    endloop
  endfacet
  facet normal -0 0.412862 0.910794
    outer loop
      vertex 77 -1.98995 23.1958
      vertex 83 -2.2999 23.3363
      vertex 83 -1.98995 23.1958
    endloop
  endfacet
  facet normal 0 0.412862 0.910794
    outer loop
      vertex 83 -2.2999 23.3363
      vertex 77 -1.98995 23.1958
      vertex 77 -2.2999 23.3363
    endloop
  endfacet
  facet normal 0 -0.352086 0.935968
    outer loop
      vertex 77 1.98995 23.1958
      vertex 83 1.67148 23.076
      vertex 83 1.98995 23.1958
    endloop
  endfacet
  facet normal 0 -0.352086 0.935968
    outer loop
      vertex 83 1.67148 23.076
      vertex 77 1.98995 23.1958
      vertex 77 1.67148 23.076
    endloop
  endfacet
  facet normal 0 -0.582461 0.812859
    outer loop
      vertex 77 3.16556 23.8746
      vertex 83 2.88896 23.6764
      vertex 83 3.16556 23.8746
    endloop
  endfacet
  facet normal 0 -0.582461 0.812859
    outer loop
      vertex 83 2.88896 23.6764
      vertex 77 3.16556 23.8746
      vertex 77 2.88896 23.6764
    endloop
  endfacet
  facet normal -0 0.582461 0.812859
    outer loop
      vertex 77 -2.88896 23.6764
      vertex 83 -3.16556 23.8746
      vertex 83 -2.88896 23.6764
    endloop
  endfacet
  facet normal 0 0.582461 0.812859
    outer loop
      vertex 83 -3.16556 23.8746
      vertex 77 -2.88896 23.6764
      vertex 77 -3.16556 23.8746
    endloop
  endfacet
  facet normal 0 -0.935911 0.352237
    outer loop
      vertex 77 4.80417 26.01
      vertex 83 4.92404 26.3285
      vertex 77 4.92404 26.3285
    endloop
  endfacet
  facet normal 0 -0.935911 0.352237
    outer loop
      vertex 83 4.92404 26.3285
      vertex 77 4.80417 26.01
      vertex 83 4.80417 26.01
    endloop
  endfacet
  facet normal 0 -0.634268 0.773113
    outer loop
      vertex 77 3.4286 24.0904
      vertex 83 3.16556 23.8746
      vertex 83 3.4286 24.0904
    endloop
  endfacet
  facet normal 0 -0.634268 0.773113
    outer loop
      vertex 83 3.16556 23.8746
      vertex 77 3.4286 24.0904
      vertex 77 3.16556 23.8746
    endloop
  endfacet
  facet normal 0 0.973878 -0.227072
    outer loop
      vertex 83 -5.10008 29.0145
      vertex 77 -5.02281 29.3459
      vertex 83 -5.02281 29.3459
    endloop
  endfacet
  facet normal 0 0.973878 -0.227072
    outer loop
      vertex 77 -5.02281 29.3459
      vertex 83 -5.10008 29.0145
      vertex 77 -5.10008 29.0145
    endloop
  endfacet
  facet normal 0 0.729926 0.683527
    outer loop
      vertex 83 -3.67696 24.323
      vertex 77 -3.90957 24.5714
      vertex 83 -3.90957 24.5714
    endloop
  endfacet
  facet normal 0 0.729926 0.683527
    outer loop
      vertex 77 -3.90957 24.5714
      vertex 83 -3.67696 24.323
      vertex 77 -3.67696 24.323
    endloop
  endfacet
  facet normal 0 0.812859 -0.582461
    outer loop
      vertex 83 -4.32364 30.889
      vertex 77 -4.12544 31.1656
      vertex 83 -4.12544 31.1656
    endloop
  endfacet
  facet normal 0 0.812859 -0.582461
    outer loop
      vertex 77 -4.12544 31.1656
      vertex 83 -4.32364 30.889
      vertex 77 -4.32364 30.889
    endloop
  endfacet
  facet normal 0 0.772965 -0.634449
    outer loop
      vertex 83 -4.12544 31.1656
      vertex 77 -3.90957 31.4286
      vertex 83 -3.90957 31.4286
    endloop
  endfacet
  facet normal 0 0.772965 -0.634449
    outer loop
      vertex 77 -3.90957 31.4286
      vertex 83 -4.12544 31.1656
      vertex 77 -4.12544 31.1656
    endloop
  endfacet
  facet normal 0 0.95694 0.290286
    outer loop
      vertex 83 -4.92404 26.3285
      vertex 77 -5.02281 26.6541
      vertex 83 -5.02281 26.6541
    endloop
  endfacet
  facet normal 0 0.95694 0.290286
    outer loop
      vertex 77 -5.02281 26.6541
      vertex 83 -4.92404 26.3285
      vertex 77 -4.92404 26.3285
    endloop
  endfacet
  facet normal 0 -0.95694 0.290286
    outer loop
      vertex 77 4.92404 26.3285
      vertex 83 5.02281 26.6541
      vertex 77 5.02281 26.6541
    endloop
  endfacet
  facet normal 0 -0.95694 0.290286
    outer loop
      vertex 83 5.02281 26.6541
      vertex 77 4.92404 26.3285
      vertex 83 4.92404 26.3285
    endloop
  endfacet
  facet normal 0 -0.772965 -0.634449
    outer loop
      vertex 77 4.12544 31.1656
      vertex 83 3.90957 31.4286
      vertex 77 3.90957 31.4286
    endloop
  endfacet
  facet normal 0 -0.772965 -0.634449
    outer loop
      vertex 83 3.90957 31.4286
      vertex 77 4.12544 31.1656
      vertex 83 4.12544 31.1656
    endloop
  endfacet
  facet normal 0 0.910846 -0.412746
    outer loop
      vertex 83 -4.80417 29.99
      vertex 77 -4.66374 30.2999
      vertex 83 -4.66374 30.2999
    endloop
  endfacet
  facet normal 0 0.910846 -0.412746
    outer loop
      vertex 77 -4.66374 30.2999
      vertex 83 -4.80417 29.99
      vertex 77 -4.80417 29.99
    endloop
  endfacet
  facet normal 0 0.881917 -0.471404
    outer loop
      vertex 83 -4.66374 30.2999
      vertex 77 -4.50333 30.6
      vertex 83 -4.50333 30.6
    endloop
  endfacet
  facet normal 0 0.881917 -0.471404
    outer loop
      vertex 77 -4.50333 30.6
      vertex 83 -4.66374 30.2999
      vertex 77 -4.66374 30.2999
    endloop
  endfacet
  facet normal 0 -0.860288 0.509809
    outer loop
      vertex 77 3.79999 34.5
      vertex 83 4.39603 35.5058
      vertex 77 4.39603 35.5058
    endloop
  endfacet
  facet normal 0 -0.860288 0.509809
    outer loop
      vertex 83 4.39603 35.5058
      vertex 77 3.79999 34.5
      vertex 83 3.79999 34.5
    endloop
  endfacet
  facet normal 0 0.860288 0.509809
    outer loop
      vertex 83 -3.79999 34.5
      vertex 77 -4.39603 35.5058
      vertex 83 -4.39603 35.5058
    endloop
  endfacet
  facet normal 0 0.860288 0.509809
    outer loop
      vertex 77 -4.39603 35.5058
      vertex 83 -3.79999 34.5
      vertex 77 -3.79999 34.5
    endloop
  endfacet
  facet normal 0 1 -0
    outer loop
      vertex 83 -3.79999 31.5456
      vertex 77 -3.79999 34.5
      vertex 83 -3.79999 34.5
    endloop
  endfacet
  facet normal 0 1 0
    outer loop
      vertex 77 -3.79999 34.5
      vertex 83 -3.79999 31.5456
      vertex 77 -3.79999 31.5456
    endloop
  endfacet
  facet normal 0 -1 0
    outer loop
      vertex 77 3.79999 31.5456
      vertex 83 3.79999 34.5
      vertex 77 3.79999 34.5
    endloop
  endfacet
  facet normal 0 -1 -0
    outer loop
      vertex 83 3.79999 34.5
      vertex 77 3.79999 31.5456
      vertex 83 3.79999 31.5456
    endloop
  endfacet
  facet normal 0 -0.956942 0.290279
    outer loop
      vertex 109 -8.40355 30.2517
      vertex 115 -8.23829 30.7965
      vertex 109 -8.23829 30.7965
    endloop
  endfacet
  facet normal 0 -0.956942 0.290279
    outer loop
      vertex 115 -8.23829 30.7965
      vertex 109 -8.40355 30.2517
      vertex 115 -8.40355 30.2517
    endloop
  endfacet
  facet normal 0 0.956942 0.290279
    outer loop
      vertex 115 8.40355 30.2517
      vertex 109 8.23829 30.7965
      vertex 115 8.23829 30.7965
    endloop
  endfacet
  facet normal 0 0.956942 0.290279
    outer loop
      vertex 109 8.23829 30.7965
      vertex 115 8.40355 30.2517
      vertex 109 8.40355 30.2517
    endloop
  endfacet
  facet normal 0 -0.996482 0.0838073
    outer loop
      vertex 109 -10.7477 4
      vertex 115 -8.68137 28.569
      vertex 109 -8.68137 28.569
    endloop
  endfacet
  facet normal 0 -0.996482 0.0838073
    outer loop
      vertex 115 -8.68137 28.569
      vertex 109 -10.7477 4
      vertex 115 -10.7477 4
    endloop
  endfacet
  facet normal 0 0.973872 0.227096
    outer loop
      vertex 115 8.53283 29.6973
      vertex 109 8.40355 30.2517
      vertex 115 8.40355 30.2517
    endloop
  endfacet
  facet normal 0 0.973872 0.227096
    outer loop
      vertex 109 8.40355 30.2517
      vertex 115 8.53283 29.6973
      vertex 109 8.53283 29.6973
    endloop
  endfacet
  facet normal -0 0.582467 0.812854
    outer loop
      vertex 109 5.29622 34.9022
      vertex 115 4.83346 35.2338
      vertex 115 5.29622 34.9022
    endloop
  endfacet
  facet normal 0 0.582467 0.812854
    outer loop
      vertex 115 4.83346 35.2338
      vertex 109 5.29622 34.9022
      vertex 109 4.83346 35.2338
    endloop
  endfacet
  facet normal 0 -0.881927 0.471386
    outer loop
      vertex 109 -7.80279 31.8479
      vertex 115 -7.53442 32.35
      vertex 109 -7.53442 32.35
    endloop
  endfacet
  facet normal 0 -0.881927 0.471386
    outer loop
      vertex 115 -7.53442 32.35
      vertex 109 -7.80279 31.8479
      vertex 115 -7.80279 31.8479
    endloop
  endfacet
  facet normal -0 0.683614 0.729844
    outer loop
      vertex 109 6.15183 34.1518
      vertex 115 5.73631 34.541
      vertex 115 6.15183 34.1518
    endloop
  endfacet
  facet normal 0 0.683614 0.729844
    outer loop
      vertex 115 5.73631 34.541
      vertex 109 6.15183 34.1518
      vertex 109 5.73631 34.541
    endloop
  endfacet
  facet normal 0 -0.973872 0.227096
    outer loop
      vertex 109 -8.53283 29.6973
      vertex 115 -8.40355 30.2517
      vertex 109 -8.40355 30.2517
    endloop
  endfacet
  facet normal 0 -0.973872 0.227096
    outer loop
      vertex 115 -8.40355 30.2517
      vertex 109 -8.53283 29.6973
      vertex 115 -8.53283 29.6973
    endloop
  endfacet
  facet normal 0 0.849218 0.528043
    outer loop
      vertex 115 7.53442 32.35
      vertex 109 7.23378 32.8335
      vertex 115 7.23378 32.8335
    endloop
  endfacet
  facet normal 0 0.849218 0.528043
    outer loop
      vertex 109 7.23378 32.8335
      vertex 115 7.53442 32.35
      vertex 109 7.53442 32.35
    endloop
  endfacet
  facet normal 0 -0.528052 0.849212
    outer loop
      vertex 109 -4.39603 35.5058
      vertex 115 -4.83346 35.2338
      vertex 115 -4.39603 35.5058
    endloop
  endfacet
  facet normal 0 -0.528052 0.849212
    outer loop
      vertex 115 -4.83346 35.2338
      vertex 109 -4.39603 35.5058
      vertex 109 -4.83346 35.2338
    endloop
  endfacet
  facet normal -0 0.634422 0.772987
    outer loop
      vertex 109 5.73631 34.541
      vertex 115 5.29622 34.9022
      vertex 115 5.73631 34.541
    endloop
  endfacet
  facet normal 0 0.634422 0.772987
    outer loop
      vertex 115 5.29622 34.9022
      vertex 109 5.73631 34.541
      vertex 109 5.29622 34.9022
    endloop
  endfacet
  facet normal 0 -0.582467 0.812854
    outer loop
      vertex 109 -4.83346 35.2338
      vertex 115 -5.29622 34.9022
      vertex 115 -4.83346 35.2338
    endloop
  endfacet
  facet normal 0 -0.582467 0.812854
    outer loop
      vertex 115 -5.29622 34.9022
      vertex 109 -4.83346 35.2338
      vertex 109 -5.29622 34.9022
    endloop
  endfacet
  facet normal 0 -0.773028 0.634372
    outer loop
      vertex 109 -6.90217 33.2962
      vertex 115 -6.54101 33.7363
      vertex 109 -6.54101 33.7363
    endloop
  endfacet
  facet normal 0 -0.773028 0.634372
    outer loop
      vertex 115 -6.54101 33.7363
      vertex 109 -6.90217 33.2962
      vertex 115 -6.90217 33.2962
    endloop
  endfacet
  facet normal 0 0.995186 0.098008
    outer loop
      vertex 115 8.68137 28.569
      vertex 109 8.62557 29.1356
      vertex 115 8.62557 29.1356
    endloop
  endfacet
  facet normal 0 0.995186 0.098008
    outer loop
      vertex 109 8.62557 29.1356
      vertex 115 8.68137 28.569
      vertex 109 8.68137 28.569
    endloop
  endfacet
  facet normal 0 0.935901 0.352263
    outer loop
      vertex 115 8.23829 30.7965
      vertex 109 8.03775 31.3293
      vertex 115 8.03775 31.3293
    endloop
  endfacet
  facet normal 0 0.935901 0.352263
    outer loop
      vertex 109 8.03775 31.3293
      vertex 115 8.23829 30.7965
      vertex 109 8.23829 30.7965
    endloop
  endfacet
  facet normal 0 -0.910873 0.412686
    outer loop
      vertex 109 -8.03775 31.3293
      vertex 115 -7.80279 31.8479
      vertex 109 -7.80279 31.8479
    endloop
  endfacet
  facet normal 0 -0.910873 0.412686
    outer loop
      vertex 115 -7.80279 31.8479
      vertex 109 -8.03775 31.3293
      vertex 115 -8.03775 31.3293
    endloop
  endfacet
  facet normal 0 0.773028 0.634372
    outer loop
      vertex 115 6.90217 33.2962
      vertex 109 6.54101 33.7363
      vertex 115 6.54101 33.7363
    endloop
  endfacet
  facet normal 0 0.773028 0.634372
    outer loop
      vertex 109 6.54101 33.7363
      vertex 115 6.90217 33.2962
      vertex 109 6.90217 33.2962
    endloop
  endfacet
  facet normal 0 -0.634422 0.772987
    outer loop
      vertex 109 -5.29622 34.9022
      vertex 115 -5.73631 34.541
      vertex 115 -5.29622 34.9022
    endloop
  endfacet
  facet normal 0 -0.634422 0.772987
    outer loop
      vertex 115 -5.73631 34.541
      vertex 109 -5.29622 34.9022
      vertex 109 -5.73631 34.541
    endloop
  endfacet
  facet normal 0 0.81281 0.582529
    outer loop
      vertex 115 7.23378 32.8335
      vertex 109 6.90217 33.2962
      vertex 115 6.90217 33.2962
    endloop
  endfacet
  facet normal 0 0.81281 0.582529
    outer loop
      vertex 109 6.90217 33.2962
      vertex 115 7.23378 32.8335
      vertex 109 7.23378 32.8335
    endloop
  endfacet
  facet normal 0 -0.729845 0.683613
    outer loop
      vertex 109 -6.54101 33.7363
      vertex 115 -6.15183 34.1518
      vertex 109 -6.15183 34.1518
    endloop
  endfacet
  facet normal 0 -0.729845 0.683613
    outer loop
      vertex 115 -6.15183 34.1518
      vertex 109 -6.54101 33.7363
      vertex 115 -6.54101 33.7363
    endloop
  endfacet
  facet normal 0 0.986642 0.162901
    outer loop
      vertex 115 8.62557 29.1356
      vertex 109 8.53283 29.6973
      vertex 115 8.53283 29.6973
    endloop
  endfacet
  facet normal 0 0.986642 0.162901
    outer loop
      vertex 109 8.53283 29.6973
      vertex 115 8.62557 29.1356
      vertex 109 8.62557 29.1356
    endloop
  endfacet
  facet normal 0 -0.935901 0.352263
    outer loop
      vertex 109 -8.23829 30.7965
      vertex 115 -8.03775 31.3293
      vertex 109 -8.03775 31.3293
    endloop
  endfacet
  facet normal 0 -0.935901 0.352263
    outer loop
      vertex 115 -8.03775 31.3293
      vertex 109 -8.23829 30.7965
      vertex 115 -8.23829 30.7965
    endloop
  endfacet
  facet normal 0 0.996482 0.0838073
    outer loop
      vertex 115 10.7477 4
      vertex 109 8.68137 28.569
      vertex 115 8.68137 28.569
    endloop
  endfacet
  facet normal 0 0.996482 0.0838073
    outer loop
      vertex 109 8.68137 28.569
      vertex 115 10.7477 4
      vertex 109 10.7477 4
    endloop
  endfacet
  facet normal 0 0.910873 0.412686
    outer loop
      vertex 115 8.03775 31.3293
      vertex 109 7.80279 31.8479
      vertex 115 7.80279 31.8479
    endloop
  endfacet
  facet normal 0 0.910873 0.412686
    outer loop
      vertex 109 7.80279 31.8479
      vertex 115 8.03775 31.3293
      vertex 109 8.03775 31.3293
    endloop
  endfacet
  facet normal 0 -0.683614 0.729844
    outer loop
      vertex 109 -5.73631 34.541
      vertex 115 -6.15183 34.1518
      vertex 115 -5.73631 34.541
    endloop
  endfacet
  facet normal 0 -0.683614 0.729844
    outer loop
      vertex 115 -6.15183 34.1518
      vertex 109 -5.73631 34.541
      vertex 109 -6.15183 34.1518
    endloop
  endfacet
  facet normal 0 -0.81281 0.582529
    outer loop
      vertex 109 -7.23378 32.8335
      vertex 115 -6.90217 33.2962
      vertex 109 -6.90217 33.2962
    endloop
  endfacet
  facet normal 0 -0.81281 0.582529
    outer loop
      vertex 115 -6.90217 33.2962
      vertex 109 -7.23378 32.8335
      vertex 115 -7.23378 32.8335
    endloop
  endfacet
  facet normal 0 -0.849218 0.528043
    outer loop
      vertex 109 -7.53442 32.35
      vertex 115 -7.23378 32.8335
      vertex 109 -7.23378 32.8335
    endloop
  endfacet
  facet normal 0 -0.849218 0.528043
    outer loop
      vertex 115 -7.23378 32.8335
      vertex 109 -7.53442 32.35
      vertex 115 -7.53442 32.35
    endloop
  endfacet
  facet normal 0 0.729845 0.683613
    outer loop
      vertex 115 6.54101 33.7363
      vertex 109 6.15183 34.1518
      vertex 115 6.15183 34.1518
    endloop
  endfacet
  facet normal 0 0.729845 0.683613
    outer loop
      vertex 109 6.15183 34.1518
      vertex 115 6.54101 33.7363
      vertex 109 6.54101 33.7363
    endloop
  endfacet
  facet normal 0 -0.986642 0.162901
    outer loop
      vertex 109 -8.62557 29.1356
      vertex 115 -8.53283 29.6973
      vertex 109 -8.53283 29.6973
    endloop
  endfacet
  facet normal 0 -0.986642 0.162901
    outer loop
      vertex 115 -8.53283 29.6973
      vertex 109 -8.62557 29.1356
      vertex 115 -8.62557 29.1356
    endloop
  endfacet
  facet normal 0 -0.995186 0.098008
    outer loop
      vertex 109 -8.68137 28.569
      vertex 115 -8.62557 29.1356
      vertex 109 -8.62557 29.1356
    endloop
  endfacet
  facet normal 0 -0.995186 0.098008
    outer loop
      vertex 115 -8.62557 29.1356
      vertex 109 -8.68137 28.569
      vertex 115 -8.68137 28.569
    endloop
  endfacet
  facet normal 0 0.881927 0.471386
    outer loop
      vertex 115 7.80279 31.8479
      vertex 109 7.53442 32.35
      vertex 115 7.53442 32.35
    endloop
  endfacet
  facet normal 0 0.881927 0.471386
    outer loop
      vertex 109 7.53442 32.35
      vertex 115 7.80279 31.8479
      vertex 109 7.80279 31.8479
    endloop
  endfacet
  facet normal -1 0 0
    outer loop
      vertex 109 4.12544 24.8344
      vertex 109 8.68137 28.569
      vertex 109 10.7477 4
    endloop
  endfacet
  facet normal -1 0 -0
    outer loop
      vertex 109 4.50333 25.4
      vertex 109 8.68137 28.569
      vertex 109 4.32364 25.111
    endloop
  endfacet
  facet normal -1 0 -0
    outer loop
      vertex 109 4.80417 26.01
      vertex 109 8.68137 28.569
      vertex 109 4.66374 25.7001
    endloop
  endfacet
  facet normal -1 0 -0
    outer loop
      vertex 109 5.02281 26.6541
      vertex 109 8.68137 28.569
      vertex 109 4.92404 26.3285
    endloop
  endfacet
  facet normal -1 0 -0
    outer loop
      vertex 109 5.10008 26.9855
      vertex 109 8.68137 28.569
      vertex 109 5.02281 26.6541
    endloop
  endfacet
  facet normal -1 0 -0
    outer loop
      vertex 109 5.18887 27.6599
      vertex 109 8.68137 28.569
      vertex 109 5.15551 27.3213
    endloop
  endfacet
  facet normal -1 0 0
    outer loop
      vertex 109 5.18887 28.3401
      vertex 109 8.68137 28.569
      vertex 109 5.2 28
    endloop
  endfacet
  facet normal -1 0 0
    outer loop
      vertex 109 5.15551 28.6787
      vertex 109 8.62557 29.1356
      vertex 109 5.18887 28.3401
    endloop
  endfacet
  facet normal -1 0 0
    outer loop
      vertex 109 5.10008 29.0145
      vertex 109 8.53283 29.6973
      vertex 109 5.15551 28.6787
    endloop
  endfacet
  facet normal -1 -0 0
    outer loop
      vertex 109 8.53283 29.6973
      vertex 109 5.10008 29.0145
      vertex 109 8.40355 30.2517
    endloop
  endfacet
  facet normal -1 -0 0
    outer loop
      vertex 109 8.40355 30.2517
      vertex 109 5.02281 29.3459
      vertex 109 8.23829 30.7965
    endloop
  endfacet
  facet normal -1 -0 0
    outer loop
      vertex 109 8.23829 30.7965
      vertex 109 4.92404 29.6715
      vertex 109 8.03775 31.3293
    endloop
  endfacet
  facet normal -1 -0 0
    outer loop
      vertex 109 8.03775 31.3293
      vertex 109 4.80417 29.99
      vertex 109 7.80279 31.8479
    endloop
  endfacet
  facet normal -1 0 0
    outer loop
      vertex 109 4.66374 30.2999
      vertex 109 7.80279 31.8479
      vertex 109 4.80417 29.99
    endloop
  endfacet
  facet normal -1 0 0
    outer loop
      vertex 109 4.80417 29.99
      vertex 109 8.03775 31.3293
      vertex 109 4.92404 29.6715
    endloop
  endfacet
  facet normal -1 0 0
    outer loop
      vertex 109 4.92404 29.6715
      vertex 109 8.23829 30.7965
      vertex 109 5.02281 29.3459
    endloop
  endfacet
  facet normal -1 0 0
    outer loop
      vertex 109 5.02281 29.3459
      vertex 109 8.40355 30.2517
      vertex 109 5.10008 29.0145
    endloop
  endfacet
  facet normal -1 -0 0
    outer loop
      vertex 109 8.62557 29.1356
      vertex 109 5.15551 28.6787
      vertex 109 8.53283 29.6973
    endloop
  endfacet
  facet normal -1 -0 0
    outer loop
      vertex 109 8.68137 28.569
      vertex 109 5.18887 28.3401
      vertex 109 8.62557 29.1356
    endloop
  endfacet
  facet normal -1 0 -0
    outer loop
      vertex 109 5.2 28
      vertex 109 8.68137 28.569
      vertex 109 5.18887 27.6599
    endloop
  endfacet
  facet normal -1 0 -0
    outer loop
      vertex 109 5.15551 27.3213
      vertex 109 8.68137 28.569
      vertex 109 5.10008 26.9855
    endloop
  endfacet
  facet normal -1 0 -0
    outer loop
      vertex 109 4.92404 26.3285
      vertex 109 8.68137 28.569
      vertex 109 4.80417 26.01
    endloop
  endfacet
  facet normal -1 0 -0
    outer loop
      vertex 109 4.66374 25.7001
      vertex 109 8.68137 28.569
      vertex 109 4.50333 25.4
    endloop
  endfacet
  facet normal -1 0 0
    outer loop
      vertex 109 8.68137 28.569
      vertex 109 4.12544 24.8344
      vertex 109 4.32364 25.111
    endloop
  endfacet
  facet normal -1 0 0
    outer loop
      vertex 109 10.7477 4
      vertex 109 3.90957 24.5714
      vertex 109 4.12544 24.8344
    endloop
  endfacet
  facet normal -1 0 0
    outer loop
      vertex 109 10.7477 4
      vertex 109 3.67696 24.323
      vertex 109 3.90957 24.5714
    endloop
  endfacet
  facet normal -1 0 0
    outer loop
      vertex 109 10.7477 4
      vertex 109 3.4286 24.0904
      vertex 109 3.67696 24.323
    endloop
  endfacet
  facet normal -1 0 0
    outer loop
      vertex 109 10.7477 4
      vertex 109 3.16556 23.8746
      vertex 109 3.4286 24.0904
    endloop
  endfacet
  facet normal -1 0 0
    outer loop
      vertex 109 10.7477 4
      vertex 109 2.88896 23.6764
      vertex 109 3.16556 23.8746
    endloop
  endfacet
  facet normal -1 0 0
    outer loop
      vertex 109 10.7477 4
      vertex 109 2.6 23.4967
      vertex 109 2.88896 23.6764
    endloop
  endfacet
  facet normal -1 0 0
    outer loop
      vertex 109 10.7477 4
      vertex 109 2.2999 23.3363
      vertex 109 2.6 23.4967
    endloop
  endfacet
  facet normal -1 0 0
    outer loop
      vertex 109 10.7477 4
      vertex 109 1.98995 23.1958
      vertex 109 2.2999 23.3363
    endloop
  endfacet
  facet normal -1 0 0
    outer loop
      vertex 109 10.7477 4
      vertex 109 1.67148 23.076
      vertex 109 1.98995 23.1958
    endloop
  endfacet
  facet normal -1 0 0
    outer loop
      vertex 109 10.7477 4
      vertex 109 1.34586 22.9772
      vertex 109 1.67148 23.076
    endloop
  endfacet
  facet normal -1 0 0
    outer loop
      vertex 109 10.7477 4
      vertex 109 1.01447 22.8999
      vertex 109 1.34586 22.9772
    endloop
  endfacet
  facet normal -1 0 0
    outer loop
      vertex 109 10.7477 4
      vertex 109 0.678736 22.8445
      vertex 109 1.01447 22.8999
    endloop
  endfacet
  facet normal -1 0 0
    outer loop
      vertex 109 10.7477 4
      vertex 109 0.340096 22.8111
      vertex 109 0.678736 22.8445
    endloop
  endfacet
  facet normal -1 0 0
    outer loop
      vertex 109 10.7477 4
      vertex 109 0 22.8
      vertex 109 0.340096 22.8111
    endloop
  endfacet
  facet normal -1 0 0
    outer loop
      vertex 109 -10.7477 4
      vertex 109 0 22.8
      vertex 109 10.7477 4
    endloop
  endfacet
  facet normal -1 -0 0
    outer loop
      vertex 109 0 22.8
      vertex 109 -10.7477 4
      vertex 109 -0.340096 22.8111
    endloop
  endfacet
  facet normal -1 -0 0
    outer loop
      vertex 109 -0.340096 22.8111
      vertex 109 -10.7477 4
      vertex 109 -0.678736 22.8445
    endloop
  endfacet
  facet normal -1 -0 0
    outer loop
      vertex 109 -0.678736 22.8445
      vertex 109 -10.7477 4
      vertex 109 -1.01447 22.8999
    endloop
  endfacet
  facet normal -1 -0 0
    outer loop
      vertex 109 -1.01447 22.8999
      vertex 109 -10.7477 4
      vertex 109 -1.34586 22.9772
    endloop
  endfacet
  facet normal -1 -0 0
    outer loop
      vertex 109 -1.34586 22.9772
      vertex 109 -10.7477 4
      vertex 109 -1.67148 23.076
    endloop
  endfacet
  facet normal -1 -0 0
    outer loop
      vertex 109 -1.67148 23.076
      vertex 109 -10.7477 4
      vertex 109 -1.98995 23.1958
    endloop
  endfacet
  facet normal -1 -0 0
    outer loop
      vertex 109 -1.98995 23.1958
      vertex 109 -10.7477 4
      vertex 109 -2.2999 23.3363
    endloop
  endfacet
  facet normal -1 -0 0
    outer loop
      vertex 109 -2.2999 23.3363
      vertex 109 -10.7477 4
      vertex 109 -2.6 23.4967
    endloop
  endfacet
  facet normal -1 -0 0
    outer loop
      vertex 109 -2.6 23.4967
      vertex 109 -10.7477 4
      vertex 109 -2.88896 23.6764
    endloop
  endfacet
  facet normal -1 -0 0
    outer loop
      vertex 109 -2.88896 23.6764
      vertex 109 -10.7477 4
      vertex 109 -3.16556 23.8746
    endloop
  endfacet
  facet normal -1 -0 0
    outer loop
      vertex 109 -3.16556 23.8746
      vertex 109 -10.7477 4
      vertex 109 -3.4286 24.0904
    endloop
  endfacet
  facet normal -1 -0 0
    outer loop
      vertex 109 -3.4286 24.0904
      vertex 109 -10.7477 4
      vertex 109 -3.67696 24.323
    endloop
  endfacet
  facet normal -1 -0 0
    outer loop
      vertex 109 -3.67696 24.323
      vertex 109 -10.7477 4
      vertex 109 -3.90957 24.5714
    endloop
  endfacet
  facet normal -1 -0 0
    outer loop
      vertex 109 -3.90957 24.5714
      vertex 109 -10.7477 4
      vertex 109 -4.12544 24.8344
    endloop
  endfacet
  facet normal -1 0 0
    outer loop
      vertex 109 -3.79999 34.5
      vertex 109 -5.73631 34.541
      vertex 109 -5.29622 34.9022
    endloop
  endfacet
  facet normal -1 0 0
    outer loop
      vertex 109 -8.68137 28.569
      vertex 109 -5.2 28
      vertex 109 -5.18887 27.6599
    endloop
  endfacet
  facet normal -1 0 0
    outer loop
      vertex 109 -5.18887 28.3401
      vertex 109 -6.15183 34.1518
      vertex 109 -5.73631 34.541
    endloop
  endfacet
  facet normal -1 0 0
    outer loop
      vertex 109 -8.68137 28.569
      vertex 109 -5.18887 27.6599
      vertex 109 -5.15551 27.3213
    endloop
  endfacet
  facet normal -1 0 0
    outer loop
      vertex 109 -5.18887 28.3401
      vertex 109 -6.54101 33.7363
      vertex 109 -6.15183 34.1518
    endloop
  endfacet
  facet normal -1 0 0
    outer loop
      vertex 109 -8.68137 28.569
      vertex 109 -5.15551 27.3213
      vertex 109 -5.10008 26.9855
    endloop
  endfacet
  facet normal -1 0 0
    outer loop
      vertex 109 -5.18887 28.3401
      vertex 109 -6.90217 33.2962
      vertex 109 -6.54101 33.7363
    endloop
  endfacet
  facet normal -1 0 0
    outer loop
      vertex 109 -8.68137 28.569
      vertex 109 -5.10008 26.9855
      vertex 109 -5.02281 26.6541
    endloop
  endfacet
  facet normal -1 0 0
    outer loop
      vertex 109 -5.18887 28.3401
      vertex 109 -7.23378 32.8335
      vertex 109 -6.90217 33.2962
    endloop
  endfacet
  facet normal -1 0 0
    outer loop
      vertex 109 -8.68137 28.569
      vertex 109 -5.02281 26.6541
      vertex 109 -4.92404 26.3285
    endloop
  endfacet
  facet normal -1 0 0
    outer loop
      vertex 109 -5.18887 28.3401
      vertex 109 -7.53442 32.35
      vertex 109 -7.23378 32.8335
    endloop
  endfacet
  facet normal -1 0 0
    outer loop
      vertex 109 -8.68137 28.569
      vertex 109 -4.92404 26.3285
      vertex 109 -4.80417 26.01
    endloop
  endfacet
  facet normal -1 0 0
    outer loop
      vertex 109 -5.18887 28.3401
      vertex 109 -7.80279 31.8479
      vertex 109 -7.53442 32.35
    endloop
  endfacet
  facet normal -1 0 0
    outer loop
      vertex 109 -8.68137 28.569
      vertex 109 -4.80417 26.01
      vertex 109 -4.66374 25.7001
    endloop
  endfacet
  facet normal -1 0 0
    outer loop
      vertex 109 -5.18887 28.3401
      vertex 109 -8.03775 31.3293
      vertex 109 -7.80279 31.8479
    endloop
  endfacet
  facet normal -1 0 0
    outer loop
      vertex 109 -8.68137 28.569
      vertex 109 -4.66374 25.7001
      vertex 109 -4.50333 25.4
    endloop
  endfacet
  facet normal -1 0 0
    outer loop
      vertex 109 -5.18887 28.3401
      vertex 109 -8.23829 30.7965
      vertex 109 -8.03775 31.3293
    endloop
  endfacet
  facet normal -1 0 0
    outer loop
      vertex 109 -8.68137 28.569
      vertex 109 -4.50333 25.4
      vertex 109 -4.32364 25.111
    endloop
  endfacet
  facet normal -1 0 0
    outer loop
      vertex 109 -5.18887 28.3401
      vertex 109 -8.40355 30.2517
      vertex 109 -8.23829 30.7965
    endloop
  endfacet
  facet normal -1 0 -0
    outer loop
      vertex 109 -8.68137 28.569
      vertex 109 -4.12544 24.8344
      vertex 109 -10.7477 4
    endloop
  endfacet
  facet normal -1 0 0
    outer loop
      vertex 109 -5.18887 28.3401
      vertex 109 -8.68137 28.569
      vertex 109 -8.62557 29.1356
    endloop
  endfacet
  facet normal -1 0 0
    outer loop
      vertex 109 -5.18887 28.3401
      vertex 109 -8.53283 29.6973
      vertex 109 -8.40355 30.2517
    endloop
  endfacet
  facet normal -1 0 0
    outer loop
      vertex 109 -5.18887 28.3401
      vertex 109 -8.62557 29.1356
      vertex 109 -8.53283 29.6973
    endloop
  endfacet
  facet normal -1 0 0
    outer loop
      vertex 109 -4.12544 24.8344
      vertex 109 -8.68137 28.569
      vertex 109 -4.32364 25.111
    endloop
  endfacet
  facet normal -1 -0 0
    outer loop
      vertex 109 7.80279 31.8479
      vertex 109 4.66374 30.2999
      vertex 109 7.53442 32.35
    endloop
  endfacet
  facet normal -1 0 0
    outer loop
      vertex 109 4.50333 30.6
      vertex 109 7.53442 32.35
      vertex 109 4.66374 30.2999
    endloop
  endfacet
  facet normal -1 -0 0
    outer loop
      vertex 109 7.53442 32.35
      vertex 109 4.50333 30.6
      vertex 109 7.23378 32.8335
    endloop
  endfacet
  facet normal -1 0 0
    outer loop
      vertex 109 4.32364 30.889
      vertex 109 7.23378 32.8335
      vertex 109 4.50333 30.6
    endloop
  endfacet
  facet normal -1 -0 0
    outer loop
      vertex 109 7.23378 32.8335
      vertex 109 4.32364 30.889
      vertex 109 6.90217 33.2962
    endloop
  endfacet
  facet normal -1 0 0
    outer loop
      vertex 109 4.12544 31.1656
      vertex 109 6.90217 33.2962
      vertex 109 4.32364 30.889
    endloop
  endfacet
  facet normal -1 -0 0
    outer loop
      vertex 109 6.90217 33.2962
      vertex 109 4.12544 31.1656
      vertex 109 6.54101 33.7363
    endloop
  endfacet
  facet normal -1 0 0
    outer loop
      vertex 109 3.90957 31.4286
      vertex 109 6.54101 33.7363
      vertex 109 4.12544 31.1656
    endloop
  endfacet
  facet normal -1 0 0
    outer loop
      vertex 109 3.79999 31.5456
      vertex 109 6.54101 33.7363
      vertex 109 3.90957 31.4286
    endloop
  endfacet
  facet normal -1 -0 0
    outer loop
      vertex 109 6.54101 33.7363
      vertex 109 3.79999 31.5456
      vertex 109 6.15183 34.1518
    endloop
  endfacet
  facet normal -1 0 0
    outer loop
      vertex 109 3.79999 34.5
      vertex 109 6.15183 34.1518
      vertex 109 3.79999 31.5456
    endloop
  endfacet
  facet normal -1 0 0
    outer loop
      vertex 109 6.15183 34.1518
      vertex 109 3.79999 34.5
      vertex 109 5.73631 34.541
    endloop
  endfacet
  facet normal -1 -0 0
    outer loop
      vertex 109 5.29622 34.9022
      vertex 109 3.79999 34.5
      vertex 109 4.83346 35.2338
    endloop
  endfacet
  facet normal -1 -0 0
    outer loop
      vertex 109 5.73631 34.541
      vertex 109 3.79999 34.5
      vertex 109 5.29622 34.9022
    endloop
  endfacet
  facet normal -1 -0 0
    outer loop
      vertex 109 4.83346 35.2338
      vertex 109 3.79999 34.5
      vertex 109 4.39603 35.5058
    endloop
  endfacet
  facet normal -1 0 0
    outer loop
      vertex 109 -5.73631 34.541
      vertex 109 -3.79999 31.5456
      vertex 109 -3.90957 31.4286
    endloop
  endfacet
  facet normal -1 0 0
    outer loop
      vertex 109 -5.73631 34.541
      vertex 109 -3.90957 31.4286
      vertex 109 -4.12544 31.1656
    endloop
  endfacet
  facet normal -1 0 0
    outer loop
      vertex 109 -5.73631 34.541
      vertex 109 -4.12544 31.1656
      vertex 109 -4.32364 30.889
    endloop
  endfacet
  facet normal -1 0 0
    outer loop
      vertex 109 -5.73631 34.541
      vertex 109 -3.79999 34.5
      vertex 109 -3.79999 31.5456
    endloop
  endfacet
  facet normal -1 0 0
    outer loop
      vertex 109 -5.73631 34.541
      vertex 109 -4.32364 30.889
      vertex 109 -4.50333 30.6
    endloop
  endfacet
  facet normal -1 0 0
    outer loop
      vertex 109 -5.73631 34.541
      vertex 109 -4.50333 30.6
      vertex 109 -4.66374 30.2999
    endloop
  endfacet
  facet normal -1 0 0
    outer loop
      vertex 109 -5.73631 34.541
      vertex 109 -4.66374 30.2999
      vertex 109 -4.80417 29.99
    endloop
  endfacet
  facet normal -1 0 0
    outer loop
      vertex 109 -3.79999 34.5
      vertex 109 -4.83346 35.2338
      vertex 109 -4.39603 35.5058
    endloop
  endfacet
  facet normal -1 0 0
    outer loop
      vertex 109 -5.73631 34.541
      vertex 109 -4.80417 29.99
      vertex 109 -4.92404 29.6715
    endloop
  endfacet
  facet normal -1 0 0
    outer loop
      vertex 109 -5.73631 34.541
      vertex 109 -4.92404 29.6715
      vertex 109 -5.02281 29.3459
    endloop
  endfacet
  facet normal -1 0 0
    outer loop
      vertex 109 -5.73631 34.541
      vertex 109 -5.02281 29.3459
      vertex 109 -5.10008 29.0145
    endloop
  endfacet
  facet normal -1 0 0
    outer loop
      vertex 109 -5.73631 34.541
      vertex 109 -5.10008 29.0145
      vertex 109 -5.15551 28.6787
    endloop
  endfacet
  facet normal -1 0 0
    outer loop
      vertex 109 -5.73631 34.541
      vertex 109 -5.15551 28.6787
      vertex 109 -5.18887 28.3401
    endloop
  endfacet
  facet normal -1 0 0
    outer loop
      vertex 109 -3.79999 34.5
      vertex 109 -5.29622 34.9022
      vertex 109 -4.83346 35.2338
    endloop
  endfacet
  facet normal -1 0 0
    outer loop
      vertex 109 -8.68137 28.569
      vertex 109 -5.18887 28.3401
      vertex 109 -5.2 28
    endloop
  endfacet
  facet normal -0 0.528052 0.849212
    outer loop
      vertex 109 4.83346 35.2338
      vertex 115 4.39603 35.5058
      vertex 115 4.83346 35.2338
    endloop
  endfacet
  facet normal 0 0.528052 0.849212
    outer loop
      vertex 115 4.39603 35.5058
      vertex 109 4.83346 35.2338
      vertex 109 4.39603 35.5058
    endloop
  endfacet
  facet normal 1 -0 0
    outer loop
      vertex 115 -6.15183 34.1518
      vertex 115 -3.79999 31.5456
      vertex 115 -3.79999 34.5
    endloop
  endfacet
  facet normal 1 -0 0
    outer loop
      vertex 115 -6.54101 33.7363
      vertex 115 -3.79999 31.5456
      vertex 115 -6.15183 34.1518
    endloop
  endfacet
  facet normal 1 0 0
    outer loop
      vertex 115 -3.79999 31.5456
      vertex 115 -6.54101 33.7363
      vertex 115 -3.90957 31.4286
    endloop
  endfacet
  facet normal 1 -0 0
    outer loop
      vertex 115 -4.83346 35.2338
      vertex 115 -3.79999 34.5
      vertex 115 -4.39603 35.5058
    endloop
  endfacet
  facet normal 1 -0 0
    outer loop
      vertex 115 -5.29622 34.9022
      vertex 115 -3.79999 34.5
      vertex 115 -4.83346 35.2338
    endloop
  endfacet
  facet normal 1 -0 0
    outer loop
      vertex 115 -5.73631 34.541
      vertex 115 -3.79999 34.5
      vertex 115 -5.29622 34.9022
    endloop
  endfacet
  facet normal 1 0 0
    outer loop
      vertex 115 -6.15183 34.1518
      vertex 115 -3.79999 34.5
      vertex 115 -5.73631 34.541
    endloop
  endfacet
  facet normal 1 0 0
    outer loop
      vertex 115 -3.90957 31.4286
      vertex 115 -6.54101 33.7363
      vertex 115 -4.12544 31.1656
    endloop
  endfacet
  facet normal 1 -0 0
    outer loop
      vertex 115 -6.90217 33.2962
      vertex 115 -4.12544 31.1656
      vertex 115 -6.54101 33.7363
    endloop
  endfacet
  facet normal 1 0 0
    outer loop
      vertex 115 -4.12544 31.1656
      vertex 115 -6.90217 33.2962
      vertex 115 -4.32364 30.889
    endloop
  endfacet
  facet normal 1 -0 0
    outer loop
      vertex 115 -7.23378 32.8335
      vertex 115 -4.32364 30.889
      vertex 115 -6.90217 33.2962
    endloop
  endfacet
  facet normal 1 0 0
    outer loop
      vertex 115 -4.32364 30.889
      vertex 115 -7.23378 32.8335
      vertex 115 -4.50333 30.6
    endloop
  endfacet
  facet normal 1 -0 0
    outer loop
      vertex 115 -7.53442 32.35
      vertex 115 -4.50333 30.6
      vertex 115 -7.23378 32.8335
    endloop
  endfacet
  facet normal 1 -0 0
    outer loop
      vertex 115 -7.80279 31.8479
      vertex 115 -4.66374 30.2999
      vertex 115 -7.53442 32.35
    endloop
  endfacet
  facet normal 1 0 0
    outer loop
      vertex 115 -4.50333 30.6
      vertex 115 -7.53442 32.35
      vertex 115 -4.66374 30.2999
    endloop
  endfacet
  facet normal 1 0 0
    outer loop
      vertex 115 8.68137 28.569
      vertex 115 5.18887 28.3401
      vertex 115 5.2 28
    endloop
  endfacet
  facet normal 1 0 0
    outer loop
      vertex 115 5.73631 34.541
      vertex 115 5.15551 28.6787
      vertex 115 5.18887 28.3401
    endloop
  endfacet
  facet normal 1 0 0
    outer loop
      vertex 115 5.73631 34.541
      vertex 115 5.10008 29.0145
      vertex 115 5.15551 28.6787
    endloop
  endfacet
  facet normal 1 0 0
    outer loop
      vertex 115 5.73631 34.541
      vertex 115 5.02281 29.3459
      vertex 115 5.10008 29.0145
    endloop
  endfacet
  facet normal 1 0 0
    outer loop
      vertex 115 5.73631 34.541
      vertex 115 4.92404 29.6715
      vertex 115 5.02281 29.3459
    endloop
  endfacet
  facet normal 1 0 0
    outer loop
      vertex 115 3.79999 34.5
      vertex 115 5.29622 34.9022
      vertex 115 4.83346 35.2338
    endloop
  endfacet
  facet normal 1 0 0
    outer loop
      vertex 115 5.73631 34.541
      vertex 115 4.80417 29.99
      vertex 115 4.92404 29.6715
    endloop
  endfacet
  facet normal 1 0 0
    outer loop
      vertex 115 5.73631 34.541
      vertex 115 4.66374 30.2999
      vertex 115 4.80417 29.99
    endloop
  endfacet
  facet normal 1 0 0
    outer loop
      vertex 115 5.73631 34.541
      vertex 115 4.50333 30.6
      vertex 115 4.66374 30.2999
    endloop
  endfacet
  facet normal 1 0 0
    outer loop
      vertex 115 3.79999 34.5
      vertex 115 4.83346 35.2338
      vertex 115 4.39603 35.5058
    endloop
  endfacet
  facet normal 1 0 0
    outer loop
      vertex 115 5.73631 34.541
      vertex 115 4.32364 30.889
      vertex 115 4.50333 30.6
    endloop
  endfacet
  facet normal 1 0 0
    outer loop
      vertex 115 5.73631 34.541
      vertex 115 4.12544 31.1656
      vertex 115 4.32364 30.889
    endloop
  endfacet
  facet normal 1 0 0
    outer loop
      vertex 115 5.73631 34.541
      vertex 115 3.79999 34.5
      vertex 115 3.79999 31.5456
    endloop
  endfacet
  facet normal 1 0 0
    outer loop
      vertex 115 5.73631 34.541
      vertex 115 3.90957 31.4286
      vertex 115 4.12544 31.1656
    endloop
  endfacet
  facet normal 1 0 0
    outer loop
      vertex 115 5.73631 34.541
      vertex 115 3.79999 31.5456
      vertex 115 3.90957 31.4286
    endloop
  endfacet
  facet normal 1 0 0
    outer loop
      vertex 115 5.18887 28.3401
      vertex 115 8.68137 28.569
      vertex 115 8.62557 29.1356
    endloop
  endfacet
  facet normal 1 0 0
    outer loop
      vertex 115 5.18887 28.3401
      vertex 115 8.62557 29.1356
      vertex 115 8.53283 29.6973
    endloop
  endfacet
  facet normal 1 0 0
    outer loop
      vertex 115 5.18887 28.3401
      vertex 115 8.53283 29.6973
      vertex 115 8.40355 30.2517
    endloop
  endfacet
  facet normal 1 0 0
    outer loop
      vertex 115 5.18887 28.3401
      vertex 115 8.40355 30.2517
      vertex 115 8.23829 30.7965
    endloop
  endfacet
  facet normal 1 0 0
    outer loop
      vertex 115 5.18887 28.3401
      vertex 115 8.23829 30.7965
      vertex 115 8.03775 31.3293
    endloop
  endfacet
  facet normal 1 0 0
    outer loop
      vertex 115 5.18887 28.3401
      vertex 115 8.03775 31.3293
      vertex 115 7.80279 31.8479
    endloop
  endfacet
  facet normal 1 0 0
    outer loop
      vertex 115 5.18887 28.3401
      vertex 115 7.80279 31.8479
      vertex 115 7.53442 32.35
    endloop
  endfacet
  facet normal 1 0 0
    outer loop
      vertex 115 5.18887 28.3401
      vertex 115 7.53442 32.35
      vertex 115 7.23378 32.8335
    endloop
  endfacet
  facet normal 1 0 0
    outer loop
      vertex 115 5.18887 28.3401
      vertex 115 7.23378 32.8335
      vertex 115 6.90217 33.2962
    endloop
  endfacet
  facet normal 1 0 0
    outer loop
      vertex 115 5.18887 28.3401
      vertex 115 6.90217 33.2962
      vertex 115 6.54101 33.7363
    endloop
  endfacet
  facet normal 1 0 0
    outer loop
      vertex 115 5.18887 28.3401
      vertex 115 6.54101 33.7363
      vertex 115 6.15183 34.1518
    endloop
  endfacet
  facet normal 1 0 0
    outer loop
      vertex 115 5.18887 28.3401
      vertex 115 6.15183 34.1518
      vertex 115 5.73631 34.541
    endloop
  endfacet
  facet normal 1 0 0
    outer loop
      vertex 115 3.79999 34.5
      vertex 115 5.73631 34.541
      vertex 115 5.29622 34.9022
    endloop
  endfacet
  facet normal 1 0 0
    outer loop
      vertex 115 8.68137 28.569
      vertex 115 5.2 28
      vertex 115 5.18887 27.6599
    endloop
  endfacet
  facet normal 1 0 0
    outer loop
      vertex 115 8.68137 28.569
      vertex 115 5.18887 27.6599
      vertex 115 5.15551 27.3213
    endloop
  endfacet
  facet normal 1 0 0
    outer loop
      vertex 115 8.68137 28.569
      vertex 115 5.15551 27.3213
      vertex 115 5.10008 26.9855
    endloop
  endfacet
  facet normal 1 0 0
    outer loop
      vertex 115 8.68137 28.569
      vertex 115 5.10008 26.9855
      vertex 115 5.02281 26.6541
    endloop
  endfacet
  facet normal 1 0 0
    outer loop
      vertex 115 8.68137 28.569
      vertex 115 5.02281 26.6541
      vertex 115 4.92404 26.3285
    endloop
  endfacet
  facet normal 1 0 0
    outer loop
      vertex 115 8.68137 28.569
      vertex 115 4.92404 26.3285
      vertex 115 4.80417 26.01
    endloop
  endfacet
  facet normal 1 0 0
    outer loop
      vertex 115 8.68137 28.569
      vertex 115 4.80417 26.01
      vertex 115 4.66374 25.7001
    endloop
  endfacet
  facet normal 1 0 0
    outer loop
      vertex 115 8.68137 28.569
      vertex 115 4.66374 25.7001
      vertex 115 4.50333 25.4
    endloop
  endfacet
  facet normal 1 0 0
    outer loop
      vertex 115 8.68137 28.569
      vertex 115 4.50333 25.4
      vertex 115 4.32364 25.111
    endloop
  endfacet
  facet normal 1 0 0
    outer loop
      vertex 115 4.12544 24.8344
      vertex 115 8.68137 28.569
      vertex 115 4.32364 25.111
    endloop
  endfacet
  facet normal 1 0 0
    outer loop
      vertex 115 8.68137 28.569
      vertex 115 4.12544 24.8344
      vertex 115 10.7477 4
    endloop
  endfacet
  facet normal 1 -0 0
    outer loop
      vertex 115 3.90957 24.5714
      vertex 115 10.7477 4
      vertex 115 4.12544 24.8344
    endloop
  endfacet
  facet normal 1 -0 0
    outer loop
      vertex 115 3.67696 24.323
      vertex 115 10.7477 4
      vertex 115 3.90957 24.5714
    endloop
  endfacet
  facet normal 1 -0 0
    outer loop
      vertex 115 3.4286 24.0904
      vertex 115 10.7477 4
      vertex 115 3.67696 24.323
    endloop
  endfacet
  facet normal 1 -0 0
    outer loop
      vertex 115 3.16556 23.8746
      vertex 115 10.7477 4
      vertex 115 3.4286 24.0904
    endloop
  endfacet
  facet normal 1 -0 0
    outer loop
      vertex 115 2.88896 23.6764
      vertex 115 10.7477 4
      vertex 115 3.16556 23.8746
    endloop
  endfacet
  facet normal 1 -0 0
    outer loop
      vertex 115 2.6 23.4967
      vertex 115 10.7477 4
      vertex 115 2.88896 23.6764
    endloop
  endfacet
  facet normal 1 -0 0
    outer loop
      vertex 115 2.2999 23.3363
      vertex 115 10.7477 4
      vertex 115 2.6 23.4967
    endloop
  endfacet
  facet normal 1 -0 0
    outer loop
      vertex 115 1.98995 23.1958
      vertex 115 10.7477 4
      vertex 115 2.2999 23.3363
    endloop
  endfacet
  facet normal 1 -0 0
    outer loop
      vertex 115 1.67148 23.076
      vertex 115 10.7477 4
      vertex 115 1.98995 23.1958
    endloop
  endfacet
  facet normal 1 -0 0
    outer loop
      vertex 115 1.34586 22.9772
      vertex 115 10.7477 4
      vertex 115 1.67148 23.076
    endloop
  endfacet
  facet normal 1 -0 0
    outer loop
      vertex 115 1.01447 22.8999
      vertex 115 10.7477 4
      vertex 115 1.34586 22.9772
    endloop
  endfacet
  facet normal 1 -0 0
    outer loop
      vertex 115 0.678736 22.8445
      vertex 115 10.7477 4
      vertex 115 1.01447 22.8999
    endloop
  endfacet
  facet normal 1 -0 0
    outer loop
      vertex 115 0.340096 22.8111
      vertex 115 10.7477 4
      vertex 115 0.678736 22.8445
    endloop
  endfacet
  facet normal 1 -0 0
    outer loop
      vertex 115 0 22.8
      vertex 115 10.7477 4
      vertex 115 0.340096 22.8111
    endloop
  endfacet
  facet normal 1 0 0
    outer loop
      vertex 115 -10.7477 4
      vertex 115 0 22.8
      vertex 115 -0.340096 22.8111
    endloop
  endfacet
  facet normal 1 0 0
    outer loop
      vertex 115 -10.7477 4
      vertex 115 -0.340096 22.8111
      vertex 115 -0.678736 22.8445
    endloop
  endfacet
  facet normal 1 0 0
    outer loop
      vertex 115 -10.7477 4
      vertex 115 -0.678736 22.8445
      vertex 115 -1.01447 22.8999
    endloop
  endfacet
  facet normal 1 0 0
    outer loop
      vertex 115 -10.7477 4
      vertex 115 -1.01447 22.8999
      vertex 115 -1.34586 22.9772
    endloop
  endfacet
  facet normal 1 0 0
    outer loop
      vertex 115 -10.7477 4
      vertex 115 -1.34586 22.9772
      vertex 115 -1.67148 23.076
    endloop
  endfacet
  facet normal 1 0 0
    outer loop
      vertex 115 -10.7477 4
      vertex 115 -1.67148 23.076
      vertex 115 -1.98995 23.1958
    endloop
  endfacet
  facet normal 1 0 0
    outer loop
      vertex 115 -10.7477 4
      vertex 115 -1.98995 23.1958
      vertex 115 -2.2999 23.3363
    endloop
  endfacet
  facet normal 1 0 0
    outer loop
      vertex 115 -10.7477 4
      vertex 115 -2.2999 23.3363
      vertex 115 -2.6 23.4967
    endloop
  endfacet
  facet normal 1 0 0
    outer loop
      vertex 115 -10.7477 4
      vertex 115 -2.6 23.4967
      vertex 115 -2.88896 23.6764
    endloop
  endfacet
  facet normal 1 0 0
    outer loop
      vertex 115 -10.7477 4
      vertex 115 -2.88896 23.6764
      vertex 115 -3.16556 23.8746
    endloop
  endfacet
  facet normal 1 0 0
    outer loop
      vertex 115 -10.7477 4
      vertex 115 -3.16556 23.8746
      vertex 115 -3.4286 24.0904
    endloop
  endfacet
  facet normal 1 0 0
    outer loop
      vertex 115 -10.7477 4
      vertex 115 -3.4286 24.0904
      vertex 115 -3.67696 24.323
    endloop
  endfacet
  facet normal 1 0 0
    outer loop
      vertex 115 -10.7477 4
      vertex 115 -3.67696 24.323
      vertex 115 -3.90957 24.5714
    endloop
  endfacet
  facet normal 1 0 0
    outer loop
      vertex 115 -10.7477 4
      vertex 115 -3.90957 24.5714
      vertex 115 -4.12544 24.8344
    endloop
  endfacet
  facet normal 1 0 0
    outer loop
      vertex 115 -8.68137 28.569
      vertex 115 -4.12544 24.8344
      vertex 115 -4.32364 25.111
    endloop
  endfacet
  facet normal 1 0 0
    outer loop
      vertex 115 -4.66374 30.2999
      vertex 115 -7.80279 31.8479
      vertex 115 -4.80417 29.99
    endloop
  endfacet
  facet normal 1 -0 0
    outer loop
      vertex 115 -8.03775 31.3293
      vertex 115 -4.80417 29.99
      vertex 115 -7.80279 31.8479
    endloop
  endfacet
  facet normal 1 0 0
    outer loop
      vertex 115 -4.80417 29.99
      vertex 115 -8.03775 31.3293
      vertex 115 -4.92404 29.6715
    endloop
  endfacet
  facet normal 1 -0 0
    outer loop
      vertex 115 -8.23829 30.7965
      vertex 115 -4.92404 29.6715
      vertex 115 -8.03775 31.3293
    endloop
  endfacet
  facet normal 1 0 0
    outer loop
      vertex 115 -4.92404 29.6715
      vertex 115 -8.23829 30.7965
      vertex 115 -5.02281 29.3459
    endloop
  endfacet
  facet normal 1 -0 0
    outer loop
      vertex 115 -8.40355 30.2517
      vertex 115 -5.02281 29.3459
      vertex 115 -8.23829 30.7965
    endloop
  endfacet
  facet normal 1 0 0
    outer loop
      vertex 115 -5.02281 29.3459
      vertex 115 -8.40355 30.2517
      vertex 115 -5.10008 29.0145
    endloop
  endfacet
  facet normal 1 -0 0
    outer loop
      vertex 115 -8.53283 29.6973
      vertex 115 -5.10008 29.0145
      vertex 115 -8.40355 30.2517
    endloop
  endfacet
  facet normal 1 0 0
    outer loop
      vertex 115 -5.10008 29.0145
      vertex 115 -8.53283 29.6973
      vertex 115 -5.15551 28.6787
    endloop
  endfacet
  facet normal 1 -0 0
    outer loop
      vertex 115 -8.62557 29.1356
      vertex 115 -5.15551 28.6787
      vertex 115 -8.53283 29.6973
    endloop
  endfacet
  facet normal 1 0 0
    outer loop
      vertex 115 -5.15551 28.6787
      vertex 115 -8.62557 29.1356
      vertex 115 -5.18887 28.3401
    endloop
  endfacet
  facet normal 1 -0 0
    outer loop
      vertex 115 -8.68137 28.569
      vertex 115 -5.18887 28.3401
      vertex 115 -8.62557 29.1356
    endloop
  endfacet
  facet normal 1 0 0
    outer loop
      vertex 115 -5.18887 28.3401
      vertex 115 -8.68137 28.569
      vertex 115 -5.2 28
    endloop
  endfacet
  facet normal 1 0 0
    outer loop
      vertex 115 -5.2 28
      vertex 115 -8.68137 28.569
      vertex 115 -5.18887 27.6599
    endloop
  endfacet
  facet normal 1 0 0
    outer loop
      vertex 115 -5.18887 27.6599
      vertex 115 -8.68137 28.569
      vertex 115 -5.15551 27.3213
    endloop
  endfacet
  facet normal 1 0 0
    outer loop
      vertex 115 -5.15551 27.3213
      vertex 115 -8.68137 28.569
      vertex 115 -5.10008 26.9855
    endloop
  endfacet
  facet normal 1 0 0
    outer loop
      vertex 115 -5.10008 26.9855
      vertex 115 -8.68137 28.569
      vertex 115 -5.02281 26.6541
    endloop
  endfacet
  facet normal 1 0 0
    outer loop
      vertex 115 -5.02281 26.6541
      vertex 115 -8.68137 28.569
      vertex 115 -4.92404 26.3285
    endloop
  endfacet
  facet normal 1 0 0
    outer loop
      vertex 115 -4.92404 26.3285
      vertex 115 -8.68137 28.569
      vertex 115 -4.80417 26.01
    endloop
  endfacet
  facet normal 1 0 0
    outer loop
      vertex 115 -4.80417 26.01
      vertex 115 -8.68137 28.569
      vertex 115 -4.66374 25.7001
    endloop
  endfacet
  facet normal 1 0 0
    outer loop
      vertex 115 -4.66374 25.7001
      vertex 115 -8.68137 28.569
      vertex 115 -4.50333 25.4
    endloop
  endfacet
  facet normal 1 0 0
    outer loop
      vertex 115 -4.50333 25.4
      vertex 115 -8.68137 28.569
      vertex 115 -4.32364 25.111
    endloop
  endfacet
  facet normal 1 0 0
    outer loop
      vertex 115 -4.12544 24.8344
      vertex 115 -8.68137 28.569
      vertex 115 -10.7477 4
    endloop
  endfacet
  facet normal 1 0 0
    outer loop
      vertex 115 0 22.8
      vertex 115 -10.7477 4
      vertex 115 10.7477 4
    endloop
  endfacet
  facet normal 0 -0.16281 0.986657
    outer loop
      vertex 109 1.01447 22.8999
      vertex 115 0.678736 22.8445
      vertex 115 1.01447 22.8999
    endloop
  endfacet
  facet normal 0 -0.16281 0.986657
    outer loop
      vertex 115 0.678736 22.8445
      vertex 109 1.01447 22.8999
      vertex 109 0.678736 22.8445
    endloop
  endfacet
  facet normal 0 0.910846 0.412746
    outer loop
      vertex 115 -4.66374 25.7001
      vertex 109 -4.80417 26.01
      vertex 115 -4.80417 26.01
    endloop
  endfacet
  facet normal 0 0.910846 0.412746
    outer loop
      vertex 109 -4.80417 26.01
      vertex 115 -4.66374 25.7001
      vertex 109 -4.66374 25.7001
    endloop
  endfacet
  facet normal 0 0.935911 0.352237
    outer loop
      vertex 115 -4.80417 26.01
      vertex 109 -4.92404 26.3285
      vertex 115 -4.92404 26.3285
    endloop
  endfacet
  facet normal 0 0.935911 0.352237
    outer loop
      vertex 109 -4.92404 26.3285
      vertex 115 -4.80417 26.01
      vertex 109 -4.80417 26.01
    endloop
  endfacet
  facet normal 0 -0.973878 0.227072
    outer loop
      vertex 109 5.02281 26.6541
      vertex 115 5.10008 26.9855
      vertex 109 5.10008 26.9855
    endloop
  endfacet
  facet normal 0 -0.973878 0.227072
    outer loop
      vertex 115 5.10008 26.9855
      vertex 109 5.02281 26.6541
      vertex 115 5.02281 26.6541
    endloop
  endfacet
  facet normal 0 0.812859 0.582461
    outer loop
      vertex 115 -4.12544 24.8344
      vertex 109 -4.32364 25.111
      vertex 115 -4.32364 25.111
    endloop
  endfacet
  facet normal 0 0.812859 0.582461
    outer loop
      vertex 109 -4.32364 25.111
      vertex 115 -4.12544 24.8344
      vertex 109 -4.12544 24.8344
    endloop
  endfacet
  facet normal -0 0.0981536 0.995171
    outer loop
      vertex 109 -0.340096 22.8111
      vertex 115 -0.678736 22.8445
      vertex 115 -0.340096 22.8111
    endloop
  endfacet
  facet normal 0 0.0981536 0.995171
    outer loop
      vertex 115 -0.678736 22.8445
      vertex 109 -0.340096 22.8111
      vertex 109 -0.678736 22.8445
    endloop
  endfacet
  facet normal -0 0.634268 0.773113
    outer loop
      vertex 109 -3.16556 23.8746
      vertex 115 -3.4286 24.0904
      vertex 115 -3.16556 23.8746
    endloop
  endfacet
  facet normal 0 0.634268 0.773113
    outer loop
      vertex 115 -3.4286 24.0904
      vertex 109 -3.16556 23.8746
      vertex 109 -3.4286 24.0904
    endloop
  endfacet
  facet normal 0 -0.999465 0.0327082
    outer loop
      vertex 109 5.18887 27.6599
      vertex 115 5.2 28
      vertex 109 5.2 28
    endloop
  endfacet
  facet normal 0 -0.999465 0.0327082
    outer loop
      vertex 115 5.2 28
      vertex 109 5.18887 27.6599
      vertex 115 5.18887 27.6599
    endloop
  endfacet
  facet normal 0 0.986648 0.162865
    outer loop
      vertex 115 -5.10008 26.9855
      vertex 109 -5.15551 27.3213
      vertex 115 -5.15551 27.3213
    endloop
  endfacet
  facet normal 0 0.986648 0.162865
    outer loop
      vertex 109 -5.15551 27.3213
      vertex 115 -5.10008 26.9855
      vertex 109 -5.10008 26.9855
    endloop
  endfacet
  facet normal 0 0.999465 -0.0327082
    outer loop
      vertex 115 -5.2 28
      vertex 109 -5.18887 28.3401
      vertex 115 -5.18887 28.3401
    endloop
  endfacet
  facet normal 0 0.999465 -0.0327082
    outer loop
      vertex 109 -5.18887 28.3401
      vertex 115 -5.2 28
      vertex 109 -5.2 28
    endloop
  endfacet
  facet normal 0 -0.995182 0.0980486
    outer loop
      vertex 109 5.15551 27.3213
      vertex 115 5.18887 27.6599
      vertex 109 5.18887 27.6599
    endloop
  endfacet
  facet normal 0 -0.995182 0.0980486
    outer loop
      vertex 115 5.18887 27.6599
      vertex 109 5.15551 27.3213
      vertex 115 5.15551 27.3213
    endloop
  endfacet
  facet normal 0 -0.68357 0.729885
    outer loop
      vertex 109 3.67696 24.323
      vertex 115 3.4286 24.0904
      vertex 115 3.67696 24.323
    endloop
  endfacet
  facet normal 0 -0.68357 0.729885
    outer loop
      vertex 115 3.4286 24.0904
      vertex 109 3.67696 24.323
      vertex 109 3.4286 24.0904
    endloop
  endfacet
  facet normal 0 -0.0326205 0.999468
    outer loop
      vertex 109 0.340096 22.8111
      vertex 115 0 22.8
      vertex 115 0.340096 22.8111
    endloop
  endfacet
  facet normal 0 -0.0326205 0.999468
    outer loop
      vertex 115 0 22.8
      vertex 109 0.340096 22.8111
      vertex 109 0 22.8
    endloop
  endfacet
  facet normal -0 0.68357 0.729885
    outer loop
      vertex 109 -3.4286 24.0904
      vertex 115 -3.67696 24.323
      vertex 115 -3.4286 24.0904
    endloop
  endfacet
  facet normal 0 0.68357 0.729885
    outer loop
      vertex 115 -3.67696 24.323
      vertex 109 -3.4286 24.0904
      vertex 109 -3.67696 24.323
    endloop
  endfacet
  facet normal 0 -0.227162 0.973857
    outer loop
      vertex 109 1.34586 22.9772
      vertex 115 1.01447 22.8999
      vertex 115 1.34586 22.9772
    endloop
  endfacet
  facet normal 0 -0.227162 0.973857
    outer loop
      vertex 115 1.01447 22.8999
      vertex 109 1.34586 22.9772
      vertex 109 1.01447 22.8999
    endloop
  endfacet
  facet normal 0 0.973878 0.227072
    outer loop
      vertex 115 -5.02281 26.6541
      vertex 109 -5.10008 26.9855
      vertex 115 -5.10008 26.9855
    endloop
  endfacet
  facet normal 0 0.973878 0.227072
    outer loop
      vertex 109 -5.10008 26.9855
      vertex 115 -5.02281 26.6541
      vertex 109 -5.02281 26.6541
    endloop
  endfacet
  facet normal 0 0.95694 -0.290286
    outer loop
      vertex 115 -5.02281 29.3459
      vertex 109 -4.92404 29.6715
      vertex 115 -4.92404 29.6715
    endloop
  endfacet
  facet normal 0 0.95694 -0.290286
    outer loop
      vertex 109 -4.92404 29.6715
      vertex 115 -5.02281 29.3459
      vertex 109 -5.02281 29.3459
    endloop
  endfacet
  facet normal 0 0.772965 0.634449
    outer loop
      vertex 115 -3.90957 24.5714
      vertex 109 -4.12544 24.8344
      vertex 115 -4.12544 24.8344
    endloop
  endfacet
  facet normal 0 0.772965 0.634449
    outer loop
      vertex 109 -4.12544 24.8344
      vertex 115 -3.90957 24.5714
      vertex 109 -3.90957 24.5714
    endloop
  endfacet
  facet normal 0 0.995182 0.0980486
    outer loop
      vertex 115 -5.15551 27.3213
      vertex 109 -5.18887 27.6599
      vertex 115 -5.18887 27.6599
    endloop
  endfacet
  facet normal 0 0.995182 0.0980486
    outer loop
      vertex 109 -5.18887 27.6599
      vertex 115 -5.15551 27.3213
      vertex 109 -5.15551 27.3213
    endloop
  endfacet
  facet normal 0 -0.729872 -0.683584
    outer loop
      vertex 109 3.90957 31.4286
      vertex 115 3.79999 31.5456
      vertex 109 3.79999 31.5456
    endloop
  endfacet
  facet normal 0 -0.729872 -0.683584
    outer loop
      vertex 115 3.79999 31.5456
      vertex 109 3.90957 31.4286
      vertex 115 3.90957 31.4286
    endloop
  endfacet
  facet normal -0 0.0326205 0.999468
    outer loop
      vertex 109 0 22.8
      vertex 115 -0.340096 22.8111
      vertex 115 0 22.8
    endloop
  endfacet
  facet normal 0 0.0326205 0.999468
    outer loop
      vertex 115 -0.340096 22.8111
      vertex 109 0 22.8
      vertex 109 -0.340096 22.8111
    endloop
  endfacet
  facet normal 0 -0.528096 0.849185
    outer loop
      vertex 109 2.88896 23.6764
      vertex 115 2.6 23.4967
      vertex 115 2.88896 23.6764
    endloop
  endfacet
  facet normal 0 -0.528096 0.849185
    outer loop
      vertex 115 2.6 23.4967
      vertex 109 2.88896 23.6764
      vertex 109 2.6 23.4967
    endloop
  endfacet
  facet normal 0 0.999465 0.0327082
    outer loop
      vertex 115 -5.18887 27.6599
      vertex 109 -5.2 28
      vertex 115 -5.2 28
    endloop
  endfacet
  facet normal 0 0.999465 0.0327082
    outer loop
      vertex 109 -5.2 28
      vertex 115 -5.18887 27.6599
      vertex 109 -5.18887 27.6599
    endloop
  endfacet
  facet normal 0 0.881917 0.471404
    outer loop
      vertex 115 -4.50333 25.4
      vertex 109 -4.66374 25.7001
      vertex 115 -4.66374 25.7001
    endloop
  endfacet
  facet normal 0 0.881917 0.471404
    outer loop
      vertex 109 -4.66374 25.7001
      vertex 115 -4.50333 25.4
      vertex 109 -4.50333 25.4
    endloop
  endfacet
  facet normal 0 -0.729926 0.683527
    outer loop
      vertex 109 3.67696 24.323
      vertex 115 3.90957 24.5714
      vertex 109 3.90957 24.5714
    endloop
  endfacet
  facet normal 0 -0.729926 0.683527
    outer loop
      vertex 115 3.90957 24.5714
      vertex 109 3.67696 24.323
      vertex 115 3.67696 24.323
    endloop
  endfacet
  facet normal 0 -0.995182 -0.0980486
    outer loop
      vertex 109 5.18887 28.3401
      vertex 115 5.15551 28.6787
      vertex 109 5.15551 28.6787
    endloop
  endfacet
  facet normal 0 -0.995182 -0.0980486
    outer loop
      vertex 115 5.15551 28.6787
      vertex 109 5.18887 28.3401
      vertex 115 5.18887 28.3401
    endloop
  endfacet
  facet normal 0 -0.973878 -0.227072
    outer loop
      vertex 109 5.10008 29.0145
      vertex 115 5.02281 29.3459
      vertex 109 5.02281 29.3459
    endloop
  endfacet
  facet normal 0 -0.973878 -0.227072
    outer loop
      vertex 115 5.02281 29.3459
      vertex 109 5.10008 29.0145
      vertex 115 5.10008 29.0145
    endloop
  endfacet
  facet normal 0 -0.849231 -0.528022
    outer loop
      vertex 109 4.50333 30.6
      vertex 115 4.32364 30.889
      vertex 109 4.32364 30.889
    endloop
  endfacet
  facet normal 0 -0.849231 -0.528022
    outer loop
      vertex 115 4.32364 30.889
      vertex 109 4.50333 30.6
      vertex 115 4.50333 30.6
    endloop
  endfacet
  facet normal 0 0.729872 -0.683584
    outer loop
      vertex 115 -3.90957 31.4286
      vertex 109 -3.79999 31.5456
      vertex 115 -3.79999 31.5456
    endloop
  endfacet
  facet normal 0 0.729872 -0.683584
    outer loop
      vertex 109 -3.79999 31.5456
      vertex 115 -3.90957 31.4286
      vertex 109 -3.90957 31.4286
    endloop
  endfacet
  facet normal 0 -0.812859 -0.582461
    outer loop
      vertex 109 4.32364 30.889
      vertex 115 4.12544 31.1656
      vertex 109 4.12544 31.1656
    endloop
  endfacet
  facet normal 0 -0.812859 -0.582461
    outer loop
      vertex 115 4.12544 31.1656
      vertex 109 4.32364 30.889
      vertex 115 4.32364 30.889
    endloop
  endfacet
  facet normal 0 -0.29035 0.956921
    outer loop
      vertex 109 1.67148 23.076
      vertex 115 1.34586 22.9772
      vertex 115 1.67148 23.076
    endloop
  endfacet
  facet normal 0 -0.29035 0.956921
    outer loop
      vertex 115 1.34586 22.9772
      vertex 109 1.67148 23.076
      vertex 109 1.34586 22.9772
    endloop
  endfacet
  facet normal 0 -0.935911 -0.352237
    outer loop
      vertex 109 4.92404 29.6715
      vertex 115 4.80417 29.99
      vertex 109 4.80417 29.99
    endloop
  endfacet
  facet normal 0 -0.935911 -0.352237
    outer loop
      vertex 115 4.80417 29.99
      vertex 109 4.92404 29.6715
      vertex 115 4.92404 29.6715
    endloop
  endfacet
  facet normal 0 0.849231 0.528022
    outer loop
      vertex 115 -4.32364 25.111
      vertex 109 -4.50333 25.4
      vertex 115 -4.50333 25.4
    endloop
  endfacet
  facet normal 0 0.849231 0.528022
    outer loop
      vertex 109 -4.50333 25.4
      vertex 115 -4.32364 25.111
      vertex 109 -4.32364 25.111
    endloop
  endfacet
  facet normal -0 0.227162 0.973857
    outer loop
      vertex 109 -1.01447 22.8999
      vertex 115 -1.34586 22.9772
      vertex 115 -1.01447 22.8999
    endloop
  endfacet
  facet normal 0 0.227162 0.973857
    outer loop
      vertex 115 -1.34586 22.9772
      vertex 109 -1.01447 22.8999
      vertex 109 -1.34586 22.9772
    endloop
  endfacet
  facet normal -0 0.16281 0.986657
    outer loop
      vertex 109 -0.678736 22.8445
      vertex 115 -1.01447 22.8999
      vertex 115 -0.678736 22.8445
    endloop
  endfacet
  facet normal 0 0.16281 0.986657
    outer loop
      vertex 115 -1.01447 22.8999
      vertex 109 -0.678736 22.8445
      vertex 109 -1.01447 22.8999
    endloop
  endfacet
  facet normal 0 0.986648 -0.162865
    outer loop
      vertex 115 -5.15551 28.6787
      vertex 109 -5.10008 29.0145
      vertex 115 -5.10008 29.0145
    endloop
  endfacet
  facet normal 0 0.986648 -0.162865
    outer loop
      vertex 109 -5.10008 29.0145
      vertex 115 -5.15551 28.6787
      vertex 109 -5.15551 28.6787
    endloop
  endfacet
  facet normal 0 -0.881917 -0.471404
    outer loop
      vertex 109 4.66374 30.2999
      vertex 115 4.50333 30.6
      vertex 109 4.50333 30.6
    endloop
  endfacet
  facet normal 0 -0.881917 -0.471404
    outer loop
      vertex 115 4.50333 30.6
      vertex 109 4.66374 30.2999
      vertex 115 4.66374 30.2999
    endloop
  endfacet
  facet normal 0 -0.910846 0.412746
    outer loop
      vertex 109 4.66374 25.7001
      vertex 115 4.80417 26.01
      vertex 109 4.80417 26.01
    endloop
  endfacet
  facet normal 0 -0.910846 0.412746
    outer loop
      vertex 115 4.80417 26.01
      vertex 109 4.66374 25.7001
      vertex 115 4.66374 25.7001
    endloop
  endfacet
  facet normal 0 -0.95694 -0.290286
    outer loop
      vertex 109 5.02281 29.3459
      vertex 115 4.92404 29.6715
      vertex 109 4.92404 29.6715
    endloop
  endfacet
  facet normal 0 -0.95694 -0.290286
    outer loop
      vertex 115 4.92404 29.6715
      vertex 109 5.02281 29.3459
      vertex 115 5.02281 29.3459
    endloop
  endfacet
  facet normal 0 -0.471381 0.88193
    outer loop
      vertex 109 2.6 23.4967
      vertex 115 2.2999 23.3363
      vertex 115 2.6 23.4967
    endloop
  endfacet
  facet normal 0 -0.471381 0.88193
    outer loop
      vertex 115 2.2999 23.3363
      vertex 109 2.6 23.4967
      vertex 109 2.2999 23.3363
    endloop
  endfacet
  facet normal 0 -0.986648 0.162865
    outer loop
      vertex 109 5.10008 26.9855
      vertex 115 5.15551 27.3213
      vertex 109 5.15551 27.3213
    endloop
  endfacet
  facet normal 0 -0.986648 0.162865
    outer loop
      vertex 115 5.15551 27.3213
      vertex 109 5.10008 26.9855
      vertex 115 5.10008 26.9855
    endloop
  endfacet
  facet normal 0 0.995182 -0.0980486
    outer loop
      vertex 115 -5.18887 28.3401
      vertex 109 -5.15551 28.6787
      vertex 115 -5.15551 28.6787
    endloop
  endfacet
  facet normal 0 0.995182 -0.0980486
    outer loop
      vertex 109 -5.15551 28.6787
      vertex 115 -5.18887 28.3401
      vertex 109 -5.18887 28.3401
    endloop
  endfacet
  facet normal 0 -0.412862 0.910794
    outer loop
      vertex 109 2.2999 23.3363
      vertex 115 1.98995 23.1958
      vertex 115 2.2999 23.3363
    endloop
  endfacet
  facet normal 0 -0.412862 0.910794
    outer loop
      vertex 115 1.98995 23.1958
      vertex 109 2.2999 23.3363
      vertex 109 1.98995 23.1958
    endloop
  endfacet
  facet normal 0 -0.910846 -0.412746
    outer loop
      vertex 109 4.80417 29.99
      vertex 115 4.66374 30.2999
      vertex 109 4.66374 30.2999
    endloop
  endfacet
  facet normal 0 -0.910846 -0.412746
    outer loop
      vertex 115 4.66374 30.2999
      vertex 109 4.80417 29.99
      vertex 115 4.80417 29.99
    endloop
  endfacet
  facet normal 0 -0.881917 0.471404
    outer loop
      vertex 109 4.50333 25.4
      vertex 115 4.66374 25.7001
      vertex 109 4.66374 25.7001
    endloop
  endfacet
  facet normal 0 -0.881917 0.471404
    outer loop
      vertex 115 4.66374 25.7001
      vertex 109 4.50333 25.4
      vertex 115 4.50333 25.4
    endloop
  endfacet
  facet normal 0 -0.0981536 0.995171
    outer loop
      vertex 109 0.678736 22.8445
      vertex 115 0.340096 22.8111
      vertex 115 0.678736 22.8445
    endloop
  endfacet
  facet normal 0 -0.0981536 0.995171
    outer loop
      vertex 115 0.340096 22.8111
      vertex 109 0.678736 22.8445
      vertex 109 0.340096 22.8111
    endloop
  endfacet
  facet normal 0 -0.849231 0.528022
    outer loop
      vertex 109 4.32364 25.111
      vertex 115 4.50333 25.4
      vertex 109 4.50333 25.4
    endloop
  endfacet
  facet normal 0 -0.849231 0.528022
    outer loop
      vertex 115 4.50333 25.4
      vertex 109 4.32364 25.111
      vertex 115 4.32364 25.111
    endloop
  endfacet
  facet normal 0 -0.999465 -0.0327082
    outer loop
      vertex 109 5.2 28
      vertex 115 5.18887 28.3401
      vertex 109 5.18887 28.3401
    endloop
  endfacet
  facet normal 0 -0.999465 -0.0327082
    outer loop
      vertex 115 5.18887 28.3401
      vertex 109 5.2 28
      vertex 115 5.2 28
    endloop
  endfacet
  facet normal 0 -0.986648 -0.162865
    outer loop
      vertex 109 5.15551 28.6787
      vertex 115 5.10008 29.0145
      vertex 109 5.10008 29.0145
    endloop
  endfacet
  facet normal 0 -0.986648 -0.162865
    outer loop
      vertex 115 5.10008 29.0145
      vertex 109 5.15551 28.6787
      vertex 115 5.15551 28.6787
    endloop
  endfacet
  facet normal -0 0.29035 0.956921
    outer loop
      vertex 109 -1.34586 22.9772
      vertex 115 -1.67148 23.076
      vertex 115 -1.34586 22.9772
    endloop
  endfacet
  facet normal 0 0.29035 0.956921
    outer loop
      vertex 115 -1.67148 23.076
      vertex 109 -1.34586 22.9772
      vertex 109 -1.67148 23.076
    endloop
  endfacet
  facet normal -0 0.352086 0.935968
    outer loop
      vertex 109 -1.67148 23.076
      vertex 115 -1.98995 23.1958
      vertex 115 -1.67148 23.076
    endloop
  endfacet
  facet normal 0 0.352086 0.935968
    outer loop
      vertex 115 -1.98995 23.1958
      vertex 109 -1.67148 23.076
      vertex 109 -1.98995 23.1958
    endloop
  endfacet
  facet normal 0 0.849231 -0.528022
    outer loop
      vertex 115 -4.50333 30.6
      vertex 109 -4.32364 30.889
      vertex 115 -4.32364 30.889
    endloop
  endfacet
  facet normal 0 0.849231 -0.528022
    outer loop
      vertex 109 -4.32364 30.889
      vertex 115 -4.50333 30.6
      vertex 109 -4.50333 30.6
    endloop
  endfacet
  facet normal 0 0.935911 -0.352237
    outer loop
      vertex 115 -4.92404 29.6715
      vertex 109 -4.80417 29.99
      vertex 115 -4.80417 29.99
    endloop
  endfacet
  facet normal 0 0.935911 -0.352237
    outer loop
      vertex 109 -4.80417 29.99
      vertex 115 -4.92404 29.6715
      vertex 109 -4.92404 29.6715
    endloop
  endfacet
  facet normal 0 -0.772965 0.634449
    outer loop
      vertex 109 3.90957 24.5714
      vertex 115 4.12544 24.8344
      vertex 109 4.12544 24.8344
    endloop
  endfacet
  facet normal 0 -0.772965 0.634449
    outer loop
      vertex 115 4.12544 24.8344
      vertex 109 3.90957 24.5714
      vertex 115 3.90957 24.5714
    endloop
  endfacet
  facet normal -0 0.471381 0.88193
    outer loop
      vertex 109 -2.2999 23.3363
      vertex 115 -2.6 23.4967
      vertex 115 -2.2999 23.3363
    endloop
  endfacet
  facet normal 0 0.471381 0.88193
    outer loop
      vertex 115 -2.6 23.4967
      vertex 109 -2.2999 23.3363
      vertex 109 -2.6 23.4967
    endloop
  endfacet
  facet normal -0 0.528096 0.849185
    outer loop
      vertex 109 -2.6 23.4967
      vertex 115 -2.88896 23.6764
      vertex 115 -2.6 23.4967
    endloop
  endfacet
  facet normal 0 0.528096 0.849185
    outer loop
      vertex 115 -2.88896 23.6764
      vertex 109 -2.6 23.4967
      vertex 109 -2.88896 23.6764
    endloop
  endfacet
  facet normal 0 -0.812859 0.582461
    outer loop
      vertex 109 4.12544 24.8344
      vertex 115 4.32364 25.111
      vertex 109 4.32364 25.111
    endloop
  endfacet
  facet normal 0 -0.812859 0.582461
    outer loop
      vertex 115 4.32364 25.111
      vertex 109 4.12544 24.8344
      vertex 115 4.12544 24.8344
    endloop
  endfacet
  facet normal -0 0.412862 0.910794
    outer loop
      vertex 109 -1.98995 23.1958
      vertex 115 -2.2999 23.3363
      vertex 115 -1.98995 23.1958
    endloop
  endfacet
  facet normal 0 0.412862 0.910794
    outer loop
      vertex 115 -2.2999 23.3363
      vertex 109 -1.98995 23.1958
      vertex 109 -2.2999 23.3363
    endloop
  endfacet
  facet normal 0 -0.352086 0.935968
    outer loop
      vertex 109 1.98995 23.1958
      vertex 115 1.67148 23.076
      vertex 115 1.98995 23.1958
    endloop
  endfacet
  facet normal 0 -0.352086 0.935968
    outer loop
      vertex 115 1.67148 23.076
      vertex 109 1.98995 23.1958
      vertex 109 1.67148 23.076
    endloop
  endfacet
  facet normal 0 -0.582461 0.812859
    outer loop
      vertex 109 3.16556 23.8746
      vertex 115 2.88896 23.6764
      vertex 115 3.16556 23.8746
    endloop
  endfacet
  facet normal 0 -0.582461 0.812859
    outer loop
      vertex 115 2.88896 23.6764
      vertex 109 3.16556 23.8746
      vertex 109 2.88896 23.6764
    endloop
  endfacet
  facet normal -0 0.582461 0.812859
    outer loop
      vertex 109 -2.88896 23.6764
      vertex 115 -3.16556 23.8746
      vertex 115 -2.88896 23.6764
    endloop
  endfacet
  facet normal 0 0.582461 0.812859
    outer loop
      vertex 115 -3.16556 23.8746
      vertex 109 -2.88896 23.6764
      vertex 109 -3.16556 23.8746
    endloop
  endfacet
  facet normal 0 -0.935911 0.352237
    outer loop
      vertex 109 4.80417 26.01
      vertex 115 4.92404 26.3285
      vertex 109 4.92404 26.3285
    endloop
  endfacet
  facet normal 0 -0.935911 0.352237
    outer loop
      vertex 115 4.92404 26.3285
      vertex 109 4.80417 26.01
      vertex 115 4.80417 26.01
    endloop
  endfacet
  facet normal 0 -0.634268 0.773113
    outer loop
      vertex 109 3.4286 24.0904
      vertex 115 3.16556 23.8746
      vertex 115 3.4286 24.0904
    endloop
  endfacet
  facet normal 0 -0.634268 0.773113
    outer loop
      vertex 115 3.16556 23.8746
      vertex 109 3.4286 24.0904
      vertex 109 3.16556 23.8746
    endloop
  endfacet
  facet normal 0 0.973878 -0.227072
    outer loop
      vertex 115 -5.10008 29.0145
      vertex 109 -5.02281 29.3459
      vertex 115 -5.02281 29.3459
    endloop
  endfacet
  facet normal 0 0.973878 -0.227072
    outer loop
      vertex 109 -5.02281 29.3459
      vertex 115 -5.10008 29.0145
      vertex 109 -5.10008 29.0145
    endloop
  endfacet
  facet normal 0 0.729926 0.683527
    outer loop
      vertex 115 -3.67696 24.323
      vertex 109 -3.90957 24.5714
      vertex 115 -3.90957 24.5714
    endloop
  endfacet
  facet normal 0 0.729926 0.683527
    outer loop
      vertex 109 -3.90957 24.5714
      vertex 115 -3.67696 24.323
      vertex 109 -3.67696 24.323
    endloop
  endfacet
  facet normal 0 0.812859 -0.582461
    outer loop
      vertex 115 -4.32364 30.889
      vertex 109 -4.12544 31.1656
      vertex 115 -4.12544 31.1656
    endloop
  endfacet
  facet normal 0 0.812859 -0.582461
    outer loop
      vertex 109 -4.12544 31.1656
      vertex 115 -4.32364 30.889
      vertex 109 -4.32364 30.889
    endloop
  endfacet
  facet normal 0 0.772965 -0.634449
    outer loop
      vertex 115 -4.12544 31.1656
      vertex 109 -3.90957 31.4286
      vertex 115 -3.90957 31.4286
    endloop
  endfacet
  facet normal 0 0.772965 -0.634449
    outer loop
      vertex 109 -3.90957 31.4286
      vertex 115 -4.12544 31.1656
      vertex 109 -4.12544 31.1656
    endloop
  endfacet
  facet normal 0 0.95694 0.290286
    outer loop
      vertex 115 -4.92404 26.3285
      vertex 109 -5.02281 26.6541
      vertex 115 -5.02281 26.6541
    endloop
  endfacet
  facet normal 0 0.95694 0.290286
    outer loop
      vertex 109 -5.02281 26.6541
      vertex 115 -4.92404 26.3285
      vertex 109 -4.92404 26.3285
    endloop
  endfacet
  facet normal 0 -0.95694 0.290286
    outer loop
      vertex 109 4.92404 26.3285
      vertex 115 5.02281 26.6541
      vertex 109 5.02281 26.6541
    endloop
  endfacet
  facet normal 0 -0.95694 0.290286
    outer loop
      vertex 115 5.02281 26.6541
      vertex 109 4.92404 26.3285
      vertex 115 4.92404 26.3285
    endloop
  endfacet
  facet normal 0 -0.772965 -0.634449
    outer loop
      vertex 109 4.12544 31.1656
      vertex 115 3.90957 31.4286
      vertex 109 3.90957 31.4286
    endloop
  endfacet
  facet normal 0 -0.772965 -0.634449
    outer loop
      vertex 115 3.90957 31.4286
      vertex 109 4.12544 31.1656
      vertex 115 4.12544 31.1656
    endloop
  endfacet
  facet normal 0 0.910846 -0.412746
    outer loop
      vertex 115 -4.80417 29.99
      vertex 109 -4.66374 30.2999
      vertex 115 -4.66374 30.2999
    endloop
  endfacet
  facet normal 0 0.910846 -0.412746
    outer loop
      vertex 109 -4.66374 30.2999
      vertex 115 -4.80417 29.99
      vertex 109 -4.80417 29.99
    endloop
  endfacet
  facet normal 0 0.881917 -0.471404
    outer loop
      vertex 115 -4.66374 30.2999
      vertex 109 -4.50333 30.6
      vertex 115 -4.50333 30.6
    endloop
  endfacet
  facet normal 0 0.881917 -0.471404
    outer loop
      vertex 109 -4.50333 30.6
      vertex 115 -4.66374 30.2999
      vertex 109 -4.66374 30.2999
    endloop
  endfacet
  facet normal 0 -0.860288 0.509809
    outer loop
      vertex 109 3.79999 34.5
      vertex 115 4.39603 35.5058
      vertex 109 4.39603 35.5058
    endloop
  endfacet
  facet normal 0 -0.860288 0.509809
    outer loop
      vertex 115 4.39603 35.5058
      vertex 109 3.79999 34.5
      vertex 115 3.79999 34.5
    endloop
  endfacet
  facet normal 0 0.860288 0.509809
    outer loop
      vertex 115 -3.79999 34.5
      vertex 109 -4.39603 35.5058
      vertex 115 -4.39603 35.5058
    endloop
  endfacet
  facet normal 0 0.860288 0.509809
    outer loop
      vertex 109 -4.39603 35.5058
      vertex 115 -3.79999 34.5
      vertex 109 -3.79999 34.5
    endloop
  endfacet
  facet normal 0 1 -0
    outer loop
      vertex 115 -3.79999 31.5456
      vertex 109 -3.79999 34.5
      vertex 115 -3.79999 34.5
    endloop
  endfacet
  facet normal 0 1 0
    outer loop
      vertex 109 -3.79999 34.5
      vertex 115 -3.79999 31.5456
      vertex 109 -3.79999 31.5456
    endloop
  endfacet
  facet normal 0 -1 0
    outer loop
      vertex 109 3.79999 31.5456
      vertex 115 3.79999 34.5
      vertex 109 3.79999 34.5
    endloop
  endfacet
  facet normal 0 -1 -0
    outer loop
      vertex 115 3.79999 34.5
      vertex 109 3.79999 31.5456
      vertex 115 3.79999 31.5456
    endloop
  endfacet
  facet normal 0.99521 0.0977643 0
    outer loop
      vertex -21.0043 -16.8692 54.79
      vertex -21.0171 -16.7389 52
      vertex -21.0171 -16.7389 54.79
    endloop
  endfacet
  facet normal 0.99521 0.0977643 0
    outer loop
      vertex -21.0171 -16.7389 52
      vertex -21.0043 -16.8692 54.79
      vertex -21.0043 -16.8692 52
    endloop
  endfacet
  facet normal 0.99946 0.0328569 0
    outer loop
      vertex -21 -17 54.79
      vertex -21.0043 -16.8692 52
      vertex -21.0043 -16.8692 54.79
    endloop
  endfacet
  facet normal 0.99946 0.0328569 0
    outer loop
      vertex -21.0043 -16.8692 52
      vertex -21 -17 54.79
      vertex -21 -17 52
    endloop
  endfacet
  facet normal 0.729656 -0.683814 0
    outer loop
      vertex -21.5858 -18.4142 54.79
      vertex -21.4963 -18.3187 52
      vertex -21.4963 -18.3187 54.79
    endloop
  endfacet
  facet normal 0.729656 -0.683814 0
    outer loop
      vertex -21.4963 -18.3187 52
      vertex -21.5858 -18.4142 54.79
      vertex -21.5858 -18.4142 52
    endloop
  endfacet
  facet normal 0.93592 0.352212 0
    outer loop
      vertex -21.1061 -16.3571 54.79
      vertex -21.1522 -16.2346 52
      vertex -21.1522 -16.2346 54.79
    endloop
  endfacet
  facet normal 0.93592 0.352212 0
    outer loop
      vertex -21.1522 -16.2346 52
      vertex -21.1061 -16.3571 54.79
      vertex -21.1061 -16.3571 52
    endloop
  endfacet
  facet normal 0.58225 -0.81301 0
    outer loop
      vertex -21.8889 -18.6629 52
      vertex -21.7825 -18.5867 54.79
      vertex -21.8889 -18.6629 54.79
    endloop
  endfacet
  facet normal 0.58225 -0.81301 0
    outer loop
      vertex -21.7825 -18.5867 54.79
      vertex -21.8889 -18.6629 52
      vertex -21.7825 -18.5867 52
    endloop
  endfacet
  facet normal -0.95696 0.290219 0
    outer loop
      vertex -24.9319 -16.4824 52
      vertex -24.8939 -16.3571 54.79
      vertex -24.8939 -16.3571 52
    endloop
  endfacet
  facet normal -0.95696 0.290219 0
    outer loop
      vertex -24.8939 -16.3571 54.79
      vertex -24.9319 -16.4824 52
      vertex -24.9319 -16.4824 54.79
    endloop
  endfacet
  facet normal 0.528143 -0.849156 0
    outer loop
      vertex -22 -18.732 52
      vertex -21.8889 -18.6629 54.79
      vertex -22 -18.732 54.79
    endloop
  endfacet
  facet normal 0.528143 -0.849156 0
    outer loop
      vertex -21.8889 -18.6629 54.79
      vertex -22 -18.732 52
      vertex -21.8889 -18.6629 52
    endloop
  endfacet
  facet normal -0.4715 0.881866 0
    outer loop
      vertex -23.8846 -15.2063 52
      vertex -24 -15.268 54.79
      vertex -23.8846 -15.2063 54.79
    endloop
  endfacet
  facet normal -0.4715 0.881866 0
    outer loop
      vertex -24 -15.268 54.79
      vertex -23.8846 -15.2063 52
      vertex -24 -15.268 52
    endloop
  endfacet
  facet normal -0.973886 0.227036 0
    outer loop
      vertex -24.9616 -16.6098 52
      vertex -24.9319 -16.4824 54.79
      vertex -24.9319 -16.4824 52
    endloop
  endfacet
  facet normal -0.973886 0.227036 0
    outer loop
      vertex -24.9319 -16.4824 54.79
      vertex -24.9616 -16.6098 52
      vertex -24.9616 -16.6098 54.79
    endloop
  endfacet
  facet normal 0.973886 0.227036 0
    outer loop
      vertex -21.0384 -16.6098 54.79
      vertex -21.0681 -16.4824 52
      vertex -21.0681 -16.4824 54.79
    endloop
  endfacet
  facet normal 0.973886 0.227036 0
    outer loop
      vertex -21.0681 -16.4824 52
      vertex -21.0384 -16.6098 54.79
      vertex -21.0384 -16.6098 52
    endloop
  endfacet
  facet normal 0.773208 -0.634153 0
    outer loop
      vertex -21.4963 -18.3187 54.79
      vertex -21.4133 -18.2175 52
      vertex -21.4133 -18.2175 54.79
    endloop
  endfacet
  facet normal 0.773208 -0.634153 0
    outer loop
      vertex -21.4133 -18.2175 52
      vertex -21.4963 -18.3187 54.79
      vertex -21.4963 -18.3187 52
    endloop
  endfacet
  facet normal -0.352212 0.93592 0
    outer loop
      vertex -23.6429 -15.1061 52
      vertex -23.7654 -15.1522 54.79
      vertex -23.6429 -15.1061 54.79
    endloop
  endfacet
  facet normal -0.352212 0.93592 0
    outer loop
      vertex -23.7654 -15.1522 54.79
      vertex -23.6429 -15.1061 52
      vertex -23.7654 -15.1522 52
    endloop
  endfacet
  facet normal 0.352212 -0.93592 0
    outer loop
      vertex -22.3571 -18.8939 52
      vertex -22.2346 -18.8478 54.79
      vertex -22.3571 -18.8939 54.79
    endloop
  endfacet
  facet normal 0.352212 -0.93592 0
    outer loop
      vertex -22.2346 -18.8478 54.79
      vertex -22.3571 -18.8939 52
      vertex -22.2346 -18.8478 52
    endloop
  endfacet
  facet normal 0.290219 0.95696 -0
    outer loop
      vertex -22.3571 -15.1061 52
      vertex -22.4824 -15.0681 54.79
      vertex -22.3571 -15.1061 54.79
    endloop
  endfacet
  facet normal 0.290219 0.95696 0
    outer loop
      vertex -22.4824 -15.0681 54.79
      vertex -22.3571 -15.1061 52
      vertex -22.4824 -15.0681 52
    endloop
  endfacet
  facet normal -0.93592 -0.352212 0
    outer loop
      vertex -24.8478 -17.7654 52
      vertex -24.8939 -17.6429 54.79
      vertex -24.8939 -17.6429 52
    endloop
  endfacet
  facet normal -0.93592 -0.352212 0
    outer loop
      vertex -24.8939 -17.6429 54.79
      vertex -24.8478 -17.7654 52
      vertex -24.8478 -17.7654 54.79
    endloop
  endfacet
  facet normal -0.729656 -0.683814 0
    outer loop
      vertex -24.4142 -18.4142 52
      vertex -24.5037 -18.3187 54.79
      vertex -24.5037 -18.3187 52
    endloop
  endfacet
  facet normal -0.729656 -0.683814 0
    outer loop
      vertex -24.5037 -18.3187 54.79
      vertex -24.4142 -18.4142 52
      vertex -24.4142 -18.4142 54.79
    endloop
  endfacet
  facet normal 0.986661 0.162788 0
    outer loop
      vertex -21.0171 -16.7389 54.79
      vertex -21.0384 -16.6098 52
      vertex -21.0384 -16.6098 54.79
    endloop
  endfacet
  facet normal 0.986661 0.162788 0
    outer loop
      vertex -21.0384 -16.6098 52
      vertex -21.0171 -16.7389 54.79
      vertex -21.0171 -16.7389 52
    endloop
  endfacet
  facet normal 0.162788 -0.986661 0
    outer loop
      vertex -22.7389 -18.9829 52
      vertex -22.6098 -18.9616 54.79
      vertex -22.7389 -18.9829 54.79
    endloop
  endfacet
  facet normal 0.162788 -0.986661 0
    outer loop
      vertex -22.6098 -18.9616 54.79
      vertex -22.7389 -18.9829 52
      vertex -22.6098 -18.9616 52
    endloop
  endfacet
  facet normal 0.413285 0.910602 -0
    outer loop
      vertex -22.1154 -15.2063 52
      vertex -22.2346 -15.1522 54.79
      vertex -22.1154 -15.2063 54.79
    endloop
  endfacet
  facet normal 0.413285 0.910602 0
    outer loop
      vertex -22.2346 -15.1522 54.79
      vertex -22.1154 -15.2063 52
      vertex -22.2346 -15.1522 52
    endloop
  endfacet
  facet normal 0.683814 -0.729656 0
    outer loop
      vertex -21.6813 -18.5037 52
      vertex -21.5858 -18.4142 54.79
      vertex -21.6813 -18.5037 54.79
    endloop
  endfacet
  facet normal 0.683814 -0.729656 0
    outer loop
      vertex -21.5858 -18.4142 54.79
      vertex -21.6813 -18.5037 52
      vertex -21.5858 -18.4142 52
    endloop
  endfacet
  facet normal 0.81301 -0.58225 0
    outer loop
      vertex -21.4133 -18.2175 54.79
      vertex -21.3371 -18.1111 52
      vertex -21.3371 -18.1111 54.79
    endloop
  endfacet
  facet normal 0.81301 -0.58225 0
    outer loop
      vertex -21.3371 -18.1111 52
      vertex -21.4133 -18.2175 54.79
      vertex -21.4133 -18.2175 52
    endloop
  endfacet
  facet normal -0.290219 -0.95696 0
    outer loop
      vertex -23.6429 -18.8939 52
      vertex -23.5176 -18.9319 54.79
      vertex -23.6429 -18.8939 54.79
    endloop
  endfacet
  facet normal -0.290219 -0.95696 -0
    outer loop
      vertex -23.5176 -18.9319 54.79
      vertex -23.6429 -18.8939 52
      vertex -23.5176 -18.9319 52
    endloop
  endfacet
  facet normal -0.910602 -0.413285 0
    outer loop
      vertex -24.7937 -17.8846 52
      vertex -24.8478 -17.7654 54.79
      vertex -24.8478 -17.7654 52
    endloop
  endfacet
  facet normal -0.910602 -0.413285 0
    outer loop
      vertex -24.8478 -17.7654 54.79
      vertex -24.7937 -17.8846 52
      vertex -24.7937 -17.8846 54.79
    endloop
  endfacet
  facet normal 0.95696 -0.290219 0
    outer loop
      vertex -21.1061 -17.6429 54.79
      vertex -21.0681 -17.5176 52
      vertex -21.0681 -17.5176 54.79
    endloop
  endfacet
  facet normal 0.95696 -0.290219 0
    outer loop
      vertex -21.0681 -17.5176 52
      vertex -21.1061 -17.6429 54.79
      vertex -21.1061 -17.6429 52
    endloop
  endfacet
  facet normal 0.58225 0.81301 -0
    outer loop
      vertex -21.7825 -15.4133 52
      vertex -21.8889 -15.3371 54.79
      vertex -21.7825 -15.4133 54.79
    endloop
  endfacet
  facet normal 0.58225 0.81301 0
    outer loop
      vertex -21.8889 -15.3371 54.79
      vertex -21.7825 -15.4133 52
      vertex -21.8889 -15.3371 52
    endloop
  endfacet
  facet normal -0.683814 0.729656 0
    outer loop
      vertex -24.3187 -15.4963 52
      vertex -24.4142 -15.5858 54.79
      vertex -24.3187 -15.4963 54.79
    endloop
  endfacet
  facet normal -0.683814 0.729656 0
    outer loop
      vertex -24.4142 -15.5858 54.79
      vertex -24.3187 -15.4963 52
      vertex -24.4142 -15.5858 52
    endloop
  endfacet
  facet normal 0.290219 -0.95696 0
    outer loop
      vertex -22.4824 -18.9319 52
      vertex -22.3571 -18.8939 54.79
      vertex -22.4824 -18.9319 54.79
    endloop
  endfacet
  facet normal 0.290219 -0.95696 0
    outer loop
      vertex -22.3571 -18.8939 54.79
      vertex -22.4824 -18.9319 52
      vertex -22.3571 -18.8939 52
    endloop
  endfacet
  facet normal -0.413285 0.910602 0
    outer loop
      vertex -23.7654 -15.1522 52
      vertex -23.8846 -15.2063 54.79
      vertex -23.7654 -15.1522 54.79
    endloop
  endfacet
  facet normal -0.413285 0.910602 0
    outer loop
      vertex -23.8846 -15.2063 54.79
      vertex -23.7654 -15.1522 52
      vertex -23.8846 -15.2063 52
    endloop
  endfacet
  facet normal -0.99521 0.0977643 0
    outer loop
      vertex -24.9957 -16.8692 52
      vertex -24.9829 -16.7389 54.79
      vertex -24.9829 -16.7389 52
    endloop
  endfacet
  facet normal -0.99521 0.0977643 0
    outer loop
      vertex -24.9829 -16.7389 54.79
      vertex -24.9957 -16.8692 52
      vertex -24.9957 -16.8692 54.79
    endloop
  endfacet
  facet normal 0.849156 0.528143 0
    outer loop
      vertex -21.268 -16 54.79
      vertex -21.3371 -15.8889 52
      vertex -21.3371 -15.8889 54.79
    endloop
  endfacet
  facet normal 0.849156 0.528143 0
    outer loop
      vertex -21.3371 -15.8889 52
      vertex -21.268 -16 54.79
      vertex -21.268 -16 52
    endloop
  endfacet
  facet normal -0.0977643 0.99521 0
    outer loop
      vertex -23.1308 -15.0043 52
      vertex -23.2611 -15.0171 54.79
      vertex -23.1308 -15.0043 54.79
    endloop
  endfacet
  facet normal -0.0977643 0.99521 0
    outer loop
      vertex -23.2611 -15.0171 54.79
      vertex -23.1308 -15.0043 52
      vertex -23.2611 -15.0171 52
    endloop
  endfacet
  facet normal -0.634153 0.773208 0
    outer loop
      vertex -24.2175 -15.4133 52
      vertex -24.3187 -15.4963 54.79
      vertex -24.2175 -15.4133 54.79
    endloop
  endfacet
  facet normal -0.634153 0.773208 0
    outer loop
      vertex -24.3187 -15.4963 54.79
      vertex -24.2175 -15.4133 52
      vertex -24.3187 -15.4963 52
    endloop
  endfacet
  facet normal -0.162788 0.986661 0
    outer loop
      vertex -23.2611 -15.0171 52
      vertex -23.3902 -15.0384 54.79
      vertex -23.2611 -15.0171 54.79
    endloop
  endfacet
  facet normal -0.162788 0.986661 0
    outer loop
      vertex -23.3902 -15.0384 54.79
      vertex -23.2611 -15.0171 52
      vertex -23.3902 -15.0384 52
    endloop
  endfacet
  facet normal -0.773208 -0.634153 0
    outer loop
      vertex -24.5037 -18.3187 52
      vertex -24.5867 -18.2175 54.79
      vertex -24.5867 -18.2175 52
    endloop
  endfacet
  facet normal -0.773208 -0.634153 0
    outer loop
      vertex -24.5867 -18.2175 54.79
      vertex -24.5037 -18.3187 52
      vertex -24.5037 -18.3187 54.79
    endloop
  endfacet
  facet normal 0.99946 -0.0328569 0
    outer loop
      vertex -21.0043 -17.1308 54.79
      vertex -21 -17 52
      vertex -21 -17 54.79
    endloop
  endfacet
  facet normal 0.99946 -0.0328569 0
    outer loop
      vertex -21 -17 52
      vertex -21.0043 -17.1308 54.79
      vertex -21.0043 -17.1308 52
    endloop
  endfacet
  facet normal 0.683814 0.729656 -0
    outer loop
      vertex -21.5858 -15.5858 52
      vertex -21.6813 -15.4963 54.79
      vertex -21.5858 -15.5858 54.79
    endloop
  endfacet
  facet normal 0.683814 0.729656 0
    outer loop
      vertex -21.6813 -15.4963 54.79
      vertex -21.5858 -15.5858 52
      vertex -21.6813 -15.4963 52
    endloop
  endfacet
  facet normal -0.58225 -0.81301 0
    outer loop
      vertex -24.2175 -18.5867 52
      vertex -24.1111 -18.6629 54.79
      vertex -24.2175 -18.5867 54.79
    endloop
  endfacet
  facet normal -0.58225 -0.81301 -0
    outer loop
      vertex -24.1111 -18.6629 54.79
      vertex -24.2175 -18.5867 52
      vertex -24.1111 -18.6629 52
    endloop
  endfacet
  facet normal -0.99946 -0.0328569 0
    outer loop
      vertex -24.9957 -17.1308 52
      vertex -25 -17 54.79
      vertex -25 -17 52
    endloop
  endfacet
  facet normal -0.99946 -0.0328569 0
    outer loop
      vertex -25 -17 54.79
      vertex -24.9957 -17.1308 52
      vertex -24.9957 -17.1308 54.79
    endloop
  endfacet
  facet normal 0.881866 -0.4715 0
    outer loop
      vertex -21.268 -18 54.79
      vertex -21.2063 -17.8846 52
      vertex -21.2063 -17.8846 54.79
    endloop
  endfacet
  facet normal 0.881866 -0.4715 0
    outer loop
      vertex -21.2063 -17.8846 52
      vertex -21.268 -18 54.79
      vertex -21.268 -18 52
    endloop
  endfacet
  facet normal -0.290219 0.95696 0
    outer loop
      vertex -23.5176 -15.0681 52
      vertex -23.6429 -15.1061 54.79
      vertex -23.5176 -15.0681 54.79
    endloop
  endfacet
  facet normal -0.290219 0.95696 0
    outer loop
      vertex -23.6429 -15.1061 54.79
      vertex -23.5176 -15.0681 52
      vertex -23.6429 -15.1061 52
    endloop
  endfacet
  facet normal 0.99521 -0.0977643 0
    outer loop
      vertex -21.0171 -17.2611 54.79
      vertex -21.0043 -17.1308 52
      vertex -21.0043 -17.1308 54.79
    endloop
  endfacet
  facet normal 0.99521 -0.0977643 0
    outer loop
      vertex -21.0043 -17.1308 52
      vertex -21.0171 -17.2611 54.79
      vertex -21.0171 -17.2611 52
    endloop
  endfacet
  facet normal -0.881866 0.4715 0
    outer loop
      vertex -24.7937 -16.1154 52
      vertex -24.732 -16 54.79
      vertex -24.732 -16 52
    endloop
  endfacet
  facet normal -0.881866 0.4715 0
    outer loop
      vertex -24.732 -16 54.79
      vertex -24.7937 -16.1154 52
      vertex -24.7937 -16.1154 54.79
    endloop
  endfacet
  facet normal 0.95696 0.290219 0
    outer loop
      vertex -21.0681 -16.4824 54.79
      vertex -21.1061 -16.3571 52
      vertex -21.1061 -16.3571 54.79
    endloop
  endfacet
  facet normal 0.95696 0.290219 0
    outer loop
      vertex -21.1061 -16.3571 52
      vertex -21.0681 -16.4824 54.79
      vertex -21.0681 -16.4824 52
    endloop
  endfacet
  facet normal 0.849156 -0.528143 0
    outer loop
      vertex -21.3371 -18.1111 54.79
      vertex -21.268 -18 52
      vertex -21.268 -18 54.79
    endloop
  endfacet
  facet normal 0.849156 -0.528143 0
    outer loop
      vertex -21.268 -18 52
      vertex -21.3371 -18.1111 54.79
      vertex -21.3371 -18.1111 52
    endloop
  endfacet
  facet normal -0.162788 -0.986661 0
    outer loop
      vertex -23.3902 -18.9616 52
      vertex -23.2611 -18.9829 54.79
      vertex -23.3902 -18.9616 54.79
    endloop
  endfacet
  facet normal -0.162788 -0.986661 -0
    outer loop
      vertex -23.2611 -18.9829 54.79
      vertex -23.3902 -18.9616 52
      vertex -23.2611 -18.9829 52
    endloop
  endfacet
  facet normal -0.95696 -0.290219 0
    outer loop
      vertex -24.8939 -17.6429 52
      vertex -24.9319 -17.5176 54.79
      vertex -24.9319 -17.5176 52
    endloop
  endfacet
  facet normal -0.95696 -0.290219 0
    outer loop
      vertex -24.9319 -17.5176 54.79
      vertex -24.8939 -17.6429 52
      vertex -24.8939 -17.6429 54.79
    endloop
  endfacet
  facet normal 0.729656 0.683814 0
    outer loop
      vertex -21.4963 -15.6813 54.79
      vertex -21.5858 -15.5858 52
      vertex -21.5858 -15.5858 54.79
    endloop
  endfacet
  facet normal 0.729656 0.683814 0
    outer loop
      vertex -21.5858 -15.5858 52
      vertex -21.4963 -15.6813 54.79
      vertex -21.4963 -15.6813 52
    endloop
  endfacet
  facet normal 0.4715 -0.881866 0
    outer loop
      vertex -22.1154 -18.7937 52
      vertex -22 -18.732 54.79
      vertex -22.1154 -18.7937 54.79
    endloop
  endfacet
  facet normal 0.4715 -0.881866 0
    outer loop
      vertex -22 -18.732 54.79
      vertex -22.1154 -18.7937 52
      vertex -22 -18.732 52
    endloop
  endfacet
  facet normal -0.986661 0.162788 0
    outer loop
      vertex -24.9829 -16.7389 52
      vertex -24.9616 -16.6098 54.79
      vertex -24.9616 -16.6098 52
    endloop
  endfacet
  facet normal -0.986661 0.162788 0
    outer loop
      vertex -24.9616 -16.6098 54.79
      vertex -24.9829 -16.7389 52
      vertex -24.9829 -16.7389 54.79
    endloop
  endfacet
  facet normal -0.849156 -0.528143 0
    outer loop
      vertex -24.6629 -18.1111 52
      vertex -24.732 -18 54.79
      vertex -24.732 -18 52
    endloop
  endfacet
  facet normal -0.849156 -0.528143 0
    outer loop
      vertex -24.732 -18 54.79
      vertex -24.6629 -18.1111 52
      vertex -24.6629 -18.1111 54.79
    endloop
  endfacet
  facet normal 0.634153 0.773208 -0
    outer loop
      vertex -21.6813 -15.4963 52
      vertex -21.7825 -15.4133 54.79
      vertex -21.6813 -15.4963 54.79
    endloop
  endfacet
  facet normal 0.634153 0.773208 0
    outer loop
      vertex -21.7825 -15.4133 54.79
      vertex -21.6813 -15.4963 52
      vertex -21.7825 -15.4133 52
    endloop
  endfacet
  facet normal -0.986661 -0.162788 0
    outer loop
      vertex -24.9616 -17.3902 52
      vertex -24.9829 -17.2611 54.79
      vertex -24.9829 -17.2611 52
    endloop
  endfacet
  facet normal -0.986661 -0.162788 0
    outer loop
      vertex -24.9829 -17.2611 54.79
      vertex -24.9616 -17.3902 52
      vertex -24.9616 -17.3902 54.79
    endloop
  endfacet
  facet normal 0.881866 0.4715 0
    outer loop
      vertex -21.2063 -16.1154 54.79
      vertex -21.268 -16 52
      vertex -21.268 -16 54.79
    endloop
  endfacet
  facet normal 0.881866 0.4715 0
    outer loop
      vertex -21.268 -16 52
      vertex -21.2063 -16.1154 54.79
      vertex -21.2063 -16.1154 52
    endloop
  endfacet
  facet normal 0.4715 0.881866 -0
    outer loop
      vertex -22 -15.268 52
      vertex -22.1154 -15.2063 54.79
      vertex -22 -15.268 54.79
    endloop
  endfacet
  facet normal 0.4715 0.881866 0
    outer loop
      vertex -22.1154 -15.2063 54.79
      vertex -22 -15.268 52
      vertex -22.1154 -15.2063 52
    endloop
  endfacet
  facet normal -0.973886 -0.227036 0
    outer loop
      vertex -24.9319 -17.5176 52
      vertex -24.9616 -17.3902 54.79
      vertex -24.9616 -17.3902 52
    endloop
  endfacet
  facet normal -0.973886 -0.227036 0
    outer loop
      vertex -24.9616 -17.3902 54.79
      vertex -24.9319 -17.5176 52
      vertex -24.9319 -17.5176 54.79
    endloop
  endfacet
  facet normal -0.93592 0.352212 0
    outer loop
      vertex -24.8939 -16.3571 52
      vertex -24.8478 -16.2346 54.79
      vertex -24.8478 -16.2346 52
    endloop
  endfacet
  facet normal -0.93592 0.352212 0
    outer loop
      vertex -24.8478 -16.2346 54.79
      vertex -24.8939 -16.3571 52
      vertex -24.8939 -16.3571 54.79
    endloop
  endfacet
  facet normal 0.0977643 -0.99521 0
    outer loop
      vertex -22.8692 -18.9957 52
      vertex -22.7389 -18.9829 54.79
      vertex -22.8692 -18.9957 54.79
    endloop
  endfacet
  facet normal 0.0977643 -0.99521 0
    outer loop
      vertex -22.7389 -18.9829 54.79
      vertex -22.8692 -18.9957 52
      vertex -22.7389 -18.9829 52
    endloop
  endfacet
  facet normal 0.0328569 -0.99946 0
    outer loop
      vertex -23 -19 52
      vertex -22.8692 -18.9957 54.79
      vertex -23 -19 54.79
    endloop
  endfacet
  facet normal 0.0328569 -0.99946 0
    outer loop
      vertex -22.8692 -18.9957 54.79
      vertex -23 -19 52
      vertex -22.8692 -18.9957 52
    endloop
  endfacet
  facet normal -0.528143 -0.849156 0
    outer loop
      vertex -24.1111 -18.6629 52
      vertex -24 -18.732 54.79
      vertex -24.1111 -18.6629 54.79
    endloop
  endfacet
  facet normal -0.528143 -0.849156 -0
    outer loop
      vertex -24 -18.732 54.79
      vertex -24.1111 -18.6629 52
      vertex -24 -18.732 52
    endloop
  endfacet
  facet normal 0.773208 0.634153 0
    outer loop
      vertex -21.4133 -15.7825 54.79
      vertex -21.4963 -15.6813 52
      vertex -21.4963 -15.6813 54.79
    endloop
  endfacet
  facet normal 0.773208 0.634153 0
    outer loop
      vertex -21.4963 -15.6813 52
      vertex -21.4133 -15.7825 54.79
      vertex -21.4133 -15.7825 52
    endloop
  endfacet
  facet normal -0.849156 0.528143 0
    outer loop
      vertex -24.732 -16 52
      vertex -24.6629 -15.8889 54.79
      vertex -24.6629 -15.8889 52
    endloop
  endfacet
  facet normal -0.849156 0.528143 0
    outer loop
      vertex -24.6629 -15.8889 54.79
      vertex -24.732 -16 52
      vertex -24.732 -16 54.79
    endloop
  endfacet
  facet normal 0.162788 0.986661 -0
    outer loop
      vertex -22.6098 -15.0384 52
      vertex -22.7389 -15.0171 54.79
      vertex -22.6098 -15.0384 54.79
    endloop
  endfacet
  facet normal 0.162788 0.986661 0
    outer loop
      vertex -22.7389 -15.0171 54.79
      vertex -22.6098 -15.0384 52
      vertex -22.7389 -15.0171 52
    endloop
  endfacet
  facet normal 0.973886 -0.227036 0
    outer loop
      vertex -21.0681 -17.5176 54.79
      vertex -21.0384 -17.3902 52
      vertex -21.0384 -17.3902 54.79
    endloop
  endfacet
  facet normal 0.973886 -0.227036 0
    outer loop
      vertex -21.0384 -17.3902 52
      vertex -21.0681 -17.5176 54.79
      vertex -21.0681 -17.5176 52
    endloop
  endfacet
  facet normal -0.81301 0.58225 0
    outer loop
      vertex -24.6629 -15.8889 52
      vertex -24.5867 -15.7825 54.79
      vertex -24.5867 -15.7825 52
    endloop
  endfacet
  facet normal -0.81301 0.58225 0
    outer loop
      vertex -24.5867 -15.7825 54.79
      vertex -24.6629 -15.8889 52
      vertex -24.6629 -15.8889 54.79
    endloop
  endfacet
  facet normal 0.528143 0.849156 -0
    outer loop
      vertex -21.8889 -15.3371 52
      vertex -22 -15.268 54.79
      vertex -21.8889 -15.3371 54.79
    endloop
  endfacet
  facet normal 0.528143 0.849156 0
    outer loop
      vertex -22 -15.268 54.79
      vertex -21.8889 -15.3371 52
      vertex -22 -15.268 52
    endloop
  endfacet
  facet normal 0.0977643 0.99521 -0
    outer loop
      vertex -22.7389 -15.0171 52
      vertex -22.8692 -15.0043 54.79
      vertex -22.7389 -15.0171 54.79
    endloop
  endfacet
  facet normal 0.0977643 0.99521 0
    outer loop
      vertex -22.8692 -15.0043 54.79
      vertex -22.7389 -15.0171 52
      vertex -22.8692 -15.0043 52
    endloop
  endfacet
  facet normal 0.227036 -0.973886 0
    outer loop
      vertex -22.6098 -18.9616 52
      vertex -22.4824 -18.9319 54.79
      vertex -22.6098 -18.9616 54.79
    endloop
  endfacet
  facet normal 0.227036 -0.973886 0
    outer loop
      vertex -22.4824 -18.9319 54.79
      vertex -22.6098 -18.9616 52
      vertex -22.4824 -18.9319 52
    endloop
  endfacet
  facet normal -0.528143 0.849156 0
    outer loop
      vertex -24 -15.268 52
      vertex -24.1111 -15.3371 54.79
      vertex -24 -15.268 54.79
    endloop
  endfacet
  facet normal -0.528143 0.849156 0
    outer loop
      vertex -24.1111 -15.3371 54.79
      vertex -24 -15.268 52
      vertex -24.1111 -15.3371 52
    endloop
  endfacet
  facet normal -0.773208 0.634153 0
    outer loop
      vertex -24.5867 -15.7825 52
      vertex -24.5037 -15.6813 54.79
      vertex -24.5037 -15.6813 52
    endloop
  endfacet
  facet normal -0.773208 0.634153 0
    outer loop
      vertex -24.5037 -15.6813 54.79
      vertex -24.5867 -15.7825 52
      vertex -24.5867 -15.7825 54.79
    endloop
  endfacet
  facet normal 0.81301 0.58225 0
    outer loop
      vertex -21.3371 -15.8889 54.79
      vertex -21.4133 -15.7825 52
      vertex -21.4133 -15.7825 54.79
    endloop
  endfacet
  facet normal 0.81301 0.58225 0
    outer loop
      vertex -21.4133 -15.7825 52
      vertex -21.3371 -15.8889 54.79
      vertex -21.3371 -15.8889 52
    endloop
  endfacet
  facet normal -0.881866 -0.4715 0
    outer loop
      vertex -24.732 -18 52
      vertex -24.7937 -17.8846 54.79
      vertex -24.7937 -17.8846 52
    endloop
  endfacet
  facet normal -0.881866 -0.4715 0
    outer loop
      vertex -24.7937 -17.8846 54.79
      vertex -24.732 -18 52
      vertex -24.732 -18 54.79
    endloop
  endfacet
  facet normal -0.58225 0.81301 0
    outer loop
      vertex -24.1111 -15.3371 52
      vertex -24.2175 -15.4133 54.79
      vertex -24.1111 -15.3371 54.79
    endloop
  endfacet
  facet normal -0.58225 0.81301 0
    outer loop
      vertex -24.2175 -15.4133 54.79
      vertex -24.1111 -15.3371 52
      vertex -24.2175 -15.4133 52
    endloop
  endfacet
  facet normal -0.413285 -0.910602 0
    outer loop
      vertex -23.8846 -18.7937 52
      vertex -23.7654 -18.8478 54.79
      vertex -23.8846 -18.7937 54.79
    endloop
  endfacet
  facet normal -0.413285 -0.910602 -0
    outer loop
      vertex -23.7654 -18.8478 54.79
      vertex -23.8846 -18.7937 52
      vertex -23.7654 -18.8478 52
    endloop
  endfacet
  facet normal 0.0328569 0.99946 -0
    outer loop
      vertex -22.8692 -15.0043 52
      vertex -23 -15 54.79
      vertex -22.8692 -15.0043 54.79
    endloop
  endfacet
  facet normal 0.0328569 0.99946 0
    outer loop
      vertex -23 -15 54.79
      vertex -22.8692 -15.0043 52
      vertex -23 -15 52
    endloop
  endfacet
  facet normal 0.910602 -0.413285 0
    outer loop
      vertex -21.2063 -17.8846 54.79
      vertex -21.1522 -17.7654 52
      vertex -21.1522 -17.7654 54.79
    endloop
  endfacet
  facet normal 0.910602 -0.413285 0
    outer loop
      vertex -21.1522 -17.7654 52
      vertex -21.2063 -17.8846 54.79
      vertex -21.2063 -17.8846 52
    endloop
  endfacet
  facet normal -0.729656 0.683814 0
    outer loop
      vertex -24.5037 -15.6813 52
      vertex -24.4142 -15.5858 54.79
      vertex -24.4142 -15.5858 52
    endloop
  endfacet
  facet normal -0.729656 0.683814 0
    outer loop
      vertex -24.4142 -15.5858 54.79
      vertex -24.5037 -15.6813 52
      vertex -24.5037 -15.6813 54.79
    endloop
  endfacet
  facet normal 0.352212 0.93592 -0
    outer loop
      vertex -22.2346 -15.1522 52
      vertex -22.3571 -15.1061 54.79
      vertex -22.2346 -15.1522 54.79
    endloop
  endfacet
  facet normal 0.352212 0.93592 0
    outer loop
      vertex -22.3571 -15.1061 54.79
      vertex -22.2346 -15.1522 52
      vertex -22.3571 -15.1061 52
    endloop
  endfacet
  facet normal 0.413285 -0.910602 0
    outer loop
      vertex -22.2346 -18.8478 52
      vertex -22.1154 -18.7937 54.79
      vertex -22.2346 -18.8478 54.79
    endloop
  endfacet
  facet normal 0.413285 -0.910602 0
    outer loop
      vertex -22.1154 -18.7937 54.79
      vertex -22.2346 -18.8478 52
      vertex -22.1154 -18.7937 52
    endloop
  endfacet
  facet normal -0.352212 -0.93592 0
    outer loop
      vertex -23.7654 -18.8478 52
      vertex -23.6429 -18.8939 54.79
      vertex -23.7654 -18.8478 54.79
    endloop
  endfacet
  facet normal -0.352212 -0.93592 -0
    outer loop
      vertex -23.6429 -18.8939 54.79
      vertex -23.7654 -18.8478 52
      vertex -23.6429 -18.8939 52
    endloop
  endfacet
  facet normal -0.99521 -0.0977643 0
    outer loop
      vertex -24.9829 -17.2611 52
      vertex -24.9957 -17.1308 54.79
      vertex -24.9957 -17.1308 52
    endloop
  endfacet
  facet normal -0.99521 -0.0977643 0
    outer loop
      vertex -24.9957 -17.1308 54.79
      vertex -24.9829 -17.2611 52
      vertex -24.9829 -17.2611 54.79
    endloop
  endfacet
  facet normal -0.0328569 0.99946 0
    outer loop
      vertex -23 -15 52
      vertex -23.1308 -15.0043 54.79
      vertex -23 -15 54.79
    endloop
  endfacet
  facet normal -0.0328569 0.99946 0
    outer loop
      vertex -23.1308 -15.0043 54.79
      vertex -23 -15 52
      vertex -23.1308 -15.0043 52
    endloop
  endfacet
  facet normal 0.634153 -0.773208 0
    outer loop
      vertex -21.7825 -18.5867 52
      vertex -21.6813 -18.5037 54.79
      vertex -21.7825 -18.5867 54.79
    endloop
  endfacet
  facet normal 0.634153 -0.773208 0
    outer loop
      vertex -21.6813 -18.5037 54.79
      vertex -21.7825 -18.5867 52
      vertex -21.6813 -18.5037 52
    endloop
  endfacet
  facet normal -0.634153 -0.773208 0
    outer loop
      vertex -24.3187 -18.5037 52
      vertex -24.2175 -18.5867 54.79
      vertex -24.3187 -18.5037 54.79
    endloop
  endfacet
  facet normal -0.634153 -0.773208 -0
    outer loop
      vertex -24.2175 -18.5867 54.79
      vertex -24.3187 -18.5037 52
      vertex -24.2175 -18.5867 52
    endloop
  endfacet
  facet normal 0.910602 0.413285 0
    outer loop
      vertex -21.1522 -16.2346 54.79
      vertex -21.2063 -16.1154 52
      vertex -21.2063 -16.1154 54.79
    endloop
  endfacet
  facet normal 0.910602 0.413285 0
    outer loop
      vertex -21.2063 -16.1154 52
      vertex -21.1522 -16.2346 54.79
      vertex -21.1522 -16.2346 52
    endloop
  endfacet
  facet normal -0.910602 0.413285 0
    outer loop
      vertex -24.8478 -16.2346 52
      vertex -24.7937 -16.1154 54.79
      vertex -24.7937 -16.1154 52
    endloop
  endfacet
  facet normal -0.910602 0.413285 0
    outer loop
      vertex -24.7937 -16.1154 54.79
      vertex -24.8478 -16.2346 52
      vertex -24.8478 -16.2346 54.79
    endloop
  endfacet
  facet normal -0.81301 -0.58225 0
    outer loop
      vertex -24.5867 -18.2175 52
      vertex -24.6629 -18.1111 54.79
      vertex -24.6629 -18.1111 52
    endloop
  endfacet
  facet normal -0.81301 -0.58225 0
    outer loop
      vertex -24.6629 -18.1111 54.79
      vertex -24.5867 -18.2175 52
      vertex -24.5867 -18.2175 54.79
    endloop
  endfacet
  facet normal 0.93592 -0.352212 0
    outer loop
      vertex -21.1522 -17.7654 54.79
      vertex -21.1061 -17.6429 52
      vertex -21.1061 -17.6429 54.79
    endloop
  endfacet
  facet normal 0.93592 -0.352212 0
    outer loop
      vertex -21.1061 -17.6429 52
      vertex -21.1522 -17.7654 54.79
      vertex -21.1522 -17.7654 52
    endloop
  endfacet
  facet normal -0.0328569 -0.99946 0
    outer loop
      vertex -23.1308 -18.9957 52
      vertex -23 -19 54.79
      vertex -23.1308 -18.9957 54.79
    endloop
  endfacet
  facet normal -0.0328569 -0.99946 -0
    outer loop
      vertex -23 -19 54.79
      vertex -23.1308 -18.9957 52
      vertex -23 -19 52
    endloop
  endfacet
  facet normal -0.0977643 -0.99521 0
    outer loop
      vertex -23.2611 -18.9829 52
      vertex -23.1308 -18.9957 54.79
      vertex -23.2611 -18.9829 54.79
    endloop
  endfacet
  facet normal -0.0977643 -0.99521 -0
    outer loop
      vertex -23.1308 -18.9957 54.79
      vertex -23.2611 -18.9829 52
      vertex -23.1308 -18.9957 52
    endloop
  endfacet
  facet normal -0.683814 -0.729656 0
    outer loop
      vertex -24.4142 -18.4142 52
      vertex -24.3187 -18.5037 54.79
      vertex -24.4142 -18.4142 54.79
    endloop
  endfacet
  facet normal -0.683814 -0.729656 -0
    outer loop
      vertex -24.3187 -18.5037 54.79
      vertex -24.4142 -18.4142 52
      vertex -24.3187 -18.5037 52
    endloop
  endfacet
  facet normal 0.986661 -0.162788 0
    outer loop
      vertex -21.0384 -17.3902 54.79
      vertex -21.0171 -17.2611 52
      vertex -21.0171 -17.2611 54.79
    endloop
  endfacet
  facet normal 0.986661 -0.162788 0
    outer loop
      vertex -21.0171 -17.2611 52
      vertex -21.0384 -17.3902 54.79
      vertex -21.0384 -17.3902 52
    endloop
  endfacet
  facet normal -0.227036 0.973886 0
    outer loop
      vertex -23.3902 -15.0384 52
      vertex -23.5176 -15.0681 54.79
      vertex -23.3902 -15.0384 54.79
    endloop
  endfacet
  facet normal -0.227036 0.973886 0
    outer loop
      vertex -23.5176 -15.0681 54.79
      vertex -23.3902 -15.0384 52
      vertex -23.5176 -15.0681 52
    endloop
  endfacet
  facet normal -0.99946 0.0328569 0
    outer loop
      vertex -25 -17 52
      vertex -24.9957 -16.8692 54.79
      vertex -24.9957 -16.8692 52
    endloop
  endfacet
  facet normal -0.99946 0.0328569 0
    outer loop
      vertex -24.9957 -16.8692 54.79
      vertex -25 -17 52
      vertex -25 -17 54.79
    endloop
  endfacet
  facet normal -0.227036 -0.973886 0
    outer loop
      vertex -23.5176 -18.9319 52
      vertex -23.3902 -18.9616 54.79
      vertex -23.5176 -18.9319 54.79
    endloop
  endfacet
  facet normal -0.227036 -0.973886 -0
    outer loop
      vertex -23.3902 -18.9616 54.79
      vertex -23.5176 -18.9319 52
      vertex -23.3902 -18.9616 52
    endloop
  endfacet
  facet normal 0.227036 0.973886 -0
    outer loop
      vertex -22.4824 -15.0681 52
      vertex -22.6098 -15.0384 54.79
      vertex -22.4824 -15.0681 54.79
    endloop
  endfacet
  facet normal 0.227036 0.973886 0
    outer loop
      vertex -22.6098 -15.0384 54.79
      vertex -22.4824 -15.0681 52
      vertex -22.6098 -15.0384 52
    endloop
  endfacet
  facet normal -0.4715 -0.881866 0
    outer loop
      vertex -24 -18.732 52
      vertex -23.8846 -18.7937 54.79
      vertex -24 -18.732 54.79
    endloop
  endfacet
  facet normal -0.4715 -0.881866 -0
    outer loop
      vertex -23.8846 -18.7937 54.79
      vertex -24 -18.732 52
      vertex -23.8846 -18.7937 52
    endloop
  endfacet
  facet normal 0.676597 -0.484556 0.554456
    outer loop
      vertex -21.3371 -18.1111 54.79
      vertex -21.7306 -17.974 55.39
      vertex -21.4133 -18.2175 54.79
    endloop
  endfacet
  facet normal 0.733743 0.392707 0.554439
    outer loop
      vertex -21.2063 -16.1154 54.79
      vertex -21.6144 -16.2 55.39
      vertex -21.565 -16.2923 55.39
    endloop
  endfacet
  facet normal 0.831746 0.0270357 0.554497
    outer loop
      vertex -21 -17 54.79
      vertex -21.4034 -16.8954 55.39
      vertex -21.4 -17 55.39
    endloop
  endfacet
  facet normal 0.831764 0.0273439 0.554456
    outer loop
      vertex -21.0043 -16.8692 54.79
      vertex -21.4034 -16.8954 55.39
      vertex -21 -17 54.79
    endloop
  endfacet
  facet normal 0.643469 -0.527746 0.554465
    outer loop
      vertex -21.4133 -18.2175 54.79
      vertex -21.7306 -17.974 55.39
      vertex -21.4963 -18.3187 54.79
    endloop
  endfacet
  facet normal 0.48486 -0.676419 0.554408
    outer loop
      vertex -22.026 -18.2694 55.39
      vertex -22.1111 -18.3304 55.39
      vertex -21.8889 -18.6629 54.79
    endloop
  endfacet
  facet normal 0.778789 -0.293238 0.554526
    outer loop
      vertex -21.4849 -17.5143 55.39
      vertex -21.5218 -17.6123 55.39
      vertex -21.1061 -17.6429 54.79
    endloop
  endfacet
  facet normal -0.82109 -0.13547 0.55449
    outer loop
      vertex -24.5693 -17.3121 55.39
      vertex -24.9829 -17.2611 54.79
      vertex -24.9616 -17.3902 54.79
    endloop
  endfacet
  facet normal -0.707039 -0.439017 0.5544
    outer loop
      vertex -24.3856 -17.8 55.39
      vertex -24.6629 -18.1111 54.79
      vertex -24.3304 -17.8889 55.39
    endloop
  endfacet
  facet normal 0.607237 0.569086 0.55444
    outer loop
      vertex -21.5858 -15.5858 54.79
      vertex -21.8686 -15.8686 55.39
      vertex -21.4963 -15.6813 54.79
    endloop
  endfacet
  facet normal 0.392379 0.733882 0.554487
    outer loop
      vertex -22.1154 -15.2063 54.79
      vertex -22.2 -15.6144 55.39
      vertex -22 -15.268 54.79
    endloop
  endfacet
  facet normal -0.527746 0.643469 0.554465
    outer loop
      vertex -24.2175 -15.4133 54.79
      vertex -24.3187 -15.4963 54.79
      vertex -23.974 -15.7306 55.39
    endloop
  endfacet
  facet normal -0.293238 0.778789 0.554526
    outer loop
      vertex -23.5143 -15.4849 55.39
      vertex -23.6429 -15.1061 54.79
      vertex -23.6123 -15.5218 55.39
    endloop
  endfacet
  facet normal -0.569086 -0.607237 0.55444
    outer loop
      vertex -24.1314 -18.1314 55.39
      vertex -24.4142 -18.4142 54.79
      vertex -24.3187 -18.5037 54.79
    endloop
  endfacet
  facet normal 0.241601 0.796331 0.554514
    outer loop
      vertex -22.4824 -15.0681 54.79
      vertex -22.5859 -15.4545 55.39
      vertex -22.4857 -15.4849 55.39
    endloop
  endfacet
  facet normal 0.569086 -0.607237 0.55444
    outer loop
      vertex -21.5858 -18.4142 54.79
      vertex -21.8686 -18.1314 55.39
      vertex -21.6813 -18.5037 54.79
    endloop
  endfacet
  facet normal -0.707039 0.439017 0.5544
    outer loop
      vertex -24.3304 -16.1111 55.39
      vertex -24.6629 -15.8889 54.79
      vertex -24.3856 -16.2 55.39
    endloop
  endfacet
  facet normal -0.810455 -0.188937 0.554496
    outer loop
      vertex -24.5693 -17.3121 55.39
      vertex -24.9616 -17.3902 54.79
      vertex -24.9319 -17.5176 54.79
    endloop
  endfacet
  facet normal -0.0813604 0.828224 0.55446
    outer loop
      vertex -23.1308 -15.0043 54.79
      vertex -23.2611 -15.0171 54.79
      vertex -23.1046 -15.4034 55.39
    endloop
  endfacet
  facet normal -0.758116 0.343298 0.554443
    outer loop
      vertex -24.435 -16.2923 55.39
      vertex -24.7937 -16.1154 54.79
      vertex -24.4782 -16.3877 55.39
    endloop
  endfacet
  facet normal 0.13547 -0.82109 0.55449
    outer loop
      vertex -22.6879 -18.5693 55.39
      vertex -22.7389 -18.9829 54.79
      vertex -22.6098 -18.9616 54.79
    endloop
  endfacet
  facet normal 0.343918 0.757764 0.554539
    outer loop
      vertex -22.2346 -15.1522 54.79
      vertex -22.3877 -15.5218 55.39
      vertex -22.1154 -15.2063 54.79
    endloop
  endfacet
  facet normal 0.643469 0.527746 0.554465
    outer loop
      vertex -21.4963 -15.6813 54.79
      vertex -21.7306 -16.026 55.39
      vertex -21.4133 -15.7825 54.79
    endloop
  endfacet
  facet normal 0.392707 0.733743 0.554439
    outer loop
      vertex -22.1154 -15.2063 54.79
      vertex -22.2923 -15.565 55.39
      vertex -22.2 -15.6144 55.39
    endloop
  endfacet
  facet normal -0.343298 0.758116 0.554443
    outer loop
      vertex -23.6123 -15.5218 55.39
      vertex -23.8846 -15.2063 54.79
      vertex -23.7077 -15.565 55.39
    endloop
  endfacet
  facet normal 0.828129 0.0818592 0.554528
    outer loop
      vertex -21.0171 -16.7389 54.79
      vertex -21.4137 -16.7912 55.39
      vertex -21.4034 -16.8954 55.39
    endloop
  endfacet
  facet normal 0.13547 0.82109 0.55449
    outer loop
      vertex -22.6098 -15.0384 54.79
      vertex -22.7389 -15.0171 54.79
      vertex -22.6879 -15.4307 55.39
    endloop
  endfacet
  facet normal 0.828224 -0.0813604 0.55446
    outer loop
      vertex -21.0043 -17.1308 54.79
      vertex -21.4034 -17.1046 55.39
      vertex -21.0171 -17.2611 54.79
    endloop
  endfacet
  facet normal -0.0270357 -0.831746 0.554497
    outer loop
      vertex -23 -18.6 55.39
      vertex -23.1046 -18.5966 55.39
      vertex -23 -19 54.79
    endloop
  endfacet
  facet normal -0.188937 0.810455 0.554496
    outer loop
      vertex -23.3902 -15.0384 54.79
      vertex -23.5176 -15.0681 54.79
      vertex -23.3121 -15.4307 55.39
    endloop
  endfacet
  facet normal -0.821115 -0.13513 0.554536
    outer loop
      vertex -24.5863 -17.2088 55.39
      vertex -24.9829 -17.2611 54.79
      vertex -24.5693 -17.3121 55.39
    endloop
  endfacet
  facet normal 0.189094 0.810403 0.554518
    outer loop
      vertex -22.4824 -15.0681 54.79
      vertex -22.6879 -15.4307 55.39
      vertex -22.5859 -15.4545 55.39
    endloop
  endfacet
  facet normal -0.79635 -0.241511 0.554526
    outer loop
      vertex -24.5151 -17.5143 55.39
      vertex -24.9319 -17.5176 54.79
      vertex -24.8939 -17.6429 54.79
    endloop
  endfacet
  facet normal -0.484556 -0.676597 0.554456
    outer loop
      vertex -23.974 -18.2694 55.39
      vertex -24.2175 -18.5867 54.79
      vertex -24.1111 -18.6629 54.79
    endloop
  endfacet
  facet normal -0.293094 0.778829 0.554546
    outer loop
      vertex -23.6429 -15.1061 54.79
      vertex -23.7654 -15.1522 54.79
      vertex -23.6123 -15.5218 55.39
    endloop
  endfacet
  facet normal -0.828129 0.0818592 0.554528
    outer loop
      vertex -24.5863 -16.7912 55.39
      vertex -24.9829 -16.7389 54.79
      vertex -24.5966 -16.8954 55.39
    endloop
  endfacet
  facet normal -0.676419 0.48486 0.554408
    outer loop
      vertex -24.2694 -16.026 55.39
      vertex -24.6629 -15.8889 54.79
      vertex -24.3304 -16.1111 55.39
    endloop
  endfacet
  facet normal -0.778829 -0.293094 0.554546
    outer loop
      vertex -24.4782 -17.6123 55.39
      vertex -24.8939 -17.6429 54.79
      vertex -24.8478 -17.7654 54.79
    endloop
  endfacet
  facet normal 0.778829 0.293094 0.554546
    outer loop
      vertex -21.1522 -16.2346 54.79
      vertex -21.5218 -16.3877 55.39
      vertex -21.1061 -16.3571 54.79
    endloop
  endfacet
  facet normal 0.79635 -0.241511 0.554526
    outer loop
      vertex -21.0681 -17.5176 54.79
      vertex -21.4849 -17.5143 55.39
      vertex -21.1061 -17.6429 54.79
    endloop
  endfacet
  facet normal -0.569086 0.607237 0.55444
    outer loop
      vertex -24.3187 -15.4963 54.79
      vertex -24.4142 -15.5858 54.79
      vertex -24.1314 -15.8686 55.39
    endloop
  endfacet
  facet normal 0.13513 -0.821115 0.554536
    outer loop
      vertex -22.6879 -18.5693 55.39
      vertex -22.7912 -18.5863 55.39
      vertex -22.7389 -18.9829 54.79
    endloop
  endfacet
  facet normal -0.392707 0.733743 0.554439
    outer loop
      vertex -23.7077 -15.565 55.39
      vertex -23.8846 -15.2063 54.79
      vertex -23.8 -15.6144 55.39
    endloop
  endfacet
  facet normal 0.828224 0.0813604 0.55446
    outer loop
      vertex -21.0171 -16.7389 54.79
      vertex -21.4034 -16.8954 55.39
      vertex -21.0043 -16.8692 54.79
    endloop
  endfacet
  facet normal -0.0813604 -0.828224 0.55446
    outer loop
      vertex -23.1046 -18.5966 55.39
      vertex -23.2611 -18.9829 54.79
      vertex -23.1308 -18.9957 54.79
    endloop
  endfacet
  facet normal -0.293094 -0.778829 0.554546
    outer loop
      vertex -23.6123 -18.4782 55.39
      vertex -23.7654 -18.8478 54.79
      vertex -23.6429 -18.8939 54.79
    endloop
  endfacet
  facet normal 0.241601 -0.796331 0.554514
    outer loop
      vertex -22.4857 -18.5151 55.39
      vertex -22.5859 -18.5455 55.39
      vertex -22.4824 -18.9319 54.79
    endloop
  endfacet
  facet normal -0.831746 -0.0270357 0.554497
    outer loop
      vertex -24.6 -17 55.39
      vertex -25 -17 54.79
      vertex -24.5966 -17.1046 55.39
    endloop
  endfacet
  facet normal 0.343918 -0.757764 0.554539
    outer loop
      vertex -22.1154 -18.7937 54.79
      vertex -22.3877 -18.4782 55.39
      vertex -22.2346 -18.8478 54.79
    endloop
  endfacet
  facet normal 0.568627 -0.607595 0.554519
    outer loop
      vertex -21.8686 -18.1314 55.39
      vertex -21.945 -18.2029 55.39
      vertex -21.6813 -18.5037 54.79
    endloop
  endfacet
  facet normal -0.0270357 0.831746 0.554497
    outer loop
      vertex -23 -15 54.79
      vertex -23.1046 -15.4034 55.39
      vertex -23 -15.4 55.39
    endloop
  endfacet
  facet normal 0.607595 -0.568627 0.554519
    outer loop
      vertex -21.7971 -18.055 55.39
      vertex -21.8686 -18.1314 55.39
      vertex -21.4963 -18.3187 54.79
    endloop
  endfacet
  facet normal -0.528042 0.643178 0.554521
    outer loop
      vertex -23.974 -15.7306 55.39
      vertex -24.3187 -15.4963 54.79
      vertex -24.055 -15.7971 55.39
    endloop
  endfacet
  facet normal 0.607237 -0.569086 0.55444
    outer loop
      vertex -21.4963 -18.3187 54.79
      vertex -21.8686 -18.1314 55.39
      vertex -21.5858 -18.4142 54.79
    endloop
  endfacet
  facet normal -0.568627 0.607595 0.554519
    outer loop
      vertex -24.055 -15.7971 55.39
      vertex -24.3187 -15.4963 54.79
      vertex -24.1314 -15.8686 55.39
    endloop
  endfacet
  facet normal -0.831764 0.0273439 0.554456
    outer loop
      vertex -24.9957 -16.8692 54.79
      vertex -25 -17 54.79
      vertex -24.5966 -16.8954 55.39
    endloop
  endfacet
  facet normal 0.706662 0.439517 0.554485
    outer loop
      vertex -21.3371 -15.8889 54.79
      vertex -21.6144 -16.2 55.39
      vertex -21.268 -16 54.79
    endloop
  endfacet
  facet normal 0.676419 -0.48486 0.554408
    outer loop
      vertex -21.6696 -17.8889 55.39
      vertex -21.7306 -17.974 55.39
      vertex -21.3371 -18.1111 54.79
    endloop
  endfacet
  facet normal 0.758116 -0.343298 0.554443
    outer loop
      vertex -21.5218 -17.6123 55.39
      vertex -21.565 -17.7077 55.39
      vertex -21.2063 -17.8846 54.79
    endloop
  endfacet
  facet normal 0.796331 -0.241601 0.554514
    outer loop
      vertex -21.4545 -17.4141 55.39
      vertex -21.4849 -17.5143 55.39
      vertex -21.0681 -17.5176 54.79
    endloop
  endfacet
  facet normal -0.810403 0.189094 0.554518
    outer loop
      vertex -24.5455 -16.5859 55.39
      vertex -24.9319 -16.4824 54.79
      vertex -24.5693 -16.6879 55.39
    endloop
  endfacet
  facet normal 0.189094 -0.810403 0.554518
    outer loop
      vertex -22.5859 -18.5455 55.39
      vertex -22.6879 -18.5693 55.39
      vertex -22.4824 -18.9319 54.79
    endloop
  endfacet
  facet normal -0.676597 -0.484556 0.554456
    outer loop
      vertex -24.2694 -17.974 55.39
      vertex -24.6629 -18.1111 54.79
      vertex -24.5867 -18.2175 54.79
    endloop
  endfacet
  facet normal -0.241511 -0.79635 0.554526
    outer loop
      vertex -23.5143 -18.5151 55.39
      vertex -23.6429 -18.8939 54.79
      vertex -23.5176 -18.9319 54.79
    endloop
  endfacet
  facet normal 0.568627 0.607595 0.554519
    outer loop
      vertex -21.6813 -15.4963 54.79
      vertex -21.945 -15.7971 55.39
      vertex -21.8686 -15.8686 55.39
    endloop
  endfacet
  facet normal 0.810455 0.188937 0.554496
    outer loop
      vertex -21.0681 -16.4824 54.79
      vertex -21.4307 -16.6879 55.39
      vertex -21.0384 -16.6098 54.79
    endloop
  endfacet
  facet normal 0.439517 -0.706662 0.554485
    outer loop
      vertex -21.8889 -18.6629 54.79
      vertex -22.2 -18.3856 55.39
      vertex -22 -18.732 54.79
    endloop
  endfacet
  facet normal -0.778789 0.293238 0.554526
    outer loop
      vertex -24.4782 -16.3877 55.39
      vertex -24.8939 -16.3571 54.79
      vertex -24.5151 -16.4857 55.39
    endloop
  endfacet
  facet normal 0.343298 0.758116 0.554443
    outer loop
      vertex -22.1154 -15.2063 54.79
      vertex -22.3877 -15.5218 55.39
      vertex -22.2923 -15.565 55.39
    endloop
  endfacet
  facet normal 0.484556 0.676597 0.554456
    outer loop
      vertex -21.8889 -15.3371 54.79
      vertex -22.026 -15.7306 55.39
      vertex -21.7825 -15.4133 54.79
    endloop
  endfacet
  facet normal -0.643178 -0.528042 0.554521
    outer loop
      vertex -24.2694 -17.974 55.39
      vertex -24.5037 -18.3187 54.79
      vertex -24.2029 -18.055 55.39
    endloop
  endfacet
  facet normal 0.82109 -0.13547 0.55449
    outer loop
      vertex -21.0171 -17.2611 54.79
      vertex -21.4307 -17.3121 55.39
      vertex -21.0384 -17.3902 54.79
    endloop
  endfacet
  facet normal -0.241601 0.796331 0.554514
    outer loop
      vertex -23.4141 -15.4545 55.39
      vertex -23.5176 -15.0681 54.79
      vertex -23.5143 -15.4849 55.39
    endloop
  endfacet
  facet normal -0.607595 0.568627 0.554519
    outer loop
      vertex -24.1314 -15.8686 55.39
      vertex -24.5037 -15.6813 54.79
      vertex -24.2029 -15.945 55.39
    endloop
  endfacet
  facet normal 0.607595 0.568627 0.554519
    outer loop
      vertex -21.4963 -15.6813 54.79
      vertex -21.8686 -15.8686 55.39
      vertex -21.7971 -15.945 55.39
    endloop
  endfacet
  facet normal 0.757764 -0.343918 0.554539
    outer loop
      vertex -21.1522 -17.7654 54.79
      vertex -21.5218 -17.6123 55.39
      vertex -21.2063 -17.8846 54.79
    endloop
  endfacet
  facet normal -0.778789 -0.293238 0.554526
    outer loop
      vertex -24.5151 -17.5143 55.39
      vertex -24.8939 -17.6429 54.79
      vertex -24.4782 -17.6123 55.39
    endloop
  endfacet
  facet normal -0.607237 -0.569086 0.55444
    outer loop
      vertex -24.1314 -18.1314 55.39
      vertex -24.5037 -18.3187 54.79
      vertex -24.4142 -18.4142 54.79
    endloop
  endfacet
  facet normal 0.778829 -0.293094 0.554546
    outer loop
      vertex -21.1061 -17.6429 54.79
      vertex -21.5218 -17.6123 55.39
      vertex -21.1522 -17.7654 54.79
    endloop
  endfacet
  facet normal -0.439517 -0.706662 0.554485
    outer loop
      vertex -23.8 -18.3856 55.39
      vertex -24.1111 -18.6629 54.79
      vertex -24 -18.732 54.79
    endloop
  endfacet
  facet normal -0.13513 0.821115 0.554536
    outer loop
      vertex -23.2611 -15.0171 54.79
      vertex -23.3121 -15.4307 55.39
      vertex -23.2088 -15.4137 55.39
    endloop
  endfacet
  facet normal -0.189094 0.810403 0.554518
    outer loop
      vertex -23.3121 -15.4307 55.39
      vertex -23.5176 -15.0681 54.79
      vertex -23.4141 -15.4545 55.39
    endloop
  endfacet
  facet normal -0.706662 -0.439517 0.554485
    outer loop
      vertex -24.3856 -17.8 55.39
      vertex -24.732 -18 54.79
      vertex -24.6629 -18.1111 54.79
    endloop
  endfacet
  facet normal -0.706662 0.439517 0.554485
    outer loop
      vertex -24.6629 -15.8889 54.79
      vertex -24.732 -16 54.79
      vertex -24.3856 -16.2 55.39
    endloop
  endfacet
  facet normal -0.13547 0.82109 0.55449
    outer loop
      vertex -23.2611 -15.0171 54.79
      vertex -23.3902 -15.0384 54.79
      vertex -23.3121 -15.4307 55.39
    endloop
  endfacet
  facet normal -0.343298 -0.758116 0.554443
    outer loop
      vertex -23.7077 -18.435 55.39
      vertex -23.8846 -18.7937 54.79
      vertex -23.6123 -18.4782 55.39
    endloop
  endfacet
  facet normal -0.757764 -0.343918 0.554539
    outer loop
      vertex -24.4782 -17.6123 55.39
      vertex -24.8478 -17.7654 54.79
      vertex -24.7937 -17.8846 54.79
    endloop
  endfacet
  facet normal -0.343918 0.757764 0.554539
    outer loop
      vertex -23.7654 -15.1522 54.79
      vertex -23.8846 -15.2063 54.79
      vertex -23.6123 -15.5218 55.39
    endloop
  endfacet
  facet normal -0.676419 -0.48486 0.554408
    outer loop
      vertex -24.3304 -17.8889 55.39
      vertex -24.6629 -18.1111 54.79
      vertex -24.2694 -17.974 55.39
    endloop
  endfacet
  facet normal 0.188937 -0.810455 0.554496
    outer loop
      vertex -22.4824 -18.9319 54.79
      vertex -22.6879 -18.5693 55.39
      vertex -22.6098 -18.9616 54.79
    endloop
  endfacet
  facet normal -0.643178 0.528042 0.554521
    outer loop
      vertex -24.2029 -15.945 55.39
      vertex -24.5037 -15.6813 54.79
      vertex -24.2694 -16.026 55.39
    endloop
  endfacet
  facet normal 0.392707 -0.733743 0.554439
    outer loop
      vertex -22.2 -18.3856 55.39
      vertex -22.2923 -18.435 55.39
      vertex -22.1154 -18.7937 54.79
    endloop
  endfacet
  facet normal 0.810403 -0.189094 0.554518
    outer loop
      vertex -21.4307 -17.3121 55.39
      vertex -21.4545 -17.4141 55.39
      vertex -21.0681 -17.5176 54.79
    endloop
  endfacet
  facet normal -0.79635 0.241511 0.554526
    outer loop
      vertex -24.8939 -16.3571 54.79
      vertex -24.9319 -16.4824 54.79
      vertex -24.5151 -16.4857 55.39
    endloop
  endfacet
  facet normal -0.831764 -0.0273439 0.554456
    outer loop
      vertex -24.5966 -17.1046 55.39
      vertex -25 -17 54.79
      vertex -24.9957 -17.1308 54.79
    endloop
  endfacet
  facet normal -0.828224 -0.0813604 0.55446
    outer loop
      vertex -24.5966 -17.1046 55.39
      vertex -24.9957 -17.1308 54.79
      vertex -24.9829 -17.2611 54.79
    endloop
  endfacet
  facet normal 0.439017 -0.707039 0.5544
    outer loop
      vertex -22.1111 -18.3304 55.39
      vertex -22.2 -18.3856 55.39
      vertex -21.8889 -18.6629 54.79
    endloop
  endfacet
  facet normal 0.0818592 -0.828129 0.554528
    outer loop
      vertex -22.7912 -18.5863 55.39
      vertex -22.8954 -18.5966 55.39
      vertex -22.7389 -18.9829 54.79
    endloop
  endfacet
  facet normal 0.778789 0.293238 0.554526
    outer loop
      vertex -21.1061 -16.3571 54.79
      vertex -21.5218 -16.3877 55.39
      vertex -21.4849 -16.4857 55.39
    endloop
  endfacet
  facet normal 0.796331 0.241601 0.554514
    outer loop
      vertex -21.0681 -16.4824 54.79
      vertex -21.4849 -16.4857 55.39
      vertex -21.4545 -16.5859 55.39
    endloop
  endfacet
  facet normal -0.439017 -0.707039 0.5544
    outer loop
      vertex -23.8889 -18.3304 55.39
      vertex -24.1111 -18.6629 54.79
      vertex -23.8 -18.3856 55.39
    endloop
  endfacet
  facet normal 0.0818592 0.828129 0.554528
    outer loop
      vertex -22.7389 -15.0171 54.79
      vertex -22.8954 -15.4034 55.39
      vertex -22.7912 -15.4137 55.39
    endloop
  endfacet
  facet normal 0.676419 0.48486 0.554408
    outer loop
      vertex -21.3371 -15.8889 54.79
      vertex -21.7306 -16.026 55.39
      vertex -21.6696 -16.1111 55.39
    endloop
  endfacet
  facet normal -0.757764 0.343918 0.554539
    outer loop
      vertex -24.7937 -16.1154 54.79
      vertex -24.8478 -16.2346 54.79
      vertex -24.4782 -16.3877 55.39
    endloop
  endfacet
  facet normal 0.733743 -0.392707 0.554439
    outer loop
      vertex -21.565 -17.7077 55.39
      vertex -21.6144 -17.8 55.39
      vertex -21.2063 -17.8846 54.79
    endloop
  endfacet
  facet normal -0.0273439 0.831764 0.554456
    outer loop
      vertex -23 -15 54.79
      vertex -23.1308 -15.0043 54.79
      vertex -23.1046 -15.4034 55.39
    endloop
  endfacet
  facet normal 0.831764 -0.0273439 0.554456
    outer loop
      vertex -21 -17 54.79
      vertex -21.4034 -17.1046 55.39
      vertex -21.0043 -17.1308 54.79
    endloop
  endfacet
  facet normal 0.831746 -0.0270357 0.554497
    outer loop
      vertex -21.4 -17 55.39
      vertex -21.4034 -17.1046 55.39
      vertex -21 -17 54.79
    endloop
  endfacet
  facet normal -0.828129 -0.0818592 0.554528
    outer loop
      vertex -24.5966 -17.1046 55.39
      vertex -24.9829 -17.2611 54.79
      vertex -24.5863 -17.2088 55.39
    endloop
  endfacet
  facet normal 0.527746 -0.643469 0.554465
    outer loop
      vertex -21.6813 -18.5037 54.79
      vertex -22.026 -18.2694 55.39
      vertex -21.7825 -18.5867 54.79
    endloop
  endfacet
  facet normal -0.676597 0.484556 0.554456
    outer loop
      vertex -24.5867 -15.7825 54.79
      vertex -24.6629 -15.8889 54.79
      vertex -24.2694 -16.026 55.39
    endloop
  endfacet
  facet normal 0.0270357 -0.831746 0.554497
    outer loop
      vertex -23 -18.6 55.39
      vertex -23 -19 54.79
      vertex -22.8954 -18.5966 55.39
    endloop
  endfacet
  facet normal 0.810455 -0.188937 0.554496
    outer loop
      vertex -21.0384 -17.3902 54.79
      vertex -21.4307 -17.3121 55.39
      vertex -21.0681 -17.5176 54.79
    endloop
  endfacet
  facet normal -0.607595 -0.568627 0.554519
    outer loop
      vertex -24.2029 -18.055 55.39
      vertex -24.5037 -18.3187 54.79
      vertex -24.1314 -18.1314 55.39
    endloop
  endfacet
  facet normal 0.439517 0.706662 0.554485
    outer loop
      vertex -22 -15.268 54.79
      vertex -22.2 -15.6144 55.39
      vertex -21.8889 -15.3371 54.79
    endloop
  endfacet
  facet normal 0.241511 0.79635 0.554526
    outer loop
      vertex -22.4824 -15.0681 54.79
      vertex -22.4857 -15.4849 55.39
      vertex -22.3571 -15.1061 54.79
    endloop
  endfacet
  facet normal 0.569086 0.607237 0.55444
    outer loop
      vertex -21.6813 -15.4963 54.79
      vertex -21.8686 -15.8686 55.39
      vertex -21.5858 -15.5858 54.79
    endloop
  endfacet
  facet normal 0.528042 0.643178 0.554521
    outer loop
      vertex -21.6813 -15.4963 54.79
      vertex -22.026 -15.7306 55.39
      vertex -21.945 -15.7971 55.39
    endloop
  endfacet
  facet normal 0.821115 0.13513 0.554536
    outer loop
      vertex -21.0171 -16.7389 54.79
      vertex -21.4307 -16.6879 55.39
      vertex -21.4137 -16.7912 55.39
    endloop
  endfacet
  facet normal -0.0818592 0.828129 0.554528
    outer loop
      vertex -23.1046 -15.4034 55.39
      vertex -23.2611 -15.0171 54.79
      vertex -23.2088 -15.4137 55.39
    endloop
  endfacet
  facet normal 0.0270357 0.831746 0.554497
    outer loop
      vertex -23 -15 54.79
      vertex -23 -15.4 55.39
      vertex -22.8954 -15.4034 55.39
    endloop
  endfacet
  facet normal 0.0813604 0.828224 0.55446
    outer loop
      vertex -22.8692 -15.0043 54.79
      vertex -22.8954 -15.4034 55.39
      vertex -22.7389 -15.0171 54.79
    endloop
  endfacet
  facet normal -0.607237 0.569086 0.55444
    outer loop
      vertex -24.4142 -15.5858 54.79
      vertex -24.5037 -15.6813 54.79
      vertex -24.1314 -15.8686 55.39
    endloop
  endfacet
  facet normal 0.0273439 0.831764 0.554456
    outer loop
      vertex -22.8692 -15.0043 54.79
      vertex -23 -15 54.79
      vertex -22.8954 -15.4034 55.39
    endloop
  endfacet
  facet normal 0.293094 -0.778829 0.554546
    outer loop
      vertex -22.2346 -18.8478 54.79
      vertex -22.3877 -18.4782 55.39
      vertex -22.3571 -18.8939 54.79
    endloop
  endfacet
  facet normal 0.821115 -0.13513 0.554536
    outer loop
      vertex -21.4137 -17.2088 55.39
      vertex -21.4307 -17.3121 55.39
      vertex -21.0171 -17.2611 54.79
    endloop
  endfacet
  facet normal -0.796331 -0.241601 0.554514
    outer loop
      vertex -24.5455 -17.4141 55.39
      vertex -24.9319 -17.5176 54.79
      vertex -24.5151 -17.5143 55.39
    endloop
  endfacet
  facet normal -0.48486 0.676419 0.554408
    outer loop
      vertex -23.8889 -15.6696 55.39
      vertex -24.1111 -15.3371 54.79
      vertex -23.974 -15.7306 55.39
    endloop
  endfacet
  facet normal -0.343918 -0.757764 0.554539
    outer loop
      vertex -23.6123 -18.4782 55.39
      vertex -23.8846 -18.7937 54.79
      vertex -23.7654 -18.8478 54.79
    endloop
  endfacet
  facet normal -0.82109 0.13547 0.55449
    outer loop
      vertex -24.9616 -16.6098 54.79
      vertex -24.9829 -16.7389 54.79
      vertex -24.5693 -16.6879 55.39
    endloop
  endfacet
  facet normal -0.778829 0.293094 0.554546
    outer loop
      vertex -24.8478 -16.2346 54.79
      vertex -24.8939 -16.3571 54.79
      vertex -24.4782 -16.3877 55.39
    endloop
  endfacet
  facet normal -0.13513 -0.821115 0.554536
    outer loop
      vertex -23.2088 -18.5863 55.39
      vertex -23.3121 -18.5693 55.39
      vertex -23.2611 -18.9829 54.79
    endloop
  endfacet
  facet normal -0.643469 0.527746 0.554465
    outer loop
      vertex -24.5037 -15.6813 54.79
      vertex -24.5867 -15.7825 54.79
      vertex -24.2694 -16.026 55.39
    endloop
  endfacet
  facet normal -0.13547 -0.82109 0.55449
    outer loop
      vertex -23.3121 -18.5693 55.39
      vertex -23.3902 -18.9616 54.79
      vertex -23.2611 -18.9829 54.79
    endloop
  endfacet
  facet normal 0.13513 0.821115 0.554536
    outer loop
      vertex -22.7389 -15.0171 54.79
      vertex -22.7912 -15.4137 55.39
      vertex -22.6879 -15.4307 55.39
    endloop
  endfacet
  facet normal 0.343298 -0.758116 0.554443
    outer loop
      vertex -22.2923 -18.435 55.39
      vertex -22.3877 -18.4782 55.39
      vertex -22.1154 -18.7937 54.79
    endloop
  endfacet
  facet normal 0.293094 0.778829 0.554546
    outer loop
      vertex -22.3571 -15.1061 54.79
      vertex -22.3877 -15.5218 55.39
      vertex -22.2346 -15.1522 54.79
    endloop
  endfacet
  facet normal -0.241601 -0.796331 0.554514
    outer loop
      vertex -23.5143 -18.5151 55.39
      vertex -23.5176 -18.9319 54.79
      vertex -23.4141 -18.5455 55.39
    endloop
  endfacet
  facet normal -0.810455 0.188937 0.554496
    outer loop
      vertex -24.9319 -16.4824 54.79
      vertex -24.9616 -16.6098 54.79
      vertex -24.5693 -16.6879 55.39
    endloop
  endfacet
  facet normal 0.0813604 -0.828224 0.55446
    outer loop
      vertex -22.7389 -18.9829 54.79
      vertex -22.8954 -18.5966 55.39
      vertex -22.8692 -18.9957 54.79
    endloop
  endfacet
  facet normal 0.676597 0.484556 0.554456
    outer loop
      vertex -21.4133 -15.7825 54.79
      vertex -21.7306 -16.026 55.39
      vertex -21.3371 -15.8889 54.79
    endloop
  endfacet
  facet normal 0.733882 -0.392379 0.554487
    outer loop
      vertex -21.2063 -17.8846 54.79
      vertex -21.6144 -17.8 55.39
      vertex -21.268 -18 54.79
    endloop
  endfacet
  facet normal -0.293238 -0.778789 0.554526
    outer loop
      vertex -23.6123 -18.4782 55.39
      vertex -23.6429 -18.8939 54.79
      vertex -23.5143 -18.5151 55.39
    endloop
  endfacet
  facet normal -0.527746 -0.643469 0.554465
    outer loop
      vertex -23.974 -18.2694 55.39
      vertex -24.3187 -18.5037 54.79
      vertex -24.2175 -18.5867 54.79
    endloop
  endfacet
  facet normal 0.0273439 -0.831764 0.554456
    outer loop
      vertex -22.8954 -18.5966 55.39
      vertex -23 -19 54.79
      vertex -22.8692 -18.9957 54.79
    endloop
  endfacet
  facet normal -0.733743 0.392707 0.554439
    outer loop
      vertex -24.3856 -16.2 55.39
      vertex -24.7937 -16.1154 54.79
      vertex -24.435 -16.2923 55.39
    endloop
  endfacet
  facet normal -0.188937 -0.810455 0.554496
    outer loop
      vertex -23.3121 -18.5693 55.39
      vertex -23.5176 -18.9319 54.79
      vertex -23.3902 -18.9616 54.79
    endloop
  endfacet
  facet normal -0.528042 -0.643178 0.554521
    outer loop
      vertex -24.055 -18.2029 55.39
      vertex -24.3187 -18.5037 54.79
      vertex -23.974 -18.2694 55.39
    endloop
  endfacet
  facet normal -0.828224 0.0813604 0.55446
    outer loop
      vertex -24.9829 -16.7389 54.79
      vertex -24.9957 -16.8692 54.79
      vertex -24.5966 -16.8954 55.39
    endloop
  endfacet
  facet normal -0.831746 0.0270357 0.554497
    outer loop
      vertex -24.5966 -16.8954 55.39
      vertex -25 -17 54.79
      vertex -24.6 -17 55.39
    endloop
  endfacet
  facet normal 0.643178 -0.528042 0.554521
    outer loop
      vertex -21.7306 -17.974 55.39
      vertex -21.7971 -18.055 55.39
      vertex -21.4963 -18.3187 54.79
    endloop
  endfacet
  facet normal 0.293238 0.778789 0.554526
    outer loop
      vertex -22.3571 -15.1061 54.79
      vertex -22.4857 -15.4849 55.39
      vertex -22.3877 -15.5218 55.39
    endloop
  endfacet
  facet normal 0.828129 -0.0818592 0.554528
    outer loop
      vertex -21.4034 -17.1046 55.39
      vertex -21.4137 -17.2088 55.39
      vertex -21.0171 -17.2611 54.79
    endloop
  endfacet
  facet normal -0.0273439 -0.831764 0.554456
    outer loop
      vertex -23.1046 -18.5966 55.39
      vertex -23.1308 -18.9957 54.79
      vertex -23 -19 54.79
    endloop
  endfacet
  facet normal -0.733882 0.392379 0.554487
    outer loop
      vertex -24.732 -16 54.79
      vertex -24.7937 -16.1154 54.79
      vertex -24.3856 -16.2 55.39
    endloop
  endfacet
  facet normal 0.439017 0.707039 0.5544
    outer loop
      vertex -21.8889 -15.3371 54.79
      vertex -22.2 -15.6144 55.39
      vertex -22.1111 -15.6696 55.39
    endloop
  endfacet
  facet normal 0.643178 0.528042 0.554521
    outer loop
      vertex -21.4963 -15.6813 54.79
      vertex -21.7971 -15.945 55.39
      vertex -21.7306 -16.026 55.39
    endloop
  endfacet
  facet normal 0.188937 0.810455 0.554496
    outer loop
      vertex -22.6098 -15.0384 54.79
      vertex -22.6879 -15.4307 55.39
      vertex -22.4824 -15.0681 54.79
    endloop
  endfacet
  facet normal 0.810403 0.189094 0.554518
    outer loop
      vertex -21.0681 -16.4824 54.79
      vertex -21.4545 -16.5859 55.39
      vertex -21.4307 -16.6879 55.39
    endloop
  endfacet
  facet normal 0.82109 0.13547 0.55449
    outer loop
      vertex -21.0384 -16.6098 54.79
      vertex -21.4307 -16.6879 55.39
      vertex -21.0171 -16.7389 54.79
    endloop
  endfacet
  facet normal 0.733882 0.392379 0.554487
    outer loop
      vertex -21.268 -16 54.79
      vertex -21.6144 -16.2 55.39
      vertex -21.2063 -16.1154 54.79
    endloop
  endfacet
  facet normal 0.707039 0.439017 0.5544
    outer loop
      vertex -21.3371 -15.8889 54.79
      vertex -21.6696 -16.1111 55.39
      vertex -21.6144 -16.2 55.39
    endloop
  endfacet
  facet normal 0.758116 0.343298 0.554443
    outer loop
      vertex -21.2063 -16.1154 54.79
      vertex -21.565 -16.2923 55.39
      vertex -21.5218 -16.3877 55.39
    endloop
  endfacet
  facet normal 0.79635 0.241511 0.554526
    outer loop
      vertex -21.1061 -16.3571 54.79
      vertex -21.4849 -16.4857 55.39
      vertex -21.0681 -16.4824 54.79
    endloop
  endfacet
  facet normal 0.757764 0.343918 0.554539
    outer loop
      vertex -21.2063 -16.1154 54.79
      vertex -21.5218 -16.3877 55.39
      vertex -21.1522 -16.2346 54.79
    endloop
  endfacet
  facet normal 0.392379 -0.733882 0.554487
    outer loop
      vertex -22 -18.732 54.79
      vertex -22.2 -18.3856 55.39
      vertex -22.1154 -18.7937 54.79
    endloop
  endfacet
  facet normal -0.439017 0.707039 0.5544
    outer loop
      vertex -23.8 -15.6144 55.39
      vertex -24.1111 -15.3371 54.79
      vertex -23.8889 -15.6696 55.39
    endloop
  endfacet
  facet normal 0.528042 -0.643178 0.554521
    outer loop
      vertex -21.945 -18.2029 55.39
      vertex -22.026 -18.2694 55.39
      vertex -21.6813 -18.5037 54.79
    endloop
  endfacet
  facet normal -0.643469 -0.527746 0.554465
    outer loop
      vertex -24.2694 -17.974 55.39
      vertex -24.5867 -18.2175 54.79
      vertex -24.5037 -18.3187 54.79
    endloop
  endfacet
  facet normal -0.48486 -0.676419 0.554408
    outer loop
      vertex -23.974 -18.2694 55.39
      vertex -24.1111 -18.6629 54.79
      vertex -23.8889 -18.3304 55.39
    endloop
  endfacet
  facet normal -0.484556 0.676597 0.554456
    outer loop
      vertex -24.1111 -15.3371 54.79
      vertex -24.2175 -15.4133 54.79
      vertex -23.974 -15.7306 55.39
    endloop
  endfacet
  facet normal 0.527746 0.643469 0.554465
    outer loop
      vertex -21.7825 -15.4133 54.79
      vertex -22.026 -15.7306 55.39
      vertex -21.6813 -15.4963 54.79
    endloop
  endfacet
  facet normal -0.241511 0.79635 0.554526
    outer loop
      vertex -23.5176 -15.0681 54.79
      vertex -23.6429 -15.1061 54.79
      vertex -23.5143 -15.4849 55.39
    endloop
  endfacet
  facet normal -0.733743 -0.392707 0.554439
    outer loop
      vertex -24.435 -17.7077 55.39
      vertex -24.7937 -17.8846 54.79
      vertex -24.3856 -17.8 55.39
    endloop
  endfacet
  facet normal -0.810403 -0.189094 0.554518
    outer loop
      vertex -24.5693 -17.3121 55.39
      vertex -24.9319 -17.5176 54.79
      vertex -24.5455 -17.4141 55.39
    endloop
  endfacet
  facet normal 0.241511 -0.79635 0.554526
    outer loop
      vertex -22.3571 -18.8939 54.79
      vertex -22.4857 -18.5151 55.39
      vertex -22.4824 -18.9319 54.79
    endloop
  endfacet
  facet normal -0.821115 0.13513 0.554536
    outer loop
      vertex -24.5693 -16.6879 55.39
      vertex -24.9829 -16.7389 54.79
      vertex -24.5863 -16.7912 55.39
    endloop
  endfacet
  facet normal -0.733882 -0.392379 0.554487
    outer loop
      vertex -24.3856 -17.8 55.39
      vertex -24.7937 -17.8846 54.79
      vertex -24.732 -18 54.79
    endloop
  endfacet
  facet normal -0.392379 0.733882 0.554487
    outer loop
      vertex -23.8846 -15.2063 54.79
      vertex -24 -15.268 54.79
      vertex -23.8 -15.6144 55.39
    endloop
  endfacet
  facet normal 0.484556 -0.676597 0.554456
    outer loop
      vertex -21.7825 -18.5867 54.79
      vertex -22.026 -18.2694 55.39
      vertex -21.8889 -18.6629 54.79
    endloop
  endfacet
  facet normal 0.293238 -0.778789 0.554526
    outer loop
      vertex -22.3877 -18.4782 55.39
      vertex -22.4857 -18.5151 55.39
      vertex -22.3571 -18.8939 54.79
    endloop
  endfacet
  facet normal -0.796331 0.241601 0.554514
    outer loop
      vertex -24.5151 -16.4857 55.39
      vertex -24.9319 -16.4824 54.79
      vertex -24.5455 -16.5859 55.39
    endloop
  endfacet
  facet normal 0.707039 -0.439017 0.5544
    outer loop
      vertex -21.6144 -17.8 55.39
      vertex -21.6696 -17.8889 55.39
      vertex -21.3371 -18.1111 54.79
    endloop
  endfacet
  facet normal 0.706662 -0.439517 0.554485
    outer loop
      vertex -21.268 -18 54.79
      vertex -21.6144 -17.8 55.39
      vertex -21.3371 -18.1111 54.79
    endloop
  endfacet
  facet normal -0.189094 -0.810403 0.554518
    outer loop
      vertex -23.4141 -18.5455 55.39
      vertex -23.5176 -18.9319 54.79
      vertex -23.3121 -18.5693 55.39
    endloop
  endfacet
  facet normal 0 0 1
    outer loop
      vertex -21.4034 -16.8954 55.39
      vertex -21.4034 -17.1046 55.39
      vertex -21.4 -17 55.39
    endloop
  endfacet
  facet normal 0 0 1
    outer loop
      vertex -21.4137 -16.7912 55.39
      vertex -21.4034 -17.1046 55.39
      vertex -21.4034 -16.8954 55.39
    endloop
  endfacet
  facet normal 0 0 1
    outer loop
      vertex -21.4137 -16.7912 55.39
      vertex -21.4137 -17.2088 55.39
      vertex -21.4034 -17.1046 55.39
    endloop
  endfacet
  facet normal 0 0 1
    outer loop
      vertex -21.4307 -16.6879 55.39
      vertex -21.4137 -17.2088 55.39
      vertex -21.4137 -16.7912 55.39
    endloop
  endfacet
  facet normal 0 0 1
    outer loop
      vertex -21.4307 -16.6879 55.39
      vertex -21.4307 -17.3121 55.39
      vertex -21.4137 -17.2088 55.39
    endloop
  endfacet
  facet normal 0 0 1
    outer loop
      vertex -21.4545 -16.5859 55.39
      vertex -21.4307 -17.3121 55.39
      vertex -21.4307 -16.6879 55.39
    endloop
  endfacet
  facet normal 0 0 1
    outer loop
      vertex -21.4545 -16.5859 55.39
      vertex -21.4545 -17.4141 55.39
      vertex -21.4307 -17.3121 55.39
    endloop
  endfacet
  facet normal 0 0 1
    outer loop
      vertex -21.4849 -16.4857 55.39
      vertex -21.4545 -17.4141 55.39
      vertex -21.4545 -16.5859 55.39
    endloop
  endfacet
  facet normal 0 0 1
    outer loop
      vertex -21.4849 -16.4857 55.39
      vertex -21.4849 -17.5143 55.39
      vertex -21.4545 -17.4141 55.39
    endloop
  endfacet
  facet normal 0 0 1
    outer loop
      vertex -21.5218 -16.3877 55.39
      vertex -21.4849 -17.5143 55.39
      vertex -21.4849 -16.4857 55.39
    endloop
  endfacet
  facet normal 0 0 1
    outer loop
      vertex -21.5218 -16.3877 55.39
      vertex -21.5218 -17.6123 55.39
      vertex -21.4849 -17.5143 55.39
    endloop
  endfacet
  facet normal 0 0 1
    outer loop
      vertex -21.565 -16.2923 55.39
      vertex -21.5218 -17.6123 55.39
      vertex -21.5218 -16.3877 55.39
    endloop
  endfacet
  facet normal 0 0 1
    outer loop
      vertex -21.565 -16.2923 55.39
      vertex -21.565 -17.7077 55.39
      vertex -21.5218 -17.6123 55.39
    endloop
  endfacet
  facet normal 0 0 1
    outer loop
      vertex -21.6144 -16.2 55.39
      vertex -21.565 -17.7077 55.39
      vertex -21.565 -16.2923 55.39
    endloop
  endfacet
  facet normal 0 0 1
    outer loop
      vertex -21.6144 -16.2 55.39
      vertex -21.6144 -17.8 55.39
      vertex -21.565 -17.7077 55.39
    endloop
  endfacet
  facet normal 0 0 1
    outer loop
      vertex -21.6696 -16.1111 55.39
      vertex -21.6144 -17.8 55.39
      vertex -21.6144 -16.2 55.39
    endloop
  endfacet
  facet normal 0 0 1
    outer loop
      vertex -21.6696 -16.1111 55.39
      vertex -21.6696 -17.8889 55.39
      vertex -21.6144 -17.8 55.39
    endloop
  endfacet
  facet normal 0 0 1
    outer loop
      vertex -21.7306 -16.026 55.39
      vertex -21.6696 -17.8889 55.39
      vertex -21.6696 -16.1111 55.39
    endloop
  endfacet
  facet normal 0 0 1
    outer loop
      vertex -21.7306 -16.026 55.39
      vertex -21.7306 -17.974 55.39
      vertex -21.6696 -17.8889 55.39
    endloop
  endfacet
  facet normal 0 0 1
    outer loop
      vertex -21.7971 -15.945 55.39
      vertex -21.7306 -17.974 55.39
      vertex -21.7306 -16.026 55.39
    endloop
  endfacet
  facet normal 0 0 1
    outer loop
      vertex -21.7971 -15.945 55.39
      vertex -21.7971 -18.055 55.39
      vertex -21.7306 -17.974 55.39
    endloop
  endfacet
  facet normal 0 0 1
    outer loop
      vertex -21.8686 -15.8686 55.39
      vertex -21.7971 -18.055 55.39
      vertex -21.7971 -15.945 55.39
    endloop
  endfacet
  facet normal 0 0 1
    outer loop
      vertex -21.8686 -15.8686 55.39
      vertex -21.8686 -18.1314 55.39
      vertex -21.7971 -18.055 55.39
    endloop
  endfacet
  facet normal 0 0 1
    outer loop
      vertex -21.945 -15.7971 55.39
      vertex -21.8686 -18.1314 55.39
      vertex -21.8686 -15.8686 55.39
    endloop
  endfacet
  facet normal 0 0 1
    outer loop
      vertex -21.945 -15.7971 55.39
      vertex -21.945 -18.2029 55.39
      vertex -21.8686 -18.1314 55.39
    endloop
  endfacet
  facet normal 0 0 1
    outer loop
      vertex -22.026 -15.7306 55.39
      vertex -21.945 -18.2029 55.39
      vertex -21.945 -15.7971 55.39
    endloop
  endfacet
  facet normal 0 0 1
    outer loop
      vertex -22.026 -15.7306 55.39
      vertex -22.026 -18.2694 55.39
      vertex -21.945 -18.2029 55.39
    endloop
  endfacet
  facet normal 0 0 1
    outer loop
      vertex -22.1111 -15.6696 55.39
      vertex -22.026 -18.2694 55.39
      vertex -22.026 -15.7306 55.39
    endloop
  endfacet
  facet normal 0 0 1
    outer loop
      vertex -22.1111 -15.6696 55.39
      vertex -22.1111 -18.3304 55.39
      vertex -22.026 -18.2694 55.39
    endloop
  endfacet
  facet normal 0 0 1
    outer loop
      vertex -22.2 -15.6144 55.39
      vertex -22.1111 -18.3304 55.39
      vertex -22.1111 -15.6696 55.39
    endloop
  endfacet
  facet normal 0 0 1
    outer loop
      vertex -22.2 -15.6144 55.39
      vertex -22.2 -18.3856 55.39
      vertex -22.1111 -18.3304 55.39
    endloop
  endfacet
  facet normal 0 0 1
    outer loop
      vertex -22.2923 -15.565 55.39
      vertex -22.2 -18.3856 55.39
      vertex -22.2 -15.6144 55.39
    endloop
  endfacet
  facet normal 0 0 1
    outer loop
      vertex -22.2923 -15.565 55.39
      vertex -22.2923 -18.435 55.39
      vertex -22.2 -18.3856 55.39
    endloop
  endfacet
  facet normal 0 0 1
    outer loop
      vertex -22.3877 -15.5218 55.39
      vertex -22.2923 -18.435 55.39
      vertex -22.2923 -15.565 55.39
    endloop
  endfacet
  facet normal 0 0 1
    outer loop
      vertex -22.3877 -15.5218 55.39
      vertex -22.3877 -18.4782 55.39
      vertex -22.2923 -18.435 55.39
    endloop
  endfacet
  facet normal 0 0 1
    outer loop
      vertex -22.4857 -15.4849 55.39
      vertex -22.3877 -18.4782 55.39
      vertex -22.3877 -15.5218 55.39
    endloop
  endfacet
  facet normal 0 0 1
    outer loop
      vertex -22.4857 -15.4849 55.39
      vertex -22.4857 -18.5151 55.39
      vertex -22.3877 -18.4782 55.39
    endloop
  endfacet
  facet normal 0 0 1
    outer loop
      vertex -22.5859 -15.4545 55.39
      vertex -22.4857 -18.5151 55.39
      vertex -22.4857 -15.4849 55.39
    endloop
  endfacet
  facet normal 0 0 1
    outer loop
      vertex -22.5859 -15.4545 55.39
      vertex -22.5859 -18.5455 55.39
      vertex -22.4857 -18.5151 55.39
    endloop
  endfacet
  facet normal 0 0 1
    outer loop
      vertex -22.6879 -15.4307 55.39
      vertex -22.5859 -18.5455 55.39
      vertex -22.5859 -15.4545 55.39
    endloop
  endfacet
  facet normal 0 0 1
    outer loop
      vertex -22.6879 -15.4307 55.39
      vertex -22.6879 -18.5693 55.39
      vertex -22.5859 -18.5455 55.39
    endloop
  endfacet
  facet normal 0 0 1
    outer loop
      vertex -22.7912 -15.4137 55.39
      vertex -22.6879 -18.5693 55.39
      vertex -22.6879 -15.4307 55.39
    endloop
  endfacet
  facet normal 0 0 1
    outer loop
      vertex -22.7912 -15.4137 55.39
      vertex -22.7912 -18.5863 55.39
      vertex -22.6879 -18.5693 55.39
    endloop
  endfacet
  facet normal 0 0 1
    outer loop
      vertex -22.8954 -15.4034 55.39
      vertex -22.7912 -18.5863 55.39
      vertex -22.7912 -15.4137 55.39
    endloop
  endfacet
  facet normal 0 0 1
    outer loop
      vertex -22.8954 -15.4034 55.39
      vertex -22.8954 -18.5966 55.39
      vertex -22.7912 -18.5863 55.39
    endloop
  endfacet
  facet normal 0 0 1
    outer loop
      vertex -23 -15.4 55.39
      vertex -22.8954 -18.5966 55.39
      vertex -22.8954 -15.4034 55.39
    endloop
  endfacet
  facet normal 0 0 1
    outer loop
      vertex -23 -15.4 55.39
      vertex -23 -18.6 55.39
      vertex -22.8954 -18.5966 55.39
    endloop
  endfacet
  facet normal -0 0 1
    outer loop
      vertex -23.1046 -15.4034 55.39
      vertex -23 -18.6 55.39
      vertex -23 -15.4 55.39
    endloop
  endfacet
  facet normal 0 0 1
    outer loop
      vertex -23.1046 -15.4034 55.39
      vertex -23.1046 -18.5966 55.39
      vertex -23 -18.6 55.39
    endloop
  endfacet
  facet normal -0 0 1
    outer loop
      vertex -23.2088 -15.4137 55.39
      vertex -23.1046 -18.5966 55.39
      vertex -23.1046 -15.4034 55.39
    endloop
  endfacet
  facet normal 0 0 1
    outer loop
      vertex -23.2088 -15.4137 55.39
      vertex -23.2088 -18.5863 55.39
      vertex -23.1046 -18.5966 55.39
    endloop
  endfacet
  facet normal -0 0 1
    outer loop
      vertex -23.3121 -15.4307 55.39
      vertex -23.2088 -18.5863 55.39
      vertex -23.2088 -15.4137 55.39
    endloop
  endfacet
  facet normal 0 0 1
    outer loop
      vertex -23.3121 -15.4307 55.39
      vertex -23.3121 -18.5693 55.39
      vertex -23.2088 -18.5863 55.39
    endloop
  endfacet
  facet normal -0 0 1
    outer loop
      vertex -23.4141 -15.4545 55.39
      vertex -23.3121 -18.5693 55.39
      vertex -23.3121 -15.4307 55.39
    endloop
  endfacet
  facet normal 0 0 1
    outer loop
      vertex -23.4141 -15.4545 55.39
      vertex -23.4141 -18.5455 55.39
      vertex -23.3121 -18.5693 55.39
    endloop
  endfacet
  facet normal -0 0 1
    outer loop
      vertex -23.5143 -15.4849 55.39
      vertex -23.4141 -18.5455 55.39
      vertex -23.4141 -15.4545 55.39
    endloop
  endfacet
  facet normal 0 0 1
    outer loop
      vertex -23.5143 -15.4849 55.39
      vertex -23.5143 -18.5151 55.39
      vertex -23.4141 -18.5455 55.39
    endloop
  endfacet
  facet normal -0 0 1
    outer loop
      vertex -23.6123 -15.5218 55.39
      vertex -23.5143 -18.5151 55.39
      vertex -23.5143 -15.4849 55.39
    endloop
  endfacet
  facet normal 0 0 1
    outer loop
      vertex -23.6123 -15.5218 55.39
      vertex -23.6123 -18.4782 55.39
      vertex -23.5143 -18.5151 55.39
    endloop
  endfacet
  facet normal -0 0 1
    outer loop
      vertex -23.7077 -15.565 55.39
      vertex -23.6123 -18.4782 55.39
      vertex -23.6123 -15.5218 55.39
    endloop
  endfacet
  facet normal 0 0 1
    outer loop
      vertex -23.7077 -15.565 55.39
      vertex -23.7077 -18.435 55.39
      vertex -23.6123 -18.4782 55.39
    endloop
  endfacet
  facet normal -0 0 1
    outer loop
      vertex -23.8 -15.6144 55.39
      vertex -23.7077 -18.435 55.39
      vertex -23.7077 -15.565 55.39
    endloop
  endfacet
  facet normal 0 0 1
    outer loop
      vertex -23.8 -15.6144 55.39
      vertex -23.8 -18.3856 55.39
      vertex -23.7077 -18.435 55.39
    endloop
  endfacet
  facet normal -0 0 1
    outer loop
      vertex -23.8889 -15.6696 55.39
      vertex -23.8 -18.3856 55.39
      vertex -23.8 -15.6144 55.39
    endloop
  endfacet
  facet normal 0 0 1
    outer loop
      vertex -23.8889 -15.6696 55.39
      vertex -23.8889 -18.3304 55.39
      vertex -23.8 -18.3856 55.39
    endloop
  endfacet
  facet normal -0 0 1
    outer loop
      vertex -23.974 -15.7306 55.39
      vertex -23.8889 -18.3304 55.39
      vertex -23.8889 -15.6696 55.39
    endloop
  endfacet
  facet normal 0 0 1
    outer loop
      vertex -23.974 -15.7306 55.39
      vertex -23.974 -18.2694 55.39
      vertex -23.8889 -18.3304 55.39
    endloop
  endfacet
  facet normal -0 0 1
    outer loop
      vertex -24.055 -15.7971 55.39
      vertex -23.974 -18.2694 55.39
      vertex -23.974 -15.7306 55.39
    endloop
  endfacet
  facet normal 0 0 1
    outer loop
      vertex -24.055 -15.7971 55.39
      vertex -24.055 -18.2029 55.39
      vertex -23.974 -18.2694 55.39
    endloop
  endfacet
  facet normal -0 0 1
    outer loop
      vertex -24.1314 -15.8686 55.39
      vertex -24.055 -18.2029 55.39
      vertex -24.055 -15.7971 55.39
    endloop
  endfacet
  facet normal 0 0 1
    outer loop
      vertex -24.1314 -15.8686 55.39
      vertex -24.1314 -18.1314 55.39
      vertex -24.055 -18.2029 55.39
    endloop
  endfacet
  facet normal -0 0 1
    outer loop
      vertex -24.2029 -15.945 55.39
      vertex -24.1314 -18.1314 55.39
      vertex -24.1314 -15.8686 55.39
    endloop
  endfacet
  facet normal 0 0 1
    outer loop
      vertex -24.2029 -15.945 55.39
      vertex -24.2029 -18.055 55.39
      vertex -24.1314 -18.1314 55.39
    endloop
  endfacet
  facet normal -0 0 1
    outer loop
      vertex -24.2694 -16.026 55.39
      vertex -24.2029 -18.055 55.39
      vertex -24.2029 -15.945 55.39
    endloop
  endfacet
  facet normal 0 0 1
    outer loop
      vertex -24.2694 -16.026 55.39
      vertex -24.2694 -17.974 55.39
      vertex -24.2029 -18.055 55.39
    endloop
  endfacet
  facet normal -0 0 1
    outer loop
      vertex -24.3304 -16.1111 55.39
      vertex -24.2694 -17.974 55.39
      vertex -24.2694 -16.026 55.39
    endloop
  endfacet
  facet normal 0 0 1
    outer loop
      vertex -24.3304 -16.1111 55.39
      vertex -24.3304 -17.8889 55.39
      vertex -24.2694 -17.974 55.39
    endloop
  endfacet
  facet normal -0 0 1
    outer loop
      vertex -24.3856 -16.2 55.39
      vertex -24.3304 -17.8889 55.39
      vertex -24.3304 -16.1111 55.39
    endloop
  endfacet
  facet normal 0 0 1
    outer loop
      vertex -24.3856 -16.2 55.39
      vertex -24.3856 -17.8 55.39
      vertex -24.3304 -17.8889 55.39
    endloop
  endfacet
  facet normal -0 0 1
    outer loop
      vertex -24.435 -16.2923 55.39
      vertex -24.3856 -17.8 55.39
      vertex -24.3856 -16.2 55.39
    endloop
  endfacet
  facet normal 0 0 1
    outer loop
      vertex -24.435 -16.2923 55.39
      vertex -24.435 -17.7077 55.39
      vertex -24.3856 -17.8 55.39
    endloop
  endfacet
  facet normal -0 0 1
    outer loop
      vertex -24.4782 -16.3877 55.39
      vertex -24.435 -17.7077 55.39
      vertex -24.435 -16.2923 55.39
    endloop
  endfacet
  facet normal 0 0 1
    outer loop
      vertex -24.4782 -16.3877 55.39
      vertex -24.4782 -17.6123 55.39
      vertex -24.435 -17.7077 55.39
    endloop
  endfacet
  facet normal -0 0 1
    outer loop
      vertex -24.5151 -16.4857 55.39
      vertex -24.4782 -17.6123 55.39
      vertex -24.4782 -16.3877 55.39
    endloop
  endfacet
  facet normal 0 0 1
    outer loop
      vertex -24.5151 -16.4857 55.39
      vertex -24.5151 -17.5143 55.39
      vertex -24.4782 -17.6123 55.39
    endloop
  endfacet
  facet normal -0 0 1
    outer loop
      vertex -24.5455 -16.5859 55.39
      vertex -24.5151 -17.5143 55.39
      vertex -24.5151 -16.4857 55.39
    endloop
  endfacet
  facet normal 0 0 1
    outer loop
      vertex -24.5455 -16.5859 55.39
      vertex -24.5455 -17.4141 55.39
      vertex -24.5151 -17.5143 55.39
    endloop
  endfacet
  facet normal -0 0 1
    outer loop
      vertex -24.5693 -16.6879 55.39
      vertex -24.5455 -17.4141 55.39
      vertex -24.5455 -16.5859 55.39
    endloop
  endfacet
  facet normal 0 0 1
    outer loop
      vertex -24.5693 -16.6879 55.39
      vertex -24.5693 -17.3121 55.39
      vertex -24.5455 -17.4141 55.39
    endloop
  endfacet
  facet normal -0 0 1
    outer loop
      vertex -24.5863 -16.7912 55.39
      vertex -24.5693 -17.3121 55.39
      vertex -24.5693 -16.6879 55.39
    endloop
  endfacet
  facet normal 0 0 1
    outer loop
      vertex -24.5863 -16.7912 55.39
      vertex -24.5863 -17.2088 55.39
      vertex -24.5693 -17.3121 55.39
    endloop
  endfacet
  facet normal -0 0 1
    outer loop
      vertex -24.5966 -16.8954 55.39
      vertex -24.5863 -17.2088 55.39
      vertex -24.5863 -16.7912 55.39
    endloop
  endfacet
  facet normal 0 0 1
    outer loop
      vertex -24.5966 -16.8954 55.39
      vertex -24.5966 -17.1046 55.39
      vertex -24.5863 -17.2088 55.39
    endloop
  endfacet
  facet normal 0 -0 1
    outer loop
      vertex -24.5966 -17.1046 55.39
      vertex -24.5966 -16.8954 55.39
      vertex -24.6 -17 55.39
    endloop
  endfacet
  facet normal 0.48486 0.676419 0.554408
    outer loop
      vertex -21.8889 -15.3371 54.79
      vertex -22.1111 -15.6696 55.39
      vertex -22.026 -15.7306 55.39
    endloop
  endfacet
  facet normal -0.439517 0.706662 0.554485
    outer loop
      vertex -24 -15.268 54.79
      vertex -24.1111 -15.3371 54.79
      vertex -23.8 -15.6144 55.39
    endloop
  endfacet
  facet normal -0.568627 -0.607595 0.554519
    outer loop
      vertex -24.1314 -18.1314 55.39
      vertex -24.3187 -18.5037 54.79
      vertex -24.055 -18.2029 55.39
    endloop
  endfacet
  facet normal -0.758116 -0.343298 0.554443
    outer loop
      vertex -24.4782 -17.6123 55.39
      vertex -24.7937 -17.8846 54.79
      vertex -24.435 -17.7077 55.39
    endloop
  endfacet
  facet normal -0.0818592 -0.828129 0.554528
    outer loop
      vertex -23.2088 -18.5863 55.39
      vertex -23.2611 -18.9829 54.79
      vertex -23.1046 -18.5966 55.39
    endloop
  endfacet
  facet normal -0.392707 -0.733743 0.554439
    outer loop
      vertex -23.8 -18.3856 55.39
      vertex -23.8846 -18.7937 54.79
      vertex -23.7077 -18.435 55.39
    endloop
  endfacet
  facet normal -0.392379 -0.733882 0.554487
    outer loop
      vertex -23.8 -18.3856 55.39
      vertex -24 -18.732 54.79
      vertex -23.8846 -18.7937 54.79
    endloop
  endfacet
  facet normal 0.99506 0.0992769 0
    outer loop
      vertex 120.996 -16.8692 54.79
      vertex 120.983 -16.7389 52
      vertex 120.983 -16.7389 54.79
    endloop
  endfacet
  facet normal 0.99506 0.0992769 0
    outer loop
      vertex 120.983 -16.7389 52
      vertex 120.996 -16.8692 54.79
      vertex 120.996 -16.8692 52
    endloop
  endfacet
  facet normal 0.999533 0.0305668 0
    outer loop
      vertex 121 -17 54.79
      vertex 120.996 -16.8692 52
      vertex 120.996 -16.8692 54.79
    endloop
  endfacet
  facet normal 0.999533 0.0305668 0
    outer loop
      vertex 120.996 -16.8692 52
      vertex 121 -17 54.79
      vertex 121 -17 52
    endloop
  endfacet
  facet normal 0.727752 -0.68584 0
    outer loop
      vertex 120.414 -18.4142 54.79
      vertex 120.504 -18.3187 52
      vertex 120.504 -18.3187 54.79
    endloop
  endfacet
  facet normal 0.727752 -0.68584 0
    outer loop
      vertex 120.504 -18.3187 52
      vertex 120.414 -18.4142 54.79
      vertex 120.414 -18.4142 52
    endloop
  endfacet
  facet normal 0.936172 0.351542 0
    outer loop
      vertex 120.894 -16.3571 54.79
      vertex 120.848 -16.2346 52
      vertex 120.848 -16.2346 54.79
    endloop
  endfacet
  facet normal 0.936172 0.351542 0
    outer loop
      vertex 120.848 -16.2346 52
      vertex 120.894 -16.3571 54.79
      vertex 120.894 -16.3571 52
    endloop
  endfacet
  facet normal 0.580085 -0.814556 0
    outer loop
      vertex 120.111 -18.6629 52
      vertex 120.218 -18.5867 54.79
      vertex 120.111 -18.6629 54.79
    endloop
  endfacet
  facet normal 0.580085 -0.814556 0
    outer loop
      vertex 120.218 -18.5867 54.79
      vertex 120.111 -18.6629 52
      vertex 120.218 -18.5867 52
    endloop
  endfacet
  facet normal -0.95696 0.290219 0
    outer loop
      vertex 117.068 -16.4824 52
      vertex 117.106 -16.3571 54.79
      vertex 117.106 -16.3571 52
    endloop
  endfacet
  facet normal -0.95696 0.290219 0
    outer loop
      vertex 117.106 -16.3571 54.79
      vertex 117.068 -16.4824 52
      vertex 117.068 -16.4824 54.79
    endloop
  endfacet
  facet normal 0.528486 -0.848942 0
    outer loop
      vertex 120 -18.732 52
      vertex 120.111 -18.6629 54.79
      vertex 120 -18.732 54.79
    endloop
  endfacet
  facet normal 0.528486 -0.848942 0
    outer loop
      vertex 120.111 -18.6629 54.79
      vertex 120 -18.732 52
      vertex 120.111 -18.6629 52
    endloop
  endfacet
  facet normal -0.472774 0.881184 0
    outer loop
      vertex 118.115 -15.2063 52
      vertex 118 -15.268 54.79
      vertex 118.115 -15.2063 54.79
    endloop
  endfacet
  facet normal -0.472774 0.881184 0
    outer loop
      vertex 118 -15.268 54.79
      vertex 118.115 -15.2063 52
      vertex 118 -15.268 52
    endloop
  endfacet
  facet normal -0.973377 0.22921 0
    outer loop
      vertex 117.038 -16.6098 52
      vertex 117.068 -16.4824 54.79
      vertex 117.068 -16.4824 52
    endloop
  endfacet
  facet normal -0.973377 0.22921 0
    outer loop
      vertex 117.068 -16.4824 54.79
      vertex 117.038 -16.6098 52
      vertex 117.038 -16.6098 54.79
    endloop
  endfacet
  facet normal 0.973377 0.22921 0
    outer loop
      vertex 120.962 -16.6098 54.79
      vertex 120.932 -16.4824 52
      vertex 120.932 -16.4824 54.79
    endloop
  endfacet
  facet normal 0.973377 0.22921 0
    outer loop
      vertex 120.932 -16.4824 52
      vertex 120.962 -16.6098 54.79
      vertex 120.962 -16.6098 52
    endloop
  endfacet
  facet normal 0.773208 -0.634153 0
    outer loop
      vertex 120.504 -18.3187 54.79
      vertex 120.587 -18.2175 52
      vertex 120.587 -18.2175 54.79
    endloop
  endfacet
  facet normal 0.773208 -0.634153 0
    outer loop
      vertex 120.587 -18.2175 52
      vertex 120.504 -18.3187 54.79
      vertex 120.504 -18.3187 52
    endloop
  endfacet
  facet normal -0.353475 0.935444 0
    outer loop
      vertex 118.357 -15.1061 52
      vertex 118.235 -15.1522 54.79
      vertex 118.357 -15.1061 54.79
    endloop
  endfacet
  facet normal -0.353475 0.935444 0
    outer loop
      vertex 118.235 -15.1522 54.79
      vertex 118.357 -15.1061 52
      vertex 118.235 -15.1522 52
    endloop
  endfacet
  facet normal 0.353475 -0.935444 0
    outer loop
      vertex 119.643 -18.8939 52
      vertex 119.765 -18.8478 54.79
      vertex 119.643 -18.8939 54.79
    endloop
  endfacet
  facet normal 0.353475 -0.935444 0
    outer loop
      vertex 119.765 -18.8478 54.79
      vertex 119.643 -18.8939 52
      vertex 119.765 -18.8478 52
    endloop
  endfacet
  facet normal 0.290857 0.956767 -0
    outer loop
      vertex 119.643 -15.1061 52
      vertex 119.518 -15.0681 54.79
      vertex 119.643 -15.1061 54.79
    endloop
  endfacet
  facet normal 0.290857 0.956767 0
    outer loop
      vertex 119.518 -15.0681 54.79
      vertex 119.643 -15.1061 52
      vertex 119.518 -15.0681 52
    endloop
  endfacet
  facet normal -0.936172 -0.351542 0
    outer loop
      vertex 117.152 -17.7654 52
      vertex 117.106 -17.6429 54.79
      vertex 117.106 -17.6429 52
    endloop
  endfacet
  facet normal -0.936172 -0.351542 0
    outer loop
      vertex 117.106 -17.6429 54.79
      vertex 117.152 -17.7654 52
      vertex 117.152 -17.7654 54.79
    endloop
  endfacet
  facet normal -0.727752 -0.68584 0
    outer loop
      vertex 117.586 -18.4142 52
      vertex 117.496 -18.3187 54.79
      vertex 117.496 -18.3187 52
    endloop
  endfacet
  facet normal -0.727752 -0.68584 0
    outer loop
      vertex 117.496 -18.3187 54.79
      vertex 117.586 -18.4142 52
      vertex 117.586 -18.4142 54.79
    endloop
  endfacet
  facet normal 0.987027 0.160554 0
    outer loop
      vertex 120.983 -16.7389 54.79
      vertex 120.962 -16.6098 52
      vertex 120.962 -16.6098 54.79
    endloop
  endfacet
  facet normal 0.987027 0.160554 0
    outer loop
      vertex 120.962 -16.6098 52
      vertex 120.983 -16.7389 54.79
      vertex 120.983 -16.7389 52
    endloop
  endfacet
  facet normal 0.910889 0.412651 0
    outer loop
      vertex 120.848 -16.2346 54.79
      vertex 120.794 -16.1154 52
      vertex 120.794 -16.1154 54.79
    endloop
  endfacet
  facet normal 0.910889 0.412651 0
    outer loop
      vertex 120.794 -16.1154 52
      vertex 120.848 -16.2346 54.79
      vertex 120.848 -16.2346 52
    endloop
  endfacet
  facet normal 0.16291 -0.986641 0
    outer loop
      vertex 119.261 -18.9829 52
      vertex 119.39 -18.9616 54.79
      vertex 119.261 -18.9829 54.79
    endloop
  endfacet
  facet normal 0.16291 -0.986641 0
    outer loop
      vertex 119.39 -18.9616 54.79
      vertex 119.261 -18.9829 52
      vertex 119.39 -18.9616 52
    endloop
  endfacet
  facet normal 0.410996 0.911637 -0
    outer loop
      vertex 119.885 -15.2063 52
      vertex 119.765 -15.1522 54.79
      vertex 119.885 -15.2063 54.79
    endloop
  endfacet
  facet normal 0.410996 0.911637 0
    outer loop
      vertex 119.765 -15.1522 54.79
      vertex 119.885 -15.2063 52
      vertex 119.765 -15.1522 52
    endloop
  endfacet
  facet normal 0.685723 -0.727863 0
    outer loop
      vertex 120.319 -18.5037 52
      vertex 120.414 -18.4142 54.79
      vertex 120.319 -18.5037 54.79
    endloop
  endfacet
  facet normal 0.685723 -0.727863 0
    outer loop
      vertex 120.414 -18.4142 54.79
      vertex 120.319 -18.5037 52
      vertex 120.414 -18.4142 52
    endloop
  endfacet
  facet normal 0.813733 -0.581238 0
    outer loop
      vertex 120.587 -18.2175 54.79
      vertex 120.663 -18.1111 52
      vertex 120.663 -18.1111 54.79
    endloop
  endfacet
  facet normal 0.813733 -0.581238 0
    outer loop
      vertex 120.663 -18.1111 52
      vertex 120.587 -18.2175 54.79
      vertex 120.587 -18.2175 52
    endloop
  endfacet
  facet normal -0.290857 -0.956767 0
    outer loop
      vertex 118.357 -18.8939 52
      vertex 118.482 -18.9319 54.79
      vertex 118.357 -18.8939 54.79
    endloop
  endfacet
  facet normal -0.290857 -0.956767 -0
    outer loop
      vertex 118.482 -18.9319 54.79
      vertex 118.357 -18.8939 52
      vertex 118.482 -18.9319 52
    endloop
  endfacet
  facet normal -0.910889 -0.412651 0
    outer loop
      vertex 117.206 -17.8846 52
      vertex 117.152 -17.7654 54.79
      vertex 117.152 -17.7654 52
    endloop
  endfacet
  facet normal -0.910889 -0.412651 0
    outer loop
      vertex 117.152 -17.7654 54.79
      vertex 117.206 -17.8846 52
      vertex 117.206 -17.8846 54.79
    endloop
  endfacet
  facet normal 0.95696 -0.290219 0
    outer loop
      vertex 120.894 -17.6429 54.79
      vertex 120.932 -17.5176 52
      vertex 120.932 -17.5176 54.79
    endloop
  endfacet
  facet normal 0.95696 -0.290219 0
    outer loop
      vertex 120.932 -17.5176 52
      vertex 120.894 -17.6429 54.79
      vertex 120.894 -17.6429 52
    endloop
  endfacet
  facet normal 0.580085 0.814556 -0
    outer loop
      vertex 120.218 -15.4133 52
      vertex 120.111 -15.3371 54.79
      vertex 120.218 -15.4133 54.79
    endloop
  endfacet
  facet normal 0.580085 0.814556 0
    outer loop
      vertex 120.111 -15.3371 54.79
      vertex 120.218 -15.4133 52
      vertex 120.111 -15.3371 52
    endloop
  endfacet
  facet normal -0.685723 0.727863 0
    outer loop
      vertex 117.681 -15.4963 52
      vertex 117.586 -15.5858 54.79
      vertex 117.681 -15.4963 54.79
    endloop
  endfacet
  facet normal -0.685723 0.727863 0
    outer loop
      vertex 117.586 -15.5858 54.79
      vertex 117.681 -15.4963 52
      vertex 117.586 -15.5858 52
    endloop
  endfacet
  facet normal 0.290857 -0.956767 0
    outer loop
      vertex 119.518 -18.9319 52
      vertex 119.643 -18.8939 54.79
      vertex 119.518 -18.9319 54.79
    endloop
  endfacet
  facet normal 0.290857 -0.956767 0
    outer loop
      vertex 119.643 -18.8939 54.79
      vertex 119.518 -18.9319 52
      vertex 119.643 -18.8939 52
    endloop
  endfacet
  facet normal -0.410996 0.911637 0
    outer loop
      vertex 118.235 -15.1522 52
      vertex 118.115 -15.2063 54.79
      vertex 118.235 -15.1522 54.79
    endloop
  endfacet
  facet normal -0.410996 0.911637 0
    outer loop
      vertex 118.115 -15.2063 54.79
      vertex 118.235 -15.1522 52
      vertex 118.115 -15.2063 52
    endloop
  endfacet
  facet normal -0.99506 0.0992769 0
    outer loop
      vertex 117.004 -16.8692 52
      vertex 117.017 -16.7389 54.79
      vertex 117.017 -16.7389 52
    endloop
  endfacet
  facet normal -0.99506 0.0992769 0
    outer loop
      vertex 117.017 -16.7389 54.79
      vertex 117.004 -16.8692 52
      vertex 117.004 -16.8692 54.79
    endloop
  endfacet
  facet normal 0.849498 0.527591 0
    outer loop
      vertex 120.732 -16 54.79
      vertex 120.663 -15.8889 52
      vertex 120.663 -15.8889 54.79
    endloop
  endfacet
  facet normal 0.849498 0.527591 0
    outer loop
      vertex 120.663 -15.8889 52
      vertex 120.732 -16 54.79
      vertex 120.732 -16 52
    endloop
  endfacet
  facet normal -0.0979877 0.995188 0
    outer loop
      vertex 118.869 -15.0043 52
      vertex 118.739 -15.0171 54.79
      vertex 118.869 -15.0043 54.79
    endloop
  endfacet
  facet normal -0.0979877 0.995188 0
    outer loop
      vertex 118.739 -15.0171 54.79
      vertex 118.869 -15.0043 52
      vertex 118.739 -15.0171 52
    endloop
  endfacet
  facet normal -0.634903 0.772592 0
    outer loop
      vertex 117.782 -15.4133 52
      vertex 117.681 -15.4963 54.79
      vertex 117.782 -15.4133 54.79
    endloop
  endfacet
  facet normal -0.634903 0.772592 0
    outer loop
      vertex 117.681 -15.4963 54.79
      vertex 117.782 -15.4133 52
      vertex 117.681 -15.4963 52
    endloop
  endfacet
  facet normal -0.99506 -0.0992769 0
    outer loop
      vertex 117.017 -17.2611 52
      vertex 117.004 -17.1308 54.79
      vertex 117.004 -17.1308 52
    endloop
  endfacet
  facet normal -0.99506 -0.0992769 0
    outer loop
      vertex 117.004 -17.1308 54.79
      vertex 117.017 -17.2611 52
      vertex 117.017 -17.2611 54.79
    endloop
  endfacet
  facet normal -0.16291 0.986641 0
    outer loop
      vertex 118.739 -15.0171 52
      vertex 118.61 -15.0384 54.79
      vertex 118.739 -15.0171 54.79
    endloop
  endfacet
  facet normal -0.16291 0.986641 0
    outer loop
      vertex 118.61 -15.0384 54.79
      vertex 118.739 -15.0171 52
      vertex 118.61 -15.0384 52
    endloop
  endfacet
  facet normal -0.773208 -0.634153 0
    outer loop
      vertex 117.496 -18.3187 52
      vertex 117.413 -18.2175 54.79
      vertex 117.413 -18.2175 52
    endloop
  endfacet
  facet normal -0.773208 -0.634153 0
    outer loop
      vertex 117.413 -18.2175 54.79
      vertex 117.496 -18.3187 52
      vertex 117.496 -18.3187 54.79
    endloop
  endfacet
  facet normal 0.999533 -0.0305668 0
    outer loop
      vertex 120.996 -17.1308 54.79
      vertex 121 -17 52
      vertex 121 -17 54.79
    endloop
  endfacet
  facet normal 0.999533 -0.0305668 0
    outer loop
      vertex 121 -17 52
      vertex 120.996 -17.1308 54.79
      vertex 120.996 -17.1308 52
    endloop
  endfacet
  facet normal 0.685723 0.727863 -0
    outer loop
      vertex 120.414 -15.5858 52
      vertex 120.319 -15.4963 54.79
      vertex 120.414 -15.5858 54.79
    endloop
  endfacet
  facet normal 0.685723 0.727863 0
    outer loop
      vertex 120.319 -15.4963 54.79
      vertex 120.414 -15.5858 52
      vertex 120.319 -15.4963 52
    endloop
  endfacet
  facet normal -0.580085 -0.814556 0
    outer loop
      vertex 117.782 -18.5867 52
      vertex 117.889 -18.6629 54.79
      vertex 117.782 -18.5867 54.79
    endloop
  endfacet
  facet normal -0.580085 -0.814556 -0
    outer loop
      vertex 117.889 -18.6629 54.79
      vertex 117.782 -18.5867 52
      vertex 117.889 -18.6629 52
    endloop
  endfacet
  facet normal -0.999533 -0.0305668 0
    outer loop
      vertex 117.004 -17.1308 52
      vertex 117 -17 54.79
      vertex 117 -17 52
    endloop
  endfacet
  facet normal -0.999533 -0.0305668 0
    outer loop
      vertex 117 -17 54.79
      vertex 117.004 -17.1308 52
      vertex 117.004 -17.1308 54.79
    endloop
  endfacet
  facet normal 0.880912 -0.47328 0
    outer loop
      vertex 120.732 -18 54.79
      vertex 120.794 -17.8846 52
      vertex 120.794 -17.8846 54.79
    endloop
  endfacet
  facet normal 0.880912 -0.47328 0
    outer loop
      vertex 120.794 -17.8846 52
      vertex 120.732 -18 54.79
      vertex 120.732 -18 52
    endloop
  endfacet
  facet normal -0.290857 0.956767 0
    outer loop
      vertex 118.482 -15.0681 52
      vertex 118.357 -15.1061 54.79
      vertex 118.482 -15.0681 54.79
    endloop
  endfacet
  facet normal -0.290857 0.956767 0
    outer loop
      vertex 118.357 -15.1061 54.79
      vertex 118.482 -15.0681 52
      vertex 118.357 -15.1061 52
    endloop
  endfacet
  facet normal 0.99506 -0.0992769 0
    outer loop
      vertex 120.983 -17.2611 54.79
      vertex 120.996 -17.1308 52
      vertex 120.996 -17.1308 54.79
    endloop
  endfacet
  facet normal 0.99506 -0.0992769 0
    outer loop
      vertex 120.996 -17.1308 52
      vertex 120.983 -17.2611 54.79
      vertex 120.983 -17.2611 52
    endloop
  endfacet
  facet normal -0.880912 0.47328 0
    outer loop
      vertex 117.206 -16.1154 52
      vertex 117.268 -16 54.79
      vertex 117.268 -16 52
    endloop
  endfacet
  facet normal -0.880912 0.47328 0
    outer loop
      vertex 117.268 -16 54.79
      vertex 117.206 -16.1154 52
      vertex 117.206 -16.1154 54.79
    endloop
  endfacet
  facet normal 0.95696 0.290219 0
    outer loop
      vertex 120.932 -16.4824 54.79
      vertex 120.894 -16.3571 52
      vertex 120.894 -16.3571 54.79
    endloop
  endfacet
  facet normal 0.95696 0.290219 0
    outer loop
      vertex 120.894 -16.3571 52
      vertex 120.932 -16.4824 54.79
      vertex 120.932 -16.4824 52
    endloop
  endfacet
  facet normal 0.849498 -0.527591 0
    outer loop
      vertex 120.663 -18.1111 54.79
      vertex 120.732 -18 52
      vertex 120.732 -18 54.79
    endloop
  endfacet
  facet normal 0.849498 -0.527591 0
    outer loop
      vertex 120.732 -18 52
      vertex 120.663 -18.1111 54.79
      vertex 120.663 -18.1111 52
    endloop
  endfacet
  facet normal -0.16291 -0.986641 0
    outer loop
      vertex 118.61 -18.9616 52
      vertex 118.739 -18.9829 54.79
      vertex 118.61 -18.9616 54.79
    endloop
  endfacet
  facet normal -0.16291 -0.986641 -0
    outer loop
      vertex 118.739 -18.9829 54.79
      vertex 118.61 -18.9616 52
      vertex 118.739 -18.9829 52
    endloop
  endfacet
  facet normal -0.0328068 0.999462 0
    outer loop
      vertex 119 -15 52
      vertex 118.869 -15.0043 54.79
      vertex 119 -15 54.79
    endloop
  endfacet
  facet normal -0.0328068 0.999462 0
    outer loop
      vertex 118.869 -15.0043 54.79
      vertex 119 -15 52
      vertex 118.869 -15.0043 52
    endloop
  endfacet
  facet normal -0.95696 -0.290219 0
    outer loop
      vertex 117.106 -17.6429 52
      vertex 117.068 -17.5176 54.79
      vertex 117.068 -17.5176 52
    endloop
  endfacet
  facet normal -0.95696 -0.290219 0
    outer loop
      vertex 117.068 -17.5176 54.79
      vertex 117.106 -17.6429 52
      vertex 117.106 -17.6429 54.79
    endloop
  endfacet
  facet normal 0.727752 0.68584 0
    outer loop
      vertex 120.504 -15.6813 54.79
      vertex 120.414 -15.5858 52
      vertex 120.414 -15.5858 54.79
    endloop
  endfacet
  facet normal 0.727752 0.68584 0
    outer loop
      vertex 120.414 -15.5858 52
      vertex 120.504 -15.6813 54.79
      vertex 120.504 -15.6813 52
    endloop
  endfacet
  facet normal 0.472774 -0.881184 0
    outer loop
      vertex 119.885 -18.7937 52
      vertex 120 -18.732 54.79
      vertex 119.885 -18.7937 54.79
    endloop
  endfacet
  facet normal 0.472774 -0.881184 0
    outer loop
      vertex 120 -18.732 54.79
      vertex 119.885 -18.7937 52
      vertex 120 -18.732 52
    endloop
  endfacet
  facet normal -0.987027 0.160554 0
    outer loop
      vertex 117.017 -16.7389 52
      vertex 117.038 -16.6098 54.79
      vertex 117.038 -16.6098 52
    endloop
  endfacet
  facet normal -0.987027 0.160554 0
    outer loop
      vertex 117.038 -16.6098 54.79
      vertex 117.017 -16.7389 52
      vertex 117.017 -16.7389 54.79
    endloop
  endfacet
  facet normal -0.849498 -0.527591 0
    outer loop
      vertex 117.337 -18.1111 52
      vertex 117.268 -18 54.79
      vertex 117.268 -18 52
    endloop
  endfacet
  facet normal -0.849498 -0.527591 0
    outer loop
      vertex 117.268 -18 54.79
      vertex 117.337 -18.1111 52
      vertex 117.337 -18.1111 54.79
    endloop
  endfacet
  facet normal 0.634903 0.772592 -0
    outer loop
      vertex 120.319 -15.4963 52
      vertex 120.218 -15.4133 54.79
      vertex 120.319 -15.4963 54.79
    endloop
  endfacet
  facet normal 0.634903 0.772592 0
    outer loop
      vertex 120.218 -15.4133 54.79
      vertex 120.319 -15.4963 52
      vertex 120.218 -15.4133 52
    endloop
  endfacet
  facet normal -0.987027 -0.160554 0
    outer loop
      vertex 117.038 -17.3902 52
      vertex 117.017 -17.2611 54.79
      vertex 117.017 -17.2611 52
    endloop
  endfacet
  facet normal -0.987027 -0.160554 0
    outer loop
      vertex 117.017 -17.2611 54.79
      vertex 117.038 -17.3902 52
      vertex 117.038 -17.3902 54.79
    endloop
  endfacet
  facet normal 0.880912 0.47328 0
    outer loop
      vertex 120.794 -16.1154 54.79
      vertex 120.732 -16 52
      vertex 120.732 -16 54.79
    endloop
  endfacet
  facet normal 0.880912 0.47328 0
    outer loop
      vertex 120.732 -16 52
      vertex 120.794 -16.1154 54.79
      vertex 120.794 -16.1154 52
    endloop
  endfacet
  facet normal 0.472774 0.881184 -0
    outer loop
      vertex 120 -15.268 52
      vertex 119.885 -15.2063 54.79
      vertex 120 -15.268 54.79
    endloop
  endfacet
  facet normal 0.472774 0.881184 0
    outer loop
      vertex 119.885 -15.2063 54.79
      vertex 120 -15.268 52
      vertex 119.885 -15.2063 52
    endloop
  endfacet
  facet normal -0.973377 -0.22921 0
    outer loop
      vertex 117.068 -17.5176 52
      vertex 117.038 -17.3902 54.79
      vertex 117.038 -17.3902 52
    endloop
  endfacet
  facet normal -0.973377 -0.22921 0
    outer loop
      vertex 117.038 -17.3902 54.79
      vertex 117.068 -17.5176 52
      vertex 117.068 -17.5176 54.79
    endloop
  endfacet
  facet normal -0.936172 0.351542 0
    outer loop
      vertex 117.106 -16.3571 52
      vertex 117.152 -16.2346 54.79
      vertex 117.152 -16.2346 52
    endloop
  endfacet
  facet normal -0.936172 0.351542 0
    outer loop
      vertex 117.152 -16.2346 54.79
      vertex 117.106 -16.3571 52
      vertex 117.106 -16.3571 54.79
    endloop
  endfacet
  facet normal 0.0979877 -0.995188 0
    outer loop
      vertex 119.131 -18.9957 52
      vertex 119.261 -18.9829 54.79
      vertex 119.131 -18.9957 54.79
    endloop
  endfacet
  facet normal 0.0979877 -0.995188 0
    outer loop
      vertex 119.261 -18.9829 54.79
      vertex 119.131 -18.9957 52
      vertex 119.261 -18.9829 52
    endloop
  endfacet
  facet normal 0.0328068 -0.999462 0
    outer loop
      vertex 119 -19 52
      vertex 119.131 -18.9957 54.79
      vertex 119 -19 54.79
    endloop
  endfacet
  facet normal 0.0328068 -0.999462 0
    outer loop
      vertex 119.131 -18.9957 54.79
      vertex 119 -19 52
      vertex 119.131 -18.9957 52
    endloop
  endfacet
  facet normal -0.528486 -0.848942 0
    outer loop
      vertex 117.889 -18.6629 52
      vertex 118 -18.732 54.79
      vertex 117.889 -18.6629 54.79
    endloop
  endfacet
  facet normal -0.528486 -0.848942 -0
    outer loop
      vertex 118 -18.732 54.79
      vertex 117.889 -18.6629 52
      vertex 118 -18.732 52
    endloop
  endfacet
  facet normal 0.773208 0.634153 0
    outer loop
      vertex 120.587 -15.7825 54.79
      vertex 120.504 -15.6813 52
      vertex 120.504 -15.6813 54.79
    endloop
  endfacet
  facet normal 0.773208 0.634153 0
    outer loop
      vertex 120.504 -15.6813 52
      vertex 120.587 -15.7825 54.79
      vertex 120.587 -15.7825 52
    endloop
  endfacet
  facet normal -0.849498 0.527591 0
    outer loop
      vertex 117.268 -16 52
      vertex 117.337 -15.8889 54.79
      vertex 117.337 -15.8889 52
    endloop
  endfacet
  facet normal -0.849498 0.527591 0
    outer loop
      vertex 117.337 -15.8889 54.79
      vertex 117.268 -16 52
      vertex 117.268 -16 54.79
    endloop
  endfacet
  facet normal 0.16291 0.986641 -0
    outer loop
      vertex 119.39 -15.0384 52
      vertex 119.261 -15.0171 54.79
      vertex 119.39 -15.0384 54.79
    endloop
  endfacet
  facet normal 0.16291 0.986641 0
    outer loop
      vertex 119.261 -15.0171 54.79
      vertex 119.39 -15.0384 52
      vertex 119.261 -15.0171 52
    endloop
  endfacet
  facet normal 0.973377 -0.22921 0
    outer loop
      vertex 120.932 -17.5176 54.79
      vertex 120.962 -17.3902 52
      vertex 120.962 -17.3902 54.79
    endloop
  endfacet
  facet normal 0.973377 -0.22921 0
    outer loop
      vertex 120.962 -17.3902 52
      vertex 120.932 -17.5176 54.79
      vertex 120.932 -17.5176 52
    endloop
  endfacet
  facet normal -0.813733 0.581238 0
    outer loop
      vertex 117.337 -15.8889 52
      vertex 117.413 -15.7825 54.79
      vertex 117.413 -15.7825 52
    endloop
  endfacet
  facet normal -0.813733 0.581238 0
    outer loop
      vertex 117.413 -15.7825 54.79
      vertex 117.337 -15.8889 52
      vertex 117.337 -15.8889 54.79
    endloop
  endfacet
  facet normal 0.528486 0.848942 -0
    outer loop
      vertex 120.111 -15.3371 52
      vertex 120 -15.268 54.79
      vertex 120.111 -15.3371 54.79
    endloop
  endfacet
  facet normal 0.528486 0.848942 0
    outer loop
      vertex 120 -15.268 54.79
      vertex 120.111 -15.3371 52
      vertex 120 -15.268 52
    endloop
  endfacet
  facet normal 0.0979877 0.995188 -0
    outer loop
      vertex 119.261 -15.0171 52
      vertex 119.131 -15.0043 54.79
      vertex 119.261 -15.0171 54.79
    endloop
  endfacet
  facet normal 0.0979877 0.995188 0
    outer loop
      vertex 119.131 -15.0043 54.79
      vertex 119.261 -15.0171 52
      vertex 119.131 -15.0043 52
    endloop
  endfacet
  facet normal 0.226027 -0.974121 0
    outer loop
      vertex 119.39 -18.9616 52
      vertex 119.518 -18.9319 54.79
      vertex 119.39 -18.9616 54.79
    endloop
  endfacet
  facet normal 0.226027 -0.974121 0
    outer loop
      vertex 119.518 -18.9319 54.79
      vertex 119.39 -18.9616 52
      vertex 119.518 -18.9319 52
    endloop
  endfacet
  facet normal -0.528486 0.848942 0
    outer loop
      vertex 118 -15.268 52
      vertex 117.889 -15.3371 54.79
      vertex 118 -15.268 54.79
    endloop
  endfacet
  facet normal -0.528486 0.848942 0
    outer loop
      vertex 117.889 -15.3371 54.79
      vertex 118 -15.268 52
      vertex 117.889 -15.3371 52
    endloop
  endfacet
  facet normal -0.773208 0.634153 0
    outer loop
      vertex 117.413 -15.7825 52
      vertex 117.496 -15.6813 54.79
      vertex 117.496 -15.6813 52
    endloop
  endfacet
  facet normal -0.773208 0.634153 0
    outer loop
      vertex 117.496 -15.6813 54.79
      vertex 117.413 -15.7825 52
      vertex 117.413 -15.7825 54.79
    endloop
  endfacet
  facet normal 0.813733 0.581238 0
    outer loop
      vertex 120.663 -15.8889 54.79
      vertex 120.587 -15.7825 52
      vertex 120.587 -15.7825 54.79
    endloop
  endfacet
  facet normal 0.813733 0.581238 0
    outer loop
      vertex 120.587 -15.7825 52
      vertex 120.663 -15.8889 54.79
      vertex 120.663 -15.8889 52
    endloop
  endfacet
  facet normal -0.880912 -0.47328 0
    outer loop
      vertex 117.268 -18 52
      vertex 117.206 -17.8846 54.79
      vertex 117.206 -17.8846 52
    endloop
  endfacet
  facet normal -0.880912 -0.47328 0
    outer loop
      vertex 117.206 -17.8846 54.79
      vertex 117.268 -18 52
      vertex 117.268 -18 54.79
    endloop
  endfacet
  facet normal -0.580085 0.814556 0
    outer loop
      vertex 117.889 -15.3371 52
      vertex 117.782 -15.4133 54.79
      vertex 117.889 -15.3371 54.79
    endloop
  endfacet
  facet normal -0.580085 0.814556 0
    outer loop
      vertex 117.782 -15.4133 54.79
      vertex 117.889 -15.3371 52
      vertex 117.782 -15.4133 52
    endloop
  endfacet
  facet normal -0.410996 -0.911637 0
    outer loop
      vertex 118.115 -18.7937 52
      vertex 118.235 -18.8478 54.79
      vertex 118.115 -18.7937 54.79
    endloop
  endfacet
  facet normal -0.410996 -0.911637 -0
    outer loop
      vertex 118.235 -18.8478 54.79
      vertex 118.115 -18.7937 52
      vertex 118.235 -18.8478 52
    endloop
  endfacet
  facet normal 0.910889 -0.412651 0
    outer loop
      vertex 120.794 -17.8846 54.79
      vertex 120.848 -17.7654 52
      vertex 120.848 -17.7654 54.79
    endloop
  endfacet
  facet normal 0.910889 -0.412651 0
    outer loop
      vertex 120.848 -17.7654 52
      vertex 120.794 -17.8846 54.79
      vertex 120.794 -17.8846 52
    endloop
  endfacet
  facet normal -0.727752 0.68584 0
    outer loop
      vertex 117.496 -15.6813 52
      vertex 117.586 -15.5858 54.79
      vertex 117.586 -15.5858 52
    endloop
  endfacet
  facet normal -0.727752 0.68584 0
    outer loop
      vertex 117.586 -15.5858 54.79
      vertex 117.496 -15.6813 52
      vertex 117.496 -15.6813 54.79
    endloop
  endfacet
  facet normal 0.353475 0.935444 -0
    outer loop
      vertex 119.765 -15.1522 52
      vertex 119.643 -15.1061 54.79
      vertex 119.765 -15.1522 54.79
    endloop
  endfacet
  facet normal 0.353475 0.935444 0
    outer loop
      vertex 119.643 -15.1061 54.79
      vertex 119.765 -15.1522 52
      vertex 119.643 -15.1061 52
    endloop
  endfacet
  facet normal 0.410996 -0.911637 0
    outer loop
      vertex 119.765 -18.8478 52
      vertex 119.885 -18.7937 54.79
      vertex 119.765 -18.8478 54.79
    endloop
  endfacet
  facet normal 0.410996 -0.911637 0
    outer loop
      vertex 119.885 -18.7937 54.79
      vertex 119.765 -18.8478 52
      vertex 119.885 -18.7937 52
    endloop
  endfacet
  facet normal -0.353475 -0.935444 0
    outer loop
      vertex 118.235 -18.8478 52
      vertex 118.357 -18.8939 54.79
      vertex 118.235 -18.8478 54.79
    endloop
  endfacet
  facet normal -0.353475 -0.935444 -0
    outer loop
      vertex 118.357 -18.8939 54.79
      vertex 118.235 -18.8478 52
      vertex 118.357 -18.8939 52
    endloop
  endfacet
  facet normal -0.634903 -0.772592 0
    outer loop
      vertex 117.681 -18.5037 52
      vertex 117.782 -18.5867 54.79
      vertex 117.681 -18.5037 54.79
    endloop
  endfacet
  facet normal -0.634903 -0.772592 -0
    outer loop
      vertex 117.782 -18.5867 54.79
      vertex 117.681 -18.5037 52
      vertex 117.782 -18.5867 52
    endloop
  endfacet
  facet normal -0.813733 -0.581238 0
    outer loop
      vertex 117.413 -18.2175 52
      vertex 117.337 -18.1111 54.79
      vertex 117.337 -18.1111 52
    endloop
  endfacet
  facet normal -0.813733 -0.581238 0
    outer loop
      vertex 117.337 -18.1111 54.79
      vertex 117.413 -18.2175 52
      vertex 117.413 -18.2175 54.79
    endloop
  endfacet
  facet normal 0.634903 -0.772592 0
    outer loop
      vertex 120.218 -18.5867 52
      vertex 120.319 -18.5037 54.79
      vertex 120.218 -18.5867 54.79
    endloop
  endfacet
  facet normal 0.634903 -0.772592 0
    outer loop
      vertex 120.319 -18.5037 54.79
      vertex 120.218 -18.5867 52
      vertex 120.319 -18.5037 52
    endloop
  endfacet
  facet normal 0.936172 -0.351542 0
    outer loop
      vertex 120.848 -17.7654 54.79
      vertex 120.894 -17.6429 52
      vertex 120.894 -17.6429 54.79
    endloop
  endfacet
  facet normal 0.936172 -0.351542 0
    outer loop
      vertex 120.894 -17.6429 52
      vertex 120.848 -17.7654 54.79
      vertex 120.848 -17.7654 52
    endloop
  endfacet
  facet normal -0.0328068 -0.999462 0
    outer loop
      vertex 118.869 -18.9957 52
      vertex 119 -19 54.79
      vertex 118.869 -18.9957 54.79
    endloop
  endfacet
  facet normal -0.0328068 -0.999462 -0
    outer loop
      vertex 119 -19 54.79
      vertex 118.869 -18.9957 52
      vertex 119 -19 52
    endloop
  endfacet
  facet normal 0.0328068 0.999462 -0
    outer loop
      vertex 119.131 -15.0043 52
      vertex 119 -15 54.79
      vertex 119.131 -15.0043 54.79
    endloop
  endfacet
  facet normal 0.0328068 0.999462 0
    outer loop
      vertex 119 -15 54.79
      vertex 119.131 -15.0043 52
      vertex 119 -15 52
    endloop
  endfacet
  facet normal -0.0979877 -0.995188 0
    outer loop
      vertex 118.739 -18.9829 52
      vertex 118.869 -18.9957 54.79
      vertex 118.739 -18.9829 54.79
    endloop
  endfacet
  facet normal -0.0979877 -0.995188 -0
    outer loop
      vertex 118.869 -18.9957 54.79
      vertex 118.739 -18.9829 52
      vertex 118.869 -18.9957 52
    endloop
  endfacet
  facet normal -0.685723 -0.727863 0
    outer loop
      vertex 117.586 -18.4142 52
      vertex 117.681 -18.5037 54.79
      vertex 117.586 -18.4142 54.79
    endloop
  endfacet
  facet normal -0.685723 -0.727863 -0
    outer loop
      vertex 117.681 -18.5037 54.79
      vertex 117.586 -18.4142 52
      vertex 117.681 -18.5037 52
    endloop
  endfacet
  facet normal 0.987027 -0.160554 0
    outer loop
      vertex 120.962 -17.3902 54.79
      vertex 120.983 -17.2611 52
      vertex 120.983 -17.2611 54.79
    endloop
  endfacet
  facet normal 0.987027 -0.160554 0
    outer loop
      vertex 120.983 -17.2611 52
      vertex 120.962 -17.3902 54.79
      vertex 120.962 -17.3902 52
    endloop
  endfacet
  facet normal -0.226027 0.974121 0
    outer loop
      vertex 118.61 -15.0384 52
      vertex 118.482 -15.0681 54.79
      vertex 118.61 -15.0384 54.79
    endloop
  endfacet
  facet normal -0.226027 0.974121 0
    outer loop
      vertex 118.482 -15.0681 54.79
      vertex 118.61 -15.0384 52
      vertex 118.482 -15.0681 52
    endloop
  endfacet
  facet normal -0.999533 0.0305668 0
    outer loop
      vertex 117 -17 52
      vertex 117.004 -16.8692 54.79
      vertex 117.004 -16.8692 52
    endloop
  endfacet
  facet normal -0.999533 0.0305668 0
    outer loop
      vertex 117.004 -16.8692 54.79
      vertex 117 -17 52
      vertex 117 -17 54.79
    endloop
  endfacet
  facet normal -0.226027 -0.974121 0
    outer loop
      vertex 118.482 -18.9319 52
      vertex 118.61 -18.9616 54.79
      vertex 118.482 -18.9319 54.79
    endloop
  endfacet
  facet normal -0.226027 -0.974121 -0
    outer loop
      vertex 118.61 -18.9616 54.79
      vertex 118.482 -18.9319 52
      vertex 118.61 -18.9616 52
    endloop
  endfacet
  facet normal -0.910889 0.412651 0
    outer loop
      vertex 117.152 -16.2346 52
      vertex 117.206 -16.1154 54.79
      vertex 117.206 -16.1154 52
    endloop
  endfacet
  facet normal -0.910889 0.412651 0
    outer loop
      vertex 117.206 -16.1154 54.79
      vertex 117.152 -16.2346 52
      vertex 117.152 -16.2346 54.79
    endloop
  endfacet
  facet normal 0.226027 0.974121 -0
    outer loop
      vertex 119.518 -15.0681 52
      vertex 119.39 -15.0384 54.79
      vertex 119.518 -15.0681 54.79
    endloop
  endfacet
  facet normal 0.226027 0.974121 0
    outer loop
      vertex 119.39 -15.0384 54.79
      vertex 119.518 -15.0681 52
      vertex 119.39 -15.0384 52
    endloop
  endfacet
  facet normal -0.472774 -0.881184 0
    outer loop
      vertex 118 -18.732 52
      vertex 118.115 -18.7937 54.79
      vertex 118 -18.732 54.79
    endloop
  endfacet
  facet normal -0.472774 -0.881184 -0
    outer loop
      vertex 118.115 -18.7937 54.79
      vertex 118 -18.732 52
      vertex 118.115 -18.7937 52
    endloop
  endfacet
  facet normal 0.676912 -0.483508 0.554987
    outer loop
      vertex 120.663 -18.1111 54.79
      vertex 120.269 -17.974 55.39
      vertex 120.587 -18.2175 54.79
    endloop
  endfacet
  facet normal 0.73489 0.390137 0.554734
    outer loop
      vertex 120.794 -16.1154 54.79
      vertex 120.386 -16.2 55.39
      vertex 120.435 -16.2923 55.39
    endloop
  endfacet
  facet normal 0.831813 0.023857 0.554542
    outer loop
      vertex 121 -17 54.79
      vertex 120.597 -16.8954 55.39
      vertex 120.6 -17 55.39
    endloop
  endfacet
  facet normal 0.831908 0.0254406 0.55433
    outer loop
      vertex 120.996 -16.8692 54.79
      vertex 120.597 -16.8954 55.39
      vertex 121 -17 54.79
    endloop
  endfacet
  facet normal 0.643201 -0.527527 0.554985
    outer loop
      vertex 120.587 -18.2175 54.79
      vertex 120.269 -17.974 55.39
      vertex 120.504 -18.3187 54.79
    endloop
  endfacet
  facet normal 0.485282 -0.676213 0.554289
    outer loop
      vertex 119.974 -18.2694 55.39
      vertex 119.889 -18.3304 55.39
      vertex 120.111 -18.6629 54.79
    endloop
  endfacet
  facet normal 0.778422 -0.293894 0.554694
    outer loop
      vertex 120.515 -17.5143 55.39
      vertex 120.478 -17.6123 55.39
      vertex 120.894 -17.6429 54.79
    endloop
  endfacet
  facet normal -0.820978 -0.133544 0.555123
    outer loop
      vertex 117.431 -17.3121 55.39
      vertex 117.017 -17.2611 54.79
      vertex 117.038 -17.3902 54.79
    endloop
  endfacet
  facet normal -0.703913 -0.44341 0.554881
    outer loop
      vertex 117.614 -17.8 55.39
      vertex 117.337 -18.1111 54.79
      vertex 117.67 -17.8889 55.39
    endloop
  endfacet
  facet normal 0.605569 0.570693 0.554613
    outer loop
      vertex 120.414 -15.5858 54.79
      vertex 120.131 -15.8686 55.39
      vertex 120.504 -15.6813 54.79
    endloop
  endfacet
  facet normal 0.393433 0.733304 0.554505
    outer loop
      vertex 119.885 -15.2063 54.79
      vertex 119.8 -15.6144 55.39
      vertex 120 -15.268 54.79
    endloop
  endfacet
  facet normal -0.528247 0.642806 0.554758
    outer loop
      vertex 117.782 -15.4133 54.79
      vertex 117.681 -15.4963 54.79
      vertex 118.026 -15.7306 55.39
    endloop
  endfacet
  facet normal -0.293206 0.778705 0.554661
    outer loop
      vertex 118.486 -15.4849 55.39
      vertex 118.357 -15.1061 54.79
      vertex 118.388 -15.5218 55.39
    endloop
  endfacet
  facet normal -0.5706 -0.605665 0.554603
    outer loop
      vertex 117.869 -18.1314 55.39
      vertex 117.586 -18.4142 54.79
      vertex 117.681 -18.5037 54.79
    endloop
  endfacet
  facet normal 0.242018 0.796112 0.554646
    outer loop
      vertex 119.518 -15.0681 54.79
      vertex 119.414 -15.4545 55.39
      vertex 119.514 -15.4849 55.39
    endloop
  endfacet
  facet normal 0.5706 -0.605665 0.554603
    outer loop
      vertex 120.414 -18.4142 54.79
      vertex 120.131 -18.1314 55.39
      vertex 120.319 -18.5037 54.79
    endloop
  endfacet
  facet normal -0.703913 0.44341 0.554881
    outer loop
      vertex 117.67 -16.1111 55.39
      vertex 117.337 -15.8889 54.79
      vertex 117.614 -16.2 55.39
    endloop
  endfacet
  facet normal -0.809626 -0.19065 0.555121
    outer loop
      vertex 117.431 -17.3121 55.39
      vertex 117.038 -17.3902 54.79
      vertex 117.068 -17.5176 54.79
    endloop
  endfacet
  facet normal -0.0815478 0.82822 0.554438
    outer loop
      vertex 118.869 -15.0043 54.79
      vertex 118.739 -15.0171 54.79
      vertex 118.895 -15.4034 55.39
    endloop
  endfacet
  facet normal -0.758567 0.341912 0.554683
    outer loop
      vertex 117.565 -16.2923 55.39
      vertex 117.206 -16.1154 54.79
      vertex 117.522 -16.3877 55.39
    endloop
  endfacet
  facet normal 0.135574 -0.821082 0.554476
    outer loop
      vertex 119.312 -18.5693 55.39
      vertex 119.261 -18.9829 54.79
      vertex 119.39 -18.9616 54.79
    endloop
  endfacet
  facet normal 0.342016 0.758631 0.554531
    outer loop
      vertex 119.765 -15.1522 54.79
      vertex 119.612 -15.5218 55.39
      vertex 119.885 -15.2063 54.79
    endloop
  endfacet
  facet normal 0.643201 0.527527 0.554985
    outer loop
      vertex 120.504 -15.6813 54.79
      vertex 120.269 -16.026 55.39
      vertex 120.587 -15.7825 54.79
    endloop
  endfacet
  facet normal 0.393693 0.733193 0.554467
    outer loop
      vertex 119.885 -15.2063 54.79
      vertex 119.708 -15.565 55.39
      vertex 119.8 -15.6144 55.39
    endloop
  endfacet
  facet normal -0.341512 0.758916 0.554451
    outer loop
      vertex 118.388 -15.5218 55.39
      vertex 118.115 -15.2063 54.79
      vertex 118.292 -15.565 55.39
    endloop
  endfacet
  facet normal 0.827263 0.0873311 0.554985
    outer loop
      vertex 120.983 -16.7389 54.79
      vertex 120.586 -16.7912 55.39
      vertex 120.597 -16.8954 55.39
    endloop
  endfacet
  facet normal 0.135574 0.821082 0.554476
    outer loop
      vertex 119.39 -15.0384 54.79
      vertex 119.261 -15.0171 54.79
      vertex 119.312 -15.4307 55.39
    endloop
  endfacet
  facet normal 0.828176 -0.0826269 0.554345
    outer loop
      vertex 120.996 -17.1308 54.79
      vertex 120.597 -17.1046 55.39
      vertex 120.983 -17.2611 54.79
    endloop
  endfacet
  facet normal -0.0269328 -0.831748 0.554499
    outer loop
      vertex 119 -18.6 55.39
      vertex 118.895 -18.5966 55.39
      vertex 119 -19 54.79
    endloop
  endfacet
  facet normal -0.188098 0.810656 0.554487
    outer loop
      vertex 118.61 -15.0384 54.79
      vertex 118.482 -15.0681 54.79
      vertex 118.688 -15.4307 55.39
    endloop
  endfacet
  facet normal -0.820866 -0.135089 0.554915
    outer loop
      vertex 117.414 -17.2088 55.39
      vertex 117.017 -17.2611 54.79
      vertex 117.431 -17.3121 55.39
    endloop
  endfacet
  facet normal 0.189078 0.810332 0.554627
    outer loop
      vertex 119.518 -15.0681 54.79
      vertex 119.312 -15.4307 55.39
      vertex 119.414 -15.4545 55.39
    endloop
  endfacet
  facet normal -0.796233 -0.241475 0.55471
    outer loop
      vertex 117.485 -17.5143 55.39
      vertex 117.068 -17.5176 54.79
      vertex 117.106 -17.6429 54.79
    endloop
  endfacet
  facet normal -0.48266 -0.677752 0.5547
    outer loop
      vertex 118.026 -18.2694 55.39
      vertex 117.782 -18.5867 54.79
      vertex 117.889 -18.6629 54.79
    endloop
  endfacet
  facet normal -0.294149 0.778443 0.554529
    outer loop
      vertex 118.357 -15.1061 54.79
      vertex 118.235 -15.1522 54.79
      vertex 118.388 -15.5218 55.39
    endloop
  endfacet
  facet normal -0.827263 0.0873311 0.554985
    outer loop
      vertex 117.414 -16.7912 55.39
      vertex 117.017 -16.7389 54.79
      vertex 117.403 -16.8954 55.39
    endloop
  endfacet
  facet normal -0.676207 0.484708 0.554799
    outer loop
      vertex 117.731 -16.026 55.39
      vertex 117.337 -15.8889 54.79
      vertex 117.67 -16.1111 55.39
    endloop
  endfacet
  facet normal -0.77882 -0.292455 0.554897
    outer loop
      vertex 117.522 -17.6123 55.39
      vertex 117.106 -17.6429 54.79
      vertex 117.152 -17.7654 54.79
    endloop
  endfacet
  facet normal 0.77882 0.292455 0.554897
    outer loop
      vertex 120.848 -16.2346 54.79
      vertex 120.478 -16.3877 55.39
      vertex 120.894 -16.3571 54.79
    endloop
  endfacet
  facet normal 0.796233 -0.241475 0.55471
    outer loop
      vertex 120.932 -17.5176 54.79
      vertex 120.515 -17.5143 55.39
      vertex 120.894 -17.6429 54.79
    endloop
  endfacet
  facet normal -0.5706 0.605665 0.554603
    outer loop
      vertex 117.681 -15.4963 54.79
      vertex 117.586 -15.5858 54.79
      vertex 117.869 -15.8686 55.39
    endloop
  endfacet
  facet normal 0.135519 -0.821086 0.554483
    outer loop
      vertex 119.312 -18.5693 55.39
      vertex 119.209 -18.5863 55.39
      vertex 119.261 -18.9829 54.79
    endloop
  endfacet
  facet normal -0.393693 0.733193 0.554467
    outer loop
      vertex 118.292 -15.565 55.39
      vertex 118.115 -15.2063 54.79
      vertex 118.2 -15.6144 55.39
    endloop
  endfacet
  facet normal 0.828176 0.0826269 0.554345
    outer loop
      vertex 120.983 -16.7389 54.79
      vertex 120.597 -16.8954 55.39
      vertex 120.996 -16.8692 54.79
    endloop
  endfacet
  facet normal -0.0815478 -0.82822 0.554438
    outer loop
      vertex 118.895 -18.5966 55.39
      vertex 118.739 -18.9829 54.79
      vertex 118.869 -18.9957 54.79
    endloop
  endfacet
  facet normal -0.294149 -0.778443 0.554529
    outer loop
      vertex 118.388 -18.4782 55.39
      vertex 118.235 -18.8478 54.79
      vertex 118.357 -18.8939 54.79
    endloop
  endfacet
  facet normal 0.242018 -0.796112 0.554646
    outer loop
      vertex 119.514 -18.5151 55.39
      vertex 119.414 -18.5455 55.39
      vertex 119.518 -18.9319 54.79
    endloop
  endfacet
  facet normal -0.831813 -0.023857 0.554542
    outer loop
      vertex 117.4 -17 55.39
      vertex 117 -17 54.79
      vertex 117.403 -17.1046 55.39
    endloop
  endfacet
  facet normal 0.342016 -0.758631 0.554531
    outer loop
      vertex 119.885 -18.7937 54.79
      vertex 119.612 -18.4782 55.39
      vertex 119.765 -18.8478 54.79
    endloop
  endfacet
  facet normal 0.570142 -0.606025 0.554683
    outer loop
      vertex 120.131 -18.1314 55.39
      vertex 120.055 -18.2029 55.39
      vertex 120.319 -18.5037 54.79
    endloop
  endfacet
  facet normal -0.0269328 0.831748 0.554499
    outer loop
      vertex 119 -15 54.79
      vertex 118.895 -15.4034 55.39
      vertex 119 -15.4 55.39
    endloop
  endfacet
  facet normal 0.605569 -0.570693 0.554613
    outer loop
      vertex 120.203 -18.055 55.39
      vertex 120.131 -18.1314 55.39
      vertex 120.504 -18.3187 54.79
    endloop
  endfacet
  facet normal -0.527964 0.643084 0.554704
    outer loop
      vertex 118.026 -15.7306 55.39
      vertex 117.681 -15.4963 54.79
      vertex 117.945 -15.7971 55.39
    endloop
  endfacet
  facet normal 0.605569 -0.570693 0.554613
    outer loop
      vertex 120.504 -18.3187 54.79
      vertex 120.131 -18.1314 55.39
      vertex 120.414 -18.4142 54.79
    endloop
  endfacet
  facet normal -0.570142 0.606025 0.554683
    outer loop
      vertex 117.945 -15.7971 55.39
      vertex 117.681 -15.4963 54.79
      vertex 117.869 -15.8686 55.39
    endloop
  endfacet
  facet normal -0.831908 0.0254406 0.55433
    outer loop
      vertex 117.004 -16.8692 54.79
      vertex 117 -17 54.79
      vertex 117.403 -16.8954 55.39
    endloop
  endfacet
  facet normal 0.707127 0.43917 0.554167
    outer loop
      vertex 120.663 -15.8889 54.79
      vertex 120.386 -16.2 55.39
      vertex 120.732 -16 54.79
    endloop
  endfacet
  facet normal 0.676207 -0.484708 0.554799
    outer loop
      vertex 120.33 -17.8889 55.39
      vertex 120.269 -17.974 55.39
      vertex 120.663 -18.1111 54.79
    endloop
  endfacet
  facet normal 0.758567 -0.341912 0.554683
    outer loop
      vertex 120.478 -17.6123 55.39
      vertex 120.435 -17.7077 55.39
      vertex 120.794 -17.8846 54.79
    endloop
  endfacet
  facet normal 0.79683 -0.238572 0.555109
    outer loop
      vertex 120.545 -17.4141 55.39
      vertex 120.515 -17.5143 55.39
      vertex 120.932 -17.5176 54.79
    endloop
  endfacet
  facet normal -0.809672 0.190511 0.555101
    outer loop
      vertex 117.455 -16.5859 55.39
      vertex 117.068 -16.4824 54.79
      vertex 117.431 -16.6879 55.39
    endloop
  endfacet
  facet normal 0.189078 -0.810332 0.554627
    outer loop
      vertex 119.414 -18.5455 55.39
      vertex 119.312 -18.5693 55.39
      vertex 119.518 -18.9319 54.79
    endloop
  endfacet
  facet normal -0.676912 -0.483508 0.554987
    outer loop
      vertex 117.731 -17.974 55.39
      vertex 117.337 -18.1111 54.79
      vertex 117.413 -18.2175 54.79
    endloop
  endfacet
  facet normal -0.242018 -0.796112 0.554646
    outer loop
      vertex 118.486 -18.5151 55.39
      vertex 118.357 -18.8939 54.79
      vertex 118.482 -18.9319 54.79
    endloop
  endfacet
  facet normal 0.570142 0.606025 0.554683
    outer loop
      vertex 120.319 -15.4963 54.79
      vertex 120.055 -15.7971 55.39
      vertex 120.131 -15.8686 55.39
    endloop
  endfacet
  facet normal 0.809626 0.19065 0.555121
    outer loop
      vertex 120.932 -16.4824 54.79
      vertex 120.569 -16.6879 55.39
      vertex 120.962 -16.6098 54.79
    endloop
  endfacet
  facet normal 0.439804 -0.706487 0.55448
    outer loop
      vertex 120.111 -18.6629 54.79
      vertex 119.8 -18.3856 55.39
      vertex 120 -18.732 54.79
    endloop
  endfacet
  facet normal -0.778422 0.293894 0.554694
    outer loop
      vertex 117.522 -16.3877 55.39
      vertex 117.106 -16.3571 54.79
      vertex 117.485 -16.4857 55.39
    endloop
  endfacet
  facet normal 0.341512 0.758916 0.554451
    outer loop
      vertex 119.885 -15.2063 54.79
      vertex 119.612 -15.5218 55.39
      vertex 119.708 -15.565 55.39
    endloop
  endfacet
  facet normal 0.48266 0.677752 0.5547
    outer loop
      vertex 120.111 -15.3371 54.79
      vertex 119.974 -15.7306 55.39
      vertex 120.218 -15.4133 54.79
    endloop
  endfacet
  facet normal -0.645075 -0.525617 0.554621
    outer loop
      vertex 117.731 -17.974 55.39
      vertex 117.496 -18.3187 54.79
      vertex 117.797 -18.055 55.39
    endloop
  endfacet
  facet normal 0.820978 -0.133544 0.555123
    outer loop
      vertex 120.983 -17.2611 54.79
      vertex 120.569 -17.3121 55.39
      vertex 120.962 -17.3902 54.79
    endloop
  endfacet
  facet normal -0.242018 0.796112 0.554646
    outer loop
      vertex 118.586 -15.4545 55.39
      vertex 118.482 -15.0681 54.79
      vertex 118.486 -15.4849 55.39
    endloop
  endfacet
  facet normal -0.605569 0.570693 0.554613
    outer loop
      vertex 117.869 -15.8686 55.39
      vertex 117.496 -15.6813 54.79
      vertex 117.797 -15.945 55.39
    endloop
  endfacet
  facet normal 0.605569 0.570693 0.554613
    outer loop
      vertex 120.504 -15.6813 54.79
      vertex 120.131 -15.8686 55.39
      vertex 120.203 -15.945 55.39
    endloop
  endfacet
  facet normal 0.757786 -0.343292 0.554898
    outer loop
      vertex 120.848 -17.7654 54.79
      vertex 120.478 -17.6123 55.39
      vertex 120.794 -17.8846 54.79
    endloop
  endfacet
  facet normal -0.778422 -0.293894 0.554694
    outer loop
      vertex 117.485 -17.5143 55.39
      vertex 117.106 -17.6429 54.79
      vertex 117.522 -17.6123 55.39
    endloop
  endfacet
  facet normal -0.605569 -0.570693 0.554613
    outer loop
      vertex 117.869 -18.1314 55.39
      vertex 117.496 -18.3187 54.79
      vertex 117.586 -18.4142 54.79
    endloop
  endfacet
  facet normal 0.77882 -0.292455 0.554897
    outer loop
      vertex 120.894 -17.6429 54.79
      vertex 120.478 -17.6123 55.39
      vertex 120.848 -17.7654 54.79
    endloop
  endfacet
  facet normal -0.439804 -0.706487 0.55448
    outer loop
      vertex 118.2 -18.3856 55.39
      vertex 117.889 -18.6629 54.79
      vertex 118 -18.732 54.79
    endloop
  endfacet
  facet normal -0.135519 0.821086 0.554483
    outer loop
      vertex 118.739 -15.0171 54.79
      vertex 118.688 -15.4307 55.39
      vertex 118.791 -15.4137 55.39
    endloop
  endfacet
  facet normal -0.189078 0.810332 0.554627
    outer loop
      vertex 118.688 -15.4307 55.39
      vertex 118.482 -15.0681 54.79
      vertex 118.586 -15.4545 55.39
    endloop
  endfacet
  facet normal -0.707127 -0.43917 0.554167
    outer loop
      vertex 117.614 -17.8 55.39
      vertex 117.268 -18 54.79
      vertex 117.337 -18.1111 54.79
    endloop
  endfacet
  facet normal -0.707127 0.43917 0.554167
    outer loop
      vertex 117.337 -15.8889 54.79
      vertex 117.268 -16 54.79
      vertex 117.614 -16.2 55.39
    endloop
  endfacet
  facet normal -0.135574 0.821082 0.554476
    outer loop
      vertex 118.739 -15.0171 54.79
      vertex 118.61 -15.0384 54.79
      vertex 118.688 -15.4307 55.39
    endloop
  endfacet
  facet normal -0.341512 -0.758916 0.554451
    outer loop
      vertex 118.292 -18.435 55.39
      vertex 118.115 -18.7937 54.79
      vertex 118.388 -18.4782 55.39
    endloop
  endfacet
  facet normal -0.757786 -0.343292 0.554898
    outer loop
      vertex 117.522 -17.6123 55.39
      vertex 117.152 -17.7654 54.79
      vertex 117.206 -17.8846 54.79
    endloop
  endfacet
  facet normal -0.342016 0.758631 0.554531
    outer loop
      vertex 118.235 -15.1522 54.79
      vertex 118.115 -15.2063 54.79
      vertex 118.388 -15.5218 55.39
    endloop
  endfacet
  facet normal -0.676207 -0.484708 0.554799
    outer loop
      vertex 117.67 -17.8889 55.39
      vertex 117.337 -18.1111 54.79
      vertex 117.731 -17.974 55.39
    endloop
  endfacet
  facet normal 0.188098 -0.810656 0.554487
    outer loop
      vertex 119.518 -18.9319 54.79
      vertex 119.312 -18.5693 55.39
      vertex 119.39 -18.9616 54.79
    endloop
  endfacet
  facet normal -0.645075 0.525617 0.554621
    outer loop
      vertex 117.797 -15.945 55.39
      vertex 117.496 -15.6813 54.79
      vertex 117.731 -16.026 55.39
    endloop
  endfacet
  facet normal 0.393693 -0.733193 0.554467
    outer loop
      vertex 119.8 -18.3856 55.39
      vertex 119.708 -18.435 55.39
      vertex 119.885 -18.7937 54.79
    endloop
  endfacet
  facet normal 0.809672 -0.190511 0.555101
    outer loop
      vertex 120.569 -17.3121 55.39
      vertex 120.545 -17.4141 55.39
      vertex 120.932 -17.5176 54.79
    endloop
  endfacet
  facet normal -0.796233 0.241475 0.55471
    outer loop
      vertex 117.106 -16.3571 54.79
      vertex 117.068 -16.4824 54.79
      vertex 117.485 -16.4857 55.39
    endloop
  endfacet
  facet normal -0.831908 -0.0254406 0.55433
    outer loop
      vertex 117.403 -17.1046 55.39
      vertex 117 -17 54.79
      vertex 117.004 -17.1308 54.79
    endloop
  endfacet
  facet normal -0.828176 -0.0826269 0.554345
    outer loop
      vertex 117.403 -17.1046 55.39
      vertex 117.004 -17.1308 54.79
      vertex 117.017 -17.2611 54.79
    endloop
  endfacet
  facet normal 0.438698 -0.707322 0.554292
    outer loop
      vertex 119.889 -18.3304 55.39
      vertex 119.8 -18.3856 55.39
      vertex 120.111 -18.6629 54.79
    endloop
  endfacet
  facet normal 0.0820168 -0.828131 0.554502
    outer loop
      vertex 119.209 -18.5863 55.39
      vertex 119.105 -18.5966 55.39
      vertex 119.261 -18.9829 54.79
    endloop
  endfacet
  facet normal 0.778422 0.293894 0.554694
    outer loop
      vertex 120.894 -16.3571 54.79
      vertex 120.478 -16.3877 55.39
      vertex 120.515 -16.4857 55.39
    endloop
  endfacet
  facet normal 0.79683 0.238572 0.555109
    outer loop
      vertex 120.932 -16.4824 54.79
      vertex 120.515 -16.4857 55.39
      vertex 120.545 -16.5859 55.39
    endloop
  endfacet
  facet normal -0.438698 -0.707322 0.554292
    outer loop
      vertex 118.111 -18.3304 55.39
      vertex 117.889 -18.6629 54.79
      vertex 118.2 -18.3856 55.39
    endloop
  endfacet
  facet normal 0.0820168 0.828131 0.554502
    outer loop
      vertex 119.261 -15.0171 54.79
      vertex 119.105 -15.4034 55.39
      vertex 119.209 -15.4137 55.39
    endloop
  endfacet
  facet normal 0.676207 0.484708 0.554799
    outer loop
      vertex 120.663 -15.8889 54.79
      vertex 120.269 -16.026 55.39
      vertex 120.33 -16.1111 55.39
    endloop
  endfacet
  facet normal -0.757786 0.343292 0.554898
    outer loop
      vertex 117.206 -16.1154 54.79
      vertex 117.152 -16.2346 54.79
      vertex 117.522 -16.3877 55.39
    endloop
  endfacet
  facet normal 0.73489 -0.390137 0.554734
    outer loop
      vertex 120.435 -17.7077 55.39
      vertex 120.386 -17.8 55.39
      vertex 120.794 -17.8846 54.79
    endloop
  endfacet
  facet normal -0.0273024 0.83177 0.554449
    outer loop
      vertex 119 -15 54.79
      vertex 118.869 -15.0043 54.79
      vertex 118.895 -15.4034 55.39
    endloop
  endfacet
  facet normal 0.831908 -0.0254406 0.55433
    outer loop
      vertex 121 -17 54.79
      vertex 120.597 -17.1046 55.39
      vertex 120.996 -17.1308 54.79
    endloop
  endfacet
  facet normal 0.831813 -0.023857 0.554542
    outer loop
      vertex 120.6 -17 55.39
      vertex 120.597 -17.1046 55.39
      vertex 121 -17 54.79
    endloop
  endfacet
  facet normal -0.827263 -0.0873311 0.554985
    outer loop
      vertex 117.403 -17.1046 55.39
      vertex 117.017 -17.2611 54.79
      vertex 117.414 -17.2088 55.39
    endloop
  endfacet
  facet normal 0.528247 -0.642806 0.554758
    outer loop
      vertex 120.319 -18.5037 54.79
      vertex 119.974 -18.2694 55.39
      vertex 120.218 -18.5867 54.79
    endloop
  endfacet
  facet normal -0.676912 0.483508 0.554987
    outer loop
      vertex 117.413 -15.7825 54.79
      vertex 117.337 -15.8889 54.79
      vertex 117.731 -16.026 55.39
    endloop
  endfacet
  facet normal 0.0269328 -0.831748 0.554499
    outer loop
      vertex 119 -18.6 55.39
      vertex 119 -19 54.79
      vertex 119.105 -18.5966 55.39
    endloop
  endfacet
  facet normal 0.809626 -0.19065 0.555121
    outer loop
      vertex 120.962 -17.3902 54.79
      vertex 120.569 -17.3121 55.39
      vertex 120.932 -17.5176 54.79
    endloop
  endfacet
  facet normal -0.605569 -0.570693 0.554613
    outer loop
      vertex 117.797 -18.055 55.39
      vertex 117.496 -18.3187 54.79
      vertex 117.869 -18.1314 55.39
    endloop
  endfacet
  facet normal 0.439804 0.706487 0.55448
    outer loop
      vertex 120 -15.268 54.79
      vertex 119.8 -15.6144 55.39
      vertex 120.111 -15.3371 54.79
    endloop
  endfacet
  facet normal 0.242018 0.796112 0.554646
    outer loop
      vertex 119.518 -15.0681 54.79
      vertex 119.514 -15.4849 55.39
      vertex 119.643 -15.1061 54.79
    endloop
  endfacet
  facet normal 0.5706 0.605665 0.554603
    outer loop
      vertex 120.319 -15.4963 54.79
      vertex 120.131 -15.8686 55.39
      vertex 120.414 -15.5858 54.79
    endloop
  endfacet
  facet normal 0.527964 0.643084 0.554704
    outer loop
      vertex 120.319 -15.4963 54.79
      vertex 119.974 -15.7306 55.39
      vertex 120.055 -15.7971 55.39
    endloop
  endfacet
  facet normal 0.820866 0.135089 0.554915
    outer loop
      vertex 120.983 -16.7389 54.79
      vertex 120.569 -16.6879 55.39
      vertex 120.586 -16.7912 55.39
    endloop
  endfacet
  facet normal -0.0820168 0.828131 0.554502
    outer loop
      vertex 118.895 -15.4034 55.39
      vertex 118.739 -15.0171 54.79
      vertex 118.791 -15.4137 55.39
    endloop
  endfacet
  facet normal 0.0269328 0.831748 0.554499
    outer loop
      vertex 119 -15 54.79
      vertex 119 -15.4 55.39
      vertex 119.105 -15.4034 55.39
    endloop
  endfacet
  facet normal 0.0815478 0.82822 0.554438
    outer loop
      vertex 119.131 -15.0043 54.79
      vertex 119.105 -15.4034 55.39
      vertex 119.261 -15.0171 54.79
    endloop
  endfacet
  facet normal -0.605569 0.570693 0.554613
    outer loop
      vertex 117.586 -15.5858 54.79
      vertex 117.496 -15.6813 54.79
      vertex 117.869 -15.8686 55.39
    endloop
  endfacet
  facet normal 0.0273024 0.83177 0.554449
    outer loop
      vertex 119.131 -15.0043 54.79
      vertex 119 -15 54.79
      vertex 119.105 -15.4034 55.39
    endloop
  endfacet
  facet normal 0.294149 -0.778443 0.554529
    outer loop
      vertex 119.765 -18.8478 54.79
      vertex 119.612 -18.4782 55.39
      vertex 119.643 -18.8939 54.79
    endloop
  endfacet
  facet normal 0.820866 -0.135089 0.554915
    outer loop
      vertex 120.586 -17.2088 55.39
      vertex 120.569 -17.3121 55.39
      vertex 120.983 -17.2611 54.79
    endloop
  endfacet
  facet normal -0.79683 -0.238572 0.555109
    outer loop
      vertex 117.455 -17.4141 55.39
      vertex 117.068 -17.5176 54.79
      vertex 117.485 -17.5143 55.39
    endloop
  endfacet
  facet normal -0.485282 0.676213 0.554289
    outer loop
      vertex 118.111 -15.6696 55.39
      vertex 117.889 -15.3371 54.79
      vertex 118.026 -15.7306 55.39
    endloop
  endfacet
  facet normal -0.342016 -0.758631 0.554531
    outer loop
      vertex 118.388 -18.4782 55.39
      vertex 118.115 -18.7937 54.79
      vertex 118.235 -18.8478 54.79
    endloop
  endfacet
  facet normal -0.820978 0.133544 0.555123
    outer loop
      vertex 117.038 -16.6098 54.79
      vertex 117.017 -16.7389 54.79
      vertex 117.431 -16.6879 55.39
    endloop
  endfacet
  facet normal -0.77882 0.292455 0.554897
    outer loop
      vertex 117.152 -16.2346 54.79
      vertex 117.106 -16.3571 54.79
      vertex 117.522 -16.3877 55.39
    endloop
  endfacet
  facet normal -0.135519 -0.821086 0.554483
    outer loop
      vertex 118.791 -18.5863 55.39
      vertex 118.688 -18.5693 55.39
      vertex 118.739 -18.9829 54.79
    endloop
  endfacet
  facet normal -0.643201 0.527527 0.554985
    outer loop
      vertex 117.496 -15.6813 54.79
      vertex 117.413 -15.7825 54.79
      vertex 117.731 -16.026 55.39
    endloop
  endfacet
  facet normal -0.135574 -0.821082 0.554476
    outer loop
      vertex 118.688 -18.5693 55.39
      vertex 118.61 -18.9616 54.79
      vertex 118.739 -18.9829 54.79
    endloop
  endfacet
  facet normal 0.135519 0.821086 0.554483
    outer loop
      vertex 119.261 -15.0171 54.79
      vertex 119.209 -15.4137 55.39
      vertex 119.312 -15.4307 55.39
    endloop
  endfacet
  facet normal 0.341512 -0.758916 0.554451
    outer loop
      vertex 119.708 -18.435 55.39
      vertex 119.612 -18.4782 55.39
      vertex 119.885 -18.7937 54.79
    endloop
  endfacet
  facet normal 0.294149 0.778443 0.554529
    outer loop
      vertex 119.643 -15.1061 54.79
      vertex 119.612 -15.5218 55.39
      vertex 119.765 -15.1522 54.79
    endloop
  endfacet
  facet normal -0.242018 -0.796112 0.554646
    outer loop
      vertex 118.486 -18.5151 55.39
      vertex 118.482 -18.9319 54.79
      vertex 118.586 -18.5455 55.39
    endloop
  endfacet
  facet normal -0.809626 0.19065 0.555121
    outer loop
      vertex 117.068 -16.4824 54.79
      vertex 117.038 -16.6098 54.79
      vertex 117.431 -16.6879 55.39
    endloop
  endfacet
  facet normal 0.0815478 -0.82822 0.554438
    outer loop
      vertex 119.261 -18.9829 54.79
      vertex 119.105 -18.5966 55.39
      vertex 119.131 -18.9957 54.79
    endloop
  endfacet
  facet normal 0.676912 0.483508 0.554987
    outer loop
      vertex 120.587 -15.7825 54.79
      vertex 120.269 -16.026 55.39
      vertex 120.663 -15.8889 54.79
    endloop
  endfacet
  facet normal 0.733272 -0.393959 0.554173
    outer loop
      vertex 120.794 -17.8846 54.79
      vertex 120.386 -17.8 55.39
      vertex 120.732 -18 54.79
    endloop
  endfacet
  facet normal -0.293206 -0.778705 0.554661
    outer loop
      vertex 118.388 -18.4782 55.39
      vertex 118.357 -18.8939 54.79
      vertex 118.486 -18.5151 55.39
    endloop
  endfacet
  facet normal -0.528247 -0.642806 0.554758
    outer loop
      vertex 118.026 -18.2694 55.39
      vertex 117.681 -18.5037 54.79
      vertex 117.782 -18.5867 54.79
    endloop
  endfacet
  facet normal 0.0273024 -0.83177 0.554449
    outer loop
      vertex 119.105 -18.5966 55.39
      vertex 119 -19 54.79
      vertex 119.131 -18.9957 54.79
    endloop
  endfacet
  facet normal -0.73489 0.390137 0.554734
    outer loop
      vertex 117.614 -16.2 55.39
      vertex 117.206 -16.1154 54.79
      vertex 117.565 -16.2923 55.39
    endloop
  endfacet
  facet normal -0.188098 -0.810656 0.554487
    outer loop
      vertex 118.688 -18.5693 55.39
      vertex 118.482 -18.9319 54.79
      vertex 118.61 -18.9616 54.79
    endloop
  endfacet
  facet normal -0.527964 -0.643084 0.554704
    outer loop
      vertex 117.945 -18.2029 55.39
      vertex 117.681 -18.5037 54.79
      vertex 118.026 -18.2694 55.39
    endloop
  endfacet
  facet normal -0.828176 0.0826269 0.554345
    outer loop
      vertex 117.017 -16.7389 54.79
      vertex 117.004 -16.8692 54.79
      vertex 117.403 -16.8954 55.39
    endloop
  endfacet
  facet normal -0.831813 0.023857 0.554542
    outer loop
      vertex 117.403 -16.8954 55.39
      vertex 117 -17 54.79
      vertex 117.4 -17 55.39
    endloop
  endfacet
  facet normal 0.645075 -0.525617 0.554621
    outer loop
      vertex 120.269 -17.974 55.39
      vertex 120.203 -18.055 55.39
      vertex 120.504 -18.3187 54.79
    endloop
  endfacet
  facet normal 0.293206 0.778705 0.554661
    outer loop
      vertex 119.643 -15.1061 54.79
      vertex 119.514 -15.4849 55.39
      vertex 119.612 -15.5218 55.39
    endloop
  endfacet
  facet normal 0.827263 -0.0873311 0.554985
    outer loop
      vertex 120.597 -17.1046 55.39
      vertex 120.586 -17.2088 55.39
      vertex 120.983 -17.2611 54.79
    endloop
  endfacet
  facet normal -0.0273024 -0.83177 0.554449
    outer loop
      vertex 118.895 -18.5966 55.39
      vertex 118.869 -18.9957 54.79
      vertex 119 -19 54.79
    endloop
  endfacet
  facet normal -0.733272 0.393959 0.554173
    outer loop
      vertex 117.268 -16 54.79
      vertex 117.206 -16.1154 54.79
      vertex 117.614 -16.2 55.39
    endloop
  endfacet
  facet normal 0.438698 0.707322 0.554292
    outer loop
      vertex 120.111 -15.3371 54.79
      vertex 119.8 -15.6144 55.39
      vertex 119.889 -15.6696 55.39
    endloop
  endfacet
  facet normal 0.645075 0.525617 0.554621
    outer loop
      vertex 120.504 -15.6813 54.79
      vertex 120.203 -15.945 55.39
      vertex 120.269 -16.026 55.39
    endloop
  endfacet
  facet normal 0.188098 0.810656 0.554487
    outer loop
      vertex 119.39 -15.0384 54.79
      vertex 119.312 -15.4307 55.39
      vertex 119.518 -15.0681 54.79
    endloop
  endfacet
  facet normal 0.809672 0.190511 0.555101
    outer loop
      vertex 120.932 -16.4824 54.79
      vertex 120.545 -16.5859 55.39
      vertex 120.569 -16.6879 55.39
    endloop
  endfacet
  facet normal 0.820978 0.133544 0.555123
    outer loop
      vertex 120.962 -16.6098 54.79
      vertex 120.569 -16.6879 55.39
      vertex 120.983 -16.7389 54.79
    endloop
  endfacet
  facet normal 0.733272 0.393959 0.554173
    outer loop
      vertex 120.732 -16 54.79
      vertex 120.386 -16.2 55.39
      vertex 120.794 -16.1154 54.79
    endloop
  endfacet
  facet normal 0.703913 0.44341 0.554881
    outer loop
      vertex 120.663 -15.8889 54.79
      vertex 120.33 -16.1111 55.39
      vertex 120.386 -16.2 55.39
    endloop
  endfacet
  facet normal 0.758567 0.341912 0.554683
    outer loop
      vertex 120.794 -16.1154 54.79
      vertex 120.435 -16.2923 55.39
      vertex 120.478 -16.3877 55.39
    endloop
  endfacet
  facet normal 0.796233 0.241475 0.55471
    outer loop
      vertex 120.894 -16.3571 54.79
      vertex 120.515 -16.4857 55.39
      vertex 120.932 -16.4824 54.79
    endloop
  endfacet
  facet normal 0.757786 0.343292 0.554898
    outer loop
      vertex 120.794 -16.1154 54.79
      vertex 120.478 -16.3877 55.39
      vertex 120.848 -16.2346 54.79
    endloop
  endfacet
  facet normal 0.393433 -0.733304 0.554505
    outer loop
      vertex 120 -18.732 54.79
      vertex 119.8 -18.3856 55.39
      vertex 119.885 -18.7937 54.79
    endloop
  endfacet
  facet normal -0.438698 0.707322 0.554292
    outer loop
      vertex 118.2 -15.6144 55.39
      vertex 117.889 -15.3371 54.79
      vertex 118.111 -15.6696 55.39
    endloop
  endfacet
  facet normal 0.527964 -0.643084 0.554704
    outer loop
      vertex 120.055 -18.2029 55.39
      vertex 119.974 -18.2694 55.39
      vertex 120.319 -18.5037 54.79
    endloop
  endfacet
  facet normal -0.643201 -0.527527 0.554985
    outer loop
      vertex 117.731 -17.974 55.39
      vertex 117.413 -18.2175 54.79
      vertex 117.496 -18.3187 54.79
    endloop
  endfacet
  facet normal -0.485282 -0.676213 0.554289
    outer loop
      vertex 118.026 -18.2694 55.39
      vertex 117.889 -18.6629 54.79
      vertex 118.111 -18.3304 55.39
    endloop
  endfacet
  facet normal -0.48266 0.677752 0.5547
    outer loop
      vertex 117.889 -15.3371 54.79
      vertex 117.782 -15.4133 54.79
      vertex 118.026 -15.7306 55.39
    endloop
  endfacet
  facet normal 0.528247 0.642806 0.554758
    outer loop
      vertex 120.218 -15.4133 54.79
      vertex 119.974 -15.7306 55.39
      vertex 120.319 -15.4963 54.79
    endloop
  endfacet
  facet normal -0.242018 0.796112 0.554646
    outer loop
      vertex 118.482 -15.0681 54.79
      vertex 118.357 -15.1061 54.79
      vertex 118.486 -15.4849 55.39
    endloop
  endfacet
  facet normal -0.73489 -0.390137 0.554734
    outer loop
      vertex 117.565 -17.7077 55.39
      vertex 117.206 -17.8846 54.79
      vertex 117.614 -17.8 55.39
    endloop
  endfacet
  facet normal -0.809672 -0.190511 0.555101
    outer loop
      vertex 117.431 -17.3121 55.39
      vertex 117.068 -17.5176 54.79
      vertex 117.455 -17.4141 55.39
    endloop
  endfacet
  facet normal 0.242018 -0.796112 0.554646
    outer loop
      vertex 119.643 -18.8939 54.79
      vertex 119.514 -18.5151 55.39
      vertex 119.518 -18.9319 54.79
    endloop
  endfacet
  facet normal -0.820866 0.135089 0.554915
    outer loop
      vertex 117.431 -16.6879 55.39
      vertex 117.017 -16.7389 54.79
      vertex 117.414 -16.7912 55.39
    endloop
  endfacet
  facet normal -0.733272 -0.393959 0.554173
    outer loop
      vertex 117.614 -17.8 55.39
      vertex 117.206 -17.8846 54.79
      vertex 117.268 -18 54.79
    endloop
  endfacet
  facet normal -0.393433 0.733304 0.554505
    outer loop
      vertex 118.115 -15.2063 54.79
      vertex 118 -15.268 54.79
      vertex 118.2 -15.6144 55.39
    endloop
  endfacet
  facet normal 0.48266 -0.677752 0.5547
    outer loop
      vertex 120.218 -18.5867 54.79
      vertex 119.974 -18.2694 55.39
      vertex 120.111 -18.6629 54.79
    endloop
  endfacet
  facet normal 0.293206 -0.778705 0.554661
    outer loop
      vertex 119.612 -18.4782 55.39
      vertex 119.514 -18.5151 55.39
      vertex 119.643 -18.8939 54.79
    endloop
  endfacet
  facet normal -0.79683 0.238572 0.555109
    outer loop
      vertex 117.485 -16.4857 55.39
      vertex 117.068 -16.4824 54.79
      vertex 117.455 -16.5859 55.39
    endloop
  endfacet
  facet normal 0.703913 -0.44341 0.554881
    outer loop
      vertex 120.386 -17.8 55.39
      vertex 120.33 -17.8889 55.39
      vertex 120.663 -18.1111 54.79
    endloop
  endfacet
  facet normal 0.707127 -0.43917 0.554167
    outer loop
      vertex 120.732 -18 54.79
      vertex 120.386 -17.8 55.39
      vertex 120.663 -18.1111 54.79
    endloop
  endfacet
  facet normal -0.189078 -0.810332 0.554627
    outer loop
      vertex 118.586 -18.5455 55.39
      vertex 118.482 -18.9319 54.79
      vertex 118.688 -18.5693 55.39
    endloop
  endfacet
  facet normal 0 0 1
    outer loop
      vertex 120.597 -16.8954 55.39
      vertex 120.597 -17.1046 55.39
      vertex 120.6 -17 55.39
    endloop
  endfacet
  facet normal 0 0 1
    outer loop
      vertex 120.586 -16.7912 55.39
      vertex 120.597 -17.1046 55.39
      vertex 120.597 -16.8954 55.39
    endloop
  endfacet
  facet normal 0 0 1
    outer loop
      vertex 120.586 -16.7912 55.39
      vertex 120.586 -17.2088 55.39
      vertex 120.597 -17.1046 55.39
    endloop
  endfacet
  facet normal 0 0 1
    outer loop
      vertex 120.569 -16.6879 55.39
      vertex 120.586 -17.2088 55.39
      vertex 120.586 -16.7912 55.39
    endloop
  endfacet
  facet normal 0 0 1
    outer loop
      vertex 120.569 -16.6879 55.39
      vertex 120.569 -17.3121 55.39
      vertex 120.586 -17.2088 55.39
    endloop
  endfacet
  facet normal 0 0 1
    outer loop
      vertex 120.545 -16.5859 55.39
      vertex 120.569 -17.3121 55.39
      vertex 120.569 -16.6879 55.39
    endloop
  endfacet
  facet normal 0 0 1
    outer loop
      vertex 120.545 -16.5859 55.39
      vertex 120.545 -17.4141 55.39
      vertex 120.569 -17.3121 55.39
    endloop
  endfacet
  facet normal 0 0 1
    outer loop
      vertex 120.515 -16.4857 55.39
      vertex 120.545 -17.4141 55.39
      vertex 120.545 -16.5859 55.39
    endloop
  endfacet
  facet normal 0 0 1
    outer loop
      vertex 120.515 -16.4857 55.39
      vertex 120.515 -17.5143 55.39
      vertex 120.545 -17.4141 55.39
    endloop
  endfacet
  facet normal 0 0 1
    outer loop
      vertex 120.478 -16.3877 55.39
      vertex 120.515 -17.5143 55.39
      vertex 120.515 -16.4857 55.39
    endloop
  endfacet
  facet normal 0 0 1
    outer loop
      vertex 120.478 -16.3877 55.39
      vertex 120.478 -17.6123 55.39
      vertex 120.515 -17.5143 55.39
    endloop
  endfacet
  facet normal 0 0 1
    outer loop
      vertex 120.435 -16.2923 55.39
      vertex 120.478 -17.6123 55.39
      vertex 120.478 -16.3877 55.39
    endloop
  endfacet
  facet normal 0 0 1
    outer loop
      vertex 120.435 -16.2923 55.39
      vertex 120.435 -17.7077 55.39
      vertex 120.478 -17.6123 55.39
    endloop
  endfacet
  facet normal 0 0 1
    outer loop
      vertex 120.386 -16.2 55.39
      vertex 120.435 -17.7077 55.39
      vertex 120.435 -16.2923 55.39
    endloop
  endfacet
  facet normal 0 0 1
    outer loop
      vertex 120.386 -16.2 55.39
      vertex 120.386 -17.8 55.39
      vertex 120.435 -17.7077 55.39
    endloop
  endfacet
  facet normal 0 0 1
    outer loop
      vertex 120.33 -16.1111 55.39
      vertex 120.386 -17.8 55.39
      vertex 120.386 -16.2 55.39
    endloop
  endfacet
  facet normal 0 0 1
    outer loop
      vertex 120.33 -16.1111 55.39
      vertex 120.33 -17.8889 55.39
      vertex 120.386 -17.8 55.39
    endloop
  endfacet
  facet normal 0 0 1
    outer loop
      vertex 120.269 -16.026 55.39
      vertex 120.33 -17.8889 55.39
      vertex 120.33 -16.1111 55.39
    endloop
  endfacet
  facet normal 0 0 1
    outer loop
      vertex 120.269 -16.026 55.39
      vertex 120.269 -17.974 55.39
      vertex 120.33 -17.8889 55.39
    endloop
  endfacet
  facet normal 0 0 1
    outer loop
      vertex 120.203 -15.945 55.39
      vertex 120.269 -17.974 55.39
      vertex 120.269 -16.026 55.39
    endloop
  endfacet
  facet normal 0 0 1
    outer loop
      vertex 120.203 -15.945 55.39
      vertex 120.203 -18.055 55.39
      vertex 120.269 -17.974 55.39
    endloop
  endfacet
  facet normal 0 0 1
    outer loop
      vertex 120.131 -15.8686 55.39
      vertex 120.203 -18.055 55.39
      vertex 120.203 -15.945 55.39
    endloop
  endfacet
  facet normal 0 0 1
    outer loop
      vertex 120.131 -15.8686 55.39
      vertex 120.131 -18.1314 55.39
      vertex 120.203 -18.055 55.39
    endloop
  endfacet
  facet normal 0 0 1
    outer loop
      vertex 120.055 -15.7971 55.39
      vertex 120.131 -18.1314 55.39
      vertex 120.131 -15.8686 55.39
    endloop
  endfacet
  facet normal 0 0 1
    outer loop
      vertex 120.055 -15.7971 55.39
      vertex 120.055 -18.2029 55.39
      vertex 120.131 -18.1314 55.39
    endloop
  endfacet
  facet normal 0 0 1
    outer loop
      vertex 119.974 -15.7306 55.39
      vertex 120.055 -18.2029 55.39
      vertex 120.055 -15.7971 55.39
    endloop
  endfacet
  facet normal 0 0 1
    outer loop
      vertex 119.974 -15.7306 55.39
      vertex 119.974 -18.2694 55.39
      vertex 120.055 -18.2029 55.39
    endloop
  endfacet
  facet normal 0 0 1
    outer loop
      vertex 119.889 -15.6696 55.39
      vertex 119.974 -18.2694 55.39
      vertex 119.974 -15.7306 55.39
    endloop
  endfacet
  facet normal 0 0 1
    outer loop
      vertex 119.889 -15.6696 55.39
      vertex 119.889 -18.3304 55.39
      vertex 119.974 -18.2694 55.39
    endloop
  endfacet
  facet normal 0 0 1
    outer loop
      vertex 119.8 -15.6144 55.39
      vertex 119.889 -18.3304 55.39
      vertex 119.889 -15.6696 55.39
    endloop
  endfacet
  facet normal 0 0 1
    outer loop
      vertex 119.8 -15.6144 55.39
      vertex 119.8 -18.3856 55.39
      vertex 119.889 -18.3304 55.39
    endloop
  endfacet
  facet normal 0 0 1
    outer loop
      vertex 119.708 -15.565 55.39
      vertex 119.8 -18.3856 55.39
      vertex 119.8 -15.6144 55.39
    endloop
  endfacet
  facet normal 0 0 1
    outer loop
      vertex 119.708 -15.565 55.39
      vertex 119.708 -18.435 55.39
      vertex 119.8 -18.3856 55.39
    endloop
  endfacet
  facet normal 0 0 1
    outer loop
      vertex 119.612 -15.5218 55.39
      vertex 119.708 -18.435 55.39
      vertex 119.708 -15.565 55.39
    endloop
  endfacet
  facet normal 0 0 1
    outer loop
      vertex 119.612 -15.5218 55.39
      vertex 119.612 -18.4782 55.39
      vertex 119.708 -18.435 55.39
    endloop
  endfacet
  facet normal 0 0 1
    outer loop
      vertex 119.514 -15.4849 55.39
      vertex 119.612 -18.4782 55.39
      vertex 119.612 -15.5218 55.39
    endloop
  endfacet
  facet normal 0 0 1
    outer loop
      vertex 119.514 -15.4849 55.39
      vertex 119.514 -18.5151 55.39
      vertex 119.612 -18.4782 55.39
    endloop
  endfacet
  facet normal 0 0 1
    outer loop
      vertex 119.414 -15.4545 55.39
      vertex 119.514 -18.5151 55.39
      vertex 119.514 -15.4849 55.39
    endloop
  endfacet
  facet normal 0 0 1
    outer loop
      vertex 119.414 -15.4545 55.39
      vertex 119.414 -18.5455 55.39
      vertex 119.514 -18.5151 55.39
    endloop
  endfacet
  facet normal 0 0 1
    outer loop
      vertex 119.312 -15.4307 55.39
      vertex 119.414 -18.5455 55.39
      vertex 119.414 -15.4545 55.39
    endloop
  endfacet
  facet normal 0 0 1
    outer loop
      vertex 119.312 -15.4307 55.39
      vertex 119.312 -18.5693 55.39
      vertex 119.414 -18.5455 55.39
    endloop
  endfacet
  facet normal 0 0 1
    outer loop
      vertex 119.209 -15.4137 55.39
      vertex 119.312 -18.5693 55.39
      vertex 119.312 -15.4307 55.39
    endloop
  endfacet
  facet normal 0 0 1
    outer loop
      vertex 119.209 -15.4137 55.39
      vertex 119.209 -18.5863 55.39
      vertex 119.312 -18.5693 55.39
    endloop
  endfacet
  facet normal 0 0 1
    outer loop
      vertex 119.105 -15.4034 55.39
      vertex 119.209 -18.5863 55.39
      vertex 119.209 -15.4137 55.39
    endloop
  endfacet
  facet normal 0 0 1
    outer loop
      vertex 119.105 -15.4034 55.39
      vertex 119.105 -18.5966 55.39
      vertex 119.209 -18.5863 55.39
    endloop
  endfacet
  facet normal 0 0 1
    outer loop
      vertex 119 -15.4 55.39
      vertex 119.105 -18.5966 55.39
      vertex 119.105 -15.4034 55.39
    endloop
  endfacet
  facet normal 0 0 1
    outer loop
      vertex 119 -15.4 55.39
      vertex 119 -18.6 55.39
      vertex 119.105 -18.5966 55.39
    endloop
  endfacet
  facet normal -0 0 1
    outer loop
      vertex 118.895 -15.4034 55.39
      vertex 119 -18.6 55.39
      vertex 119 -15.4 55.39
    endloop
  endfacet
  facet normal 0 0 1
    outer loop
      vertex 118.895 -15.4034 55.39
      vertex 118.895 -18.5966 55.39
      vertex 119 -18.6 55.39
    endloop
  endfacet
  facet normal -0 0 1
    outer loop
      vertex 118.791 -15.4137 55.39
      vertex 118.895 -18.5966 55.39
      vertex 118.895 -15.4034 55.39
    endloop
  endfacet
  facet normal 0 0 1
    outer loop
      vertex 118.791 -15.4137 55.39
      vertex 118.791 -18.5863 55.39
      vertex 118.895 -18.5966 55.39
    endloop
  endfacet
  facet normal -0 0 1
    outer loop
      vertex 118.688 -15.4307 55.39
      vertex 118.791 -18.5863 55.39
      vertex 118.791 -15.4137 55.39
    endloop
  endfacet
  facet normal 0 0 1
    outer loop
      vertex 118.688 -15.4307 55.39
      vertex 118.688 -18.5693 55.39
      vertex 118.791 -18.5863 55.39
    endloop
  endfacet
  facet normal -0 0 1
    outer loop
      vertex 118.586 -15.4545 55.39
      vertex 118.688 -18.5693 55.39
      vertex 118.688 -15.4307 55.39
    endloop
  endfacet
  facet normal 0 0 1
    outer loop
      vertex 118.586 -15.4545 55.39
      vertex 118.586 -18.5455 55.39
      vertex 118.688 -18.5693 55.39
    endloop
  endfacet
  facet normal -0 0 1
    outer loop
      vertex 118.486 -15.4849 55.39
      vertex 118.586 -18.5455 55.39
      vertex 118.586 -15.4545 55.39
    endloop
  endfacet
  facet normal 0 0 1
    outer loop
      vertex 118.486 -15.4849 55.39
      vertex 118.486 -18.5151 55.39
      vertex 118.586 -18.5455 55.39
    endloop
  endfacet
  facet normal -0 0 1
    outer loop
      vertex 118.388 -15.5218 55.39
      vertex 118.486 -18.5151 55.39
      vertex 118.486 -15.4849 55.39
    endloop
  endfacet
  facet normal 0 0 1
    outer loop
      vertex 118.388 -15.5218 55.39
      vertex 118.388 -18.4782 55.39
      vertex 118.486 -18.5151 55.39
    endloop
  endfacet
  facet normal -0 0 1
    outer loop
      vertex 118.292 -15.565 55.39
      vertex 118.388 -18.4782 55.39
      vertex 118.388 -15.5218 55.39
    endloop
  endfacet
  facet normal 0 0 1
    outer loop
      vertex 118.292 -15.565 55.39
      vertex 118.292 -18.435 55.39
      vertex 118.388 -18.4782 55.39
    endloop
  endfacet
  facet normal -0 0 1
    outer loop
      vertex 118.2 -15.6144 55.39
      vertex 118.292 -18.435 55.39
      vertex 118.292 -15.565 55.39
    endloop
  endfacet
  facet normal 0 0 1
    outer loop
      vertex 118.2 -15.6144 55.39
      vertex 118.2 -18.3856 55.39
      vertex 118.292 -18.435 55.39
    endloop
  endfacet
  facet normal -0 0 1
    outer loop
      vertex 118.111 -15.6696 55.39
      vertex 118.2 -18.3856 55.39
      vertex 118.2 -15.6144 55.39
    endloop
  endfacet
  facet normal 0 0 1
    outer loop
      vertex 118.111 -15.6696 55.39
      vertex 118.111 -18.3304 55.39
      vertex 118.2 -18.3856 55.39
    endloop
  endfacet
  facet normal -0 0 1
    outer loop
      vertex 118.026 -15.7306 55.39
      vertex 118.111 -18.3304 55.39
      vertex 118.111 -15.6696 55.39
    endloop
  endfacet
  facet normal 0 0 1
    outer loop
      vertex 118.026 -15.7306 55.39
      vertex 118.026 -18.2694 55.39
      vertex 118.111 -18.3304 55.39
    endloop
  endfacet
  facet normal -0 0 1
    outer loop
      vertex 117.945 -15.7971 55.39
      vertex 118.026 -18.2694 55.39
      vertex 118.026 -15.7306 55.39
    endloop
  endfacet
  facet normal 0 0 1
    outer loop
      vertex 117.945 -15.7971 55.39
      vertex 117.945 -18.2029 55.39
      vertex 118.026 -18.2694 55.39
    endloop
  endfacet
  facet normal -0 0 1
    outer loop
      vertex 117.869 -15.8686 55.39
      vertex 117.945 -18.2029 55.39
      vertex 117.945 -15.7971 55.39
    endloop
  endfacet
  facet normal 0 0 1
    outer loop
      vertex 117.869 -15.8686 55.39
      vertex 117.869 -18.1314 55.39
      vertex 117.945 -18.2029 55.39
    endloop
  endfacet
  facet normal -0 0 1
    outer loop
      vertex 117.797 -15.945 55.39
      vertex 117.869 -18.1314 55.39
      vertex 117.869 -15.8686 55.39
    endloop
  endfacet
  facet normal 0 0 1
    outer loop
      vertex 117.797 -15.945 55.39
      vertex 117.797 -18.055 55.39
      vertex 117.869 -18.1314 55.39
    endloop
  endfacet
  facet normal -0 0 1
    outer loop
      vertex 117.731 -16.026 55.39
      vertex 117.797 -18.055 55.39
      vertex 117.797 -15.945 55.39
    endloop
  endfacet
  facet normal 0 0 1
    outer loop
      vertex 117.731 -16.026 55.39
      vertex 117.731 -17.974 55.39
      vertex 117.797 -18.055 55.39
    endloop
  endfacet
  facet normal -0 0 1
    outer loop
      vertex 117.67 -16.1111 55.39
      vertex 117.731 -17.974 55.39
      vertex 117.731 -16.026 55.39
    endloop
  endfacet
  facet normal 0 0 1
    outer loop
      vertex 117.67 -16.1111 55.39
      vertex 117.67 -17.8889 55.39
      vertex 117.731 -17.974 55.39
    endloop
  endfacet
  facet normal -0 0 1
    outer loop
      vertex 117.614 -16.2 55.39
      vertex 117.67 -17.8889 55.39
      vertex 117.67 -16.1111 55.39
    endloop
  endfacet
  facet normal 0 0 1
    outer loop
      vertex 117.614 -16.2 55.39
      vertex 117.614 -17.8 55.39
      vertex 117.67 -17.8889 55.39
    endloop
  endfacet
  facet normal -0 0 1
    outer loop
      vertex 117.565 -16.2923 55.39
      vertex 117.614 -17.8 55.39
      vertex 117.614 -16.2 55.39
    endloop
  endfacet
  facet normal 0 0 1
    outer loop
      vertex 117.565 -16.2923 55.39
      vertex 117.565 -17.7077 55.39
      vertex 117.614 -17.8 55.39
    endloop
  endfacet
  facet normal -0 0 1
    outer loop
      vertex 117.522 -16.3877 55.39
      vertex 117.565 -17.7077 55.39
      vertex 117.565 -16.2923 55.39
    endloop
  endfacet
  facet normal 0 0 1
    outer loop
      vertex 117.522 -16.3877 55.39
      vertex 117.522 -17.6123 55.39
      vertex 117.565 -17.7077 55.39
    endloop
  endfacet
  facet normal -0 0 1
    outer loop
      vertex 117.485 -16.4857 55.39
      vertex 117.522 -17.6123 55.39
      vertex 117.522 -16.3877 55.39
    endloop
  endfacet
  facet normal 0 0 1
    outer loop
      vertex 117.485 -16.4857 55.39
      vertex 117.485 -17.5143 55.39
      vertex 117.522 -17.6123 55.39
    endloop
  endfacet
  facet normal -0 0 1
    outer loop
      vertex 117.455 -16.5859 55.39
      vertex 117.485 -17.5143 55.39
      vertex 117.485 -16.4857 55.39
    endloop
  endfacet
  facet normal 0 0 1
    outer loop
      vertex 117.455 -16.5859 55.39
      vertex 117.455 -17.4141 55.39
      vertex 117.485 -17.5143 55.39
    endloop
  endfacet
  facet normal -0 0 1
    outer loop
      vertex 117.431 -16.6879 55.39
      vertex 117.455 -17.4141 55.39
      vertex 117.455 -16.5859 55.39
    endloop
  endfacet
  facet normal 0 0 1
    outer loop
      vertex 117.431 -16.6879 55.39
      vertex 117.431 -17.3121 55.39
      vertex 117.455 -17.4141 55.39
    endloop
  endfacet
  facet normal -0 0 1
    outer loop
      vertex 117.414 -16.7912 55.39
      vertex 117.431 -17.3121 55.39
      vertex 117.431 -16.6879 55.39
    endloop
  endfacet
  facet normal 0 0 1
    outer loop
      vertex 117.414 -16.7912 55.39
      vertex 117.414 -17.2088 55.39
      vertex 117.431 -17.3121 55.39
    endloop
  endfacet
  facet normal -0 0 1
    outer loop
      vertex 117.403 -16.8954 55.39
      vertex 117.414 -17.2088 55.39
      vertex 117.414 -16.7912 55.39
    endloop
  endfacet
  facet normal 0 0 1
    outer loop
      vertex 117.403 -16.8954 55.39
      vertex 117.403 -17.1046 55.39
      vertex 117.414 -17.2088 55.39
    endloop
  endfacet
  facet normal 0 -0 1
    outer loop
      vertex 117.403 -17.1046 55.39
      vertex 117.403 -16.8954 55.39
      vertex 117.4 -17 55.39
    endloop
  endfacet
  facet normal 0.485282 0.676213 0.554289
    outer loop
      vertex 120.111 -15.3371 54.79
      vertex 119.889 -15.6696 55.39
      vertex 119.974 -15.7306 55.39
    endloop
  endfacet
  facet normal -0.439804 0.706487 0.55448
    outer loop
      vertex 118 -15.268 54.79
      vertex 117.889 -15.3371 54.79
      vertex 118.2 -15.6144 55.39
    endloop
  endfacet
  facet normal -0.570142 -0.606025 0.554683
    outer loop
      vertex 117.869 -18.1314 55.39
      vertex 117.681 -18.5037 54.79
      vertex 117.945 -18.2029 55.39
    endloop
  endfacet
  facet normal -0.758567 -0.341912 0.554683
    outer loop
      vertex 117.522 -17.6123 55.39
      vertex 117.206 -17.8846 54.79
      vertex 117.565 -17.7077 55.39
    endloop
  endfacet
  facet normal -0.0820168 -0.828131 0.554502
    outer loop
      vertex 118.791 -18.5863 55.39
      vertex 118.739 -18.9829 54.79
      vertex 118.895 -18.5966 55.39
    endloop
  endfacet
  facet normal -0.393693 -0.733193 0.554467
    outer loop
      vertex 118.2 -18.3856 55.39
      vertex 118.115 -18.7937 54.79
      vertex 118.292 -18.435 55.39
    endloop
  endfacet
  facet normal -0.393433 -0.733304 0.554505
    outer loop
      vertex 118.2 -18.3856 55.39
      vertex 118 -18.732 54.79
      vertex 118.115 -18.7937 54.79
    endloop
  endfacet
  facet normal 0.99521 0.0977643 0
    outer loop
      vertex -20.0043 22.6308 54.79
      vertex -20.0171 22.7611 52
      vertex -20.0171 22.7611 54.79
    endloop
  endfacet
  facet normal 0.99521 0.0977643 0
    outer loop
      vertex -20.0171 22.7611 52
      vertex -20.0043 22.6308 54.79
      vertex -20.0043 22.6308 52
    endloop
  endfacet
  facet normal 0.99946 0.0328569 0
    outer loop
      vertex -20 22.5 54.79
      vertex -20.0043 22.6308 52
      vertex -20.0043 22.6308 54.79
    endloop
  endfacet
  facet normal 0.99946 0.0328569 0
    outer loop
      vertex -20.0043 22.6308 52
      vertex -20 22.5 54.79
      vertex -20 22.5 52
    endloop
  endfacet
  facet normal 0.729656 -0.683814 0
    outer loop
      vertex -20.5858 21.0858 54.79
      vertex -20.4963 21.1813 52
      vertex -20.4963 21.1813 54.79
    endloop
  endfacet
  facet normal 0.729656 -0.683814 0
    outer loop
      vertex -20.4963 21.1813 52
      vertex -20.5858 21.0858 54.79
      vertex -20.5858 21.0858 52
    endloop
  endfacet
  facet normal 0.93592 0.352212 0
    outer loop
      vertex -20.1061 23.1429 54.79
      vertex -20.1522 23.2654 52
      vertex -20.1522 23.2654 54.79
    endloop
  endfacet
  facet normal 0.93592 0.352212 0
    outer loop
      vertex -20.1522 23.2654 52
      vertex -20.1061 23.1429 54.79
      vertex -20.1061 23.1429 52
    endloop
  endfacet
  facet normal 0.58225 -0.81301 0
    outer loop
      vertex -20.8889 20.8371 52
      vertex -20.7825 20.9133 54.79
      vertex -20.8889 20.8371 54.79
    endloop
  endfacet
  facet normal 0.58225 -0.81301 0
    outer loop
      vertex -20.7825 20.9133 54.79
      vertex -20.8889 20.8371 52
      vertex -20.7825 20.9133 52
    endloop
  endfacet
  facet normal -0.95696 0.290219 0
    outer loop
      vertex -23.9319 23.0176 52
      vertex -23.8939 23.1429 54.79
      vertex -23.8939 23.1429 52
    endloop
  endfacet
  facet normal -0.95696 0.290219 0
    outer loop
      vertex -23.8939 23.1429 54.79
      vertex -23.9319 23.0176 52
      vertex -23.9319 23.0176 54.79
    endloop
  endfacet
  facet normal 0.528143 -0.849156 0
    outer loop
      vertex -21 20.768 52
      vertex -20.8889 20.8371 54.79
      vertex -21 20.768 54.79
    endloop
  endfacet
  facet normal 0.528143 -0.849156 0
    outer loop
      vertex -20.8889 20.8371 54.79
      vertex -21 20.768 52
      vertex -20.8889 20.8371 52
    endloop
  endfacet
  facet normal -0.4715 0.881866 0
    outer loop
      vertex -22.8846 24.2937 52
      vertex -23 24.232 54.79
      vertex -22.8846 24.2937 54.79
    endloop
  endfacet
  facet normal -0.4715 0.881866 0
    outer loop
      vertex -23 24.232 54.79
      vertex -22.8846 24.2937 52
      vertex -23 24.232 52
    endloop
  endfacet
  facet normal -0.352212 -0.93592 0
    outer loop
      vertex -22.7654 20.6522 52
      vertex -22.6429 20.6061 54.79
      vertex -22.7654 20.6522 54.79
    endloop
  endfacet
  facet normal -0.352212 -0.93592 -0
    outer loop
      vertex -22.6429 20.6061 54.79
      vertex -22.7654 20.6522 52
      vertex -22.6429 20.6061 52
    endloop
  endfacet
  facet normal -0.973886 0.227036 0
    outer loop
      vertex -23.9616 22.8902 52
      vertex -23.9319 23.0176 54.79
      vertex -23.9319 23.0176 52
    endloop
  endfacet
  facet normal -0.973886 0.227036 0
    outer loop
      vertex -23.9319 23.0176 54.79
      vertex -23.9616 22.8902 52
      vertex -23.9616 22.8902 54.79
    endloop
  endfacet
  facet normal 0.973886 0.227036 0
    outer loop
      vertex -20.0384 22.8902 54.79
      vertex -20.0681 23.0176 52
      vertex -20.0681 23.0176 54.79
    endloop
  endfacet
  facet normal 0.973886 0.227036 0
    outer loop
      vertex -20.0681 23.0176 52
      vertex -20.0384 22.8902 54.79
      vertex -20.0384 22.8902 52
    endloop
  endfacet
  facet normal 0.773208 -0.634153 0
    outer loop
      vertex -20.4963 21.1813 54.79
      vertex -20.4133 21.2825 52
      vertex -20.4133 21.2825 54.79
    endloop
  endfacet
  facet normal 0.773208 -0.634153 0
    outer loop
      vertex -20.4133 21.2825 52
      vertex -20.4963 21.1813 54.79
      vertex -20.4963 21.1813 52
    endloop
  endfacet
  facet normal -0.352212 0.93592 0
    outer loop
      vertex -22.6429 24.3939 52
      vertex -22.7654 24.3478 54.79
      vertex -22.6429 24.3939 54.79
    endloop
  endfacet
  facet normal -0.352212 0.93592 0
    outer loop
      vertex -22.7654 24.3478 54.79
      vertex -22.6429 24.3939 52
      vertex -22.7654 24.3478 52
    endloop
  endfacet
  facet normal 0.352212 -0.93592 0
    outer loop
      vertex -21.3571 20.6061 52
      vertex -21.2346 20.6522 54.79
      vertex -21.3571 20.6061 54.79
    endloop
  endfacet
  facet normal 0.352212 -0.93592 0
    outer loop
      vertex -21.2346 20.6522 54.79
      vertex -21.3571 20.6061 52
      vertex -21.2346 20.6522 52
    endloop
  endfacet
  facet normal 0.290219 0.95696 -0
    outer loop
      vertex -21.3571 24.3939 52
      vertex -21.4824 24.4319 54.79
      vertex -21.3571 24.3939 54.79
    endloop
  endfacet
  facet normal 0.290219 0.95696 0
    outer loop
      vertex -21.4824 24.4319 54.79
      vertex -21.3571 24.3939 52
      vertex -21.4824 24.4319 52
    endloop
  endfacet
  facet normal 0.227036 0.973886 -0
    outer loop
      vertex -21.4824 24.4319 52
      vertex -21.6098 24.4616 54.79
      vertex -21.4824 24.4319 54.79
    endloop
  endfacet
  facet normal 0.227036 0.973886 0
    outer loop
      vertex -21.6098 24.4616 54.79
      vertex -21.4824 24.4319 52
      vertex -21.6098 24.4616 52
    endloop
  endfacet
  facet normal -0.93592 -0.352212 0
    outer loop
      vertex -23.8478 21.7346 52
      vertex -23.8939 21.8571 54.79
      vertex -23.8939 21.8571 52
    endloop
  endfacet
  facet normal -0.93592 -0.352212 0
    outer loop
      vertex -23.8939 21.8571 54.79
      vertex -23.8478 21.7346 52
      vertex -23.8478 21.7346 54.79
    endloop
  endfacet
  facet normal -0.729656 -0.683814 0
    outer loop
      vertex -23.4142 21.0858 52
      vertex -23.5037 21.1813 54.79
      vertex -23.5037 21.1813 52
    endloop
  endfacet
  facet normal -0.729656 -0.683814 0
    outer loop
      vertex -23.5037 21.1813 54.79
      vertex -23.4142 21.0858 52
      vertex -23.4142 21.0858 54.79
    endloop
  endfacet
  facet normal 0.986661 0.162788 0
    outer loop
      vertex -20.0171 22.7611 54.79
      vertex -20.0384 22.8902 52
      vertex -20.0384 22.8902 54.79
    endloop
  endfacet
  facet normal 0.986661 0.162788 0
    outer loop
      vertex -20.0384 22.8902 52
      vertex -20.0171 22.7611 54.79
      vertex -20.0171 22.7611 52
    endloop
  endfacet
  facet normal 0.162788 -0.986661 0
    outer loop
      vertex -21.7389 20.5171 52
      vertex -21.6098 20.5384 54.79
      vertex -21.7389 20.5171 54.79
    endloop
  endfacet
  facet normal 0.162788 -0.986661 0
    outer loop
      vertex -21.6098 20.5384 54.79
      vertex -21.7389 20.5171 52
      vertex -21.6098 20.5384 52
    endloop
  endfacet
  facet normal 0.413285 0.910602 -0
    outer loop
      vertex -21.1154 24.2937 52
      vertex -21.2346 24.3478 54.79
      vertex -21.1154 24.2937 54.79
    endloop
  endfacet
  facet normal 0.413285 0.910602 0
    outer loop
      vertex -21.2346 24.3478 54.79
      vertex -21.1154 24.2937 52
      vertex -21.2346 24.3478 52
    endloop
  endfacet
  facet normal 0.683814 -0.729656 0
    outer loop
      vertex -20.6813 20.9963 52
      vertex -20.5858 21.0858 54.79
      vertex -20.6813 20.9963 54.79
    endloop
  endfacet
  facet normal 0.683814 -0.729656 0
    outer loop
      vertex -20.5858 21.0858 54.79
      vertex -20.6813 20.9963 52
      vertex -20.5858 21.0858 52
    endloop
  endfacet
  facet normal 0.81301 -0.58225 0
    outer loop
      vertex -20.4133 21.2825 54.79
      vertex -20.3371 21.3889 52
      vertex -20.3371 21.3889 54.79
    endloop
  endfacet
  facet normal 0.81301 -0.58225 0
    outer loop
      vertex -20.3371 21.3889 52
      vertex -20.4133 21.2825 54.79
      vertex -20.4133 21.2825 52
    endloop
  endfacet
  facet normal -0.290219 -0.95696 0
    outer loop
      vertex -22.6429 20.6061 52
      vertex -22.5176 20.5681 54.79
      vertex -22.6429 20.6061 54.79
    endloop
  endfacet
  facet normal -0.290219 -0.95696 -0
    outer loop
      vertex -22.5176 20.5681 54.79
      vertex -22.6429 20.6061 52
      vertex -22.5176 20.5681 52
    endloop
  endfacet
  facet normal -0.910602 -0.413285 0
    outer loop
      vertex -23.7937 21.6154 52
      vertex -23.8478 21.7346 54.79
      vertex -23.8478 21.7346 52
    endloop
  endfacet
  facet normal -0.910602 -0.413285 0
    outer loop
      vertex -23.8478 21.7346 54.79
      vertex -23.7937 21.6154 52
      vertex -23.7937 21.6154 54.79
    endloop
  endfacet
  facet normal 0.95696 -0.290219 0
    outer loop
      vertex -20.1061 21.8571 54.79
      vertex -20.0681 21.9824 52
      vertex -20.0681 21.9824 54.79
    endloop
  endfacet
  facet normal 0.95696 -0.290219 0
    outer loop
      vertex -20.0681 21.9824 52
      vertex -20.1061 21.8571 54.79
      vertex -20.1061 21.8571 52
    endloop
  endfacet
  facet normal 0.58225 0.81301 -0
    outer loop
      vertex -20.7825 24.0867 52
      vertex -20.8889 24.1629 54.79
      vertex -20.7825 24.0867 54.79
    endloop
  endfacet
  facet normal 0.58225 0.81301 0
    outer loop
      vertex -20.8889 24.1629 54.79
      vertex -20.7825 24.0867 52
      vertex -20.8889 24.1629 52
    endloop
  endfacet
  facet normal -0.683814 0.729656 0
    outer loop
      vertex -23.3187 24.0037 52
      vertex -23.4142 23.9142 54.79
      vertex -23.3187 24.0037 54.79
    endloop
  endfacet
  facet normal -0.683814 0.729656 0
    outer loop
      vertex -23.4142 23.9142 54.79
      vertex -23.3187 24.0037 52
      vertex -23.4142 23.9142 52
    endloop
  endfacet
  facet normal 0.290219 -0.95696 0
    outer loop
      vertex -21.4824 20.5681 52
      vertex -21.3571 20.6061 54.79
      vertex -21.4824 20.5681 54.79
    endloop
  endfacet
  facet normal 0.290219 -0.95696 0
    outer loop
      vertex -21.3571 20.6061 54.79
      vertex -21.4824 20.5681 52
      vertex -21.3571 20.6061 52
    endloop
  endfacet
  facet normal -0.413285 0.910602 0
    outer loop
      vertex -22.7654 24.3478 52
      vertex -22.8846 24.2937 54.79
      vertex -22.7654 24.3478 54.79
    endloop
  endfacet
  facet normal -0.413285 0.910602 0
    outer loop
      vertex -22.8846 24.2937 54.79
      vertex -22.7654 24.3478 52
      vertex -22.8846 24.2937 52
    endloop
  endfacet
  facet normal -0.99521 0.0977643 0
    outer loop
      vertex -23.9957 22.6308 52
      vertex -23.9829 22.7611 54.79
      vertex -23.9829 22.7611 52
    endloop
  endfacet
  facet normal -0.99521 0.0977643 0
    outer loop
      vertex -23.9829 22.7611 54.79
      vertex -23.9957 22.6308 52
      vertex -23.9957 22.6308 54.79
    endloop
  endfacet
  facet normal 0.849156 0.528143 0
    outer loop
      vertex -20.268 23.5 54.79
      vertex -20.3371 23.6111 52
      vertex -20.3371 23.6111 54.79
    endloop
  endfacet
  facet normal 0.849156 0.528143 0
    outer loop
      vertex -20.3371 23.6111 52
      vertex -20.268 23.5 54.79
      vertex -20.268 23.5 52
    endloop
  endfacet
  facet normal -0.0977643 0.99521 0
    outer loop
      vertex -22.1308 24.4957 52
      vertex -22.2611 24.4829 54.79
      vertex -22.1308 24.4957 54.79
    endloop
  endfacet
  facet normal -0.0977643 0.99521 0
    outer loop
      vertex -22.2611 24.4829 54.79
      vertex -22.1308 24.4957 52
      vertex -22.2611 24.4829 52
    endloop
  endfacet
  facet normal -0.634153 0.773208 0
    outer loop
      vertex -23.2175 24.0867 52
      vertex -23.3187 24.0037 54.79
      vertex -23.2175 24.0867 54.79
    endloop
  endfacet
  facet normal -0.634153 0.773208 0
    outer loop
      vertex -23.3187 24.0037 54.79
      vertex -23.2175 24.0867 52
      vertex -23.3187 24.0037 52
    endloop
  endfacet
  facet normal -0.162788 0.986661 0
    outer loop
      vertex -22.2611 24.4829 52
      vertex -22.3902 24.4616 54.79
      vertex -22.2611 24.4829 54.79
    endloop
  endfacet
  facet normal -0.162788 0.986661 0
    outer loop
      vertex -22.3902 24.4616 54.79
      vertex -22.2611 24.4829 52
      vertex -22.3902 24.4616 52
    endloop
  endfacet
  facet normal -0.773208 -0.634153 0
    outer loop
      vertex -23.5037 21.1813 52
      vertex -23.5867 21.2825 54.79
      vertex -23.5867 21.2825 52
    endloop
  endfacet
  facet normal -0.773208 -0.634153 0
    outer loop
      vertex -23.5867 21.2825 54.79
      vertex -23.5037 21.1813 52
      vertex -23.5037 21.1813 54.79
    endloop
  endfacet
  facet normal 0.99946 -0.0328569 0
    outer loop
      vertex -20.0043 22.3692 54.79
      vertex -20 22.5 52
      vertex -20 22.5 54.79
    endloop
  endfacet
  facet normal 0.99946 -0.0328569 0
    outer loop
      vertex -20 22.5 52
      vertex -20.0043 22.3692 54.79
      vertex -20.0043 22.3692 52
    endloop
  endfacet
  facet normal 0.683814 0.729656 -0
    outer loop
      vertex -20.5858 23.9142 52
      vertex -20.6813 24.0037 54.79
      vertex -20.5858 23.9142 54.79
    endloop
  endfacet
  facet normal 0.683814 0.729656 0
    outer loop
      vertex -20.6813 24.0037 54.79
      vertex -20.5858 23.9142 52
      vertex -20.6813 24.0037 52
    endloop
  endfacet
  facet normal -0.58225 -0.81301 0
    outer loop
      vertex -23.2175 20.9133 52
      vertex -23.1111 20.8371 54.79
      vertex -23.2175 20.9133 54.79
    endloop
  endfacet
  facet normal -0.58225 -0.81301 -0
    outer loop
      vertex -23.1111 20.8371 54.79
      vertex -23.2175 20.9133 52
      vertex -23.1111 20.8371 52
    endloop
  endfacet
  facet normal -0.99946 -0.0328569 0
    outer loop
      vertex -23.9957 22.3692 52
      vertex -24 22.5 54.79
      vertex -24 22.5 52
    endloop
  endfacet
  facet normal -0.99946 -0.0328569 0
    outer loop
      vertex -24 22.5 54.79
      vertex -23.9957 22.3692 52
      vertex -23.9957 22.3692 54.79
    endloop
  endfacet
  facet normal 0.881866 -0.4715 0
    outer loop
      vertex -20.268 21.5 54.79
      vertex -20.2063 21.6154 52
      vertex -20.2063 21.6154 54.79
    endloop
  endfacet
  facet normal 0.881866 -0.4715 0
    outer loop
      vertex -20.2063 21.6154 52
      vertex -20.268 21.5 54.79
      vertex -20.268 21.5 52
    endloop
  endfacet
  facet normal -0.290219 0.95696 0
    outer loop
      vertex -22.5176 24.4319 52
      vertex -22.6429 24.3939 54.79
      vertex -22.5176 24.4319 54.79
    endloop
  endfacet
  facet normal -0.290219 0.95696 0
    outer loop
      vertex -22.6429 24.3939 54.79
      vertex -22.5176 24.4319 52
      vertex -22.6429 24.3939 52
    endloop
  endfacet
  facet normal 0.99521 -0.0977643 0
    outer loop
      vertex -20.0171 22.2389 54.79
      vertex -20.0043 22.3692 52
      vertex -20.0043 22.3692 54.79
    endloop
  endfacet
  facet normal 0.99521 -0.0977643 0
    outer loop
      vertex -20.0043 22.3692 52
      vertex -20.0171 22.2389 54.79
      vertex -20.0171 22.2389 52
    endloop
  endfacet
  facet normal -0.881866 0.4715 0
    outer loop
      vertex -23.7937 23.3846 52
      vertex -23.732 23.5 54.79
      vertex -23.732 23.5 52
    endloop
  endfacet
  facet normal -0.881866 0.4715 0
    outer loop
      vertex -23.732 23.5 54.79
      vertex -23.7937 23.3846 52
      vertex -23.7937 23.3846 54.79
    endloop
  endfacet
  facet normal 0.95696 0.290219 0
    outer loop
      vertex -20.0681 23.0176 54.79
      vertex -20.1061 23.1429 52
      vertex -20.1061 23.1429 54.79
    endloop
  endfacet
  facet normal 0.95696 0.290219 0
    outer loop
      vertex -20.1061 23.1429 52
      vertex -20.0681 23.0176 54.79
      vertex -20.0681 23.0176 52
    endloop
  endfacet
  facet normal 0.849156 -0.528143 0
    outer loop
      vertex -20.3371 21.3889 54.79
      vertex -20.268 21.5 52
      vertex -20.268 21.5 54.79
    endloop
  endfacet
  facet normal 0.849156 -0.528143 0
    outer loop
      vertex -20.268 21.5 52
      vertex -20.3371 21.3889 54.79
      vertex -20.3371 21.3889 52
    endloop
  endfacet
  facet normal -0.162788 -0.986661 0
    outer loop
      vertex -22.3902 20.5384 52
      vertex -22.2611 20.5171 54.79
      vertex -22.3902 20.5384 54.79
    endloop
  endfacet
  facet normal -0.162788 -0.986661 -0
    outer loop
      vertex -22.2611 20.5171 54.79
      vertex -22.3902 20.5384 52
      vertex -22.2611 20.5171 52
    endloop
  endfacet
  facet normal -0.0328569 0.99946 0
    outer loop
      vertex -22 24.5 52
      vertex -22.1308 24.4957 54.79
      vertex -22 24.5 54.79
    endloop
  endfacet
  facet normal -0.0328569 0.99946 0
    outer loop
      vertex -22.1308 24.4957 54.79
      vertex -22 24.5 52
      vertex -22.1308 24.4957 52
    endloop
  endfacet
  facet normal -0.95696 -0.290219 0
    outer loop
      vertex -23.8939 21.8571 52
      vertex -23.9319 21.9824 54.79
      vertex -23.9319 21.9824 52
    endloop
  endfacet
  facet normal -0.95696 -0.290219 0
    outer loop
      vertex -23.9319 21.9824 54.79
      vertex -23.8939 21.8571 52
      vertex -23.8939 21.8571 54.79
    endloop
  endfacet
  facet normal 0.4715 -0.881866 0
    outer loop
      vertex -21.1154 20.7063 52
      vertex -21 20.768 54.79
      vertex -21.1154 20.7063 54.79
    endloop
  endfacet
  facet normal 0.4715 -0.881866 0
    outer loop
      vertex -21 20.768 54.79
      vertex -21.1154 20.7063 52
      vertex -21 20.768 52
    endloop
  endfacet
  facet normal -0.986661 0.162788 0
    outer loop
      vertex -23.9829 22.7611 52
      vertex -23.9616 22.8902 54.79
      vertex -23.9616 22.8902 52
    endloop
  endfacet
  facet normal -0.986661 0.162788 0
    outer loop
      vertex -23.9616 22.8902 54.79
      vertex -23.9829 22.7611 52
      vertex -23.9829 22.7611 54.79
    endloop
  endfacet
  facet normal -0.849156 -0.528143 0
    outer loop
      vertex -23.6629 21.3889 52
      vertex -23.732 21.5 54.79
      vertex -23.732 21.5 52
    endloop
  endfacet
  facet normal -0.849156 -0.528143 0
    outer loop
      vertex -23.732 21.5 54.79
      vertex -23.6629 21.3889 52
      vertex -23.6629 21.3889 54.79
    endloop
  endfacet
  facet normal 0.634153 0.773208 -0
    outer loop
      vertex -20.6813 24.0037 52
      vertex -20.7825 24.0867 54.79
      vertex -20.6813 24.0037 54.79
    endloop
  endfacet
  facet normal 0.634153 0.773208 0
    outer loop
      vertex -20.7825 24.0867 54.79
      vertex -20.6813 24.0037 52
      vertex -20.7825 24.0867 52
    endloop
  endfacet
  facet normal -0.986661 -0.162788 0
    outer loop
      vertex -23.9616 22.1098 52
      vertex -23.9829 22.2389 54.79
      vertex -23.9829 22.2389 52
    endloop
  endfacet
  facet normal -0.986661 -0.162788 0
    outer loop
      vertex -23.9829 22.2389 54.79
      vertex -23.9616 22.1098 52
      vertex -23.9616 22.1098 54.79
    endloop
  endfacet
  facet normal 0.881866 0.4715 0
    outer loop
      vertex -20.2063 23.3846 54.79
      vertex -20.268 23.5 52
      vertex -20.268 23.5 54.79
    endloop
  endfacet
  facet normal 0.881866 0.4715 0
    outer loop
      vertex -20.268 23.5 52
      vertex -20.2063 23.3846 54.79
      vertex -20.2063 23.3846 52
    endloop
  endfacet
  facet normal 0.4715 0.881866 -0
    outer loop
      vertex -21 24.232 52
      vertex -21.1154 24.2937 54.79
      vertex -21 24.232 54.79
    endloop
  endfacet
  facet normal 0.4715 0.881866 0
    outer loop
      vertex -21.1154 24.2937 54.79
      vertex -21 24.232 52
      vertex -21.1154 24.2937 52
    endloop
  endfacet
  facet normal -0.973886 -0.227036 0
    outer loop
      vertex -23.9319 21.9824 52
      vertex -23.9616 22.1098 54.79
      vertex -23.9616 22.1098 52
    endloop
  endfacet
  facet normal -0.973886 -0.227036 0
    outer loop
      vertex -23.9616 22.1098 54.79
      vertex -23.9319 21.9824 52
      vertex -23.9319 21.9824 54.79
    endloop
  endfacet
  facet normal -0.93592 0.352212 0
    outer loop
      vertex -23.8939 23.1429 52
      vertex -23.8478 23.2654 54.79
      vertex -23.8478 23.2654 52
    endloop
  endfacet
  facet normal -0.93592 0.352212 0
    outer loop
      vertex -23.8478 23.2654 54.79
      vertex -23.8939 23.1429 52
      vertex -23.8939 23.1429 54.79
    endloop
  endfacet
  facet normal 0.0977643 -0.99521 0
    outer loop
      vertex -21.8692 20.5043 52
      vertex -21.7389 20.5171 54.79
      vertex -21.8692 20.5043 54.79
    endloop
  endfacet
  facet normal 0.0977643 -0.99521 0
    outer loop
      vertex -21.7389 20.5171 54.79
      vertex -21.8692 20.5043 52
      vertex -21.7389 20.5171 52
    endloop
  endfacet
  facet normal 0.0328569 -0.99946 0
    outer loop
      vertex -22 20.5 52
      vertex -21.8692 20.5043 54.79
      vertex -22 20.5 54.79
    endloop
  endfacet
  facet normal 0.0328569 -0.99946 0
    outer loop
      vertex -21.8692 20.5043 54.79
      vertex -22 20.5 52
      vertex -21.8692 20.5043 52
    endloop
  endfacet
  facet normal -0.528143 -0.849156 0
    outer loop
      vertex -23.1111 20.8371 52
      vertex -23 20.768 54.79
      vertex -23.1111 20.8371 54.79
    endloop
  endfacet
  facet normal -0.528143 -0.849156 -0
    outer loop
      vertex -23 20.768 54.79
      vertex -23.1111 20.8371 52
      vertex -23 20.768 52
    endloop
  endfacet
  facet normal 0.773208 0.634153 0
    outer loop
      vertex -20.4133 23.7175 54.79
      vertex -20.4963 23.8187 52
      vertex -20.4963 23.8187 54.79
    endloop
  endfacet
  facet normal 0.773208 0.634153 0
    outer loop
      vertex -20.4963 23.8187 52
      vertex -20.4133 23.7175 54.79
      vertex -20.4133 23.7175 52
    endloop
  endfacet
  facet normal -0.849156 0.528143 0
    outer loop
      vertex -23.732 23.5 52
      vertex -23.6629 23.6111 54.79
      vertex -23.6629 23.6111 52
    endloop
  endfacet
  facet normal -0.849156 0.528143 0
    outer loop
      vertex -23.6629 23.6111 54.79
      vertex -23.732 23.5 52
      vertex -23.732 23.5 54.79
    endloop
  endfacet
  facet normal 0.162788 0.986661 -0
    outer loop
      vertex -21.6098 24.4616 52
      vertex -21.7389 24.4829 54.79
      vertex -21.6098 24.4616 54.79
    endloop
  endfacet
  facet normal 0.162788 0.986661 0
    outer loop
      vertex -21.7389 24.4829 54.79
      vertex -21.6098 24.4616 52
      vertex -21.7389 24.4829 52
    endloop
  endfacet
  facet normal 0.973886 -0.227036 0
    outer loop
      vertex -20.0681 21.9824 54.79
      vertex -20.0384 22.1098 52
      vertex -20.0384 22.1098 54.79
    endloop
  endfacet
  facet normal 0.973886 -0.227036 0
    outer loop
      vertex -20.0384 22.1098 52
      vertex -20.0681 21.9824 54.79
      vertex -20.0681 21.9824 52
    endloop
  endfacet
  facet normal -0.81301 0.58225 0
    outer loop
      vertex -23.6629 23.6111 52
      vertex -23.5867 23.7175 54.79
      vertex -23.5867 23.7175 52
    endloop
  endfacet
  facet normal -0.81301 0.58225 0
    outer loop
      vertex -23.5867 23.7175 54.79
      vertex -23.6629 23.6111 52
      vertex -23.6629 23.6111 54.79
    endloop
  endfacet
  facet normal 0.528143 0.849156 -0
    outer loop
      vertex -20.8889 24.1629 52
      vertex -21 24.232 54.79
      vertex -20.8889 24.1629 54.79
    endloop
  endfacet
  facet normal 0.528143 0.849156 0
    outer loop
      vertex -21 24.232 54.79
      vertex -20.8889 24.1629 52
      vertex -21 24.232 52
    endloop
  endfacet
  facet normal 0.0977643 0.99521 -0
    outer loop
      vertex -21.7389 24.4829 52
      vertex -21.8692 24.4957 54.79
      vertex -21.7389 24.4829 54.79
    endloop
  endfacet
  facet normal 0.0977643 0.99521 0
    outer loop
      vertex -21.8692 24.4957 54.79
      vertex -21.7389 24.4829 52
      vertex -21.8692 24.4957 52
    endloop
  endfacet
  facet normal 0.227036 -0.973886 0
    outer loop
      vertex -21.6098 20.5384 52
      vertex -21.4824 20.5681 54.79
      vertex -21.6098 20.5384 54.79
    endloop
  endfacet
  facet normal 0.227036 -0.973886 0
    outer loop
      vertex -21.4824 20.5681 54.79
      vertex -21.6098 20.5384 52
      vertex -21.4824 20.5681 52
    endloop
  endfacet
  facet normal -0.528143 0.849156 0
    outer loop
      vertex -23 24.232 52
      vertex -23.1111 24.1629 54.79
      vertex -23 24.232 54.79
    endloop
  endfacet
  facet normal -0.528143 0.849156 0
    outer loop
      vertex -23.1111 24.1629 54.79
      vertex -23 24.232 52
      vertex -23.1111 24.1629 52
    endloop
  endfacet
  facet normal -0.773208 0.634153 0
    outer loop
      vertex -23.5867 23.7175 52
      vertex -23.5037 23.8187 54.79
      vertex -23.5037 23.8187 52
    endloop
  endfacet
  facet normal -0.773208 0.634153 0
    outer loop
      vertex -23.5037 23.8187 54.79
      vertex -23.5867 23.7175 52
      vertex -23.5867 23.7175 54.79
    endloop
  endfacet
  facet normal 0.81301 0.58225 0
    outer loop
      vertex -20.3371 23.6111 54.79
      vertex -20.4133 23.7175 52
      vertex -20.4133 23.7175 54.79
    endloop
  endfacet
  facet normal 0.81301 0.58225 0
    outer loop
      vertex -20.4133 23.7175 52
      vertex -20.3371 23.6111 54.79
      vertex -20.3371 23.6111 52
    endloop
  endfacet
  facet normal -0.881866 -0.4715 0
    outer loop
      vertex -23.732 21.5 52
      vertex -23.7937 21.6154 54.79
      vertex -23.7937 21.6154 52
    endloop
  endfacet
  facet normal -0.881866 -0.4715 0
    outer loop
      vertex -23.7937 21.6154 54.79
      vertex -23.732 21.5 52
      vertex -23.732 21.5 54.79
    endloop
  endfacet
  facet normal -0.58225 0.81301 0
    outer loop
      vertex -23.1111 24.1629 52
      vertex -23.2175 24.0867 54.79
      vertex -23.1111 24.1629 54.79
    endloop
  endfacet
  facet normal -0.58225 0.81301 0
    outer loop
      vertex -23.2175 24.0867 54.79
      vertex -23.1111 24.1629 52
      vertex -23.2175 24.0867 52
    endloop
  endfacet
  facet normal 0.729656 0.683814 0
    outer loop
      vertex -20.4963 23.8187 54.79
      vertex -20.5858 23.9142 52
      vertex -20.5858 23.9142 54.79
    endloop
  endfacet
  facet normal 0.729656 0.683814 0
    outer loop
      vertex -20.5858 23.9142 52
      vertex -20.4963 23.8187 54.79
      vertex -20.4963 23.8187 52
    endloop
  endfacet
  facet normal -0.413285 -0.910602 0
    outer loop
      vertex -22.8846 20.7063 52
      vertex -22.7654 20.6522 54.79
      vertex -22.8846 20.7063 54.79
    endloop
  endfacet
  facet normal -0.413285 -0.910602 -0
    outer loop
      vertex -22.7654 20.6522 54.79
      vertex -22.8846 20.7063 52
      vertex -22.7654 20.6522 52
    endloop
  endfacet
  facet normal 0.0328569 0.99946 -0
    outer loop
      vertex -21.8692 24.4957 52
      vertex -22 24.5 54.79
      vertex -21.8692 24.4957 54.79
    endloop
  endfacet
  facet normal 0.0328569 0.99946 0
    outer loop
      vertex -22 24.5 54.79
      vertex -21.8692 24.4957 52
      vertex -22 24.5 52
    endloop
  endfacet
  facet normal 0.910602 -0.413285 0
    outer loop
      vertex -20.2063 21.6154 54.79
      vertex -20.1522 21.7346 52
      vertex -20.1522 21.7346 54.79
    endloop
  endfacet
  facet normal 0.910602 -0.413285 0
    outer loop
      vertex -20.1522 21.7346 52
      vertex -20.2063 21.6154 54.79
      vertex -20.2063 21.6154 52
    endloop
  endfacet
  facet normal -0.729656 0.683814 0
    outer loop
      vertex -23.5037 23.8187 52
      vertex -23.4142 23.9142 54.79
      vertex -23.4142 23.9142 52
    endloop
  endfacet
  facet normal -0.729656 0.683814 0
    outer loop
      vertex -23.4142 23.9142 54.79
      vertex -23.5037 23.8187 52
      vertex -23.5037 23.8187 54.79
    endloop
  endfacet
  facet normal 0.352212 0.93592 -0
    outer loop
      vertex -21.2346 24.3478 52
      vertex -21.3571 24.3939 54.79
      vertex -21.2346 24.3478 54.79
    endloop
  endfacet
  facet normal 0.352212 0.93592 0
    outer loop
      vertex -21.3571 24.3939 54.79
      vertex -21.2346 24.3478 52
      vertex -21.3571 24.3939 52
    endloop
  endfacet
  facet normal 0.413285 -0.910602 0
    outer loop
      vertex -21.2346 20.6522 52
      vertex -21.1154 20.7063 54.79
      vertex -21.2346 20.6522 54.79
    endloop
  endfacet
  facet normal 0.413285 -0.910602 0
    outer loop
      vertex -21.1154 20.7063 54.79
      vertex -21.2346 20.6522 52
      vertex -21.1154 20.7063 52
    endloop
  endfacet
  facet normal -0.99521 -0.0977643 0
    outer loop
      vertex -23.9829 22.2389 52
      vertex -23.9957 22.3692 54.79
      vertex -23.9957 22.3692 52
    endloop
  endfacet
  facet normal -0.99521 -0.0977643 0
    outer loop
      vertex -23.9957 22.3692 54.79
      vertex -23.9829 22.2389 52
      vertex -23.9829 22.2389 54.79
    endloop
  endfacet
  facet normal 0.634153 -0.773208 0
    outer loop
      vertex -20.7825 20.9133 52
      vertex -20.6813 20.9963 54.79
      vertex -20.7825 20.9133 54.79
    endloop
  endfacet
  facet normal 0.634153 -0.773208 0
    outer loop
      vertex -20.6813 20.9963 54.79
      vertex -20.7825 20.9133 52
      vertex -20.6813 20.9963 52
    endloop
  endfacet
  facet normal -0.634153 -0.773208 0
    outer loop
      vertex -23.3187 20.9963 52
      vertex -23.2175 20.9133 54.79
      vertex -23.3187 20.9963 54.79
    endloop
  endfacet
  facet normal -0.634153 -0.773208 -0
    outer loop
      vertex -23.2175 20.9133 54.79
      vertex -23.3187 20.9963 52
      vertex -23.2175 20.9133 52
    endloop
  endfacet
  facet normal 0.910602 0.413285 0
    outer loop
      vertex -20.1522 23.2654 54.79
      vertex -20.2063 23.3846 52
      vertex -20.2063 23.3846 54.79
    endloop
  endfacet
  facet normal 0.910602 0.413285 0
    outer loop
      vertex -20.2063 23.3846 52
      vertex -20.1522 23.2654 54.79
      vertex -20.1522 23.2654 52
    endloop
  endfacet
  facet normal -0.910602 0.413285 0
    outer loop
      vertex -23.8478 23.2654 52
      vertex -23.7937 23.3846 54.79
      vertex -23.7937 23.3846 52
    endloop
  endfacet
  facet normal -0.910602 0.413285 0
    outer loop
      vertex -23.7937 23.3846 54.79
      vertex -23.8478 23.2654 52
      vertex -23.8478 23.2654 54.79
    endloop
  endfacet
  facet normal -0.81301 -0.58225 0
    outer loop
      vertex -23.5867 21.2825 52
      vertex -23.6629 21.3889 54.79
      vertex -23.6629 21.3889 52
    endloop
  endfacet
  facet normal -0.81301 -0.58225 0
    outer loop
      vertex -23.6629 21.3889 54.79
      vertex -23.5867 21.2825 52
      vertex -23.5867 21.2825 54.79
    endloop
  endfacet
  facet normal 0.93592 -0.352212 0
    outer loop
      vertex -20.1522 21.7346 54.79
      vertex -20.1061 21.8571 52
      vertex -20.1061 21.8571 54.79
    endloop
  endfacet
  facet normal 0.93592 -0.352212 0
    outer loop
      vertex -20.1061 21.8571 52
      vertex -20.1522 21.7346 54.79
      vertex -20.1522 21.7346 52
    endloop
  endfacet
  facet normal -0.0328569 -0.99946 0
    outer loop
      vertex -22.1308 20.5043 52
      vertex -22 20.5 54.79
      vertex -22.1308 20.5043 54.79
    endloop
  endfacet
  facet normal -0.0328569 -0.99946 -0
    outer loop
      vertex -22 20.5 54.79
      vertex -22.1308 20.5043 52
      vertex -22 20.5 52
    endloop
  endfacet
  facet normal -0.0977643 -0.99521 0
    outer loop
      vertex -22.2611 20.5171 52
      vertex -22.1308 20.5043 54.79
      vertex -22.2611 20.5171 54.79
    endloop
  endfacet
  facet normal -0.0977643 -0.99521 -0
    outer loop
      vertex -22.1308 20.5043 54.79
      vertex -22.2611 20.5171 52
      vertex -22.1308 20.5043 52
    endloop
  endfacet
  facet normal -0.683814 -0.729656 0
    outer loop
      vertex -23.4142 21.0858 52
      vertex -23.3187 20.9963 54.79
      vertex -23.4142 21.0858 54.79
    endloop
  endfacet
  facet normal -0.683814 -0.729656 -0
    outer loop
      vertex -23.3187 20.9963 54.79
      vertex -23.4142 21.0858 52
      vertex -23.3187 20.9963 52
    endloop
  endfacet
  facet normal 0.986661 -0.162788 0
    outer loop
      vertex -20.0384 22.1098 54.79
      vertex -20.0171 22.2389 52
      vertex -20.0171 22.2389 54.79
    endloop
  endfacet
  facet normal 0.986661 -0.162788 0
    outer loop
      vertex -20.0171 22.2389 52
      vertex -20.0384 22.1098 54.79
      vertex -20.0384 22.1098 52
    endloop
  endfacet
  facet normal -0.227036 0.973886 0
    outer loop
      vertex -22.3902 24.4616 52
      vertex -22.5176 24.4319 54.79
      vertex -22.3902 24.4616 54.79
    endloop
  endfacet
  facet normal -0.227036 0.973886 0
    outer loop
      vertex -22.5176 24.4319 54.79
      vertex -22.3902 24.4616 52
      vertex -22.5176 24.4319 52
    endloop
  endfacet
  facet normal -0.99946 0.0328569 0
    outer loop
      vertex -24 22.5 52
      vertex -23.9957 22.6308 54.79
      vertex -23.9957 22.6308 52
    endloop
  endfacet
  facet normal -0.99946 0.0328569 0
    outer loop
      vertex -23.9957 22.6308 54.79
      vertex -24 22.5 52
      vertex -24 22.5 54.79
    endloop
  endfacet
  facet normal -0.227036 -0.973886 0
    outer loop
      vertex -22.5176 20.5681 52
      vertex -22.3902 20.5384 54.79
      vertex -22.5176 20.5681 54.79
    endloop
  endfacet
  facet normal -0.227036 -0.973886 -0
    outer loop
      vertex -22.3902 20.5384 54.79
      vertex -22.5176 20.5681 52
      vertex -22.3902 20.5384 52
    endloop
  endfacet
  facet normal -0.4715 -0.881866 0
    outer loop
      vertex -23 20.768 52
      vertex -22.8846 20.7063 54.79
      vertex -23 20.768 54.79
    endloop
  endfacet
  facet normal -0.4715 -0.881866 -0
    outer loop
      vertex -22.8846 20.7063 54.79
      vertex -23 20.768 52
      vertex -22.8846 20.7063 52
    endloop
  endfacet
  facet normal 0.676597 -0.484556 0.554456
    outer loop
      vertex -20.3371 21.3889 54.79
      vertex -20.7306 21.526 55.39
      vertex -20.4133 21.2825 54.79
    endloop
  endfacet
  facet normal 0.733743 0.392707 0.554439
    outer loop
      vertex -20.2063 23.3846 54.79
      vertex -20.6144 23.3 55.39
      vertex -20.565 23.2077 55.39
    endloop
  endfacet
  facet normal 0.831746 0.0270357 0.554497
    outer loop
      vertex -20 22.5 54.79
      vertex -20.4034 22.6046 55.39
      vertex -20.4 22.5 55.39
    endloop
  endfacet
  facet normal 0.831764 0.0273439 0.554456
    outer loop
      vertex -20.0043 22.6308 54.79
      vertex -20.4034 22.6046 55.39
      vertex -20 22.5 54.79
    endloop
  endfacet
  facet normal 0.643469 -0.527746 0.554465
    outer loop
      vertex -20.4133 21.2825 54.79
      vertex -20.7306 21.526 55.39
      vertex -20.4963 21.1813 54.79
    endloop
  endfacet
  facet normal 0.48486 -0.676419 0.554408
    outer loop
      vertex -21.026 21.2306 55.39
      vertex -21.1111 21.1696 55.39
      vertex -20.8889 20.8371 54.79
    endloop
  endfacet
  facet normal 0.778789 -0.293238 0.554526
    outer loop
      vertex -20.4849 21.9857 55.39
      vertex -20.5218 21.8877 55.39
      vertex -20.1061 21.8571 54.79
    endloop
  endfacet
  facet normal -0.82109 -0.13547 0.55449
    outer loop
      vertex -23.5693 22.1879 55.39
      vertex -23.9829 22.2389 54.79
      vertex -23.9616 22.1098 54.79
    endloop
  endfacet
  facet normal -0.707039 -0.439017 0.5544
    outer loop
      vertex -23.3856 21.7 55.39
      vertex -23.6629 21.3889 54.79
      vertex -23.3304 21.6111 55.39
    endloop
  endfacet
  facet normal 0.607237 0.569086 0.55444
    outer loop
      vertex -20.5858 23.9142 54.79
      vertex -20.8686 23.6314 55.39
      vertex -20.4963 23.8187 54.79
    endloop
  endfacet
  facet normal 0.392379 0.733882 0.554487
    outer loop
      vertex -21.1154 24.2937 54.79
      vertex -21.2 23.8856 55.39
      vertex -21 24.232 54.79
    endloop
  endfacet
  facet normal -0.527746 0.643469 0.554465
    outer loop
      vertex -23.2175 24.0867 54.79
      vertex -23.3187 24.0037 54.79
      vertex -22.974 23.7694 55.39
    endloop
  endfacet
  facet normal -0.293238 0.778789 0.554526
    outer loop
      vertex -22.5143 24.0151 55.39
      vertex -22.6429 24.3939 54.79
      vertex -22.6123 23.9782 55.39
    endloop
  endfacet
  facet normal -0.569086 -0.607237 0.55444
    outer loop
      vertex -23.1314 21.3686 55.39
      vertex -23.4142 21.0858 54.79
      vertex -23.3187 20.9963 54.79
    endloop
  endfacet
  facet normal 0.241601 0.796331 0.554514
    outer loop
      vertex -21.4824 24.4319 54.79
      vertex -21.5859 24.0455 55.39
      vertex -21.4857 24.0151 55.39
    endloop
  endfacet
  facet normal 0.569086 -0.607237 0.55444
    outer loop
      vertex -20.5858 21.0858 54.79
      vertex -20.8686 21.3686 55.39
      vertex -20.6813 20.9963 54.79
    endloop
  endfacet
  facet normal -0.707039 0.439017 0.5544
    outer loop
      vertex -23.3304 23.3889 55.39
      vertex -23.6629 23.6111 54.79
      vertex -23.3856 23.3 55.39
    endloop
  endfacet
  facet normal -0.810455 -0.188937 0.554496
    outer loop
      vertex -23.5693 22.1879 55.39
      vertex -23.9616 22.1098 54.79
      vertex -23.9319 21.9824 54.79
    endloop
  endfacet
  facet normal -0.0813604 0.828224 0.55446
    outer loop
      vertex -22.1308 24.4957 54.79
      vertex -22.2611 24.4829 54.79
      vertex -22.1046 24.0966 55.39
    endloop
  endfacet
  facet normal -0.758116 0.343298 0.554443
    outer loop
      vertex -23.435 23.2077 55.39
      vertex -23.7937 23.3846 54.79
      vertex -23.4782 23.1123 55.39
    endloop
  endfacet
  facet normal 0.13547 -0.82109 0.55449
    outer loop
      vertex -21.6879 20.9307 55.39
      vertex -21.7389 20.5171 54.79
      vertex -21.6098 20.5384 54.79
    endloop
  endfacet
  facet normal 0.343918 0.757764 0.554539
    outer loop
      vertex -21.2346 24.3478 54.79
      vertex -21.3877 23.9782 55.39
      vertex -21.1154 24.2937 54.79
    endloop
  endfacet
  facet normal 0.643469 0.527746 0.554465
    outer loop
      vertex -20.4963 23.8187 54.79
      vertex -20.7306 23.474 55.39
      vertex -20.4133 23.7175 54.79
    endloop
  endfacet
  facet normal 0.392707 0.733743 0.554439
    outer loop
      vertex -21.1154 24.2937 54.79
      vertex -21.2923 23.935 55.39
      vertex -21.2 23.8856 55.39
    endloop
  endfacet
  facet normal -0.343298 0.758116 0.554443
    outer loop
      vertex -22.6123 23.9782 55.39
      vertex -22.8846 24.2937 54.79
      vertex -22.7077 23.935 55.39
    endloop
  endfacet
  facet normal 0.828129 0.0818592 0.554528
    outer loop
      vertex -20.0171 22.7611 54.79
      vertex -20.4137 22.7088 55.39
      vertex -20.4034 22.6046 55.39
    endloop
  endfacet
  facet normal 0.13547 0.82109 0.55449
    outer loop
      vertex -21.6098 24.4616 54.79
      vertex -21.7389 24.4829 54.79
      vertex -21.6879 24.0693 55.39
    endloop
  endfacet
  facet normal 0.828224 -0.0813604 0.55446
    outer loop
      vertex -20.0043 22.3692 54.79
      vertex -20.4034 22.3954 55.39
      vertex -20.0171 22.2389 54.79
    endloop
  endfacet
  facet normal -0.0270357 -0.831746 0.554497
    outer loop
      vertex -22 20.9 55.39
      vertex -22.1046 20.9034 55.39
      vertex -22 20.5 54.79
    endloop
  endfacet
  facet normal -0.188937 0.810455 0.554496
    outer loop
      vertex -22.3902 24.4616 54.79
      vertex -22.5176 24.4319 54.79
      vertex -22.3121 24.0693 55.39
    endloop
  endfacet
  facet normal -0.821115 -0.13513 0.554536
    outer loop
      vertex -23.5863 22.2912 55.39
      vertex -23.9829 22.2389 54.79
      vertex -23.5693 22.1879 55.39
    endloop
  endfacet
  facet normal 0.189094 0.810403 0.554518
    outer loop
      vertex -21.4824 24.4319 54.79
      vertex -21.6879 24.0693 55.39
      vertex -21.5859 24.0455 55.39
    endloop
  endfacet
  facet normal -0.79635 -0.241511 0.554526
    outer loop
      vertex -23.5151 21.9857 55.39
      vertex -23.9319 21.9824 54.79
      vertex -23.8939 21.8571 54.79
    endloop
  endfacet
  facet normal -0.484556 -0.676597 0.554456
    outer loop
      vertex -22.974 21.2306 55.39
      vertex -23.2175 20.9133 54.79
      vertex -23.1111 20.8371 54.79
    endloop
  endfacet
  facet normal -0.293094 0.778829 0.554546
    outer loop
      vertex -22.6429 24.3939 54.79
      vertex -22.7654 24.3478 54.79
      vertex -22.6123 23.9782 55.39
    endloop
  endfacet
  facet normal -0.828129 0.0818592 0.554528
    outer loop
      vertex -23.5863 22.7088 55.39
      vertex -23.9829 22.7611 54.79
      vertex -23.5966 22.6046 55.39
    endloop
  endfacet
  facet normal -0.676419 0.48486 0.554408
    outer loop
      vertex -23.2694 23.474 55.39
      vertex -23.6629 23.6111 54.79
      vertex -23.3304 23.3889 55.39
    endloop
  endfacet
  facet normal -0.778829 -0.293094 0.554546
    outer loop
      vertex -23.4782 21.8877 55.39
      vertex -23.8939 21.8571 54.79
      vertex -23.8478 21.7346 54.79
    endloop
  endfacet
  facet normal 0.778829 0.293094 0.554546
    outer loop
      vertex -20.1522 23.2654 54.79
      vertex -20.5218 23.1123 55.39
      vertex -20.1061 23.1429 54.79
    endloop
  endfacet
  facet normal 0.79635 -0.241511 0.554526
    outer loop
      vertex -20.0681 21.9824 54.79
      vertex -20.4849 21.9857 55.39
      vertex -20.1061 21.8571 54.79
    endloop
  endfacet
  facet normal -0.569086 0.607237 0.55444
    outer loop
      vertex -23.3187 24.0037 54.79
      vertex -23.4142 23.9142 54.79
      vertex -23.1314 23.6314 55.39
    endloop
  endfacet
  facet normal 0.13513 -0.821115 0.554536
    outer loop
      vertex -21.6879 20.9307 55.39
      vertex -21.7912 20.9137 55.39
      vertex -21.7389 20.5171 54.79
    endloop
  endfacet
  facet normal -0.392707 0.733743 0.554439
    outer loop
      vertex -22.7077 23.935 55.39
      vertex -22.8846 24.2937 54.79
      vertex -22.8 23.8856 55.39
    endloop
  endfacet
  facet normal 0.828224 0.0813604 0.55446
    outer loop
      vertex -20.0171 22.7611 54.79
      vertex -20.4034 22.6046 55.39
      vertex -20.0043 22.6308 54.79
    endloop
  endfacet
  facet normal -0.0813604 -0.828224 0.55446
    outer loop
      vertex -22.1046 20.9034 55.39
      vertex -22.2611 20.5171 54.79
      vertex -22.1308 20.5043 54.79
    endloop
  endfacet
  facet normal -0.293094 -0.778829 0.554546
    outer loop
      vertex -22.6123 21.0218 55.39
      vertex -22.7654 20.6522 54.79
      vertex -22.6429 20.6061 54.79
    endloop
  endfacet
  facet normal 0.241601 -0.796331 0.554514
    outer loop
      vertex -21.4857 20.9849 55.39
      vertex -21.5859 20.9545 55.39
      vertex -21.4824 20.5681 54.79
    endloop
  endfacet
  facet normal -0.831746 -0.0270357 0.554497
    outer loop
      vertex -23.6 22.5 55.39
      vertex -24 22.5 54.79
      vertex -23.5966 22.3954 55.39
    endloop
  endfacet
  facet normal 0.343918 -0.757764 0.554539
    outer loop
      vertex -21.1154 20.7063 54.79
      vertex -21.3877 21.0218 55.39
      vertex -21.2346 20.6522 54.79
    endloop
  endfacet
  facet normal 0.568627 -0.607595 0.554519
    outer loop
      vertex -20.8686 21.3686 55.39
      vertex -20.945 21.2971 55.39
      vertex -20.6813 20.9963 54.79
    endloop
  endfacet
  facet normal -0.0270357 0.831746 0.554497
    outer loop
      vertex -22 24.5 54.79
      vertex -22.1046 24.0966 55.39
      vertex -22 24.1 55.39
    endloop
  endfacet
  facet normal 0.607595 -0.568627 0.554519
    outer loop
      vertex -20.7971 21.445 55.39
      vertex -20.8686 21.3686 55.39
      vertex -20.4963 21.1813 54.79
    endloop
  endfacet
  facet normal -0.528042 0.643178 0.554521
    outer loop
      vertex -22.974 23.7694 55.39
      vertex -23.3187 24.0037 54.79
      vertex -23.055 23.7029 55.39
    endloop
  endfacet
  facet normal 0.607237 -0.569086 0.55444
    outer loop
      vertex -20.4963 21.1813 54.79
      vertex -20.8686 21.3686 55.39
      vertex -20.5858 21.0858 54.79
    endloop
  endfacet
  facet normal -0.568627 0.607595 0.554519
    outer loop
      vertex -23.055 23.7029 55.39
      vertex -23.3187 24.0037 54.79
      vertex -23.1314 23.6314 55.39
    endloop
  endfacet
  facet normal -0.831764 0.0273439 0.554456
    outer loop
      vertex -23.9957 22.6308 54.79
      vertex -24 22.5 54.79
      vertex -23.5966 22.6046 55.39
    endloop
  endfacet
  facet normal 0.706662 0.439517 0.554485
    outer loop
      vertex -20.3371 23.6111 54.79
      vertex -20.6144 23.3 55.39
      vertex -20.268 23.5 54.79
    endloop
  endfacet
  facet normal 0.676419 -0.48486 0.554408
    outer loop
      vertex -20.6696 21.6111 55.39
      vertex -20.7306 21.526 55.39
      vertex -20.3371 21.3889 54.79
    endloop
  endfacet
  facet normal 0.758116 -0.343298 0.554443
    outer loop
      vertex -20.5218 21.8877 55.39
      vertex -20.565 21.7923 55.39
      vertex -20.2063 21.6154 54.79
    endloop
  endfacet
  facet normal 0.796331 -0.241601 0.554514
    outer loop
      vertex -20.4545 22.0859 55.39
      vertex -20.4849 21.9857 55.39
      vertex -20.0681 21.9824 54.79
    endloop
  endfacet
  facet normal -0.810403 0.189094 0.554518
    outer loop
      vertex -23.5455 22.9141 55.39
      vertex -23.9319 23.0176 54.79
      vertex -23.5693 22.8121 55.39
    endloop
  endfacet
  facet normal 0.189094 -0.810403 0.554518
    outer loop
      vertex -21.5859 20.9545 55.39
      vertex -21.6879 20.9307 55.39
      vertex -21.4824 20.5681 54.79
    endloop
  endfacet
  facet normal -0.676597 -0.484556 0.554456
    outer loop
      vertex -23.2694 21.526 55.39
      vertex -23.6629 21.3889 54.79
      vertex -23.5867 21.2825 54.79
    endloop
  endfacet
  facet normal -0.241511 -0.79635 0.554526
    outer loop
      vertex -22.5143 20.9849 55.39
      vertex -22.6429 20.6061 54.79
      vertex -22.5176 20.5681 54.79
    endloop
  endfacet
  facet normal 0.568627 0.607595 0.554519
    outer loop
      vertex -20.6813 24.0037 54.79
      vertex -20.945 23.7029 55.39
      vertex -20.8686 23.6314 55.39
    endloop
  endfacet
  facet normal 0.810455 0.188937 0.554496
    outer loop
      vertex -20.0681 23.0176 54.79
      vertex -20.4307 22.8121 55.39
      vertex -20.0384 22.8902 54.79
    endloop
  endfacet
  facet normal 0.439517 -0.706662 0.554485
    outer loop
      vertex -20.8889 20.8371 54.79
      vertex -21.2 21.1144 55.39
      vertex -21 20.768 54.79
    endloop
  endfacet
  facet normal -0.778789 0.293238 0.554526
    outer loop
      vertex -23.4782 23.1123 55.39
      vertex -23.8939 23.1429 54.79
      vertex -23.5151 23.0143 55.39
    endloop
  endfacet
  facet normal 0.343298 0.758116 0.554443
    outer loop
      vertex -21.1154 24.2937 54.79
      vertex -21.3877 23.9782 55.39
      vertex -21.2923 23.935 55.39
    endloop
  endfacet
  facet normal 0.484556 0.676597 0.554456
    outer loop
      vertex -20.8889 24.1629 54.79
      vertex -21.026 23.7694 55.39
      vertex -20.7825 24.0867 54.79
    endloop
  endfacet
  facet normal -0.643178 -0.528042 0.554521
    outer loop
      vertex -23.2694 21.526 55.39
      vertex -23.5037 21.1813 54.79
      vertex -23.2029 21.445 55.39
    endloop
  endfacet
  facet normal 0.82109 -0.13547 0.55449
    outer loop
      vertex -20.0171 22.2389 54.79
      vertex -20.4307 22.1879 55.39
      vertex -20.0384 22.1098 54.79
    endloop
  endfacet
  facet normal -0.241601 0.796331 0.554514
    outer loop
      vertex -22.4141 24.0455 55.39
      vertex -22.5176 24.4319 54.79
      vertex -22.5143 24.0151 55.39
    endloop
  endfacet
  facet normal -0.607595 0.568627 0.554519
    outer loop
      vertex -23.1314 23.6314 55.39
      vertex -23.5037 23.8187 54.79
      vertex -23.2029 23.555 55.39
    endloop
  endfacet
  facet normal 0.607595 0.568627 0.554519
    outer loop
      vertex -20.4963 23.8187 54.79
      vertex -20.8686 23.6314 55.39
      vertex -20.7971 23.555 55.39
    endloop
  endfacet
  facet normal 0.757764 -0.343918 0.554539
    outer loop
      vertex -20.1522 21.7346 54.79
      vertex -20.5218 21.8877 55.39
      vertex -20.2063 21.6154 54.79
    endloop
  endfacet
  facet normal -0.778789 -0.293238 0.554526
    outer loop
      vertex -23.5151 21.9857 55.39
      vertex -23.8939 21.8571 54.79
      vertex -23.4782 21.8877 55.39
    endloop
  endfacet
  facet normal -0.607237 -0.569086 0.55444
    outer loop
      vertex -23.1314 21.3686 55.39
      vertex -23.5037 21.1813 54.79
      vertex -23.4142 21.0858 54.79
    endloop
  endfacet
  facet normal 0.778829 -0.293094 0.554546
    outer loop
      vertex -20.1061 21.8571 54.79
      vertex -20.5218 21.8877 55.39
      vertex -20.1522 21.7346 54.79
    endloop
  endfacet
  facet normal -0.439517 -0.706662 0.554485
    outer loop
      vertex -22.8 21.1144 55.39
      vertex -23.1111 20.8371 54.79
      vertex -23 20.768 54.79
    endloop
  endfacet
  facet normal -0.13513 0.821115 0.554536
    outer loop
      vertex -22.2611 24.4829 54.79
      vertex -22.3121 24.0693 55.39
      vertex -22.2088 24.0863 55.39
    endloop
  endfacet
  facet normal -0.189094 0.810403 0.554518
    outer loop
      vertex -22.3121 24.0693 55.39
      vertex -22.5176 24.4319 54.79
      vertex -22.4141 24.0455 55.39
    endloop
  endfacet
  facet normal -0.706662 -0.439517 0.554485
    outer loop
      vertex -23.3856 21.7 55.39
      vertex -23.732 21.5 54.79
      vertex -23.6629 21.3889 54.79
    endloop
  endfacet
  facet normal -0.706662 0.439517 0.554485
    outer loop
      vertex -23.6629 23.6111 54.79
      vertex -23.732 23.5 54.79
      vertex -23.3856 23.3 55.39
    endloop
  endfacet
  facet normal -0.13547 0.82109 0.55449
    outer loop
      vertex -22.2611 24.4829 54.79
      vertex -22.3902 24.4616 54.79
      vertex -22.3121 24.0693 55.39
    endloop
  endfacet
  facet normal -0.343298 -0.758116 0.554443
    outer loop
      vertex -22.7077 21.065 55.39
      vertex -22.8846 20.7063 54.79
      vertex -22.6123 21.0218 55.39
    endloop
  endfacet
  facet normal -0.757764 -0.343918 0.554539
    outer loop
      vertex -23.4782 21.8877 55.39
      vertex -23.8478 21.7346 54.79
      vertex -23.7937 21.6154 54.79
    endloop
  endfacet
  facet normal -0.343918 0.757764 0.554539
    outer loop
      vertex -22.7654 24.3478 54.79
      vertex -22.8846 24.2937 54.79
      vertex -22.6123 23.9782 55.39
    endloop
  endfacet
  facet normal -0.676419 -0.48486 0.554408
    outer loop
      vertex -23.3304 21.6111 55.39
      vertex -23.6629 21.3889 54.79
      vertex -23.2694 21.526 55.39
    endloop
  endfacet
  facet normal 0.188937 -0.810455 0.554496
    outer loop
      vertex -21.4824 20.5681 54.79
      vertex -21.6879 20.9307 55.39
      vertex -21.6098 20.5384 54.79
    endloop
  endfacet
  facet normal -0.643178 0.528042 0.554521
    outer loop
      vertex -23.2029 23.555 55.39
      vertex -23.5037 23.8187 54.79
      vertex -23.2694 23.474 55.39
    endloop
  endfacet
  facet normal 0.392707 -0.733743 0.554439
    outer loop
      vertex -21.2 21.1144 55.39
      vertex -21.2923 21.065 55.39
      vertex -21.1154 20.7063 54.79
    endloop
  endfacet
  facet normal 0.810403 -0.189094 0.554518
    outer loop
      vertex -20.4307 22.1879 55.39
      vertex -20.4545 22.0859 55.39
      vertex -20.0681 21.9824 54.79
    endloop
  endfacet
  facet normal -0.79635 0.241511 0.554526
    outer loop
      vertex -23.8939 23.1429 54.79
      vertex -23.9319 23.0176 54.79
      vertex -23.5151 23.0143 55.39
    endloop
  endfacet
  facet normal -0.831764 -0.0273439 0.554456
    outer loop
      vertex -23.5966 22.3954 55.39
      vertex -24 22.5 54.79
      vertex -23.9957 22.3692 54.79
    endloop
  endfacet
  facet normal -0.828224 -0.0813604 0.55446
    outer loop
      vertex -23.5966 22.3954 55.39
      vertex -23.9957 22.3692 54.79
      vertex -23.9829 22.2389 54.79
    endloop
  endfacet
  facet normal 0.439017 -0.707039 0.5544
    outer loop
      vertex -21.1111 21.1696 55.39
      vertex -21.2 21.1144 55.39
      vertex -20.8889 20.8371 54.79
    endloop
  endfacet
  facet normal 0.0818592 -0.828129 0.554528
    outer loop
      vertex -21.7912 20.9137 55.39
      vertex -21.8954 20.9034 55.39
      vertex -21.7389 20.5171 54.79
    endloop
  endfacet
  facet normal 0.778789 0.293238 0.554526
    outer loop
      vertex -20.1061 23.1429 54.79
      vertex -20.5218 23.1123 55.39
      vertex -20.4849 23.0143 55.39
    endloop
  endfacet
  facet normal 0.796331 0.241601 0.554514
    outer loop
      vertex -20.0681 23.0176 54.79
      vertex -20.4849 23.0143 55.39
      vertex -20.4545 22.9141 55.39
    endloop
  endfacet
  facet normal -0.439017 -0.707039 0.5544
    outer loop
      vertex -22.8889 21.1696 55.39
      vertex -23.1111 20.8371 54.79
      vertex -22.8 21.1144 55.39
    endloop
  endfacet
  facet normal 0.0818592 0.828129 0.554528
    outer loop
      vertex -21.7389 24.4829 54.79
      vertex -21.8954 24.0966 55.39
      vertex -21.7912 24.0863 55.39
    endloop
  endfacet
  facet normal 0.676419 0.48486 0.554408
    outer loop
      vertex -20.3371 23.6111 54.79
      vertex -20.7306 23.474 55.39
      vertex -20.6696 23.3889 55.39
    endloop
  endfacet
  facet normal -0.757764 0.343918 0.554539
    outer loop
      vertex -23.7937 23.3846 54.79
      vertex -23.8478 23.2654 54.79
      vertex -23.4782 23.1123 55.39
    endloop
  endfacet
  facet normal 0.733743 -0.392707 0.554439
    outer loop
      vertex -20.565 21.7923 55.39
      vertex -20.6144 21.7 55.39
      vertex -20.2063 21.6154 54.79
    endloop
  endfacet
  facet normal -0.0273439 0.831764 0.554456
    outer loop
      vertex -22 24.5 54.79
      vertex -22.1308 24.4957 54.79
      vertex -22.1046 24.0966 55.39
    endloop
  endfacet
  facet normal 0.831764 -0.0273439 0.554456
    outer loop
      vertex -20 22.5 54.79
      vertex -20.4034 22.3954 55.39
      vertex -20.0043 22.3692 54.79
    endloop
  endfacet
  facet normal 0.831746 -0.0270357 0.554497
    outer loop
      vertex -20.4 22.5 55.39
      vertex -20.4034 22.3954 55.39
      vertex -20 22.5 54.79
    endloop
  endfacet
  facet normal -0.828129 -0.0818592 0.554528
    outer loop
      vertex -23.5966 22.3954 55.39
      vertex -23.9829 22.2389 54.79
      vertex -23.5863 22.2912 55.39
    endloop
  endfacet
  facet normal 0.527746 -0.643469 0.554465
    outer loop
      vertex -20.6813 20.9963 54.79
      vertex -21.026 21.2306 55.39
      vertex -20.7825 20.9133 54.79
    endloop
  endfacet
  facet normal -0.676597 0.484556 0.554456
    outer loop
      vertex -23.5867 23.7175 54.79
      vertex -23.6629 23.6111 54.79
      vertex -23.2694 23.474 55.39
    endloop
  endfacet
  facet normal 0.0270357 -0.831746 0.554497
    outer loop
      vertex -22 20.9 55.39
      vertex -22 20.5 54.79
      vertex -21.8954 20.9034 55.39
    endloop
  endfacet
  facet normal 0.810455 -0.188937 0.554496
    outer loop
      vertex -20.0384 22.1098 54.79
      vertex -20.4307 22.1879 55.39
      vertex -20.0681 21.9824 54.79
    endloop
  endfacet
  facet normal -0.607595 -0.568627 0.554519
    outer loop
      vertex -23.2029 21.445 55.39
      vertex -23.5037 21.1813 54.79
      vertex -23.1314 21.3686 55.39
    endloop
  endfacet
  facet normal 0.439517 0.706662 0.554485
    outer loop
      vertex -21 24.232 54.79
      vertex -21.2 23.8856 55.39
      vertex -20.8889 24.1629 54.79
    endloop
  endfacet
  facet normal 0.241511 0.79635 0.554526
    outer loop
      vertex -21.4824 24.4319 54.79
      vertex -21.4857 24.0151 55.39
      vertex -21.3571 24.3939 54.79
    endloop
  endfacet
  facet normal 0.569086 0.607237 0.55444
    outer loop
      vertex -20.6813 24.0037 54.79
      vertex -20.8686 23.6314 55.39
      vertex -20.5858 23.9142 54.79
    endloop
  endfacet
  facet normal 0.528042 0.643178 0.554521
    outer loop
      vertex -20.6813 24.0037 54.79
      vertex -21.026 23.7694 55.39
      vertex -20.945 23.7029 55.39
    endloop
  endfacet
  facet normal 0.821115 0.13513 0.554536
    outer loop
      vertex -20.0171 22.7611 54.79
      vertex -20.4307 22.8121 55.39
      vertex -20.4137 22.7088 55.39
    endloop
  endfacet
  facet normal -0.0818592 0.828129 0.554528
    outer loop
      vertex -22.1046 24.0966 55.39
      vertex -22.2611 24.4829 54.79
      vertex -22.2088 24.0863 55.39
    endloop
  endfacet
  facet normal 0.0270357 0.831746 0.554497
    outer loop
      vertex -22 24.5 54.79
      vertex -22 24.1 55.39
      vertex -21.8954 24.0966 55.39
    endloop
  endfacet
  facet normal 0.0813604 0.828224 0.55446
    outer loop
      vertex -21.8692 24.4957 54.79
      vertex -21.8954 24.0966 55.39
      vertex -21.7389 24.4829 54.79
    endloop
  endfacet
  facet normal -0.607237 0.569086 0.55444
    outer loop
      vertex -23.4142 23.9142 54.79
      vertex -23.5037 23.8187 54.79
      vertex -23.1314 23.6314 55.39
    endloop
  endfacet
  facet normal 0.0273439 0.831764 0.554456
    outer loop
      vertex -21.8692 24.4957 54.79
      vertex -22 24.5 54.79
      vertex -21.8954 24.0966 55.39
    endloop
  endfacet
  facet normal 0.293094 -0.778829 0.554546
    outer loop
      vertex -21.2346 20.6522 54.79
      vertex -21.3877 21.0218 55.39
      vertex -21.3571 20.6061 54.79
    endloop
  endfacet
  facet normal 0.821115 -0.13513 0.554536
    outer loop
      vertex -20.4137 22.2912 55.39
      vertex -20.4307 22.1879 55.39
      vertex -20.0171 22.2389 54.79
    endloop
  endfacet
  facet normal -0.796331 -0.241601 0.554514
    outer loop
      vertex -23.5455 22.0859 55.39
      vertex -23.9319 21.9824 54.79
      vertex -23.5151 21.9857 55.39
    endloop
  endfacet
  facet normal -0.48486 0.676419 0.554408
    outer loop
      vertex -22.8889 23.8304 55.39
      vertex -23.1111 24.1629 54.79
      vertex -22.974 23.7694 55.39
    endloop
  endfacet
  facet normal -0.343918 -0.757764 0.554539
    outer loop
      vertex -22.6123 21.0218 55.39
      vertex -22.8846 20.7063 54.79
      vertex -22.7654 20.6522 54.79
    endloop
  endfacet
  facet normal -0.82109 0.13547 0.55449
    outer loop
      vertex -23.9616 22.8902 54.79
      vertex -23.9829 22.7611 54.79
      vertex -23.5693 22.8121 55.39
    endloop
  endfacet
  facet normal -0.778829 0.293094 0.554546
    outer loop
      vertex -23.8478 23.2654 54.79
      vertex -23.8939 23.1429 54.79
      vertex -23.4782 23.1123 55.39
    endloop
  endfacet
  facet normal -0.13513 -0.821115 0.554536
    outer loop
      vertex -22.2088 20.9137 55.39
      vertex -22.3121 20.9307 55.39
      vertex -22.2611 20.5171 54.79
    endloop
  endfacet
  facet normal -0.643469 0.527746 0.554465
    outer loop
      vertex -23.5037 23.8187 54.79
      vertex -23.5867 23.7175 54.79
      vertex -23.2694 23.474 55.39
    endloop
  endfacet
  facet normal -0.13547 -0.82109 0.55449
    outer loop
      vertex -22.3121 20.9307 55.39
      vertex -22.3902 20.5384 54.79
      vertex -22.2611 20.5171 54.79
    endloop
  endfacet
  facet normal 0.13513 0.821115 0.554536
    outer loop
      vertex -21.7389 24.4829 54.79
      vertex -21.7912 24.0863 55.39
      vertex -21.6879 24.0693 55.39
    endloop
  endfacet
  facet normal 0.343298 -0.758116 0.554443
    outer loop
      vertex -21.2923 21.065 55.39
      vertex -21.3877 21.0218 55.39
      vertex -21.1154 20.7063 54.79
    endloop
  endfacet
  facet normal 0.293094 0.778829 0.554546
    outer loop
      vertex -21.3571 24.3939 54.79
      vertex -21.3877 23.9782 55.39
      vertex -21.2346 24.3478 54.79
    endloop
  endfacet
  facet normal -0.241601 -0.796331 0.554514
    outer loop
      vertex -22.5143 20.9849 55.39
      vertex -22.5176 20.5681 54.79
      vertex -22.4141 20.9545 55.39
    endloop
  endfacet
  facet normal -0.810455 0.188937 0.554496
    outer loop
      vertex -23.9319 23.0176 54.79
      vertex -23.9616 22.8902 54.79
      vertex -23.5693 22.8121 55.39
    endloop
  endfacet
  facet normal 0.0813604 -0.828224 0.55446
    outer loop
      vertex -21.7389 20.5171 54.79
      vertex -21.8954 20.9034 55.39
      vertex -21.8692 20.5043 54.79
    endloop
  endfacet
  facet normal 0.676597 0.484556 0.554456
    outer loop
      vertex -20.4133 23.7175 54.79
      vertex -20.7306 23.474 55.39
      vertex -20.3371 23.6111 54.79
    endloop
  endfacet
  facet normal 0.733882 -0.392379 0.554487
    outer loop
      vertex -20.2063 21.6154 54.79
      vertex -20.6144 21.7 55.39
      vertex -20.268 21.5 54.79
    endloop
  endfacet
  facet normal -0.293238 -0.778789 0.554526
    outer loop
      vertex -22.6123 21.0218 55.39
      vertex -22.6429 20.6061 54.79
      vertex -22.5143 20.9849 55.39
    endloop
  endfacet
  facet normal -0.527746 -0.643469 0.554465
    outer loop
      vertex -22.974 21.2306 55.39
      vertex -23.3187 20.9963 54.79
      vertex -23.2175 20.9133 54.79
    endloop
  endfacet
  facet normal 0.0273439 -0.831764 0.554456
    outer loop
      vertex -21.8954 20.9034 55.39
      vertex -22 20.5 54.79
      vertex -21.8692 20.5043 54.79
    endloop
  endfacet
  facet normal -0.733743 0.392707 0.554439
    outer loop
      vertex -23.3856 23.3 55.39
      vertex -23.7937 23.3846 54.79
      vertex -23.435 23.2077 55.39
    endloop
  endfacet
  facet normal -0.188937 -0.810455 0.554496
    outer loop
      vertex -22.3121 20.9307 55.39
      vertex -22.5176 20.5681 54.79
      vertex -22.3902 20.5384 54.79
    endloop
  endfacet
  facet normal -0.528042 -0.643178 0.554521
    outer loop
      vertex -23.055 21.2971 55.39
      vertex -23.3187 20.9963 54.79
      vertex -22.974 21.2306 55.39
    endloop
  endfacet
  facet normal -0.828224 0.0813604 0.55446
    outer loop
      vertex -23.9829 22.7611 54.79
      vertex -23.9957 22.6308 54.79
      vertex -23.5966 22.6046 55.39
    endloop
  endfacet
  facet normal -0.831746 0.0270357 0.554497
    outer loop
      vertex -23.5966 22.6046 55.39
      vertex -24 22.5 54.79
      vertex -23.6 22.5 55.39
    endloop
  endfacet
  facet normal 0.643178 -0.528042 0.554521
    outer loop
      vertex -20.7306 21.526 55.39
      vertex -20.7971 21.445 55.39
      vertex -20.4963 21.1813 54.79
    endloop
  endfacet
  facet normal 0.293238 0.778789 0.554526
    outer loop
      vertex -21.3571 24.3939 54.79
      vertex -21.4857 24.0151 55.39
      vertex -21.3877 23.9782 55.39
    endloop
  endfacet
  facet normal 0.828129 -0.0818592 0.554528
    outer loop
      vertex -20.4034 22.3954 55.39
      vertex -20.4137 22.2912 55.39
      vertex -20.0171 22.2389 54.79
    endloop
  endfacet
  facet normal -0.0273439 -0.831764 0.554456
    outer loop
      vertex -22.1046 20.9034 55.39
      vertex -22.1308 20.5043 54.79
      vertex -22 20.5 54.79
    endloop
  endfacet
  facet normal -0.733882 0.392379 0.554487
    outer loop
      vertex -23.732 23.5 54.79
      vertex -23.7937 23.3846 54.79
      vertex -23.3856 23.3 55.39
    endloop
  endfacet
  facet normal 0.439017 0.707039 0.5544
    outer loop
      vertex -20.8889 24.1629 54.79
      vertex -21.2 23.8856 55.39
      vertex -21.1111 23.8304 55.39
    endloop
  endfacet
  facet normal 0.643178 0.528042 0.554521
    outer loop
      vertex -20.4963 23.8187 54.79
      vertex -20.7971 23.555 55.39
      vertex -20.7306 23.474 55.39
    endloop
  endfacet
  facet normal 0.188937 0.810455 0.554496
    outer loop
      vertex -21.6098 24.4616 54.79
      vertex -21.6879 24.0693 55.39
      vertex -21.4824 24.4319 54.79
    endloop
  endfacet
  facet normal 0.810403 0.189094 0.554518
    outer loop
      vertex -20.0681 23.0176 54.79
      vertex -20.4545 22.9141 55.39
      vertex -20.4307 22.8121 55.39
    endloop
  endfacet
  facet normal 0.82109 0.13547 0.55449
    outer loop
      vertex -20.0384 22.8902 54.79
      vertex -20.4307 22.8121 55.39
      vertex -20.0171 22.7611 54.79
    endloop
  endfacet
  facet normal 0.733882 0.392379 0.554487
    outer loop
      vertex -20.268 23.5 54.79
      vertex -20.6144 23.3 55.39
      vertex -20.2063 23.3846 54.79
    endloop
  endfacet
  facet normal 0.707039 0.439017 0.5544
    outer loop
      vertex -20.3371 23.6111 54.79
      vertex -20.6696 23.3889 55.39
      vertex -20.6144 23.3 55.39
    endloop
  endfacet
  facet normal 0.758116 0.343298 0.554443
    outer loop
      vertex -20.2063 23.3846 54.79
      vertex -20.565 23.2077 55.39
      vertex -20.5218 23.1123 55.39
    endloop
  endfacet
  facet normal 0.79635 0.241511 0.554526
    outer loop
      vertex -20.1061 23.1429 54.79
      vertex -20.4849 23.0143 55.39
      vertex -20.0681 23.0176 54.79
    endloop
  endfacet
  facet normal 0.757764 0.343918 0.554539
    outer loop
      vertex -20.2063 23.3846 54.79
      vertex -20.5218 23.1123 55.39
      vertex -20.1522 23.2654 54.79
    endloop
  endfacet
  facet normal 0.392379 -0.733882 0.554487
    outer loop
      vertex -21 20.768 54.79
      vertex -21.2 21.1144 55.39
      vertex -21.1154 20.7063 54.79
    endloop
  endfacet
  facet normal -0.439017 0.707039 0.5544
    outer loop
      vertex -22.8 23.8856 55.39
      vertex -23.1111 24.1629 54.79
      vertex -22.8889 23.8304 55.39
    endloop
  endfacet
  facet normal 0.528042 -0.643178 0.554521
    outer loop
      vertex -20.945 21.2971 55.39
      vertex -21.026 21.2306 55.39
      vertex -20.6813 20.9963 54.79
    endloop
  endfacet
  facet normal -0.643469 -0.527746 0.554465
    outer loop
      vertex -23.2694 21.526 55.39
      vertex -23.5867 21.2825 54.79
      vertex -23.5037 21.1813 54.79
    endloop
  endfacet
  facet normal -0.48486 -0.676419 0.554408
    outer loop
      vertex -22.974 21.2306 55.39
      vertex -23.1111 20.8371 54.79
      vertex -22.8889 21.1696 55.39
    endloop
  endfacet
  facet normal -0.484556 0.676597 0.554456
    outer loop
      vertex -23.1111 24.1629 54.79
      vertex -23.2175 24.0867 54.79
      vertex -22.974 23.7694 55.39
    endloop
  endfacet
  facet normal 0.527746 0.643469 0.554465
    outer loop
      vertex -20.7825 24.0867 54.79
      vertex -21.026 23.7694 55.39
      vertex -20.6813 24.0037 54.79
    endloop
  endfacet
  facet normal -0.241511 0.79635 0.554526
    outer loop
      vertex -22.5176 24.4319 54.79
      vertex -22.6429 24.3939 54.79
      vertex -22.5143 24.0151 55.39
    endloop
  endfacet
  facet normal -0.733743 -0.392707 0.554439
    outer loop
      vertex -23.435 21.7923 55.39
      vertex -23.7937 21.6154 54.79
      vertex -23.3856 21.7 55.39
    endloop
  endfacet
  facet normal -0.810403 -0.189094 0.554518
    outer loop
      vertex -23.5693 22.1879 55.39
      vertex -23.9319 21.9824 54.79
      vertex -23.5455 22.0859 55.39
    endloop
  endfacet
  facet normal 0.241511 -0.79635 0.554526
    outer loop
      vertex -21.3571 20.6061 54.79
      vertex -21.4857 20.9849 55.39
      vertex -21.4824 20.5681 54.79
    endloop
  endfacet
  facet normal -0.821115 0.13513 0.554536
    outer loop
      vertex -23.5693 22.8121 55.39
      vertex -23.9829 22.7611 54.79
      vertex -23.5863 22.7088 55.39
    endloop
  endfacet
  facet normal -0.733882 -0.392379 0.554487
    outer loop
      vertex -23.3856 21.7 55.39
      vertex -23.7937 21.6154 54.79
      vertex -23.732 21.5 54.79
    endloop
  endfacet
  facet normal -0.392379 0.733882 0.554487
    outer loop
      vertex -22.8846 24.2937 54.79
      vertex -23 24.232 54.79
      vertex -22.8 23.8856 55.39
    endloop
  endfacet
  facet normal 0.484556 -0.676597 0.554456
    outer loop
      vertex -20.7825 20.9133 54.79
      vertex -21.026 21.2306 55.39
      vertex -20.8889 20.8371 54.79
    endloop
  endfacet
  facet normal 0.293238 -0.778789 0.554526
    outer loop
      vertex -21.3877 21.0218 55.39
      vertex -21.4857 20.9849 55.39
      vertex -21.3571 20.6061 54.79
    endloop
  endfacet
  facet normal -0.796331 0.241601 0.554514
    outer loop
      vertex -23.5151 23.0143 55.39
      vertex -23.9319 23.0176 54.79
      vertex -23.5455 22.9141 55.39
    endloop
  endfacet
  facet normal 0.707039 -0.439017 0.5544
    outer loop
      vertex -20.6144 21.7 55.39
      vertex -20.6696 21.6111 55.39
      vertex -20.3371 21.3889 54.79
    endloop
  endfacet
  facet normal 0.706662 -0.439517 0.554485
    outer loop
      vertex -20.268 21.5 54.79
      vertex -20.6144 21.7 55.39
      vertex -20.3371 21.3889 54.79
    endloop
  endfacet
  facet normal -0.189094 -0.810403 0.554518
    outer loop
      vertex -22.4141 20.9545 55.39
      vertex -22.5176 20.5681 54.79
      vertex -22.3121 20.9307 55.39
    endloop
  endfacet
  facet normal 0 0 1
    outer loop
      vertex -20.4034 22.6046 55.39
      vertex -20.4034 22.3954 55.39
      vertex -20.4 22.5 55.39
    endloop
  endfacet
  facet normal 0 0 1
    outer loop
      vertex -20.4137 22.7088 55.39
      vertex -20.4034 22.3954 55.39
      vertex -20.4034 22.6046 55.39
    endloop
  endfacet
  facet normal 0 0 1
    outer loop
      vertex -20.4137 22.7088 55.39
      vertex -20.4137 22.2912 55.39
      vertex -20.4034 22.3954 55.39
    endloop
  endfacet
  facet normal 0 0 1
    outer loop
      vertex -20.4307 22.8121 55.39
      vertex -20.4137 22.2912 55.39
      vertex -20.4137 22.7088 55.39
    endloop
  endfacet
  facet normal 0 0 1
    outer loop
      vertex -20.4307 22.8121 55.39
      vertex -20.4307 22.1879 55.39
      vertex -20.4137 22.2912 55.39
    endloop
  endfacet
  facet normal 0 0 1
    outer loop
      vertex -20.4545 22.9141 55.39
      vertex -20.4307 22.1879 55.39
      vertex -20.4307 22.8121 55.39
    endloop
  endfacet
  facet normal 0 0 1
    outer loop
      vertex -20.4545 22.9141 55.39
      vertex -20.4545 22.0859 55.39
      vertex -20.4307 22.1879 55.39
    endloop
  endfacet
  facet normal 0 0 1
    outer loop
      vertex -20.4849 23.0143 55.39
      vertex -20.4545 22.0859 55.39
      vertex -20.4545 22.9141 55.39
    endloop
  endfacet
  facet normal 0 0 1
    outer loop
      vertex -20.4849 23.0143 55.39
      vertex -20.4849 21.9857 55.39
      vertex -20.4545 22.0859 55.39
    endloop
  endfacet
  facet normal 0 0 1
    outer loop
      vertex -20.5218 23.1123 55.39
      vertex -20.4849 21.9857 55.39
      vertex -20.4849 23.0143 55.39
    endloop
  endfacet
  facet normal 0 0 1
    outer loop
      vertex -20.5218 23.1123 55.39
      vertex -20.5218 21.8877 55.39
      vertex -20.4849 21.9857 55.39
    endloop
  endfacet
  facet normal 0 0 1
    outer loop
      vertex -20.565 23.2077 55.39
      vertex -20.5218 21.8877 55.39
      vertex -20.5218 23.1123 55.39
    endloop
  endfacet
  facet normal 0 0 1
    outer loop
      vertex -20.565 23.2077 55.39
      vertex -20.565 21.7923 55.39
      vertex -20.5218 21.8877 55.39
    endloop
  endfacet
  facet normal 0 0 1
    outer loop
      vertex -20.6144 23.3 55.39
      vertex -20.565 21.7923 55.39
      vertex -20.565 23.2077 55.39
    endloop
  endfacet
  facet normal 0 0 1
    outer loop
      vertex -20.6144 23.3 55.39
      vertex -20.6144 21.7 55.39
      vertex -20.565 21.7923 55.39
    endloop
  endfacet
  facet normal 0 0 1
    outer loop
      vertex -20.6696 23.3889 55.39
      vertex -20.6144 21.7 55.39
      vertex -20.6144 23.3 55.39
    endloop
  endfacet
  facet normal 0 0 1
    outer loop
      vertex -20.6696 23.3889 55.39
      vertex -20.6696 21.6111 55.39
      vertex -20.6144 21.7 55.39
    endloop
  endfacet
  facet normal 0 0 1
    outer loop
      vertex -20.7306 23.474 55.39
      vertex -20.6696 21.6111 55.39
      vertex -20.6696 23.3889 55.39
    endloop
  endfacet
  facet normal 0 0 1
    outer loop
      vertex -20.7306 23.474 55.39
      vertex -20.7306 21.526 55.39
      vertex -20.6696 21.6111 55.39
    endloop
  endfacet
  facet normal 0 0 1
    outer loop
      vertex -20.7971 23.555 55.39
      vertex -20.7306 21.526 55.39
      vertex -20.7306 23.474 55.39
    endloop
  endfacet
  facet normal 0 0 1
    outer loop
      vertex -20.7971 23.555 55.39
      vertex -20.7971 21.445 55.39
      vertex -20.7306 21.526 55.39
    endloop
  endfacet
  facet normal 0 0 1
    outer loop
      vertex -20.8686 23.6314 55.39
      vertex -20.7971 21.445 55.39
      vertex -20.7971 23.555 55.39
    endloop
  endfacet
  facet normal 0 0 1
    outer loop
      vertex -20.8686 23.6314 55.39
      vertex -20.8686 21.3686 55.39
      vertex -20.7971 21.445 55.39
    endloop
  endfacet
  facet normal 0 0 1
    outer loop
      vertex -20.945 23.7029 55.39
      vertex -20.8686 21.3686 55.39
      vertex -20.8686 23.6314 55.39
    endloop
  endfacet
  facet normal 0 0 1
    outer loop
      vertex -20.945 23.7029 55.39
      vertex -20.945 21.2971 55.39
      vertex -20.8686 21.3686 55.39
    endloop
  endfacet
  facet normal 0 0 1
    outer loop
      vertex -21.026 23.7694 55.39
      vertex -20.945 21.2971 55.39
      vertex -20.945 23.7029 55.39
    endloop
  endfacet
  facet normal 0 0 1
    outer loop
      vertex -21.026 23.7694 55.39
      vertex -21.026 21.2306 55.39
      vertex -20.945 21.2971 55.39
    endloop
  endfacet
  facet normal 0 0 1
    outer loop
      vertex -21.1111 23.8304 55.39
      vertex -21.026 21.2306 55.39
      vertex -21.026 23.7694 55.39
    endloop
  endfacet
  facet normal 0 0 1
    outer loop
      vertex -21.1111 23.8304 55.39
      vertex -21.1111 21.1696 55.39
      vertex -21.026 21.2306 55.39
    endloop
  endfacet
  facet normal 0 0 1
    outer loop
      vertex -21.2 23.8856 55.39
      vertex -21.1111 21.1696 55.39
      vertex -21.1111 23.8304 55.39
    endloop
  endfacet
  facet normal 0 0 1
    outer loop
      vertex -21.2 23.8856 55.39
      vertex -21.2 21.1144 55.39
      vertex -21.1111 21.1696 55.39
    endloop
  endfacet
  facet normal 0 0 1
    outer loop
      vertex -21.2923 23.935 55.39
      vertex -21.2 21.1144 55.39
      vertex -21.2 23.8856 55.39
    endloop
  endfacet
  facet normal 0 0 1
    outer loop
      vertex -21.2923 23.935 55.39
      vertex -21.2923 21.065 55.39
      vertex -21.2 21.1144 55.39
    endloop
  endfacet
  facet normal 0 0 1
    outer loop
      vertex -21.3877 23.9782 55.39
      vertex -21.2923 21.065 55.39
      vertex -21.2923 23.935 55.39
    endloop
  endfacet
  facet normal 0 0 1
    outer loop
      vertex -21.3877 23.9782 55.39
      vertex -21.3877 21.0218 55.39
      vertex -21.2923 21.065 55.39
    endloop
  endfacet
  facet normal 0 0 1
    outer loop
      vertex -21.4857 24.0151 55.39
      vertex -21.3877 21.0218 55.39
      vertex -21.3877 23.9782 55.39
    endloop
  endfacet
  facet normal 0 0 1
    outer loop
      vertex -21.4857 24.0151 55.39
      vertex -21.4857 20.9849 55.39
      vertex -21.3877 21.0218 55.39
    endloop
  endfacet
  facet normal 0 0 1
    outer loop
      vertex -21.5859 24.0455 55.39
      vertex -21.4857 20.9849 55.39
      vertex -21.4857 24.0151 55.39
    endloop
  endfacet
  facet normal 0 0 1
    outer loop
      vertex -21.5859 24.0455 55.39
      vertex -21.5859 20.9545 55.39
      vertex -21.4857 20.9849 55.39
    endloop
  endfacet
  facet normal 0 0 1
    outer loop
      vertex -21.6879 24.0693 55.39
      vertex -21.5859 20.9545 55.39
      vertex -21.5859 24.0455 55.39
    endloop
  endfacet
  facet normal 0 0 1
    outer loop
      vertex -21.6879 24.0693 55.39
      vertex -21.6879 20.9307 55.39
      vertex -21.5859 20.9545 55.39
    endloop
  endfacet
  facet normal 0 0 1
    outer loop
      vertex -21.7912 24.0863 55.39
      vertex -21.6879 20.9307 55.39
      vertex -21.6879 24.0693 55.39
    endloop
  endfacet
  facet normal 0 0 1
    outer loop
      vertex -21.7912 24.0863 55.39
      vertex -21.7912 20.9137 55.39
      vertex -21.6879 20.9307 55.39
    endloop
  endfacet
  facet normal 0 0 1
    outer loop
      vertex -21.8954 24.0966 55.39
      vertex -21.7912 20.9137 55.39
      vertex -21.7912 24.0863 55.39
    endloop
  endfacet
  facet normal 0 0 1
    outer loop
      vertex -21.8954 24.0966 55.39
      vertex -21.8954 20.9034 55.39
      vertex -21.7912 20.9137 55.39
    endloop
  endfacet
  facet normal 0 0 1
    outer loop
      vertex -22 24.1 55.39
      vertex -21.8954 20.9034 55.39
      vertex -21.8954 24.0966 55.39
    endloop
  endfacet
  facet normal 0 0 1
    outer loop
      vertex -22 24.1 55.39
      vertex -22 20.9 55.39
      vertex -21.8954 20.9034 55.39
    endloop
  endfacet
  facet normal -0 0 1
    outer loop
      vertex -22.1046 24.0966 55.39
      vertex -22 20.9 55.39
      vertex -22 24.1 55.39
    endloop
  endfacet
  facet normal 0 0 1
    outer loop
      vertex -22.1046 24.0966 55.39
      vertex -22.1046 20.9034 55.39
      vertex -22 20.9 55.39
    endloop
  endfacet
  facet normal -0 0 1
    outer loop
      vertex -22.2088 24.0863 55.39
      vertex -22.1046 20.9034 55.39
      vertex -22.1046 24.0966 55.39
    endloop
  endfacet
  facet normal 0 0 1
    outer loop
      vertex -22.2088 24.0863 55.39
      vertex -22.2088 20.9137 55.39
      vertex -22.1046 20.9034 55.39
    endloop
  endfacet
  facet normal -0 0 1
    outer loop
      vertex -22.3121 24.0693 55.39
      vertex -22.2088 20.9137 55.39
      vertex -22.2088 24.0863 55.39
    endloop
  endfacet
  facet normal 0 0 1
    outer loop
      vertex -22.3121 24.0693 55.39
      vertex -22.3121 20.9307 55.39
      vertex -22.2088 20.9137 55.39
    endloop
  endfacet
  facet normal -0 0 1
    outer loop
      vertex -22.4141 24.0455 55.39
      vertex -22.3121 20.9307 55.39
      vertex -22.3121 24.0693 55.39
    endloop
  endfacet
  facet normal 0 0 1
    outer loop
      vertex -22.4141 24.0455 55.39
      vertex -22.4141 20.9545 55.39
      vertex -22.3121 20.9307 55.39
    endloop
  endfacet
  facet normal -0 0 1
    outer loop
      vertex -22.5143 24.0151 55.39
      vertex -22.4141 20.9545 55.39
      vertex -22.4141 24.0455 55.39
    endloop
  endfacet
  facet normal 0 0 1
    outer loop
      vertex -22.5143 24.0151 55.39
      vertex -22.5143 20.9849 55.39
      vertex -22.4141 20.9545 55.39
    endloop
  endfacet
  facet normal -0 0 1
    outer loop
      vertex -22.6123 23.9782 55.39
      vertex -22.5143 20.9849 55.39
      vertex -22.5143 24.0151 55.39
    endloop
  endfacet
  facet normal 0 0 1
    outer loop
      vertex -22.6123 23.9782 55.39
      vertex -22.6123 21.0218 55.39
      vertex -22.5143 20.9849 55.39
    endloop
  endfacet
  facet normal -0 0 1
    outer loop
      vertex -22.7077 23.935 55.39
      vertex -22.6123 21.0218 55.39
      vertex -22.6123 23.9782 55.39
    endloop
  endfacet
  facet normal 0 0 1
    outer loop
      vertex -22.7077 23.935 55.39
      vertex -22.7077 21.065 55.39
      vertex -22.6123 21.0218 55.39
    endloop
  endfacet
  facet normal -0 0 1
    outer loop
      vertex -22.8 23.8856 55.39
      vertex -22.7077 21.065 55.39
      vertex -22.7077 23.935 55.39
    endloop
  endfacet
  facet normal 0 0 1
    outer loop
      vertex -22.8 23.8856 55.39
      vertex -22.8 21.1144 55.39
      vertex -22.7077 21.065 55.39
    endloop
  endfacet
  facet normal -0 0 1
    outer loop
      vertex -22.8889 23.8304 55.39
      vertex -22.8 21.1144 55.39
      vertex -22.8 23.8856 55.39
    endloop
  endfacet
  facet normal 0 0 1
    outer loop
      vertex -22.8889 23.8304 55.39
      vertex -22.8889 21.1696 55.39
      vertex -22.8 21.1144 55.39
    endloop
  endfacet
  facet normal -0 0 1
    outer loop
      vertex -22.974 23.7694 55.39
      vertex -22.8889 21.1696 55.39
      vertex -22.8889 23.8304 55.39
    endloop
  endfacet
  facet normal 0 0 1
    outer loop
      vertex -22.974 23.7694 55.39
      vertex -22.974 21.2306 55.39
      vertex -22.8889 21.1696 55.39
    endloop
  endfacet
  facet normal -0 0 1
    outer loop
      vertex -23.055 23.7029 55.39
      vertex -22.974 21.2306 55.39
      vertex -22.974 23.7694 55.39
    endloop
  endfacet
  facet normal 0 0 1
    outer loop
      vertex -23.055 23.7029 55.39
      vertex -23.055 21.2971 55.39
      vertex -22.974 21.2306 55.39
    endloop
  endfacet
  facet normal -0 0 1
    outer loop
      vertex -23.1314 23.6314 55.39
      vertex -23.055 21.2971 55.39
      vertex -23.055 23.7029 55.39
    endloop
  endfacet
  facet normal 0 0 1
    outer loop
      vertex -23.1314 23.6314 55.39
      vertex -23.1314 21.3686 55.39
      vertex -23.055 21.2971 55.39
    endloop
  endfacet
  facet normal -0 0 1
    outer loop
      vertex -23.2029 23.555 55.39
      vertex -23.1314 21.3686 55.39
      vertex -23.1314 23.6314 55.39
    endloop
  endfacet
  facet normal 0 0 1
    outer loop
      vertex -23.2029 23.555 55.39
      vertex -23.2029 21.445 55.39
      vertex -23.1314 21.3686 55.39
    endloop
  endfacet
  facet normal -0 0 1
    outer loop
      vertex -23.2694 23.474 55.39
      vertex -23.2029 21.445 55.39
      vertex -23.2029 23.555 55.39
    endloop
  endfacet
  facet normal 0 0 1
    outer loop
      vertex -23.2694 23.474 55.39
      vertex -23.2694 21.526 55.39
      vertex -23.2029 21.445 55.39
    endloop
  endfacet
  facet normal -0 0 1
    outer loop
      vertex -23.3304 23.3889 55.39
      vertex -23.2694 21.526 55.39
      vertex -23.2694 23.474 55.39
    endloop
  endfacet
  facet normal 0 0 1
    outer loop
      vertex -23.3304 23.3889 55.39
      vertex -23.3304 21.6111 55.39
      vertex -23.2694 21.526 55.39
    endloop
  endfacet
  facet normal -0 0 1
    outer loop
      vertex -23.3856 23.3 55.39
      vertex -23.3304 21.6111 55.39
      vertex -23.3304 23.3889 55.39
    endloop
  endfacet
  facet normal 0 0 1
    outer loop
      vertex -23.3856 23.3 55.39
      vertex -23.3856 21.7 55.39
      vertex -23.3304 21.6111 55.39
    endloop
  endfacet
  facet normal -0 0 1
    outer loop
      vertex -23.435 23.2077 55.39
      vertex -23.3856 21.7 55.39
      vertex -23.3856 23.3 55.39
    endloop
  endfacet
  facet normal 0 0 1
    outer loop
      vertex -23.435 23.2077 55.39
      vertex -23.435 21.7923 55.39
      vertex -23.3856 21.7 55.39
    endloop
  endfacet
  facet normal -0 0 1
    outer loop
      vertex -23.4782 23.1123 55.39
      vertex -23.435 21.7923 55.39
      vertex -23.435 23.2077 55.39
    endloop
  endfacet
  facet normal 0 0 1
    outer loop
      vertex -23.4782 23.1123 55.39
      vertex -23.4782 21.8877 55.39
      vertex -23.435 21.7923 55.39
    endloop
  endfacet
  facet normal -0 0 1
    outer loop
      vertex -23.5151 23.0143 55.39
      vertex -23.4782 21.8877 55.39
      vertex -23.4782 23.1123 55.39
    endloop
  endfacet
  facet normal 0 0 1
    outer loop
      vertex -23.5151 23.0143 55.39
      vertex -23.5151 21.9857 55.39
      vertex -23.4782 21.8877 55.39
    endloop
  endfacet
  facet normal -0 0 1
    outer loop
      vertex -23.5455 22.9141 55.39
      vertex -23.5151 21.9857 55.39
      vertex -23.5151 23.0143 55.39
    endloop
  endfacet
  facet normal 0 0 1
    outer loop
      vertex -23.5455 22.9141 55.39
      vertex -23.5455 22.0859 55.39
      vertex -23.5151 21.9857 55.39
    endloop
  endfacet
  facet normal -0 0 1
    outer loop
      vertex -23.5693 22.8121 55.39
      vertex -23.5455 22.0859 55.39
      vertex -23.5455 22.9141 55.39
    endloop
  endfacet
  facet normal 0 0 1
    outer loop
      vertex -23.5693 22.8121 55.39
      vertex -23.5693 22.1879 55.39
      vertex -23.5455 22.0859 55.39
    endloop
  endfacet
  facet normal -0 0 1
    outer loop
      vertex -23.5863 22.7088 55.39
      vertex -23.5693 22.1879 55.39
      vertex -23.5693 22.8121 55.39
    endloop
  endfacet
  facet normal 0 0 1
    outer loop
      vertex -23.5863 22.7088 55.39
      vertex -23.5863 22.2912 55.39
      vertex -23.5693 22.1879 55.39
    endloop
  endfacet
  facet normal -0 0 1
    outer loop
      vertex -23.5966 22.6046 55.39
      vertex -23.5863 22.2912 55.39
      vertex -23.5863 22.7088 55.39
    endloop
  endfacet
  facet normal 0 0 1
    outer loop
      vertex -23.5966 22.6046 55.39
      vertex -23.5966 22.3954 55.39
      vertex -23.5863 22.2912 55.39
    endloop
  endfacet
  facet normal 0 -0 1
    outer loop
      vertex -23.5966 22.3954 55.39
      vertex -23.5966 22.6046 55.39
      vertex -23.6 22.5 55.39
    endloop
  endfacet
  facet normal 0.48486 0.676419 0.554408
    outer loop
      vertex -20.8889 24.1629 54.79
      vertex -21.1111 23.8304 55.39
      vertex -21.026 23.7694 55.39
    endloop
  endfacet
  facet normal -0.439517 0.706662 0.554485
    outer loop
      vertex -23 24.232 54.79
      vertex -23.1111 24.1629 54.79
      vertex -22.8 23.8856 55.39
    endloop
  endfacet
  facet normal -0.568627 -0.607595 0.554519
    outer loop
      vertex -23.1314 21.3686 55.39
      vertex -23.3187 20.9963 54.79
      vertex -23.055 21.2971 55.39
    endloop
  endfacet
  facet normal -0.758116 -0.343298 0.554443
    outer loop
      vertex -23.4782 21.8877 55.39
      vertex -23.7937 21.6154 54.79
      vertex -23.435 21.7923 55.39
    endloop
  endfacet
  facet normal -0.0818592 -0.828129 0.554528
    outer loop
      vertex -22.2088 20.9137 55.39
      vertex -22.2611 20.5171 54.79
      vertex -22.1046 20.9034 55.39
    endloop
  endfacet
  facet normal -0.392707 -0.733743 0.554439
    outer loop
      vertex -22.8 21.1144 55.39
      vertex -22.8846 20.7063 54.79
      vertex -22.7077 21.065 55.39
    endloop
  endfacet
  facet normal -0.392379 -0.733882 0.554487
    outer loop
      vertex -22.8 21.1144 55.39
      vertex -23 20.768 54.79
      vertex -22.8846 20.7063 54.79
    endloop
  endfacet
  facet normal 0.99521 0.0977643 0
    outer loop
      vertex 49.9957 22.6308 54.79
      vertex 49.9829 22.7611 52
      vertex 49.9829 22.7611 54.79
    endloop
  endfacet
  facet normal 0.99521 0.0977643 0
    outer loop
      vertex 49.9829 22.7611 52
      vertex 49.9957 22.6308 54.79
      vertex 49.9957 22.6308 52
    endloop
  endfacet
  facet normal 0.99946 0.0328569 0
    outer loop
      vertex 50 22.5 54.79
      vertex 49.9957 22.6308 52
      vertex 49.9957 22.6308 54.79
    endloop
  endfacet
  facet normal 0.99946 0.0328569 0
    outer loop
      vertex 49.9957 22.6308 52
      vertex 50 22.5 54.79
      vertex 50 22.5 52
    endloop
  endfacet
  facet normal 0.729656 -0.683814 0
    outer loop
      vertex 49.4142 21.0858 54.79
      vertex 49.5037 21.1813 52
      vertex 49.5037 21.1813 54.79
    endloop
  endfacet
  facet normal 0.729656 -0.683814 0
    outer loop
      vertex 49.5037 21.1813 52
      vertex 49.4142 21.0858 54.79
      vertex 49.4142 21.0858 52
    endloop
  endfacet
  facet normal 0.93592 0.352212 0
    outer loop
      vertex 49.8939 23.1429 54.79
      vertex 49.8478 23.2654 52
      vertex 49.8478 23.2654 54.79
    endloop
  endfacet
  facet normal 0.93592 0.352212 0
    outer loop
      vertex 49.8478 23.2654 52
      vertex 49.8939 23.1429 54.79
      vertex 49.8939 23.1429 52
    endloop
  endfacet
  facet normal 0.58225 -0.81301 0
    outer loop
      vertex 49.1111 20.8371 52
      vertex 49.2175 20.9133 54.79
      vertex 49.1111 20.8371 54.79
    endloop
  endfacet
  facet normal 0.58225 -0.81301 0
    outer loop
      vertex 49.2175 20.9133 54.79
      vertex 49.1111 20.8371 52
      vertex 49.2175 20.9133 52
    endloop
  endfacet
  facet normal -0.95696 0.290219 0
    outer loop
      vertex 46.0681 23.0176 52
      vertex 46.1061 23.1429 54.79
      vertex 46.1061 23.1429 52
    endloop
  endfacet
  facet normal -0.95696 0.290219 0
    outer loop
      vertex 46.1061 23.1429 54.79
      vertex 46.0681 23.0176 52
      vertex 46.0681 23.0176 54.79
    endloop
  endfacet
  facet normal 0.528143 -0.849156 0
    outer loop
      vertex 49 20.768 52
      vertex 49.1111 20.8371 54.79
      vertex 49 20.768 54.79
    endloop
  endfacet
  facet normal 0.528143 -0.849156 0
    outer loop
      vertex 49.1111 20.8371 54.79
      vertex 49 20.768 52
      vertex 49.1111 20.8371 52
    endloop
  endfacet
  facet normal -0.4715 0.881866 0
    outer loop
      vertex 47.1154 24.2937 52
      vertex 47 24.232 54.79
      vertex 47.1154 24.2937 54.79
    endloop
  endfacet
  facet normal -0.4715 0.881866 0
    outer loop
      vertex 47 24.232 54.79
      vertex 47.1154 24.2937 52
      vertex 47 24.232 52
    endloop
  endfacet
  facet normal -0.973886 0.227036 0
    outer loop
      vertex 46.0384 22.8902 52
      vertex 46.0681 23.0176 54.79
      vertex 46.0681 23.0176 52
    endloop
  endfacet
  facet normal -0.973886 0.227036 0
    outer loop
      vertex 46.0681 23.0176 54.79
      vertex 46.0384 22.8902 52
      vertex 46.0384 22.8902 54.79
    endloop
  endfacet
  facet normal 0.973886 0.227036 0
    outer loop
      vertex 49.9616 22.8902 54.79
      vertex 49.9319 23.0176 52
      vertex 49.9319 23.0176 54.79
    endloop
  endfacet
  facet normal 0.973886 0.227036 0
    outer loop
      vertex 49.9319 23.0176 52
      vertex 49.9616 22.8902 54.79
      vertex 49.9616 22.8902 52
    endloop
  endfacet
  facet normal 0.773208 -0.634153 0
    outer loop
      vertex 49.5037 21.1813 54.79
      vertex 49.5867 21.2825 52
      vertex 49.5867 21.2825 54.79
    endloop
  endfacet
  facet normal 0.773208 -0.634153 0
    outer loop
      vertex 49.5867 21.2825 52
      vertex 49.5037 21.1813 54.79
      vertex 49.5037 21.1813 52
    endloop
  endfacet
  facet normal -0.352212 0.93592 0
    outer loop
      vertex 47.3571 24.3939 52
      vertex 47.2346 24.3478 54.79
      vertex 47.3571 24.3939 54.79
    endloop
  endfacet
  facet normal -0.352212 0.93592 0
    outer loop
      vertex 47.2346 24.3478 54.79
      vertex 47.3571 24.3939 52
      vertex 47.2346 24.3478 52
    endloop
  endfacet
  facet normal 0.352212 -0.93592 0
    outer loop
      vertex 48.6429 20.6061 52
      vertex 48.7654 20.6522 54.79
      vertex 48.6429 20.6061 54.79
    endloop
  endfacet
  facet normal 0.352212 -0.93592 0
    outer loop
      vertex 48.7654 20.6522 54.79
      vertex 48.6429 20.6061 52
      vertex 48.7654 20.6522 52
    endloop
  endfacet
  facet normal 0.290219 0.95696 -0
    outer loop
      vertex 48.6429 24.3939 52
      vertex 48.5176 24.4319 54.79
      vertex 48.6429 24.3939 54.79
    endloop
  endfacet
  facet normal 0.290219 0.95696 0
    outer loop
      vertex 48.5176 24.4319 54.79
      vertex 48.6429 24.3939 52
      vertex 48.5176 24.4319 52
    endloop
  endfacet
  facet normal -0.93592 -0.352212 0
    outer loop
      vertex 46.1522 21.7346 52
      vertex 46.1061 21.8571 54.79
      vertex 46.1061 21.8571 52
    endloop
  endfacet
  facet normal -0.93592 -0.352212 0
    outer loop
      vertex 46.1061 21.8571 54.79
      vertex 46.1522 21.7346 52
      vertex 46.1522 21.7346 54.79
    endloop
  endfacet
  facet normal -0.729656 -0.683814 0
    outer loop
      vertex 46.5858 21.0858 52
      vertex 46.4963 21.1813 54.79
      vertex 46.4963 21.1813 52
    endloop
  endfacet
  facet normal -0.729656 -0.683814 0
    outer loop
      vertex 46.4963 21.1813 54.79
      vertex 46.5858 21.0858 52
      vertex 46.5858 21.0858 54.79
    endloop
  endfacet
  facet normal 0.986661 0.162788 0
    outer loop
      vertex 49.9829 22.7611 54.79
      vertex 49.9616 22.8902 52
      vertex 49.9616 22.8902 54.79
    endloop
  endfacet
  facet normal 0.986661 0.162788 0
    outer loop
      vertex 49.9616 22.8902 52
      vertex 49.9829 22.7611 54.79
      vertex 49.9829 22.7611 52
    endloop
  endfacet
  facet normal 0.162788 -0.986661 0
    outer loop
      vertex 48.2611 20.5171 52
      vertex 48.3902 20.5384 54.79
      vertex 48.2611 20.5171 54.79
    endloop
  endfacet
  facet normal 0.162788 -0.986661 0
    outer loop
      vertex 48.3902 20.5384 54.79
      vertex 48.2611 20.5171 52
      vertex 48.3902 20.5384 52
    endloop
  endfacet
  facet normal 0.413285 0.910602 -0
    outer loop
      vertex 48.8846 24.2937 52
      vertex 48.7654 24.3478 54.79
      vertex 48.8846 24.2937 54.79
    endloop
  endfacet
  facet normal 0.413285 0.910602 0
    outer loop
      vertex 48.7654 24.3478 54.79
      vertex 48.8846 24.2937 52
      vertex 48.7654 24.3478 52
    endloop
  endfacet
  facet normal 0.683814 -0.729656 0
    outer loop
      vertex 49.3187 20.9963 52
      vertex 49.4142 21.0858 54.79
      vertex 49.3187 20.9963 54.79
    endloop
  endfacet
  facet normal 0.683814 -0.729656 0
    outer loop
      vertex 49.4142 21.0858 54.79
      vertex 49.3187 20.9963 52
      vertex 49.4142 21.0858 52
    endloop
  endfacet
  facet normal 0.81301 -0.58225 0
    outer loop
      vertex 49.5867 21.2825 54.79
      vertex 49.6629 21.3889 52
      vertex 49.6629 21.3889 54.79
    endloop
  endfacet
  facet normal 0.81301 -0.58225 0
    outer loop
      vertex 49.6629 21.3889 52
      vertex 49.5867 21.2825 54.79
      vertex 49.5867 21.2825 52
    endloop
  endfacet
  facet normal -0.290219 -0.95696 0
    outer loop
      vertex 47.3571 20.6061 52
      vertex 47.4824 20.5681 54.79
      vertex 47.3571 20.6061 54.79
    endloop
  endfacet
  facet normal -0.290219 -0.95696 -0
    outer loop
      vertex 47.4824 20.5681 54.79
      vertex 47.3571 20.6061 52
      vertex 47.4824 20.5681 52
    endloop
  endfacet
  facet normal -0.910602 -0.413285 0
    outer loop
      vertex 46.2063 21.6154 52
      vertex 46.1522 21.7346 54.79
      vertex 46.1522 21.7346 52
    endloop
  endfacet
  facet normal -0.910602 -0.413285 0
    outer loop
      vertex 46.1522 21.7346 54.79
      vertex 46.2063 21.6154 52
      vertex 46.2063 21.6154 54.79
    endloop
  endfacet
  facet normal 0.95696 -0.290219 0
    outer loop
      vertex 49.8939 21.8571 54.79
      vertex 49.9319 21.9824 52
      vertex 49.9319 21.9824 54.79
    endloop
  endfacet
  facet normal 0.95696 -0.290219 0
    outer loop
      vertex 49.9319 21.9824 52
      vertex 49.8939 21.8571 54.79
      vertex 49.8939 21.8571 52
    endloop
  endfacet
  facet normal 0.58225 0.81301 -0
    outer loop
      vertex 49.2175 24.0867 52
      vertex 49.1111 24.1629 54.79
      vertex 49.2175 24.0867 54.79
    endloop
  endfacet
  facet normal 0.58225 0.81301 0
    outer loop
      vertex 49.1111 24.1629 54.79
      vertex 49.2175 24.0867 52
      vertex 49.1111 24.1629 52
    endloop
  endfacet
  facet normal -0.683814 0.729656 0
    outer loop
      vertex 46.6813 24.0037 52
      vertex 46.5858 23.9142 54.79
      vertex 46.6813 24.0037 54.79
    endloop
  endfacet
  facet normal -0.683814 0.729656 0
    outer loop
      vertex 46.5858 23.9142 54.79
      vertex 46.6813 24.0037 52
      vertex 46.5858 23.9142 52
    endloop
  endfacet
  facet normal 0.290219 -0.95696 0
    outer loop
      vertex 48.5176 20.5681 52
      vertex 48.6429 20.6061 54.79
      vertex 48.5176 20.5681 54.79
    endloop
  endfacet
  facet normal 0.290219 -0.95696 0
    outer loop
      vertex 48.6429 20.6061 54.79
      vertex 48.5176 20.5681 52
      vertex 48.6429 20.6061 52
    endloop
  endfacet
  facet normal -0.413285 0.910602 0
    outer loop
      vertex 47.2346 24.3478 52
      vertex 47.1154 24.2937 54.79
      vertex 47.2346 24.3478 54.79
    endloop
  endfacet
  facet normal -0.413285 0.910602 0
    outer loop
      vertex 47.1154 24.2937 54.79
      vertex 47.2346 24.3478 52
      vertex 47.1154 24.2937 52
    endloop
  endfacet
  facet normal -0.99521 0.0977643 0
    outer loop
      vertex 46.0043 22.6308 52
      vertex 46.0171 22.7611 54.79
      vertex 46.0171 22.7611 52
    endloop
  endfacet
  facet normal -0.99521 0.0977643 0
    outer loop
      vertex 46.0171 22.7611 54.79
      vertex 46.0043 22.6308 52
      vertex 46.0043 22.6308 54.79
    endloop
  endfacet
  facet normal 0.849156 0.528143 0
    outer loop
      vertex 49.732 23.5 54.79
      vertex 49.6629 23.6111 52
      vertex 49.6629 23.6111 54.79
    endloop
  endfacet
  facet normal 0.849156 0.528143 0
    outer loop
      vertex 49.6629 23.6111 52
      vertex 49.732 23.5 54.79
      vertex 49.732 23.5 52
    endloop
  endfacet
  facet normal -0.0977643 0.99521 0
    outer loop
      vertex 47.8692 24.4957 52
      vertex 47.7389 24.4829 54.79
      vertex 47.8692 24.4957 54.79
    endloop
  endfacet
  facet normal -0.0977643 0.99521 0
    outer loop
      vertex 47.7389 24.4829 54.79
      vertex 47.8692 24.4957 52
      vertex 47.7389 24.4829 52
    endloop
  endfacet
  facet normal -0.634153 0.773208 0
    outer loop
      vertex 46.7825 24.0867 52
      vertex 46.6813 24.0037 54.79
      vertex 46.7825 24.0867 54.79
    endloop
  endfacet
  facet normal -0.634153 0.773208 0
    outer loop
      vertex 46.6813 24.0037 54.79
      vertex 46.7825 24.0867 52
      vertex 46.6813 24.0037 52
    endloop
  endfacet
  facet normal -0.162788 0.986661 0
    outer loop
      vertex 47.7389 24.4829 52
      vertex 47.6098 24.4616 54.79
      vertex 47.7389 24.4829 54.79
    endloop
  endfacet
  facet normal -0.162788 0.986661 0
    outer loop
      vertex 47.6098 24.4616 54.79
      vertex 47.7389 24.4829 52
      vertex 47.6098 24.4616 52
    endloop
  endfacet
  facet normal -0.773208 -0.634153 0
    outer loop
      vertex 46.4963 21.1813 52
      vertex 46.4133 21.2825 54.79
      vertex 46.4133 21.2825 52
    endloop
  endfacet
  facet normal -0.773208 -0.634153 0
    outer loop
      vertex 46.4133 21.2825 54.79
      vertex 46.4963 21.1813 52
      vertex 46.4963 21.1813 54.79
    endloop
  endfacet
  facet normal 0.99946 -0.0328569 0
    outer loop
      vertex 49.9957 22.3692 54.79
      vertex 50 22.5 52
      vertex 50 22.5 54.79
    endloop
  endfacet
  facet normal 0.99946 -0.0328569 0
    outer loop
      vertex 50 22.5 52
      vertex 49.9957 22.3692 54.79
      vertex 49.9957 22.3692 52
    endloop
  endfacet
  facet normal 0.683814 0.729656 -0
    outer loop
      vertex 49.4142 23.9142 52
      vertex 49.3187 24.0037 54.79
      vertex 49.4142 23.9142 54.79
    endloop
  endfacet
  facet normal 0.683814 0.729656 0
    outer loop
      vertex 49.3187 24.0037 54.79
      vertex 49.4142 23.9142 52
      vertex 49.3187 24.0037 52
    endloop
  endfacet
  facet normal -0.58225 -0.81301 0
    outer loop
      vertex 46.7825 20.9133 52
      vertex 46.8889 20.8371 54.79
      vertex 46.7825 20.9133 54.79
    endloop
  endfacet
  facet normal -0.58225 -0.81301 -0
    outer loop
      vertex 46.8889 20.8371 54.79
      vertex 46.7825 20.9133 52
      vertex 46.8889 20.8371 52
    endloop
  endfacet
  facet normal -0.99946 -0.0328569 0
    outer loop
      vertex 46.0043 22.3692 52
      vertex 46 22.5 54.79
      vertex 46 22.5 52
    endloop
  endfacet
  facet normal -0.99946 -0.0328569 0
    outer loop
      vertex 46 22.5 54.79
      vertex 46.0043 22.3692 52
      vertex 46.0043 22.3692 54.79
    endloop
  endfacet
  facet normal 0.881866 -0.4715 0
    outer loop
      vertex 49.732 21.5 54.79
      vertex 49.7937 21.6154 52
      vertex 49.7937 21.6154 54.79
    endloop
  endfacet
  facet normal 0.881866 -0.4715 0
    outer loop
      vertex 49.7937 21.6154 52
      vertex 49.732 21.5 54.79
      vertex 49.732 21.5 52
    endloop
  endfacet
  facet normal -0.290219 0.95696 0
    outer loop
      vertex 47.4824 24.4319 52
      vertex 47.3571 24.3939 54.79
      vertex 47.4824 24.4319 54.79
    endloop
  endfacet
  facet normal -0.290219 0.95696 0
    outer loop
      vertex 47.3571 24.3939 54.79
      vertex 47.4824 24.4319 52
      vertex 47.3571 24.3939 52
    endloop
  endfacet
  facet normal 0.99521 -0.0977643 0
    outer loop
      vertex 49.9829 22.2389 54.79
      vertex 49.9957 22.3692 52
      vertex 49.9957 22.3692 54.79
    endloop
  endfacet
  facet normal 0.99521 -0.0977643 0
    outer loop
      vertex 49.9957 22.3692 52
      vertex 49.9829 22.2389 54.79
      vertex 49.9829 22.2389 52
    endloop
  endfacet
  facet normal -0.881866 0.4715 0
    outer loop
      vertex 46.2063 23.3846 52
      vertex 46.268 23.5 54.79
      vertex 46.268 23.5 52
    endloop
  endfacet
  facet normal -0.881866 0.4715 0
    outer loop
      vertex 46.268 23.5 54.79
      vertex 46.2063 23.3846 52
      vertex 46.2063 23.3846 54.79
    endloop
  endfacet
  facet normal 0.95696 0.290219 0
    outer loop
      vertex 49.9319 23.0176 54.79
      vertex 49.8939 23.1429 52
      vertex 49.8939 23.1429 54.79
    endloop
  endfacet
  facet normal 0.95696 0.290219 0
    outer loop
      vertex 49.8939 23.1429 52
      vertex 49.9319 23.0176 54.79
      vertex 49.9319 23.0176 52
    endloop
  endfacet
  facet normal 0.849156 -0.528143 0
    outer loop
      vertex 49.6629 21.3889 54.79
      vertex 49.732 21.5 52
      vertex 49.732 21.5 54.79
    endloop
  endfacet
  facet normal 0.849156 -0.528143 0
    outer loop
      vertex 49.732 21.5 52
      vertex 49.6629 21.3889 54.79
      vertex 49.6629 21.3889 52
    endloop
  endfacet
  facet normal -0.162788 -0.986661 0
    outer loop
      vertex 47.6098 20.5384 52
      vertex 47.7389 20.5171 54.79
      vertex 47.6098 20.5384 54.79
    endloop
  endfacet
  facet normal -0.162788 -0.986661 -0
    outer loop
      vertex 47.7389 20.5171 54.79
      vertex 47.6098 20.5384 52
      vertex 47.7389 20.5171 52
    endloop
  endfacet
  facet normal -0.95696 -0.290219 0
    outer loop
      vertex 46.1061 21.8571 52
      vertex 46.0681 21.9824 54.79
      vertex 46.0681 21.9824 52
    endloop
  endfacet
  facet normal -0.95696 -0.290219 0
    outer loop
      vertex 46.0681 21.9824 54.79
      vertex 46.1061 21.8571 52
      vertex 46.1061 21.8571 54.79
    endloop
  endfacet
  facet normal 0.4715 -0.881866 0
    outer loop
      vertex 48.8846 20.7063 52
      vertex 49 20.768 54.79
      vertex 48.8846 20.7063 54.79
    endloop
  endfacet
  facet normal 0.4715 -0.881866 0
    outer loop
      vertex 49 20.768 54.79
      vertex 48.8846 20.7063 52
      vertex 49 20.768 52
    endloop
  endfacet
  facet normal -0.986661 0.162788 0
    outer loop
      vertex 46.0171 22.7611 52
      vertex 46.0384 22.8902 54.79
      vertex 46.0384 22.8902 52
    endloop
  endfacet
  facet normal -0.986661 0.162788 0
    outer loop
      vertex 46.0384 22.8902 54.79
      vertex 46.0171 22.7611 52
      vertex 46.0171 22.7611 54.79
    endloop
  endfacet
  facet normal -0.849156 -0.528143 0
    outer loop
      vertex 46.3371 21.3889 52
      vertex 46.268 21.5 54.79
      vertex 46.268 21.5 52
    endloop
  endfacet
  facet normal -0.849156 -0.528143 0
    outer loop
      vertex 46.268 21.5 54.79
      vertex 46.3371 21.3889 52
      vertex 46.3371 21.3889 54.79
    endloop
  endfacet
  facet normal 0.634153 0.773208 -0
    outer loop
      vertex 49.3187 24.0037 52
      vertex 49.2175 24.0867 54.79
      vertex 49.3187 24.0037 54.79
    endloop
  endfacet
  facet normal 0.634153 0.773208 0
    outer loop
      vertex 49.2175 24.0867 54.79
      vertex 49.3187 24.0037 52
      vertex 49.2175 24.0867 52
    endloop
  endfacet
  facet normal -0.986661 -0.162788 0
    outer loop
      vertex 46.0384 22.1098 52
      vertex 46.0171 22.2389 54.79
      vertex 46.0171 22.2389 52
    endloop
  endfacet
  facet normal -0.986661 -0.162788 0
    outer loop
      vertex 46.0171 22.2389 54.79
      vertex 46.0384 22.1098 52
      vertex 46.0384 22.1098 54.79
    endloop
  endfacet
  facet normal 0.881866 0.4715 0
    outer loop
      vertex 49.7937 23.3846 54.79
      vertex 49.732 23.5 52
      vertex 49.732 23.5 54.79
    endloop
  endfacet
  facet normal 0.881866 0.4715 0
    outer loop
      vertex 49.732 23.5 52
      vertex 49.7937 23.3846 54.79
      vertex 49.7937 23.3846 52
    endloop
  endfacet
  facet normal 0.4715 0.881866 -0
    outer loop
      vertex 49 24.232 52
      vertex 48.8846 24.2937 54.79
      vertex 49 24.232 54.79
    endloop
  endfacet
  facet normal 0.4715 0.881866 0
    outer loop
      vertex 48.8846 24.2937 54.79
      vertex 49 24.232 52
      vertex 48.8846 24.2937 52
    endloop
  endfacet
  facet normal -0.973886 -0.227036 0
    outer loop
      vertex 46.0681 21.9824 52
      vertex 46.0384 22.1098 54.79
      vertex 46.0384 22.1098 52
    endloop
  endfacet
  facet normal -0.973886 -0.227036 0
    outer loop
      vertex 46.0384 22.1098 54.79
      vertex 46.0681 21.9824 52
      vertex 46.0681 21.9824 54.79
    endloop
  endfacet
  facet normal -0.93592 0.352212 0
    outer loop
      vertex 46.1061 23.1429 52
      vertex 46.1522 23.2654 54.79
      vertex 46.1522 23.2654 52
    endloop
  endfacet
  facet normal -0.93592 0.352212 0
    outer loop
      vertex 46.1522 23.2654 54.79
      vertex 46.1061 23.1429 52
      vertex 46.1061 23.1429 54.79
    endloop
  endfacet
  facet normal 0.0977643 -0.99521 0
    outer loop
      vertex 48.1308 20.5043 52
      vertex 48.2611 20.5171 54.79
      vertex 48.1308 20.5043 54.79
    endloop
  endfacet
  facet normal 0.0977643 -0.99521 0
    outer loop
      vertex 48.2611 20.5171 54.79
      vertex 48.1308 20.5043 52
      vertex 48.2611 20.5171 52
    endloop
  endfacet
  facet normal 0.0328569 -0.99946 0
    outer loop
      vertex 48 20.5 52
      vertex 48.1308 20.5043 54.79
      vertex 48 20.5 54.79
    endloop
  endfacet
  facet normal 0.0328569 -0.99946 0
    outer loop
      vertex 48.1308 20.5043 54.79
      vertex 48 20.5 52
      vertex 48.1308 20.5043 52
    endloop
  endfacet
  facet normal -0.528143 -0.849156 0
    outer loop
      vertex 46.8889 20.8371 52
      vertex 47 20.768 54.79
      vertex 46.8889 20.8371 54.79
    endloop
  endfacet
  facet normal -0.528143 -0.849156 -0
    outer loop
      vertex 47 20.768 54.79
      vertex 46.8889 20.8371 52
      vertex 47 20.768 52
    endloop
  endfacet
  facet normal 0.773208 0.634153 0
    outer loop
      vertex 49.5867 23.7175 54.79
      vertex 49.5037 23.8187 52
      vertex 49.5037 23.8187 54.79
    endloop
  endfacet
  facet normal 0.773208 0.634153 0
    outer loop
      vertex 49.5037 23.8187 52
      vertex 49.5867 23.7175 54.79
      vertex 49.5867 23.7175 52
    endloop
  endfacet
  facet normal -0.849156 0.528143 0
    outer loop
      vertex 46.268 23.5 52
      vertex 46.3371 23.6111 54.79
      vertex 46.3371 23.6111 52
    endloop
  endfacet
  facet normal -0.849156 0.528143 0
    outer loop
      vertex 46.3371 23.6111 54.79
      vertex 46.268 23.5 52
      vertex 46.268 23.5 54.79
    endloop
  endfacet
  facet normal 0.162788 0.986661 -0
    outer loop
      vertex 48.3902 24.4616 52
      vertex 48.2611 24.4829 54.79
      vertex 48.3902 24.4616 54.79
    endloop
  endfacet
  facet normal 0.162788 0.986661 0
    outer loop
      vertex 48.2611 24.4829 54.79
      vertex 48.3902 24.4616 52
      vertex 48.2611 24.4829 52
    endloop
  endfacet
  facet normal 0.973886 -0.227036 0
    outer loop
      vertex 49.9319 21.9824 54.79
      vertex 49.9616 22.1098 52
      vertex 49.9616 22.1098 54.79
    endloop
  endfacet
  facet normal 0.973886 -0.227036 0
    outer loop
      vertex 49.9616 22.1098 52
      vertex 49.9319 21.9824 54.79
      vertex 49.9319 21.9824 52
    endloop
  endfacet
  facet normal -0.81301 0.58225 0
    outer loop
      vertex 46.3371 23.6111 52
      vertex 46.4133 23.7175 54.79
      vertex 46.4133 23.7175 52
    endloop
  endfacet
  facet normal -0.81301 0.58225 0
    outer loop
      vertex 46.4133 23.7175 54.79
      vertex 46.3371 23.6111 52
      vertex 46.3371 23.6111 54.79
    endloop
  endfacet
  facet normal 0.528143 0.849156 -0
    outer loop
      vertex 49.1111 24.1629 52
      vertex 49 24.232 54.79
      vertex 49.1111 24.1629 54.79
    endloop
  endfacet
  facet normal 0.528143 0.849156 0
    outer loop
      vertex 49 24.232 54.79
      vertex 49.1111 24.1629 52
      vertex 49 24.232 52
    endloop
  endfacet
  facet normal 0.0977643 0.99521 -0
    outer loop
      vertex 48.2611 24.4829 52
      vertex 48.1308 24.4957 54.79
      vertex 48.2611 24.4829 54.79
    endloop
  endfacet
  facet normal 0.0977643 0.99521 0
    outer loop
      vertex 48.1308 24.4957 54.79
      vertex 48.2611 24.4829 52
      vertex 48.1308 24.4957 52
    endloop
  endfacet
  facet normal 0.227036 -0.973886 0
    outer loop
      vertex 48.3902 20.5384 52
      vertex 48.5176 20.5681 54.79
      vertex 48.3902 20.5384 54.79
    endloop
  endfacet
  facet normal 0.227036 -0.973886 0
    outer loop
      vertex 48.5176 20.5681 54.79
      vertex 48.3902 20.5384 52
      vertex 48.5176 20.5681 52
    endloop
  endfacet
  facet normal -0.528143 0.849156 0
    outer loop
      vertex 47 24.232 52
      vertex 46.8889 24.1629 54.79
      vertex 47 24.232 54.79
    endloop
  endfacet
  facet normal -0.528143 0.849156 0
    outer loop
      vertex 46.8889 24.1629 54.79
      vertex 47 24.232 52
      vertex 46.8889 24.1629 52
    endloop
  endfacet
  facet normal -0.773208 0.634153 0
    outer loop
      vertex 46.4133 23.7175 52
      vertex 46.4963 23.8187 54.79
      vertex 46.4963 23.8187 52
    endloop
  endfacet
  facet normal -0.773208 0.634153 0
    outer loop
      vertex 46.4963 23.8187 54.79
      vertex 46.4133 23.7175 52
      vertex 46.4133 23.7175 54.79
    endloop
  endfacet
  facet normal 0.81301 0.58225 0
    outer loop
      vertex 49.6629 23.6111 54.79
      vertex 49.5867 23.7175 52
      vertex 49.5867 23.7175 54.79
    endloop
  endfacet
  facet normal 0.81301 0.58225 0
    outer loop
      vertex 49.5867 23.7175 52
      vertex 49.6629 23.6111 54.79
      vertex 49.6629 23.6111 52
    endloop
  endfacet
  facet normal -0.881866 -0.4715 0
    outer loop
      vertex 46.268 21.5 52
      vertex 46.2063 21.6154 54.79
      vertex 46.2063 21.6154 52
    endloop
  endfacet
  facet normal -0.881866 -0.4715 0
    outer loop
      vertex 46.2063 21.6154 54.79
      vertex 46.268 21.5 52
      vertex 46.268 21.5 54.79
    endloop
  endfacet
  facet normal -0.58225 0.81301 0
    outer loop
      vertex 46.8889 24.1629 52
      vertex 46.7825 24.0867 54.79
      vertex 46.8889 24.1629 54.79
    endloop
  endfacet
  facet normal -0.58225 0.81301 0
    outer loop
      vertex 46.7825 24.0867 54.79
      vertex 46.8889 24.1629 52
      vertex 46.7825 24.0867 52
    endloop
  endfacet
  facet normal 0.729656 0.683814 0
    outer loop
      vertex 49.5037 23.8187 54.79
      vertex 49.4142 23.9142 52
      vertex 49.4142 23.9142 54.79
    endloop
  endfacet
  facet normal 0.729656 0.683814 0
    outer loop
      vertex 49.4142 23.9142 52
      vertex 49.5037 23.8187 54.79
      vertex 49.5037 23.8187 52
    endloop
  endfacet
  facet normal -0.413285 -0.910602 0
    outer loop
      vertex 47.1154 20.7063 52
      vertex 47.2346 20.6522 54.79
      vertex 47.1154 20.7063 54.79
    endloop
  endfacet
  facet normal -0.413285 -0.910602 -0
    outer loop
      vertex 47.2346 20.6522 54.79
      vertex 47.1154 20.7063 52
      vertex 47.2346 20.6522 52
    endloop
  endfacet
  facet normal 0.910602 -0.413285 0
    outer loop
      vertex 49.7937 21.6154 54.79
      vertex 49.8478 21.7346 52
      vertex 49.8478 21.7346 54.79
    endloop
  endfacet
  facet normal 0.910602 -0.413285 0
    outer loop
      vertex 49.8478 21.7346 52
      vertex 49.7937 21.6154 54.79
      vertex 49.7937 21.6154 52
    endloop
  endfacet
  facet normal -0.729656 0.683814 0
    outer loop
      vertex 46.4963 23.8187 52
      vertex 46.5858 23.9142 54.79
      vertex 46.5858 23.9142 52
    endloop
  endfacet
  facet normal -0.729656 0.683814 0
    outer loop
      vertex 46.5858 23.9142 54.79
      vertex 46.4963 23.8187 52
      vertex 46.4963 23.8187 54.79
    endloop
  endfacet
  facet normal 0.352212 0.93592 -0
    outer loop
      vertex 48.7654 24.3478 52
      vertex 48.6429 24.3939 54.79
      vertex 48.7654 24.3478 54.79
    endloop
  endfacet
  facet normal 0.352212 0.93592 0
    outer loop
      vertex 48.6429 24.3939 54.79
      vertex 48.7654 24.3478 52
      vertex 48.6429 24.3939 52
    endloop
  endfacet
  facet normal 0.413285 -0.910602 0
    outer loop
      vertex 48.7654 20.6522 52
      vertex 48.8846 20.7063 54.79
      vertex 48.7654 20.6522 54.79
    endloop
  endfacet
  facet normal 0.413285 -0.910602 0
    outer loop
      vertex 48.8846 20.7063 54.79
      vertex 48.7654 20.6522 52
      vertex 48.8846 20.7063 52
    endloop
  endfacet
  facet normal -0.352212 -0.93592 0
    outer loop
      vertex 47.2346 20.6522 52
      vertex 47.3571 20.6061 54.79
      vertex 47.2346 20.6522 54.79
    endloop
  endfacet
  facet normal -0.352212 -0.93592 -0
    outer loop
      vertex 47.3571 20.6061 54.79
      vertex 47.2346 20.6522 52
      vertex 47.3571 20.6061 52
    endloop
  endfacet
  facet normal -0.99521 -0.0977643 0
    outer loop
      vertex 46.0171 22.2389 52
      vertex 46.0043 22.3692 54.79
      vertex 46.0043 22.3692 52
    endloop
  endfacet
  facet normal -0.99521 -0.0977643 0
    outer loop
      vertex 46.0043 22.3692 54.79
      vertex 46.0171 22.2389 52
      vertex 46.0171 22.2389 54.79
    endloop
  endfacet
  facet normal -0.0328569 0.99946 0
    outer loop
      vertex 48 24.5 52
      vertex 47.8692 24.4957 54.79
      vertex 48 24.5 54.79
    endloop
  endfacet
  facet normal -0.0328569 0.99946 0
    outer loop
      vertex 47.8692 24.4957 54.79
      vertex 48 24.5 52
      vertex 47.8692 24.4957 52
    endloop
  endfacet
  facet normal -0.634153 -0.773208 0
    outer loop
      vertex 46.6813 20.9963 52
      vertex 46.7825 20.9133 54.79
      vertex 46.6813 20.9963 54.79
    endloop
  endfacet
  facet normal -0.634153 -0.773208 -0
    outer loop
      vertex 46.7825 20.9133 54.79
      vertex 46.6813 20.9963 52
      vertex 46.7825 20.9133 52
    endloop
  endfacet
  facet normal 0.910602 0.413285 0
    outer loop
      vertex 49.8478 23.2654 54.79
      vertex 49.7937 23.3846 52
      vertex 49.7937 23.3846 54.79
    endloop
  endfacet
  facet normal 0.910602 0.413285 0
    outer loop
      vertex 49.7937 23.3846 52
      vertex 49.8478 23.2654 54.79
      vertex 49.8478 23.2654 52
    endloop
  endfacet
  facet normal -0.910602 0.413285 0
    outer loop
      vertex 46.1522 23.2654 52
      vertex 46.2063 23.3846 54.79
      vertex 46.2063 23.3846 52
    endloop
  endfacet
  facet normal -0.910602 0.413285 0
    outer loop
      vertex 46.2063 23.3846 54.79
      vertex 46.1522 23.2654 52
      vertex 46.1522 23.2654 54.79
    endloop
  endfacet
  facet normal -0.81301 -0.58225 0
    outer loop
      vertex 46.4133 21.2825 52
      vertex 46.3371 21.3889 54.79
      vertex 46.3371 21.3889 52
    endloop
  endfacet
  facet normal -0.81301 -0.58225 0
    outer loop
      vertex 46.3371 21.3889 54.79
      vertex 46.4133 21.2825 52
      vertex 46.4133 21.2825 54.79
    endloop
  endfacet
  facet normal 0.634153 -0.773208 0
    outer loop
      vertex 49.2175 20.9133 52
      vertex 49.3187 20.9963 54.79
      vertex 49.2175 20.9133 54.79
    endloop
  endfacet
  facet normal 0.634153 -0.773208 0
    outer loop
      vertex 49.3187 20.9963 54.79
      vertex 49.2175 20.9133 52
      vertex 49.3187 20.9963 52
    endloop
  endfacet
  facet normal 0.93592 -0.352212 0
    outer loop
      vertex 49.8478 21.7346 54.79
      vertex 49.8939 21.8571 52
      vertex 49.8939 21.8571 54.79
    endloop
  endfacet
  facet normal 0.93592 -0.352212 0
    outer loop
      vertex 49.8939 21.8571 52
      vertex 49.8478 21.7346 54.79
      vertex 49.8478 21.7346 52
    endloop
  endfacet
  facet normal -0.0328569 -0.99946 0
    outer loop
      vertex 47.8692 20.5043 52
      vertex 48 20.5 54.79
      vertex 47.8692 20.5043 54.79
    endloop
  endfacet
  facet normal -0.0328569 -0.99946 -0
    outer loop
      vertex 48 20.5 54.79
      vertex 47.8692 20.5043 52
      vertex 48 20.5 52
    endloop
  endfacet
  facet normal 0.0328569 0.99946 -0
    outer loop
      vertex 48.1308 24.4957 52
      vertex 48 24.5 54.79
      vertex 48.1308 24.4957 54.79
    endloop
  endfacet
  facet normal 0.0328569 0.99946 0
    outer loop
      vertex 48 24.5 54.79
      vertex 48.1308 24.4957 52
      vertex 48 24.5 52
    endloop
  endfacet
  facet normal -0.0977643 -0.99521 0
    outer loop
      vertex 47.7389 20.5171 52
      vertex 47.8692 20.5043 54.79
      vertex 47.7389 20.5171 54.79
    endloop
  endfacet
  facet normal -0.0977643 -0.99521 -0
    outer loop
      vertex 47.8692 20.5043 54.79
      vertex 47.7389 20.5171 52
      vertex 47.8692 20.5043 52
    endloop
  endfacet
  facet normal -0.683814 -0.729656 0
    outer loop
      vertex 46.5858 21.0858 52
      vertex 46.6813 20.9963 54.79
      vertex 46.5858 21.0858 54.79
    endloop
  endfacet
  facet normal -0.683814 -0.729656 -0
    outer loop
      vertex 46.6813 20.9963 54.79
      vertex 46.5858 21.0858 52
      vertex 46.6813 20.9963 52
    endloop
  endfacet
  facet normal 0.986661 -0.162788 0
    outer loop
      vertex 49.9616 22.1098 54.79
      vertex 49.9829 22.2389 52
      vertex 49.9829 22.2389 54.79
    endloop
  endfacet
  facet normal 0.986661 -0.162788 0
    outer loop
      vertex 49.9829 22.2389 52
      vertex 49.9616 22.1098 54.79
      vertex 49.9616 22.1098 52
    endloop
  endfacet
  facet normal -0.227036 0.973886 0
    outer loop
      vertex 47.6098 24.4616 52
      vertex 47.4824 24.4319 54.79
      vertex 47.6098 24.4616 54.79
    endloop
  endfacet
  facet normal -0.227036 0.973886 0
    outer loop
      vertex 47.4824 24.4319 54.79
      vertex 47.6098 24.4616 52
      vertex 47.4824 24.4319 52
    endloop
  endfacet
  facet normal -0.99946 0.0328569 0
    outer loop
      vertex 46 22.5 52
      vertex 46.0043 22.6308 54.79
      vertex 46.0043 22.6308 52
    endloop
  endfacet
  facet normal -0.99946 0.0328569 0
    outer loop
      vertex 46.0043 22.6308 54.79
      vertex 46 22.5 52
      vertex 46 22.5 54.79
    endloop
  endfacet
  facet normal -0.227036 -0.973886 0
    outer loop
      vertex 47.4824 20.5681 52
      vertex 47.6098 20.5384 54.79
      vertex 47.4824 20.5681 54.79
    endloop
  endfacet
  facet normal -0.227036 -0.973886 -0
    outer loop
      vertex 47.6098 20.5384 54.79
      vertex 47.4824 20.5681 52
      vertex 47.6098 20.5384 52
    endloop
  endfacet
  facet normal 0.227036 0.973886 -0
    outer loop
      vertex 48.5176 24.4319 52
      vertex 48.3902 24.4616 54.79
      vertex 48.5176 24.4319 54.79
    endloop
  endfacet
  facet normal 0.227036 0.973886 0
    outer loop
      vertex 48.3902 24.4616 54.79
      vertex 48.5176 24.4319 52
      vertex 48.3902 24.4616 52
    endloop
  endfacet
  facet normal -0.4715 -0.881866 0
    outer loop
      vertex 47 20.768 52
      vertex 47.1154 20.7063 54.79
      vertex 47 20.768 54.79
    endloop
  endfacet
  facet normal -0.4715 -0.881866 -0
    outer loop
      vertex 47.1154 20.7063 54.79
      vertex 47 20.768 52
      vertex 47.1154 20.7063 52
    endloop
  endfacet
  facet normal 0.676597 -0.484556 0.554456
    outer loop
      vertex 49.6629 21.3889 54.79
      vertex 49.2694 21.526 55.39
      vertex 49.5867 21.2825 54.79
    endloop
  endfacet
  facet normal 0.733743 0.392707 0.554439
    outer loop
      vertex 49.7937 23.3846 54.79
      vertex 49.3856 23.3 55.39
      vertex 49.435 23.2077 55.39
    endloop
  endfacet
  facet normal 0.831746 0.0270357 0.554497
    outer loop
      vertex 50 22.5 54.79
      vertex 49.5966 22.6046 55.39
      vertex 49.6 22.5 55.39
    endloop
  endfacet
  facet normal 0.831764 0.0273439 0.554456
    outer loop
      vertex 49.9957 22.6308 54.79
      vertex 49.5966 22.6046 55.39
      vertex 50 22.5 54.79
    endloop
  endfacet
  facet normal 0.643469 -0.527746 0.554465
    outer loop
      vertex 49.5867 21.2825 54.79
      vertex 49.2694 21.526 55.39
      vertex 49.5037 21.1813 54.79
    endloop
  endfacet
  facet normal 0.48486 -0.676419 0.554408
    outer loop
      vertex 48.974 21.2306 55.39
      vertex 48.8889 21.1696 55.39
      vertex 49.1111 20.8371 54.79
    endloop
  endfacet
  facet normal 0.778789 -0.293238 0.554526
    outer loop
      vertex 49.5151 21.9857 55.39
      vertex 49.4782 21.8877 55.39
      vertex 49.8939 21.8571 54.79
    endloop
  endfacet
  facet normal -0.82109 -0.13547 0.55449
    outer loop
      vertex 46.4307 22.1879 55.39
      vertex 46.0171 22.2389 54.79
      vertex 46.0384 22.1098 54.79
    endloop
  endfacet
  facet normal -0.707039 -0.439017 0.5544
    outer loop
      vertex 46.6144 21.7 55.39
      vertex 46.3371 21.3889 54.79
      vertex 46.6696 21.6111 55.39
    endloop
  endfacet
  facet normal 0.607237 0.569086 0.55444
    outer loop
      vertex 49.4142 23.9142 54.79
      vertex 49.1314 23.6314 55.39
      vertex 49.5037 23.8187 54.79
    endloop
  endfacet
  facet normal 0.392379 0.733882 0.554487
    outer loop
      vertex 48.8846 24.2937 54.79
      vertex 48.8 23.8856 55.39
      vertex 49 24.232 54.79
    endloop
  endfacet
  facet normal -0.527746 0.643469 0.554465
    outer loop
      vertex 46.7825 24.0867 54.79
      vertex 46.6813 24.0037 54.79
      vertex 47.026 23.7694 55.39
    endloop
  endfacet
  facet normal -0.293238 0.778789 0.554526
    outer loop
      vertex 47.4857 24.0151 55.39
      vertex 47.3571 24.3939 54.79
      vertex 47.3877 23.9782 55.39
    endloop
  endfacet
  facet normal -0.569086 -0.607237 0.55444
    outer loop
      vertex 46.8686 21.3686 55.39
      vertex 46.5858 21.0858 54.79
      vertex 46.6813 20.9963 54.79
    endloop
  endfacet
  facet normal 0.241601 0.796331 0.554514
    outer loop
      vertex 48.5176 24.4319 54.79
      vertex 48.4141 24.0455 55.39
      vertex 48.5143 24.0151 55.39
    endloop
  endfacet
  facet normal 0.569086 -0.607237 0.55444
    outer loop
      vertex 49.4142 21.0858 54.79
      vertex 49.1314 21.3686 55.39
      vertex 49.3187 20.9963 54.79
    endloop
  endfacet
  facet normal -0.707039 0.439017 0.5544
    outer loop
      vertex 46.6696 23.3889 55.39
      vertex 46.3371 23.6111 54.79
      vertex 46.6144 23.3 55.39
    endloop
  endfacet
  facet normal -0.810455 -0.188937 0.554496
    outer loop
      vertex 46.4307 22.1879 55.39
      vertex 46.0384 22.1098 54.79
      vertex 46.0681 21.9824 54.79
    endloop
  endfacet
  facet normal -0.0813604 0.828224 0.55446
    outer loop
      vertex 47.8692 24.4957 54.79
      vertex 47.7389 24.4829 54.79
      vertex 47.8954 24.0966 55.39
    endloop
  endfacet
  facet normal -0.758116 0.343298 0.554443
    outer loop
      vertex 46.565 23.2077 55.39
      vertex 46.2063 23.3846 54.79
      vertex 46.5218 23.1123 55.39
    endloop
  endfacet
  facet normal 0.13547 -0.82109 0.55449
    outer loop
      vertex 48.3121 20.9307 55.39
      vertex 48.2611 20.5171 54.79
      vertex 48.3902 20.5384 54.79
    endloop
  endfacet
  facet normal 0.343918 0.757764 0.554539
    outer loop
      vertex 48.7654 24.3478 54.79
      vertex 48.6123 23.9782 55.39
      vertex 48.8846 24.2937 54.79
    endloop
  endfacet
  facet normal 0.643469 0.527746 0.554465
    outer loop
      vertex 49.5037 23.8187 54.79
      vertex 49.2694 23.474 55.39
      vertex 49.5867 23.7175 54.79
    endloop
  endfacet
  facet normal 0.392707 0.733743 0.554439
    outer loop
      vertex 48.8846 24.2937 54.79
      vertex 48.7077 23.935 55.39
      vertex 48.8 23.8856 55.39
    endloop
  endfacet
  facet normal -0.343298 0.758116 0.554443
    outer loop
      vertex 47.3877 23.9782 55.39
      vertex 47.1154 24.2937 54.79
      vertex 47.2923 23.935 55.39
    endloop
  endfacet
  facet normal 0.828129 0.0818592 0.554528
    outer loop
      vertex 49.9829 22.7611 54.79
      vertex 49.5863 22.7088 55.39
      vertex 49.5966 22.6046 55.39
    endloop
  endfacet
  facet normal 0.13547 0.82109 0.55449
    outer loop
      vertex 48.3902 24.4616 54.79
      vertex 48.2611 24.4829 54.79
      vertex 48.3121 24.0693 55.39
    endloop
  endfacet
  facet normal 0.828224 -0.0813604 0.55446
    outer loop
      vertex 49.9957 22.3692 54.79
      vertex 49.5966 22.3954 55.39
      vertex 49.9829 22.2389 54.79
    endloop
  endfacet
  facet normal -0.0270357 -0.831746 0.554497
    outer loop
      vertex 48 20.9 55.39
      vertex 47.8954 20.9034 55.39
      vertex 48 20.5 54.79
    endloop
  endfacet
  facet normal -0.188937 0.810455 0.554496
    outer loop
      vertex 47.6098 24.4616 54.79
      vertex 47.4824 24.4319 54.79
      vertex 47.6879 24.0693 55.39
    endloop
  endfacet
  facet normal -0.821115 -0.13513 0.554536
    outer loop
      vertex 46.4137 22.2912 55.39
      vertex 46.0171 22.2389 54.79
      vertex 46.4307 22.1879 55.39
    endloop
  endfacet
  facet normal 0.189094 0.810403 0.554518
    outer loop
      vertex 48.5176 24.4319 54.79
      vertex 48.3121 24.0693 55.39
      vertex 48.4141 24.0455 55.39
    endloop
  endfacet
  facet normal -0.79635 -0.241511 0.554526
    outer loop
      vertex 46.4849 21.9857 55.39
      vertex 46.0681 21.9824 54.79
      vertex 46.1061 21.8571 54.79
    endloop
  endfacet
  facet normal -0.484556 -0.676597 0.554456
    outer loop
      vertex 47.026 21.2306 55.39
      vertex 46.7825 20.9133 54.79
      vertex 46.8889 20.8371 54.79
    endloop
  endfacet
  facet normal -0.293094 0.778829 0.554546
    outer loop
      vertex 47.3571 24.3939 54.79
      vertex 47.2346 24.3478 54.79
      vertex 47.3877 23.9782 55.39
    endloop
  endfacet
  facet normal -0.828129 0.0818592 0.554528
    outer loop
      vertex 46.4137 22.7088 55.39
      vertex 46.0171 22.7611 54.79
      vertex 46.4034 22.6046 55.39
    endloop
  endfacet
  facet normal -0.676419 0.48486 0.554408
    outer loop
      vertex 46.7306 23.474 55.39
      vertex 46.3371 23.6111 54.79
      vertex 46.6696 23.3889 55.39
    endloop
  endfacet
  facet normal -0.778829 -0.293094 0.554546
    outer loop
      vertex 46.5218 21.8877 55.39
      vertex 46.1061 21.8571 54.79
      vertex 46.1522 21.7346 54.79
    endloop
  endfacet
  facet normal 0.778829 0.293094 0.554546
    outer loop
      vertex 49.8478 23.2654 54.79
      vertex 49.4782 23.1123 55.39
      vertex 49.8939 23.1429 54.79
    endloop
  endfacet
  facet normal 0.79635 -0.241511 0.554526
    outer loop
      vertex 49.9319 21.9824 54.79
      vertex 49.5151 21.9857 55.39
      vertex 49.8939 21.8571 54.79
    endloop
  endfacet
  facet normal -0.569086 0.607237 0.55444
    outer loop
      vertex 46.6813 24.0037 54.79
      vertex 46.5858 23.9142 54.79
      vertex 46.8686 23.6314 55.39
    endloop
  endfacet
  facet normal 0.13513 -0.821115 0.554536
    outer loop
      vertex 48.3121 20.9307 55.39
      vertex 48.2088 20.9137 55.39
      vertex 48.2611 20.5171 54.79
    endloop
  endfacet
  facet normal -0.392707 0.733743 0.554439
    outer loop
      vertex 47.2923 23.935 55.39
      vertex 47.1154 24.2937 54.79
      vertex 47.2 23.8856 55.39
    endloop
  endfacet
  facet normal 0.828224 0.0813604 0.55446
    outer loop
      vertex 49.9829 22.7611 54.79
      vertex 49.5966 22.6046 55.39
      vertex 49.9957 22.6308 54.79
    endloop
  endfacet
  facet normal -0.0813604 -0.828224 0.55446
    outer loop
      vertex 47.8954 20.9034 55.39
      vertex 47.7389 20.5171 54.79
      vertex 47.8692 20.5043 54.79
    endloop
  endfacet
  facet normal -0.293094 -0.778829 0.554546
    outer loop
      vertex 47.3877 21.0218 55.39
      vertex 47.2346 20.6522 54.79
      vertex 47.3571 20.6061 54.79
    endloop
  endfacet
  facet normal 0.241601 -0.796331 0.554514
    outer loop
      vertex 48.5143 20.9849 55.39
      vertex 48.4141 20.9545 55.39
      vertex 48.5176 20.5681 54.79
    endloop
  endfacet
  facet normal -0.831746 -0.0270357 0.554497
    outer loop
      vertex 46.4 22.5 55.39
      vertex 46 22.5 54.79
      vertex 46.4034 22.3954 55.39
    endloop
  endfacet
  facet normal 0.343918 -0.757764 0.554539
    outer loop
      vertex 48.8846 20.7063 54.79
      vertex 48.6123 21.0218 55.39
      vertex 48.7654 20.6522 54.79
    endloop
  endfacet
  facet normal 0.568627 -0.607595 0.554519
    outer loop
      vertex 49.1314 21.3686 55.39
      vertex 49.055 21.2971 55.39
      vertex 49.3187 20.9963 54.79
    endloop
  endfacet
  facet normal -0.0270357 0.831746 0.554497
    outer loop
      vertex 48 24.5 54.79
      vertex 47.8954 24.0966 55.39
      vertex 48 24.1 55.39
    endloop
  endfacet
  facet normal 0.607595 -0.568627 0.554519
    outer loop
      vertex 49.2029 21.445 55.39
      vertex 49.1314 21.3686 55.39
      vertex 49.5037 21.1813 54.79
    endloop
  endfacet
  facet normal -0.528042 0.643178 0.554521
    outer loop
      vertex 47.026 23.7694 55.39
      vertex 46.6813 24.0037 54.79
      vertex 46.945 23.7029 55.39
    endloop
  endfacet
  facet normal 0.607237 -0.569086 0.55444
    outer loop
      vertex 49.5037 21.1813 54.79
      vertex 49.1314 21.3686 55.39
      vertex 49.4142 21.0858 54.79
    endloop
  endfacet
  facet normal -0.568627 0.607595 0.554519
    outer loop
      vertex 46.945 23.7029 55.39
      vertex 46.6813 24.0037 54.79
      vertex 46.8686 23.6314 55.39
    endloop
  endfacet
  facet normal -0.831764 0.0273439 0.554456
    outer loop
      vertex 46.0043 22.6308 54.79
      vertex 46 22.5 54.79
      vertex 46.4034 22.6046 55.39
    endloop
  endfacet
  facet normal 0.706662 0.439517 0.554485
    outer loop
      vertex 49.6629 23.6111 54.79
      vertex 49.3856 23.3 55.39
      vertex 49.732 23.5 54.79
    endloop
  endfacet
  facet normal 0.676419 -0.48486 0.554408
    outer loop
      vertex 49.3304 21.6111 55.39
      vertex 49.2694 21.526 55.39
      vertex 49.6629 21.3889 54.79
    endloop
  endfacet
  facet normal 0.758116 -0.343298 0.554443
    outer loop
      vertex 49.4782 21.8877 55.39
      vertex 49.435 21.7923 55.39
      vertex 49.7937 21.6154 54.79
    endloop
  endfacet
  facet normal 0.796331 -0.241601 0.554514
    outer loop
      vertex 49.5455 22.0859 55.39
      vertex 49.5151 21.9857 55.39
      vertex 49.9319 21.9824 54.79
    endloop
  endfacet
  facet normal -0.810403 0.189094 0.554518
    outer loop
      vertex 46.4545 22.9141 55.39
      vertex 46.0681 23.0176 54.79
      vertex 46.4307 22.8121 55.39
    endloop
  endfacet
  facet normal 0.189094 -0.810403 0.554518
    outer loop
      vertex 48.4141 20.9545 55.39
      vertex 48.3121 20.9307 55.39
      vertex 48.5176 20.5681 54.79
    endloop
  endfacet
  facet normal -0.676597 -0.484556 0.554456
    outer loop
      vertex 46.7306 21.526 55.39
      vertex 46.3371 21.3889 54.79
      vertex 46.4133 21.2825 54.79
    endloop
  endfacet
  facet normal -0.241511 -0.79635 0.554526
    outer loop
      vertex 47.4857 20.9849 55.39
      vertex 47.3571 20.6061 54.79
      vertex 47.4824 20.5681 54.79
    endloop
  endfacet
  facet normal 0.568627 0.607595 0.554519
    outer loop
      vertex 49.3187 24.0037 54.79
      vertex 49.055 23.7029 55.39
      vertex 49.1314 23.6314 55.39
    endloop
  endfacet
  facet normal 0.810455 0.188937 0.554496
    outer loop
      vertex 49.9319 23.0176 54.79
      vertex 49.5693 22.8121 55.39
      vertex 49.9616 22.8902 54.79
    endloop
  endfacet
  facet normal 0.439517 -0.706662 0.554485
    outer loop
      vertex 49.1111 20.8371 54.79
      vertex 48.8 21.1144 55.39
      vertex 49 20.768 54.79
    endloop
  endfacet
  facet normal -0.778789 0.293238 0.554526
    outer loop
      vertex 46.5218 23.1123 55.39
      vertex 46.1061 23.1429 54.79
      vertex 46.4849 23.0143 55.39
    endloop
  endfacet
  facet normal 0.343298 0.758116 0.554443
    outer loop
      vertex 48.8846 24.2937 54.79
      vertex 48.6123 23.9782 55.39
      vertex 48.7077 23.935 55.39
    endloop
  endfacet
  facet normal 0.484556 0.676597 0.554456
    outer loop
      vertex 49.1111 24.1629 54.79
      vertex 48.974 23.7694 55.39
      vertex 49.2175 24.0867 54.79
    endloop
  endfacet
  facet normal -0.643178 -0.528042 0.554521
    outer loop
      vertex 46.7306 21.526 55.39
      vertex 46.4963 21.1813 54.79
      vertex 46.7971 21.445 55.39
    endloop
  endfacet
  facet normal 0.82109 -0.13547 0.55449
    outer loop
      vertex 49.9829 22.2389 54.79
      vertex 49.5693 22.1879 55.39
      vertex 49.9616 22.1098 54.79
    endloop
  endfacet
  facet normal -0.241601 0.796331 0.554514
    outer loop
      vertex 47.5859 24.0455 55.39
      vertex 47.4824 24.4319 54.79
      vertex 47.4857 24.0151 55.39
    endloop
  endfacet
  facet normal -0.607595 0.568627 0.554519
    outer loop
      vertex 46.8686 23.6314 55.39
      vertex 46.4963 23.8187 54.79
      vertex 46.7971 23.555 55.39
    endloop
  endfacet
  facet normal 0.607595 0.568627 0.554519
    outer loop
      vertex 49.5037 23.8187 54.79
      vertex 49.1314 23.6314 55.39
      vertex 49.2029 23.555 55.39
    endloop
  endfacet
  facet normal 0.757764 -0.343918 0.554539
    outer loop
      vertex 49.8478 21.7346 54.79
      vertex 49.4782 21.8877 55.39
      vertex 49.7937 21.6154 54.79
    endloop
  endfacet
  facet normal -0.778789 -0.293238 0.554526
    outer loop
      vertex 46.4849 21.9857 55.39
      vertex 46.1061 21.8571 54.79
      vertex 46.5218 21.8877 55.39
    endloop
  endfacet
  facet normal -0.607237 -0.569086 0.55444
    outer loop
      vertex 46.8686 21.3686 55.39
      vertex 46.4963 21.1813 54.79
      vertex 46.5858 21.0858 54.79
    endloop
  endfacet
  facet normal 0.778829 -0.293094 0.554546
    outer loop
      vertex 49.8939 21.8571 54.79
      vertex 49.4782 21.8877 55.39
      vertex 49.8478 21.7346 54.79
    endloop
  endfacet
  facet normal -0.439517 -0.706662 0.554485
    outer loop
      vertex 47.2 21.1144 55.39
      vertex 46.8889 20.8371 54.79
      vertex 47 20.768 54.79
    endloop
  endfacet
  facet normal -0.13513 0.821115 0.554536
    outer loop
      vertex 47.7389 24.4829 54.79
      vertex 47.6879 24.0693 55.39
      vertex 47.7912 24.0863 55.39
    endloop
  endfacet
  facet normal -0.189094 0.810403 0.554518
    outer loop
      vertex 47.6879 24.0693 55.39
      vertex 47.4824 24.4319 54.79
      vertex 47.5859 24.0455 55.39
    endloop
  endfacet
  facet normal -0.706662 -0.439517 0.554485
    outer loop
      vertex 46.6144 21.7 55.39
      vertex 46.268 21.5 54.79
      vertex 46.3371 21.3889 54.79
    endloop
  endfacet
  facet normal -0.706662 0.439517 0.554485
    outer loop
      vertex 46.3371 23.6111 54.79
      vertex 46.268 23.5 54.79
      vertex 46.6144 23.3 55.39
    endloop
  endfacet
  facet normal -0.13547 0.82109 0.55449
    outer loop
      vertex 47.7389 24.4829 54.79
      vertex 47.6098 24.4616 54.79
      vertex 47.6879 24.0693 55.39
    endloop
  endfacet
  facet normal -0.343298 -0.758116 0.554443
    outer loop
      vertex 47.2923 21.065 55.39
      vertex 47.1154 20.7063 54.79
      vertex 47.3877 21.0218 55.39
    endloop
  endfacet
  facet normal -0.757764 -0.343918 0.554539
    outer loop
      vertex 46.5218 21.8877 55.39
      vertex 46.1522 21.7346 54.79
      vertex 46.2063 21.6154 54.79
    endloop
  endfacet
  facet normal -0.343918 0.757764 0.554539
    outer loop
      vertex 47.2346 24.3478 54.79
      vertex 47.1154 24.2937 54.79
      vertex 47.3877 23.9782 55.39
    endloop
  endfacet
  facet normal -0.676419 -0.48486 0.554408
    outer loop
      vertex 46.6696 21.6111 55.39
      vertex 46.3371 21.3889 54.79
      vertex 46.7306 21.526 55.39
    endloop
  endfacet
  facet normal 0.188937 -0.810455 0.554496
    outer loop
      vertex 48.5176 20.5681 54.79
      vertex 48.3121 20.9307 55.39
      vertex 48.3902 20.5384 54.79
    endloop
  endfacet
  facet normal -0.643178 0.528042 0.554521
    outer loop
      vertex 46.7971 23.555 55.39
      vertex 46.4963 23.8187 54.79
      vertex 46.7306 23.474 55.39
    endloop
  endfacet
  facet normal 0.392707 -0.733743 0.554439
    outer loop
      vertex 48.8 21.1144 55.39
      vertex 48.7077 21.065 55.39
      vertex 48.8846 20.7063 54.79
    endloop
  endfacet
  facet normal 0.810403 -0.189094 0.554518
    outer loop
      vertex 49.5693 22.1879 55.39
      vertex 49.5455 22.0859 55.39
      vertex 49.9319 21.9824 54.79
    endloop
  endfacet
  facet normal -0.79635 0.241511 0.554526
    outer loop
      vertex 46.1061 23.1429 54.79
      vertex 46.0681 23.0176 54.79
      vertex 46.4849 23.0143 55.39
    endloop
  endfacet
  facet normal -0.831764 -0.0273439 0.554456
    outer loop
      vertex 46.4034 22.3954 55.39
      vertex 46 22.5 54.79
      vertex 46.0043 22.3692 54.79
    endloop
  endfacet
  facet normal -0.828224 -0.0813604 0.55446
    outer loop
      vertex 46.4034 22.3954 55.39
      vertex 46.0043 22.3692 54.79
      vertex 46.0171 22.2389 54.79
    endloop
  endfacet
  facet normal 0.439017 -0.707039 0.5544
    outer loop
      vertex 48.8889 21.1696 55.39
      vertex 48.8 21.1144 55.39
      vertex 49.1111 20.8371 54.79
    endloop
  endfacet
  facet normal 0.0818592 -0.828129 0.554528
    outer loop
      vertex 48.2088 20.9137 55.39
      vertex 48.1046 20.9034 55.39
      vertex 48.2611 20.5171 54.79
    endloop
  endfacet
  facet normal 0.778789 0.293238 0.554526
    outer loop
      vertex 49.8939 23.1429 54.79
      vertex 49.4782 23.1123 55.39
      vertex 49.5151 23.0143 55.39
    endloop
  endfacet
  facet normal 0.796331 0.241601 0.554514
    outer loop
      vertex 49.9319 23.0176 54.79
      vertex 49.5151 23.0143 55.39
      vertex 49.5455 22.9141 55.39
    endloop
  endfacet
  facet normal -0.439017 -0.707039 0.5544
    outer loop
      vertex 47.1111 21.1696 55.39
      vertex 46.8889 20.8371 54.79
      vertex 47.2 21.1144 55.39
    endloop
  endfacet
  facet normal 0.0818592 0.828129 0.554528
    outer loop
      vertex 48.2611 24.4829 54.79
      vertex 48.1046 24.0966 55.39
      vertex 48.2088 24.0863 55.39
    endloop
  endfacet
  facet normal 0.676419 0.48486 0.554408
    outer loop
      vertex 49.6629 23.6111 54.79
      vertex 49.2694 23.474 55.39
      vertex 49.3304 23.3889 55.39
    endloop
  endfacet
  facet normal -0.757764 0.343918 0.554539
    outer loop
      vertex 46.2063 23.3846 54.79
      vertex 46.1522 23.2654 54.79
      vertex 46.5218 23.1123 55.39
    endloop
  endfacet
  facet normal 0.733743 -0.392707 0.554439
    outer loop
      vertex 49.435 21.7923 55.39
      vertex 49.3856 21.7 55.39
      vertex 49.7937 21.6154 54.79
    endloop
  endfacet
  facet normal -0.0273439 0.831764 0.554456
    outer loop
      vertex 48 24.5 54.79
      vertex 47.8692 24.4957 54.79
      vertex 47.8954 24.0966 55.39
    endloop
  endfacet
  facet normal 0.831764 -0.0273439 0.554456
    outer loop
      vertex 50 22.5 54.79
      vertex 49.5966 22.3954 55.39
      vertex 49.9957 22.3692 54.79
    endloop
  endfacet
  facet normal 0.831746 -0.0270357 0.554497
    outer loop
      vertex 49.6 22.5 55.39
      vertex 49.5966 22.3954 55.39
      vertex 50 22.5 54.79
    endloop
  endfacet
  facet normal -0.828129 -0.0818592 0.554528
    outer loop
      vertex 46.4034 22.3954 55.39
      vertex 46.0171 22.2389 54.79
      vertex 46.4137 22.2912 55.39
    endloop
  endfacet
  facet normal 0.527746 -0.643469 0.554465
    outer loop
      vertex 49.3187 20.9963 54.79
      vertex 48.974 21.2306 55.39
      vertex 49.2175 20.9133 54.79
    endloop
  endfacet
  facet normal -0.676597 0.484556 0.554456
    outer loop
      vertex 46.4133 23.7175 54.79
      vertex 46.3371 23.6111 54.79
      vertex 46.7306 23.474 55.39
    endloop
  endfacet
  facet normal 0.0270357 -0.831746 0.554497
    outer loop
      vertex 48 20.9 55.39
      vertex 48 20.5 54.79
      vertex 48.1046 20.9034 55.39
    endloop
  endfacet
  facet normal 0.810455 -0.188937 0.554496
    outer loop
      vertex 49.9616 22.1098 54.79
      vertex 49.5693 22.1879 55.39
      vertex 49.9319 21.9824 54.79
    endloop
  endfacet
  facet normal -0.607595 -0.568627 0.554519
    outer loop
      vertex 46.7971 21.445 55.39
      vertex 46.4963 21.1813 54.79
      vertex 46.8686 21.3686 55.39
    endloop
  endfacet
  facet normal 0.439517 0.706662 0.554485
    outer loop
      vertex 49 24.232 54.79
      vertex 48.8 23.8856 55.39
      vertex 49.1111 24.1629 54.79
    endloop
  endfacet
  facet normal 0.241511 0.79635 0.554526
    outer loop
      vertex 48.5176 24.4319 54.79
      vertex 48.5143 24.0151 55.39
      vertex 48.6429 24.3939 54.79
    endloop
  endfacet
  facet normal 0.569086 0.607237 0.55444
    outer loop
      vertex 49.3187 24.0037 54.79
      vertex 49.1314 23.6314 55.39
      vertex 49.4142 23.9142 54.79
    endloop
  endfacet
  facet normal 0.528042 0.643178 0.554521
    outer loop
      vertex 49.3187 24.0037 54.79
      vertex 48.974 23.7694 55.39
      vertex 49.055 23.7029 55.39
    endloop
  endfacet
  facet normal 0.821115 0.13513 0.554536
    outer loop
      vertex 49.9829 22.7611 54.79
      vertex 49.5693 22.8121 55.39
      vertex 49.5863 22.7088 55.39
    endloop
  endfacet
  facet normal -0.0818592 0.828129 0.554528
    outer loop
      vertex 47.8954 24.0966 55.39
      vertex 47.7389 24.4829 54.79
      vertex 47.7912 24.0863 55.39
    endloop
  endfacet
  facet normal 0.0270357 0.831746 0.554497
    outer loop
      vertex 48 24.5 54.79
      vertex 48 24.1 55.39
      vertex 48.1046 24.0966 55.39
    endloop
  endfacet
  facet normal 0.0813604 0.828224 0.55446
    outer loop
      vertex 48.1308 24.4957 54.79
      vertex 48.1046 24.0966 55.39
      vertex 48.2611 24.4829 54.79
    endloop
  endfacet
  facet normal -0.607237 0.569086 0.55444
    outer loop
      vertex 46.5858 23.9142 54.79
      vertex 46.4963 23.8187 54.79
      vertex 46.8686 23.6314 55.39
    endloop
  endfacet
  facet normal 0.0273439 0.831764 0.554456
    outer loop
      vertex 48.1308 24.4957 54.79
      vertex 48 24.5 54.79
      vertex 48.1046 24.0966 55.39
    endloop
  endfacet
  facet normal 0.293094 -0.778829 0.554546
    outer loop
      vertex 48.7654 20.6522 54.79
      vertex 48.6123 21.0218 55.39
      vertex 48.6429 20.6061 54.79
    endloop
  endfacet
  facet normal 0.821115 -0.13513 0.554536
    outer loop
      vertex 49.5863 22.2912 55.39
      vertex 49.5693 22.1879 55.39
      vertex 49.9829 22.2389 54.79
    endloop
  endfacet
  facet normal -0.796331 -0.241601 0.554514
    outer loop
      vertex 46.4545 22.0859 55.39
      vertex 46.0681 21.9824 54.79
      vertex 46.4849 21.9857 55.39
    endloop
  endfacet
  facet normal -0.48486 0.676419 0.554408
    outer loop
      vertex 47.1111 23.8304 55.39
      vertex 46.8889 24.1629 54.79
      vertex 47.026 23.7694 55.39
    endloop
  endfacet
  facet normal -0.343918 -0.757764 0.554539
    outer loop
      vertex 47.3877 21.0218 55.39
      vertex 47.1154 20.7063 54.79
      vertex 47.2346 20.6522 54.79
    endloop
  endfacet
  facet normal -0.82109 0.13547 0.55449
    outer loop
      vertex 46.0384 22.8902 54.79
      vertex 46.0171 22.7611 54.79
      vertex 46.4307 22.8121 55.39
    endloop
  endfacet
  facet normal -0.778829 0.293094 0.554546
    outer loop
      vertex 46.1522 23.2654 54.79
      vertex 46.1061 23.1429 54.79
      vertex 46.5218 23.1123 55.39
    endloop
  endfacet
  facet normal -0.13513 -0.821115 0.554536
    outer loop
      vertex 47.7912 20.9137 55.39
      vertex 47.6879 20.9307 55.39
      vertex 47.7389 20.5171 54.79
    endloop
  endfacet
  facet normal -0.643469 0.527746 0.554465
    outer loop
      vertex 46.4963 23.8187 54.79
      vertex 46.4133 23.7175 54.79
      vertex 46.7306 23.474 55.39
    endloop
  endfacet
  facet normal -0.13547 -0.82109 0.55449
    outer loop
      vertex 47.6879 20.9307 55.39
      vertex 47.6098 20.5384 54.79
      vertex 47.7389 20.5171 54.79
    endloop
  endfacet
  facet normal 0.13513 0.821115 0.554536
    outer loop
      vertex 48.2611 24.4829 54.79
      vertex 48.2088 24.0863 55.39
      vertex 48.3121 24.0693 55.39
    endloop
  endfacet
  facet normal 0.343298 -0.758116 0.554443
    outer loop
      vertex 48.7077 21.065 55.39
      vertex 48.6123 21.0218 55.39
      vertex 48.8846 20.7063 54.79
    endloop
  endfacet
  facet normal 0.293094 0.778829 0.554546
    outer loop
      vertex 48.6429 24.3939 54.79
      vertex 48.6123 23.9782 55.39
      vertex 48.7654 24.3478 54.79
    endloop
  endfacet
  facet normal -0.241601 -0.796331 0.554514
    outer loop
      vertex 47.4857 20.9849 55.39
      vertex 47.4824 20.5681 54.79
      vertex 47.5859 20.9545 55.39
    endloop
  endfacet
  facet normal -0.810455 0.188937 0.554496
    outer loop
      vertex 46.0681 23.0176 54.79
      vertex 46.0384 22.8902 54.79
      vertex 46.4307 22.8121 55.39
    endloop
  endfacet
  facet normal 0.0813604 -0.828224 0.55446
    outer loop
      vertex 48.2611 20.5171 54.79
      vertex 48.1046 20.9034 55.39
      vertex 48.1308 20.5043 54.79
    endloop
  endfacet
  facet normal 0.676597 0.484556 0.554456
    outer loop
      vertex 49.5867 23.7175 54.79
      vertex 49.2694 23.474 55.39
      vertex 49.6629 23.6111 54.79
    endloop
  endfacet
  facet normal 0.733882 -0.392379 0.554487
    outer loop
      vertex 49.7937 21.6154 54.79
      vertex 49.3856 21.7 55.39
      vertex 49.732 21.5 54.79
    endloop
  endfacet
  facet normal -0.293238 -0.778789 0.554526
    outer loop
      vertex 47.3877 21.0218 55.39
      vertex 47.3571 20.6061 54.79
      vertex 47.4857 20.9849 55.39
    endloop
  endfacet
  facet normal -0.527746 -0.643469 0.554465
    outer loop
      vertex 47.026 21.2306 55.39
      vertex 46.6813 20.9963 54.79
      vertex 46.7825 20.9133 54.79
    endloop
  endfacet
  facet normal 0.0273439 -0.831764 0.554456
    outer loop
      vertex 48.1046 20.9034 55.39
      vertex 48 20.5 54.79
      vertex 48.1308 20.5043 54.79
    endloop
  endfacet
  facet normal -0.733743 0.392707 0.554439
    outer loop
      vertex 46.6144 23.3 55.39
      vertex 46.2063 23.3846 54.79
      vertex 46.565 23.2077 55.39
    endloop
  endfacet
  facet normal -0.188937 -0.810455 0.554496
    outer loop
      vertex 47.6879 20.9307 55.39
      vertex 47.4824 20.5681 54.79
      vertex 47.6098 20.5384 54.79
    endloop
  endfacet
  facet normal -0.528042 -0.643178 0.554521
    outer loop
      vertex 46.945 21.2971 55.39
      vertex 46.6813 20.9963 54.79
      vertex 47.026 21.2306 55.39
    endloop
  endfacet
  facet normal -0.828224 0.0813604 0.55446
    outer loop
      vertex 46.0171 22.7611 54.79
      vertex 46.0043 22.6308 54.79
      vertex 46.4034 22.6046 55.39
    endloop
  endfacet
  facet normal -0.831746 0.0270357 0.554497
    outer loop
      vertex 46.4034 22.6046 55.39
      vertex 46 22.5 54.79
      vertex 46.4 22.5 55.39
    endloop
  endfacet
  facet normal 0.643178 -0.528042 0.554521
    outer loop
      vertex 49.2694 21.526 55.39
      vertex 49.2029 21.445 55.39
      vertex 49.5037 21.1813 54.79
    endloop
  endfacet
  facet normal 0.293238 0.778789 0.554526
    outer loop
      vertex 48.6429 24.3939 54.79
      vertex 48.5143 24.0151 55.39
      vertex 48.6123 23.9782 55.39
    endloop
  endfacet
  facet normal 0.828129 -0.0818592 0.554528
    outer loop
      vertex 49.5966 22.3954 55.39
      vertex 49.5863 22.2912 55.39
      vertex 49.9829 22.2389 54.79
    endloop
  endfacet
  facet normal -0.0273439 -0.831764 0.554456
    outer loop
      vertex 47.8954 20.9034 55.39
      vertex 47.8692 20.5043 54.79
      vertex 48 20.5 54.79
    endloop
  endfacet
  facet normal -0.733882 0.392379 0.554487
    outer loop
      vertex 46.268 23.5 54.79
      vertex 46.2063 23.3846 54.79
      vertex 46.6144 23.3 55.39
    endloop
  endfacet
  facet normal 0.439017 0.707039 0.5544
    outer loop
      vertex 49.1111 24.1629 54.79
      vertex 48.8 23.8856 55.39
      vertex 48.8889 23.8304 55.39
    endloop
  endfacet
  facet normal 0.643178 0.528042 0.554521
    outer loop
      vertex 49.5037 23.8187 54.79
      vertex 49.2029 23.555 55.39
      vertex 49.2694 23.474 55.39
    endloop
  endfacet
  facet normal 0.188937 0.810455 0.554496
    outer loop
      vertex 48.3902 24.4616 54.79
      vertex 48.3121 24.0693 55.39
      vertex 48.5176 24.4319 54.79
    endloop
  endfacet
  facet normal 0.810403 0.189094 0.554518
    outer loop
      vertex 49.9319 23.0176 54.79
      vertex 49.5455 22.9141 55.39
      vertex 49.5693 22.8121 55.39
    endloop
  endfacet
  facet normal 0.82109 0.13547 0.55449
    outer loop
      vertex 49.9616 22.8902 54.79
      vertex 49.5693 22.8121 55.39
      vertex 49.9829 22.7611 54.79
    endloop
  endfacet
  facet normal 0.733882 0.392379 0.554487
    outer loop
      vertex 49.732 23.5 54.79
      vertex 49.3856 23.3 55.39
      vertex 49.7937 23.3846 54.79
    endloop
  endfacet
  facet normal 0.707039 0.439017 0.5544
    outer loop
      vertex 49.6629 23.6111 54.79
      vertex 49.3304 23.3889 55.39
      vertex 49.3856 23.3 55.39
    endloop
  endfacet
  facet normal 0.758116 0.343298 0.554443
    outer loop
      vertex 49.7937 23.3846 54.79
      vertex 49.435 23.2077 55.39
      vertex 49.4782 23.1123 55.39
    endloop
  endfacet
  facet normal 0.79635 0.241511 0.554526
    outer loop
      vertex 49.8939 23.1429 54.79
      vertex 49.5151 23.0143 55.39
      vertex 49.9319 23.0176 54.79
    endloop
  endfacet
  facet normal 0.757764 0.343918 0.554539
    outer loop
      vertex 49.7937 23.3846 54.79
      vertex 49.4782 23.1123 55.39
      vertex 49.8478 23.2654 54.79
    endloop
  endfacet
  facet normal 0.392379 -0.733882 0.554487
    outer loop
      vertex 49 20.768 54.79
      vertex 48.8 21.1144 55.39
      vertex 48.8846 20.7063 54.79
    endloop
  endfacet
  facet normal -0.439017 0.707039 0.5544
    outer loop
      vertex 47.2 23.8856 55.39
      vertex 46.8889 24.1629 54.79
      vertex 47.1111 23.8304 55.39
    endloop
  endfacet
  facet normal 0.528042 -0.643178 0.554521
    outer loop
      vertex 49.055 21.2971 55.39
      vertex 48.974 21.2306 55.39
      vertex 49.3187 20.9963 54.79
    endloop
  endfacet
  facet normal -0.643469 -0.527746 0.554465
    outer loop
      vertex 46.7306 21.526 55.39
      vertex 46.4133 21.2825 54.79
      vertex 46.4963 21.1813 54.79
    endloop
  endfacet
  facet normal -0.48486 -0.676419 0.554408
    outer loop
      vertex 47.026 21.2306 55.39
      vertex 46.8889 20.8371 54.79
      vertex 47.1111 21.1696 55.39
    endloop
  endfacet
  facet normal -0.484556 0.676597 0.554456
    outer loop
      vertex 46.8889 24.1629 54.79
      vertex 46.7825 24.0867 54.79
      vertex 47.026 23.7694 55.39
    endloop
  endfacet
  facet normal 0.527746 0.643469 0.554465
    outer loop
      vertex 49.2175 24.0867 54.79
      vertex 48.974 23.7694 55.39
      vertex 49.3187 24.0037 54.79
    endloop
  endfacet
  facet normal -0.241511 0.79635 0.554526
    outer loop
      vertex 47.4824 24.4319 54.79
      vertex 47.3571 24.3939 54.79
      vertex 47.4857 24.0151 55.39
    endloop
  endfacet
  facet normal -0.733743 -0.392707 0.554439
    outer loop
      vertex 46.565 21.7923 55.39
      vertex 46.2063 21.6154 54.79
      vertex 46.6144 21.7 55.39
    endloop
  endfacet
  facet normal -0.810403 -0.189094 0.554518
    outer loop
      vertex 46.4307 22.1879 55.39
      vertex 46.0681 21.9824 54.79
      vertex 46.4545 22.0859 55.39
    endloop
  endfacet
  facet normal 0.241511 -0.79635 0.554526
    outer loop
      vertex 48.6429 20.6061 54.79
      vertex 48.5143 20.9849 55.39
      vertex 48.5176 20.5681 54.79
    endloop
  endfacet
  facet normal -0.821115 0.13513 0.554536
    outer loop
      vertex 46.4307 22.8121 55.39
      vertex 46.0171 22.7611 54.79
      vertex 46.4137 22.7088 55.39
    endloop
  endfacet
  facet normal -0.733882 -0.392379 0.554487
    outer loop
      vertex 46.6144 21.7 55.39
      vertex 46.2063 21.6154 54.79
      vertex 46.268 21.5 54.79
    endloop
  endfacet
  facet normal -0.392379 0.733882 0.554487
    outer loop
      vertex 47.1154 24.2937 54.79
      vertex 47 24.232 54.79
      vertex 47.2 23.8856 55.39
    endloop
  endfacet
  facet normal 0.484556 -0.676597 0.554456
    outer loop
      vertex 49.2175 20.9133 54.79
      vertex 48.974 21.2306 55.39
      vertex 49.1111 20.8371 54.79
    endloop
  endfacet
  facet normal 0.293238 -0.778789 0.554526
    outer loop
      vertex 48.6123 21.0218 55.39
      vertex 48.5143 20.9849 55.39
      vertex 48.6429 20.6061 54.79
    endloop
  endfacet
  facet normal -0.796331 0.241601 0.554514
    outer loop
      vertex 46.4849 23.0143 55.39
      vertex 46.0681 23.0176 54.79
      vertex 46.4545 22.9141 55.39
    endloop
  endfacet
  facet normal 0.707039 -0.439017 0.5544
    outer loop
      vertex 49.3856 21.7 55.39
      vertex 49.3304 21.6111 55.39
      vertex 49.6629 21.3889 54.79
    endloop
  endfacet
  facet normal 0.706662 -0.439517 0.554485
    outer loop
      vertex 49.732 21.5 54.79
      vertex 49.3856 21.7 55.39
      vertex 49.6629 21.3889 54.79
    endloop
  endfacet
  facet normal -0.189094 -0.810403 0.554518
    outer loop
      vertex 47.5859 20.9545 55.39
      vertex 47.4824 20.5681 54.79
      vertex 47.6879 20.9307 55.39
    endloop
  endfacet
  facet normal 0 0 1
    outer loop
      vertex 49.5966 22.6046 55.39
      vertex 49.5966 22.3954 55.39
      vertex 49.6 22.5 55.39
    endloop
  endfacet
  facet normal 0 0 1
    outer loop
      vertex 49.5863 22.7088 55.39
      vertex 49.5966 22.3954 55.39
      vertex 49.5966 22.6046 55.39
    endloop
  endfacet
  facet normal 0 0 1
    outer loop
      vertex 49.5863 22.7088 55.39
      vertex 49.5863 22.2912 55.39
      vertex 49.5966 22.3954 55.39
    endloop
  endfacet
  facet normal 0 0 1
    outer loop
      vertex 49.5693 22.8121 55.39
      vertex 49.5863 22.2912 55.39
      vertex 49.5863 22.7088 55.39
    endloop
  endfacet
  facet normal 0 0 1
    outer loop
      vertex 49.5693 22.8121 55.39
      vertex 49.5693 22.1879 55.39
      vertex 49.5863 22.2912 55.39
    endloop
  endfacet
  facet normal 0 0 1
    outer loop
      vertex 49.5455 22.9141 55.39
      vertex 49.5693 22.1879 55.39
      vertex 49.5693 22.8121 55.39
    endloop
  endfacet
  facet normal 0 0 1
    outer loop
      vertex 49.5455 22.9141 55.39
      vertex 49.5455 22.0859 55.39
      vertex 49.5693 22.1879 55.39
    endloop
  endfacet
  facet normal 0 0 1
    outer loop
      vertex 49.5151 23.0143 55.39
      vertex 49.5455 22.0859 55.39
      vertex 49.5455 22.9141 55.39
    endloop
  endfacet
  facet normal 0 0 1
    outer loop
      vertex 49.5151 23.0143 55.39
      vertex 49.5151 21.9857 55.39
      vertex 49.5455 22.0859 55.39
    endloop
  endfacet
  facet normal 0 0 1
    outer loop
      vertex 49.4782 23.1123 55.39
      vertex 49.5151 21.9857 55.39
      vertex 49.5151 23.0143 55.39
    endloop
  endfacet
  facet normal 0 0 1
    outer loop
      vertex 49.4782 23.1123 55.39
      vertex 49.4782 21.8877 55.39
      vertex 49.5151 21.9857 55.39
    endloop
  endfacet
  facet normal 0 0 1
    outer loop
      vertex 49.435 23.2077 55.39
      vertex 49.4782 21.8877 55.39
      vertex 49.4782 23.1123 55.39
    endloop
  endfacet
  facet normal 0 0 1
    outer loop
      vertex 49.435 23.2077 55.39
      vertex 49.435 21.7923 55.39
      vertex 49.4782 21.8877 55.39
    endloop
  endfacet
  facet normal 0 0 1
    outer loop
      vertex 49.3856 23.3 55.39
      vertex 49.435 21.7923 55.39
      vertex 49.435 23.2077 55.39
    endloop
  endfacet
  facet normal 0 0 1
    outer loop
      vertex 49.3856 23.3 55.39
      vertex 49.3856 21.7 55.39
      vertex 49.435 21.7923 55.39
    endloop
  endfacet
  facet normal 0 0 1
    outer loop
      vertex 49.3304 23.3889 55.39
      vertex 49.3856 21.7 55.39
      vertex 49.3856 23.3 55.39
    endloop
  endfacet
  facet normal 0 0 1
    outer loop
      vertex 49.3304 23.3889 55.39
      vertex 49.3304 21.6111 55.39
      vertex 49.3856 21.7 55.39
    endloop
  endfacet
  facet normal 0 0 1
    outer loop
      vertex 49.2694 23.474 55.39
      vertex 49.3304 21.6111 55.39
      vertex 49.3304 23.3889 55.39
    endloop
  endfacet
  facet normal 0 0 1
    outer loop
      vertex 49.2694 23.474 55.39
      vertex 49.2694 21.526 55.39
      vertex 49.3304 21.6111 55.39
    endloop
  endfacet
  facet normal 0 0 1
    outer loop
      vertex 49.2029 23.555 55.39
      vertex 49.2694 21.526 55.39
      vertex 49.2694 23.474 55.39
    endloop
  endfacet
  facet normal 0 0 1
    outer loop
      vertex 49.2029 23.555 55.39
      vertex 49.2029 21.445 55.39
      vertex 49.2694 21.526 55.39
    endloop
  endfacet
  facet normal 0 0 1
    outer loop
      vertex 49.1314 23.6314 55.39
      vertex 49.2029 21.445 55.39
      vertex 49.2029 23.555 55.39
    endloop
  endfacet
  facet normal 0 0 1
    outer loop
      vertex 49.1314 23.6314 55.39
      vertex 49.1314 21.3686 55.39
      vertex 49.2029 21.445 55.39
    endloop
  endfacet
  facet normal 0 0 1
    outer loop
      vertex 49.055 23.7029 55.39
      vertex 49.1314 21.3686 55.39
      vertex 49.1314 23.6314 55.39
    endloop
  endfacet
  facet normal 0 0 1
    outer loop
      vertex 49.055 23.7029 55.39
      vertex 49.055 21.2971 55.39
      vertex 49.1314 21.3686 55.39
    endloop
  endfacet
  facet normal 0 0 1
    outer loop
      vertex 48.974 23.7694 55.39
      vertex 49.055 21.2971 55.39
      vertex 49.055 23.7029 55.39
    endloop
  endfacet
  facet normal 0 0 1
    outer loop
      vertex 48.974 23.7694 55.39
      vertex 48.974 21.2306 55.39
      vertex 49.055 21.2971 55.39
    endloop
  endfacet
  facet normal 0 0 1
    outer loop
      vertex 48.8889 23.8304 55.39
      vertex 48.974 21.2306 55.39
      vertex 48.974 23.7694 55.39
    endloop
  endfacet
  facet normal 0 0 1
    outer loop
      vertex 48.8889 23.8304 55.39
      vertex 48.8889 21.1696 55.39
      vertex 48.974 21.2306 55.39
    endloop
  endfacet
  facet normal 0 0 1
    outer loop
      vertex 48.8 23.8856 55.39
      vertex 48.8889 21.1696 55.39
      vertex 48.8889 23.8304 55.39
    endloop
  endfacet
  facet normal 0 0 1
    outer loop
      vertex 48.8 23.8856 55.39
      vertex 48.8 21.1144 55.39
      vertex 48.8889 21.1696 55.39
    endloop
  endfacet
  facet normal 0 0 1
    outer loop
      vertex 48.7077 23.935 55.39
      vertex 48.8 21.1144 55.39
      vertex 48.8 23.8856 55.39
    endloop
  endfacet
  facet normal 0 0 1
    outer loop
      vertex 48.7077 23.935 55.39
      vertex 48.7077 21.065 55.39
      vertex 48.8 21.1144 55.39
    endloop
  endfacet
  facet normal 0 0 1
    outer loop
      vertex 48.6123 23.9782 55.39
      vertex 48.7077 21.065 55.39
      vertex 48.7077 23.935 55.39
    endloop
  endfacet
  facet normal 0 0 1
    outer loop
      vertex 48.6123 23.9782 55.39
      vertex 48.6123 21.0218 55.39
      vertex 48.7077 21.065 55.39
    endloop
  endfacet
  facet normal 0 0 1
    outer loop
      vertex 48.5143 24.0151 55.39
      vertex 48.6123 21.0218 55.39
      vertex 48.6123 23.9782 55.39
    endloop
  endfacet
  facet normal 0 0 1
    outer loop
      vertex 48.5143 24.0151 55.39
      vertex 48.5143 20.9849 55.39
      vertex 48.6123 21.0218 55.39
    endloop
  endfacet
  facet normal 0 0 1
    outer loop
      vertex 48.4141 24.0455 55.39
      vertex 48.5143 20.9849 55.39
      vertex 48.5143 24.0151 55.39
    endloop
  endfacet
  facet normal 0 0 1
    outer loop
      vertex 48.4141 24.0455 55.39
      vertex 48.4141 20.9545 55.39
      vertex 48.5143 20.9849 55.39
    endloop
  endfacet
  facet normal 0 0 1
    outer loop
      vertex 48.3121 24.0693 55.39
      vertex 48.4141 20.9545 55.39
      vertex 48.4141 24.0455 55.39
    endloop
  endfacet
  facet normal 0 0 1
    outer loop
      vertex 48.3121 24.0693 55.39
      vertex 48.3121 20.9307 55.39
      vertex 48.4141 20.9545 55.39
    endloop
  endfacet
  facet normal 0 0 1
    outer loop
      vertex 48.2088 24.0863 55.39
      vertex 48.3121 20.9307 55.39
      vertex 48.3121 24.0693 55.39
    endloop
  endfacet
  facet normal 0 0 1
    outer loop
      vertex 48.2088 24.0863 55.39
      vertex 48.2088 20.9137 55.39
      vertex 48.3121 20.9307 55.39
    endloop
  endfacet
  facet normal 0 0 1
    outer loop
      vertex 48.1046 24.0966 55.39
      vertex 48.2088 20.9137 55.39
      vertex 48.2088 24.0863 55.39
    endloop
  endfacet
  facet normal 0 0 1
    outer loop
      vertex 48.1046 24.0966 55.39
      vertex 48.1046 20.9034 55.39
      vertex 48.2088 20.9137 55.39
    endloop
  endfacet
  facet normal 0 0 1
    outer loop
      vertex 48 24.1 55.39
      vertex 48.1046 20.9034 55.39
      vertex 48.1046 24.0966 55.39
    endloop
  endfacet
  facet normal 0 0 1
    outer loop
      vertex 48 24.1 55.39
      vertex 48 20.9 55.39
      vertex 48.1046 20.9034 55.39
    endloop
  endfacet
  facet normal -0 0 1
    outer loop
      vertex 47.8954 24.0966 55.39
      vertex 48 20.9 55.39
      vertex 48 24.1 55.39
    endloop
  endfacet
  facet normal 0 0 1
    outer loop
      vertex 47.8954 24.0966 55.39
      vertex 47.8954 20.9034 55.39
      vertex 48 20.9 55.39
    endloop
  endfacet
  facet normal -0 0 1
    outer loop
      vertex 47.7912 24.0863 55.39
      vertex 47.8954 20.9034 55.39
      vertex 47.8954 24.0966 55.39
    endloop
  endfacet
  facet normal 0 0 1
    outer loop
      vertex 47.7912 24.0863 55.39
      vertex 47.7912 20.9137 55.39
      vertex 47.8954 20.9034 55.39
    endloop
  endfacet
  facet normal -0 0 1
    outer loop
      vertex 47.6879 24.0693 55.39
      vertex 47.7912 20.9137 55.39
      vertex 47.7912 24.0863 55.39
    endloop
  endfacet
  facet normal 0 0 1
    outer loop
      vertex 47.6879 24.0693 55.39
      vertex 47.6879 20.9307 55.39
      vertex 47.7912 20.9137 55.39
    endloop
  endfacet
  facet normal -0 0 1
    outer loop
      vertex 47.5859 24.0455 55.39
      vertex 47.6879 20.9307 55.39
      vertex 47.6879 24.0693 55.39
    endloop
  endfacet
  facet normal 0 0 1
    outer loop
      vertex 47.5859 24.0455 55.39
      vertex 47.5859 20.9545 55.39
      vertex 47.6879 20.9307 55.39
    endloop
  endfacet
  facet normal -0 0 1
    outer loop
      vertex 47.4857 24.0151 55.39
      vertex 47.5859 20.9545 55.39
      vertex 47.5859 24.0455 55.39
    endloop
  endfacet
  facet normal 0 0 1
    outer loop
      vertex 47.4857 24.0151 55.39
      vertex 47.4857 20.9849 55.39
      vertex 47.5859 20.9545 55.39
    endloop
  endfacet
  facet normal -0 0 1
    outer loop
      vertex 47.3877 23.9782 55.39
      vertex 47.4857 20.9849 55.39
      vertex 47.4857 24.0151 55.39
    endloop
  endfacet
  facet normal 0 0 1
    outer loop
      vertex 47.3877 23.9782 55.39
      vertex 47.3877 21.0218 55.39
      vertex 47.4857 20.9849 55.39
    endloop
  endfacet
  facet normal -0 0 1
    outer loop
      vertex 47.2923 23.935 55.39
      vertex 47.3877 21.0218 55.39
      vertex 47.3877 23.9782 55.39
    endloop
  endfacet
  facet normal 0 0 1
    outer loop
      vertex 47.2923 23.935 55.39
      vertex 47.2923 21.065 55.39
      vertex 47.3877 21.0218 55.39
    endloop
  endfacet
  facet normal -0 0 1
    outer loop
      vertex 47.2 23.8856 55.39
      vertex 47.2923 21.065 55.39
      vertex 47.2923 23.935 55.39
    endloop
  endfacet
  facet normal 0 0 1
    outer loop
      vertex 47.2 23.8856 55.39
      vertex 47.2 21.1144 55.39
      vertex 47.2923 21.065 55.39
    endloop
  endfacet
  facet normal -0 0 1
    outer loop
      vertex 47.1111 23.8304 55.39
      vertex 47.2 21.1144 55.39
      vertex 47.2 23.8856 55.39
    endloop
  endfacet
  facet normal 0 0 1
    outer loop
      vertex 47.1111 23.8304 55.39
      vertex 47.1111 21.1696 55.39
      vertex 47.2 21.1144 55.39
    endloop
  endfacet
  facet normal -0 0 1
    outer loop
      vertex 47.026 23.7694 55.39
      vertex 47.1111 21.1696 55.39
      vertex 47.1111 23.8304 55.39
    endloop
  endfacet
  facet normal 0 0 1
    outer loop
      vertex 47.026 23.7694 55.39
      vertex 47.026 21.2306 55.39
      vertex 47.1111 21.1696 55.39
    endloop
  endfacet
  facet normal -0 0 1
    outer loop
      vertex 46.945 23.7029 55.39
      vertex 47.026 21.2306 55.39
      vertex 47.026 23.7694 55.39
    endloop
  endfacet
  facet normal 0 0 1
    outer loop
      vertex 46.945 23.7029 55.39
      vertex 46.945 21.2971 55.39
      vertex 47.026 21.2306 55.39
    endloop
  endfacet
  facet normal -0 0 1
    outer loop
      vertex 46.8686 23.6314 55.39
      vertex 46.945 21.2971 55.39
      vertex 46.945 23.7029 55.39
    endloop
  endfacet
  facet normal 0 0 1
    outer loop
      vertex 46.8686 23.6314 55.39
      vertex 46.8686 21.3686 55.39
      vertex 46.945 21.2971 55.39
    endloop
  endfacet
  facet normal -0 0 1
    outer loop
      vertex 46.7971 23.555 55.39
      vertex 46.8686 21.3686 55.39
      vertex 46.8686 23.6314 55.39
    endloop
  endfacet
  facet normal 0 0 1
    outer loop
      vertex 46.7971 23.555 55.39
      vertex 46.7971 21.445 55.39
      vertex 46.8686 21.3686 55.39
    endloop
  endfacet
  facet normal -0 0 1
    outer loop
      vertex 46.7306 23.474 55.39
      vertex 46.7971 21.445 55.39
      vertex 46.7971 23.555 55.39
    endloop
  endfacet
  facet normal 0 0 1
    outer loop
      vertex 46.7306 23.474 55.39
      vertex 46.7306 21.526 55.39
      vertex 46.7971 21.445 55.39
    endloop
  endfacet
  facet normal -0 0 1
    outer loop
      vertex 46.6696 23.3889 55.39
      vertex 46.7306 21.526 55.39
      vertex 46.7306 23.474 55.39
    endloop
  endfacet
  facet normal 0 0 1
    outer loop
      vertex 46.6696 23.3889 55.39
      vertex 46.6696 21.6111 55.39
      vertex 46.7306 21.526 55.39
    endloop
  endfacet
  facet normal -0 0 1
    outer loop
      vertex 46.6144 23.3 55.39
      vertex 46.6696 21.6111 55.39
      vertex 46.6696 23.3889 55.39
    endloop
  endfacet
  facet normal 0 0 1
    outer loop
      vertex 46.6144 23.3 55.39
      vertex 46.6144 21.7 55.39
      vertex 46.6696 21.6111 55.39
    endloop
  endfacet
  facet normal -0 0 1
    outer loop
      vertex 46.565 23.2077 55.39
      vertex 46.6144 21.7 55.39
      vertex 46.6144 23.3 55.39
    endloop
  endfacet
  facet normal 0 0 1
    outer loop
      vertex 46.565 23.2077 55.39
      vertex 46.565 21.7923 55.39
      vertex 46.6144 21.7 55.39
    endloop
  endfacet
  facet normal -0 0 1
    outer loop
      vertex 46.5218 23.1123 55.39
      vertex 46.565 21.7923 55.39
      vertex 46.565 23.2077 55.39
    endloop
  endfacet
  facet normal 0 0 1
    outer loop
      vertex 46.5218 23.1123 55.39
      vertex 46.5218 21.8877 55.39
      vertex 46.565 21.7923 55.39
    endloop
  endfacet
  facet normal -0 0 1
    outer loop
      vertex 46.4849 23.0143 55.39
      vertex 46.5218 21.8877 55.39
      vertex 46.5218 23.1123 55.39
    endloop
  endfacet
  facet normal 0 0 1
    outer loop
      vertex 46.4849 23.0143 55.39
      vertex 46.4849 21.9857 55.39
      vertex 46.5218 21.8877 55.39
    endloop
  endfacet
  facet normal -0 0 1
    outer loop
      vertex 46.4545 22.9141 55.39
      vertex 46.4849 21.9857 55.39
      vertex 46.4849 23.0143 55.39
    endloop
  endfacet
  facet normal 0 0 1
    outer loop
      vertex 46.4545 22.9141 55.39
      vertex 46.4545 22.0859 55.39
      vertex 46.4849 21.9857 55.39
    endloop
  endfacet
  facet normal -0 0 1
    outer loop
      vertex 46.4307 22.8121 55.39
      vertex 46.4545 22.0859 55.39
      vertex 46.4545 22.9141 55.39
    endloop
  endfacet
  facet normal 0 0 1
    outer loop
      vertex 46.4307 22.8121 55.39
      vertex 46.4307 22.1879 55.39
      vertex 46.4545 22.0859 55.39
    endloop
  endfacet
  facet normal -0 0 1
    outer loop
      vertex 46.4137 22.7088 55.39
      vertex 46.4307 22.1879 55.39
      vertex 46.4307 22.8121 55.39
    endloop
  endfacet
  facet normal 0 0 1
    outer loop
      vertex 46.4137 22.7088 55.39
      vertex 46.4137 22.2912 55.39
      vertex 46.4307 22.1879 55.39
    endloop
  endfacet
  facet normal -0 0 1
    outer loop
      vertex 46.4034 22.6046 55.39
      vertex 46.4137 22.2912 55.39
      vertex 46.4137 22.7088 55.39
    endloop
  endfacet
  facet normal 0 0 1
    outer loop
      vertex 46.4034 22.6046 55.39
      vertex 46.4034 22.3954 55.39
      vertex 46.4137 22.2912 55.39
    endloop
  endfacet
  facet normal 0 -0 1
    outer loop
      vertex 46.4034 22.3954 55.39
      vertex 46.4034 22.6046 55.39
      vertex 46.4 22.5 55.39
    endloop
  endfacet
  facet normal 0.48486 0.676419 0.554408
    outer loop
      vertex 49.1111 24.1629 54.79
      vertex 48.8889 23.8304 55.39
      vertex 48.974 23.7694 55.39
    endloop
  endfacet
  facet normal -0.439517 0.706662 0.554485
    outer loop
      vertex 47 24.232 54.79
      vertex 46.8889 24.1629 54.79
      vertex 47.2 23.8856 55.39
    endloop
  endfacet
  facet normal -0.568627 -0.607595 0.554519
    outer loop
      vertex 46.8686 21.3686 55.39
      vertex 46.6813 20.9963 54.79
      vertex 46.945 21.2971 55.39
    endloop
  endfacet
  facet normal -0.758116 -0.343298 0.554443
    outer loop
      vertex 46.5218 21.8877 55.39
      vertex 46.2063 21.6154 54.79
      vertex 46.565 21.7923 55.39
    endloop
  endfacet
  facet normal -0.0818592 -0.828129 0.554528
    outer loop
      vertex 47.7912 20.9137 55.39
      vertex 47.7389 20.5171 54.79
      vertex 47.8954 20.9034 55.39
    endloop
  endfacet
  facet normal -0.392707 -0.733743 0.554439
    outer loop
      vertex 47.2 21.1144 55.39
      vertex 47.1154 20.7063 54.79
      vertex 47.2923 21.065 55.39
    endloop
  endfacet
  facet normal -0.392379 -0.733882 0.554487
    outer loop
      vertex 47.2 21.1144 55.39
      vertex 47 20.768 54.79
      vertex 47.1154 20.7063 54.79
    endloop
  endfacet
  facet normal 0.99506 0.0992769 0
    outer loop
      vertex 119.996 22.6308 54.79
      vertex 119.983 22.7611 52
      vertex 119.983 22.7611 54.79
    endloop
  endfacet
  facet normal 0.99506 0.0992769 0
    outer loop
      vertex 119.983 22.7611 52
      vertex 119.996 22.6308 54.79
      vertex 119.996 22.6308 52
    endloop
  endfacet
  facet normal 0.999533 0.0305668 0
    outer loop
      vertex 120 22.5 54.79
      vertex 119.996 22.6308 52
      vertex 119.996 22.6308 54.79
    endloop
  endfacet
  facet normal 0.999533 0.0305668 0
    outer loop
      vertex 119.996 22.6308 52
      vertex 120 22.5 54.79
      vertex 120 22.5 52
    endloop
  endfacet
  facet normal 0.727752 -0.68584 0
    outer loop
      vertex 119.414 21.0858 54.79
      vertex 119.504 21.1813 52
      vertex 119.504 21.1813 54.79
    endloop
  endfacet
  facet normal 0.727752 -0.68584 0
    outer loop
      vertex 119.504 21.1813 52
      vertex 119.414 21.0858 54.79
      vertex 119.414 21.0858 52
    endloop
  endfacet
  facet normal 0.936172 0.351542 0
    outer loop
      vertex 119.894 23.1429 54.79
      vertex 119.848 23.2654 52
      vertex 119.848 23.2654 54.79
    endloop
  endfacet
  facet normal 0.936172 0.351542 0
    outer loop
      vertex 119.848 23.2654 52
      vertex 119.894 23.1429 54.79
      vertex 119.894 23.1429 52
    endloop
  endfacet
  facet normal 0.580085 -0.814556 0
    outer loop
      vertex 119.111 20.8371 52
      vertex 119.218 20.9133 54.79
      vertex 119.111 20.8371 54.79
    endloop
  endfacet
  facet normal 0.580085 -0.814556 0
    outer loop
      vertex 119.218 20.9133 54.79
      vertex 119.111 20.8371 52
      vertex 119.218 20.9133 52
    endloop
  endfacet
  facet normal -0.95696 0.290219 0
    outer loop
      vertex 116.068 23.0176 52
      vertex 116.106 23.1429 54.79
      vertex 116.106 23.1429 52
    endloop
  endfacet
  facet normal -0.95696 0.290219 0
    outer loop
      vertex 116.106 23.1429 54.79
      vertex 116.068 23.0176 52
      vertex 116.068 23.0176 54.79
    endloop
  endfacet
  facet normal 0.528486 -0.848942 0
    outer loop
      vertex 119 20.768 52
      vertex 119.111 20.8371 54.79
      vertex 119 20.768 54.79
    endloop
  endfacet
  facet normal 0.528486 -0.848942 0
    outer loop
      vertex 119.111 20.8371 54.79
      vertex 119 20.768 52
      vertex 119.111 20.8371 52
    endloop
  endfacet
  facet normal -0.472774 0.881184 0
    outer loop
      vertex 117.115 24.2937 52
      vertex 117 24.232 54.79
      vertex 117.115 24.2937 54.79
    endloop
  endfacet
  facet normal -0.472774 0.881184 0
    outer loop
      vertex 117 24.232 54.79
      vertex 117.115 24.2937 52
      vertex 117 24.232 52
    endloop
  endfacet
  facet normal -0.973377 0.22921 0
    outer loop
      vertex 116.038 22.8902 52
      vertex 116.068 23.0176 54.79
      vertex 116.068 23.0176 52
    endloop
  endfacet
  facet normal -0.973377 0.22921 0
    outer loop
      vertex 116.068 23.0176 54.79
      vertex 116.038 22.8902 52
      vertex 116.038 22.8902 54.79
    endloop
  endfacet
  facet normal 0.973377 0.22921 0
    outer loop
      vertex 119.962 22.8902 54.79
      vertex 119.932 23.0176 52
      vertex 119.932 23.0176 54.79
    endloop
  endfacet
  facet normal 0.973377 0.22921 0
    outer loop
      vertex 119.932 23.0176 52
      vertex 119.962 22.8902 54.79
      vertex 119.962 22.8902 52
    endloop
  endfacet
  facet normal 0.773208 -0.634153 0
    outer loop
      vertex 119.504 21.1813 54.79
      vertex 119.587 21.2825 52
      vertex 119.587 21.2825 54.79
    endloop
  endfacet
  facet normal 0.773208 -0.634153 0
    outer loop
      vertex 119.587 21.2825 52
      vertex 119.504 21.1813 54.79
      vertex 119.504 21.1813 52
    endloop
  endfacet
  facet normal -0.353475 0.935444 0
    outer loop
      vertex 117.357 24.3939 52
      vertex 117.235 24.3478 54.79
      vertex 117.357 24.3939 54.79
    endloop
  endfacet
  facet normal -0.353475 0.935444 0
    outer loop
      vertex 117.235 24.3478 54.79
      vertex 117.357 24.3939 52
      vertex 117.235 24.3478 52
    endloop
  endfacet
  facet normal 0.353475 -0.935444 0
    outer loop
      vertex 118.643 20.6061 52
      vertex 118.765 20.6522 54.79
      vertex 118.643 20.6061 54.79
    endloop
  endfacet
  facet normal 0.353475 -0.935444 0
    outer loop
      vertex 118.765 20.6522 54.79
      vertex 118.643 20.6061 52
      vertex 118.765 20.6522 52
    endloop
  endfacet
  facet normal 0.290857 0.956767 -0
    outer loop
      vertex 118.643 24.3939 52
      vertex 118.518 24.4319 54.79
      vertex 118.643 24.3939 54.79
    endloop
  endfacet
  facet normal 0.290857 0.956767 0
    outer loop
      vertex 118.518 24.4319 54.79
      vertex 118.643 24.3939 52
      vertex 118.518 24.4319 52
    endloop
  endfacet
  facet normal 0.226027 0.974121 -0
    outer loop
      vertex 118.518 24.4319 52
      vertex 118.39 24.4616 54.79
      vertex 118.518 24.4319 54.79
    endloop
  endfacet
  facet normal 0.226027 0.974121 0
    outer loop
      vertex 118.39 24.4616 54.79
      vertex 118.518 24.4319 52
      vertex 118.39 24.4616 52
    endloop
  endfacet
  facet normal -0.936172 -0.351542 0
    outer loop
      vertex 116.152 21.7346 52
      vertex 116.106 21.8571 54.79
      vertex 116.106 21.8571 52
    endloop
  endfacet
  facet normal -0.936172 -0.351542 0
    outer loop
      vertex 116.106 21.8571 54.79
      vertex 116.152 21.7346 52
      vertex 116.152 21.7346 54.79
    endloop
  endfacet
  facet normal -0.727752 -0.68584 0
    outer loop
      vertex 116.586 21.0858 52
      vertex 116.496 21.1813 54.79
      vertex 116.496 21.1813 52
    endloop
  endfacet
  facet normal -0.727752 -0.68584 0
    outer loop
      vertex 116.496 21.1813 54.79
      vertex 116.586 21.0858 52
      vertex 116.586 21.0858 54.79
    endloop
  endfacet
  facet normal 0.16291 -0.986641 0
    outer loop
      vertex 118.261 20.5171 52
      vertex 118.39 20.5384 54.79
      vertex 118.261 20.5171 54.79
    endloop
  endfacet
  facet normal 0.16291 -0.986641 0
    outer loop
      vertex 118.39 20.5384 54.79
      vertex 118.261 20.5171 52
      vertex 118.39 20.5384 52
    endloop
  endfacet
  facet normal 0.410996 0.911637 -0
    outer loop
      vertex 118.885 24.2937 52
      vertex 118.765 24.3478 54.79
      vertex 118.885 24.2937 54.79
    endloop
  endfacet
  facet normal 0.410996 0.911637 0
    outer loop
      vertex 118.765 24.3478 54.79
      vertex 118.885 24.2937 52
      vertex 118.765 24.3478 52
    endloop
  endfacet
  facet normal 0.685723 -0.727863 0
    outer loop
      vertex 119.319 20.9963 52
      vertex 119.414 21.0858 54.79
      vertex 119.319 20.9963 54.79
    endloop
  endfacet
  facet normal 0.685723 -0.727863 0
    outer loop
      vertex 119.414 21.0858 54.79
      vertex 119.319 20.9963 52
      vertex 119.414 21.0858 52
    endloop
  endfacet
  facet normal 0.813733 -0.581238 0
    outer loop
      vertex 119.587 21.2825 54.79
      vertex 119.663 21.3889 52
      vertex 119.663 21.3889 54.79
    endloop
  endfacet
  facet normal 0.813733 -0.581238 0
    outer loop
      vertex 119.663 21.3889 52
      vertex 119.587 21.2825 54.79
      vertex 119.587 21.2825 52
    endloop
  endfacet
  facet normal -0.290857 -0.956767 0
    outer loop
      vertex 117.357 20.6061 52
      vertex 117.482 20.5681 54.79
      vertex 117.357 20.6061 54.79
    endloop
  endfacet
  facet normal -0.290857 -0.956767 -0
    outer loop
      vertex 117.482 20.5681 54.79
      vertex 117.357 20.6061 52
      vertex 117.482 20.5681 52
    endloop
  endfacet
  facet normal -0.910889 -0.412651 0
    outer loop
      vertex 116.206 21.6154 52
      vertex 116.152 21.7346 54.79
      vertex 116.152 21.7346 52
    endloop
  endfacet
  facet normal -0.910889 -0.412651 0
    outer loop
      vertex 116.152 21.7346 54.79
      vertex 116.206 21.6154 52
      vertex 116.206 21.6154 54.79
    endloop
  endfacet
  facet normal 0.95696 -0.290219 0
    outer loop
      vertex 119.894 21.8571 54.79
      vertex 119.932 21.9824 52
      vertex 119.932 21.9824 54.79
    endloop
  endfacet
  facet normal 0.95696 -0.290219 0
    outer loop
      vertex 119.932 21.9824 52
      vertex 119.894 21.8571 54.79
      vertex 119.894 21.8571 52
    endloop
  endfacet
  facet normal 0.580085 0.814556 -0
    outer loop
      vertex 119.218 24.0867 52
      vertex 119.111 24.1629 54.79
      vertex 119.218 24.0867 54.79
    endloop
  endfacet
  facet normal 0.580085 0.814556 0
    outer loop
      vertex 119.111 24.1629 54.79
      vertex 119.218 24.0867 52
      vertex 119.111 24.1629 52
    endloop
  endfacet
  facet normal -0.685723 0.727863 0
    outer loop
      vertex 116.681 24.0037 52
      vertex 116.586 23.9142 54.79
      vertex 116.681 24.0037 54.79
    endloop
  endfacet
  facet normal -0.685723 0.727863 0
    outer loop
      vertex 116.586 23.9142 54.79
      vertex 116.681 24.0037 52
      vertex 116.586 23.9142 52
    endloop
  endfacet
  facet normal 0.290857 -0.956767 0
    outer loop
      vertex 118.518 20.5681 52
      vertex 118.643 20.6061 54.79
      vertex 118.518 20.5681 54.79
    endloop
  endfacet
  facet normal 0.290857 -0.956767 0
    outer loop
      vertex 118.643 20.6061 54.79
      vertex 118.518 20.5681 52
      vertex 118.643 20.6061 52
    endloop
  endfacet
  facet normal -0.410996 0.911637 0
    outer loop
      vertex 117.235 24.3478 52
      vertex 117.115 24.2937 54.79
      vertex 117.235 24.3478 54.79
    endloop
  endfacet
  facet normal -0.410996 0.911637 0
    outer loop
      vertex 117.115 24.2937 54.79
      vertex 117.235 24.3478 52
      vertex 117.115 24.2937 52
    endloop
  endfacet
  facet normal -0.99506 0.0992769 0
    outer loop
      vertex 116.004 22.6308 52
      vertex 116.017 22.7611 54.79
      vertex 116.017 22.7611 52
    endloop
  endfacet
  facet normal -0.99506 0.0992769 0
    outer loop
      vertex 116.017 22.7611 54.79
      vertex 116.004 22.6308 52
      vertex 116.004 22.6308 54.79
    endloop
  endfacet
  facet normal 0.849498 0.527591 0
    outer loop
      vertex 119.732 23.5 54.79
      vertex 119.663 23.6111 52
      vertex 119.663 23.6111 54.79
    endloop
  endfacet
  facet normal 0.849498 0.527591 0
    outer loop
      vertex 119.663 23.6111 52
      vertex 119.732 23.5 54.79
      vertex 119.732 23.5 52
    endloop
  endfacet
  facet normal -0.0979877 0.995188 0
    outer loop
      vertex 117.869 24.4957 52
      vertex 117.739 24.4829 54.79
      vertex 117.869 24.4957 54.79
    endloop
  endfacet
  facet normal -0.0979877 0.995188 0
    outer loop
      vertex 117.739 24.4829 54.79
      vertex 117.869 24.4957 52
      vertex 117.739 24.4829 52
    endloop
  endfacet
  facet normal -0.634903 0.772592 0
    outer loop
      vertex 116.782 24.0867 52
      vertex 116.681 24.0037 54.79
      vertex 116.782 24.0867 54.79
    endloop
  endfacet
  facet normal -0.634903 0.772592 0
    outer loop
      vertex 116.681 24.0037 54.79
      vertex 116.782 24.0867 52
      vertex 116.681 24.0037 52
    endloop
  endfacet
  facet normal -0.16291 0.986641 0
    outer loop
      vertex 117.739 24.4829 52
      vertex 117.61 24.4616 54.79
      vertex 117.739 24.4829 54.79
    endloop
  endfacet
  facet normal -0.16291 0.986641 0
    outer loop
      vertex 117.61 24.4616 54.79
      vertex 117.739 24.4829 52
      vertex 117.61 24.4616 52
    endloop
  endfacet
  facet normal -0.773208 -0.634153 0
    outer loop
      vertex 116.496 21.1813 52
      vertex 116.413 21.2825 54.79
      vertex 116.413 21.2825 52
    endloop
  endfacet
  facet normal -0.773208 -0.634153 0
    outer loop
      vertex 116.413 21.2825 54.79
      vertex 116.496 21.1813 52
      vertex 116.496 21.1813 54.79
    endloop
  endfacet
  facet normal 0.999533 -0.0305668 0
    outer loop
      vertex 119.996 22.3692 54.79
      vertex 120 22.5 52
      vertex 120 22.5 54.79
    endloop
  endfacet
  facet normal 0.999533 -0.0305668 0
    outer loop
      vertex 120 22.5 52
      vertex 119.996 22.3692 54.79
      vertex 119.996 22.3692 52
    endloop
  endfacet
  facet normal 0.685723 0.727863 -0
    outer loop
      vertex 119.414 23.9142 52
      vertex 119.319 24.0037 54.79
      vertex 119.414 23.9142 54.79
    endloop
  endfacet
  facet normal 0.685723 0.727863 0
    outer loop
      vertex 119.319 24.0037 54.79
      vertex 119.414 23.9142 52
      vertex 119.319 24.0037 52
    endloop
  endfacet
  facet normal -0.580085 -0.814556 0
    outer loop
      vertex 116.782 20.9133 52
      vertex 116.889 20.8371 54.79
      vertex 116.782 20.9133 54.79
    endloop
  endfacet
  facet normal -0.580085 -0.814556 -0
    outer loop
      vertex 116.889 20.8371 54.79
      vertex 116.782 20.9133 52
      vertex 116.889 20.8371 52
    endloop
  endfacet
  facet normal -0.999533 -0.0305668 0
    outer loop
      vertex 116.004 22.3692 52
      vertex 116 22.5 54.79
      vertex 116 22.5 52
    endloop
  endfacet
  facet normal -0.999533 -0.0305668 0
    outer loop
      vertex 116 22.5 54.79
      vertex 116.004 22.3692 52
      vertex 116.004 22.3692 54.79
    endloop
  endfacet
  facet normal 0.880912 -0.47328 0
    outer loop
      vertex 119.732 21.5 54.79
      vertex 119.794 21.6154 52
      vertex 119.794 21.6154 54.79
    endloop
  endfacet
  facet normal 0.880912 -0.47328 0
    outer loop
      vertex 119.794 21.6154 52
      vertex 119.732 21.5 54.79
      vertex 119.732 21.5 52
    endloop
  endfacet
  facet normal -0.290857 0.956767 0
    outer loop
      vertex 117.482 24.4319 52
      vertex 117.357 24.3939 54.79
      vertex 117.482 24.4319 54.79
    endloop
  endfacet
  facet normal -0.290857 0.956767 0
    outer loop
      vertex 117.357 24.3939 54.79
      vertex 117.482 24.4319 52
      vertex 117.357 24.3939 52
    endloop
  endfacet
  facet normal 0.99506 -0.0992769 0
    outer loop
      vertex 119.983 22.2389 54.79
      vertex 119.996 22.3692 52
      vertex 119.996 22.3692 54.79
    endloop
  endfacet
  facet normal 0.99506 -0.0992769 0
    outer loop
      vertex 119.996 22.3692 52
      vertex 119.983 22.2389 54.79
      vertex 119.983 22.2389 52
    endloop
  endfacet
  facet normal -0.880912 0.47328 0
    outer loop
      vertex 116.206 23.3846 52
      vertex 116.268 23.5 54.79
      vertex 116.268 23.5 52
    endloop
  endfacet
  facet normal -0.880912 0.47328 0
    outer loop
      vertex 116.268 23.5 54.79
      vertex 116.206 23.3846 52
      vertex 116.206 23.3846 54.79
    endloop
  endfacet
  facet normal 0.95696 0.290219 0
    outer loop
      vertex 119.932 23.0176 54.79
      vertex 119.894 23.1429 52
      vertex 119.894 23.1429 54.79
    endloop
  endfacet
  facet normal 0.95696 0.290219 0
    outer loop
      vertex 119.894 23.1429 52
      vertex 119.932 23.0176 54.79
      vertex 119.932 23.0176 52
    endloop
  endfacet
  facet normal 0.849498 -0.527591 0
    outer loop
      vertex 119.663 21.3889 54.79
      vertex 119.732 21.5 52
      vertex 119.732 21.5 54.79
    endloop
  endfacet
  facet normal 0.849498 -0.527591 0
    outer loop
      vertex 119.732 21.5 52
      vertex 119.663 21.3889 54.79
      vertex 119.663 21.3889 52
    endloop
  endfacet
  facet normal -0.16291 -0.986641 0
    outer loop
      vertex 117.61 20.5384 52
      vertex 117.739 20.5171 54.79
      vertex 117.61 20.5384 54.79
    endloop
  endfacet
  facet normal -0.16291 -0.986641 -0
    outer loop
      vertex 117.739 20.5171 54.79
      vertex 117.61 20.5384 52
      vertex 117.739 20.5171 52
    endloop
  endfacet
  facet normal -0.0328068 0.999462 0
    outer loop
      vertex 118 24.5 52
      vertex 117.869 24.4957 54.79
      vertex 118 24.5 54.79
    endloop
  endfacet
  facet normal -0.0328068 0.999462 0
    outer loop
      vertex 117.869 24.4957 54.79
      vertex 118 24.5 52
      vertex 117.869 24.4957 52
    endloop
  endfacet
  facet normal -0.95696 -0.290219 0
    outer loop
      vertex 116.106 21.8571 52
      vertex 116.068 21.9824 54.79
      vertex 116.068 21.9824 52
    endloop
  endfacet
  facet normal -0.95696 -0.290219 0
    outer loop
      vertex 116.068 21.9824 54.79
      vertex 116.106 21.8571 52
      vertex 116.106 21.8571 54.79
    endloop
  endfacet
  facet normal 0.472774 -0.881184 0
    outer loop
      vertex 118.885 20.7063 52
      vertex 119 20.768 54.79
      vertex 118.885 20.7063 54.79
    endloop
  endfacet
  facet normal 0.472774 -0.881184 0
    outer loop
      vertex 119 20.768 54.79
      vertex 118.885 20.7063 52
      vertex 119 20.768 52
    endloop
  endfacet
  facet normal -0.987027 0.160554 0
    outer loop
      vertex 116.017 22.7611 52
      vertex 116.038 22.8902 54.79
      vertex 116.038 22.8902 52
    endloop
  endfacet
  facet normal -0.987027 0.160554 0
    outer loop
      vertex 116.038 22.8902 54.79
      vertex 116.017 22.7611 52
      vertex 116.017 22.7611 54.79
    endloop
  endfacet
  facet normal -0.849498 -0.527591 0
    outer loop
      vertex 116.337 21.3889 52
      vertex 116.268 21.5 54.79
      vertex 116.268 21.5 52
    endloop
  endfacet
  facet normal -0.849498 -0.527591 0
    outer loop
      vertex 116.268 21.5 54.79
      vertex 116.337 21.3889 52
      vertex 116.337 21.3889 54.79
    endloop
  endfacet
  facet normal 0.634903 0.772592 -0
    outer loop
      vertex 119.319 24.0037 52
      vertex 119.218 24.0867 54.79
      vertex 119.319 24.0037 54.79
    endloop
  endfacet
  facet normal 0.634903 0.772592 0
    outer loop
      vertex 119.218 24.0867 54.79
      vertex 119.319 24.0037 52
      vertex 119.218 24.0867 52
    endloop
  endfacet
  facet normal -0.987027 -0.160554 0
    outer loop
      vertex 116.038 22.1098 52
      vertex 116.017 22.2389 54.79
      vertex 116.017 22.2389 52
    endloop
  endfacet
  facet normal -0.987027 -0.160554 0
    outer loop
      vertex 116.017 22.2389 54.79
      vertex 116.038 22.1098 52
      vertex 116.038 22.1098 54.79
    endloop
  endfacet
  facet normal 0.880912 0.47328 0
    outer loop
      vertex 119.794 23.3846 54.79
      vertex 119.732 23.5 52
      vertex 119.732 23.5 54.79
    endloop
  endfacet
  facet normal 0.880912 0.47328 0
    outer loop
      vertex 119.732 23.5 52
      vertex 119.794 23.3846 54.79
      vertex 119.794 23.3846 52
    endloop
  endfacet
  facet normal 0.472774 0.881184 -0
    outer loop
      vertex 119 24.232 52
      vertex 118.885 24.2937 54.79
      vertex 119 24.232 54.79
    endloop
  endfacet
  facet normal 0.472774 0.881184 0
    outer loop
      vertex 118.885 24.2937 54.79
      vertex 119 24.232 52
      vertex 118.885 24.2937 52
    endloop
  endfacet
  facet normal -0.973377 -0.22921 0
    outer loop
      vertex 116.068 21.9824 52
      vertex 116.038 22.1098 54.79
      vertex 116.038 22.1098 52
    endloop
  endfacet
  facet normal -0.973377 -0.22921 0
    outer loop
      vertex 116.038 22.1098 54.79
      vertex 116.068 21.9824 52
      vertex 116.068 21.9824 54.79
    endloop
  endfacet
  facet normal -0.936172 0.351542 0
    outer loop
      vertex 116.106 23.1429 52
      vertex 116.152 23.2654 54.79
      vertex 116.152 23.2654 52
    endloop
  endfacet
  facet normal -0.936172 0.351542 0
    outer loop
      vertex 116.152 23.2654 54.79
      vertex 116.106 23.1429 52
      vertex 116.106 23.1429 54.79
    endloop
  endfacet
  facet normal 0.0979877 -0.995188 0
    outer loop
      vertex 118.131 20.5043 52
      vertex 118.261 20.5171 54.79
      vertex 118.131 20.5043 54.79
    endloop
  endfacet
  facet normal 0.0979877 -0.995188 0
    outer loop
      vertex 118.261 20.5171 54.79
      vertex 118.131 20.5043 52
      vertex 118.261 20.5171 52
    endloop
  endfacet
  facet normal 0.0328068 -0.999462 0
    outer loop
      vertex 118 20.5 52
      vertex 118.131 20.5043 54.79
      vertex 118 20.5 54.79
    endloop
  endfacet
  facet normal 0.0328068 -0.999462 0
    outer loop
      vertex 118.131 20.5043 54.79
      vertex 118 20.5 52
      vertex 118.131 20.5043 52
    endloop
  endfacet
  facet normal -0.528486 -0.848942 0
    outer loop
      vertex 116.889 20.8371 52
      vertex 117 20.768 54.79
      vertex 116.889 20.8371 54.79
    endloop
  endfacet
  facet normal -0.528486 -0.848942 -0
    outer loop
      vertex 117 20.768 54.79
      vertex 116.889 20.8371 52
      vertex 117 20.768 52
    endloop
  endfacet
  facet normal 0.773208 0.634153 0
    outer loop
      vertex 119.587 23.7175 54.79
      vertex 119.504 23.8187 52
      vertex 119.504 23.8187 54.79
    endloop
  endfacet
  facet normal 0.773208 0.634153 0
    outer loop
      vertex 119.504 23.8187 52
      vertex 119.587 23.7175 54.79
      vertex 119.587 23.7175 52
    endloop
  endfacet
  facet normal -0.849498 0.527591 0
    outer loop
      vertex 116.268 23.5 52
      vertex 116.337 23.6111 54.79
      vertex 116.337 23.6111 52
    endloop
  endfacet
  facet normal -0.849498 0.527591 0
    outer loop
      vertex 116.337 23.6111 54.79
      vertex 116.268 23.5 52
      vertex 116.268 23.5 54.79
    endloop
  endfacet
  facet normal 0.16291 0.986641 -0
    outer loop
      vertex 118.39 24.4616 52
      vertex 118.261 24.4829 54.79
      vertex 118.39 24.4616 54.79
    endloop
  endfacet
  facet normal 0.16291 0.986641 0
    outer loop
      vertex 118.261 24.4829 54.79
      vertex 118.39 24.4616 52
      vertex 118.261 24.4829 52
    endloop
  endfacet
  facet normal 0.973377 -0.22921 0
    outer loop
      vertex 119.932 21.9824 54.79
      vertex 119.962 22.1098 52
      vertex 119.962 22.1098 54.79
    endloop
  endfacet
  facet normal 0.973377 -0.22921 0
    outer loop
      vertex 119.962 22.1098 52
      vertex 119.932 21.9824 54.79
      vertex 119.932 21.9824 52
    endloop
  endfacet
  facet normal -0.813733 0.581238 0
    outer loop
      vertex 116.337 23.6111 52
      vertex 116.413 23.7175 54.79
      vertex 116.413 23.7175 52
    endloop
  endfacet
  facet normal -0.813733 0.581238 0
    outer loop
      vertex 116.413 23.7175 54.79
      vertex 116.337 23.6111 52
      vertex 116.337 23.6111 54.79
    endloop
  endfacet
  facet normal 0.528486 0.848942 -0
    outer loop
      vertex 119.111 24.1629 52
      vertex 119 24.232 54.79
      vertex 119.111 24.1629 54.79
    endloop
  endfacet
  facet normal 0.528486 0.848942 0
    outer loop
      vertex 119 24.232 54.79
      vertex 119.111 24.1629 52
      vertex 119 24.232 52
    endloop
  endfacet
  facet normal 0.0979877 0.995188 -0
    outer loop
      vertex 118.261 24.4829 52
      vertex 118.131 24.4957 54.79
      vertex 118.261 24.4829 54.79
    endloop
  endfacet
  facet normal 0.0979877 0.995188 0
    outer loop
      vertex 118.131 24.4957 54.79
      vertex 118.261 24.4829 52
      vertex 118.131 24.4957 52
    endloop
  endfacet
  facet normal 0.226027 -0.974121 0
    outer loop
      vertex 118.39 20.5384 52
      vertex 118.518 20.5681 54.79
      vertex 118.39 20.5384 54.79
    endloop
  endfacet
  facet normal 0.226027 -0.974121 0
    outer loop
      vertex 118.518 20.5681 54.79
      vertex 118.39 20.5384 52
      vertex 118.518 20.5681 52
    endloop
  endfacet
  facet normal -0.528486 0.848942 0
    outer loop
      vertex 117 24.232 52
      vertex 116.889 24.1629 54.79
      vertex 117 24.232 54.79
    endloop
  endfacet
  facet normal -0.528486 0.848942 0
    outer loop
      vertex 116.889 24.1629 54.79
      vertex 117 24.232 52
      vertex 116.889 24.1629 52
    endloop
  endfacet
  facet normal -0.773208 0.634153 0
    outer loop
      vertex 116.413 23.7175 52
      vertex 116.496 23.8187 54.79
      vertex 116.496 23.8187 52
    endloop
  endfacet
  facet normal -0.773208 0.634153 0
    outer loop
      vertex 116.496 23.8187 54.79
      vertex 116.413 23.7175 52
      vertex 116.413 23.7175 54.79
    endloop
  endfacet
  facet normal 0.813733 0.581238 0
    outer loop
      vertex 119.663 23.6111 54.79
      vertex 119.587 23.7175 52
      vertex 119.587 23.7175 54.79
    endloop
  endfacet
  facet normal 0.813733 0.581238 0
    outer loop
      vertex 119.587 23.7175 52
      vertex 119.663 23.6111 54.79
      vertex 119.663 23.6111 52
    endloop
  endfacet
  facet normal -0.880912 -0.47328 0
    outer loop
      vertex 116.268 21.5 52
      vertex 116.206 21.6154 54.79
      vertex 116.206 21.6154 52
    endloop
  endfacet
  facet normal -0.880912 -0.47328 0
    outer loop
      vertex 116.206 21.6154 54.79
      vertex 116.268 21.5 52
      vertex 116.268 21.5 54.79
    endloop
  endfacet
  facet normal -0.580085 0.814556 0
    outer loop
      vertex 116.889 24.1629 52
      vertex 116.782 24.0867 54.79
      vertex 116.889 24.1629 54.79
    endloop
  endfacet
  facet normal -0.580085 0.814556 0
    outer loop
      vertex 116.782 24.0867 54.79
      vertex 116.889 24.1629 52
      vertex 116.782 24.0867 52
    endloop
  endfacet
  facet normal 0.727752 0.68584 0
    outer loop
      vertex 119.504 23.8187 54.79
      vertex 119.414 23.9142 52
      vertex 119.414 23.9142 54.79
    endloop
  endfacet
  facet normal 0.727752 0.68584 0
    outer loop
      vertex 119.414 23.9142 52
      vertex 119.504 23.8187 54.79
      vertex 119.504 23.8187 52
    endloop
  endfacet
  facet normal -0.410996 -0.911637 0
    outer loop
      vertex 117.115 20.7063 52
      vertex 117.235 20.6522 54.79
      vertex 117.115 20.7063 54.79
    endloop
  endfacet
  facet normal -0.410996 -0.911637 -0
    outer loop
      vertex 117.235 20.6522 54.79
      vertex 117.115 20.7063 52
      vertex 117.235 20.6522 52
    endloop
  endfacet
  facet normal 0.987027 0.160554 0
    outer loop
      vertex 119.983 22.7611 54.79
      vertex 119.962 22.8902 52
      vertex 119.962 22.8902 54.79
    endloop
  endfacet
  facet normal 0.987027 0.160554 0
    outer loop
      vertex 119.962 22.8902 52
      vertex 119.983 22.7611 54.79
      vertex 119.983 22.7611 52
    endloop
  endfacet
  facet normal 0.910889 -0.412651 0
    outer loop
      vertex 119.794 21.6154 54.79
      vertex 119.848 21.7346 52
      vertex 119.848 21.7346 54.79
    endloop
  endfacet
  facet normal 0.910889 -0.412651 0
    outer loop
      vertex 119.848 21.7346 52
      vertex 119.794 21.6154 54.79
      vertex 119.794 21.6154 52
    endloop
  endfacet
  facet normal -0.727752 0.68584 0
    outer loop
      vertex 116.496 23.8187 52
      vertex 116.586 23.9142 54.79
      vertex 116.586 23.9142 52
    endloop
  endfacet
  facet normal -0.727752 0.68584 0
    outer loop
      vertex 116.586 23.9142 54.79
      vertex 116.496 23.8187 52
      vertex 116.496 23.8187 54.79
    endloop
  endfacet
  facet normal 0.353475 0.935444 -0
    outer loop
      vertex 118.765 24.3478 52
      vertex 118.643 24.3939 54.79
      vertex 118.765 24.3478 54.79
    endloop
  endfacet
  facet normal 0.353475 0.935444 0
    outer loop
      vertex 118.643 24.3939 54.79
      vertex 118.765 24.3478 52
      vertex 118.643 24.3939 52
    endloop
  endfacet
  facet normal 0.410996 -0.911637 0
    outer loop
      vertex 118.765 20.6522 52
      vertex 118.885 20.7063 54.79
      vertex 118.765 20.6522 54.79
    endloop
  endfacet
  facet normal 0.410996 -0.911637 0
    outer loop
      vertex 118.885 20.7063 54.79
      vertex 118.765 20.6522 52
      vertex 118.885 20.7063 52
    endloop
  endfacet
  facet normal -0.353475 -0.935444 0
    outer loop
      vertex 117.235 20.6522 52
      vertex 117.357 20.6061 54.79
      vertex 117.235 20.6522 54.79
    endloop
  endfacet
  facet normal -0.353475 -0.935444 -0
    outer loop
      vertex 117.357 20.6061 54.79
      vertex 117.235 20.6522 52
      vertex 117.357 20.6061 52
    endloop
  endfacet
  facet normal -0.99506 -0.0992769 0
    outer loop
      vertex 116.017 22.2389 52
      vertex 116.004 22.3692 54.79
      vertex 116.004 22.3692 52
    endloop
  endfacet
  facet normal -0.99506 -0.0992769 0
    outer loop
      vertex 116.004 22.3692 54.79
      vertex 116.017 22.2389 52
      vertex 116.017 22.2389 54.79
    endloop
  endfacet
  facet normal -0.634903 -0.772592 0
    outer loop
      vertex 116.681 20.9963 52
      vertex 116.782 20.9133 54.79
      vertex 116.681 20.9963 54.79
    endloop
  endfacet
  facet normal -0.634903 -0.772592 -0
    outer loop
      vertex 116.782 20.9133 54.79
      vertex 116.681 20.9963 52
      vertex 116.782 20.9133 52
    endloop
  endfacet
  facet normal 0.910889 0.412651 0
    outer loop
      vertex 119.848 23.2654 54.79
      vertex 119.794 23.3846 52
      vertex 119.794 23.3846 54.79
    endloop
  endfacet
  facet normal 0.910889 0.412651 0
    outer loop
      vertex 119.794 23.3846 52
      vertex 119.848 23.2654 54.79
      vertex 119.848 23.2654 52
    endloop
  endfacet
  facet normal -0.910889 0.412651 0
    outer loop
      vertex 116.152 23.2654 52
      vertex 116.206 23.3846 54.79
      vertex 116.206 23.3846 52
    endloop
  endfacet
  facet normal -0.910889 0.412651 0
    outer loop
      vertex 116.206 23.3846 54.79
      vertex 116.152 23.2654 52
      vertex 116.152 23.2654 54.79
    endloop
  endfacet
  facet normal -0.813733 -0.581238 0
    outer loop
      vertex 116.413 21.2825 52
      vertex 116.337 21.3889 54.79
      vertex 116.337 21.3889 52
    endloop
  endfacet
  facet normal -0.813733 -0.581238 0
    outer loop
      vertex 116.337 21.3889 54.79
      vertex 116.413 21.2825 52
      vertex 116.413 21.2825 54.79
    endloop
  endfacet
  facet normal 0.634903 -0.772592 0
    outer loop
      vertex 119.218 20.9133 52
      vertex 119.319 20.9963 54.79
      vertex 119.218 20.9133 54.79
    endloop
  endfacet
  facet normal 0.634903 -0.772592 0
    outer loop
      vertex 119.319 20.9963 54.79
      vertex 119.218 20.9133 52
      vertex 119.319 20.9963 52
    endloop
  endfacet
  facet normal 0.936172 -0.351542 0
    outer loop
      vertex 119.848 21.7346 54.79
      vertex 119.894 21.8571 52
      vertex 119.894 21.8571 54.79
    endloop
  endfacet
  facet normal 0.936172 -0.351542 0
    outer loop
      vertex 119.894 21.8571 52
      vertex 119.848 21.7346 54.79
      vertex 119.848 21.7346 52
    endloop
  endfacet
  facet normal -0.0328068 -0.999462 0
    outer loop
      vertex 117.869 20.5043 52
      vertex 118 20.5 54.79
      vertex 117.869 20.5043 54.79
    endloop
  endfacet
  facet normal -0.0328068 -0.999462 -0
    outer loop
      vertex 118 20.5 54.79
      vertex 117.869 20.5043 52
      vertex 118 20.5 52
    endloop
  endfacet
  facet normal 0.0328068 0.999462 -0
    outer loop
      vertex 118.131 24.4957 52
      vertex 118 24.5 54.79
      vertex 118.131 24.4957 54.79
    endloop
  endfacet
  facet normal 0.0328068 0.999462 0
    outer loop
      vertex 118 24.5 54.79
      vertex 118.131 24.4957 52
      vertex 118 24.5 52
    endloop
  endfacet
  facet normal -0.0979877 -0.995188 0
    outer loop
      vertex 117.739 20.5171 52
      vertex 117.869 20.5043 54.79
      vertex 117.739 20.5171 54.79
    endloop
  endfacet
  facet normal -0.0979877 -0.995188 -0
    outer loop
      vertex 117.869 20.5043 54.79
      vertex 117.739 20.5171 52
      vertex 117.869 20.5043 52
    endloop
  endfacet
  facet normal -0.685723 -0.727863 0
    outer loop
      vertex 116.586 21.0858 52
      vertex 116.681 20.9963 54.79
      vertex 116.586 21.0858 54.79
    endloop
  endfacet
  facet normal -0.685723 -0.727863 -0
    outer loop
      vertex 116.681 20.9963 54.79
      vertex 116.586 21.0858 52
      vertex 116.681 20.9963 52
    endloop
  endfacet
  facet normal 0.987027 -0.160554 0
    outer loop
      vertex 119.962 22.1098 54.79
      vertex 119.983 22.2389 52
      vertex 119.983 22.2389 54.79
    endloop
  endfacet
  facet normal 0.987027 -0.160554 0
    outer loop
      vertex 119.983 22.2389 52
      vertex 119.962 22.1098 54.79
      vertex 119.962 22.1098 52
    endloop
  endfacet
  facet normal -0.226027 0.974121 0
    outer loop
      vertex 117.61 24.4616 52
      vertex 117.482 24.4319 54.79
      vertex 117.61 24.4616 54.79
    endloop
  endfacet
  facet normal -0.226027 0.974121 0
    outer loop
      vertex 117.482 24.4319 54.79
      vertex 117.61 24.4616 52
      vertex 117.482 24.4319 52
    endloop
  endfacet
  facet normal -0.999533 0.0305668 0
    outer loop
      vertex 116 22.5 52
      vertex 116.004 22.6308 54.79
      vertex 116.004 22.6308 52
    endloop
  endfacet
  facet normal -0.999533 0.0305668 0
    outer loop
      vertex 116.004 22.6308 54.79
      vertex 116 22.5 52
      vertex 116 22.5 54.79
    endloop
  endfacet
  facet normal -0.226027 -0.974121 0
    outer loop
      vertex 117.482 20.5681 52
      vertex 117.61 20.5384 54.79
      vertex 117.482 20.5681 54.79
    endloop
  endfacet
  facet normal -0.226027 -0.974121 -0
    outer loop
      vertex 117.61 20.5384 54.79
      vertex 117.482 20.5681 52
      vertex 117.61 20.5384 52
    endloop
  endfacet
  facet normal -0.472774 -0.881184 0
    outer loop
      vertex 117 20.768 52
      vertex 117.115 20.7063 54.79
      vertex 117 20.768 54.79
    endloop
  endfacet
  facet normal -0.472774 -0.881184 -0
    outer loop
      vertex 117.115 20.7063 54.79
      vertex 117 20.768 52
      vertex 117.115 20.7063 52
    endloop
  endfacet
  facet normal 0.676912 -0.483508 0.554987
    outer loop
      vertex 119.663 21.3889 54.79
      vertex 119.269 21.526 55.39
      vertex 119.587 21.2825 54.79
    endloop
  endfacet
  facet normal 0.73489 0.390137 0.554734
    outer loop
      vertex 119.794 23.3846 54.79
      vertex 119.386 23.3 55.39
      vertex 119.435 23.2077 55.39
    endloop
  endfacet
  facet normal 0.831813 0.023857 0.554542
    outer loop
      vertex 120 22.5 54.79
      vertex 119.597 22.6046 55.39
      vertex 119.6 22.5 55.39
    endloop
  endfacet
  facet normal 0.831908 0.0254406 0.55433
    outer loop
      vertex 119.996 22.6308 54.79
      vertex 119.597 22.6046 55.39
      vertex 120 22.5 54.79
    endloop
  endfacet
  facet normal 0.643201 -0.527527 0.554985
    outer loop
      vertex 119.587 21.2825 54.79
      vertex 119.269 21.526 55.39
      vertex 119.504 21.1813 54.79
    endloop
  endfacet
  facet normal 0.485282 -0.676213 0.554289
    outer loop
      vertex 118.974 21.2306 55.39
      vertex 118.889 21.1696 55.39
      vertex 119.111 20.8371 54.79
    endloop
  endfacet
  facet normal 0.778422 -0.293894 0.554694
    outer loop
      vertex 119.515 21.9857 55.39
      vertex 119.478 21.8877 55.39
      vertex 119.894 21.8571 54.79
    endloop
  endfacet
  facet normal -0.820978 -0.133544 0.555123
    outer loop
      vertex 116.431 22.1879 55.39
      vertex 116.017 22.2389 54.79
      vertex 116.038 22.1098 54.79
    endloop
  endfacet
  facet normal -0.703913 -0.44341 0.554881
    outer loop
      vertex 116.614 21.7 55.39
      vertex 116.337 21.3889 54.79
      vertex 116.67 21.6111 55.39
    endloop
  endfacet
  facet normal 0.605569 0.570693 0.554613
    outer loop
      vertex 119.414 23.9142 54.79
      vertex 119.131 23.6314 55.39
      vertex 119.504 23.8187 54.79
    endloop
  endfacet
  facet normal 0.393433 0.733304 0.554505
    outer loop
      vertex 118.885 24.2937 54.79
      vertex 118.8 23.8856 55.39
      vertex 119 24.232 54.79
    endloop
  endfacet
  facet normal -0.528247 0.642806 0.554758
    outer loop
      vertex 116.782 24.0867 54.79
      vertex 116.681 24.0037 54.79
      vertex 117.026 23.7694 55.39
    endloop
  endfacet
  facet normal -0.293206 0.778705 0.554661
    outer loop
      vertex 117.486 24.0151 55.39
      vertex 117.357 24.3939 54.79
      vertex 117.388 23.9782 55.39
    endloop
  endfacet
  facet normal -0.5706 -0.605665 0.554603
    outer loop
      vertex 116.869 21.3686 55.39
      vertex 116.586 21.0858 54.79
      vertex 116.681 20.9963 54.79
    endloop
  endfacet
  facet normal 0.242018 0.796112 0.554646
    outer loop
      vertex 118.518 24.4319 54.79
      vertex 118.414 24.0455 55.39
      vertex 118.514 24.0151 55.39
    endloop
  endfacet
  facet normal 0.5706 -0.605665 0.554603
    outer loop
      vertex 119.414 21.0858 54.79
      vertex 119.131 21.3686 55.39
      vertex 119.319 20.9963 54.79
    endloop
  endfacet
  facet normal -0.703913 0.44341 0.554881
    outer loop
      vertex 116.67 23.3889 55.39
      vertex 116.337 23.6111 54.79
      vertex 116.614 23.3 55.39
    endloop
  endfacet
  facet normal -0.809626 -0.19065 0.555121
    outer loop
      vertex 116.431 22.1879 55.39
      vertex 116.038 22.1098 54.79
      vertex 116.068 21.9824 54.79
    endloop
  endfacet
  facet normal -0.0815478 0.82822 0.554438
    outer loop
      vertex 117.869 24.4957 54.79
      vertex 117.739 24.4829 54.79
      vertex 117.895 24.0966 55.39
    endloop
  endfacet
  facet normal -0.758567 0.341912 0.554683
    outer loop
      vertex 116.565 23.2077 55.39
      vertex 116.206 23.3846 54.79
      vertex 116.522 23.1123 55.39
    endloop
  endfacet
  facet normal 0.135574 -0.821082 0.554476
    outer loop
      vertex 118.312 20.9307 55.39
      vertex 118.261 20.5171 54.79
      vertex 118.39 20.5384 54.79
    endloop
  endfacet
  facet normal 0.342016 0.758631 0.554531
    outer loop
      vertex 118.765 24.3478 54.79
      vertex 118.612 23.9782 55.39
      vertex 118.885 24.2937 54.79
    endloop
  endfacet
  facet normal 0.643201 0.527527 0.554985
    outer loop
      vertex 119.504 23.8187 54.79
      vertex 119.269 23.474 55.39
      vertex 119.587 23.7175 54.79
    endloop
  endfacet
  facet normal 0.393693 0.733193 0.554467
    outer loop
      vertex 118.885 24.2937 54.79
      vertex 118.708 23.935 55.39
      vertex 118.8 23.8856 55.39
    endloop
  endfacet
  facet normal -0.341512 0.758916 0.554451
    outer loop
      vertex 117.388 23.9782 55.39
      vertex 117.115 24.2937 54.79
      vertex 117.292 23.935 55.39
    endloop
  endfacet
  facet normal 0.827263 0.0873311 0.554985
    outer loop
      vertex 119.983 22.7611 54.79
      vertex 119.586 22.7088 55.39
      vertex 119.597 22.6046 55.39
    endloop
  endfacet
  facet normal 0.135574 0.821082 0.554476
    outer loop
      vertex 118.39 24.4616 54.79
      vertex 118.261 24.4829 54.79
      vertex 118.312 24.0693 55.39
    endloop
  endfacet
  facet normal 0.828176 -0.0826269 0.554345
    outer loop
      vertex 119.996 22.3692 54.79
      vertex 119.597 22.3954 55.39
      vertex 119.983 22.2389 54.79
    endloop
  endfacet
  facet normal -0.0269328 -0.831748 0.554499
    outer loop
      vertex 118 20.9 55.39
      vertex 117.895 20.9034 55.39
      vertex 118 20.5 54.79
    endloop
  endfacet
  facet normal -0.188098 0.810656 0.554487
    outer loop
      vertex 117.61 24.4616 54.79
      vertex 117.482 24.4319 54.79
      vertex 117.688 24.0693 55.39
    endloop
  endfacet
  facet normal -0.820866 -0.135089 0.554915
    outer loop
      vertex 116.414 22.2912 55.39
      vertex 116.017 22.2389 54.79
      vertex 116.431 22.1879 55.39
    endloop
  endfacet
  facet normal 0.189078 0.810332 0.554627
    outer loop
      vertex 118.518 24.4319 54.79
      vertex 118.312 24.0693 55.39
      vertex 118.414 24.0455 55.39
    endloop
  endfacet
  facet normal -0.796233 -0.241475 0.55471
    outer loop
      vertex 116.485 21.9857 55.39
      vertex 116.068 21.9824 54.79
      vertex 116.106 21.8571 54.79
    endloop
  endfacet
  facet normal -0.48266 -0.677752 0.5547
    outer loop
      vertex 117.026 21.2306 55.39
      vertex 116.782 20.9133 54.79
      vertex 116.889 20.8371 54.79
    endloop
  endfacet
  facet normal -0.294149 0.778443 0.554529
    outer loop
      vertex 117.357 24.3939 54.79
      vertex 117.235 24.3478 54.79
      vertex 117.388 23.9782 55.39
    endloop
  endfacet
  facet normal -0.827263 0.0873311 0.554985
    outer loop
      vertex 116.414 22.7088 55.39
      vertex 116.017 22.7611 54.79
      vertex 116.403 22.6046 55.39
    endloop
  endfacet
  facet normal -0.676207 0.484708 0.554799
    outer loop
      vertex 116.731 23.474 55.39
      vertex 116.337 23.6111 54.79
      vertex 116.67 23.3889 55.39
    endloop
  endfacet
  facet normal -0.77882 -0.292455 0.554897
    outer loop
      vertex 116.522 21.8877 55.39
      vertex 116.106 21.8571 54.79
      vertex 116.152 21.7346 54.79
    endloop
  endfacet
  facet normal 0.77882 0.292455 0.554897
    outer loop
      vertex 119.848 23.2654 54.79
      vertex 119.478 23.1123 55.39
      vertex 119.894 23.1429 54.79
    endloop
  endfacet
  facet normal 0.796233 -0.241475 0.55471
    outer loop
      vertex 119.932 21.9824 54.79
      vertex 119.515 21.9857 55.39
      vertex 119.894 21.8571 54.79
    endloop
  endfacet
  facet normal -0.5706 0.605665 0.554603
    outer loop
      vertex 116.681 24.0037 54.79
      vertex 116.586 23.9142 54.79
      vertex 116.869 23.6314 55.39
    endloop
  endfacet
  facet normal 0.135519 -0.821086 0.554483
    outer loop
      vertex 118.312 20.9307 55.39
      vertex 118.209 20.9137 55.39
      vertex 118.261 20.5171 54.79
    endloop
  endfacet
  facet normal -0.393693 0.733193 0.554467
    outer loop
      vertex 117.292 23.935 55.39
      vertex 117.115 24.2937 54.79
      vertex 117.2 23.8856 55.39
    endloop
  endfacet
  facet normal 0.828176 0.0826269 0.554345
    outer loop
      vertex 119.983 22.7611 54.79
      vertex 119.597 22.6046 55.39
      vertex 119.996 22.6308 54.79
    endloop
  endfacet
  facet normal -0.0815478 -0.82822 0.554438
    outer loop
      vertex 117.895 20.9034 55.39
      vertex 117.739 20.5171 54.79
      vertex 117.869 20.5043 54.79
    endloop
  endfacet
  facet normal -0.294149 -0.778443 0.554529
    outer loop
      vertex 117.388 21.0218 55.39
      vertex 117.235 20.6522 54.79
      vertex 117.357 20.6061 54.79
    endloop
  endfacet
  facet normal 0.242018 -0.796112 0.554646
    outer loop
      vertex 118.514 20.9849 55.39
      vertex 118.414 20.9545 55.39
      vertex 118.518 20.5681 54.79
    endloop
  endfacet
  facet normal -0.831813 -0.023857 0.554542
    outer loop
      vertex 116.4 22.5 55.39
      vertex 116 22.5 54.79
      vertex 116.403 22.3954 55.39
    endloop
  endfacet
  facet normal 0.342016 -0.758631 0.554531
    outer loop
      vertex 118.885 20.7063 54.79
      vertex 118.612 21.0218 55.39
      vertex 118.765 20.6522 54.79
    endloop
  endfacet
  facet normal 0.570142 -0.606025 0.554683
    outer loop
      vertex 119.131 21.3686 55.39
      vertex 119.055 21.2971 55.39
      vertex 119.319 20.9963 54.79
    endloop
  endfacet
  facet normal -0.0269328 0.831748 0.554499
    outer loop
      vertex 118 24.5 54.79
      vertex 117.895 24.0966 55.39
      vertex 118 24.1 55.39
    endloop
  endfacet
  facet normal 0.605569 -0.570693 0.554613
    outer loop
      vertex 119.203 21.445 55.39
      vertex 119.131 21.3686 55.39
      vertex 119.504 21.1813 54.79
    endloop
  endfacet
  facet normal -0.527964 0.643084 0.554704
    outer loop
      vertex 117.026 23.7694 55.39
      vertex 116.681 24.0037 54.79
      vertex 116.945 23.7029 55.39
    endloop
  endfacet
  facet normal 0.605569 -0.570693 0.554613
    outer loop
      vertex 119.504 21.1813 54.79
      vertex 119.131 21.3686 55.39
      vertex 119.414 21.0858 54.79
    endloop
  endfacet
  facet normal -0.570142 0.606025 0.554683
    outer loop
      vertex 116.945 23.7029 55.39
      vertex 116.681 24.0037 54.79
      vertex 116.869 23.6314 55.39
    endloop
  endfacet
  facet normal -0.831908 0.0254406 0.55433
    outer loop
      vertex 116.004 22.6308 54.79
      vertex 116 22.5 54.79
      vertex 116.403 22.6046 55.39
    endloop
  endfacet
  facet normal 0.707127 0.43917 0.554167
    outer loop
      vertex 119.663 23.6111 54.79
      vertex 119.386 23.3 55.39
      vertex 119.732 23.5 54.79
    endloop
  endfacet
  facet normal 0.676207 -0.484708 0.554799
    outer loop
      vertex 119.33 21.6111 55.39
      vertex 119.269 21.526 55.39
      vertex 119.663 21.3889 54.79
    endloop
  endfacet
  facet normal 0.758567 -0.341912 0.554683
    outer loop
      vertex 119.478 21.8877 55.39
      vertex 119.435 21.7923 55.39
      vertex 119.794 21.6154 54.79
    endloop
  endfacet
  facet normal 0.79683 -0.238572 0.555109
    outer loop
      vertex 119.545 22.0859 55.39
      vertex 119.515 21.9857 55.39
      vertex 119.932 21.9824 54.79
    endloop
  endfacet
  facet normal -0.809672 0.190511 0.555101
    outer loop
      vertex 116.455 22.9141 55.39
      vertex 116.068 23.0176 54.79
      vertex 116.431 22.8121 55.39
    endloop
  endfacet
  facet normal 0.189078 -0.810332 0.554627
    outer loop
      vertex 118.414 20.9545 55.39
      vertex 118.312 20.9307 55.39
      vertex 118.518 20.5681 54.79
    endloop
  endfacet
  facet normal -0.676912 -0.483508 0.554987
    outer loop
      vertex 116.731 21.526 55.39
      vertex 116.337 21.3889 54.79
      vertex 116.413 21.2825 54.79
    endloop
  endfacet
  facet normal -0.242018 -0.796112 0.554646
    outer loop
      vertex 117.486 20.9849 55.39
      vertex 117.357 20.6061 54.79
      vertex 117.482 20.5681 54.79
    endloop
  endfacet
  facet normal 0.570142 0.606025 0.554683
    outer loop
      vertex 119.319 24.0037 54.79
      vertex 119.055 23.7029 55.39
      vertex 119.131 23.6314 55.39
    endloop
  endfacet
  facet normal 0.809626 0.19065 0.555121
    outer loop
      vertex 119.932 23.0176 54.79
      vertex 119.569 22.8121 55.39
      vertex 119.962 22.8902 54.79
    endloop
  endfacet
  facet normal 0.439804 -0.706487 0.55448
    outer loop
      vertex 119.111 20.8371 54.79
      vertex 118.8 21.1144 55.39
      vertex 119 20.768 54.79
    endloop
  endfacet
  facet normal -0.778422 0.293894 0.554694
    outer loop
      vertex 116.522 23.1123 55.39
      vertex 116.106 23.1429 54.79
      vertex 116.485 23.0143 55.39
    endloop
  endfacet
  facet normal 0.341512 0.758916 0.554451
    outer loop
      vertex 118.885 24.2937 54.79
      vertex 118.612 23.9782 55.39
      vertex 118.708 23.935 55.39
    endloop
  endfacet
  facet normal 0.48266 0.677752 0.5547
    outer loop
      vertex 119.111 24.1629 54.79
      vertex 118.974 23.7694 55.39
      vertex 119.218 24.0867 54.79
    endloop
  endfacet
  facet normal -0.645075 -0.525617 0.554621
    outer loop
      vertex 116.731 21.526 55.39
      vertex 116.496 21.1813 54.79
      vertex 116.797 21.445 55.39
    endloop
  endfacet
  facet normal 0.820978 -0.133544 0.555123
    outer loop
      vertex 119.983 22.2389 54.79
      vertex 119.569 22.1879 55.39
      vertex 119.962 22.1098 54.79
    endloop
  endfacet
  facet normal -0.242018 0.796112 0.554646
    outer loop
      vertex 117.586 24.0455 55.39
      vertex 117.482 24.4319 54.79
      vertex 117.486 24.0151 55.39
    endloop
  endfacet
  facet normal -0.605569 0.570693 0.554613
    outer loop
      vertex 116.869 23.6314 55.39
      vertex 116.496 23.8187 54.79
      vertex 116.797 23.555 55.39
    endloop
  endfacet
  facet normal 0.605569 0.570693 0.554613
    outer loop
      vertex 119.504 23.8187 54.79
      vertex 119.131 23.6314 55.39
      vertex 119.203 23.555 55.39
    endloop
  endfacet
  facet normal 0.757786 -0.343292 0.554898
    outer loop
      vertex 119.848 21.7346 54.79
      vertex 119.478 21.8877 55.39
      vertex 119.794 21.6154 54.79
    endloop
  endfacet
  facet normal -0.778422 -0.293894 0.554694
    outer loop
      vertex 116.485 21.9857 55.39
      vertex 116.106 21.8571 54.79
      vertex 116.522 21.8877 55.39
    endloop
  endfacet
  facet normal -0.605569 -0.570693 0.554613
    outer loop
      vertex 116.869 21.3686 55.39
      vertex 116.496 21.1813 54.79
      vertex 116.586 21.0858 54.79
    endloop
  endfacet
  facet normal 0.77882 -0.292455 0.554897
    outer loop
      vertex 119.894 21.8571 54.79
      vertex 119.478 21.8877 55.39
      vertex 119.848 21.7346 54.79
    endloop
  endfacet
  facet normal -0.439804 -0.706487 0.55448
    outer loop
      vertex 117.2 21.1144 55.39
      vertex 116.889 20.8371 54.79
      vertex 117 20.768 54.79
    endloop
  endfacet
  facet normal -0.135519 0.821086 0.554483
    outer loop
      vertex 117.739 24.4829 54.79
      vertex 117.688 24.0693 55.39
      vertex 117.791 24.0863 55.39
    endloop
  endfacet
  facet normal -0.189078 0.810332 0.554627
    outer loop
      vertex 117.688 24.0693 55.39
      vertex 117.482 24.4319 54.79
      vertex 117.586 24.0455 55.39
    endloop
  endfacet
  facet normal -0.707127 -0.43917 0.554167
    outer loop
      vertex 116.614 21.7 55.39
      vertex 116.268 21.5 54.79
      vertex 116.337 21.3889 54.79
    endloop
  endfacet
  facet normal -0.707127 0.43917 0.554167
    outer loop
      vertex 116.337 23.6111 54.79
      vertex 116.268 23.5 54.79
      vertex 116.614 23.3 55.39
    endloop
  endfacet
  facet normal -0.135574 0.821082 0.554476
    outer loop
      vertex 117.739 24.4829 54.79
      vertex 117.61 24.4616 54.79
      vertex 117.688 24.0693 55.39
    endloop
  endfacet
  facet normal -0.341512 -0.758916 0.554451
    outer loop
      vertex 117.292 21.065 55.39
      vertex 117.115 20.7063 54.79
      vertex 117.388 21.0218 55.39
    endloop
  endfacet
  facet normal -0.757786 -0.343292 0.554898
    outer loop
      vertex 116.522 21.8877 55.39
      vertex 116.152 21.7346 54.79
      vertex 116.206 21.6154 54.79
    endloop
  endfacet
  facet normal -0.342016 0.758631 0.554531
    outer loop
      vertex 117.235 24.3478 54.79
      vertex 117.115 24.2937 54.79
      vertex 117.388 23.9782 55.39
    endloop
  endfacet
  facet normal -0.676207 -0.484708 0.554799
    outer loop
      vertex 116.67 21.6111 55.39
      vertex 116.337 21.3889 54.79
      vertex 116.731 21.526 55.39
    endloop
  endfacet
  facet normal 0.188098 -0.810656 0.554487
    outer loop
      vertex 118.518 20.5681 54.79
      vertex 118.312 20.9307 55.39
      vertex 118.39 20.5384 54.79
    endloop
  endfacet
  facet normal -0.645075 0.525617 0.554621
    outer loop
      vertex 116.797 23.555 55.39
      vertex 116.496 23.8187 54.79
      vertex 116.731 23.474 55.39
    endloop
  endfacet
  facet normal 0.393693 -0.733193 0.554467
    outer loop
      vertex 118.8 21.1144 55.39
      vertex 118.708 21.065 55.39
      vertex 118.885 20.7063 54.79
    endloop
  endfacet
  facet normal 0.809672 -0.190511 0.555101
    outer loop
      vertex 119.569 22.1879 55.39
      vertex 119.545 22.0859 55.39
      vertex 119.932 21.9824 54.79
    endloop
  endfacet
  facet normal -0.796233 0.241475 0.55471
    outer loop
      vertex 116.106 23.1429 54.79
      vertex 116.068 23.0176 54.79
      vertex 116.485 23.0143 55.39
    endloop
  endfacet
  facet normal -0.831908 -0.0254406 0.55433
    outer loop
      vertex 116.403 22.3954 55.39
      vertex 116 22.5 54.79
      vertex 116.004 22.3692 54.79
    endloop
  endfacet
  facet normal -0.828176 -0.0826269 0.554345
    outer loop
      vertex 116.403 22.3954 55.39
      vertex 116.004 22.3692 54.79
      vertex 116.017 22.2389 54.79
    endloop
  endfacet
  facet normal 0.438698 -0.707322 0.554292
    outer loop
      vertex 118.889 21.1696 55.39
      vertex 118.8 21.1144 55.39
      vertex 119.111 20.8371 54.79
    endloop
  endfacet
  facet normal 0.0820168 -0.828131 0.554502
    outer loop
      vertex 118.209 20.9137 55.39
      vertex 118.105 20.9034 55.39
      vertex 118.261 20.5171 54.79
    endloop
  endfacet
  facet normal 0.778422 0.293894 0.554694
    outer loop
      vertex 119.894 23.1429 54.79
      vertex 119.478 23.1123 55.39
      vertex 119.515 23.0143 55.39
    endloop
  endfacet
  facet normal 0.79683 0.238572 0.555109
    outer loop
      vertex 119.932 23.0176 54.79
      vertex 119.515 23.0143 55.39
      vertex 119.545 22.9141 55.39
    endloop
  endfacet
  facet normal -0.438698 -0.707322 0.554292
    outer loop
      vertex 117.111 21.1696 55.39
      vertex 116.889 20.8371 54.79
      vertex 117.2 21.1144 55.39
    endloop
  endfacet
  facet normal 0.0820168 0.828131 0.554502
    outer loop
      vertex 118.261 24.4829 54.79
      vertex 118.105 24.0966 55.39
      vertex 118.209 24.0863 55.39
    endloop
  endfacet
  facet normal 0.676207 0.484708 0.554799
    outer loop
      vertex 119.663 23.6111 54.79
      vertex 119.269 23.474 55.39
      vertex 119.33 23.3889 55.39
    endloop
  endfacet
  facet normal -0.757786 0.343292 0.554898
    outer loop
      vertex 116.206 23.3846 54.79
      vertex 116.152 23.2654 54.79
      vertex 116.522 23.1123 55.39
    endloop
  endfacet
  facet normal 0.73489 -0.390137 0.554734
    outer loop
      vertex 119.435 21.7923 55.39
      vertex 119.386 21.7 55.39
      vertex 119.794 21.6154 54.79
    endloop
  endfacet
  facet normal -0.0273024 0.83177 0.554449
    outer loop
      vertex 118 24.5 54.79
      vertex 117.869 24.4957 54.79
      vertex 117.895 24.0966 55.39
    endloop
  endfacet
  facet normal 0.831908 -0.0254406 0.55433
    outer loop
      vertex 120 22.5 54.79
      vertex 119.597 22.3954 55.39
      vertex 119.996 22.3692 54.79
    endloop
  endfacet
  facet normal 0.831813 -0.023857 0.554542
    outer loop
      vertex 119.6 22.5 55.39
      vertex 119.597 22.3954 55.39
      vertex 120 22.5 54.79
    endloop
  endfacet
  facet normal -0.827263 -0.0873311 0.554985
    outer loop
      vertex 116.403 22.3954 55.39
      vertex 116.017 22.2389 54.79
      vertex 116.414 22.2912 55.39
    endloop
  endfacet
  facet normal 0.528247 -0.642806 0.554758
    outer loop
      vertex 119.319 20.9963 54.79
      vertex 118.974 21.2306 55.39
      vertex 119.218 20.9133 54.79
    endloop
  endfacet
  facet normal -0.676912 0.483508 0.554987
    outer loop
      vertex 116.413 23.7175 54.79
      vertex 116.337 23.6111 54.79
      vertex 116.731 23.474 55.39
    endloop
  endfacet
  facet normal 0.0269328 -0.831748 0.554499
    outer loop
      vertex 118 20.9 55.39
      vertex 118 20.5 54.79
      vertex 118.105 20.9034 55.39
    endloop
  endfacet
  facet normal 0.809626 -0.19065 0.555121
    outer loop
      vertex 119.962 22.1098 54.79
      vertex 119.569 22.1879 55.39
      vertex 119.932 21.9824 54.79
    endloop
  endfacet
  facet normal -0.605569 -0.570693 0.554613
    outer loop
      vertex 116.797 21.445 55.39
      vertex 116.496 21.1813 54.79
      vertex 116.869 21.3686 55.39
    endloop
  endfacet
  facet normal 0.439804 0.706487 0.55448
    outer loop
      vertex 119 24.232 54.79
      vertex 118.8 23.8856 55.39
      vertex 119.111 24.1629 54.79
    endloop
  endfacet
  facet normal 0.242018 0.796112 0.554646
    outer loop
      vertex 118.518 24.4319 54.79
      vertex 118.514 24.0151 55.39
      vertex 118.643 24.3939 54.79
    endloop
  endfacet
  facet normal 0.5706 0.605665 0.554603
    outer loop
      vertex 119.319 24.0037 54.79
      vertex 119.131 23.6314 55.39
      vertex 119.414 23.9142 54.79
    endloop
  endfacet
  facet normal 0.527964 0.643084 0.554704
    outer loop
      vertex 119.319 24.0037 54.79
      vertex 118.974 23.7694 55.39
      vertex 119.055 23.7029 55.39
    endloop
  endfacet
  facet normal 0.820866 0.135089 0.554915
    outer loop
      vertex 119.983 22.7611 54.79
      vertex 119.569 22.8121 55.39
      vertex 119.586 22.7088 55.39
    endloop
  endfacet
  facet normal -0.0820168 0.828131 0.554502
    outer loop
      vertex 117.895 24.0966 55.39
      vertex 117.739 24.4829 54.79
      vertex 117.791 24.0863 55.39
    endloop
  endfacet
  facet normal 0.0269328 0.831748 0.554499
    outer loop
      vertex 118 24.5 54.79
      vertex 118 24.1 55.39
      vertex 118.105 24.0966 55.39
    endloop
  endfacet
  facet normal 0.0815478 0.82822 0.554438
    outer loop
      vertex 118.131 24.4957 54.79
      vertex 118.105 24.0966 55.39
      vertex 118.261 24.4829 54.79
    endloop
  endfacet
  facet normal -0.605569 0.570693 0.554613
    outer loop
      vertex 116.586 23.9142 54.79
      vertex 116.496 23.8187 54.79
      vertex 116.869 23.6314 55.39
    endloop
  endfacet
  facet normal 0.0273024 0.83177 0.554449
    outer loop
      vertex 118.131 24.4957 54.79
      vertex 118 24.5 54.79
      vertex 118.105 24.0966 55.39
    endloop
  endfacet
  facet normal 0.294149 -0.778443 0.554529
    outer loop
      vertex 118.765 20.6522 54.79
      vertex 118.612 21.0218 55.39
      vertex 118.643 20.6061 54.79
    endloop
  endfacet
  facet normal 0.820866 -0.135089 0.554915
    outer loop
      vertex 119.586 22.2912 55.39
      vertex 119.569 22.1879 55.39
      vertex 119.983 22.2389 54.79
    endloop
  endfacet
  facet normal -0.79683 -0.238572 0.555109
    outer loop
      vertex 116.455 22.0859 55.39
      vertex 116.068 21.9824 54.79
      vertex 116.485 21.9857 55.39
    endloop
  endfacet
  facet normal -0.485282 0.676213 0.554289
    outer loop
      vertex 117.111 23.8304 55.39
      vertex 116.889 24.1629 54.79
      vertex 117.026 23.7694 55.39
    endloop
  endfacet
  facet normal -0.342016 -0.758631 0.554531
    outer loop
      vertex 117.388 21.0218 55.39
      vertex 117.115 20.7063 54.79
      vertex 117.235 20.6522 54.79
    endloop
  endfacet
  facet normal -0.820978 0.133544 0.555123
    outer loop
      vertex 116.038 22.8902 54.79
      vertex 116.017 22.7611 54.79
      vertex 116.431 22.8121 55.39
    endloop
  endfacet
  facet normal -0.77882 0.292455 0.554897
    outer loop
      vertex 116.152 23.2654 54.79
      vertex 116.106 23.1429 54.79
      vertex 116.522 23.1123 55.39
    endloop
  endfacet
  facet normal -0.135519 -0.821086 0.554483
    outer loop
      vertex 117.791 20.9137 55.39
      vertex 117.688 20.9307 55.39
      vertex 117.739 20.5171 54.79
    endloop
  endfacet
  facet normal -0.643201 0.527527 0.554985
    outer loop
      vertex 116.496 23.8187 54.79
      vertex 116.413 23.7175 54.79
      vertex 116.731 23.474 55.39
    endloop
  endfacet
  facet normal -0.135574 -0.821082 0.554476
    outer loop
      vertex 117.688 20.9307 55.39
      vertex 117.61 20.5384 54.79
      vertex 117.739 20.5171 54.79
    endloop
  endfacet
  facet normal 0.135519 0.821086 0.554483
    outer loop
      vertex 118.261 24.4829 54.79
      vertex 118.209 24.0863 55.39
      vertex 118.312 24.0693 55.39
    endloop
  endfacet
  facet normal 0.341512 -0.758916 0.554451
    outer loop
      vertex 118.708 21.065 55.39
      vertex 118.612 21.0218 55.39
      vertex 118.885 20.7063 54.79
    endloop
  endfacet
  facet normal 0.294149 0.778443 0.554529
    outer loop
      vertex 118.643 24.3939 54.79
      vertex 118.612 23.9782 55.39
      vertex 118.765 24.3478 54.79
    endloop
  endfacet
  facet normal -0.242018 -0.796112 0.554646
    outer loop
      vertex 117.486 20.9849 55.39
      vertex 117.482 20.5681 54.79
      vertex 117.586 20.9545 55.39
    endloop
  endfacet
  facet normal -0.809626 0.19065 0.555121
    outer loop
      vertex 116.068 23.0176 54.79
      vertex 116.038 22.8902 54.79
      vertex 116.431 22.8121 55.39
    endloop
  endfacet
  facet normal 0.0815478 -0.82822 0.554438
    outer loop
      vertex 118.261 20.5171 54.79
      vertex 118.105 20.9034 55.39
      vertex 118.131 20.5043 54.79
    endloop
  endfacet
  facet normal 0.676912 0.483508 0.554987
    outer loop
      vertex 119.587 23.7175 54.79
      vertex 119.269 23.474 55.39
      vertex 119.663 23.6111 54.79
    endloop
  endfacet
  facet normal 0.733272 -0.393959 0.554173
    outer loop
      vertex 119.794 21.6154 54.79
      vertex 119.386 21.7 55.39
      vertex 119.732 21.5 54.79
    endloop
  endfacet
  facet normal -0.293206 -0.778705 0.554661
    outer loop
      vertex 117.388 21.0218 55.39
      vertex 117.357 20.6061 54.79
      vertex 117.486 20.9849 55.39
    endloop
  endfacet
  facet normal -0.528247 -0.642806 0.554758
    outer loop
      vertex 117.026 21.2306 55.39
      vertex 116.681 20.9963 54.79
      vertex 116.782 20.9133 54.79
    endloop
  endfacet
  facet normal 0.0273024 -0.83177 0.554449
    outer loop
      vertex 118.105 20.9034 55.39
      vertex 118 20.5 54.79
      vertex 118.131 20.5043 54.79
    endloop
  endfacet
  facet normal -0.73489 0.390137 0.554734
    outer loop
      vertex 116.614 23.3 55.39
      vertex 116.206 23.3846 54.79
      vertex 116.565 23.2077 55.39
    endloop
  endfacet
  facet normal -0.188098 -0.810656 0.554487
    outer loop
      vertex 117.688 20.9307 55.39
      vertex 117.482 20.5681 54.79
      vertex 117.61 20.5384 54.79
    endloop
  endfacet
  facet normal -0.527964 -0.643084 0.554704
    outer loop
      vertex 116.945 21.2971 55.39
      vertex 116.681 20.9963 54.79
      vertex 117.026 21.2306 55.39
    endloop
  endfacet
  facet normal -0.828176 0.0826269 0.554345
    outer loop
      vertex 116.017 22.7611 54.79
      vertex 116.004 22.6308 54.79
      vertex 116.403 22.6046 55.39
    endloop
  endfacet
  facet normal -0.831813 0.023857 0.554542
    outer loop
      vertex 116.403 22.6046 55.39
      vertex 116 22.5 54.79
      vertex 116.4 22.5 55.39
    endloop
  endfacet
  facet normal 0.645075 -0.525617 0.554621
    outer loop
      vertex 119.269 21.526 55.39
      vertex 119.203 21.445 55.39
      vertex 119.504 21.1813 54.79
    endloop
  endfacet
  facet normal 0.293206 0.778705 0.554661
    outer loop
      vertex 118.643 24.3939 54.79
      vertex 118.514 24.0151 55.39
      vertex 118.612 23.9782 55.39
    endloop
  endfacet
  facet normal 0.827263 -0.0873311 0.554985
    outer loop
      vertex 119.597 22.3954 55.39
      vertex 119.586 22.2912 55.39
      vertex 119.983 22.2389 54.79
    endloop
  endfacet
  facet normal -0.0273024 -0.83177 0.554449
    outer loop
      vertex 117.895 20.9034 55.39
      vertex 117.869 20.5043 54.79
      vertex 118 20.5 54.79
    endloop
  endfacet
  facet normal -0.733272 0.393959 0.554173
    outer loop
      vertex 116.268 23.5 54.79
      vertex 116.206 23.3846 54.79
      vertex 116.614 23.3 55.39
    endloop
  endfacet
  facet normal 0.438698 0.707322 0.554292
    outer loop
      vertex 119.111 24.1629 54.79
      vertex 118.8 23.8856 55.39
      vertex 118.889 23.8304 55.39
    endloop
  endfacet
  facet normal 0.645075 0.525617 0.554621
    outer loop
      vertex 119.504 23.8187 54.79
      vertex 119.203 23.555 55.39
      vertex 119.269 23.474 55.39
    endloop
  endfacet
  facet normal 0.188098 0.810656 0.554487
    outer loop
      vertex 118.39 24.4616 54.79
      vertex 118.312 24.0693 55.39
      vertex 118.518 24.4319 54.79
    endloop
  endfacet
  facet normal 0.809672 0.190511 0.555101
    outer loop
      vertex 119.932 23.0176 54.79
      vertex 119.545 22.9141 55.39
      vertex 119.569 22.8121 55.39
    endloop
  endfacet
  facet normal 0.820978 0.133544 0.555123
    outer loop
      vertex 119.962 22.8902 54.79
      vertex 119.569 22.8121 55.39
      vertex 119.983 22.7611 54.79
    endloop
  endfacet
  facet normal 0.733272 0.393959 0.554173
    outer loop
      vertex 119.732 23.5 54.79
      vertex 119.386 23.3 55.39
      vertex 119.794 23.3846 54.79
    endloop
  endfacet
  facet normal 0.703913 0.44341 0.554881
    outer loop
      vertex 119.663 23.6111 54.79
      vertex 119.33 23.3889 55.39
      vertex 119.386 23.3 55.39
    endloop
  endfacet
  facet normal 0.758567 0.341912 0.554683
    outer loop
      vertex 119.794 23.3846 54.79
      vertex 119.435 23.2077 55.39
      vertex 119.478 23.1123 55.39
    endloop
  endfacet
  facet normal 0.796233 0.241475 0.55471
    outer loop
      vertex 119.894 23.1429 54.79
      vertex 119.515 23.0143 55.39
      vertex 119.932 23.0176 54.79
    endloop
  endfacet
  facet normal 0.757786 0.343292 0.554898
    outer loop
      vertex 119.794 23.3846 54.79
      vertex 119.478 23.1123 55.39
      vertex 119.848 23.2654 54.79
    endloop
  endfacet
  facet normal 0.393433 -0.733304 0.554505
    outer loop
      vertex 119 20.768 54.79
      vertex 118.8 21.1144 55.39
      vertex 118.885 20.7063 54.79
    endloop
  endfacet
  facet normal -0.438698 0.707322 0.554292
    outer loop
      vertex 117.2 23.8856 55.39
      vertex 116.889 24.1629 54.79
      vertex 117.111 23.8304 55.39
    endloop
  endfacet
  facet normal 0.527964 -0.643084 0.554704
    outer loop
      vertex 119.055 21.2971 55.39
      vertex 118.974 21.2306 55.39
      vertex 119.319 20.9963 54.79
    endloop
  endfacet
  facet normal -0.643201 -0.527527 0.554985
    outer loop
      vertex 116.731 21.526 55.39
      vertex 116.413 21.2825 54.79
      vertex 116.496 21.1813 54.79
    endloop
  endfacet
  facet normal -0.485282 -0.676213 0.554289
    outer loop
      vertex 117.026 21.2306 55.39
      vertex 116.889 20.8371 54.79
      vertex 117.111 21.1696 55.39
    endloop
  endfacet
  facet normal -0.48266 0.677752 0.5547
    outer loop
      vertex 116.889 24.1629 54.79
      vertex 116.782 24.0867 54.79
      vertex 117.026 23.7694 55.39
    endloop
  endfacet
  facet normal 0.528247 0.642806 0.554758
    outer loop
      vertex 119.218 24.0867 54.79
      vertex 118.974 23.7694 55.39
      vertex 119.319 24.0037 54.79
    endloop
  endfacet
  facet normal -0.242018 0.796112 0.554646
    outer loop
      vertex 117.482 24.4319 54.79
      vertex 117.357 24.3939 54.79
      vertex 117.486 24.0151 55.39
    endloop
  endfacet
  facet normal -0.73489 -0.390137 0.554734
    outer loop
      vertex 116.565 21.7923 55.39
      vertex 116.206 21.6154 54.79
      vertex 116.614 21.7 55.39
    endloop
  endfacet
  facet normal -0.809672 -0.190511 0.555101
    outer loop
      vertex 116.431 22.1879 55.39
      vertex 116.068 21.9824 54.79
      vertex 116.455 22.0859 55.39
    endloop
  endfacet
  facet normal 0.242018 -0.796112 0.554646
    outer loop
      vertex 118.643 20.6061 54.79
      vertex 118.514 20.9849 55.39
      vertex 118.518 20.5681 54.79
    endloop
  endfacet
  facet normal -0.820866 0.135089 0.554915
    outer loop
      vertex 116.431 22.8121 55.39
      vertex 116.017 22.7611 54.79
      vertex 116.414 22.7088 55.39
    endloop
  endfacet
  facet normal -0.733272 -0.393959 0.554173
    outer loop
      vertex 116.614 21.7 55.39
      vertex 116.206 21.6154 54.79
      vertex 116.268 21.5 54.79
    endloop
  endfacet
  facet normal -0.393433 0.733304 0.554505
    outer loop
      vertex 117.115 24.2937 54.79
      vertex 117 24.232 54.79
      vertex 117.2 23.8856 55.39
    endloop
  endfacet
  facet normal 0.48266 -0.677752 0.5547
    outer loop
      vertex 119.218 20.9133 54.79
      vertex 118.974 21.2306 55.39
      vertex 119.111 20.8371 54.79
    endloop
  endfacet
  facet normal 0.293206 -0.778705 0.554661
    outer loop
      vertex 118.612 21.0218 55.39
      vertex 118.514 20.9849 55.39
      vertex 118.643 20.6061 54.79
    endloop
  endfacet
  facet normal -0.79683 0.238572 0.555109
    outer loop
      vertex 116.485 23.0143 55.39
      vertex 116.068 23.0176 54.79
      vertex 116.455 22.9141 55.39
    endloop
  endfacet
  facet normal 0.703913 -0.44341 0.554881
    outer loop
      vertex 119.386 21.7 55.39
      vertex 119.33 21.6111 55.39
      vertex 119.663 21.3889 54.79
    endloop
  endfacet
  facet normal 0.707127 -0.43917 0.554167
    outer loop
      vertex 119.732 21.5 54.79
      vertex 119.386 21.7 55.39
      vertex 119.663 21.3889 54.79
    endloop
  endfacet
  facet normal -0.189078 -0.810332 0.554627
    outer loop
      vertex 117.586 20.9545 55.39
      vertex 117.482 20.5681 54.79
      vertex 117.688 20.9307 55.39
    endloop
  endfacet
  facet normal 0 0 1
    outer loop
      vertex 119.597 22.6046 55.39
      vertex 119.597 22.3954 55.39
      vertex 119.6 22.5 55.39
    endloop
  endfacet
  facet normal 0 0 1
    outer loop
      vertex 119.586 22.7088 55.39
      vertex 119.597 22.3954 55.39
      vertex 119.597 22.6046 55.39
    endloop
  endfacet
  facet normal 0 0 1
    outer loop
      vertex 119.586 22.7088 55.39
      vertex 119.586 22.2912 55.39
      vertex 119.597 22.3954 55.39
    endloop
  endfacet
  facet normal 0 0 1
    outer loop
      vertex 119.569 22.8121 55.39
      vertex 119.586 22.2912 55.39
      vertex 119.586 22.7088 55.39
    endloop
  endfacet
  facet normal 0 0 1
    outer loop
      vertex 119.569 22.8121 55.39
      vertex 119.569 22.1879 55.39
      vertex 119.586 22.2912 55.39
    endloop
  endfacet
  facet normal 0 0 1
    outer loop
      vertex 119.545 22.9141 55.39
      vertex 119.569 22.1879 55.39
      vertex 119.569 22.8121 55.39
    endloop
  endfacet
  facet normal 0 0 1
    outer loop
      vertex 119.545 22.9141 55.39
      vertex 119.545 22.0859 55.39
      vertex 119.569 22.1879 55.39
    endloop
  endfacet
  facet normal 0 0 1
    outer loop
      vertex 119.515 23.0143 55.39
      vertex 119.545 22.0859 55.39
      vertex 119.545 22.9141 55.39
    endloop
  endfacet
  facet normal 0 0 1
    outer loop
      vertex 119.515 23.0143 55.39
      vertex 119.515 21.9857 55.39
      vertex 119.545 22.0859 55.39
    endloop
  endfacet
  facet normal 0 0 1
    outer loop
      vertex 119.478 23.1123 55.39
      vertex 119.515 21.9857 55.39
      vertex 119.515 23.0143 55.39
    endloop
  endfacet
  facet normal 0 0 1
    outer loop
      vertex 119.478 23.1123 55.39
      vertex 119.478 21.8877 55.39
      vertex 119.515 21.9857 55.39
    endloop
  endfacet
  facet normal 0 0 1
    outer loop
      vertex 119.435 23.2077 55.39
      vertex 119.478 21.8877 55.39
      vertex 119.478 23.1123 55.39
    endloop
  endfacet
  facet normal 0 0 1
    outer loop
      vertex 119.435 23.2077 55.39
      vertex 119.435 21.7923 55.39
      vertex 119.478 21.8877 55.39
    endloop
  endfacet
  facet normal 0 0 1
    outer loop
      vertex 119.386 23.3 55.39
      vertex 119.435 21.7923 55.39
      vertex 119.435 23.2077 55.39
    endloop
  endfacet
  facet normal 0 0 1
    outer loop
      vertex 119.386 23.3 55.39
      vertex 119.386 21.7 55.39
      vertex 119.435 21.7923 55.39
    endloop
  endfacet
  facet normal 0 0 1
    outer loop
      vertex 119.33 23.3889 55.39
      vertex 119.386 21.7 55.39
      vertex 119.386 23.3 55.39
    endloop
  endfacet
  facet normal 0 0 1
    outer loop
      vertex 119.33 23.3889 55.39
      vertex 119.33 21.6111 55.39
      vertex 119.386 21.7 55.39
    endloop
  endfacet
  facet normal 0 0 1
    outer loop
      vertex 119.269 23.474 55.39
      vertex 119.33 21.6111 55.39
      vertex 119.33 23.3889 55.39
    endloop
  endfacet
  facet normal 0 0 1
    outer loop
      vertex 119.269 23.474 55.39
      vertex 119.269 21.526 55.39
      vertex 119.33 21.6111 55.39
    endloop
  endfacet
  facet normal 0 0 1
    outer loop
      vertex 119.203 23.555 55.39
      vertex 119.269 21.526 55.39
      vertex 119.269 23.474 55.39
    endloop
  endfacet
  facet normal 0 0 1
    outer loop
      vertex 119.203 23.555 55.39
      vertex 119.203 21.445 55.39
      vertex 119.269 21.526 55.39
    endloop
  endfacet
  facet normal 0 0 1
    outer loop
      vertex 119.131 23.6314 55.39
      vertex 119.203 21.445 55.39
      vertex 119.203 23.555 55.39
    endloop
  endfacet
  facet normal 0 0 1
    outer loop
      vertex 119.131 23.6314 55.39
      vertex 119.131 21.3686 55.39
      vertex 119.203 21.445 55.39
    endloop
  endfacet
  facet normal 0 0 1
    outer loop
      vertex 119.055 23.7029 55.39
      vertex 119.131 21.3686 55.39
      vertex 119.131 23.6314 55.39
    endloop
  endfacet
  facet normal 0 0 1
    outer loop
      vertex 119.055 23.7029 55.39
      vertex 119.055 21.2971 55.39
      vertex 119.131 21.3686 55.39
    endloop
  endfacet
  facet normal 0 0 1
    outer loop
      vertex 118.974 23.7694 55.39
      vertex 119.055 21.2971 55.39
      vertex 119.055 23.7029 55.39
    endloop
  endfacet
  facet normal 0 0 1
    outer loop
      vertex 118.974 23.7694 55.39
      vertex 118.974 21.2306 55.39
      vertex 119.055 21.2971 55.39
    endloop
  endfacet
  facet normal 0 0 1
    outer loop
      vertex 118.889 23.8304 55.39
      vertex 118.974 21.2306 55.39
      vertex 118.974 23.7694 55.39
    endloop
  endfacet
  facet normal 0 0 1
    outer loop
      vertex 118.889 23.8304 55.39
      vertex 118.889 21.1696 55.39
      vertex 118.974 21.2306 55.39
    endloop
  endfacet
  facet normal 0 0 1
    outer loop
      vertex 118.8 23.8856 55.39
      vertex 118.889 21.1696 55.39
      vertex 118.889 23.8304 55.39
    endloop
  endfacet
  facet normal 0 0 1
    outer loop
      vertex 118.8 23.8856 55.39
      vertex 118.8 21.1144 55.39
      vertex 118.889 21.1696 55.39
    endloop
  endfacet
  facet normal 0 0 1
    outer loop
      vertex 118.708 23.935 55.39
      vertex 118.8 21.1144 55.39
      vertex 118.8 23.8856 55.39
    endloop
  endfacet
  facet normal 0 0 1
    outer loop
      vertex 118.708 23.935 55.39
      vertex 118.708 21.065 55.39
      vertex 118.8 21.1144 55.39
    endloop
  endfacet
  facet normal 0 0 1
    outer loop
      vertex 118.612 23.9782 55.39
      vertex 118.708 21.065 55.39
      vertex 118.708 23.935 55.39
    endloop
  endfacet
  facet normal 0 0 1
    outer loop
      vertex 118.612 23.9782 55.39
      vertex 118.612 21.0218 55.39
      vertex 118.708 21.065 55.39
    endloop
  endfacet
  facet normal 0 0 1
    outer loop
      vertex 118.514 24.0151 55.39
      vertex 118.612 21.0218 55.39
      vertex 118.612 23.9782 55.39
    endloop
  endfacet
  facet normal 0 0 1
    outer loop
      vertex 118.514 24.0151 55.39
      vertex 118.514 20.9849 55.39
      vertex 118.612 21.0218 55.39
    endloop
  endfacet
  facet normal 0 0 1
    outer loop
      vertex 118.414 24.0455 55.39
      vertex 118.514 20.9849 55.39
      vertex 118.514 24.0151 55.39
    endloop
  endfacet
  facet normal 0 0 1
    outer loop
      vertex 118.414 24.0455 55.39
      vertex 118.414 20.9545 55.39
      vertex 118.514 20.9849 55.39
    endloop
  endfacet
  facet normal 0 0 1
    outer loop
      vertex 118.312 24.0693 55.39
      vertex 118.414 20.9545 55.39
      vertex 118.414 24.0455 55.39
    endloop
  endfacet
  facet normal 0 0 1
    outer loop
      vertex 118.312 24.0693 55.39
      vertex 118.312 20.9307 55.39
      vertex 118.414 20.9545 55.39
    endloop
  endfacet
  facet normal 0 0 1
    outer loop
      vertex 118.209 24.0863 55.39
      vertex 118.312 20.9307 55.39
      vertex 118.312 24.0693 55.39
    endloop
  endfacet
  facet normal 0 0 1
    outer loop
      vertex 118.209 24.0863 55.39
      vertex 118.209 20.9137 55.39
      vertex 118.312 20.9307 55.39
    endloop
  endfacet
  facet normal 0 0 1
    outer loop
      vertex 118.105 24.0966 55.39
      vertex 118.209 20.9137 55.39
      vertex 118.209 24.0863 55.39
    endloop
  endfacet
  facet normal 0 0 1
    outer loop
      vertex 118.105 24.0966 55.39
      vertex 118.105 20.9034 55.39
      vertex 118.209 20.9137 55.39
    endloop
  endfacet
  facet normal 0 0 1
    outer loop
      vertex 118 24.1 55.39
      vertex 118.105 20.9034 55.39
      vertex 118.105 24.0966 55.39
    endloop
  endfacet
  facet normal 0 0 1
    outer loop
      vertex 118 24.1 55.39
      vertex 118 20.9 55.39
      vertex 118.105 20.9034 55.39
    endloop
  endfacet
  facet normal -0 0 1
    outer loop
      vertex 117.895 24.0966 55.39
      vertex 118 20.9 55.39
      vertex 118 24.1 55.39
    endloop
  endfacet
  facet normal 0 0 1
    outer loop
      vertex 117.895 24.0966 55.39
      vertex 117.895 20.9034 55.39
      vertex 118 20.9 55.39
    endloop
  endfacet
  facet normal -0 0 1
    outer loop
      vertex 117.791 24.0863 55.39
      vertex 117.895 20.9034 55.39
      vertex 117.895 24.0966 55.39
    endloop
  endfacet
  facet normal 0 0 1
    outer loop
      vertex 117.791 24.0863 55.39
      vertex 117.791 20.9137 55.39
      vertex 117.895 20.9034 55.39
    endloop
  endfacet
  facet normal -0 0 1
    outer loop
      vertex 117.688 24.0693 55.39
      vertex 117.791 20.9137 55.39
      vertex 117.791 24.0863 55.39
    endloop
  endfacet
  facet normal 0 0 1
    outer loop
      vertex 117.688 24.0693 55.39
      vertex 117.688 20.9307 55.39
      vertex 117.791 20.9137 55.39
    endloop
  endfacet
  facet normal -0 0 1
    outer loop
      vertex 117.586 24.0455 55.39
      vertex 117.688 20.9307 55.39
      vertex 117.688 24.0693 55.39
    endloop
  endfacet
  facet normal 0 0 1
    outer loop
      vertex 117.586 24.0455 55.39
      vertex 117.586 20.9545 55.39
      vertex 117.688 20.9307 55.39
    endloop
  endfacet
  facet normal -0 0 1
    outer loop
      vertex 117.486 24.0151 55.39
      vertex 117.586 20.9545 55.39
      vertex 117.586 24.0455 55.39
    endloop
  endfacet
  facet normal 0 0 1
    outer loop
      vertex 117.486 24.0151 55.39
      vertex 117.486 20.9849 55.39
      vertex 117.586 20.9545 55.39
    endloop
  endfacet
  facet normal -0 0 1
    outer loop
      vertex 117.388 23.9782 55.39
      vertex 117.486 20.9849 55.39
      vertex 117.486 24.0151 55.39
    endloop
  endfacet
  facet normal 0 0 1
    outer loop
      vertex 117.388 23.9782 55.39
      vertex 117.388 21.0218 55.39
      vertex 117.486 20.9849 55.39
    endloop
  endfacet
  facet normal -0 0 1
    outer loop
      vertex 117.292 23.935 55.39
      vertex 117.388 21.0218 55.39
      vertex 117.388 23.9782 55.39
    endloop
  endfacet
  facet normal 0 0 1
    outer loop
      vertex 117.292 23.935 55.39
      vertex 117.292 21.065 55.39
      vertex 117.388 21.0218 55.39
    endloop
  endfacet
  facet normal -0 0 1
    outer loop
      vertex 117.2 23.8856 55.39
      vertex 117.292 21.065 55.39
      vertex 117.292 23.935 55.39
    endloop
  endfacet
  facet normal 0 0 1
    outer loop
      vertex 117.2 23.8856 55.39
      vertex 117.2 21.1144 55.39
      vertex 117.292 21.065 55.39
    endloop
  endfacet
  facet normal -0 0 1
    outer loop
      vertex 117.111 23.8304 55.39
      vertex 117.2 21.1144 55.39
      vertex 117.2 23.8856 55.39
    endloop
  endfacet
  facet normal 0 0 1
    outer loop
      vertex 117.111 23.8304 55.39
      vertex 117.111 21.1696 55.39
      vertex 117.2 21.1144 55.39
    endloop
  endfacet
  facet normal -0 0 1
    outer loop
      vertex 117.026 23.7694 55.39
      vertex 117.111 21.1696 55.39
      vertex 117.111 23.8304 55.39
    endloop
  endfacet
  facet normal 0 0 1
    outer loop
      vertex 117.026 23.7694 55.39
      vertex 117.026 21.2306 55.39
      vertex 117.111 21.1696 55.39
    endloop
  endfacet
  facet normal -0 0 1
    outer loop
      vertex 116.945 23.7029 55.39
      vertex 117.026 21.2306 55.39
      vertex 117.026 23.7694 55.39
    endloop
  endfacet
  facet normal 0 0 1
    outer loop
      vertex 116.945 23.7029 55.39
      vertex 116.945 21.2971 55.39
      vertex 117.026 21.2306 55.39
    endloop
  endfacet
  facet normal -0 0 1
    outer loop
      vertex 116.869 23.6314 55.39
      vertex 116.945 21.2971 55.39
      vertex 116.945 23.7029 55.39
    endloop
  endfacet
  facet normal 0 0 1
    outer loop
      vertex 116.869 23.6314 55.39
      vertex 116.869 21.3686 55.39
      vertex 116.945 21.2971 55.39
    endloop
  endfacet
  facet normal -0 0 1
    outer loop
      vertex 116.797 23.555 55.39
      vertex 116.869 21.3686 55.39
      vertex 116.869 23.6314 55.39
    endloop
  endfacet
  facet normal 0 0 1
    outer loop
      vertex 116.797 23.555 55.39
      vertex 116.797 21.445 55.39
      vertex 116.869 21.3686 55.39
    endloop
  endfacet
  facet normal -0 0 1
    outer loop
      vertex 116.731 23.474 55.39
      vertex 116.797 21.445 55.39
      vertex 116.797 23.555 55.39
    endloop
  endfacet
  facet normal 0 0 1
    outer loop
      vertex 116.731 23.474 55.39
      vertex 116.731 21.526 55.39
      vertex 116.797 21.445 55.39
    endloop
  endfacet
  facet normal -0 0 1
    outer loop
      vertex 116.67 23.3889 55.39
      vertex 116.731 21.526 55.39
      vertex 116.731 23.474 55.39
    endloop
  endfacet
  facet normal 0 0 1
    outer loop
      vertex 116.67 23.3889 55.39
      vertex 116.67 21.6111 55.39
      vertex 116.731 21.526 55.39
    endloop
  endfacet
  facet normal -0 0 1
    outer loop
      vertex 116.614 23.3 55.39
      vertex 116.67 21.6111 55.39
      vertex 116.67 23.3889 55.39
    endloop
  endfacet
  facet normal 0 0 1
    outer loop
      vertex 116.614 23.3 55.39
      vertex 116.614 21.7 55.39
      vertex 116.67 21.6111 55.39
    endloop
  endfacet
  facet normal -0 0 1
    outer loop
      vertex 116.565 23.2077 55.39
      vertex 116.614 21.7 55.39
      vertex 116.614 23.3 55.39
    endloop
  endfacet
  facet normal 0 0 1
    outer loop
      vertex 116.565 23.2077 55.39
      vertex 116.565 21.7923 55.39
      vertex 116.614 21.7 55.39
    endloop
  endfacet
  facet normal -0 0 1
    outer loop
      vertex 116.522 23.1123 55.39
      vertex 116.565 21.7923 55.39
      vertex 116.565 23.2077 55.39
    endloop
  endfacet
  facet normal 0 0 1
    outer loop
      vertex 116.522 23.1123 55.39
      vertex 116.522 21.8877 55.39
      vertex 116.565 21.7923 55.39
    endloop
  endfacet
  facet normal -0 0 1
    outer loop
      vertex 116.485 23.0143 55.39
      vertex 116.522 21.8877 55.39
      vertex 116.522 23.1123 55.39
    endloop
  endfacet
  facet normal 0 0 1
    outer loop
      vertex 116.485 23.0143 55.39
      vertex 116.485 21.9857 55.39
      vertex 116.522 21.8877 55.39
    endloop
  endfacet
  facet normal -0 0 1
    outer loop
      vertex 116.455 22.9141 55.39
      vertex 116.485 21.9857 55.39
      vertex 116.485 23.0143 55.39
    endloop
  endfacet
  facet normal 0 0 1
    outer loop
      vertex 116.455 22.9141 55.39
      vertex 116.455 22.0859 55.39
      vertex 116.485 21.9857 55.39
    endloop
  endfacet
  facet normal -0 0 1
    outer loop
      vertex 116.431 22.8121 55.39
      vertex 116.455 22.0859 55.39
      vertex 116.455 22.9141 55.39
    endloop
  endfacet
  facet normal 0 0 1
    outer loop
      vertex 116.431 22.8121 55.39
      vertex 116.431 22.1879 55.39
      vertex 116.455 22.0859 55.39
    endloop
  endfacet
  facet normal -0 0 1
    outer loop
      vertex 116.414 22.7088 55.39
      vertex 116.431 22.1879 55.39
      vertex 116.431 22.8121 55.39
    endloop
  endfacet
  facet normal 0 0 1
    outer loop
      vertex 116.414 22.7088 55.39
      vertex 116.414 22.2912 55.39
      vertex 116.431 22.1879 55.39
    endloop
  endfacet
  facet normal -0 0 1
    outer loop
      vertex 116.403 22.6046 55.39
      vertex 116.414 22.2912 55.39
      vertex 116.414 22.7088 55.39
    endloop
  endfacet
  facet normal 0 0 1
    outer loop
      vertex 116.403 22.6046 55.39
      vertex 116.403 22.3954 55.39
      vertex 116.414 22.2912 55.39
    endloop
  endfacet
  facet normal 0 -0 1
    outer loop
      vertex 116.403 22.3954 55.39
      vertex 116.403 22.6046 55.39
      vertex 116.4 22.5 55.39
    endloop
  endfacet
  facet normal 0.485282 0.676213 0.554289
    outer loop
      vertex 119.111 24.1629 54.79
      vertex 118.889 23.8304 55.39
      vertex 118.974 23.7694 55.39
    endloop
  endfacet
  facet normal -0.439804 0.706487 0.55448
    outer loop
      vertex 117 24.232 54.79
      vertex 116.889 24.1629 54.79
      vertex 117.2 23.8856 55.39
    endloop
  endfacet
  facet normal -0.570142 -0.606025 0.554683
    outer loop
      vertex 116.869 21.3686 55.39
      vertex 116.681 20.9963 54.79
      vertex 116.945 21.2971 55.39
    endloop
  endfacet
  facet normal -0.758567 -0.341912 0.554683
    outer loop
      vertex 116.522 21.8877 55.39
      vertex 116.206 21.6154 54.79
      vertex 116.565 21.7923 55.39
    endloop
  endfacet
  facet normal -0.0820168 -0.828131 0.554502
    outer loop
      vertex 117.791 20.9137 55.39
      vertex 117.739 20.5171 54.79
      vertex 117.895 20.9034 55.39
    endloop
  endfacet
  facet normal -0.393693 -0.733193 0.554467
    outer loop
      vertex 117.2 21.1144 55.39
      vertex 117.115 20.7063 54.79
      vertex 117.292 21.065 55.39
    endloop
  endfacet
  facet normal -0.393433 -0.733304 0.554505
    outer loop
      vertex 117.2 21.1144 55.39
      vertex 117 20.768 54.79
      vertex 117.115 20.7063 54.79
    endloop
  endfacet
  facet normal 1 -0 0
    outer loop
      vertex 122 20 52
      vertex 122 25 4
      vertex 122 25 52
    endloop
  endfacet
  facet normal 1 0 0
    outer loop
      vertex 122 25 4
      vertex 122 20 52
      vertex 122 20 4
    endloop
  endfacet
  facet normal 0 0 1
    outer loop
      vertex 122 25 52
      vertex 120 22.5 52
      vertex 122 20 52
    endloop
  endfacet
  facet normal 0 0 1
    outer loop
      vertex 122 25 52
      vertex 119.996 22.6308 52
      vertex 120 22.5 52
    endloop
  endfacet
  facet normal 0 0 1
    outer loop
      vertex 122 25 52
      vertex 119.983 22.7611 52
      vertex 119.996 22.6308 52
    endloop
  endfacet
  facet normal 0 0 1
    outer loop
      vertex 122 25 52
      vertex 119.962 22.8902 52
      vertex 119.983 22.7611 52
    endloop
  endfacet
  facet normal 0 0 1
    outer loop
      vertex 122 25 52
      vertex 119.932 23.0176 52
      vertex 119.962 22.8902 52
    endloop
  endfacet
  facet normal 0 0 1
    outer loop
      vertex 122 25 52
      vertex 119.894 23.1429 52
      vertex 119.932 23.0176 52
    endloop
  endfacet
  facet normal 0 0 1
    outer loop
      vertex 122 25 52
      vertex 119.848 23.2654 52
      vertex 119.894 23.1429 52
    endloop
  endfacet
  facet normal 0 0 1
    outer loop
      vertex 122 25 52
      vertex 119.794 23.3846 52
      vertex 119.848 23.2654 52
    endloop
  endfacet
  facet normal 0 0 1
    outer loop
      vertex 122 25 52
      vertex 119.732 23.5 52
      vertex 119.794 23.3846 52
    endloop
  endfacet
  facet normal 0 0 1
    outer loop
      vertex 122 25 52
      vertex 119.663 23.6111 52
      vertex 119.732 23.5 52
    endloop
  endfacet
  facet normal 0 0 1
    outer loop
      vertex 122 25 52
      vertex 119.587 23.7175 52
      vertex 119.663 23.6111 52
    endloop
  endfacet
  facet normal 0 0 1
    outer loop
      vertex 122 25 52
      vertex 119.504 23.8187 52
      vertex 119.587 23.7175 52
    endloop
  endfacet
  facet normal 0 0 1
    outer loop
      vertex 122 25 52
      vertex 119.414 23.9142 52
      vertex 119.504 23.8187 52
    endloop
  endfacet
  facet normal 0 0 1
    outer loop
      vertex 122 25 52
      vertex 119.319 24.0037 52
      vertex 119.414 23.9142 52
    endloop
  endfacet
  facet normal 0 0 1
    outer loop
      vertex 122 25 52
      vertex 119.218 24.0867 52
      vertex 119.319 24.0037 52
    endloop
  endfacet
  facet normal 0 0 1
    outer loop
      vertex 122 25 52
      vertex 119.111 24.1629 52
      vertex 119.218 24.0867 52
    endloop
  endfacet
  facet normal 0 0 1
    outer loop
      vertex 122 25 52
      vertex 119 24.232 52
      vertex 119.111 24.1629 52
    endloop
  endfacet
  facet normal 0 0 1
    outer loop
      vertex 122 25 52
      vertex 118.885 24.2937 52
      vertex 119 24.232 52
    endloop
  endfacet
  facet normal 0 0 1
    outer loop
      vertex 122 25 52
      vertex 118.765 24.3478 52
      vertex 118.885 24.2937 52
    endloop
  endfacet
  facet normal 0 0 1
    outer loop
      vertex 122 25 52
      vertex 118.643 24.3939 52
      vertex 118.765 24.3478 52
    endloop
  endfacet
  facet normal 0 0 1
    outer loop
      vertex 122 25 52
      vertex 118.518 24.4319 52
      vertex 118.643 24.3939 52
    endloop
  endfacet
  facet normal 0 0 1
    outer loop
      vertex 122 25 52
      vertex 118.39 24.4616 52
      vertex 118.518 24.4319 52
    endloop
  endfacet
  facet normal 0 0 1
    outer loop
      vertex 122 25 52
      vertex 118.261 24.4829 52
      vertex 118.39 24.4616 52
    endloop
  endfacet
  facet normal 0 0 1
    outer loop
      vertex 122 25 52
      vertex 118.131 24.4957 52
      vertex 118.261 24.4829 52
    endloop
  endfacet
  facet normal 0 0 1
    outer loop
      vertex 122 25 52
      vertex 118 24.5 52
      vertex 118.131 24.4957 52
    endloop
  endfacet
  facet normal 0 0 1
    outer loop
      vertex 122 25 52
      vertex 117.869 24.4957 52
      vertex 118 24.5 52
    endloop
  endfacet
  facet normal 0 0 1
    outer loop
      vertex 122 25 52
      vertex 117.739 24.4829 52
      vertex 117.869 24.4957 52
    endloop
  endfacet
  facet normal 0 0 1
    outer loop
      vertex 116.004 22.6308 52
      vertex 50 22.5 52
      vertex 116 22.5 52
    endloop
  endfacet
  facet normal 0 0 1
    outer loop
      vertex 49.9957 22.6308 52
      vertex 116.004 22.6308 52
      vertex 116.017 22.7611 52
    endloop
  endfacet
  facet normal 0 0 1
    outer loop
      vertex 49.9829 22.7611 52
      vertex 116.017 22.7611 52
      vertex 116.038 22.8902 52
    endloop
  endfacet
  facet normal 0 0 1
    outer loop
      vertex 49.9616 22.8902 52
      vertex 116.038 22.8902 52
      vertex 116.068 23.0176 52
    endloop
  endfacet
  facet normal 0 0 1
    outer loop
      vertex 49.9319 23.0176 52
      vertex 116.068 23.0176 52
      vertex 116.106 23.1429 52
    endloop
  endfacet
  facet normal 0 0 1
    outer loop
      vertex 49.8939 23.1429 52
      vertex 116.106 23.1429 52
      vertex 116.152 23.2654 52
    endloop
  endfacet
  facet normal 0 0 1
    outer loop
      vertex 49.8478 23.2654 52
      vertex 116.152 23.2654 52
      vertex 116.206 23.3846 52
    endloop
  endfacet
  facet normal 0 0 1
    outer loop
      vertex 49.7937 23.3846 52
      vertex 116.206 23.3846 52
      vertex 116.268 23.5 52
    endloop
  endfacet
  facet normal 0 0 1
    outer loop
      vertex 49.732 23.5 52
      vertex 116.268 23.5 52
      vertex 116.337 23.6111 52
    endloop
  endfacet
  facet normal 0 0 1
    outer loop
      vertex 49.6629 23.6111 52
      vertex 116.337 23.6111 52
      vertex 116.413 23.7175 52
    endloop
  endfacet
  facet normal 0 0 1
    outer loop
      vertex 49.5867 23.7175 52
      vertex 116.413 23.7175 52
      vertex 116.496 23.8187 52
    endloop
  endfacet
  facet normal 0 0 1
    outer loop
      vertex 49.5037 23.8187 52
      vertex 116.496 23.8187 52
      vertex 116.586 23.9142 52
    endloop
  endfacet
  facet normal 0 0 1
    outer loop
      vertex 49.4142 23.9142 52
      vertex 116.586 23.9142 52
      vertex 116.681 24.0037 52
    endloop
  endfacet
  facet normal 0 0 1
    outer loop
      vertex 49.3187 24.0037 52
      vertex 116.681 24.0037 52
      vertex 116.782 24.0867 52
    endloop
  endfacet
  facet normal 0 0 1
    outer loop
      vertex 49.2175 24.0867 52
      vertex 116.782 24.0867 52
      vertex 116.889 24.1629 52
    endloop
  endfacet
  facet normal 0 0 1
    outer loop
      vertex 49.1111 24.1629 52
      vertex 116.889 24.1629 52
      vertex 117 24.232 52
    endloop
  endfacet
  facet normal 0 0 1
    outer loop
      vertex 49 24.232 52
      vertex 117 24.232 52
      vertex 117.115 24.2937 52
    endloop
  endfacet
  facet normal 0 0 1
    outer loop
      vertex 48.8846 24.2937 52
      vertex 117.115 24.2937 52
      vertex 117.235 24.3478 52
    endloop
  endfacet
  facet normal 0 0 1
    outer loop
      vertex 48.7654 24.3478 52
      vertex 117.235 24.3478 52
      vertex 117.357 24.3939 52
    endloop
  endfacet
  facet normal 0 0 1
    outer loop
      vertex 48.6429 24.3939 52
      vertex 117.357 24.3939 52
      vertex 117.482 24.4319 52
    endloop
  endfacet
  facet normal 0 0 1
    outer loop
      vertex 48.5176 24.4319 52
      vertex 117.482 24.4319 52
      vertex 117.61 24.4616 52
    endloop
  endfacet
  facet normal 0 0 1
    outer loop
      vertex 48.3902 24.4616 52
      vertex 117.61 24.4616 52
      vertex 117.739 24.4829 52
    endloop
  endfacet
  facet normal 0 0 1
    outer loop
      vertex 48.2611 24.4829 52
      vertex 117.739 24.4829 52
      vertex 122 25 52
    endloop
  endfacet
  facet normal 0 0 1
    outer loop
      vertex 116.004 22.6308 52
      vertex 49.9957 22.6308 52
      vertex 50 22.5 52
    endloop
  endfacet
  facet normal 0 0 1
    outer loop
      vertex 116.017 22.7611 52
      vertex 49.9829 22.7611 52
      vertex 49.9957 22.6308 52
    endloop
  endfacet
  facet normal 0 0 1
    outer loop
      vertex 116.038 22.8902 52
      vertex 49.9616 22.8902 52
      vertex 49.9829 22.7611 52
    endloop
  endfacet
  facet normal 0 0 1
    outer loop
      vertex 116.068 23.0176 52
      vertex 49.9319 23.0176 52
      vertex 49.9616 22.8902 52
    endloop
  endfacet
  facet normal 0 0 1
    outer loop
      vertex 116.106 23.1429 52
      vertex 49.8939 23.1429 52
      vertex 49.9319 23.0176 52
    endloop
  endfacet
  facet normal 0 0 1
    outer loop
      vertex 116.152 23.2654 52
      vertex 49.8478 23.2654 52
      vertex 49.8939 23.1429 52
    endloop
  endfacet
  facet normal 0 0 1
    outer loop
      vertex 116.206 23.3846 52
      vertex 49.7937 23.3846 52
      vertex 49.8478 23.2654 52
    endloop
  endfacet
  facet normal 0 0 1
    outer loop
      vertex 116.268 23.5 52
      vertex 49.732 23.5 52
      vertex 49.7937 23.3846 52
    endloop
  endfacet
  facet normal 0 0 1
    outer loop
      vertex 116.337 23.6111 52
      vertex 49.6629 23.6111 52
      vertex 49.732 23.5 52
    endloop
  endfacet
  facet normal 0 0 1
    outer loop
      vertex 116.413 23.7175 52
      vertex 49.5867 23.7175 52
      vertex 49.6629 23.6111 52
    endloop
  endfacet
  facet normal 0 0 1
    outer loop
      vertex 116.496 23.8187 52
      vertex 49.5037 23.8187 52
      vertex 49.5867 23.7175 52
    endloop
  endfacet
  facet normal 0 0 1
    outer loop
      vertex 116.586 23.9142 52
      vertex 49.4142 23.9142 52
      vertex 49.5037 23.8187 52
    endloop
  endfacet
  facet normal 0 0 1
    outer loop
      vertex 116.681 24.0037 52
      vertex 49.3187 24.0037 52
      vertex 49.4142 23.9142 52
    endloop
  endfacet
  facet normal 0 0 1
    outer loop
      vertex 116.782 24.0867 52
      vertex 49.2175 24.0867 52
      vertex 49.3187 24.0037 52
    endloop
  endfacet
  facet normal 0 0 1
    outer loop
      vertex 116.889 24.1629 52
      vertex 49.1111 24.1629 52
      vertex 49.2175 24.0867 52
    endloop
  endfacet
  facet normal 0 0 1
    outer loop
      vertex 117 24.232 52
      vertex 49 24.232 52
      vertex 49.1111 24.1629 52
    endloop
  endfacet
  facet normal 0 0 1
    outer loop
      vertex 117.115 24.2937 52
      vertex 48.8846 24.2937 52
      vertex 49 24.232 52
    endloop
  endfacet
  facet normal 0 0 1
    outer loop
      vertex 117.235 24.3478 52
      vertex 48.7654 24.3478 52
      vertex 48.8846 24.2937 52
    endloop
  endfacet
  facet normal 0 0 1
    outer loop
      vertex 117.357 24.3939 52
      vertex 48.6429 24.3939 52
      vertex 48.7654 24.3478 52
    endloop
  endfacet
  facet normal 0 0 1
    outer loop
      vertex 117.482 24.4319 52
      vertex 48.5176 24.4319 52
      vertex 48.6429 24.3939 52
    endloop
  endfacet
  facet normal 0 0 1
    outer loop
      vertex 117.61 24.4616 52
      vertex 48.3902 24.4616 52
      vertex 48.5176 24.4319 52
    endloop
  endfacet
  facet normal 0 0 1
    outer loop
      vertex 117.739 24.4829 52
      vertex 48.2611 24.4829 52
      vertex 48.3902 24.4616 52
    endloop
  endfacet
  facet normal 0 0 1
    outer loop
      vertex 122 25 52
      vertex 48.1308 24.4957 52
      vertex 48.2611 24.4829 52
    endloop
  endfacet
  facet normal 0 0 1
    outer loop
      vertex 122 25 52
      vertex 48 24.5 52
      vertex 48.1308 24.4957 52
    endloop
  endfacet
  facet normal 0 0 1
    outer loop
      vertex 46.0043 22.6308 52
      vertex -20 22.5 52
      vertex 46 22.5 52
    endloop
  endfacet
  facet normal 0 0 1
    outer loop
      vertex -20.0043 22.6308 52
      vertex 46.0043 22.6308 52
      vertex 46.0171 22.7611 52
    endloop
  endfacet
  facet normal 0 0 1
    outer loop
      vertex -20.0171 22.7611 52
      vertex 46.0171 22.7611 52
      vertex 46.0384 22.8902 52
    endloop
  endfacet
  facet normal 0 0 1
    outer loop
      vertex -20.0384 22.8902 52
      vertex 46.0384 22.8902 52
      vertex 46.0681 23.0176 52
    endloop
  endfacet
  facet normal 0 0 1
    outer loop
      vertex -20.0681 23.0176 52
      vertex 46.0681 23.0176 52
      vertex 46.1061 23.1429 52
    endloop
  endfacet
  facet normal 0 0 1
    outer loop
      vertex -20.1061 23.1429 52
      vertex 46.1061 23.1429 52
      vertex 46.1522 23.2654 52
    endloop
  endfacet
  facet normal 0 0 1
    outer loop
      vertex -20.1522 23.2654 52
      vertex 46.1522 23.2654 52
      vertex 46.2063 23.3846 52
    endloop
  endfacet
  facet normal 0 0 1
    outer loop
      vertex -20.2063 23.3846 52
      vertex 46.2063 23.3846 52
      vertex 46.268 23.5 52
    endloop
  endfacet
  facet normal 0 0 1
    outer loop
      vertex -20.268 23.5 52
      vertex 46.268 23.5 52
      vertex 46.3371 23.6111 52
    endloop
  endfacet
  facet normal 0 0 1
    outer loop
      vertex -20.3371 23.6111 52
      vertex 46.3371 23.6111 52
      vertex 46.4133 23.7175 52
    endloop
  endfacet
  facet normal 0 0 1
    outer loop
      vertex -20.4133 23.7175 52
      vertex 46.4133 23.7175 52
      vertex 46.4963 23.8187 52
    endloop
  endfacet
  facet normal 0 0 1
    outer loop
      vertex -20.4963 23.8187 52
      vertex 46.4963 23.8187 52
      vertex 46.5858 23.9142 52
    endloop
  endfacet
  facet normal 0 0 1
    outer loop
      vertex -20.5858 23.9142 52
      vertex 46.5858 23.9142 52
      vertex 46.6813 24.0037 52
    endloop
  endfacet
  facet normal 0 0 1
    outer loop
      vertex -20.6813 24.0037 52
      vertex 46.6813 24.0037 52
      vertex 46.7825 24.0867 52
    endloop
  endfacet
  facet normal 0 0 1
    outer loop
      vertex -20.7825 24.0867 52
      vertex 46.7825 24.0867 52
      vertex 46.8889 24.1629 52
    endloop
  endfacet
  facet normal 0 0 1
    outer loop
      vertex -20.8889 24.1629 52
      vertex 46.8889 24.1629 52
      vertex 47 24.232 52
    endloop
  endfacet
  facet normal 0 0 1
    outer loop
      vertex -21 24.232 52
      vertex 47 24.232 52
      vertex 47.1154 24.2937 52
    endloop
  endfacet
  facet normal 0 0 1
    outer loop
      vertex -21.1154 24.2937 52
      vertex 47.1154 24.2937 52
      vertex 47.2346 24.3478 52
    endloop
  endfacet
  facet normal 0 0 1
    outer loop
      vertex -21.2346 24.3478 52
      vertex 47.2346 24.3478 52
      vertex 47.3571 24.3939 52
    endloop
  endfacet
  facet normal 0 0 1
    outer loop
      vertex -21.3571 24.3939 52
      vertex 47.3571 24.3939 52
      vertex 47.4824 24.4319 52
    endloop
  endfacet
  facet normal 0 0 1
    outer loop
      vertex -21.4824 24.4319 52
      vertex 47.4824 24.4319 52
      vertex 47.6098 24.4616 52
    endloop
  endfacet
  facet normal 0 0 1
    outer loop
      vertex -21.6098 24.4616 52
      vertex 47.6098 24.4616 52
      vertex 47.7389 24.4829 52
    endloop
  endfacet
  facet normal 0 0 1
    outer loop
      vertex -26 25 52
      vertex 47.7389 24.4829 52
      vertex 47.8692 24.4957 52
    endloop
  endfacet
  facet normal 0 0 1
    outer loop
      vertex -26 25 52
      vertex 47.8692 24.4957 52
      vertex 48 24.5 52
    endloop
  endfacet
  facet normal 0 0 1
    outer loop
      vertex 46.0043 22.6308 52
      vertex -20.0043 22.6308 52
      vertex -20 22.5 52
    endloop
  endfacet
  facet normal 0 0 1
    outer loop
      vertex 46.0171 22.7611 52
      vertex -20.0171 22.7611 52
      vertex -20.0043 22.6308 52
    endloop
  endfacet
  facet normal 0 0 1
    outer loop
      vertex 46.0384 22.8902 52
      vertex -20.0384 22.8902 52
      vertex -20.0171 22.7611 52
    endloop
  endfacet
  facet normal 0 0 1
    outer loop
      vertex 46.0681 23.0176 52
      vertex -20.0681 23.0176 52
      vertex -20.0384 22.8902 52
    endloop
  endfacet
  facet normal 0 0 1
    outer loop
      vertex 46.1061 23.1429 52
      vertex -20.1061 23.1429 52
      vertex -20.0681 23.0176 52
    endloop
  endfacet
  facet normal 0 0 1
    outer loop
      vertex 46.1522 23.2654 52
      vertex -20.1522 23.2654 52
      vertex -20.1061 23.1429 52
    endloop
  endfacet
  facet normal 0 0 1
    outer loop
      vertex 46.2063 23.3846 52
      vertex -20.2063 23.3846 52
      vertex -20.1522 23.2654 52
    endloop
  endfacet
  facet normal 0 0 1
    outer loop
      vertex 46.268 23.5 52
      vertex -20.268 23.5 52
      vertex -20.2063 23.3846 52
    endloop
  endfacet
  facet normal 0 0 1
    outer loop
      vertex 46.3371 23.6111 52
      vertex -20.3371 23.6111 52
      vertex -20.268 23.5 52
    endloop
  endfacet
  facet normal 0 0 1
    outer loop
      vertex 46.4133 23.7175 52
      vertex -20.4133 23.7175 52
      vertex -20.3371 23.6111 52
    endloop
  endfacet
  facet normal 0 0 1
    outer loop
      vertex 46.4963 23.8187 52
      vertex -20.4963 23.8187 52
      vertex -20.4133 23.7175 52
    endloop
  endfacet
  facet normal 0 0 1
    outer loop
      vertex 46.5858 23.9142 52
      vertex -20.5858 23.9142 52
      vertex -20.4963 23.8187 52
    endloop
  endfacet
  facet normal 0 0 1
    outer loop
      vertex 46.6813 24.0037 52
      vertex -20.6813 24.0037 52
      vertex -20.5858 23.9142 52
    endloop
  endfacet
  facet normal 0 0 1
    outer loop
      vertex 46.7825 24.0867 52
      vertex -20.7825 24.0867 52
      vertex -20.6813 24.0037 52
    endloop
  endfacet
  facet normal -0 0 1
    outer loop
      vertex -26 25 52
      vertex 48 24.5 52
      vertex 122 25 52
    endloop
  endfacet
  facet normal 0 0 1
    outer loop
      vertex 46.8889 24.1629 52
      vertex -20.8889 24.1629 52
      vertex -20.7825 24.0867 52
    endloop
  endfacet
  facet normal 0 0 1
    outer loop
      vertex 47 24.232 52
      vertex -21 24.232 52
      vertex -20.8889 24.1629 52
    endloop
  endfacet
  facet normal 0 0 1
    outer loop
      vertex 47.1154 24.2937 52
      vertex -21.1154 24.2937 52
      vertex -21 24.232 52
    endloop
  endfacet
  facet normal 0 0 1
    outer loop
      vertex 47.2346 24.3478 52
      vertex -21.2346 24.3478 52
      vertex -21.1154 24.2937 52
    endloop
  endfacet
  facet normal 0 0 1
    outer loop
      vertex 47.3571 24.3939 52
      vertex -21.3571 24.3939 52
      vertex -21.2346 24.3478 52
    endloop
  endfacet
  facet normal 0 0 1
    outer loop
      vertex 47.4824 24.4319 52
      vertex -21.4824 24.4319 52
      vertex -21.3571 24.3939 52
    endloop
  endfacet
  facet normal 0 0 1
    outer loop
      vertex 47.6098 24.4616 52
      vertex -21.6098 24.4616 52
      vertex -21.4824 24.4319 52
    endloop
  endfacet
  facet normal 0 0 1
    outer loop
      vertex 47.7389 24.4829 52
      vertex -21.7389 24.4829 52
      vertex -21.6098 24.4616 52
    endloop
  endfacet
  facet normal 0 0 1
    outer loop
      vertex 47.7389 24.4829 52
      vertex -26 25 52
      vertex -21.7389 24.4829 52
    endloop
  endfacet
  facet normal 0 0 1
    outer loop
      vertex -21.7389 24.4829 52
      vertex -26 25 52
      vertex -21.8692 24.4957 52
    endloop
  endfacet
  facet normal 0 0 1
    outer loop
      vertex -23.9957 22.6308 52
      vertex -26 25 52
      vertex -24 22.5 52
    endloop
  endfacet
  facet normal 0 0 1
    outer loop
      vertex -23.9829 22.7611 52
      vertex -26 25 52
      vertex -23.9957 22.6308 52
    endloop
  endfacet
  facet normal 0 0 1
    outer loop
      vertex -23.9616 22.8902 52
      vertex -26 25 52
      vertex -23.9829 22.7611 52
    endloop
  endfacet
  facet normal 0 0 1
    outer loop
      vertex -23.9319 23.0176 52
      vertex -26 25 52
      vertex -23.9616 22.8902 52
    endloop
  endfacet
  facet normal 0 0 1
    outer loop
      vertex -23.8939 23.1429 52
      vertex -26 25 52
      vertex -23.9319 23.0176 52
    endloop
  endfacet
  facet normal 0 0 1
    outer loop
      vertex -23.8478 23.2654 52
      vertex -26 25 52
      vertex -23.8939 23.1429 52
    endloop
  endfacet
  facet normal 0 0 1
    outer loop
      vertex -23.7937 23.3846 52
      vertex -26 25 52
      vertex -23.8478 23.2654 52
    endloop
  endfacet
  facet normal 0 0 1
    outer loop
      vertex -23.732 23.5 52
      vertex -26 25 52
      vertex -23.7937 23.3846 52
    endloop
  endfacet
  facet normal 0 0 1
    outer loop
      vertex -23.6629 23.6111 52
      vertex -26 25 52
      vertex -23.732 23.5 52
    endloop
  endfacet
  facet normal 0 0 1
    outer loop
      vertex -23.5867 23.7175 52
      vertex -26 25 52
      vertex -23.6629 23.6111 52
    endloop
  endfacet
  facet normal 0 0 1
    outer loop
      vertex -23.5037 23.8187 52
      vertex -26 25 52
      vertex -23.5867 23.7175 52
    endloop
  endfacet
  facet normal 0 0 1
    outer loop
      vertex -23.4142 23.9142 52
      vertex -26 25 52
      vertex -23.5037 23.8187 52
    endloop
  endfacet
  facet normal 0 0 1
    outer loop
      vertex -23.3187 24.0037 52
      vertex -26 25 52
      vertex -23.4142 23.9142 52
    endloop
  endfacet
  facet normal 0 0 1
    outer loop
      vertex -23.2175 24.0867 52
      vertex -26 25 52
      vertex -23.3187 24.0037 52
    endloop
  endfacet
  facet normal 0 0 1
    outer loop
      vertex -23.1111 24.1629 52
      vertex -26 25 52
      vertex -23.2175 24.0867 52
    endloop
  endfacet
  facet normal 0 0 1
    outer loop
      vertex -23 24.232 52
      vertex -26 25 52
      vertex -23.1111 24.1629 52
    endloop
  endfacet
  facet normal 0 0 1
    outer loop
      vertex -22.8846 24.2937 52
      vertex -26 25 52
      vertex -23 24.232 52
    endloop
  endfacet
  facet normal 0 0 1
    outer loop
      vertex -22.7654 24.3478 52
      vertex -26 25 52
      vertex -22.8846 24.2937 52
    endloop
  endfacet
  facet normal 0 0 1
    outer loop
      vertex -22.6429 24.3939 52
      vertex -26 25 52
      vertex -22.7654 24.3478 52
    endloop
  endfacet
  facet normal 0 0 1
    outer loop
      vertex -22.5176 24.4319 52
      vertex -26 25 52
      vertex -22.6429 24.3939 52
    endloop
  endfacet
  facet normal 0 0 1
    outer loop
      vertex -22.3902 24.4616 52
      vertex -26 25 52
      vertex -22.5176 24.4319 52
    endloop
  endfacet
  facet normal 0 0 1
    outer loop
      vertex -22.2611 24.4829 52
      vertex -26 25 52
      vertex -22.3902 24.4616 52
    endloop
  endfacet
  facet normal 0 0 1
    outer loop
      vertex -22.1308 24.4957 52
      vertex -26 25 52
      vertex -22.2611 24.4829 52
    endloop
  endfacet
  facet normal 0 0 1
    outer loop
      vertex -22 24.5 52
      vertex -26 25 52
      vertex -22.1308 24.4957 52
    endloop
  endfacet
  facet normal 0 0 1
    outer loop
      vertex -21.8692 24.4957 52
      vertex -26 25 52
      vertex -22 24.5 52
    endloop
  endfacet
  facet normal -0 0 1
    outer loop
      vertex 119.996 22.3692 52
      vertex 122 20 52
      vertex 120 22.5 52
    endloop
  endfacet
  facet normal -0 0 1
    outer loop
      vertex 119.983 22.2389 52
      vertex 122 20 52
      vertex 119.996 22.3692 52
    endloop
  endfacet
  facet normal -0 0 1
    outer loop
      vertex 119.962 22.1098 52
      vertex 122 20 52
      vertex 119.983 22.2389 52
    endloop
  endfacet
  facet normal -0 0 1
    outer loop
      vertex 119.932 21.9824 52
      vertex 122 20 52
      vertex 119.962 22.1098 52
    endloop
  endfacet
  facet normal -0 0 1
    outer loop
      vertex 119.894 21.8571 52
      vertex 122 20 52
      vertex 119.932 21.9824 52
    endloop
  endfacet
  facet normal -0 0 1
    outer loop
      vertex 119.848 21.7346 52
      vertex 122 20 52
      vertex 119.894 21.8571 52
    endloop
  endfacet
  facet normal -0 0 1
    outer loop
      vertex 119.794 21.6154 52
      vertex 122 20 52
      vertex 119.848 21.7346 52
    endloop
  endfacet
  facet normal -0 0 1
    outer loop
      vertex 119.732 21.5 52
      vertex 122 20 52
      vertex 119.794 21.6154 52
    endloop
  endfacet
  facet normal -0 0 1
    outer loop
      vertex 119.663 21.3889 52
      vertex 122 20 52
      vertex 119.732 21.5 52
    endloop
  endfacet
  facet normal -0 0 1
    outer loop
      vertex 119.587 21.2825 52
      vertex 122 20 52
      vertex 119.663 21.3889 52
    endloop
  endfacet
  facet normal -0 0 1
    outer loop
      vertex 119.504 21.1813 52
      vertex 122 20 52
      vertex 119.587 21.2825 52
    endloop
  endfacet
  facet normal -0 0 1
    outer loop
      vertex 119.414 21.0858 52
      vertex 122 20 52
      vertex 119.504 21.1813 52
    endloop
  endfacet
  facet normal -0 0 1
    outer loop
      vertex 119.319 20.9963 52
      vertex 122 20 52
      vertex 119.414 21.0858 52
    endloop
  endfacet
  facet normal -0 0 1
    outer loop
      vertex 119.218 20.9133 52
      vertex 122 20 52
      vertex 119.319 20.9963 52
    endloop
  endfacet
  facet normal -0 0 1
    outer loop
      vertex 119.111 20.8371 52
      vertex 122 20 52
      vertex 119.218 20.9133 52
    endloop
  endfacet
  facet normal -0 0 1
    outer loop
      vertex 119 20.768 52
      vertex 122 20 52
      vertex 119.111 20.8371 52
    endloop
  endfacet
  facet normal -0 0 1
    outer loop
      vertex 118.885 20.7063 52
      vertex 122 20 52
      vertex 119 20.768 52
    endloop
  endfacet
  facet normal -0 0 1
    outer loop
      vertex 118.765 20.6522 52
      vertex 122 20 52
      vertex 118.885 20.7063 52
    endloop
  endfacet
  facet normal -0 0 1
    outer loop
      vertex 118.643 20.6061 52
      vertex 122 20 52
      vertex 118.765 20.6522 52
    endloop
  endfacet
  facet normal -0 0 1
    outer loop
      vertex 118.518 20.5681 52
      vertex 122 20 52
      vertex 118.643 20.6061 52
    endloop
  endfacet
  facet normal -0 0 1
    outer loop
      vertex 118.39 20.5384 52
      vertex 122 20 52
      vertex 118.518 20.5681 52
    endloop
  endfacet
  facet normal -0 0 1
    outer loop
      vertex 118.261 20.5171 52
      vertex 122 20 52
      vertex 118.39 20.5384 52
    endloop
  endfacet
  facet normal -0 0 1
    outer loop
      vertex 118.131 20.5043 52
      vertex 122 20 52
      vertex 118.261 20.5171 52
    endloop
  endfacet
  facet normal -0 0 1
    outer loop
      vertex 118 20.5 52
      vertex 122 20 52
      vertex 118.131 20.5043 52
    endloop
  endfacet
  facet normal 0 0 1
    outer loop
      vertex 117.869 20.5043 52
      vertex 122 20 52
      vertex 118 20.5 52
    endloop
  endfacet
  facet normal 0 0 1
    outer loop
      vertex 117.739 20.5171 52
      vertex 122 20 52
      vertex 117.869 20.5043 52
    endloop
  endfacet
  facet normal -0 0 1
    outer loop
      vertex 50 22.5 52
      vertex 116.004 22.3692 52
      vertex 116 22.5 52
    endloop
  endfacet
  facet normal 0 0 1
    outer loop
      vertex 49.9957 22.3692 52
      vertex 116.004 22.3692 52
      vertex 50 22.5 52
    endloop
  endfacet
  facet normal 0 0 1
    outer loop
      vertex 116.004 22.3692 52
      vertex 49.9957 22.3692 52
      vertex 116.017 22.2389 52
    endloop
  endfacet
  facet normal 0 0 1
    outer loop
      vertex 49.9829 22.2389 52
      vertex 116.017 22.2389 52
      vertex 49.9957 22.3692 52
    endloop
  endfacet
  facet normal 0 0 1
    outer loop
      vertex 116.017 22.2389 52
      vertex 49.9829 22.2389 52
      vertex 116.038 22.1098 52
    endloop
  endfacet
  facet normal 0 0 1
    outer loop
      vertex 49.9616 22.1098 52
      vertex 116.038 22.1098 52
      vertex 49.9829 22.2389 52
    endloop
  endfacet
  facet normal 0 0 1
    outer loop
      vertex 116.038 22.1098 52
      vertex 49.9616 22.1098 52
      vertex 116.068 21.9824 52
    endloop
  endfacet
  facet normal 0 0 1
    outer loop
      vertex 49.9319 21.9824 52
      vertex 116.068 21.9824 52
      vertex 49.9616 22.1098 52
    endloop
  endfacet
  facet normal 0 0 1
    outer loop
      vertex 116.068 21.9824 52
      vertex 49.9319 21.9824 52
      vertex 116.106 21.8571 52
    endloop
  endfacet
  facet normal 0 0 1
    outer loop
      vertex 49.8939 21.8571 52
      vertex 116.106 21.8571 52
      vertex 49.9319 21.9824 52
    endloop
  endfacet
  facet normal 0 0 1
    outer loop
      vertex 116.106 21.8571 52
      vertex 49.8939 21.8571 52
      vertex 116.152 21.7346 52
    endloop
  endfacet
  facet normal 0 0 1
    outer loop
      vertex 49.8478 21.7346 52
      vertex 116.152 21.7346 52
      vertex 49.8939 21.8571 52
    endloop
  endfacet
  facet normal 0 0 1
    outer loop
      vertex 116.152 21.7346 52
      vertex 49.8478 21.7346 52
      vertex 116.206 21.6154 52
    endloop
  endfacet
  facet normal 0 0 1
    outer loop
      vertex 49.7937 21.6154 52
      vertex 116.206 21.6154 52
      vertex 49.8478 21.7346 52
    endloop
  endfacet
  facet normal 0 0 1
    outer loop
      vertex 116.206 21.6154 52
      vertex 49.7937 21.6154 52
      vertex 116.268 21.5 52
    endloop
  endfacet
  facet normal 0 0 1
    outer loop
      vertex 49.732 21.5 52
      vertex 116.268 21.5 52
      vertex 49.7937 21.6154 52
    endloop
  endfacet
  facet normal 0 0 1
    outer loop
      vertex 116.268 21.5 52
      vertex 49.732 21.5 52
      vertex 116.337 21.3889 52
    endloop
  endfacet
  facet normal 0 0 1
    outer loop
      vertex 49.6629 21.3889 52
      vertex 116.337 21.3889 52
      vertex 49.732 21.5 52
    endloop
  endfacet
  facet normal 0 0 1
    outer loop
      vertex 116.337 21.3889 52
      vertex 49.6629 21.3889 52
      vertex 116.413 21.2825 52
    endloop
  endfacet
  facet normal 0 0 1
    outer loop
      vertex 49.5867 21.2825 52
      vertex 116.413 21.2825 52
      vertex 49.6629 21.3889 52
    endloop
  endfacet
  facet normal 0 0 1
    outer loop
      vertex 116.413 21.2825 52
      vertex 49.5867 21.2825 52
      vertex 116.496 21.1813 52
    endloop
  endfacet
  facet normal 0 0 1
    outer loop
      vertex 49.5037 21.1813 52
      vertex 116.496 21.1813 52
      vertex 49.5867 21.2825 52
    endloop
  endfacet
  facet normal 0 0 1
    outer loop
      vertex 116.496 21.1813 52
      vertex 49.5037 21.1813 52
      vertex 116.586 21.0858 52
    endloop
  endfacet
  facet normal 0 0 1
    outer loop
      vertex 49.4142 21.0858 52
      vertex 116.586 21.0858 52
      vertex 49.5037 21.1813 52
    endloop
  endfacet
  facet normal 0 0 1
    outer loop
      vertex 116.586 21.0858 52
      vertex 49.4142 21.0858 52
      vertex 116.681 20.9963 52
    endloop
  endfacet
  facet normal 0 0 1
    outer loop
      vertex 49.3187 20.9963 52
      vertex 116.681 20.9963 52
      vertex 49.4142 21.0858 52
    endloop
  endfacet
  facet normal 0 0 1
    outer loop
      vertex 116.681 20.9963 52
      vertex 49.3187 20.9963 52
      vertex 116.782 20.9133 52
    endloop
  endfacet
  facet normal 0 0 1
    outer loop
      vertex 49.2175 20.9133 52
      vertex 116.782 20.9133 52
      vertex 49.3187 20.9963 52
    endloop
  endfacet
  facet normal 0 0 1
    outer loop
      vertex 116.782 20.9133 52
      vertex 49.2175 20.9133 52
      vertex 116.889 20.8371 52
    endloop
  endfacet
  facet normal 0 0 1
    outer loop
      vertex 49.1111 20.8371 52
      vertex 116.889 20.8371 52
      vertex 49.2175 20.9133 52
    endloop
  endfacet
  facet normal 0 0 1
    outer loop
      vertex 116.889 20.8371 52
      vertex 49.1111 20.8371 52
      vertex 117 20.768 52
    endloop
  endfacet
  facet normal 0 0 1
    outer loop
      vertex 49 20.768 52
      vertex 117 20.768 52
      vertex 49.1111 20.8371 52
    endloop
  endfacet
  facet normal 0 0 1
    outer loop
      vertex 117 20.768 52
      vertex 49 20.768 52
      vertex 117.115 20.7063 52
    endloop
  endfacet
  facet normal 0 0 1
    outer loop
      vertex 48.8846 20.7063 52
      vertex 117.115 20.7063 52
      vertex 49 20.768 52
    endloop
  endfacet
  facet normal 0 0 1
    outer loop
      vertex 117.115 20.7063 52
      vertex 48.8846 20.7063 52
      vertex 117.235 20.6522 52
    endloop
  endfacet
  facet normal 0 0 1
    outer loop
      vertex 48.7654 20.6522 52
      vertex 117.235 20.6522 52
      vertex 48.8846 20.7063 52
    endloop
  endfacet
  facet normal 0 0 1
    outer loop
      vertex 117.235 20.6522 52
      vertex 48.7654 20.6522 52
      vertex 117.357 20.6061 52
    endloop
  endfacet
  facet normal 0 0 1
    outer loop
      vertex 48.6429 20.6061 52
      vertex 117.357 20.6061 52
      vertex 48.7654 20.6522 52
    endloop
  endfacet
  facet normal 0 0 1
    outer loop
      vertex 117.357 20.6061 52
      vertex 48.6429 20.6061 52
      vertex 117.482 20.5681 52
    endloop
  endfacet
  facet normal 0 0 1
    outer loop
      vertex 48.5176 20.5681 52
      vertex 117.482 20.5681 52
      vertex 48.6429 20.6061 52
    endloop
  endfacet
  facet normal 0 0 1
    outer loop
      vertex 117.482 20.5681 52
      vertex 48.5176 20.5681 52
      vertex 117.61 20.5384 52
    endloop
  endfacet
  facet normal 0 0 1
    outer loop
      vertex 48.3902 20.5384 52
      vertex 117.61 20.5384 52
      vertex 48.5176 20.5681 52
    endloop
  endfacet
  facet normal 0 0 1
    outer loop
      vertex 117.61 20.5384 52
      vertex 48.3902 20.5384 52
      vertex 117.739 20.5171 52
    endloop
  endfacet
  facet normal 0 0 1
    outer loop
      vertex 48.2611 20.5171 52
      vertex 117.739 20.5171 52
      vertex 48.3902 20.5384 52
    endloop
  endfacet
  facet normal 0 0 1
    outer loop
      vertex 117.739 20.5171 52
      vertex 48.2611 20.5171 52
      vertex 122 20 52
    endloop
  endfacet
  facet normal -0 0 1
    outer loop
      vertex 48.1308 20.5043 52
      vertex 122 20 52
      vertex 48.2611 20.5171 52
    endloop
  endfacet
  facet normal -0 0 1
    outer loop
      vertex 48 20.5 52
      vertex 122 20 52
      vertex 48.1308 20.5043 52
    endloop
  endfacet
  facet normal -0 0 1
    outer loop
      vertex -20 22.5 52
      vertex 46.0043 22.3692 52
      vertex 46 22.5 52
    endloop
  endfacet
  facet normal 0 0 1
    outer loop
      vertex -20.0043 22.3692 52
      vertex 46.0043 22.3692 52
      vertex -20 22.5 52
    endloop
  endfacet
  facet normal 0 0 1
    outer loop
      vertex 46.0043 22.3692 52
      vertex -20.0043 22.3692 52
      vertex 46.0171 22.2389 52
    endloop
  endfacet
  facet normal 0 0 1
    outer loop
      vertex -20.0171 22.2389 52
      vertex 46.0171 22.2389 52
      vertex -20.0043 22.3692 52
    endloop
  endfacet
  facet normal 0 0 1
    outer loop
      vertex 46.0171 22.2389 52
      vertex -20.0171 22.2389 52
      vertex 46.0384 22.1098 52
    endloop
  endfacet
  facet normal 0 0 1
    outer loop
      vertex -20.0384 22.1098 52
      vertex 46.0384 22.1098 52
      vertex -20.0171 22.2389 52
    endloop
  endfacet
  facet normal 0 0 1
    outer loop
      vertex 46.0384 22.1098 52
      vertex -20.0384 22.1098 52
      vertex 46.0681 21.9824 52
    endloop
  endfacet
  facet normal 0 0 1
    outer loop
      vertex -20.0681 21.9824 52
      vertex 46.0681 21.9824 52
      vertex -20.0384 22.1098 52
    endloop
  endfacet
  facet normal 0 0 1
    outer loop
      vertex 46.0681 21.9824 52
      vertex -20.0681 21.9824 52
      vertex 46.1061 21.8571 52
    endloop
  endfacet
  facet normal 0 0 1
    outer loop
      vertex -20.1061 21.8571 52
      vertex 46.1061 21.8571 52
      vertex -20.0681 21.9824 52
    endloop
  endfacet
  facet normal 0 0 1
    outer loop
      vertex 46.1061 21.8571 52
      vertex -20.1061 21.8571 52
      vertex 46.1522 21.7346 52
    endloop
  endfacet
  facet normal 0 0 1
    outer loop
      vertex -20.1522 21.7346 52
      vertex 46.1522 21.7346 52
      vertex -20.1061 21.8571 52
    endloop
  endfacet
  facet normal 0 0 1
    outer loop
      vertex 46.1522 21.7346 52
      vertex -20.1522 21.7346 52
      vertex 46.2063 21.6154 52
    endloop
  endfacet
  facet normal 0 0 1
    outer loop
      vertex -20.2063 21.6154 52
      vertex 46.2063 21.6154 52
      vertex -20.1522 21.7346 52
    endloop
  endfacet
  facet normal 0 0 1
    outer loop
      vertex 46.2063 21.6154 52
      vertex -20.2063 21.6154 52
      vertex 46.268 21.5 52
    endloop
  endfacet
  facet normal 0 0 1
    outer loop
      vertex -20.268 21.5 52
      vertex 46.268 21.5 52
      vertex -20.2063 21.6154 52
    endloop
  endfacet
  facet normal 0 0 1
    outer loop
      vertex 46.268 21.5 52
      vertex -20.268 21.5 52
      vertex 46.3371 21.3889 52
    endloop
  endfacet
  facet normal 0 0 1
    outer loop
      vertex -20.3371 21.3889 52
      vertex 46.3371 21.3889 52
      vertex -20.268 21.5 52
    endloop
  endfacet
  facet normal 0 0 1
    outer loop
      vertex 46.3371 21.3889 52
      vertex -20.3371 21.3889 52
      vertex 46.4133 21.2825 52
    endloop
  endfacet
  facet normal 0 0 1
    outer loop
      vertex -20.4133 21.2825 52
      vertex 46.4133 21.2825 52
      vertex -20.3371 21.3889 52
    endloop
  endfacet
  facet normal 0 0 1
    outer loop
      vertex 46.4133 21.2825 52
      vertex -20.4133 21.2825 52
      vertex 46.4963 21.1813 52
    endloop
  endfacet
  facet normal 0 0 1
    outer loop
      vertex -20.4963 21.1813 52
      vertex 46.4963 21.1813 52
      vertex -20.4133 21.2825 52
    endloop
  endfacet
  facet normal 0 0 1
    outer loop
      vertex 46.4963 21.1813 52
      vertex -20.4963 21.1813 52
      vertex 46.5858 21.0858 52
    endloop
  endfacet
  facet normal 0 0 1
    outer loop
      vertex -20.5858 21.0858 52
      vertex 46.5858 21.0858 52
      vertex -20.4963 21.1813 52
    endloop
  endfacet
  facet normal 0 0 1
    outer loop
      vertex 46.5858 21.0858 52
      vertex -20.5858 21.0858 52
      vertex 46.6813 20.9963 52
    endloop
  endfacet
  facet normal 0 0 1
    outer loop
      vertex -20.6813 20.9963 52
      vertex 46.6813 20.9963 52
      vertex -20.5858 21.0858 52
    endloop
  endfacet
  facet normal 0 0 1
    outer loop
      vertex 46.6813 20.9963 52
      vertex -20.6813 20.9963 52
      vertex 46.7825 20.9133 52
    endloop
  endfacet
  facet normal 0 0 1
    outer loop
      vertex -20.7825 20.9133 52
      vertex 46.7825 20.9133 52
      vertex -20.6813 20.9963 52
    endloop
  endfacet
  facet normal 0 0 1
    outer loop
      vertex 46.7825 20.9133 52
      vertex -20.7825 20.9133 52
      vertex 46.8889 20.8371 52
    endloop
  endfacet
  facet normal 0 0 1
    outer loop
      vertex -20.8889 20.8371 52
      vertex 46.8889 20.8371 52
      vertex -20.7825 20.9133 52
    endloop
  endfacet
  facet normal 0 0 1
    outer loop
      vertex 46.8889 20.8371 52
      vertex -20.8889 20.8371 52
      vertex 47 20.768 52
    endloop
  endfacet
  facet normal 0 0 1
    outer loop
      vertex -21 20.768 52
      vertex 47 20.768 52
      vertex -20.8889 20.8371 52
    endloop
  endfacet
  facet normal 0 0 1
    outer loop
      vertex 47 20.768 52
      vertex -21 20.768 52
      vertex 47.1154 20.7063 52
    endloop
  endfacet
  facet normal 0 0 1
    outer loop
      vertex -21.1154 20.7063 52
      vertex 47.1154 20.7063 52
      vertex -21 20.768 52
    endloop
  endfacet
  facet normal 0 0 1
    outer loop
      vertex 47.1154 20.7063 52
      vertex -21.1154 20.7063 52
      vertex 47.2346 20.6522 52
    endloop
  endfacet
  facet normal 0 0 1
    outer loop
      vertex -21.2346 20.6522 52
      vertex 47.2346 20.6522 52
      vertex -21.1154 20.7063 52
    endloop
  endfacet
  facet normal 0 0 1
    outer loop
      vertex 47.2346 20.6522 52
      vertex -21.2346 20.6522 52
      vertex 47.3571 20.6061 52
    endloop
  endfacet
  facet normal 0 0 1
    outer loop
      vertex -21.3571 20.6061 52
      vertex 47.3571 20.6061 52
      vertex -21.2346 20.6522 52
    endloop
  endfacet
  facet normal 0 0 1
    outer loop
      vertex 47.3571 20.6061 52
      vertex -21.3571 20.6061 52
      vertex 47.4824 20.5681 52
    endloop
  endfacet
  facet normal 0 0 1
    outer loop
      vertex -21.4824 20.5681 52
      vertex 47.4824 20.5681 52
      vertex -21.3571 20.6061 52
    endloop
  endfacet
  facet normal 0 0 1
    outer loop
      vertex 47.4824 20.5681 52
      vertex -21.4824 20.5681 52
      vertex 47.6098 20.5384 52
    endloop
  endfacet
  facet normal 0 0 1
    outer loop
      vertex -21.6098 20.5384 52
      vertex 47.6098 20.5384 52
      vertex -21.4824 20.5681 52
    endloop
  endfacet
  facet normal 0 0 1
    outer loop
      vertex 47.6098 20.5384 52
      vertex -21.6098 20.5384 52
      vertex 47.7389 20.5171 52
    endloop
  endfacet
  facet normal 0 0 1
    outer loop
      vertex -21.7389 20.5171 52
      vertex 47.7389 20.5171 52
      vertex -21.6098 20.5384 52
    endloop
  endfacet
  facet normal 0 0 1
    outer loop
      vertex -26 20 52
      vertex 47.7389 20.5171 52
      vertex -21.7389 20.5171 52
    endloop
  endfacet
  facet normal 0 0 1
    outer loop
      vertex 47.7389 20.5171 52
      vertex -26 20 52
      vertex 47.8692 20.5043 52
    endloop
  endfacet
  facet normal 0 0 1
    outer loop
      vertex 47.8692 20.5043 52
      vertex -26 20 52
      vertex 48 20.5 52
    endloop
  endfacet
  facet normal 0 0 1
    outer loop
      vertex -26 20 52
      vertex -21.7389 20.5171 52
      vertex -21.8692 20.5043 52
    endloop
  endfacet
  facet normal 0 0 1
    outer loop
      vertex -26 20 52
      vertex -21.8692 20.5043 52
      vertex -22 20.5 52
    endloop
  endfacet
  facet normal 0 0 1
    outer loop
      vertex -26 20 52
      vertex -24 22.5 52
      vertex -26 25 52
    endloop
  endfacet
  facet normal 0 0 1
    outer loop
      vertex -24 22.5 52
      vertex -26 20 52
      vertex -23.9957 22.3692 52
    endloop
  endfacet
  facet normal 0 0 1
    outer loop
      vertex -23.9957 22.3692 52
      vertex -26 20 52
      vertex -23.9829 22.2389 52
    endloop
  endfacet
  facet normal 0 0 1
    outer loop
      vertex -23.9829 22.2389 52
      vertex -26 20 52
      vertex -23.9616 22.1098 52
    endloop
  endfacet
  facet normal 0 0 1
    outer loop
      vertex -23.9616 22.1098 52
      vertex -26 20 52
      vertex -23.9319 21.9824 52
    endloop
  endfacet
  facet normal 0 0 1
    outer loop
      vertex -23.9319 21.9824 52
      vertex -26 20 52
      vertex -23.8939 21.8571 52
    endloop
  endfacet
  facet normal 0 0 1
    outer loop
      vertex -23.8939 21.8571 52
      vertex -26 20 52
      vertex -23.8478 21.7346 52
    endloop
  endfacet
  facet normal 0 0 1
    outer loop
      vertex -23.8478 21.7346 52
      vertex -26 20 52
      vertex -23.7937 21.6154 52
    endloop
  endfacet
  facet normal 0 0 1
    outer loop
      vertex -23.7937 21.6154 52
      vertex -26 20 52
      vertex -23.732 21.5 52
    endloop
  endfacet
  facet normal 0 0 1
    outer loop
      vertex 48 20.5 52
      vertex -26 20 52
      vertex 122 20 52
    endloop
  endfacet
  facet normal 0 0 1
    outer loop
      vertex -22.1308 20.5043 52
      vertex -26 20 52
      vertex -22 20.5 52
    endloop
  endfacet
  facet normal 0 0 1
    outer loop
      vertex -22.2611 20.5171 52
      vertex -26 20 52
      vertex -22.1308 20.5043 52
    endloop
  endfacet
  facet normal 0 0 1
    outer loop
      vertex -22.3902 20.5384 52
      vertex -26 20 52
      vertex -22.2611 20.5171 52
    endloop
  endfacet
  facet normal 0 0 1
    outer loop
      vertex -22.5176 20.5681 52
      vertex -26 20 52
      vertex -22.3902 20.5384 52
    endloop
  endfacet
  facet normal 0 0 1
    outer loop
      vertex -22.6429 20.6061 52
      vertex -26 20 52
      vertex -22.5176 20.5681 52
    endloop
  endfacet
  facet normal 0 0 1
    outer loop
      vertex -22.7654 20.6522 52
      vertex -26 20 52
      vertex -22.6429 20.6061 52
    endloop
  endfacet
  facet normal 0 0 1
    outer loop
      vertex -22.8846 20.7063 52
      vertex -26 20 52
      vertex -22.7654 20.6522 52
    endloop
  endfacet
  facet normal 0 0 1
    outer loop
      vertex -23 20.768 52
      vertex -26 20 52
      vertex -22.8846 20.7063 52
    endloop
  endfacet
  facet normal 0 0 1
    outer loop
      vertex -23.1111 20.8371 52
      vertex -26 20 52
      vertex -23 20.768 52
    endloop
  endfacet
  facet normal 0 0 1
    outer loop
      vertex -23.2175 20.9133 52
      vertex -26 20 52
      vertex -23.1111 20.8371 52
    endloop
  endfacet
  facet normal 0 0 1
    outer loop
      vertex -23.3187 20.9963 52
      vertex -26 20 52
      vertex -23.2175 20.9133 52
    endloop
  endfacet
  facet normal 0 0 1
    outer loop
      vertex -23.4142 21.0858 52
      vertex -26 20 52
      vertex -23.3187 20.9963 52
    endloop
  endfacet
  facet normal 0 0 1
    outer loop
      vertex -23.5037 21.1813 52
      vertex -26 20 52
      vertex -23.4142 21.0858 52
    endloop
  endfacet
  facet normal 0 0 1
    outer loop
      vertex -23.5867 21.2825 52
      vertex -26 20 52
      vertex -23.5037 21.1813 52
    endloop
  endfacet
  facet normal 0 0 1
    outer loop
      vertex -23.6629 21.3889 52
      vertex -26 20 52
      vertex -23.5867 21.2825 52
    endloop
  endfacet
  facet normal 0 0 1
    outer loop
      vertex -23.732 21.5 52
      vertex -26 20 52
      vertex -23.6629 21.3889 52
    endloop
  endfacet
  facet normal -1 0 0
    outer loop
      vertex -26 20 4
      vertex -26 25 52
      vertex -26 25 4
    endloop
  endfacet
  facet normal -1 -0 0
    outer loop
      vertex -26 25 52
      vertex -26 20 4
      vertex -26 20 52
    endloop
  endfacet
  facet normal 0 1 -0
    outer loop
      vertex 122 25 4
      vertex -26 25 52
      vertex 122 25 52
    endloop
  endfacet
  facet normal 0 1 0
    outer loop
      vertex -26 25 52
      vertex 122 25 4
      vertex -26 25 4
    endloop
  endfacet
  facet normal 0 -1 0
    outer loop
      vertex -26 20 4
      vertex 122 20 52
      vertex -26 20 52
    endloop
  endfacet
  facet normal 0 -1 -0
    outer loop
      vertex 122 20 52
      vertex -26 20 4
      vertex 122 20 4
    endloop
  endfacet
endsolid OpenSCAD_Model
