solid OpenSCAD_Model
  facet normal 0 0.881904 0.471429
    outer loop
      vertex -5 17.175 7.53831
      vertex -10 16.9282 8
      vertex -5 16.9282 8
    endloop
  endfacet
  facet normal 0 0.881904 0.471429
    outer loop
      vertex -10 16.9282 8
      vertex -5 17.175 7.53831
      vertex -10 17.175 7.53831
    endloop
  endfacet
  facet normal 0 0.995187 -0.0979925
    outer loop
      vertex -5 17.9316 2.95579
      vertex -10 17.9829 3.47678
      vertex -5 17.9829 3.47678
    endloop
  endfacet
  facet normal 0 0.995187 -0.0979925
    outer loop
      vertex -10 17.9829 3.47678
      vertex -5 17.9316 2.95579
      vertex -10 17.9316 2.95579
    endloop
  endfacet
  facet normal 0 0.956923 0.290341
    outer loop
      vertex -5 17.7274 6.07055
      vertex -10 17.5754 6.57152
      vertex -5 17.5754 6.57152
    endloop
  endfacet
  facet normal 0 0.956923 0.290341
    outer loop
      vertex -10 17.5754 6.57152
      vertex -5 17.7274 6.07055
      vertex -10 17.7274 6.07055
    endloop
  endfacet
  facet normal 0 -0.910859 0.412718
    outer loop
      vertex -10 -8.31492 7.44415
      vertex -5 -8.07185 7.9806
      vertex -10 -8.07185 7.9806
    endloop
  endfacet
  facet normal 0 -0.910859 0.412718
    outer loop
      vertex -5 -8.07185 7.9806
      vertex -10 -8.31492 7.44415
      vertex -5 -8.31492 7.44415
    endloop
  endfacet
  facet normal 0 0.999466 0.0326648
    outer loop
      vertex -5 18 4
      vertex -10 17.9829 4.52322
      vertex -5 17.9829 4.52322
    endloop
  endfacet
  facet normal 0 0.999466 0.0326648
    outer loop
      vertex -10 17.9829 4.52322
      vertex -5 18 4
      vertex -10 18 4
    endloop
  endfacet
  facet normal 0 -0.93591 -0.35224
    outer loop
      vertex -10 -8.31492 0.55585
      vertex -5 -8.52237 1.10705
      vertex -10 -8.52237 1.10705
    endloop
  endfacet
  facet normal 0 -0.93591 -0.35224
    outer loop
      vertex -5 -8.52237 1.10705
      vertex -10 -8.31492 0.55585
      vertex -5 -8.31492 0.55585
    endloop
  endfacet
  facet normal 0 0.973867 0.22712
    outer loop
      vertex -5 17.8463 5.56072
      vertex -10 17.7274 6.07055
      vertex -5 17.7274 6.07055
    endloop
  endfacet
  facet normal 0 0.973867 0.22712
    outer loop
      vertex -10 17.7274 6.07055
      vertex -5 17.8463 5.56072
      vertex -10 17.8463 5.56072
    endloop
  endfacet
  facet normal 0 0.935909 0.352243
    outer loop
      vertex -5 17.5754 6.57152
      vertex -10 17.391 7.06147
      vertex -5 17.391 7.06147
    endloop
  endfacet
  facet normal 0 0.935909 0.352243
    outer loop
      vertex -10 17.391 7.06147
      vertex -5 17.5754 6.57152
      vertex -10 17.5754 6.57152
    endloop
  endfacet
  facet normal 0 -0.995184 -0.0980225
    outer loop
      vertex -10 -8.923 2.82526
      vertex -5 -8.98073 3.41137
      vertex -10 -8.98073 3.41137
    endloop
  endfacet
  facet normal 0 -0.995184 -0.0980225
    outer loop
      vertex -5 -8.98073 3.41137
      vertex -10 -8.923 2.82526
      vertex -5 -8.923 2.82526
    endloop
  endfacet
  facet normal 0 0.973867 -0.22712
    outer loop
      vertex -5 17.7274 1.92945
      vertex -10 17.8463 2.43928
      vertex -5 17.8463 2.43928
    endloop
  endfacet
  facet normal 0 0.973867 -0.22712
    outer loop
      vertex -10 17.8463 2.43928
      vertex -5 17.7274 1.92945
      vertex -10 17.7274 1.92945
    endloop
  endfacet
  facet normal 0 -0.910858 -0.412719
    outer loop
      vertex -10 -8.07185 0.0194025
      vertex -5 -8.31492 0.55585
      vertex -10 -8.31492 0.55585
    endloop
  endfacet
  facet normal 0 -0.910858 -0.412719
    outer loop
      vertex -5 -8.31492 0.55585
      vertex -10 -8.07185 0.0194025
      vertex -5 -8.07185 0.0194025
    endloop
  endfacet
  facet normal 0 -0.999465 -0.0327195
    outer loop
      vertex -10 -8.98073 3.41137
      vertex -5 -9 4
      vertex -10 -9 4
    endloop
  endfacet
  facet normal 0 -0.999465 -0.0327195
    outer loop
      vertex -5 -9 4
      vertex -10 -8.98073 3.41137
      vertex -5 -8.98073 3.41137
    endloop
  endfacet
  facet normal 0 0.999466 -0.0326648
    outer loop
      vertex -5 17.9829 3.47678
      vertex -10 18 4
      vertex -5 18 4
    endloop
  endfacet
  facet normal 0 0.999466 -0.0326648
    outer loop
      vertex -10 18 4
      vertex -5 17.9829 3.47678
      vertex -10 17.9829 3.47678
    endloop
  endfacet
  facet normal 0 -0.999465 0.0327195
    outer loop
      vertex -10 -9 4
      vertex -5 -8.98073 4.58863
      vertex -10 -8.98073 4.58863
    endloop
  endfacet
  facet normal 0 -0.999465 0.0327195
    outer loop
      vertex -5 -8.98073 4.58863
      vertex -10 -9 4
      vertex -5 -9 4
    endloop
  endfacet
  facet normal 0 -0.973875 -0.227084
    outer loop
      vertex -10 -8.69333 1.67063
      vertex -5 -8.82707 2.24419
      vertex -10 -8.82707 2.24419
    endloop
  endfacet
  facet normal 0 -0.973875 -0.227084
    outer loop
      vertex -5 -8.82707 2.24419
      vertex -10 -8.69333 1.67063
      vertex -5 -8.69333 1.67063
    endloop
  endfacet
  facet normal 0 -0.986645 -0.162887
    outer loop
      vertex -10 -8.82707 2.24419
      vertex -5 -8.923 2.82526
      vertex -10 -8.923 2.82526
    endloop
  endfacet
  facet normal 0 -0.986645 -0.162887
    outer loop
      vertex -5 -8.923 2.82526
      vertex -10 -8.82707 2.24419
      vertex -5 -8.82707 2.24419
    endloop
  endfacet
  facet normal 0 0.986636 -0.16294
    outer loop
      vertex -5 17.8463 2.43928
      vertex -10 17.9316 2.95579
      vertex -5 17.9316 2.95579
    endloop
  endfacet
  facet normal 0 0.986636 -0.16294
    outer loop
      vertex -10 17.9316 2.95579
      vertex -5 17.8463 2.43928
      vertex -10 17.8463 2.43928
    endloop
  endfacet
  facet normal 0 -0.95694 -0.290284
    outer loop
      vertex -10 -8.52237 1.10705
      vertex -5 -8.69333 1.67063
      vertex -10 -8.69333 1.67063
    endloop
  endfacet
  facet normal 0 -0.95694 -0.290284
    outer loop
      vertex -5 -8.69333 1.67063
      vertex -10 -8.52237 1.10705
      vertex -5 -8.52237 1.10705
    endloop
  endfacet
  facet normal 0 0.995187 0.0979925
    outer loop
      vertex -5 17.9829 4.52322
      vertex -10 17.9316 5.04421
      vertex -5 17.9316 5.04421
    endloop
  endfacet
  facet normal 0 0.995187 0.0979925
    outer loop
      vertex -10 17.9316 5.04421
      vertex -5 17.9829 4.52322
      vertex -10 17.9829 4.52322
    endloop
  endfacet
  facet normal 0 0.910903 -0.412621
    outer loop
      vertex -5 17.175 0.461691
      vertex -10 17.391 0.938533
      vertex -5 17.391 0.938533
    endloop
  endfacet
  facet normal 0 0.910903 -0.412621
    outer loop
      vertex -10 17.391 0.938533
      vertex -5 17.175 0.461691
      vertex -10 17.175 0.461691
    endloop
  endfacet
  facet normal -1 0 0
    outer loop
      vertex -10 5 4
      vertex -10 18 4
      vertex -10 17.9829 3.47678
    endloop
  endfacet
  facet normal -1 0 0
    outer loop
      vertex -10 5 4
      vertex -10 17.9829 3.47678
      vertex -10 17.9316 2.95579
    endloop
  endfacet
  facet normal -1 0 0
    outer loop
      vertex -10 18 4
      vertex -10 5 4
      vertex -10 17.9829 4.52322
    endloop
  endfacet
  facet normal -1 0 0
    outer loop
      vertex -10 5 4
      vertex -10 17.9316 2.95579
      vertex -10 17.8463 2.43928
    endloop
  endfacet
  facet normal -1 -0 0
    outer loop
      vertex -10 17.9829 4.52322
      vertex -10 5 4
      vertex -10 17.9316 5.04421
    endloop
  endfacet
  facet normal -1 0 0
    outer loop
      vertex -10 5 4
      vertex -10 17.8463 2.43928
      vertex -10 17.7274 1.92945
    endloop
  endfacet
  facet normal -1 -0 0
    outer loop
      vertex -10 17.9316 5.04421
      vertex -10 5 4
      vertex -10 17.8463 5.56072
    endloop
  endfacet
  facet normal -1 0 0
    outer loop
      vertex -10 4.98929 3.67299
      vertex -10 17.7274 1.92945
      vertex -10 17.5754 1.42848
    endloop
  endfacet
  facet normal -1 -0 0
    outer loop
      vertex -10 17.8463 5.56072
      vertex -10 5 4
      vertex -10 17.7274 6.07055
    endloop
  endfacet
  facet normal -1 0 0
    outer loop
      vertex -10 4.98929 3.67299
      vertex -10 17.5754 1.42848
      vertex -10 17.391 0.938533
    endloop
  endfacet
  facet normal -1 0 0
    outer loop
      vertex -10 4.98929 4.32701
      vertex -10 17.7274 6.07055
      vertex -10 5 4
    endloop
  endfacet
  facet normal -1 0 0
    outer loop
      vertex -10 4.98929 3.67299
      vertex -10 17.391 0.938533
      vertex -10 17.175 0.461691
    endloop
  endfacet
  facet normal -1 -0 0
    outer loop
      vertex -10 17.7274 6.07055
      vertex -10 4.98929 4.32701
      vertex -10 17.5754 6.57152
    endloop
  endfacet
  facet normal -1 0 0
    outer loop
      vertex -10 4.98929 3.67299
      vertex -10 17.175 0.461691
      vertex -10 16.9282 0
    endloop
  endfacet
  facet normal -1 -0 0
    outer loop
      vertex -10 17.5754 6.57152
      vertex -10 4.98929 4.32701
      vertex -10 17.391 7.06147
    endloop
  endfacet
  facet normal -1 -0 0
    outer loop
      vertex -10 17.391 7.06147
      vertex -10 4.98929 4.32701
      vertex -10 17.175 7.53831
    endloop
  endfacet
  facet normal -1 0 0
    outer loop
      vertex -10 17.7274 1.92945
      vertex -10 4.98929 3.67299
      vertex -10 5 4
    endloop
  endfacet
  facet normal -1 0 0
    outer loop
      vertex -10 16.9282 0
      vertex -10 4.95722 3.34737
      vertex -10 4.98929 3.67299
    endloop
  endfacet
  facet normal -1 0 0
    outer loop
      vertex -10 16.9282 0
      vertex -10 4.90393 3.02455
      vertex -10 4.95722 3.34737
    endloop
  endfacet
  facet normal -1 0 0
    outer loop
      vertex -10 16.9282 0
      vertex -10 4.82963 2.7059
      vertex -10 4.90393 3.02455
    endloop
  endfacet
  facet normal -1 0 0
    outer loop
      vertex -10 16.9282 0
      vertex -10 4.73465 2.3928
      vertex -10 4.82963 2.7059
    endloop
  endfacet
  facet normal -1 0 0
    outer loop
      vertex -10 16.9282 0
      vertex -10 4.6194 2.08658
      vertex -10 4.73465 2.3928
    endloop
  endfacet
  facet normal -1 0 0
    outer loop
      vertex -10 16.9282 0
      vertex -10 4.48436 1.78856
      vertex -10 4.6194 2.08658
    endloop
  endfacet
  facet normal -1 0 0
    outer loop
      vertex -10 16.9282 0
      vertex -10 4.33013 1.5
      vertex -10 4.48436 1.78856
    endloop
  endfacet
  facet normal -1 0 0
    outer loop
      vertex -10 16.9282 0
      vertex -10 4.15735 1.22215
      vertex -10 4.33013 1.5
    endloop
  endfacet
  facet normal -1 0 0
    outer loop
      vertex -10 16.9282 0
      vertex -10 3.96677 0.956193
      vertex -10 4.15735 1.22215
    endloop
  endfacet
  facet normal -1 0 0
    outer loop
      vertex -10 16.9282 0
      vertex -10 3.7592 0.703272
      vertex -10 3.96677 0.956193
    endloop
  endfacet
  facet normal -1 0 0
    outer loop
      vertex -10 16.9282 0
      vertex -10 3.53553 0.464466
      vertex -10 3.7592 0.703272
    endloop
  endfacet
  facet normal -1 0 0
    outer loop
      vertex -10 16.9282 0
      vertex -10 3.29673 0.240802
      vertex -10 3.53553 0.464466
    endloop
  endfacet
  facet normal -1 0 0
    outer loop
      vertex -10 16.9282 0
      vertex -10 3.04381 0.0332336
      vertex -10 3.29673 0.240802
    endloop
  endfacet
  facet normal -1 0 -0
    outer loop
      vertex -10 3.04381 0.0332336
      vertex -10 16.9282 0
      vertex -10 2.99743 0
    endloop
  endfacet
  facet normal -1 -0 0
    outer loop
      vertex -10 17.175 7.53831
      vertex -10 4.98929 4.32701
      vertex -10 16.9282 8
    endloop
  endfacet
  facet normal -1 0 0
    outer loop
      vertex -10 4.95722 4.65263
      vertex -10 16.9282 8
      vertex -10 4.98929 4.32701
    endloop
  endfacet
  facet normal -1 0 0
    outer loop
      vertex -10 4.90393 4.97545
      vertex -10 16.9282 8
      vertex -10 4.95722 4.65263
    endloop
  endfacet
  facet normal -1 0 0
    outer loop
      vertex -10 4.82963 5.2941
      vertex -10 16.9282 8
      vertex -10 4.90393 4.97545
    endloop
  endfacet
  facet normal -1 0 0
    outer loop
      vertex -10 4.73465 5.6072
      vertex -10 16.9282 8
      vertex -10 4.82963 5.2941
    endloop
  endfacet
  facet normal -1 0 0
    outer loop
      vertex -10 4.6194 5.91342
      vertex -10 16.9282 8
      vertex -10 4.73465 5.6072
    endloop
  endfacet
  facet normal -1 0 0
    outer loop
      vertex -10 4.48436 6.21144
      vertex -10 16.9282 8
      vertex -10 4.6194 5.91342
    endloop
  endfacet
  facet normal -1 0 0
    outer loop
      vertex -10 4.33013 6.5
      vertex -10 16.9282 8
      vertex -10 4.48436 6.21144
    endloop
  endfacet
  facet normal -1 0 0
    outer loop
      vertex -10 4.15735 6.77785
      vertex -10 16.9282 8
      vertex -10 4.33013 6.5
    endloop
  endfacet
  facet normal -1 0 0
    outer loop
      vertex -10 3.96677 7.04381
      vertex -10 16.9282 8
      vertex -10 4.15735 6.77785
    endloop
  endfacet
  facet normal -1 0 0
    outer loop
      vertex -10 3.7592 7.29673
      vertex -10 16.9282 8
      vertex -10 3.96677 7.04381
    endloop
  endfacet
  facet normal -1 0 0
    outer loop
      vertex -10 3.53553 7.53553
      vertex -10 16.9282 8
      vertex -10 3.7592 7.29673
    endloop
  endfacet
  facet normal -1 0 0
    outer loop
      vertex -10 3.29673 7.7592
      vertex -10 16.9282 8
      vertex -10 3.53553 7.53553
    endloop
  endfacet
  facet normal -1 0 0
    outer loop
      vertex -10 3.04381 7.96677
      vertex -10 16.9282 8
      vertex -10 3.29673 7.7592
    endloop
  endfacet
  facet normal -1 -0 0
    outer loop
      vertex -10 16.9282 8
      vertex -10 3.04381 7.96677
      vertex -10 2.99743 8
    endloop
  endfacet
  facet normal -1 0 0
    outer loop
      vertex -10 -8.69333 1.67063
      vertex -10 -4.82963 2.7059
      vertex -10 -8.52237 1.10705
    endloop
  endfacet
  facet normal -1 -0 0
    outer loop
      vertex -10 -4.73465 2.3928
      vertex -10 -8.52237 1.10705
      vertex -10 -4.82963 2.7059
    endloop
  endfacet
  facet normal -1 0 0
    outer loop
      vertex -10 -8.52237 1.10705
      vertex -10 -4.73465 2.3928
      vertex -10 -8.31492 0.55585
    endloop
  endfacet
  facet normal -1 -0 0
    outer loop
      vertex -10 -4.6194 2.08658
      vertex -10 -8.31492 0.55585
      vertex -10 -4.73465 2.3928
    endloop
  endfacet
  facet normal -1 0 0
    outer loop
      vertex -10 -8.31492 0.55585
      vertex -10 -4.6194 2.08658
      vertex -10 -8.07185 0.0194025
    endloop
  endfacet
  facet normal -1 -0 0
    outer loop
      vertex -10 -4.48436 1.78856
      vertex -10 -8.07185 0.0194025
      vertex -10 -4.6194 2.08658
    endloop
  endfacet
  facet normal -1 0 0
    outer loop
      vertex -10 -8.07185 0.0194025
      vertex -10 -4.48436 1.78856
      vertex -10 -8.06148 0
    endloop
  endfacet
  facet normal -1 -0 0
    outer loop
      vertex -10 -4.33013 1.5
      vertex -10 -8.06148 0
      vertex -10 -4.48436 1.78856
    endloop
  endfacet
  facet normal -1 -0 0
    outer loop
      vertex -10 -4.15735 1.22215
      vertex -10 -8.06148 0
      vertex -10 -4.33013 1.5
    endloop
  endfacet
  facet normal -1 -0 0
    outer loop
      vertex -10 -3.96677 0.956193
      vertex -10 -8.06148 0
      vertex -10 -4.15735 1.22215
    endloop
  endfacet
  facet normal -1 -0 0
    outer loop
      vertex -10 -3.7592 0.703272
      vertex -10 -8.06148 0
      vertex -10 -3.96677 0.956193
    endloop
  endfacet
  facet normal -1 -0 0
    outer loop
      vertex -10 -3.53553 0.464466
      vertex -10 -8.06148 0
      vertex -10 -3.7592 0.703272
    endloop
  endfacet
  facet normal -1 -0 0
    outer loop
      vertex -10 -3.29673 0.240802
      vertex -10 -8.06148 0
      vertex -10 -3.53553 0.464466
    endloop
  endfacet
  facet normal -1 -0 0
    outer loop
      vertex -10 -3.04381 0.0332336
      vertex -10 -8.06148 0
      vertex -10 -3.29673 0.240802
    endloop
  endfacet
  facet normal -1 0 0
    outer loop
      vertex -10 -8.06148 0
      vertex -10 -3.04381 0.0332336
      vertex -10 -2.99743 0
    endloop
  endfacet
  facet normal -1 -0 0
    outer loop
      vertex -10 -4.82963 2.7059
      vertex -10 -8.69333 1.67063
      vertex -10 -4.90393 3.02455
    endloop
  endfacet
  facet normal -1 0 0
    outer loop
      vertex -10 -8.82707 2.24419
      vertex -10 -4.90393 3.02455
      vertex -10 -8.69333 1.67063
    endloop
  endfacet
  facet normal -1 -0 0
    outer loop
      vertex -10 -4.90393 3.02455
      vertex -10 -8.82707 2.24419
      vertex -10 -4.95722 3.34737
    endloop
  endfacet
  facet normal -1 0 0
    outer loop
      vertex -10 -8.923 2.82526
      vertex -10 -4.95722 3.34737
      vertex -10 -8.82707 2.24419
    endloop
  endfacet
  facet normal -1 -0 0
    outer loop
      vertex -10 -4.95722 3.34737
      vertex -10 -8.923 2.82526
      vertex -10 -4.98929 3.67299
    endloop
  endfacet
  facet normal -1 0 0
    outer loop
      vertex -10 -8.98073 3.41137
      vertex -10 -4.98929 3.67299
      vertex -10 -8.923 2.82526
    endloop
  endfacet
  facet normal -1 -0 0
    outer loop
      vertex -10 -4.98929 3.67299
      vertex -10 -8.98073 3.41137
      vertex -10 -5 4
    endloop
  endfacet
  facet normal -1 0 0
    outer loop
      vertex -10 -5 4
      vertex -10 -9 4
      vertex -10 -4.98929 4.32701
    endloop
  endfacet
  facet normal -1 0 0
    outer loop
      vertex -10 -3.04381 7.96677
      vertex -10 -8.06148 8
      vertex -10 -2.99743 8
    endloop
  endfacet
  facet normal -1 0 0
    outer loop
      vertex -10 -3.29673 7.7592
      vertex -10 -8.06148 8
      vertex -10 -3.04381 7.96677
    endloop
  endfacet
  facet normal -1 0 0
    outer loop
      vertex -10 -3.53553 7.53553
      vertex -10 -8.06148 8
      vertex -10 -3.29673 7.7592
    endloop
  endfacet
  facet normal -1 0 0
    outer loop
      vertex -10 -3.7592 7.29673
      vertex -10 -8.06148 8
      vertex -10 -3.53553 7.53553
    endloop
  endfacet
  facet normal -1 0 0
    outer loop
      vertex -10 -3.96677 7.04381
      vertex -10 -8.06148 8
      vertex -10 -3.7592 7.29673
    endloop
  endfacet
  facet normal -1 0 0
    outer loop
      vertex -10 -4.15735 6.77785
      vertex -10 -8.06148 8
      vertex -10 -3.96677 7.04381
    endloop
  endfacet
  facet normal -1 0 0
    outer loop
      vertex -10 -4.33013 6.5
      vertex -10 -8.06148 8
      vertex -10 -4.15735 6.77785
    endloop
  endfacet
  facet normal -1 0 -0
    outer loop
      vertex -10 -8.98073 4.58863
      vertex -10 -4.98929 4.32701
      vertex -10 -9 4
    endloop
  endfacet
  facet normal -1 0 0
    outer loop
      vertex -10 -9 4
      vertex -10 -5 4
      vertex -10 -8.98073 3.41137
    endloop
  endfacet
  facet normal -1 0 0
    outer loop
      vertex -10 -4.98929 4.32701
      vertex -10 -8.98073 4.58863
      vertex -10 -4.95722 4.65263
    endloop
  endfacet
  facet normal -1 0 -0
    outer loop
      vertex -10 -8.06148 8
      vertex -10 -4.48436 6.21144
      vertex -10 -8.07185 7.9806
    endloop
  endfacet
  facet normal -1 0 0
    outer loop
      vertex -10 -4.48436 6.21144
      vertex -10 -8.06148 8
      vertex -10 -4.33013 6.5
    endloop
  endfacet
  facet normal -1 0 -0
    outer loop
      vertex -10 -8.923 5.17474
      vertex -10 -4.95722 4.65263
      vertex -10 -8.98073 4.58863
    endloop
  endfacet
  facet normal -1 0 -0
    outer loop
      vertex -10 -8.07185 7.9806
      vertex -10 -4.48436 6.21144
      vertex -10 -8.31492 7.44415
    endloop
  endfacet
  facet normal -1 0 0
    outer loop
      vertex -10 -4.95722 4.65263
      vertex -10 -8.923 5.17474
      vertex -10 -4.90393 4.97545
    endloop
  endfacet
  facet normal -1 0 0
    outer loop
      vertex -10 -4.6194 5.91342
      vertex -10 -8.31492 7.44415
      vertex -10 -4.48436 6.21144
    endloop
  endfacet
  facet normal -1 0 -0
    outer loop
      vertex -10 -8.82707 5.75581
      vertex -10 -4.90393 4.97545
      vertex -10 -8.923 5.17474
    endloop
  endfacet
  facet normal -1 0 -0
    outer loop
      vertex -10 -8.31492 7.44415
      vertex -10 -4.6194 5.91342
      vertex -10 -8.52237 6.89295
    endloop
  endfacet
  facet normal -1 0 0
    outer loop
      vertex -10 -4.90393 4.97545
      vertex -10 -8.82707 5.75581
      vertex -10 -4.82963 5.2941
    endloop
  endfacet
  facet normal -1 0 0
    outer loop
      vertex -10 -4.73465 5.6072
      vertex -10 -8.52237 6.89295
      vertex -10 -4.6194 5.91342
    endloop
  endfacet
  facet normal -1 0 -0
    outer loop
      vertex -10 -8.69333 6.32937
      vertex -10 -4.82963 5.2941
      vertex -10 -8.82707 5.75581
    endloop
  endfacet
  facet normal -1 0 -0
    outer loop
      vertex -10 -8.52237 6.89295
      vertex -10 -4.73465 5.6072
      vertex -10 -8.69333 6.32937
    endloop
  endfacet
  facet normal -1 0 0
    outer loop
      vertex -10 -4.82963 5.2941
      vertex -10 -8.69333 6.32937
      vertex -10 -4.73465 5.6072
    endloop
  endfacet
  facet normal 0 -0.93591 0.35224
    outer loop
      vertex -10 -8.52237 6.89295
      vertex -5 -8.31492 7.44415
      vertex -10 -8.31492 7.44415
    endloop
  endfacet
  facet normal 0 -0.93591 0.35224
    outer loop
      vertex -5 -8.31492 7.44415
      vertex -10 -8.52237 6.89295
      vertex -5 -8.52237 6.89295
    endloop
  endfacet
  facet normal 0 0.986636 0.16294
    outer loop
      vertex -5 17.9316 5.04421
      vertex -10 17.8463 5.56072
      vertex -5 17.8463 5.56072
    endloop
  endfacet
  facet normal 0 0.986636 0.16294
    outer loop
      vertex -10 17.8463 5.56072
      vertex -5 17.9316 5.04421
      vertex -10 17.9316 5.04421
    endloop
  endfacet
  facet normal 0 0.910902 0.412622
    outer loop
      vertex -5 17.391 7.06147
      vertex -10 17.175 7.53831
      vertex -5 17.175 7.53831
    endloop
  endfacet
  facet normal 0 0.910902 0.412622
    outer loop
      vertex -10 17.175 7.53831
      vertex -5 17.391 7.06147
      vertex -10 17.391 7.06147
    endloop
  endfacet
  facet normal 0 -0.881937 -0.471367
    outer loop
      vertex -10 -8.06148 0
      vertex -5 -8.07185 0.0194025
      vertex -10 -8.07185 0.0194025
    endloop
  endfacet
  facet normal 0 -0.881937 -0.471367
    outer loop
      vertex -5 -8.07185 0.0194025
      vertex -10 -8.06148 0
      vertex -5 -8.06148 0
    endloop
  endfacet
  facet normal 0 -0.986645 0.162887
    outer loop
      vertex -10 -8.923 5.17474
      vertex -5 -8.82707 5.75581
      vertex -10 -8.82707 5.75581
    endloop
  endfacet
  facet normal 0 -0.986645 0.162887
    outer loop
      vertex -5 -8.82707 5.75581
      vertex -10 -8.923 5.17474
      vertex -5 -8.923 5.17474
    endloop
  endfacet
  facet normal 0 -0.95694 0.290284
    outer loop
      vertex -10 -8.69333 6.32937
      vertex -5 -8.52237 6.89295
      vertex -10 -8.52237 6.89295
    endloop
  endfacet
  facet normal 0 -0.95694 0.290284
    outer loop
      vertex -5 -8.52237 6.89295
      vertex -10 -8.69333 6.32937
      vertex -5 -8.69333 6.32937
    endloop
  endfacet
  facet normal 0 -0.881912 0.471414
    outer loop
      vertex -10 -8.07185 7.9806
      vertex -5 -8.06148 8
      vertex -10 -8.06148 8
    endloop
  endfacet
  facet normal 0 -0.881912 0.471414
    outer loop
      vertex -5 -8.06148 8
      vertex -10 -8.07185 7.9806
      vertex -5 -8.07185 7.9806
    endloop
  endfacet
  facet normal 0 -0.995184 0.0980225
    outer loop
      vertex -10 -8.98073 4.58863
      vertex -5 -8.923 5.17474
      vertex -10 -8.923 5.17474
    endloop
  endfacet
  facet normal 0 -0.995184 0.0980225
    outer loop
      vertex -5 -8.923 5.17474
      vertex -10 -8.98073 4.58863
      vertex -5 -8.98073 4.58863
    endloop
  endfacet
  facet normal 0 0.881905 -0.471428
    outer loop
      vertex -5 16.9282 0
      vertex -10 17.175 0.461691
      vertex -5 17.175 0.461691
    endloop
  endfacet
  facet normal 0 0.881905 -0.471428
    outer loop
      vertex -10 17.175 0.461691
      vertex -5 16.9282 0
      vertex -10 16.9282 0
    endloop
  endfacet
  facet normal 1 -0 0
    outer loop
      vertex -5 -8.31492 7.44415
      vertex -5 5.0107 4.32701
      vertex -5 -8.06148 8
    endloop
  endfacet
  facet normal 1 0 0
    outer loop
      vertex -5 5.04278 4.65263
      vertex -5 -8.06148 8
      vertex -5 5.0107 4.32701
    endloop
  endfacet
  facet normal 1 0 0
    outer loop
      vertex -5 5.09607 4.97545
      vertex -5 -8.06148 8
      vertex -5 5.04278 4.65263
    endloop
  endfacet
  facet normal 1 0 0
    outer loop
      vertex -5 5.17037 5.2941
      vertex -5 -8.06148 8
      vertex -5 5.09607 4.97545
    endloop
  endfacet
  facet normal 1 0 0
    outer loop
      vertex -5 5.26535 5.6072
      vertex -5 -8.06148 8
      vertex -5 5.17037 5.2941
    endloop
  endfacet
  facet normal 1 0 0
    outer loop
      vertex -5 5.3806 5.91342
      vertex -5 -8.06148 8
      vertex -5 5.26535 5.6072
    endloop
  endfacet
  facet normal 1 0 0
    outer loop
      vertex -5 5.51564 6.21144
      vertex -5 -8.06148 8
      vertex -5 5.3806 5.91342
    endloop
  endfacet
  facet normal 1 0 0
    outer loop
      vertex -5 5.66987 6.5
      vertex -5 -8.06148 8
      vertex -5 5.51564 6.21144
    endloop
  endfacet
  facet normal 1 0 0
    outer loop
      vertex -5 5.84265 6.77785
      vertex -5 -8.06148 8
      vertex -5 5.66987 6.5
    endloop
  endfacet
  facet normal 1 0 0
    outer loop
      vertex -5 6.03323 7.04381
      vertex -5 -8.06148 8
      vertex -5 5.84265 6.77785
    endloop
  endfacet
  facet normal 1 0 0
    outer loop
      vertex -5 6.2408 7.29673
      vertex -5 -8.06148 8
      vertex -5 6.03323 7.04381
    endloop
  endfacet
  facet normal 1 0 0
    outer loop
      vertex -5 6.46447 7.53553
      vertex -5 -8.06148 8
      vertex -5 6.2408 7.29673
    endloop
  endfacet
  facet normal 1 0 0
    outer loop
      vertex -5 6.70327 7.7592
      vertex -5 -8.06148 8
      vertex -5 6.46447 7.53553
    endloop
  endfacet
  facet normal 1 0 0
    outer loop
      vertex -5 6.95619 7.96677
      vertex -5 -8.06148 8
      vertex -5 6.70327 7.7592
    endloop
  endfacet
  facet normal 1 -0 0
    outer loop
      vertex -5 -8.06148 8
      vertex -5 6.95619 7.96677
      vertex -5 7.00257 8
    endloop
  endfacet
  facet normal 1 -0 0
    outer loop
      vertex -5 -8.52237 6.89295
      vertex -5 5.0107 4.32701
      vertex -5 -8.31492 7.44415
    endloop
  endfacet
  facet normal 1 -0 0
    outer loop
      vertex -5 -8.69333 6.32937
      vertex -5 5.0107 4.32701
      vertex -5 -8.52237 6.89295
    endloop
  endfacet
  facet normal 1 0 0
    outer loop
      vertex -5 5.0107 4.32701
      vertex -5 -8.69333 6.32937
      vertex -5 5 4
    endloop
  endfacet
  facet normal 1 -0 0
    outer loop
      vertex -5 -8.82707 5.75581
      vertex -5 5 4
      vertex -5 -8.69333 6.32937
    endloop
  endfacet
  facet normal 1 -0 0
    outer loop
      vertex -5 -8.923 5.17474
      vertex -5 5 4
      vertex -5 -8.82707 5.75581
    endloop
  endfacet
  facet normal 1 -0 0
    outer loop
      vertex -5 -8.98073 4.58863
      vertex -5 5 4
      vertex -5 -8.923 5.17474
    endloop
  endfacet
  facet normal 1 0 0
    outer loop
      vertex -5 -9 4
      vertex -5 5 4
      vertex -5 -8.98073 4.58863
    endloop
  endfacet
  facet normal 1 0 -0
    outer loop
      vertex -5 -8.98073 3.41137
      vertex -5 5 4
      vertex -5 -9 4
    endloop
  endfacet
  facet normal 1 0 -0
    outer loop
      vertex -5 -8.923 2.82526
      vertex -5 5 4
      vertex -5 -8.98073 3.41137
    endloop
  endfacet
  facet normal 1 0 0
    outer loop
      vertex -5 5 4
      vertex -5 -8.923 2.82526
      vertex -5 5.0107 3.67299
    endloop
  endfacet
  facet normal 1 0 -0
    outer loop
      vertex -5 -8.82707 2.24419
      vertex -5 5.0107 3.67299
      vertex -5 -8.923 2.82526
    endloop
  endfacet
  facet normal 1 0 -0
    outer loop
      vertex -5 -8.69333 1.67063
      vertex -5 5.0107 3.67299
      vertex -5 -8.82707 2.24419
    endloop
  endfacet
  facet normal 1 0 -0
    outer loop
      vertex -5 -8.52237 1.10705
      vertex -5 5.0107 3.67299
      vertex -5 -8.69333 1.67063
    endloop
  endfacet
  facet normal 1 0 -0
    outer loop
      vertex -5 -8.31492 0.55585
      vertex -5 5.0107 3.67299
      vertex -5 -8.52237 1.10705
    endloop
  endfacet
  facet normal 1 0 -0
    outer loop
      vertex -5 -8.06148 0
      vertex -5 5.0107 3.67299
      vertex -5 -8.31492 0.55585
    endloop
  endfacet
  facet normal 1 0 0
    outer loop
      vertex -5 5.0107 3.67299
      vertex -5 -8.06148 0
      vertex -5 5.04278 3.34737
    endloop
  endfacet
  facet normal 1 0 0
    outer loop
      vertex -5 -8.31492 7.44415
      vertex -5 -8.06148 8
      vertex -5 -8.07185 7.9806
    endloop
  endfacet
  facet normal 1 0 0
    outer loop
      vertex -5 5.09607 3.02455
      vertex -5 -8.06148 0
      vertex -5 5.17037 2.7059
    endloop
  endfacet
  facet normal 1 0 0
    outer loop
      vertex -5 6.95619 0.0332336
      vertex -5 -8.06148 0
      vertex -5 7.00257 0
    endloop
  endfacet
  facet normal 1 0 0
    outer loop
      vertex -5 -8.06148 0
      vertex -5 -8.31492 0.55585
      vertex -5 -8.07185 0.0194025
    endloop
  endfacet
  facet normal 1 0 0
    outer loop
      vertex -5 5.17037 2.7059
      vertex -5 -8.06148 0
      vertex -5 5.26535 2.3928
    endloop
  endfacet
  facet normal 1 0 0
    outer loop
      vertex -5 6.70327 0.240802
      vertex -5 -8.06148 0
      vertex -5 6.95619 0.0332336
    endloop
  endfacet
  facet normal 1 0 0
    outer loop
      vertex -5 5.26535 2.3928
      vertex -5 -8.06148 0
      vertex -5 5.3806 2.08658
    endloop
  endfacet
  facet normal 1 0 0
    outer loop
      vertex -5 6.46447 0.464466
      vertex -5 -8.06148 0
      vertex -5 6.70327 0.240802
    endloop
  endfacet
  facet normal 1 0 0
    outer loop
      vertex -5 5.66987 1.5
      vertex -5 -8.06148 0
      vertex -5 5.84265 1.22215
    endloop
  endfacet
  facet normal 1 0 0
    outer loop
      vertex -5 6.2408 0.703272
      vertex -5 -8.06148 0
      vertex -5 6.46447 0.464466
    endloop
  endfacet
  facet normal 1 0 0
    outer loop
      vertex -5 6.03323 0.956193
      vertex -5 -8.06148 0
      vertex -5 6.2408 0.703272
    endloop
  endfacet
  facet normal 1 0 0
    outer loop
      vertex -5 5.84265 1.22215
      vertex -5 -8.06148 0
      vertex -5 6.03323 0.956193
    endloop
  endfacet
  facet normal 1 0 0
    outer loop
      vertex -5 5.51564 1.78856
      vertex -5 -8.06148 0
      vertex -5 5.66987 1.5
    endloop
  endfacet
  facet normal 1 0 0
    outer loop
      vertex -5 5.3806 2.08658
      vertex -5 -8.06148 0
      vertex -5 5.51564 1.78856
    endloop
  endfacet
  facet normal 1 0 0
    outer loop
      vertex -5 5.04278 3.34737
      vertex -5 -8.06148 0
      vertex -5 5.09607 3.02455
    endloop
  endfacet
  facet normal 1 0 0
    outer loop
      vertex -5 15 4
      vertex -5 18 4
      vertex -5 17.9829 4.52322
    endloop
  endfacet
  facet normal 1 0 0
    outer loop
      vertex -5 14.9893 4.32701
      vertex -5 17.9829 4.52322
      vertex -5 17.9316 5.04421
    endloop
  endfacet
  facet normal 1 0 0
    outer loop
      vertex -5 18 4
      vertex -5 15 4
      vertex -5 17.9829 3.47678
    endloop
  endfacet
  facet normal 1 0 0
    outer loop
      vertex -5 14.9572 4.65263
      vertex -5 17.9316 5.04421
      vertex -5 17.8463 5.56072
    endloop
  endfacet
  facet normal 1 -0 0
    outer loop
      vertex -5 14.9893 3.67299
      vertex -5 17.9829 3.47678
      vertex -5 15 4
    endloop
  endfacet
  facet normal 1 0 0
    outer loop
      vertex -5 14.9039 4.97545
      vertex -5 17.8463 5.56072
      vertex -5 17.7274 6.07055
    endloop
  endfacet
  facet normal 1 0 0
    outer loop
      vertex -5 17.9829 3.47678
      vertex -5 14.9893 3.67299
      vertex -5 17.9316 2.95579
    endloop
  endfacet
  facet normal 1 0 0
    outer loop
      vertex -5 14.8296 5.2941
      vertex -5 17.7274 6.07055
      vertex -5 17.5754 6.57152
    endloop
  endfacet
  facet normal 1 -0 0
    outer loop
      vertex -5 14.9572 3.34737
      vertex -5 17.9316 2.95579
      vertex -5 14.9893 3.67299
    endloop
  endfacet
  facet normal 1 0 0
    outer loop
      vertex -5 14.7347 5.6072
      vertex -5 17.5754 6.57152
      vertex -5 17.391 7.06147
    endloop
  endfacet
  facet normal 1 0 0
    outer loop
      vertex -5 17.9316 2.95579
      vertex -5 14.9572 3.34737
      vertex -5 17.8463 2.43928
    endloop
  endfacet
  facet normal 1 0 0
    outer loop
      vertex -5 14.6194 5.91342
      vertex -5 17.391 7.06147
      vertex -5 17.175 7.53831
    endloop
  endfacet
  facet normal 1 -0 0
    outer loop
      vertex -5 14.9039 3.02455
      vertex -5 17.8463 2.43928
      vertex -5 14.9572 3.34737
    endloop
  endfacet
  facet normal 1 0 0
    outer loop
      vertex -5 14.4844 6.21144
      vertex -5 17.175 7.53831
      vertex -5 16.9282 8
    endloop
  endfacet
  facet normal 1 0 0
    outer loop
      vertex -5 17.8463 2.43928
      vertex -5 14.9039 3.02455
      vertex -5 17.7274 1.92945
    endloop
  endfacet
  facet normal 1 -0 0
    outer loop
      vertex -5 14.8296 2.7059
      vertex -5 17.7274 1.92945
      vertex -5 14.9039 3.02455
    endloop
  endfacet
  facet normal 1 0 0
    outer loop
      vertex -5 17.9829 4.52322
      vertex -5 14.9893 4.32701
      vertex -5 15 4
    endloop
  endfacet
  facet normal 1 0 0
    outer loop
      vertex -5 17.9316 5.04421
      vertex -5 14.9572 4.65263
      vertex -5 14.9893 4.32701
    endloop
  endfacet
  facet normal 1 0 0
    outer loop
      vertex -5 17.8463 5.56072
      vertex -5 14.9039 4.97545
      vertex -5 14.9572 4.65263
    endloop
  endfacet
  facet normal 1 0 0
    outer loop
      vertex -5 17.7274 6.07055
      vertex -5 14.8296 5.2941
      vertex -5 14.9039 4.97545
    endloop
  endfacet
  facet normal 1 0 0
    outer loop
      vertex -5 17.5754 6.57152
      vertex -5 14.7347 5.6072
      vertex -5 14.8296 5.2941
    endloop
  endfacet
  facet normal 1 0 0
    outer loop
      vertex -5 17.391 7.06147
      vertex -5 14.6194 5.91342
      vertex -5 14.7347 5.6072
    endloop
  endfacet
  facet normal 1 0 0
    outer loop
      vertex -5 17.175 7.53831
      vertex -5 14.4844 6.21144
      vertex -5 14.6194 5.91342
    endloop
  endfacet
  facet normal 1 0 0
    outer loop
      vertex -5 16.9282 8
      vertex -5 14.3301 6.5
      vertex -5 14.4844 6.21144
    endloop
  endfacet
  facet normal 1 0 0
    outer loop
      vertex -5 16.9282 8
      vertex -5 14.1573 6.77785
      vertex -5 14.3301 6.5
    endloop
  endfacet
  facet normal 1 0 0
    outer loop
      vertex -5 16.9282 8
      vertex -5 13.9668 7.04381
      vertex -5 14.1573 6.77785
    endloop
  endfacet
  facet normal 1 0 0
    outer loop
      vertex -5 16.9282 8
      vertex -5 13.7592 7.29673
      vertex -5 13.9668 7.04381
    endloop
  endfacet
  facet normal 1 0 0
    outer loop
      vertex -5 16.9282 8
      vertex -5 13.5355 7.53553
      vertex -5 13.7592 7.29673
    endloop
  endfacet
  facet normal 1 0 0
    outer loop
      vertex -5 16.9282 8
      vertex -5 13.2967 7.7592
      vertex -5 13.5355 7.53553
    endloop
  endfacet
  facet normal 1 0 0
    outer loop
      vertex -5 16.9282 8
      vertex -5 13.0438 7.96677
      vertex -5 13.2967 7.7592
    endloop
  endfacet
  facet normal 1 0 -0
    outer loop
      vertex -5 13.0438 7.96677
      vertex -5 16.9282 8
      vertex -5 12.9974 8
    endloop
  endfacet
  facet normal 1 0 0
    outer loop
      vertex -5 17.7274 1.92945
      vertex -5 14.8296 2.7059
      vertex -5 17.5754 1.42848
    endloop
  endfacet
  facet normal 1 -0 0
    outer loop
      vertex -5 14.7347 2.3928
      vertex -5 17.5754 1.42848
      vertex -5 14.8296 2.7059
    endloop
  endfacet
  facet normal 1 0 0
    outer loop
      vertex -5 17.5754 1.42848
      vertex -5 14.7347 2.3928
      vertex -5 17.391 0.938533
    endloop
  endfacet
  facet normal 1 -0 0
    outer loop
      vertex -5 14.6194 2.08658
      vertex -5 17.391 0.938533
      vertex -5 14.7347 2.3928
    endloop
  endfacet
  facet normal 1 0 0
    outer loop
      vertex -5 17.391 0.938533
      vertex -5 14.6194 2.08658
      vertex -5 17.175 0.461691
    endloop
  endfacet
  facet normal 1 -0 0
    outer loop
      vertex -5 14.4844 1.78856
      vertex -5 17.175 0.461691
      vertex -5 14.6194 2.08658
    endloop
  endfacet
  facet normal 1 0 0
    outer loop
      vertex -5 17.175 0.461691
      vertex -5 14.4844 1.78856
      vertex -5 16.9282 0
    endloop
  endfacet
  facet normal 1 -0 0
    outer loop
      vertex -5 14.3301 1.5
      vertex -5 16.9282 0
      vertex -5 14.4844 1.78856
    endloop
  endfacet
  facet normal 1 -0 0
    outer loop
      vertex -5 14.1573 1.22215
      vertex -5 16.9282 0
      vertex -5 14.3301 1.5
    endloop
  endfacet
  facet normal 1 -0 0
    outer loop
      vertex -5 13.9668 0.956193
      vertex -5 16.9282 0
      vertex -5 14.1573 1.22215
    endloop
  endfacet
  facet normal 1 -0 0
    outer loop
      vertex -5 13.7592 0.703272
      vertex -5 16.9282 0
      vertex -5 13.9668 0.956193
    endloop
  endfacet
  facet normal 1 -0 0
    outer loop
      vertex -5 13.5355 0.464466
      vertex -5 16.9282 0
      vertex -5 13.7592 0.703272
    endloop
  endfacet
  facet normal 1 -0 0
    outer loop
      vertex -5 13.2967 0.240802
      vertex -5 16.9282 0
      vertex -5 13.5355 0.464466
    endloop
  endfacet
  facet normal 1 -0 0
    outer loop
      vertex -5 13.0438 0.0332336
      vertex -5 16.9282 0
      vertex -5 13.2967 0.240802
    endloop
  endfacet
  facet normal 1 0 0
    outer loop
      vertex -5 16.9282 0
      vertex -5 13.0438 0.0332336
      vertex -5 12.9974 0
    endloop
  endfacet
  facet normal 0 -0.973875 0.227084
    outer loop
      vertex -10 -8.82707 5.75581
      vertex -5 -8.69333 6.32937
      vertex -10 -8.69333 6.32937
    endloop
  endfacet
  facet normal 0 -0.973875 0.227084
    outer loop
      vertex -5 -8.69333 6.32937
      vertex -10 -8.82707 5.75581
      vertex -5 -8.82707 5.75581
    endloop
  endfacet
  facet normal 0 0.956923 -0.290341
    outer loop
      vertex -5 17.5754 1.42848
      vertex -10 17.7274 1.92945
      vertex -5 17.7274 1.92945
    endloop
  endfacet
  facet normal 0 0.956923 -0.290341
    outer loop
      vertex -10 17.7274 1.92945
      vertex -5 17.5754 1.42848
      vertex -10 17.5754 1.42848
    endloop
  endfacet
  facet normal 0 0.935908 -0.352245
    outer loop
      vertex -5 17.391 0.938533
      vertex -10 17.5754 1.42848
      vertex -5 17.5754 1.42848
    endloop
  endfacet
  facet normal 0 0.935908 -0.352245
    outer loop
      vertex -10 17.5754 1.42848
      vertex -5 17.391 0.938533
      vertex -10 17.391 0.938533
    endloop
  endfacet
  facet normal 0 0.935909 0.352243
    outer loop
      vertex 10 17.5754 6.57152
      vertex 5 17.391 7.06147
      vertex 10 17.391 7.06147
    endloop
  endfacet
  facet normal 0 0.935909 0.352243
    outer loop
      vertex 5 17.391 7.06147
      vertex 10 17.5754 6.57152
      vertex 5 17.5754 6.57152
    endloop
  endfacet
  facet normal 0 0.999466 -0.0326648
    outer loop
      vertex 10 17.9829 3.47678
      vertex 5 18 4
      vertex 10 18 4
    endloop
  endfacet
  facet normal 0 0.999466 -0.0326648
    outer loop
      vertex 5 18 4
      vertex 10 17.9829 3.47678
      vertex 5 17.9829 3.47678
    endloop
  endfacet
  facet normal 0 -0.95694 -0.290284
    outer loop
      vertex 5 -8.52237 1.10705
      vertex 10 -8.69333 1.67063
      vertex 5 -8.69333 1.67063
    endloop
  endfacet
  facet normal 0 -0.95694 -0.290284
    outer loop
      vertex 10 -8.69333 1.67063
      vertex 5 -8.52237 1.10705
      vertex 10 -8.52237 1.10705
    endloop
  endfacet
  facet normal 0 -0.93591 -0.35224
    outer loop
      vertex 5 -8.31492 0.55585
      vertex 10 -8.52237 1.10705
      vertex 5 -8.52237 1.10705
    endloop
  endfacet
  facet normal 0 -0.93591 -0.35224
    outer loop
      vertex 10 -8.52237 1.10705
      vertex 5 -8.31492 0.55585
      vertex 10 -8.31492 0.55585
    endloop
  endfacet
  facet normal 0 -0.999465 0.0327195
    outer loop
      vertex 5 -9 4
      vertex 10 -8.98073 4.58863
      vertex 5 -8.98073 4.58863
    endloop
  endfacet
  facet normal 0 -0.999465 0.0327195
    outer loop
      vertex 10 -8.98073 4.58863
      vertex 5 -9 4
      vertex 10 -9 4
    endloop
  endfacet
  facet normal 0 0.995187 0.0979925
    outer loop
      vertex 10 17.9829 4.52322
      vertex 5 17.9316 5.04421
      vertex 10 17.9316 5.04421
    endloop
  endfacet
  facet normal 0 0.995187 0.0979925
    outer loop
      vertex 5 17.9316 5.04421
      vertex 10 17.9829 4.52322
      vertex 5 17.9829 4.52322
    endloop
  endfacet
  facet normal 0 -0.95694 0.290284
    outer loop
      vertex 5 -8.69333 6.32937
      vertex 10 -8.52237 6.89295
      vertex 5 -8.52237 6.89295
    endloop
  endfacet
  facet normal 0 -0.95694 0.290284
    outer loop
      vertex 10 -8.52237 6.89295
      vertex 5 -8.69333 6.32937
      vertex 10 -8.69333 6.32937
    endloop
  endfacet
  facet normal 0 -0.910859 0.412718
    outer loop
      vertex 5 -8.31492 7.44415
      vertex 10 -8.07185 7.9806
      vertex 5 -8.07185 7.9806
    endloop
  endfacet
  facet normal 0 -0.910859 0.412718
    outer loop
      vertex 10 -8.07185 7.9806
      vertex 5 -8.31492 7.44415
      vertex 10 -8.31492 7.44415
    endloop
  endfacet
  facet normal 0 0.999466 0.0326648
    outer loop
      vertex 10 18 4
      vertex 5 17.9829 4.52322
      vertex 10 17.9829 4.52322
    endloop
  endfacet
  facet normal 0 0.999466 0.0326648
    outer loop
      vertex 5 17.9829 4.52322
      vertex 10 18 4
      vertex 5 18 4
    endloop
  endfacet
  facet normal 0 -0.999465 -0.0327195
    outer loop
      vertex 5 -8.98073 3.41137
      vertex 10 -9 4
      vertex 5 -9 4
    endloop
  endfacet
  facet normal 0 -0.999465 -0.0327195
    outer loop
      vertex 10 -9 4
      vertex 5 -8.98073 3.41137
      vertex 10 -8.98073 3.41137
    endloop
  endfacet
  facet normal 0 0.881904 0.471429
    outer loop
      vertex 10 17.175 7.53831
      vertex 5 16.9282 8
      vertex 10 16.9282 8
    endloop
  endfacet
  facet normal 0 0.881904 0.471429
    outer loop
      vertex 5 16.9282 8
      vertex 10 17.175 7.53831
      vertex 5 17.175 7.53831
    endloop
  endfacet
  facet normal 0 0.986636 0.16294
    outer loop
      vertex 10 17.9316 5.04421
      vertex 5 17.8463 5.56072
      vertex 10 17.8463 5.56072
    endloop
  endfacet
  facet normal 0 0.986636 0.16294
    outer loop
      vertex 5 17.8463 5.56072
      vertex 10 17.9316 5.04421
      vertex 5 17.9316 5.04421
    endloop
  endfacet
  facet normal 0 -0.881937 -0.471367
    outer loop
      vertex 5 -8.06148 0
      vertex 10 -8.07185 0.0194025
      vertex 5 -8.07185 0.0194025
    endloop
  endfacet
  facet normal 0 -0.881937 -0.471367
    outer loop
      vertex 10 -8.07185 0.0194025
      vertex 5 -8.06148 0
      vertex 10 -8.06148 0
    endloop
  endfacet
  facet normal 0 0.956923 0.290341
    outer loop
      vertex 10 17.7274 6.07055
      vertex 5 17.5754 6.57152
      vertex 10 17.5754 6.57152
    endloop
  endfacet
  facet normal 0 0.956923 0.290341
    outer loop
      vertex 5 17.5754 6.57152
      vertex 10 17.7274 6.07055
      vertex 5 17.7274 6.07055
    endloop
  endfacet
  facet normal 0 -0.995184 -0.0980225
    outer loop
      vertex 5 -8.923 2.82526
      vertex 10 -8.98073 3.41137
      vertex 5 -8.98073 3.41137
    endloop
  endfacet
  facet normal 0 -0.995184 -0.0980225
    outer loop
      vertex 10 -8.98073 3.41137
      vertex 5 -8.923 2.82526
      vertex 10 -8.923 2.82526
    endloop
  endfacet
  facet normal 0 -0.973875 -0.227084
    outer loop
      vertex 5 -8.69333 1.67063
      vertex 10 -8.82707 2.24419
      vertex 5 -8.82707 2.24419
    endloop
  endfacet
  facet normal 0 -0.973875 -0.227084
    outer loop
      vertex 10 -8.82707 2.24419
      vertex 5 -8.69333 1.67063
      vertex 10 -8.69333 1.67063
    endloop
  endfacet
  facet normal 0 -0.910858 -0.412719
    outer loop
      vertex 5 -8.07185 0.0194025
      vertex 10 -8.31492 0.55585
      vertex 5 -8.31492 0.55585
    endloop
  endfacet
  facet normal 0 -0.910858 -0.412719
    outer loop
      vertex 10 -8.31492 0.55585
      vertex 5 -8.07185 0.0194025
      vertex 10 -8.07185 0.0194025
    endloop
  endfacet
  facet normal 0 0.995187 -0.0979925
    outer loop
      vertex 10 17.9316 2.95579
      vertex 5 17.9829 3.47678
      vertex 10 17.9829 3.47678
    endloop
  endfacet
  facet normal 0 0.995187 -0.0979925
    outer loop
      vertex 5 17.9829 3.47678
      vertex 10 17.9316 2.95579
      vertex 5 17.9316 2.95579
    endloop
  endfacet
  facet normal 0 0.910902 0.412622
    outer loop
      vertex 10 17.391 7.06147
      vertex 5 17.175 7.53831
      vertex 10 17.175 7.53831
    endloop
  endfacet
  facet normal 0 0.910902 0.412622
    outer loop
      vertex 5 17.175 7.53831
      vertex 10 17.391 7.06147
      vertex 5 17.391 7.06147
    endloop
  endfacet
  facet normal 0 -0.986645 -0.162887
    outer loop
      vertex 5 -8.82707 2.24419
      vertex 10 -8.923 2.82526
      vertex 5 -8.923 2.82526
    endloop
  endfacet
  facet normal 0 -0.986645 -0.162887
    outer loop
      vertex 10 -8.923 2.82526
      vertex 5 -8.82707 2.24419
      vertex 10 -8.82707 2.24419
    endloop
  endfacet
  facet normal 0 -0.995184 0.0980225
    outer loop
      vertex 5 -8.98073 4.58863
      vertex 10 -8.923 5.17474
      vertex 5 -8.923 5.17474
    endloop
  endfacet
  facet normal 0 -0.995184 0.0980225
    outer loop
      vertex 10 -8.923 5.17474
      vertex 5 -8.98073 4.58863
      vertex 10 -8.98073 4.58863
    endloop
  endfacet
  facet normal 0 0.973867 -0.22712
    outer loop
      vertex 10 17.7274 1.92945
      vertex 5 17.8463 2.43928
      vertex 10 17.8463 2.43928
    endloop
  endfacet
  facet normal 0 0.973867 -0.22712
    outer loop
      vertex 5 17.8463 2.43928
      vertex 10 17.7274 1.92945
      vertex 5 17.7274 1.92945
    endloop
  endfacet
  facet normal 0 -0.881912 0.471414
    outer loop
      vertex 5 -8.07185 7.9806
      vertex 10 -8.06148 8
      vertex 5 -8.06148 8
    endloop
  endfacet
  facet normal 0 -0.881912 0.471414
    outer loop
      vertex 10 -8.06148 8
      vertex 5 -8.07185 7.9806
      vertex 10 -8.07185 7.9806
    endloop
  endfacet
  facet normal 0 -0.93591 0.35224
    outer loop
      vertex 5 -8.52237 6.89295
      vertex 10 -8.31492 7.44415
      vertex 5 -8.31492 7.44415
    endloop
  endfacet
  facet normal 0 -0.93591 0.35224
    outer loop
      vertex 10 -8.31492 7.44415
      vertex 5 -8.52237 6.89295
      vertex 10 -8.52237 6.89295
    endloop
  endfacet
  facet normal 0 0.881905 -0.471428
    outer loop
      vertex 10 16.9282 0
      vertex 5 17.175 0.461691
      vertex 10 17.175 0.461691
    endloop
  endfacet
  facet normal 0 0.881905 -0.471428
    outer loop
      vertex 5 17.175 0.461691
      vertex 10 16.9282 0
      vertex 5 16.9282 0
    endloop
  endfacet
  facet normal 0 -0.973875 0.227084
    outer loop
      vertex 5 -8.82707 5.75581
      vertex 10 -8.69333 6.32937
      vertex 5 -8.69333 6.32937
    endloop
  endfacet
  facet normal 0 -0.973875 0.227084
    outer loop
      vertex 10 -8.69333 6.32937
      vertex 5 -8.82707 5.75581
      vertex 10 -8.82707 5.75581
    endloop
  endfacet
  facet normal 0 -0.986645 0.162887
    outer loop
      vertex 5 -8.923 5.17474
      vertex 10 -8.82707 5.75581
      vertex 5 -8.82707 5.75581
    endloop
  endfacet
  facet normal 0 -0.986645 0.162887
    outer loop
      vertex 10 -8.82707 5.75581
      vertex 5 -8.923 5.17474
      vertex 10 -8.923 5.17474
    endloop
  endfacet
  facet normal 0 0.973867 0.22712
    outer loop
      vertex 10 17.8463 5.56072
      vertex 5 17.7274 6.07055
      vertex 10 17.7274 6.07055
    endloop
  endfacet
  facet normal 0 0.973867 0.22712
    outer loop
      vertex 5 17.7274 6.07055
      vertex 10 17.8463 5.56072
      vertex 5 17.8463 5.56072
    endloop
  endfacet
  facet normal 0 0.986636 -0.16294
    outer loop
      vertex 10 17.8463 2.43928
      vertex 5 17.9316 2.95579
      vertex 10 17.9316 2.95579
    endloop
  endfacet
  facet normal 0 0.986636 -0.16294
    outer loop
      vertex 5 17.9316 2.95579
      vertex 10 17.8463 2.43928
      vertex 5 17.8463 2.43928
    endloop
  endfacet
  facet normal 1 0 0
    outer loop
      vertex 10 5 4
      vertex 10 18 4
      vertex 10 17.9829 4.52322
    endloop
  endfacet
  facet normal 1 0 0
    outer loop
      vertex 10 5 4
      vertex 10 17.9829 4.52322
      vertex 10 17.9316 5.04421
    endloop
  endfacet
  facet normal 1 0 0
    outer loop
      vertex 10 18 4
      vertex 10 5 4
      vertex 10 17.9829 3.47678
    endloop
  endfacet
  facet normal 1 0 0
    outer loop
      vertex 10 5 4
      vertex 10 17.9316 5.04421
      vertex 10 17.8463 5.56072
    endloop
  endfacet
  facet normal 1 0 0
    outer loop
      vertex 10 17.9829 3.47678
      vertex 10 5 4
      vertex 10 17.9316 2.95579
    endloop
  endfacet
  facet normal 1 0 0
    outer loop
      vertex 10 5 4
      vertex 10 17.8463 5.56072
      vertex 10 17.7274 6.07055
    endloop
  endfacet
  facet normal 1 0 0
    outer loop
      vertex 10 17.9316 2.95579
      vertex 10 5 4
      vertex 10 17.8463 2.43928
    endloop
  endfacet
  facet normal 1 0 0
    outer loop
      vertex 10 4.98929 4.32701
      vertex 10 17.7274 6.07055
      vertex 10 17.5754 6.57152
    endloop
  endfacet
  facet normal 1 0 0
    outer loop
      vertex 10 17.8463 2.43928
      vertex 10 5 4
      vertex 10 17.7274 1.92945
    endloop
  endfacet
  facet normal 1 0 0
    outer loop
      vertex 10 4.98929 4.32701
      vertex 10 17.5754 6.57152
      vertex 10 17.391 7.06147
    endloop
  endfacet
  facet normal 1 -0 0
    outer loop
      vertex 10 4.98929 3.67299
      vertex 10 17.7274 1.92945
      vertex 10 5 4
    endloop
  endfacet
  facet normal 1 0 0
    outer loop
      vertex 10 4.98929 4.32701
      vertex 10 17.391 7.06147
      vertex 10 17.175 7.53831
    endloop
  endfacet
  facet normal 1 0 0
    outer loop
      vertex 10 17.7274 1.92945
      vertex 10 4.98929 3.67299
      vertex 10 17.5754 1.42848
    endloop
  endfacet
  facet normal 1 0 0
    outer loop
      vertex 10 4.98929 4.32701
      vertex 10 17.175 7.53831
      vertex 10 16.9282 8
    endloop
  endfacet
  facet normal 1 0 0
    outer loop
      vertex 10 17.5754 1.42848
      vertex 10 4.98929 3.67299
      vertex 10 17.391 0.938533
    endloop
  endfacet
  facet normal 1 0 0
    outer loop
      vertex 10 17.391 0.938533
      vertex 10 4.98929 3.67299
      vertex 10 17.175 0.461691
    endloop
  endfacet
  facet normal 1 0 0
    outer loop
      vertex 10 17.7274 6.07055
      vertex 10 4.98929 4.32701
      vertex 10 5 4
    endloop
  endfacet
  facet normal 1 0 0
    outer loop
      vertex 10 16.9282 8
      vertex 10 4.95722 4.65263
      vertex 10 4.98929 4.32701
    endloop
  endfacet
  facet normal 1 0 0
    outer loop
      vertex 10 16.9282 8
      vertex 10 4.90393 4.97545
      vertex 10 4.95722 4.65263
    endloop
  endfacet
  facet normal 1 0 0
    outer loop
      vertex 10 16.9282 8
      vertex 10 4.82963 5.2941
      vertex 10 4.90393 4.97545
    endloop
  endfacet
  facet normal 1 0 0
    outer loop
      vertex 10 16.9282 8
      vertex 10 4.73465 5.6072
      vertex 10 4.82963 5.2941
    endloop
  endfacet
  facet normal 1 0 0
    outer loop
      vertex 10 16.9282 8
      vertex 10 4.6194 5.91342
      vertex 10 4.73465 5.6072
    endloop
  endfacet
  facet normal 1 0 0
    outer loop
      vertex 10 16.9282 8
      vertex 10 4.48436 6.21144
      vertex 10 4.6194 5.91342
    endloop
  endfacet
  facet normal 1 0 0
    outer loop
      vertex 10 16.9282 8
      vertex 10 4.33013 6.5
      vertex 10 4.48436 6.21144
    endloop
  endfacet
  facet normal 1 0 0
    outer loop
      vertex 10 16.9282 8
      vertex 10 4.15735 6.77785
      vertex 10 4.33013 6.5
    endloop
  endfacet
  facet normal 1 0 0
    outer loop
      vertex 10 16.9282 8
      vertex 10 3.96677 7.04381
      vertex 10 4.15735 6.77785
    endloop
  endfacet
  facet normal 1 0 0
    outer loop
      vertex 10 16.9282 8
      vertex 10 3.7592 7.29673
      vertex 10 3.96677 7.04381
    endloop
  endfacet
  facet normal 1 0 0
    outer loop
      vertex 10 16.9282 8
      vertex 10 3.53553 7.53553
      vertex 10 3.7592 7.29673
    endloop
  endfacet
  facet normal 1 0 0
    outer loop
      vertex 10 16.9282 8
      vertex 10 3.29673 7.7592
      vertex 10 3.53553 7.53553
    endloop
  endfacet
  facet normal 1 0 0
    outer loop
      vertex 10 16.9282 8
      vertex 10 3.04381 7.96677
      vertex 10 3.29673 7.7592
    endloop
  endfacet
  facet normal 1 0 -0
    outer loop
      vertex 10 3.04381 7.96677
      vertex 10 16.9282 8
      vertex 10 2.99743 8
    endloop
  endfacet
  facet normal 1 0 0
    outer loop
      vertex 10 17.175 0.461691
      vertex 10 4.98929 3.67299
      vertex 10 16.9282 0
    endloop
  endfacet
  facet normal 1 -0 0
    outer loop
      vertex 10 4.95722 3.34737
      vertex 10 16.9282 0
      vertex 10 4.98929 3.67299
    endloop
  endfacet
  facet normal 1 -0 0
    outer loop
      vertex 10 4.90393 3.02455
      vertex 10 16.9282 0
      vertex 10 4.95722 3.34737
    endloop
  endfacet
  facet normal 1 -0 0
    outer loop
      vertex 10 4.82963 2.7059
      vertex 10 16.9282 0
      vertex 10 4.90393 3.02455
    endloop
  endfacet
  facet normal 1 -0 0
    outer loop
      vertex 10 4.73465 2.3928
      vertex 10 16.9282 0
      vertex 10 4.82963 2.7059
    endloop
  endfacet
  facet normal 1 -0 0
    outer loop
      vertex 10 4.6194 2.08658
      vertex 10 16.9282 0
      vertex 10 4.73465 2.3928
    endloop
  endfacet
  facet normal 1 -0 0
    outer loop
      vertex 10 4.48436 1.78856
      vertex 10 16.9282 0
      vertex 10 4.6194 2.08658
    endloop
  endfacet
  facet normal 1 -0 0
    outer loop
      vertex 10 4.33013 1.5
      vertex 10 16.9282 0
      vertex 10 4.48436 1.78856
    endloop
  endfacet
  facet normal 1 -0 0
    outer loop
      vertex 10 4.15735 1.22215
      vertex 10 16.9282 0
      vertex 10 4.33013 1.5
    endloop
  endfacet
  facet normal 1 -0 0
    outer loop
      vertex 10 3.96677 0.956193
      vertex 10 16.9282 0
      vertex 10 4.15735 1.22215
    endloop
  endfacet
  facet normal 1 -0 0
    outer loop
      vertex 10 3.7592 0.703272
      vertex 10 16.9282 0
      vertex 10 3.96677 0.956193
    endloop
  endfacet
  facet normal 1 -0 0
    outer loop
      vertex 10 3.53553 0.464466
      vertex 10 16.9282 0
      vertex 10 3.7592 0.703272
    endloop
  endfacet
  facet normal 1 -0 0
    outer loop
      vertex 10 3.29673 0.240802
      vertex 10 16.9282 0
      vertex 10 3.53553 0.464466
    endloop
  endfacet
  facet normal 1 -0 0
    outer loop
      vertex 10 3.04381 0.0332336
      vertex 10 16.9282 0
      vertex 10 3.29673 0.240802
    endloop
  endfacet
  facet normal 1 0 0
    outer loop
      vertex 10 16.9282 0
      vertex 10 3.04381 0.0332336
      vertex 10 2.99743 0
    endloop
  endfacet
  facet normal 1 -0 0
    outer loop
      vertex 10 -8.69333 6.32937
      vertex 10 -4.82963 5.2941
      vertex 10 -8.52237 6.89295
    endloop
  endfacet
  facet normal 1 0 0
    outer loop
      vertex 10 -4.73465 5.6072
      vertex 10 -8.52237 6.89295
      vertex 10 -4.82963 5.2941
    endloop
  endfacet
  facet normal 1 -0 0
    outer loop
      vertex 10 -8.52237 6.89295
      vertex 10 -4.73465 5.6072
      vertex 10 -8.31492 7.44415
    endloop
  endfacet
  facet normal 1 0 0
    outer loop
      vertex 10 -4.6194 5.91342
      vertex 10 -8.31492 7.44415
      vertex 10 -4.73465 5.6072
    endloop
  endfacet
  facet normal 1 -0 0
    outer loop
      vertex 10 -8.31492 7.44415
      vertex 10 -4.6194 5.91342
      vertex 10 -8.07185 7.9806
    endloop
  endfacet
  facet normal 1 0 0
    outer loop
      vertex 10 -4.48436 6.21144
      vertex 10 -8.07185 7.9806
      vertex 10 -4.6194 5.91342
    endloop
  endfacet
  facet normal 1 -0 0
    outer loop
      vertex 10 -8.07185 7.9806
      vertex 10 -4.48436 6.21144
      vertex 10 -8.06148 8
    endloop
  endfacet
  facet normal 1 0 0
    outer loop
      vertex 10 -4.33013 6.5
      vertex 10 -8.06148 8
      vertex 10 -4.48436 6.21144
    endloop
  endfacet
  facet normal 1 0 0
    outer loop
      vertex 10 -4.15735 6.77785
      vertex 10 -8.06148 8
      vertex 10 -4.33013 6.5
    endloop
  endfacet
  facet normal 1 0 0
    outer loop
      vertex 10 -3.96677 7.04381
      vertex 10 -8.06148 8
      vertex 10 -4.15735 6.77785
    endloop
  endfacet
  facet normal 1 0 0
    outer loop
      vertex 10 -3.7592 7.29673
      vertex 10 -8.06148 8
      vertex 10 -3.96677 7.04381
    endloop
  endfacet
  facet normal 1 0 0
    outer loop
      vertex 10 -3.53553 7.53553
      vertex 10 -8.06148 8
      vertex 10 -3.7592 7.29673
    endloop
  endfacet
  facet normal 1 0 0
    outer loop
      vertex 10 -3.29673 7.7592
      vertex 10 -8.06148 8
      vertex 10 -3.53553 7.53553
    endloop
  endfacet
  facet normal 1 0 0
    outer loop
      vertex 10 -3.04381 7.96677
      vertex 10 -8.06148 8
      vertex 10 -3.29673 7.7592
    endloop
  endfacet
  facet normal 1 -0 0
    outer loop
      vertex 10 -8.06148 8
      vertex 10 -3.04381 7.96677
      vertex 10 -2.99743 8
    endloop
  endfacet
  facet normal 1 0 0
    outer loop
      vertex 10 -4.82963 5.2941
      vertex 10 -8.69333 6.32937
      vertex 10 -4.90393 4.97545
    endloop
  endfacet
  facet normal 1 -0 0
    outer loop
      vertex 10 -8.82707 5.75581
      vertex 10 -4.90393 4.97545
      vertex 10 -8.69333 6.32937
    endloop
  endfacet
  facet normal 1 0 0
    outer loop
      vertex 10 -4.90393 4.97545
      vertex 10 -8.82707 5.75581
      vertex 10 -4.95722 4.65263
    endloop
  endfacet
  facet normal 1 -0 0
    outer loop
      vertex 10 -8.923 5.17474
      vertex 10 -4.95722 4.65263
      vertex 10 -8.82707 5.75581
    endloop
  endfacet
  facet normal 1 0 0
    outer loop
      vertex 10 -4.95722 4.65263
      vertex 10 -8.923 5.17474
      vertex 10 -4.98929 4.32701
    endloop
  endfacet
  facet normal 1 -0 0
    outer loop
      vertex 10 -8.98073 4.58863
      vertex 10 -4.98929 4.32701
      vertex 10 -8.923 5.17474
    endloop
  endfacet
  facet normal 1 0 0
    outer loop
      vertex 10 -4.98929 4.32701
      vertex 10 -8.98073 4.58863
      vertex 10 -5 4
    endloop
  endfacet
  facet normal 1 0 0
    outer loop
      vertex 10 -5 4
      vertex 10 -9 4
      vertex 10 -4.98929 3.67299
    endloop
  endfacet
  facet normal 1 0 0
    outer loop
      vertex 10 -3.04381 0.0332336
      vertex 10 -8.06148 0
      vertex 10 -2.99743 0
    endloop
  endfacet
  facet normal 1 0 0
    outer loop
      vertex 10 -3.29673 0.240802
      vertex 10 -8.06148 0
      vertex 10 -3.04381 0.0332336
    endloop
  endfacet
  facet normal 1 0 0
    outer loop
      vertex 10 -3.53553 0.464466
      vertex 10 -8.06148 0
      vertex 10 -3.29673 0.240802
    endloop
  endfacet
  facet normal 1 0 0
    outer loop
      vertex 10 -3.7592 0.703272
      vertex 10 -8.06148 0
      vertex 10 -3.53553 0.464466
    endloop
  endfacet
  facet normal 1 0 0
    outer loop
      vertex 10 -3.96677 0.956193
      vertex 10 -8.06148 0
      vertex 10 -3.7592 0.703272
    endloop
  endfacet
  facet normal 1 0 0
    outer loop
      vertex 10 -4.15735 1.22215
      vertex 10 -8.06148 0
      vertex 10 -3.96677 0.956193
    endloop
  endfacet
  facet normal 1 0 0
    outer loop
      vertex 10 -4.33013 1.5
      vertex 10 -8.06148 0
      vertex 10 -4.15735 1.22215
    endloop
  endfacet
  facet normal 1 0 -0
    outer loop
      vertex 10 -8.98073 3.41137
      vertex 10 -4.98929 3.67299
      vertex 10 -9 4
    endloop
  endfacet
  facet normal 1 0 0
    outer loop
      vertex 10 -9 4
      vertex 10 -5 4
      vertex 10 -8.98073 4.58863
    endloop
  endfacet
  facet normal 1 0 0
    outer loop
      vertex 10 -4.98929 3.67299
      vertex 10 -8.98073 3.41137
      vertex 10 -4.95722 3.34737
    endloop
  endfacet
  facet normal 1 0 -0
    outer loop
      vertex 10 -8.06148 0
      vertex 10 -4.48436 1.78856
      vertex 10 -8.07185 0.0194025
    endloop
  endfacet
  facet normal 1 0 0
    outer loop
      vertex 10 -4.48436 1.78856
      vertex 10 -8.06148 0
      vertex 10 -4.33013 1.5
    endloop
  endfacet
  facet normal 1 0 -0
    outer loop
      vertex 10 -8.923 2.82526
      vertex 10 -4.95722 3.34737
      vertex 10 -8.98073 3.41137
    endloop
  endfacet
  facet normal 1 0 -0
    outer loop
      vertex 10 -8.07185 0.0194025
      vertex 10 -4.48436 1.78856
      vertex 10 -8.31492 0.55585
    endloop
  endfacet
  facet normal 1 0 0
    outer loop
      vertex 10 -4.95722 3.34737
      vertex 10 -8.923 2.82526
      vertex 10 -4.90393 3.02455
    endloop
  endfacet
  facet normal 1 0 0
    outer loop
      vertex 10 -4.6194 2.08658
      vertex 10 -8.31492 0.55585
      vertex 10 -4.48436 1.78856
    endloop
  endfacet
  facet normal 1 0 -0
    outer loop
      vertex 10 -8.82707 2.24419
      vertex 10 -4.90393 3.02455
      vertex 10 -8.923 2.82526
    endloop
  endfacet
  facet normal 1 0 -0
    outer loop
      vertex 10 -8.31492 0.55585
      vertex 10 -4.6194 2.08658
      vertex 10 -8.52237 1.10705
    endloop
  endfacet
  facet normal 1 0 0
    outer loop
      vertex 10 -4.90393 3.02455
      vertex 10 -8.82707 2.24419
      vertex 10 -4.82963 2.7059
    endloop
  endfacet
  facet normal 1 0 0
    outer loop
      vertex 10 -4.73465 2.3928
      vertex 10 -8.52237 1.10705
      vertex 10 -4.6194 2.08658
    endloop
  endfacet
  facet normal 1 0 -0
    outer loop
      vertex 10 -8.69333 1.67063
      vertex 10 -4.82963 2.7059
      vertex 10 -8.82707 2.24419
    endloop
  endfacet
  facet normal 1 0 -0
    outer loop
      vertex 10 -8.52237 1.10705
      vertex 10 -4.73465 2.3928
      vertex 10 -8.69333 1.67063
    endloop
  endfacet
  facet normal 1 0 0
    outer loop
      vertex 10 -4.82963 2.7059
      vertex 10 -8.69333 1.67063
      vertex 10 -4.73465 2.3928
    endloop
  endfacet
  facet normal 0 0.910903 -0.412621
    outer loop
      vertex 10 17.175 0.461691
      vertex 5 17.391 0.938533
      vertex 10 17.391 0.938533
    endloop
  endfacet
  facet normal 0 0.910903 -0.412621
    outer loop
      vertex 5 17.391 0.938533
      vertex 10 17.175 0.461691
      vertex 5 17.175 0.461691
    endloop
  endfacet
  facet normal 0 0.956923 -0.290341
    outer loop
      vertex 10 17.5754 1.42848
      vertex 5 17.7274 1.92945
      vertex 10 17.7274 1.92945
    endloop
  endfacet
  facet normal 0 0.956923 -0.290341
    outer loop
      vertex 5 17.7274 1.92945
      vertex 10 17.5754 1.42848
      vertex 5 17.5754 1.42848
    endloop
  endfacet
  facet normal 0 0.935908 -0.352245
    outer loop
      vertex 10 17.391 0.938533
      vertex 5 17.5754 1.42848
      vertex 10 17.5754 1.42848
    endloop
  endfacet
  facet normal 0 0.935908 -0.352245
    outer loop
      vertex 5 17.5754 1.42848
      vertex 10 17.391 0.938533
      vertex 5 17.391 0.938533
    endloop
  endfacet
  facet normal -1 0 0
    outer loop
      vertex 5 -8.31492 0.55585
      vertex 5 5.0107 3.67299
      vertex 5 -8.06148 0
    endloop
  endfacet
  facet normal -1 -0 0
    outer loop
      vertex 5 5.04278 3.34737
      vertex 5 -8.06148 0
      vertex 5 5.0107 3.67299
    endloop
  endfacet
  facet normal -1 -0 0
    outer loop
      vertex 5 5.09607 3.02455
      vertex 5 -8.06148 0
      vertex 5 5.04278 3.34737
    endloop
  endfacet
  facet normal -1 -0 0
    outer loop
      vertex 5 5.17037 2.7059
      vertex 5 -8.06148 0
      vertex 5 5.09607 3.02455
    endloop
  endfacet
  facet normal -1 -0 0
    outer loop
      vertex 5 5.26535 2.3928
      vertex 5 -8.06148 0
      vertex 5 5.17037 2.7059
    endloop
  endfacet
  facet normal -1 -0 0
    outer loop
      vertex 5 5.3806 2.08658
      vertex 5 -8.06148 0
      vertex 5 5.26535 2.3928
    endloop
  endfacet
  facet normal -1 -0 0
    outer loop
      vertex 5 5.51564 1.78856
      vertex 5 -8.06148 0
      vertex 5 5.3806 2.08658
    endloop
  endfacet
  facet normal -1 -0 0
    outer loop
      vertex 5 5.66987 1.5
      vertex 5 -8.06148 0
      vertex 5 5.51564 1.78856
    endloop
  endfacet
  facet normal -1 -0 0
    outer loop
      vertex 5 5.84265 1.22215
      vertex 5 -8.06148 0
      vertex 5 5.66987 1.5
    endloop
  endfacet
  facet normal -1 -0 0
    outer loop
      vertex 5 6.03323 0.956193
      vertex 5 -8.06148 0
      vertex 5 5.84265 1.22215
    endloop
  endfacet
  facet normal -1 -0 0
    outer loop
      vertex 5 6.2408 0.703272
      vertex 5 -8.06148 0
      vertex 5 6.03323 0.956193
    endloop
  endfacet
  facet normal -1 -0 0
    outer loop
      vertex 5 6.46447 0.464466
      vertex 5 -8.06148 0
      vertex 5 6.2408 0.703272
    endloop
  endfacet
  facet normal -1 -0 0
    outer loop
      vertex 5 6.70327 0.240802
      vertex 5 -8.06148 0
      vertex 5 6.46447 0.464466
    endloop
  endfacet
  facet normal -1 -0 0
    outer loop
      vertex 5 6.95619 0.0332336
      vertex 5 -8.06148 0
      vertex 5 6.70327 0.240802
    endloop
  endfacet
  facet normal -1 0 0
    outer loop
      vertex 5 -8.06148 0
      vertex 5 6.95619 0.0332336
      vertex 5 7.00257 0
    endloop
  endfacet
  facet normal -1 0 0
    outer loop
      vertex 5 -8.52237 1.10705
      vertex 5 5.0107 3.67299
      vertex 5 -8.31492 0.55585
    endloop
  endfacet
  facet normal -1 0 0
    outer loop
      vertex 5 -8.69333 1.67063
      vertex 5 5.0107 3.67299
      vertex 5 -8.52237 1.10705
    endloop
  endfacet
  facet normal -1 -0 0
    outer loop
      vertex 5 5.0107 3.67299
      vertex 5 -8.69333 1.67063
      vertex 5 5 4
    endloop
  endfacet
  facet normal -1 0 0
    outer loop
      vertex 5 -8.82707 2.24419
      vertex 5 5 4
      vertex 5 -8.69333 1.67063
    endloop
  endfacet
  facet normal -1 0 0
    outer loop
      vertex 5 -8.923 2.82526
      vertex 5 5 4
      vertex 5 -8.82707 2.24419
    endloop
  endfacet
  facet normal -1 0 0
    outer loop
      vertex 5 -8.98073 3.41137
      vertex 5 5 4
      vertex 5 -8.923 2.82526
    endloop
  endfacet
  facet normal -1 0 0
    outer loop
      vertex 5 -9 4
      vertex 5 5 4
      vertex 5 -8.98073 3.41137
    endloop
  endfacet
  facet normal -1 0 -0
    outer loop
      vertex 5 -8.98073 4.58863
      vertex 5 5 4
      vertex 5 -9 4
    endloop
  endfacet
  facet normal -1 0 -0
    outer loop
      vertex 5 -8.923 5.17474
      vertex 5 5 4
      vertex 5 -8.98073 4.58863
    endloop
  endfacet
  facet normal -1 0 0
    outer loop
      vertex 5 5 4
      vertex 5 -8.923 5.17474
      vertex 5 5.0107 4.32701
    endloop
  endfacet
  facet normal -1 0 -0
    outer loop
      vertex 5 -8.82707 5.75581
      vertex 5 5.0107 4.32701
      vertex 5 -8.923 5.17474
    endloop
  endfacet
  facet normal -1 0 -0
    outer loop
      vertex 5 -8.69333 6.32937
      vertex 5 5.0107 4.32701
      vertex 5 -8.82707 5.75581
    endloop
  endfacet
  facet normal -1 0 -0
    outer loop
      vertex 5 -8.52237 6.89295
      vertex 5 5.0107 4.32701
      vertex 5 -8.69333 6.32937
    endloop
  endfacet
  facet normal -1 0 -0
    outer loop
      vertex 5 -8.31492 7.44415
      vertex 5 5.0107 4.32701
      vertex 5 -8.52237 6.89295
    endloop
  endfacet
  facet normal -1 0 -0
    outer loop
      vertex 5 -8.06148 8
      vertex 5 5.0107 4.32701
      vertex 5 -8.31492 7.44415
    endloop
  endfacet
  facet normal -1 0 0
    outer loop
      vertex 5 5.0107 4.32701
      vertex 5 -8.06148 8
      vertex 5 5.04278 4.65263
    endloop
  endfacet
  facet normal -1 0 0
    outer loop
      vertex 5 -8.31492 0.55585
      vertex 5 -8.06148 0
      vertex 5 -8.07185 0.0194025
    endloop
  endfacet
  facet normal -1 0 0
    outer loop
      vertex 5 5.09607 4.97545
      vertex 5 -8.06148 8
      vertex 5 5.17037 5.2941
    endloop
  endfacet
  facet normal -1 0 0
    outer loop
      vertex 5 6.95619 7.96677
      vertex 5 -8.06148 8
      vertex 5 7.00257 8
    endloop
  endfacet
  facet normal -1 0 0
    outer loop
      vertex 5 -8.06148 8
      vertex 5 -8.31492 7.44415
      vertex 5 -8.07185 7.9806
    endloop
  endfacet
  facet normal -1 0 0
    outer loop
      vertex 5 5.17037 5.2941
      vertex 5 -8.06148 8
      vertex 5 5.26535 5.6072
    endloop
  endfacet
  facet normal -1 0 0
    outer loop
      vertex 5 6.70327 7.7592
      vertex 5 -8.06148 8
      vertex 5 6.95619 7.96677
    endloop
  endfacet
  facet normal -1 0 0
    outer loop
      vertex 5 5.26535 5.6072
      vertex 5 -8.06148 8
      vertex 5 5.3806 5.91342
    endloop
  endfacet
  facet normal -1 0 0
    outer loop
      vertex 5 6.46447 7.53553
      vertex 5 -8.06148 8
      vertex 5 6.70327 7.7592
    endloop
  endfacet
  facet normal -1 0 0
    outer loop
      vertex 5 5.66987 6.5
      vertex 5 -8.06148 8
      vertex 5 5.84265 6.77785
    endloop
  endfacet
  facet normal -1 0 0
    outer loop
      vertex 5 6.2408 7.29673
      vertex 5 -8.06148 8
      vertex 5 6.46447 7.53553
    endloop
  endfacet
  facet normal -1 0 0
    outer loop
      vertex 5 6.03323 7.04381
      vertex 5 -8.06148 8
      vertex 5 6.2408 7.29673
    endloop
  endfacet
  facet normal -1 0 0
    outer loop
      vertex 5 5.84265 6.77785
      vertex 5 -8.06148 8
      vertex 5 6.03323 7.04381
    endloop
  endfacet
  facet normal -1 0 0
    outer loop
      vertex 5 5.51564 6.21144
      vertex 5 -8.06148 8
      vertex 5 5.66987 6.5
    endloop
  endfacet
  facet normal -1 0 0
    outer loop
      vertex 5 5.3806 5.91342
      vertex 5 -8.06148 8
      vertex 5 5.51564 6.21144
    endloop
  endfacet
  facet normal -1 0 0
    outer loop
      vertex 5 5.04278 4.65263
      vertex 5 -8.06148 8
      vertex 5 5.09607 4.97545
    endloop
  endfacet
  facet normal -1 0 0
    outer loop
      vertex 5 15 4
      vertex 5 18 4
      vertex 5 17.9829 3.47678
    endloop
  endfacet
  facet normal -1 0 0
    outer loop
      vertex 5 14.9893 3.67299
      vertex 5 17.9829 3.47678
      vertex 5 17.9316 2.95579
    endloop
  endfacet
  facet normal -1 0 0
    outer loop
      vertex 5 18 4
      vertex 5 15 4
      vertex 5 17.9829 4.52322
    endloop
  endfacet
  facet normal -1 0 0
    outer loop
      vertex 5 14.9572 3.34737
      vertex 5 17.9316 2.95579
      vertex 5 17.8463 2.43928
    endloop
  endfacet
  facet normal -1 0 0
    outer loop
      vertex 5 14.9893 4.32701
      vertex 5 17.9829 4.52322
      vertex 5 15 4
    endloop
  endfacet
  facet normal -1 0 0
    outer loop
      vertex 5 14.9039 3.02455
      vertex 5 17.8463 2.43928
      vertex 5 17.7274 1.92945
    endloop
  endfacet
  facet normal -1 -0 0
    outer loop
      vertex 5 17.9829 4.52322
      vertex 5 14.9893 4.32701
      vertex 5 17.9316 5.04421
    endloop
  endfacet
  facet normal -1 0 0
    outer loop
      vertex 5 14.8296 2.7059
      vertex 5 17.7274 1.92945
      vertex 5 17.5754 1.42848
    endloop
  endfacet
  facet normal -1 0 0
    outer loop
      vertex 5 14.9572 4.65263
      vertex 5 17.9316 5.04421
      vertex 5 14.9893 4.32701
    endloop
  endfacet
  facet normal -1 0 0
    outer loop
      vertex 5 14.7347 2.3928
      vertex 5 17.5754 1.42848
      vertex 5 17.391 0.938533
    endloop
  endfacet
  facet normal -1 -0 0
    outer loop
      vertex 5 17.9316 5.04421
      vertex 5 14.9572 4.65263
      vertex 5 17.8463 5.56072
    endloop
  endfacet
  facet normal -1 0 0
    outer loop
      vertex 5 14.6194 2.08658
      vertex 5 17.391 0.938533
      vertex 5 17.175 0.461691
    endloop
  endfacet
  facet normal -1 0 0
    outer loop
      vertex 5 14.9039 4.97545
      vertex 5 17.8463 5.56072
      vertex 5 14.9572 4.65263
    endloop
  endfacet
  facet normal -1 0 0
    outer loop
      vertex 5 14.4844 1.78856
      vertex 5 17.175 0.461691
      vertex 5 16.9282 0
    endloop
  endfacet
  facet normal -1 -0 0
    outer loop
      vertex 5 17.8463 5.56072
      vertex 5 14.9039 4.97545
      vertex 5 17.7274 6.07055
    endloop
  endfacet
  facet normal -1 0 0
    outer loop
      vertex 5 14.8296 5.2941
      vertex 5 17.7274 6.07055
      vertex 5 14.9039 4.97545
    endloop
  endfacet
  facet normal -1 0 0
    outer loop
      vertex 5 17.9829 3.47678
      vertex 5 14.9893 3.67299
      vertex 5 15 4
    endloop
  endfacet
  facet normal -1 0 0
    outer loop
      vertex 5 17.9316 2.95579
      vertex 5 14.9572 3.34737
      vertex 5 14.9893 3.67299
    endloop
  endfacet
  facet normal -1 0 0
    outer loop
      vertex 5 17.8463 2.43928
      vertex 5 14.9039 3.02455
      vertex 5 14.9572 3.34737
    endloop
  endfacet
  facet normal -1 0 0
    outer loop
      vertex 5 17.7274 1.92945
      vertex 5 14.8296 2.7059
      vertex 5 14.9039 3.02455
    endloop
  endfacet
  facet normal -1 0 0
    outer loop
      vertex 5 17.5754 1.42848
      vertex 5 14.7347 2.3928
      vertex 5 14.8296 2.7059
    endloop
  endfacet
  facet normal -1 0 0
    outer loop
      vertex 5 17.391 0.938533
      vertex 5 14.6194 2.08658
      vertex 5 14.7347 2.3928
    endloop
  endfacet
  facet normal -1 0 0
    outer loop
      vertex 5 17.175 0.461691
      vertex 5 14.4844 1.78856
      vertex 5 14.6194 2.08658
    endloop
  endfacet
  facet normal -1 0 0
    outer loop
      vertex 5 16.9282 0
      vertex 5 14.3301 1.5
      vertex 5 14.4844 1.78856
    endloop
  endfacet
  facet normal -1 0 0
    outer loop
      vertex 5 16.9282 0
      vertex 5 14.1573 1.22215
      vertex 5 14.3301 1.5
    endloop
  endfacet
  facet normal -1 0 0
    outer loop
      vertex 5 16.9282 0
      vertex 5 13.9668 0.956193
      vertex 5 14.1573 1.22215
    endloop
  endfacet
  facet normal -1 0 0
    outer loop
      vertex 5 16.9282 0
      vertex 5 13.7592 0.703272
      vertex 5 13.9668 0.956193
    endloop
  endfacet
  facet normal -1 0 0
    outer loop
      vertex 5 16.9282 0
      vertex 5 13.5355 0.464466
      vertex 5 13.7592 0.703272
    endloop
  endfacet
  facet normal -1 0 0
    outer loop
      vertex 5 16.9282 0
      vertex 5 13.2967 0.240802
      vertex 5 13.5355 0.464466
    endloop
  endfacet
  facet normal -1 0 0
    outer loop
      vertex 5 16.9282 0
      vertex 5 13.0438 0.0332336
      vertex 5 13.2967 0.240802
    endloop
  endfacet
  facet normal -1 0 -0
    outer loop
      vertex 5 13.0438 0.0332336
      vertex 5 16.9282 0
      vertex 5 12.9974 0
    endloop
  endfacet
  facet normal -1 -0 0
    outer loop
      vertex 5 17.7274 6.07055
      vertex 5 14.8296 5.2941
      vertex 5 17.5754 6.57152
    endloop
  endfacet
  facet normal -1 0 0
    outer loop
      vertex 5 14.7347 5.6072
      vertex 5 17.5754 6.57152
      vertex 5 14.8296 5.2941
    endloop
  endfacet
  facet normal -1 -0 0
    outer loop
      vertex 5 17.5754 6.57152
      vertex 5 14.7347 5.6072
      vertex 5 17.391 7.06147
    endloop
  endfacet
  facet normal -1 0 0
    outer loop
      vertex 5 14.6194 5.91342
      vertex 5 17.391 7.06147
      vertex 5 14.7347 5.6072
    endloop
  endfacet
  facet normal -1 -0 0
    outer loop
      vertex 5 17.391 7.06147
      vertex 5 14.6194 5.91342
      vertex 5 17.175 7.53831
    endloop
  endfacet
  facet normal -1 0 0
    outer loop
      vertex 5 14.4844 6.21144
      vertex 5 17.175 7.53831
      vertex 5 14.6194 5.91342
    endloop
  endfacet
  facet normal -1 -0 0
    outer loop
      vertex 5 17.175 7.53831
      vertex 5 14.4844 6.21144
      vertex 5 16.9282 8
    endloop
  endfacet
  facet normal -1 0 0
    outer loop
      vertex 5 14.3301 6.5
      vertex 5 16.9282 8
      vertex 5 14.4844 6.21144
    endloop
  endfacet
  facet normal -1 0 0
    outer loop
      vertex 5 14.1573 6.77785
      vertex 5 16.9282 8
      vertex 5 14.3301 6.5
    endloop
  endfacet
  facet normal -1 0 0
    outer loop
      vertex 5 13.9668 7.04381
      vertex 5 16.9282 8
      vertex 5 14.1573 6.77785
    endloop
  endfacet
  facet normal -1 0 0
    outer loop
      vertex 5 13.7592 7.29673
      vertex 5 16.9282 8
      vertex 5 13.9668 7.04381
    endloop
  endfacet
  facet normal -1 0 0
    outer loop
      vertex 5 13.5355 7.53553
      vertex 5 16.9282 8
      vertex 5 13.7592 7.29673
    endloop
  endfacet
  facet normal -1 0 0
    outer loop
      vertex 5 13.2967 7.7592
      vertex 5 16.9282 8
      vertex 5 13.5355 7.53553
    endloop
  endfacet
  facet normal -1 0 0
    outer loop
      vertex 5 13.0438 7.96677
      vertex 5 16.9282 8
      vertex 5 13.2967 7.7592
    endloop
  endfacet
  facet normal -1 -0 0
    outer loop
      vertex 5 16.9282 8
      vertex 5 13.0438 7.96677
      vertex 5 12.9974 8
    endloop
  endfacet
  facet normal 0 0.999465 0.0327195
    outer loop
      vertex 27 9 4
      vertex 22 8.98073 4.58863
      vertex 27 8.98073 4.58863
    endloop
  endfacet
  facet normal 0 0.999465 0.0327195
    outer loop
      vertex 22 8.98073 4.58863
      vertex 27 9 4
      vertex 22 9 4
    endloop
  endfacet
  facet normal 0 -0.999466 0.0326648
    outer loop
      vertex 22 -18 4
      vertex 27 -17.9829 4.52322
      vertex 22 -17.9829 4.52322
    endloop
  endfacet
  facet normal 0 -0.999466 0.0326648
    outer loop
      vertex 27 -17.9829 4.52322
      vertex 22 -18 4
      vertex 27 -18 4
    endloop
  endfacet
  facet normal 0 0.973875 0.227084
    outer loop
      vertex 27 8.82707 5.75581
      vertex 22 8.69333 6.32937
      vertex 27 8.69333 6.32937
    endloop
  endfacet
  facet normal 0 0.973875 0.227084
    outer loop
      vertex 22 8.69333 6.32937
      vertex 27 8.82707 5.75581
      vertex 22 8.82707 5.75581
    endloop
  endfacet
  facet normal 0 0.995184 0.0980225
    outer loop
      vertex 27 8.98073 4.58863
      vertex 22 8.923 5.17474
      vertex 27 8.923 5.17474
    endloop
  endfacet
  facet normal 0 0.995184 0.0980225
    outer loop
      vertex 22 8.923 5.17474
      vertex 27 8.98073 4.58863
      vertex 22 8.98073 4.58863
    endloop
  endfacet
  facet normal 0 -0.935909 0.352243
    outer loop
      vertex 22 -17.5754 6.57152
      vertex 27 -17.391 7.06147
      vertex 22 -17.391 7.06147
    endloop
  endfacet
  facet normal 0 -0.935909 0.352243
    outer loop
      vertex 27 -17.391 7.06147
      vertex 22 -17.5754 6.57152
      vertex 27 -17.5754 6.57152
    endloop
  endfacet
  facet normal 0 -0.956923 -0.290341
    outer loop
      vertex 22 -17.5754 1.42848
      vertex 27 -17.7274 1.92945
      vertex 22 -17.7274 1.92945
    endloop
  endfacet
  facet normal 0 -0.956923 -0.290341
    outer loop
      vertex 27 -17.7274 1.92945
      vertex 22 -17.5754 1.42848
      vertex 27 -17.5754 1.42848
    endloop
  endfacet
  facet normal 0 0.93591 -0.35224
    outer loop
      vertex 27 8.31492 0.55585
      vertex 22 8.52237 1.10705
      vertex 27 8.52237 1.10705
    endloop
  endfacet
  facet normal 0 0.93591 -0.35224
    outer loop
      vertex 22 8.52237 1.10705
      vertex 27 8.31492 0.55585
      vertex 22 8.31492 0.55585
    endloop
  endfacet
  facet normal 0 0.881912 0.471414
    outer loop
      vertex 27 8.07185 7.9806
      vertex 22 8.06148 8
      vertex 27 8.06148 8
    endloop
  endfacet
  facet normal 0 0.881912 0.471414
    outer loop
      vertex 22 8.06148 8
      vertex 27 8.07185 7.9806
      vertex 22 8.07185 7.9806
    endloop
  endfacet
  facet normal 0 0.986645 -0.162887
    outer loop
      vertex 27 8.82707 2.24419
      vertex 22 8.923 2.82526
      vertex 27 8.923 2.82526
    endloop
  endfacet
  facet normal 0 0.986645 -0.162887
    outer loop
      vertex 22 8.923 2.82526
      vertex 27 8.82707 2.24419
      vertex 22 8.82707 2.24419
    endloop
  endfacet
  facet normal 0 0.881937 -0.471367
    outer loop
      vertex 27 8.06148 0
      vertex 22 8.07185 0.0194025
      vertex 27 8.07185 0.0194025
    endloop
  endfacet
  facet normal 0 0.881937 -0.471367
    outer loop
      vertex 22 8.07185 0.0194025
      vertex 27 8.06148 0
      vertex 22 8.06148 0
    endloop
  endfacet
  facet normal 0 0.995184 -0.0980225
    outer loop
      vertex 27 8.923 2.82526
      vertex 22 8.98073 3.41137
      vertex 27 8.98073 3.41137
    endloop
  endfacet
  facet normal 0 0.995184 -0.0980225
    outer loop
      vertex 22 8.98073 3.41137
      vertex 27 8.923 2.82526
      vertex 22 8.923 2.82526
    endloop
  endfacet
  facet normal 0 -0.986636 -0.16294
    outer loop
      vertex 22 -17.8463 2.43928
      vertex 27 -17.9316 2.95579
      vertex 22 -17.9316 2.95579
    endloop
  endfacet
  facet normal 0 -0.986636 -0.16294
    outer loop
      vertex 27 -17.9316 2.95579
      vertex 22 -17.8463 2.43928
      vertex 27 -17.8463 2.43928
    endloop
  endfacet
  facet normal 0 -0.973867 0.22712
    outer loop
      vertex 22 -17.8463 5.56072
      vertex 27 -17.7274 6.07055
      vertex 22 -17.7274 6.07055
    endloop
  endfacet
  facet normal 0 -0.973867 0.22712
    outer loop
      vertex 27 -17.7274 6.07055
      vertex 22 -17.8463 5.56072
      vertex 27 -17.8463 5.56072
    endloop
  endfacet
  facet normal 0 0.910859 0.412718
    outer loop
      vertex 27 8.31492 7.44415
      vertex 22 8.07185 7.9806
      vertex 27 8.07185 7.9806
    endloop
  endfacet
  facet normal 0 0.910859 0.412718
    outer loop
      vertex 22 8.07185 7.9806
      vertex 27 8.31492 7.44415
      vertex 22 8.31492 7.44415
    endloop
  endfacet
  facet normal 0 0.999465 -0.0327195
    outer loop
      vertex 27 8.98073 3.41137
      vertex 22 9 4
      vertex 27 9 4
    endloop
  endfacet
  facet normal 0 0.999465 -0.0327195
    outer loop
      vertex 22 9 4
      vertex 27 8.98073 3.41137
      vertex 22 8.98073 3.41137
    endloop
  endfacet
  facet normal 0 -0.999466 -0.0326648
    outer loop
      vertex 22 -17.9829 3.47678
      vertex 27 -18 4
      vertex 22 -18 4
    endloop
  endfacet
  facet normal 0 -0.999466 -0.0326648
    outer loop
      vertex 27 -18 4
      vertex 22 -17.9829 3.47678
      vertex 27 -17.9829 3.47678
    endloop
  endfacet
  facet normal 0 -0.973867 -0.22712
    outer loop
      vertex 22 -17.7274 1.92945
      vertex 27 -17.8463 2.43928
      vertex 22 -17.8463 2.43928
    endloop
  endfacet
  facet normal 0 -0.973867 -0.22712
    outer loop
      vertex 27 -17.8463 2.43928
      vertex 22 -17.7274 1.92945
      vertex 27 -17.7274 1.92945
    endloop
  endfacet
  facet normal 0 0.95694 -0.290284
    outer loop
      vertex 27 8.52237 1.10705
      vertex 22 8.69333 1.67063
      vertex 27 8.69333 1.67063
    endloop
  endfacet
  facet normal 0 0.95694 -0.290284
    outer loop
      vertex 22 8.69333 1.67063
      vertex 27 8.52237 1.10705
      vertex 22 8.52237 1.10705
    endloop
  endfacet
  facet normal 0 0.95694 0.290284
    outer loop
      vertex 27 8.69333 6.32937
      vertex 22 8.52237 6.89295
      vertex 27 8.52237 6.89295
    endloop
  endfacet
  facet normal 0 0.95694 0.290284
    outer loop
      vertex 22 8.52237 6.89295
      vertex 27 8.69333 6.32937
      vertex 22 8.69333 6.32937
    endloop
  endfacet
  facet normal 0 -0.910903 -0.412621
    outer loop
      vertex 22 -17.175 0.461691
      vertex 27 -17.391 0.938533
      vertex 22 -17.391 0.938533
    endloop
  endfacet
  facet normal 0 -0.910903 -0.412621
    outer loop
      vertex 27 -17.391 0.938533
      vertex 22 -17.175 0.461691
      vertex 27 -17.175 0.461691
    endloop
  endfacet
  facet normal 0 -0.995187 -0.0979925
    outer loop
      vertex 22 -17.9316 2.95579
      vertex 27 -17.9829 3.47678
      vertex 22 -17.9829 3.47678
    endloop
  endfacet
  facet normal 0 -0.995187 -0.0979925
    outer loop
      vertex 27 -17.9829 3.47678
      vertex 22 -17.9316 2.95579
      vertex 27 -17.9316 2.95579
    endloop
  endfacet
  facet normal 0 0.910858 -0.412719
    outer loop
      vertex 27 8.07185 0.0194025
      vertex 22 8.31492 0.55585
      vertex 27 8.31492 0.55585
    endloop
  endfacet
  facet normal 0 0.910858 -0.412719
    outer loop
      vertex 22 8.31492 0.55585
      vertex 27 8.07185 0.0194025
      vertex 22 8.07185 0.0194025
    endloop
  endfacet
  facet normal 0 0.986645 0.162887
    outer loop
      vertex 27 8.923 5.17474
      vertex 22 8.82707 5.75581
      vertex 27 8.82707 5.75581
    endloop
  endfacet
  facet normal 0 0.986645 0.162887
    outer loop
      vertex 22 8.82707 5.75581
      vertex 27 8.923 5.17474
      vertex 22 8.923 5.17474
    endloop
  endfacet
  facet normal 0 0.93591 0.35224
    outer loop
      vertex 27 8.52237 6.89295
      vertex 22 8.31492 7.44415
      vertex 27 8.31492 7.44415
    endloop
  endfacet
  facet normal 0 0.93591 0.35224
    outer loop
      vertex 22 8.31492 7.44415
      vertex 27 8.52237 6.89295
      vertex 22 8.52237 6.89295
    endloop
  endfacet
  facet normal 0 -0.995187 0.0979925
    outer loop
      vertex 22 -17.9829 4.52322
      vertex 27 -17.9316 5.04421
      vertex 22 -17.9316 5.04421
    endloop
  endfacet
  facet normal 0 -0.995187 0.0979925
    outer loop
      vertex 27 -17.9316 5.04421
      vertex 22 -17.9829 4.52322
      vertex 27 -17.9829 4.52322
    endloop
  endfacet
  facet normal 0 -0.881905 -0.471428
    outer loop
      vertex 22 -16.9282 0
      vertex 27 -17.175 0.461691
      vertex 22 -17.175 0.461691
    endloop
  endfacet
  facet normal 0 -0.881905 -0.471428
    outer loop
      vertex 27 -17.175 0.461691
      vertex 22 -16.9282 0
      vertex 27 -16.9282 0
    endloop
  endfacet
  facet normal 1 -0 0
    outer loop
      vertex 27 -17.7274 6.07055
      vertex 27 -14.8296 5.2941
      vertex 27 -17.5754 6.57152
    endloop
  endfacet
  facet normal 1 0 0
    outer loop
      vertex 27 -14.7347 5.6072
      vertex 27 -17.5754 6.57152
      vertex 27 -14.8296 5.2941
    endloop
  endfacet
  facet normal 1 -0 0
    outer loop
      vertex 27 -17.5754 6.57152
      vertex 27 -14.7347 5.6072
      vertex 27 -17.391 7.06147
    endloop
  endfacet
  facet normal 1 0 0
    outer loop
      vertex 27 -14.6194 5.91342
      vertex 27 -17.391 7.06147
      vertex 27 -14.7347 5.6072
    endloop
  endfacet
  facet normal 1 -0 0
    outer loop
      vertex 27 -17.391 7.06147
      vertex 27 -14.6194 5.91342
      vertex 27 -17.175 7.53831
    endloop
  endfacet
  facet normal 1 0 0
    outer loop
      vertex 27 -14.4844 6.21144
      vertex 27 -17.175 7.53831
      vertex 27 -14.6194 5.91342
    endloop
  endfacet
  facet normal 1 -0 0
    outer loop
      vertex 27 -17.175 7.53831
      vertex 27 -14.4844 6.21144
      vertex 27 -16.9282 8
    endloop
  endfacet
  facet normal 1 0 0
    outer loop
      vertex 27 -14.3301 6.5
      vertex 27 -16.9282 8
      vertex 27 -14.4844 6.21144
    endloop
  endfacet
  facet normal 1 0 0
    outer loop
      vertex 27 -14.1573 6.77785
      vertex 27 -16.9282 8
      vertex 27 -14.3301 6.5
    endloop
  endfacet
  facet normal 1 0 0
    outer loop
      vertex 27 -13.9668 7.04381
      vertex 27 -16.9282 8
      vertex 27 -14.1573 6.77785
    endloop
  endfacet
  facet normal 1 0 0
    outer loop
      vertex 27 -13.7592 7.29673
      vertex 27 -16.9282 8
      vertex 27 -13.9668 7.04381
    endloop
  endfacet
  facet normal 1 0 0
    outer loop
      vertex 27 -13.5355 7.53553
      vertex 27 -16.9282 8
      vertex 27 -13.7592 7.29673
    endloop
  endfacet
  facet normal 1 0 0
    outer loop
      vertex 27 -13.2967 7.7592
      vertex 27 -16.9282 8
      vertex 27 -13.5355 7.53553
    endloop
  endfacet
  facet normal 1 0 0
    outer loop
      vertex 27 -13.0438 7.96677
      vertex 27 -16.9282 8
      vertex 27 -13.2967 7.7592
    endloop
  endfacet
  facet normal 1 -0 0
    outer loop
      vertex 27 -16.9282 8
      vertex 27 -13.0438 7.96677
      vertex 27 -12.9974 8
    endloop
  endfacet
  facet normal 1 0 0
    outer loop
      vertex 27 -14.8296 5.2941
      vertex 27 -17.7274 6.07055
      vertex 27 -14.9039 4.97545
    endloop
  endfacet
  facet normal 1 -0 0
    outer loop
      vertex 27 -17.8463 5.56072
      vertex 27 -14.9039 4.97545
      vertex 27 -17.7274 6.07055
    endloop
  endfacet
  facet normal 1 0 0
    outer loop
      vertex 27 -14.9039 4.97545
      vertex 27 -17.8463 5.56072
      vertex 27 -14.9572 4.65263
    endloop
  endfacet
  facet normal 1 -0 0
    outer loop
      vertex 27 -17.9316 5.04421
      vertex 27 -14.9572 4.65263
      vertex 27 -17.8463 5.56072
    endloop
  endfacet
  facet normal 1 0 0
    outer loop
      vertex 27 -14.9572 4.65263
      vertex 27 -17.9316 5.04421
      vertex 27 -14.9893 4.32701
    endloop
  endfacet
  facet normal 1 -0 0
    outer loop
      vertex 27 -17.9829 4.52322
      vertex 27 -14.9893 4.32701
      vertex 27 -17.9316 5.04421
    endloop
  endfacet
  facet normal 1 0 0
    outer loop
      vertex 27 -13.0438 0.0332336
      vertex 27 -16.9282 0
      vertex 27 -12.9974 0
    endloop
  endfacet
  facet normal 1 0 0
    outer loop
      vertex 27 -13.2967 0.240802
      vertex 27 -16.9282 0
      vertex 27 -13.0438 0.0332336
    endloop
  endfacet
  facet normal 1 0 0
    outer loop
      vertex 27 -13.5355 0.464466
      vertex 27 -16.9282 0
      vertex 27 -13.2967 0.240802
    endloop
  endfacet
  facet normal 1 0 0
    outer loop
      vertex 27 -13.7592 0.703272
      vertex 27 -16.9282 0
      vertex 27 -13.5355 0.464466
    endloop
  endfacet
  facet normal 1 0 0
    outer loop
      vertex 27 -13.9668 0.956193
      vertex 27 -16.9282 0
      vertex 27 -13.7592 0.703272
    endloop
  endfacet
  facet normal 1 0 0
    outer loop
      vertex 27 -14.1573 1.22215
      vertex 27 -16.9282 0
      vertex 27 -13.9668 0.956193
    endloop
  endfacet
  facet normal 1 0 0
    outer loop
      vertex 27 -14.3301 1.5
      vertex 27 -16.9282 0
      vertex 27 -14.1573 1.22215
    endloop
  endfacet
  facet normal 1 0 0
    outer loop
      vertex 27 -14.4844 1.78856
      vertex 27 -16.9282 0
      vertex 27 -14.3301 1.5
    endloop
  endfacet
  facet normal 1 0 0
    outer loop
      vertex 27 -17.175 0.461691
      vertex 27 -14.4844 1.78856
      vertex 27 -14.6194 2.08658
    endloop
  endfacet
  facet normal 1 0 0
    outer loop
      vertex 27 -14.9893 4.32701
      vertex 27 -17.9829 4.52322
      vertex 27 -15 4
    endloop
  endfacet
  facet normal 1 0 0
    outer loop
      vertex 27 -18 4
      vertex 27 -15 4
      vertex 27 -17.9829 4.52322
    endloop
  endfacet
  facet normal 1 0 0
    outer loop
      vertex 27 -14.4844 1.78856
      vertex 27 -17.175 0.461691
      vertex 27 -16.9282 0
    endloop
  endfacet
  facet normal 1 0 0
    outer loop
      vertex 27 -15 4
      vertex 27 -18 4
      vertex 27 -14.9893 3.67299
    endloop
  endfacet
  facet normal 1 0 0
    outer loop
      vertex 27 -14.6194 2.08658
      vertex 27 -17.391 0.938533
      vertex 27 -17.175 0.461691
    endloop
  endfacet
  facet normal 1 0 -0
    outer loop
      vertex 27 -17.9829 3.47678
      vertex 27 -14.9893 3.67299
      vertex 27 -18 4
    endloop
  endfacet
  facet normal 1 0 0
    outer loop
      vertex 27 -14.6194 2.08658
      vertex 27 -17.5754 1.42848
      vertex 27 -17.391 0.938533
    endloop
  endfacet
  facet normal 1 0 0
    outer loop
      vertex 27 -14.9893 3.67299
      vertex 27 -17.9829 3.47678
      vertex 27 -14.9572 3.34737
    endloop
  endfacet
  facet normal 1 0 0
    outer loop
      vertex 27 -14.7347 2.3928
      vertex 27 -17.5754 1.42848
      vertex 27 -14.6194 2.08658
    endloop
  endfacet
  facet normal 1 0 -0
    outer loop
      vertex 27 -17.9316 2.95579
      vertex 27 -14.9572 3.34737
      vertex 27 -17.9829 3.47678
    endloop
  endfacet
  facet normal 1 0 -0
    outer loop
      vertex 27 -17.5754 1.42848
      vertex 27 -14.7347 2.3928
      vertex 27 -17.7274 1.92945
    endloop
  endfacet
  facet normal 1 0 0
    outer loop
      vertex 27 -14.9572 3.34737
      vertex 27 -17.9316 2.95579
      vertex 27 -14.9039 3.02455
    endloop
  endfacet
  facet normal 1 0 0
    outer loop
      vertex 27 -14.8296 2.7059
      vertex 27 -17.7274 1.92945
      vertex 27 -14.7347 2.3928
    endloop
  endfacet
  facet normal 1 0 -0
    outer loop
      vertex 27 -17.8463 2.43928
      vertex 27 -14.9039 3.02455
      vertex 27 -17.9316 2.95579
    endloop
  endfacet
  facet normal 1 0 -0
    outer loop
      vertex 27 -17.7274 1.92945
      vertex 27 -14.8296 2.7059
      vertex 27 -17.8463 2.43928
    endloop
  endfacet
  facet normal 1 0 0
    outer loop
      vertex 27 -14.9039 3.02455
      vertex 27 -17.8463 2.43928
      vertex 27 -14.8296 2.7059
    endloop
  endfacet
  facet normal 1 0 0
    outer loop
      vertex 27 -5 4
      vertex 27 9 4
      vertex 27 8.98073 4.58863
    endloop
  endfacet
  facet normal 1 0 0
    outer loop
      vertex 27 -5 4
      vertex 27 8.98073 4.58863
      vertex 27 8.923 5.17474
    endloop
  endfacet
  facet normal 1 0 0
    outer loop
      vertex 27 9 4
      vertex 27 -5 4
      vertex 27 8.98073 3.41137
    endloop
  endfacet
  facet normal 1 0 0
    outer loop
      vertex 27 -5 4
      vertex 27 8.923 5.17474
      vertex 27 8.82707 5.75581
    endloop
  endfacet
  facet normal 1 0 0
    outer loop
      vertex 27 8.98073 3.41137
      vertex 27 -5 4
      vertex 27 8.923 2.82526
    endloop
  endfacet
  facet normal 1 0 0
    outer loop
      vertex 27 -5 4
      vertex 27 8.82707 5.75581
      vertex 27 8.69333 6.32937
    endloop
  endfacet
  facet normal 1 0 0
    outer loop
      vertex 27 8.923 2.82526
      vertex 27 -5 4
      vertex 27 8.82707 2.24419
    endloop
  endfacet
  facet normal 1 0 0
    outer loop
      vertex 27 -5.0107 4.32701
      vertex 27 8.69333 6.32937
      vertex 27 8.52237 6.89295
    endloop
  endfacet
  facet normal 1 0 0
    outer loop
      vertex 27 8.82707 2.24419
      vertex 27 -5 4
      vertex 27 8.69333 1.67063
    endloop
  endfacet
  facet normal 1 0 0
    outer loop
      vertex 27 -5.0107 4.32701
      vertex 27 8.52237 6.89295
      vertex 27 8.31492 7.44415
    endloop
  endfacet
  facet normal 1 -0 0
    outer loop
      vertex 27 -5.0107 3.67299
      vertex 27 8.69333 1.67063
      vertex 27 -5 4
    endloop
  endfacet
  facet normal 1 0 0
    outer loop
      vertex 27 8.06148 8
      vertex 27 8.31492 7.44415
      vertex 27 8.07185 7.9806
    endloop
  endfacet
  facet normal 1 0 0
    outer loop
      vertex 27 8.69333 1.67063
      vertex 27 -5.0107 3.67299
      vertex 27 8.52237 1.10705
    endloop
  endfacet
  facet normal 1 0 0
    outer loop
      vertex 27 8.31492 7.44415
      vertex 27 8.06148 8
      vertex 27 -5.0107 4.32701
    endloop
  endfacet
  facet normal 1 0 0
    outer loop
      vertex 27 8.52237 1.10705
      vertex 27 -5.0107 3.67299
      vertex 27 8.31492 0.55585
    endloop
  endfacet
  facet normal 1 0 -0
    outer loop
      vertex 27 8.06148 0
      vertex 27 8.31492 0.55585
      vertex 27 -5.0107 3.67299
    endloop
  endfacet
  facet normal 1 0 0
    outer loop
      vertex 27 8.69333 6.32937
      vertex 27 -5.0107 4.32701
      vertex 27 -5 4
    endloop
  endfacet
  facet normal 1 0 0
    outer loop
      vertex 27 8.06148 8
      vertex 27 -5.04278 4.65263
      vertex 27 -5.0107 4.32701
    endloop
  endfacet
  facet normal 1 0 0
    outer loop
      vertex 27 8.06148 8
      vertex 27 -5.09607 4.97545
      vertex 27 -5.04278 4.65263
    endloop
  endfacet
  facet normal 1 0 0
    outer loop
      vertex 27 8.06148 8
      vertex 27 -5.17037 5.2941
      vertex 27 -5.09607 4.97545
    endloop
  endfacet
  facet normal 1 0 0
    outer loop
      vertex 27 8.06148 8
      vertex 27 -5.26535 5.6072
      vertex 27 -5.17037 5.2941
    endloop
  endfacet
  facet normal 1 0 0
    outer loop
      vertex 27 8.06148 8
      vertex 27 -5.3806 5.91342
      vertex 27 -5.26535 5.6072
    endloop
  endfacet
  facet normal 1 0 0
    outer loop
      vertex 27 8.06148 8
      vertex 27 -5.51564 6.21144
      vertex 27 -5.3806 5.91342
    endloop
  endfacet
  facet normal 1 0 0
    outer loop
      vertex 27 8.06148 8
      vertex 27 -5.66987 6.5
      vertex 27 -5.51564 6.21144
    endloop
  endfacet
  facet normal 1 0 0
    outer loop
      vertex 27 8.06148 8
      vertex 27 -5.84265 6.77785
      vertex 27 -5.66987 6.5
    endloop
  endfacet
  facet normal 1 0 0
    outer loop
      vertex 27 8.06148 8
      vertex 27 -6.03323 7.04381
      vertex 27 -5.84265 6.77785
    endloop
  endfacet
  facet normal 1 0 0
    outer loop
      vertex 27 8.06148 8
      vertex 27 -6.2408 7.29673
      vertex 27 -6.03323 7.04381
    endloop
  endfacet
  facet normal 1 0 0
    outer loop
      vertex 27 8.06148 8
      vertex 27 -6.46447 7.53553
      vertex 27 -6.2408 7.29673
    endloop
  endfacet
  facet normal 1 0 0
    outer loop
      vertex 27 8.06148 8
      vertex 27 -6.70327 7.7592
      vertex 27 -6.46447 7.53553
    endloop
  endfacet
  facet normal 1 0 0
    outer loop
      vertex 27 8.06148 8
      vertex 27 -6.95619 7.96677
      vertex 27 -6.70327 7.7592
    endloop
  endfacet
  facet normal 1 0 -0
    outer loop
      vertex 27 -6.95619 7.96677
      vertex 27 8.06148 8
      vertex 27 -7.00257 8
    endloop
  endfacet
  facet normal 1 0 0
    outer loop
      vertex 27 8.31492 0.55585
      vertex 27 8.06148 0
      vertex 27 8.07185 0.0194025
    endloop
  endfacet
  facet normal 1 -0 0
    outer loop
      vertex 27 -5.04278 3.34737
      vertex 27 8.06148 0
      vertex 27 -5.0107 3.67299
    endloop
  endfacet
  facet normal 1 -0 0
    outer loop
      vertex 27 -5.09607 3.02455
      vertex 27 8.06148 0
      vertex 27 -5.04278 3.34737
    endloop
  endfacet
  facet normal 1 -0 0
    outer loop
      vertex 27 -5.17037 2.7059
      vertex 27 8.06148 0
      vertex 27 -5.09607 3.02455
    endloop
  endfacet
  facet normal 1 -0 0
    outer loop
      vertex 27 -5.26535 2.3928
      vertex 27 8.06148 0
      vertex 27 -5.17037 2.7059
    endloop
  endfacet
  facet normal 1 -0 0
    outer loop
      vertex 27 -5.3806 2.08658
      vertex 27 8.06148 0
      vertex 27 -5.26535 2.3928
    endloop
  endfacet
  facet normal 1 -0 0
    outer loop
      vertex 27 -5.51564 1.78856
      vertex 27 8.06148 0
      vertex 27 -5.3806 2.08658
    endloop
  endfacet
  facet normal 1 -0 0
    outer loop
      vertex 27 -5.66987 1.5
      vertex 27 8.06148 0
      vertex 27 -5.51564 1.78856
    endloop
  endfacet
  facet normal 1 -0 0
    outer loop
      vertex 27 -5.84265 1.22215
      vertex 27 8.06148 0
      vertex 27 -5.66987 1.5
    endloop
  endfacet
  facet normal 1 -0 0
    outer loop
      vertex 27 -6.03323 0.956193
      vertex 27 8.06148 0
      vertex 27 -5.84265 1.22215
    endloop
  endfacet
  facet normal 1 -0 0
    outer loop
      vertex 27 -6.2408 0.703272
      vertex 27 8.06148 0
      vertex 27 -6.03323 0.956193
    endloop
  endfacet
  facet normal 1 -0 0
    outer loop
      vertex 27 -6.46447 0.464466
      vertex 27 8.06148 0
      vertex 27 -6.2408 0.703272
    endloop
  endfacet
  facet normal 1 -0 0
    outer loop
      vertex 27 -6.70327 0.240802
      vertex 27 8.06148 0
      vertex 27 -6.46447 0.464466
    endloop
  endfacet
  facet normal 1 -0 0
    outer loop
      vertex 27 -6.95619 0.0332336
      vertex 27 8.06148 0
      vertex 27 -6.70327 0.240802
    endloop
  endfacet
  facet normal 1 0 0
    outer loop
      vertex 27 8.06148 0
      vertex 27 -6.95619 0.0332336
      vertex 27 -7.00257 0
    endloop
  endfacet
  facet normal 0 -0.935908 -0.352245
    outer loop
      vertex 22 -17.391 0.938533
      vertex 27 -17.5754 1.42848
      vertex 22 -17.5754 1.42848
    endloop
  endfacet
  facet normal 0 -0.935908 -0.352245
    outer loop
      vertex 27 -17.5754 1.42848
      vertex 22 -17.391 0.938533
      vertex 27 -17.391 0.938533
    endloop
  endfacet
  facet normal 0 -0.986636 0.16294
    outer loop
      vertex 22 -17.9316 5.04421
      vertex 27 -17.8463 5.56072
      vertex 22 -17.8463 5.56072
    endloop
  endfacet
  facet normal 0 -0.986636 0.16294
    outer loop
      vertex 27 -17.8463 5.56072
      vertex 22 -17.9316 5.04421
      vertex 27 -17.9316 5.04421
    endloop
  endfacet
  facet normal 0 0.973875 -0.227084
    outer loop
      vertex 27 8.69333 1.67063
      vertex 22 8.82707 2.24419
      vertex 27 8.82707 2.24419
    endloop
  endfacet
  facet normal 0 0.973875 -0.227084
    outer loop
      vertex 22 8.82707 2.24419
      vertex 27 8.69333 1.67063
      vertex 22 8.69333 1.67063
    endloop
  endfacet
  facet normal 0 -0.881904 0.471429
    outer loop
      vertex 22 -17.175 7.53831
      vertex 27 -16.9282 8
      vertex 22 -16.9282 8
    endloop
  endfacet
  facet normal 0 -0.881904 0.471429
    outer loop
      vertex 27 -16.9282 8
      vertex 22 -17.175 7.53831
      vertex 27 -17.175 7.53831
    endloop
  endfacet
  facet normal 0 -0.910902 0.412622
    outer loop
      vertex 22 -17.391 7.06147
      vertex 27 -17.175 7.53831
      vertex 22 -17.175 7.53831
    endloop
  endfacet
  facet normal 0 -0.910902 0.412622
    outer loop
      vertex 27 -17.175 7.53831
      vertex 22 -17.391 7.06147
      vertex 27 -17.391 7.06147
    endloop
  endfacet
  facet normal -1 0 0
    outer loop
      vertex 22 -17.175 0.461691
      vertex 22 -4.98929 3.67299
      vertex 22 -16.9282 0
    endloop
  endfacet
  facet normal -1 -0 0
    outer loop
      vertex 22 -4.95722 3.34737
      vertex 22 -16.9282 0
      vertex 22 -4.98929 3.67299
    endloop
  endfacet
  facet normal -1 -0 0
    outer loop
      vertex 22 -4.90393 3.02455
      vertex 22 -16.9282 0
      vertex 22 -4.95722 3.34737
    endloop
  endfacet
  facet normal -1 -0 0
    outer loop
      vertex 22 -4.82963 2.7059
      vertex 22 -16.9282 0
      vertex 22 -4.90393 3.02455
    endloop
  endfacet
  facet normal -1 -0 0
    outer loop
      vertex 22 -4.73465 2.3928
      vertex 22 -16.9282 0
      vertex 22 -4.82963 2.7059
    endloop
  endfacet
  facet normal -1 -0 0
    outer loop
      vertex 22 -4.6194 2.08658
      vertex 22 -16.9282 0
      vertex 22 -4.73465 2.3928
    endloop
  endfacet
  facet normal -1 -0 0
    outer loop
      vertex 22 -4.48436 1.78856
      vertex 22 -16.9282 0
      vertex 22 -4.6194 2.08658
    endloop
  endfacet
  facet normal -1 -0 0
    outer loop
      vertex 22 -4.33013 1.5
      vertex 22 -16.9282 0
      vertex 22 -4.48436 1.78856
    endloop
  endfacet
  facet normal -1 -0 0
    outer loop
      vertex 22 -4.15735 1.22215
      vertex 22 -16.9282 0
      vertex 22 -4.33013 1.5
    endloop
  endfacet
  facet normal -1 -0 0
    outer loop
      vertex 22 -3.96677 0.956193
      vertex 22 -16.9282 0
      vertex 22 -4.15735 1.22215
    endloop
  endfacet
  facet normal -1 -0 0
    outer loop
      vertex 22 -3.7592 0.703272
      vertex 22 -16.9282 0
      vertex 22 -3.96677 0.956193
    endloop
  endfacet
  facet normal -1 -0 0
    outer loop
      vertex 22 -3.53553 0.464466
      vertex 22 -16.9282 0
      vertex 22 -3.7592 0.703272
    endloop
  endfacet
  facet normal -1 -0 0
    outer loop
      vertex 22 -3.29673 0.240802
      vertex 22 -16.9282 0
      vertex 22 -3.53553 0.464466
    endloop
  endfacet
  facet normal -1 -0 0
    outer loop
      vertex 22 -3.04381 0.0332336
      vertex 22 -16.9282 0
      vertex 22 -3.29673 0.240802
    endloop
  endfacet
  facet normal -1 0 0
    outer loop
      vertex 22 -16.9282 0
      vertex 22 -3.04381 0.0332336
      vertex 22 -2.99743 0
    endloop
  endfacet
  facet normal -1 0 0
    outer loop
      vertex 22 -17.391 0.938533
      vertex 22 -4.98929 3.67299
      vertex 22 -17.175 0.461691
    endloop
  endfacet
  facet normal -1 0 0
    outer loop
      vertex 22 -17.5754 1.42848
      vertex 22 -4.98929 3.67299
      vertex 22 -17.391 0.938533
    endloop
  endfacet
  facet normal -1 0 0
    outer loop
      vertex 22 -17.7274 1.92945
      vertex 22 -4.98929 3.67299
      vertex 22 -17.5754 1.42848
    endloop
  endfacet
  facet normal -1 -0 0
    outer loop
      vertex 22 -4.98929 3.67299
      vertex 22 -17.7274 1.92945
      vertex 22 -5 4
    endloop
  endfacet
  facet normal -1 0 0
    outer loop
      vertex 22 -17.8463 2.43928
      vertex 22 -5 4
      vertex 22 -17.7274 1.92945
    endloop
  endfacet
  facet normal -1 0 0
    outer loop
      vertex 22 -17.9316 2.95579
      vertex 22 -5 4
      vertex 22 -17.8463 2.43928
    endloop
  endfacet
  facet normal -1 0 0
    outer loop
      vertex 22 -17.9829 3.47678
      vertex 22 -5 4
      vertex 22 -17.9316 2.95579
    endloop
  endfacet
  facet normal -1 0 0
    outer loop
      vertex 22 -18 4
      vertex 22 -5 4
      vertex 22 -17.9829 3.47678
    endloop
  endfacet
  facet normal -1 0 -0
    outer loop
      vertex 22 -17.9829 4.52322
      vertex 22 -5 4
      vertex 22 -18 4
    endloop
  endfacet
  facet normal -1 0 -0
    outer loop
      vertex 22 -17.9316 5.04421
      vertex 22 -5 4
      vertex 22 -17.9829 4.52322
    endloop
  endfacet
  facet normal -1 0 -0
    outer loop
      vertex 22 -17.8463 5.56072
      vertex 22 -5 4
      vertex 22 -17.9316 5.04421
    endloop
  endfacet
  facet normal -1 0 0
    outer loop
      vertex 22 -5 4
      vertex 22 -17.8463 5.56072
      vertex 22 -4.98929 4.32701
    endloop
  endfacet
  facet normal -1 0 -0
    outer loop
      vertex 22 -17.7274 6.07055
      vertex 22 -4.98929 4.32701
      vertex 22 -17.8463 5.56072
    endloop
  endfacet
  facet normal -1 0 -0
    outer loop
      vertex 22 -17.5754 6.57152
      vertex 22 -4.98929 4.32701
      vertex 22 -17.7274 6.07055
    endloop
  endfacet
  facet normal -1 0 0
    outer loop
      vertex 22 -3.29673 7.7592
      vertex 22 -16.9282 8
      vertex 22 -3.04381 7.96677
    endloop
  endfacet
  facet normal -1 0 0
    outer loop
      vertex 22 -3.04381 7.96677
      vertex 22 -16.9282 8
      vertex 22 -2.99743 8
    endloop
  endfacet
  facet normal -1 0 -0
    outer loop
      vertex 22 -17.391 7.06147
      vertex 22 -4.98929 4.32701
      vertex 22 -17.5754 6.57152
    endloop
  endfacet
  facet normal -1 0 0
    outer loop
      vertex 22 -3.53553 7.53553
      vertex 22 -16.9282 8
      vertex 22 -3.29673 7.7592
    endloop
  endfacet
  facet normal -1 0 0
    outer loop
      vertex 22 -3.7592 7.29673
      vertex 22 -16.9282 8
      vertex 22 -3.53553 7.53553
    endloop
  endfacet
  facet normal -1 0 0
    outer loop
      vertex 22 -3.96677 7.04381
      vertex 22 -16.9282 8
      vertex 22 -3.7592 7.29673
    endloop
  endfacet
  facet normal -1 0 -0
    outer loop
      vertex 22 -16.9282 8
      vertex 22 -4.98929 4.32701
      vertex 22 -17.175 7.53831
    endloop
  endfacet
  facet normal -1 0 0
    outer loop
      vertex 22 -4.15735 6.77785
      vertex 22 -16.9282 8
      vertex 22 -3.96677 7.04381
    endloop
  endfacet
  facet normal -1 0 0
    outer loop
      vertex 22 -4.98929 4.32701
      vertex 22 -16.9282 8
      vertex 22 -4.95722 4.65263
    endloop
  endfacet
  facet normal -1 0 0
    outer loop
      vertex 22 -4.33013 6.5
      vertex 22 -16.9282 8
      vertex 22 -4.15735 6.77785
    endloop
  endfacet
  facet normal -1 0 0
    outer loop
      vertex 22 -4.6194 5.91342
      vertex 22 -16.9282 8
      vertex 22 -4.48436 6.21144
    endloop
  endfacet
  facet normal -1 0 0
    outer loop
      vertex 22 -4.48436 6.21144
      vertex 22 -16.9282 8
      vertex 22 -4.33013 6.5
    endloop
  endfacet
  facet normal -1 0 0
    outer loop
      vertex 22 -4.82963 5.2941
      vertex 22 -16.9282 8
      vertex 22 -4.73465 5.6072
    endloop
  endfacet
  facet normal -1 0 0
    outer loop
      vertex 22 -4.73465 5.6072
      vertex 22 -16.9282 8
      vertex 22 -4.6194 5.91342
    endloop
  endfacet
  facet normal -1 0 0
    outer loop
      vertex 22 -4.90393 4.97545
      vertex 22 -16.9282 8
      vertex 22 -4.82963 5.2941
    endloop
  endfacet
  facet normal -1 0 0
    outer loop
      vertex 22 -4.95722 4.65263
      vertex 22 -16.9282 8
      vertex 22 -4.90393 4.97545
    endloop
  endfacet
  facet normal -1 0 -0
    outer loop
      vertex 22 -17.175 7.53831
      vertex 22 -4.98929 4.32701
      vertex 22 -17.391 7.06147
    endloop
  endfacet
  facet normal -1 0 0
    outer loop
      vertex 22 5 4
      vertex 22 9 4
      vertex 22 8.98073 3.41137
    endloop
  endfacet
  facet normal -1 0 0
    outer loop
      vertex 22 4.98929 3.67299
      vertex 22 8.98073 3.41137
      vertex 22 8.923 2.82526
    endloop
  endfacet
  facet normal -1 0 0
    outer loop
      vertex 22 9 4
      vertex 22 5 4
      vertex 22 8.98073 4.58863
    endloop
  endfacet
  facet normal -1 0 0
    outer loop
      vertex 22 4.95722 3.34737
      vertex 22 8.923 2.82526
      vertex 22 8.82707 2.24419
    endloop
  endfacet
  facet normal -1 0 0
    outer loop
      vertex 22 4.98929 4.32701
      vertex 22 8.98073 4.58863
      vertex 22 5 4
    endloop
  endfacet
  facet normal -1 0 0
    outer loop
      vertex 22 4.90393 3.02455
      vertex 22 8.82707 2.24419
      vertex 22 8.69333 1.67063
    endloop
  endfacet
  facet normal -1 -0 0
    outer loop
      vertex 22 8.98073 4.58863
      vertex 22 4.98929 4.32701
      vertex 22 8.923 5.17474
    endloop
  endfacet
  facet normal -1 0 0
    outer loop
      vertex 22 4.82963 2.7059
      vertex 22 8.69333 1.67063
      vertex 22 8.52237 1.10705
    endloop
  endfacet
  facet normal -1 0 0
    outer loop
      vertex 22 4.95722 4.65263
      vertex 22 8.923 5.17474
      vertex 22 4.98929 4.32701
    endloop
  endfacet
  facet normal -1 0 0
    outer loop
      vertex 22 4.73465 2.3928
      vertex 22 8.52237 1.10705
      vertex 22 8.31492 0.55585
    endloop
  endfacet
  facet normal -1 -0 0
    outer loop
      vertex 22 8.923 5.17474
      vertex 22 4.95722 4.65263
      vertex 22 8.82707 5.75581
    endloop
  endfacet
  facet normal -1 0 0
    outer loop
      vertex 22 4.6194 2.08658
      vertex 22 8.31492 0.55585
      vertex 22 8.07185 0.0194025
    endloop
  endfacet
  facet normal -1 0 0
    outer loop
      vertex 22 4.90393 4.97545
      vertex 22 8.82707 5.75581
      vertex 22 4.95722 4.65263
    endloop
  endfacet
  facet normal -1 0 0
    outer loop
      vertex 22 4.48436 1.78856
      vertex 22 8.07185 0.0194025
      vertex 22 8.06148 0
    endloop
  endfacet
  facet normal -1 -0 0
    outer loop
      vertex 22 8.82707 5.75581
      vertex 22 4.90393 4.97545
      vertex 22 8.69333 6.32937
    endloop
  endfacet
  facet normal -1 0 0
    outer loop
      vertex 22 4.82963 5.2941
      vertex 22 8.69333 6.32937
      vertex 22 4.90393 4.97545
    endloop
  endfacet
  facet normal -1 0 0
    outer loop
      vertex 22 8.98073 3.41137
      vertex 22 4.98929 3.67299
      vertex 22 5 4
    endloop
  endfacet
  facet normal -1 0 0
    outer loop
      vertex 22 8.923 2.82526
      vertex 22 4.95722 3.34737
      vertex 22 4.98929 3.67299
    endloop
  endfacet
  facet normal -1 0 0
    outer loop
      vertex 22 8.82707 2.24419
      vertex 22 4.90393 3.02455
      vertex 22 4.95722 3.34737
    endloop
  endfacet
  facet normal -1 0 0
    outer loop
      vertex 22 8.69333 1.67063
      vertex 22 4.82963 2.7059
      vertex 22 4.90393 3.02455
    endloop
  endfacet
  facet normal -1 0 0
    outer loop
      vertex 22 8.52237 1.10705
      vertex 22 4.73465 2.3928
      vertex 22 4.82963 2.7059
    endloop
  endfacet
  facet normal -1 0 0
    outer loop
      vertex 22 8.31492 0.55585
      vertex 22 4.6194 2.08658
      vertex 22 4.73465 2.3928
    endloop
  endfacet
  facet normal -1 0 0
    outer loop
      vertex 22 8.07185 0.0194025
      vertex 22 4.48436 1.78856
      vertex 22 4.6194 2.08658
    endloop
  endfacet
  facet normal -1 0 0
    outer loop
      vertex 22 8.06148 0
      vertex 22 4.33013 1.5
      vertex 22 4.48436 1.78856
    endloop
  endfacet
  facet normal -1 0 0
    outer loop
      vertex 22 8.06148 0
      vertex 22 4.15735 1.22215
      vertex 22 4.33013 1.5
    endloop
  endfacet
  facet normal -1 0 0
    outer loop
      vertex 22 8.06148 0
      vertex 22 3.96677 0.956193
      vertex 22 4.15735 1.22215
    endloop
  endfacet
  facet normal -1 0 0
    outer loop
      vertex 22 8.06148 0
      vertex 22 3.7592 0.703272
      vertex 22 3.96677 0.956193
    endloop
  endfacet
  facet normal -1 0 0
    outer loop
      vertex 22 8.06148 0
      vertex 22 3.53553 0.464466
      vertex 22 3.7592 0.703272
    endloop
  endfacet
  facet normal -1 0 0
    outer loop
      vertex 22 8.06148 0
      vertex 22 3.29673 0.240802
      vertex 22 3.53553 0.464466
    endloop
  endfacet
  facet normal -1 0 0
    outer loop
      vertex 22 8.06148 0
      vertex 22 3.04381 0.0332336
      vertex 22 3.29673 0.240802
    endloop
  endfacet
  facet normal -1 0 -0
    outer loop
      vertex 22 3.04381 0.0332336
      vertex 22 8.06148 0
      vertex 22 2.99743 0
    endloop
  endfacet
  facet normal -1 -0 0
    outer loop
      vertex 22 8.69333 6.32937
      vertex 22 4.82963 5.2941
      vertex 22 8.52237 6.89295
    endloop
  endfacet
  facet normal -1 0 0
    outer loop
      vertex 22 4.73465 5.6072
      vertex 22 8.52237 6.89295
      vertex 22 4.82963 5.2941
    endloop
  endfacet
  facet normal -1 -0 0
    outer loop
      vertex 22 8.52237 6.89295
      vertex 22 4.73465 5.6072
      vertex 22 8.31492 7.44415
    endloop
  endfacet
  facet normal -1 0 0
    outer loop
      vertex 22 4.6194 5.91342
      vertex 22 8.31492 7.44415
      vertex 22 4.73465 5.6072
    endloop
  endfacet
  facet normal -1 -0 0
    outer loop
      vertex 22 8.31492 7.44415
      vertex 22 4.6194 5.91342
      vertex 22 8.07185 7.9806
    endloop
  endfacet
  facet normal -1 0 0
    outer loop
      vertex 22 4.48436 6.21144
      vertex 22 8.07185 7.9806
      vertex 22 4.6194 5.91342
    endloop
  endfacet
  facet normal -1 -0 0
    outer loop
      vertex 22 8.07185 7.9806
      vertex 22 4.48436 6.21144
      vertex 22 8.06148 8
    endloop
  endfacet
  facet normal -1 0 0
    outer loop
      vertex 22 4.33013 6.5
      vertex 22 8.06148 8
      vertex 22 4.48436 6.21144
    endloop
  endfacet
  facet normal -1 0 0
    outer loop
      vertex 22 4.15735 6.77785
      vertex 22 8.06148 8
      vertex 22 4.33013 6.5
    endloop
  endfacet
  facet normal -1 0 0
    outer loop
      vertex 22 3.96677 7.04381
      vertex 22 8.06148 8
      vertex 22 4.15735 6.77785
    endloop
  endfacet
  facet normal -1 0 0
    outer loop
      vertex 22 3.7592 7.29673
      vertex 22 8.06148 8
      vertex 22 3.96677 7.04381
    endloop
  endfacet
  facet normal -1 0 0
    outer loop
      vertex 22 3.53553 7.53553
      vertex 22 8.06148 8
      vertex 22 3.7592 7.29673
    endloop
  endfacet
  facet normal -1 0 0
    outer loop
      vertex 22 3.29673 7.7592
      vertex 22 8.06148 8
      vertex 22 3.53553 7.53553
    endloop
  endfacet
  facet normal -1 0 0
    outer loop
      vertex 22 3.04381 7.96677
      vertex 22 8.06148 8
      vertex 22 3.29673 7.7592
    endloop
  endfacet
  facet normal -1 -0 0
    outer loop
      vertex 22 8.06148 8
      vertex 22 3.04381 7.96677
      vertex 22 2.99743 8
    endloop
  endfacet
  facet normal 0 -0.956923 0.290341
    outer loop
      vertex 22 -17.7274 6.07055
      vertex 27 -17.5754 6.57152
      vertex 22 -17.5754 6.57152
    endloop
  endfacet
  facet normal 0 -0.956923 0.290341
    outer loop
      vertex 27 -17.5754 6.57152
      vertex 22 -17.7274 6.07055
      vertex 27 -17.7274 6.07055
    endloop
  endfacet
  facet normal 0 0.999465 0.0327195
    outer loop
      vertex 42 9 4
      vertex 37 8.98073 4.58863
      vertex 42 8.98073 4.58863
    endloop
  endfacet
  facet normal 0 0.999465 0.0327195
    outer loop
      vertex 37 8.98073 4.58863
      vertex 42 9 4
      vertex 37 9 4
    endloop
  endfacet
  facet normal 0 -0.999466 0.0326648
    outer loop
      vertex 37 -18 4
      vertex 42 -17.9829 4.52322
      vertex 37 -17.9829 4.52322
    endloop
  endfacet
  facet normal 0 -0.999466 0.0326648
    outer loop
      vertex 42 -17.9829 4.52322
      vertex 37 -18 4
      vertex 42 -18 4
    endloop
  endfacet
  facet normal 0 0.973875 0.227084
    outer loop
      vertex 42 8.82707 5.75581
      vertex 37 8.69333 6.32937
      vertex 42 8.69333 6.32937
    endloop
  endfacet
  facet normal 0 0.973875 0.227084
    outer loop
      vertex 37 8.69333 6.32937
      vertex 42 8.82707 5.75581
      vertex 37 8.82707 5.75581
    endloop
  endfacet
  facet normal 0 0.995184 0.0980225
    outer loop
      vertex 42 8.98073 4.58863
      vertex 37 8.923 5.17474
      vertex 42 8.923 5.17474
    endloop
  endfacet
  facet normal 0 0.995184 0.0980225
    outer loop
      vertex 37 8.923 5.17474
      vertex 42 8.98073 4.58863
      vertex 37 8.98073 4.58863
    endloop
  endfacet
  facet normal 0 -0.935909 0.352243
    outer loop
      vertex 37 -17.5754 6.57152
      vertex 42 -17.391 7.06147
      vertex 37 -17.391 7.06147
    endloop
  endfacet
  facet normal 0 -0.935909 0.352243
    outer loop
      vertex 42 -17.391 7.06147
      vertex 37 -17.5754 6.57152
      vertex 42 -17.5754 6.57152
    endloop
  endfacet
  facet normal 0 -0.956923 -0.290341
    outer loop
      vertex 37 -17.5754 1.42848
      vertex 42 -17.7274 1.92945
      vertex 37 -17.7274 1.92945
    endloop
  endfacet
  facet normal 0 -0.956923 -0.290341
    outer loop
      vertex 42 -17.7274 1.92945
      vertex 37 -17.5754 1.42848
      vertex 42 -17.5754 1.42848
    endloop
  endfacet
  facet normal 0 0.93591 -0.35224
    outer loop
      vertex 42 8.31492 0.55585
      vertex 37 8.52237 1.10705
      vertex 42 8.52237 1.10705
    endloop
  endfacet
  facet normal 0 0.93591 -0.35224
    outer loop
      vertex 37 8.52237 1.10705
      vertex 42 8.31492 0.55585
      vertex 37 8.31492 0.55585
    endloop
  endfacet
  facet normal 0 0.881912 0.471414
    outer loop
      vertex 42 8.07185 7.9806
      vertex 37 8.06148 8
      vertex 42 8.06148 8
    endloop
  endfacet
  facet normal 0 0.881912 0.471414
    outer loop
      vertex 37 8.06148 8
      vertex 42 8.07185 7.9806
      vertex 37 8.07185 7.9806
    endloop
  endfacet
  facet normal 0 0.986645 -0.162887
    outer loop
      vertex 42 8.82707 2.24419
      vertex 37 8.923 2.82526
      vertex 42 8.923 2.82526
    endloop
  endfacet
  facet normal 0 0.986645 -0.162887
    outer loop
      vertex 37 8.923 2.82526
      vertex 42 8.82707 2.24419
      vertex 37 8.82707 2.24419
    endloop
  endfacet
  facet normal 0 0.881937 -0.471367
    outer loop
      vertex 42 8.06148 0
      vertex 37 8.07185 0.0194025
      vertex 42 8.07185 0.0194025
    endloop
  endfacet
  facet normal 0 0.881937 -0.471367
    outer loop
      vertex 37 8.07185 0.0194025
      vertex 42 8.06148 0
      vertex 37 8.06148 0
    endloop
  endfacet
  facet normal 0 0.995184 -0.0980225
    outer loop
      vertex 42 8.923 2.82526
      vertex 37 8.98073 3.41137
      vertex 42 8.98073 3.41137
    endloop
  endfacet
  facet normal 0 0.995184 -0.0980225
    outer loop
      vertex 37 8.98073 3.41137
      vertex 42 8.923 2.82526
      vertex 37 8.923 2.82526
    endloop
  endfacet
  facet normal -1 0 0
    outer loop
      vertex 37 -5 4
      vertex 37 9 4
      vertex 37 8.98073 3.41137
    endloop
  endfacet
  facet normal -1 0 0
    outer loop
      vertex 37 -5 4
      vertex 37 8.98073 3.41137
      vertex 37 8.923 2.82526
    endloop
  endfacet
  facet normal -1 0 0
    outer loop
      vertex 37 9 4
      vertex 37 -5 4
      vertex 37 8.98073 4.58863
    endloop
  endfacet
  facet normal -1 0 0
    outer loop
      vertex 37 -5 4
      vertex 37 8.923 2.82526
      vertex 37 8.82707 2.24419
    endloop
  endfacet
  facet normal -1 -0 0
    outer loop
      vertex 37 8.98073 4.58863
      vertex 37 -5 4
      vertex 37 8.923 5.17474
    endloop
  endfacet
  facet normal -1 0 0
    outer loop
      vertex 37 -5 4
      vertex 37 8.82707 2.24419
      vertex 37 8.69333 1.67063
    endloop
  endfacet
  facet normal -1 -0 0
    outer loop
      vertex 37 8.923 5.17474
      vertex 37 -5 4
      vertex 37 8.82707 5.75581
    endloop
  endfacet
  facet normal -1 0 0
    outer loop
      vertex 37 -5.0107 3.67299
      vertex 37 8.69333 1.67063
      vertex 37 8.52237 1.10705
    endloop
  endfacet
  facet normal -1 -0 0
    outer loop
      vertex 37 8.82707 5.75581
      vertex 37 -5 4
      vertex 37 8.69333 6.32937
    endloop
  endfacet
  facet normal -1 0 0
    outer loop
      vertex 37 -5.0107 3.67299
      vertex 37 8.52237 1.10705
      vertex 37 8.31492 0.55585
    endloop
  endfacet
  facet normal -1 0 0
    outer loop
      vertex 37 -5.0107 4.32701
      vertex 37 8.69333 6.32937
      vertex 37 -5 4
    endloop
  endfacet
  facet normal -1 0 0
    outer loop
      vertex 37 8.06148 0
      vertex 37 8.31492 0.55585
      vertex 37 8.07185 0.0194025
    endloop
  endfacet
  facet normal -1 -0 0
    outer loop
      vertex 37 8.69333 6.32937
      vertex 37 -5.0107 4.32701
      vertex 37 8.52237 6.89295
    endloop
  endfacet
  facet normal -1 -0 0
    outer loop
      vertex 37 8.31492 0.55585
      vertex 37 8.06148 0
      vertex 37 -5.0107 3.67299
    endloop
  endfacet
  facet normal -1 -0 0
    outer loop
      vertex 37 8.52237 6.89295
      vertex 37 -5.0107 4.32701
      vertex 37 8.31492 7.44415
    endloop
  endfacet
  facet normal -1 0 -0
    outer loop
      vertex 37 8.06148 8
      vertex 37 8.31492 7.44415
      vertex 37 -5.0107 4.32701
    endloop
  endfacet
  facet normal -1 0 0
    outer loop
      vertex 37 8.69333 1.67063
      vertex 37 -5.0107 3.67299
      vertex 37 -5 4
    endloop
  endfacet
  facet normal -1 0 0
    outer loop
      vertex 37 8.06148 0
      vertex 37 -5.04278 3.34737
      vertex 37 -5.0107 3.67299
    endloop
  endfacet
  facet normal -1 0 0
    outer loop
      vertex 37 8.06148 0
      vertex 37 -5.09607 3.02455
      vertex 37 -5.04278 3.34737
    endloop
  endfacet
  facet normal -1 0 0
    outer loop
      vertex 37 8.06148 0
      vertex 37 -5.17037 2.7059
      vertex 37 -5.09607 3.02455
    endloop
  endfacet
  facet normal -1 0 0
    outer loop
      vertex 37 8.06148 0
      vertex 37 -5.26535 2.3928
      vertex 37 -5.17037 2.7059
    endloop
  endfacet
  facet normal -1 0 0
    outer loop
      vertex 37 8.06148 0
      vertex 37 -5.3806 2.08658
      vertex 37 -5.26535 2.3928
    endloop
  endfacet
  facet normal -1 0 0
    outer loop
      vertex 37 8.06148 0
      vertex 37 -5.51564 1.78856
      vertex 37 -5.3806 2.08658
    endloop
  endfacet
  facet normal -1 0 0
    outer loop
      vertex 37 8.06148 0
      vertex 37 -5.66987 1.5
      vertex 37 -5.51564 1.78856
    endloop
  endfacet
  facet normal -1 0 0
    outer loop
      vertex 37 8.06148 0
      vertex 37 -5.84265 1.22215
      vertex 37 -5.66987 1.5
    endloop
  endfacet
  facet normal -1 0 0
    outer loop
      vertex 37 8.06148 0
      vertex 37 -6.03323 0.956193
      vertex 37 -5.84265 1.22215
    endloop
  endfacet
  facet normal -1 0 0
    outer loop
      vertex 37 8.06148 0
      vertex 37 -6.2408 0.703272
      vertex 37 -6.03323 0.956193
    endloop
  endfacet
  facet normal -1 0 0
    outer loop
      vertex 37 8.06148 0
      vertex 37 -6.46447 0.464466
      vertex 37 -6.2408 0.703272
    endloop
  endfacet
  facet normal -1 0 0
    outer loop
      vertex 37 8.06148 0
      vertex 37 -6.70327 0.240802
      vertex 37 -6.46447 0.464466
    endloop
  endfacet
  facet normal -1 0 0
    outer loop
      vertex 37 8.06148 0
      vertex 37 -6.95619 0.0332336
      vertex 37 -6.70327 0.240802
    endloop
  endfacet
  facet normal -1 0 -0
    outer loop
      vertex 37 -6.95619 0.0332336
      vertex 37 8.06148 0
      vertex 37 -7.00257 0
    endloop
  endfacet
  facet normal -1 0 0
    outer loop
      vertex 37 8.31492 7.44415
      vertex 37 8.06148 8
      vertex 37 8.07185 7.9806
    endloop
  endfacet
  facet normal -1 0 0
    outer loop
      vertex 37 -5.04278 4.65263
      vertex 37 8.06148 8
      vertex 37 -5.0107 4.32701
    endloop
  endfacet
  facet normal -1 0 0
    outer loop
      vertex 37 -5.09607 4.97545
      vertex 37 8.06148 8
      vertex 37 -5.04278 4.65263
    endloop
  endfacet
  facet normal -1 0 0
    outer loop
      vertex 37 -5.17037 5.2941
      vertex 37 8.06148 8
      vertex 37 -5.09607 4.97545
    endloop
  endfacet
  facet normal -1 0 0
    outer loop
      vertex 37 -5.26535 5.6072
      vertex 37 8.06148 8
      vertex 37 -5.17037 5.2941
    endloop
  endfacet
  facet normal -1 0 0
    outer loop
      vertex 37 -5.3806 5.91342
      vertex 37 8.06148 8
      vertex 37 -5.26535 5.6072
    endloop
  endfacet
  facet normal -1 0 0
    outer loop
      vertex 37 -5.51564 6.21144
      vertex 37 8.06148 8
      vertex 37 -5.3806 5.91342
    endloop
  endfacet
  facet normal -1 0 0
    outer loop
      vertex 37 -5.66987 6.5
      vertex 37 8.06148 8
      vertex 37 -5.51564 6.21144
    endloop
  endfacet
  facet normal -1 0 0
    outer loop
      vertex 37 -5.84265 6.77785
      vertex 37 8.06148 8
      vertex 37 -5.66987 6.5
    endloop
  endfacet
  facet normal -1 0 0
    outer loop
      vertex 37 -6.03323 7.04381
      vertex 37 8.06148 8
      vertex 37 -5.84265 6.77785
    endloop
  endfacet
  facet normal -1 0 0
    outer loop
      vertex 37 -6.2408 7.29673
      vertex 37 8.06148 8
      vertex 37 -6.03323 7.04381
    endloop
  endfacet
  facet normal -1 0 0
    outer loop
      vertex 37 -6.46447 7.53553
      vertex 37 8.06148 8
      vertex 37 -6.2408 7.29673
    endloop
  endfacet
  facet normal -1 0 0
    outer loop
      vertex 37 -6.70327 7.7592
      vertex 37 8.06148 8
      vertex 37 -6.46447 7.53553
    endloop
  endfacet
  facet normal -1 0 0
    outer loop
      vertex 37 -6.95619 7.96677
      vertex 37 8.06148 8
      vertex 37 -6.70327 7.7592
    endloop
  endfacet
  facet normal -1 -0 0
    outer loop
      vertex 37 8.06148 8
      vertex 37 -6.95619 7.96677
      vertex 37 -7.00257 8
    endloop
  endfacet
  facet normal -1 0 0
    outer loop
      vertex 37 -17.7274 1.92945
      vertex 37 -14.8296 2.7059
      vertex 37 -17.5754 1.42848
    endloop
  endfacet
  facet normal -1 -0 0
    outer loop
      vertex 37 -14.7347 2.3928
      vertex 37 -17.5754 1.42848
      vertex 37 -14.8296 2.7059
    endloop
  endfacet
  facet normal -1 0 0
    outer loop
      vertex 37 -17.5754 1.42848
      vertex 37 -14.7347 2.3928
      vertex 37 -17.391 0.938533
    endloop
  endfacet
  facet normal -1 -0 0
    outer loop
      vertex 37 -14.6194 2.08658
      vertex 37 -17.391 0.938533
      vertex 37 -14.7347 2.3928
    endloop
  endfacet
  facet normal -1 0 0
    outer loop
      vertex 37 -17.391 0.938533
      vertex 37 -14.6194 2.08658
      vertex 37 -17.175 0.461691
    endloop
  endfacet
  facet normal -1 -0 0
    outer loop
      vertex 37 -14.4844 1.78856
      vertex 37 -17.175 0.461691
      vertex 37 -14.6194 2.08658
    endloop
  endfacet
  facet normal -1 0 0
    outer loop
      vertex 37 -17.175 0.461691
      vertex 37 -14.4844 1.78856
      vertex 37 -16.9282 0
    endloop
  endfacet
  facet normal -1 -0 0
    outer loop
      vertex 37 -14.3301 1.5
      vertex 37 -16.9282 0
      vertex 37 -14.4844 1.78856
    endloop
  endfacet
  facet normal -1 -0 0
    outer loop
      vertex 37 -14.1573 1.22215
      vertex 37 -16.9282 0
      vertex 37 -14.3301 1.5
    endloop
  endfacet
  facet normal -1 -0 0
    outer loop
      vertex 37 -13.9668 0.956193
      vertex 37 -16.9282 0
      vertex 37 -14.1573 1.22215
    endloop
  endfacet
  facet normal -1 -0 0
    outer loop
      vertex 37 -13.7592 0.703272
      vertex 37 -16.9282 0
      vertex 37 -13.9668 0.956193
    endloop
  endfacet
  facet normal -1 -0 0
    outer loop
      vertex 37 -13.5355 0.464466
      vertex 37 -16.9282 0
      vertex 37 -13.7592 0.703272
    endloop
  endfacet
  facet normal -1 -0 0
    outer loop
      vertex 37 -13.2967 0.240802
      vertex 37 -16.9282 0
      vertex 37 -13.5355 0.464466
    endloop
  endfacet
  facet normal -1 -0 0
    outer loop
      vertex 37 -13.0438 0.0332336
      vertex 37 -16.9282 0
      vertex 37 -13.2967 0.240802
    endloop
  endfacet
  facet normal -1 0 0
    outer loop
      vertex 37 -16.9282 0
      vertex 37 -13.0438 0.0332336
      vertex 37 -12.9974 0
    endloop
  endfacet
  facet normal -1 -0 0
    outer loop
      vertex 37 -14.8296 2.7059
      vertex 37 -17.7274 1.92945
      vertex 37 -14.9039 3.02455
    endloop
  endfacet
  facet normal -1 0 0
    outer loop
      vertex 37 -17.8463 2.43928
      vertex 37 -14.9039 3.02455
      vertex 37 -17.7274 1.92945
    endloop
  endfacet
  facet normal -1 -0 0
    outer loop
      vertex 37 -14.9039 3.02455
      vertex 37 -17.8463 2.43928
      vertex 37 -14.9572 3.34737
    endloop
  endfacet
  facet normal -1 0 0
    outer loop
      vertex 37 -17.9316 2.95579
      vertex 37 -14.9572 3.34737
      vertex 37 -17.8463 2.43928
    endloop
  endfacet
  facet normal -1 -0 0
    outer loop
      vertex 37 -14.9572 3.34737
      vertex 37 -17.9316 2.95579
      vertex 37 -14.9893 3.67299
    endloop
  endfacet
  facet normal -1 0 0
    outer loop
      vertex 37 -17.9829 3.47678
      vertex 37 -14.9893 3.67299
      vertex 37 -17.9316 2.95579
    endloop
  endfacet
  facet normal -1 0 0
    outer loop
      vertex 37 -13.0438 7.96677
      vertex 37 -16.9282 8
      vertex 37 -12.9974 8
    endloop
  endfacet
  facet normal -1 0 0
    outer loop
      vertex 37 -13.2967 7.7592
      vertex 37 -16.9282 8
      vertex 37 -13.0438 7.96677
    endloop
  endfacet
  facet normal -1 0 0
    outer loop
      vertex 37 -13.5355 7.53553
      vertex 37 -16.9282 8
      vertex 37 -13.2967 7.7592
    endloop
  endfacet
  facet normal -1 0 0
    outer loop
      vertex 37 -13.7592 7.29673
      vertex 37 -16.9282 8
      vertex 37 -13.5355 7.53553
    endloop
  endfacet
  facet normal -1 0 0
    outer loop
      vertex 37 -13.9668 7.04381
      vertex 37 -16.9282 8
      vertex 37 -13.7592 7.29673
    endloop
  endfacet
  facet normal -1 0 0
    outer loop
      vertex 37 -14.1573 6.77785
      vertex 37 -16.9282 8
      vertex 37 -13.9668 7.04381
    endloop
  endfacet
  facet normal -1 0 0
    outer loop
      vertex 37 -14.3301 6.5
      vertex 37 -16.9282 8
      vertex 37 -14.1573 6.77785
    endloop
  endfacet
  facet normal -1 0 0
    outer loop
      vertex 37 -14.4844 6.21144
      vertex 37 -16.9282 8
      vertex 37 -14.3301 6.5
    endloop
  endfacet
  facet normal -1 0 0
    outer loop
      vertex 37 -17.175 7.53831
      vertex 37 -14.4844 6.21144
      vertex 37 -14.6194 5.91342
    endloop
  endfacet
  facet normal -1 -0 0
    outer loop
      vertex 37 -14.9893 3.67299
      vertex 37 -17.9829 3.47678
      vertex 37 -15 4
    endloop
  endfacet
  facet normal -1 0 0
    outer loop
      vertex 37 -18 4
      vertex 37 -15 4
      vertex 37 -17.9829 3.47678
    endloop
  endfacet
  facet normal -1 0 0
    outer loop
      vertex 37 -14.4844 6.21144
      vertex 37 -17.175 7.53831
      vertex 37 -16.9282 8
    endloop
  endfacet
  facet normal -1 0 0
    outer loop
      vertex 37 -15 4
      vertex 37 -18 4
      vertex 37 -14.9893 4.32701
    endloop
  endfacet
  facet normal -1 0 0
    outer loop
      vertex 37 -14.6194 5.91342
      vertex 37 -17.391 7.06147
      vertex 37 -17.175 7.53831
    endloop
  endfacet
  facet normal -1 0 -0
    outer loop
      vertex 37 -17.9829 4.52322
      vertex 37 -14.9893 4.32701
      vertex 37 -18 4
    endloop
  endfacet
  facet normal -1 0 0
    outer loop
      vertex 37 -14.6194 5.91342
      vertex 37 -17.5754 6.57152
      vertex 37 -17.391 7.06147
    endloop
  endfacet
  facet normal -1 0 0
    outer loop
      vertex 37 -14.9893 4.32701
      vertex 37 -17.9829 4.52322
      vertex 37 -14.9572 4.65263
    endloop
  endfacet
  facet normal -1 0 0
    outer loop
      vertex 37 -14.7347 5.6072
      vertex 37 -17.5754 6.57152
      vertex 37 -14.6194 5.91342
    endloop
  endfacet
  facet normal -1 0 -0
    outer loop
      vertex 37 -17.9316 5.04421
      vertex 37 -14.9572 4.65263
      vertex 37 -17.9829 4.52322
    endloop
  endfacet
  facet normal -1 0 -0
    outer loop
      vertex 37 -17.5754 6.57152
      vertex 37 -14.7347 5.6072
      vertex 37 -17.7274 6.07055
    endloop
  endfacet
  facet normal -1 0 0
    outer loop
      vertex 37 -14.9572 4.65263
      vertex 37 -17.9316 5.04421
      vertex 37 -14.9039 4.97545
    endloop
  endfacet
  facet normal -1 0 0
    outer loop
      vertex 37 -14.8296 5.2941
      vertex 37 -17.7274 6.07055
      vertex 37 -14.7347 5.6072
    endloop
  endfacet
  facet normal -1 0 -0
    outer loop
      vertex 37 -17.8463 5.56072
      vertex 37 -14.9039 4.97545
      vertex 37 -17.9316 5.04421
    endloop
  endfacet
  facet normal -1 0 -0
    outer loop
      vertex 37 -17.7274 6.07055
      vertex 37 -14.8296 5.2941
      vertex 37 -17.8463 5.56072
    endloop
  endfacet
  facet normal -1 0 0
    outer loop
      vertex 37 -14.9039 4.97545
      vertex 37 -17.8463 5.56072
      vertex 37 -14.8296 5.2941
    endloop
  endfacet
  facet normal 0 -0.986636 -0.16294
    outer loop
      vertex 37 -17.8463 2.43928
      vertex 42 -17.9316 2.95579
      vertex 37 -17.9316 2.95579
    endloop
  endfacet
  facet normal 0 -0.986636 -0.16294
    outer loop
      vertex 42 -17.9316 2.95579
      vertex 37 -17.8463 2.43928
      vertex 42 -17.8463 2.43928
    endloop
  endfacet
  facet normal 0 -0.973867 0.22712
    outer loop
      vertex 37 -17.8463 5.56072
      vertex 42 -17.7274 6.07055
      vertex 37 -17.7274 6.07055
    endloop
  endfacet
  facet normal 0 -0.973867 0.22712
    outer loop
      vertex 42 -17.7274 6.07055
      vertex 37 -17.8463 5.56072
      vertex 42 -17.8463 5.56072
    endloop
  endfacet
  facet normal 0 0.910859 0.412718
    outer loop
      vertex 42 8.31492 7.44415
      vertex 37 8.07185 7.9806
      vertex 42 8.07185 7.9806
    endloop
  endfacet
  facet normal 0 0.910859 0.412718
    outer loop
      vertex 37 8.07185 7.9806
      vertex 42 8.31492 7.44415
      vertex 37 8.31492 7.44415
    endloop
  endfacet
  facet normal 0 0.999465 -0.0327195
    outer loop
      vertex 42 8.98073 3.41137
      vertex 37 9 4
      vertex 42 9 4
    endloop
  endfacet
  facet normal 0 0.999465 -0.0327195
    outer loop
      vertex 37 9 4
      vertex 42 8.98073 3.41137
      vertex 37 8.98073 3.41137
    endloop
  endfacet
  facet normal 0 -0.999466 -0.0326648
    outer loop
      vertex 37 -17.9829 3.47678
      vertex 42 -18 4
      vertex 37 -18 4
    endloop
  endfacet
  facet normal 0 -0.999466 -0.0326648
    outer loop
      vertex 42 -18 4
      vertex 37 -17.9829 3.47678
      vertex 42 -17.9829 3.47678
    endloop
  endfacet
  facet normal 0 -0.973867 -0.22712
    outer loop
      vertex 37 -17.7274 1.92945
      vertex 42 -17.8463 2.43928
      vertex 37 -17.8463 2.43928
    endloop
  endfacet
  facet normal 0 -0.973867 -0.22712
    outer loop
      vertex 42 -17.8463 2.43928
      vertex 37 -17.7274 1.92945
      vertex 42 -17.7274 1.92945
    endloop
  endfacet
  facet normal 0 0.95694 -0.290284
    outer loop
      vertex 42 8.52237 1.10705
      vertex 37 8.69333 1.67063
      vertex 42 8.69333 1.67063
    endloop
  endfacet
  facet normal 0 0.95694 -0.290284
    outer loop
      vertex 37 8.69333 1.67063
      vertex 42 8.52237 1.10705
      vertex 37 8.52237 1.10705
    endloop
  endfacet
  facet normal 0 0.95694 0.290284
    outer loop
      vertex 42 8.69333 6.32937
      vertex 37 8.52237 6.89295
      vertex 42 8.52237 6.89295
    endloop
  endfacet
  facet normal 0 0.95694 0.290284
    outer loop
      vertex 37 8.52237 6.89295
      vertex 42 8.69333 6.32937
      vertex 37 8.69333 6.32937
    endloop
  endfacet
  facet normal 0 -0.910903 -0.412621
    outer loop
      vertex 37 -17.175 0.461691
      vertex 42 -17.391 0.938533
      vertex 37 -17.391 0.938533
    endloop
  endfacet
  facet normal 0 -0.910903 -0.412621
    outer loop
      vertex 42 -17.391 0.938533
      vertex 37 -17.175 0.461691
      vertex 42 -17.175 0.461691
    endloop
  endfacet
  facet normal 0 -0.995187 -0.0979925
    outer loop
      vertex 37 -17.9316 2.95579
      vertex 42 -17.9829 3.47678
      vertex 37 -17.9829 3.47678
    endloop
  endfacet
  facet normal 0 -0.995187 -0.0979925
    outer loop
      vertex 42 -17.9829 3.47678
      vertex 37 -17.9316 2.95579
      vertex 42 -17.9316 2.95579
    endloop
  endfacet
  facet normal 0 0.910858 -0.412719
    outer loop
      vertex 42 8.07185 0.0194025
      vertex 37 8.31492 0.55585
      vertex 42 8.31492 0.55585
    endloop
  endfacet
  facet normal 0 0.910858 -0.412719
    outer loop
      vertex 37 8.31492 0.55585
      vertex 42 8.07185 0.0194025
      vertex 37 8.07185 0.0194025
    endloop
  endfacet
  facet normal 0 0.986645 0.162887
    outer loop
      vertex 42 8.923 5.17474
      vertex 37 8.82707 5.75581
      vertex 42 8.82707 5.75581
    endloop
  endfacet
  facet normal 0 0.986645 0.162887
    outer loop
      vertex 37 8.82707 5.75581
      vertex 42 8.923 5.17474
      vertex 37 8.923 5.17474
    endloop
  endfacet
  facet normal 0 0.93591 0.35224
    outer loop
      vertex 42 8.52237 6.89295
      vertex 37 8.31492 7.44415
      vertex 42 8.31492 7.44415
    endloop
  endfacet
  facet normal 0 0.93591 0.35224
    outer loop
      vertex 37 8.31492 7.44415
      vertex 42 8.52237 6.89295
      vertex 37 8.52237 6.89295
    endloop
  endfacet
  facet normal 0 -0.995187 0.0979925
    outer loop
      vertex 37 -17.9829 4.52322
      vertex 42 -17.9316 5.04421
      vertex 37 -17.9316 5.04421
    endloop
  endfacet
  facet normal 0 -0.995187 0.0979925
    outer loop
      vertex 42 -17.9316 5.04421
      vertex 37 -17.9829 4.52322
      vertex 42 -17.9829 4.52322
    endloop
  endfacet
  facet normal 0 -0.881905 -0.471428
    outer loop
      vertex 37 -16.9282 0
      vertex 42 -17.175 0.461691
      vertex 37 -17.175 0.461691
    endloop
  endfacet
  facet normal 0 -0.881905 -0.471428
    outer loop
      vertex 42 -17.175 0.461691
      vertex 37 -16.9282 0
      vertex 42 -16.9282 0
    endloop
  endfacet
  facet normal 1 0 0
    outer loop
      vertex 42 5 4
      vertex 42 9 4
      vertex 42 8.98073 4.58863
    endloop
  endfacet
  facet normal 1 0 0
    outer loop
      vertex 42 4.98929 4.32701
      vertex 42 8.98073 4.58863
      vertex 42 8.923 5.17474
    endloop
  endfacet
  facet normal 1 0 0
    outer loop
      vertex 42 9 4
      vertex 42 5 4
      vertex 42 8.98073 3.41137
    endloop
  endfacet
  facet normal 1 0 0
    outer loop
      vertex 42 4.95722 4.65263
      vertex 42 8.923 5.17474
      vertex 42 8.82707 5.75581
    endloop
  endfacet
  facet normal 1 -0 0
    outer loop
      vertex 42 4.98929 3.67299
      vertex 42 8.98073 3.41137
      vertex 42 5 4
    endloop
  endfacet
  facet normal 1 0 0
    outer loop
      vertex 42 4.90393 4.97545
      vertex 42 8.82707 5.75581
      vertex 42 8.69333 6.32937
    endloop
  endfacet
  facet normal 1 0 0
    outer loop
      vertex 42 8.98073 3.41137
      vertex 42 4.98929 3.67299
      vertex 42 8.923 2.82526
    endloop
  endfacet
  facet normal 1 0 0
    outer loop
      vertex 42 4.82963 5.2941
      vertex 42 8.69333 6.32937
      vertex 42 8.52237 6.89295
    endloop
  endfacet
  facet normal 1 -0 0
    outer loop
      vertex 42 4.95722 3.34737
      vertex 42 8.923 2.82526
      vertex 42 4.98929 3.67299
    endloop
  endfacet
  facet normal 1 0 0
    outer loop
      vertex 42 4.73465 5.6072
      vertex 42 8.52237 6.89295
      vertex 42 8.31492 7.44415
    endloop
  endfacet
  facet normal 1 0 0
    outer loop
      vertex 42 8.923 2.82526
      vertex 42 4.95722 3.34737
      vertex 42 8.82707 2.24419
    endloop
  endfacet
  facet normal 1 0 0
    outer loop
      vertex 42 4.6194 5.91342
      vertex 42 8.31492 7.44415
      vertex 42 8.07185 7.9806
    endloop
  endfacet
  facet normal 1 -0 0
    outer loop
      vertex 42 4.90393 3.02455
      vertex 42 8.82707 2.24419
      vertex 42 4.95722 3.34737
    endloop
  endfacet
  facet normal 1 0 0
    outer loop
      vertex 42 4.48436 6.21144
      vertex 42 8.07185 7.9806
      vertex 42 8.06148 8
    endloop
  endfacet
  facet normal 1 0 0
    outer loop
      vertex 42 8.82707 2.24419
      vertex 42 4.90393 3.02455
      vertex 42 8.69333 1.67063
    endloop
  endfacet
  facet normal 1 -0 0
    outer loop
      vertex 42 4.82963 2.7059
      vertex 42 8.69333 1.67063
      vertex 42 4.90393 3.02455
    endloop
  endfacet
  facet normal 1 0 0
    outer loop
      vertex 42 8.98073 4.58863
      vertex 42 4.98929 4.32701
      vertex 42 5 4
    endloop
  endfacet
  facet normal 1 0 0
    outer loop
      vertex 42 8.923 5.17474
      vertex 42 4.95722 4.65263
      vertex 42 4.98929 4.32701
    endloop
  endfacet
  facet normal 1 0 0
    outer loop
      vertex 42 8.82707 5.75581
      vertex 42 4.90393 4.97545
      vertex 42 4.95722 4.65263
    endloop
  endfacet
  facet normal 1 0 0
    outer loop
      vertex 42 8.69333 6.32937
      vertex 42 4.82963 5.2941
      vertex 42 4.90393 4.97545
    endloop
  endfacet
  facet normal 1 0 0
    outer loop
      vertex 42 8.52237 6.89295
      vertex 42 4.73465 5.6072
      vertex 42 4.82963 5.2941
    endloop
  endfacet
  facet normal 1 0 0
    outer loop
      vertex 42 8.31492 7.44415
      vertex 42 4.6194 5.91342
      vertex 42 4.73465 5.6072
    endloop
  endfacet
  facet normal 1 0 0
    outer loop
      vertex 42 8.07185 7.9806
      vertex 42 4.48436 6.21144
      vertex 42 4.6194 5.91342
    endloop
  endfacet
  facet normal 1 0 0
    outer loop
      vertex 42 8.06148 8
      vertex 42 4.33013 6.5
      vertex 42 4.48436 6.21144
    endloop
  endfacet
  facet normal 1 0 0
    outer loop
      vertex 42 8.06148 8
      vertex 42 4.15735 6.77785
      vertex 42 4.33013 6.5
    endloop
  endfacet
  facet normal 1 0 0
    outer loop
      vertex 42 8.06148 8
      vertex 42 3.96677 7.04381
      vertex 42 4.15735 6.77785
    endloop
  endfacet
  facet normal 1 0 0
    outer loop
      vertex 42 8.06148 8
      vertex 42 3.7592 7.29673
      vertex 42 3.96677 7.04381
    endloop
  endfacet
  facet normal 1 0 0
    outer loop
      vertex 42 8.06148 8
      vertex 42 3.53553 7.53553
      vertex 42 3.7592 7.29673
    endloop
  endfacet
  facet normal 1 0 0
    outer loop
      vertex 42 8.06148 8
      vertex 42 3.29673 7.7592
      vertex 42 3.53553 7.53553
    endloop
  endfacet
  facet normal 1 0 0
    outer loop
      vertex 42 8.06148 8
      vertex 42 3.04381 7.96677
      vertex 42 3.29673 7.7592
    endloop
  endfacet
  facet normal 1 0 -0
    outer loop
      vertex 42 3.04381 7.96677
      vertex 42 8.06148 8
      vertex 42 2.99743 8
    endloop
  endfacet
  facet normal 1 0 0
    outer loop
      vertex 42 8.69333 1.67063
      vertex 42 4.82963 2.7059
      vertex 42 8.52237 1.10705
    endloop
  endfacet
  facet normal 1 -0 0
    outer loop
      vertex 42 4.73465 2.3928
      vertex 42 8.52237 1.10705
      vertex 42 4.82963 2.7059
    endloop
  endfacet
  facet normal 1 0 0
    outer loop
      vertex 42 8.52237 1.10705
      vertex 42 4.73465 2.3928
      vertex 42 8.31492 0.55585
    endloop
  endfacet
  facet normal 1 -0 0
    outer loop
      vertex 42 4.6194 2.08658
      vertex 42 8.31492 0.55585
      vertex 42 4.73465 2.3928
    endloop
  endfacet
  facet normal 1 0 0
    outer loop
      vertex 42 8.31492 0.55585
      vertex 42 4.6194 2.08658
      vertex 42 8.07185 0.0194025
    endloop
  endfacet
  facet normal 1 -0 0
    outer loop
      vertex 42 4.48436 1.78856
      vertex 42 8.07185 0.0194025
      vertex 42 4.6194 2.08658
    endloop
  endfacet
  facet normal 1 0 0
    outer loop
      vertex 42 8.07185 0.0194025
      vertex 42 4.48436 1.78856
      vertex 42 8.06148 0
    endloop
  endfacet
  facet normal 1 -0 0
    outer loop
      vertex 42 4.33013 1.5
      vertex 42 8.06148 0
      vertex 42 4.48436 1.78856
    endloop
  endfacet
  facet normal 1 -0 0
    outer loop
      vertex 42 4.15735 1.22215
      vertex 42 8.06148 0
      vertex 42 4.33013 1.5
    endloop
  endfacet
  facet normal 1 -0 0
    outer loop
      vertex 42 3.96677 0.956193
      vertex 42 8.06148 0
      vertex 42 4.15735 1.22215
    endloop
  endfacet
  facet normal 1 -0 0
    outer loop
      vertex 42 3.7592 0.703272
      vertex 42 8.06148 0
      vertex 42 3.96677 0.956193
    endloop
  endfacet
  facet normal 1 -0 0
    outer loop
      vertex 42 3.53553 0.464466
      vertex 42 8.06148 0
      vertex 42 3.7592 0.703272
    endloop
  endfacet
  facet normal 1 -0 0
    outer loop
      vertex 42 3.29673 0.240802
      vertex 42 8.06148 0
      vertex 42 3.53553 0.464466
    endloop
  endfacet
  facet normal 1 -0 0
    outer loop
      vertex 42 3.04381 0.0332336
      vertex 42 8.06148 0
      vertex 42 3.29673 0.240802
    endloop
  endfacet
  facet normal 1 0 0
    outer loop
      vertex 42 8.06148 0
      vertex 42 3.04381 0.0332336
      vertex 42 2.99743 0
    endloop
  endfacet
  facet normal 1 -0 0
    outer loop
      vertex 42 -17.175 7.53831
      vertex 42 -4.98929 4.32701
      vertex 42 -16.9282 8
    endloop
  endfacet
  facet normal 1 0 0
    outer loop
      vertex 42 -4.95722 4.65263
      vertex 42 -16.9282 8
      vertex 42 -4.98929 4.32701
    endloop
  endfacet
  facet normal 1 0 0
    outer loop
      vertex 42 -4.90393 4.97545
      vertex 42 -16.9282 8
      vertex 42 -4.95722 4.65263
    endloop
  endfacet
  facet normal 1 0 0
    outer loop
      vertex 42 -4.82963 5.2941
      vertex 42 -16.9282 8
      vertex 42 -4.90393 4.97545
    endloop
  endfacet
  facet normal 1 0 0
    outer loop
      vertex 42 -4.73465 5.6072
      vertex 42 -16.9282 8
      vertex 42 -4.82963 5.2941
    endloop
  endfacet
  facet normal 1 0 0
    outer loop
      vertex 42 -4.6194 5.91342
      vertex 42 -16.9282 8
      vertex 42 -4.73465 5.6072
    endloop
  endfacet
  facet normal 1 0 0
    outer loop
      vertex 42 -4.48436 6.21144
      vertex 42 -16.9282 8
      vertex 42 -4.6194 5.91342
    endloop
  endfacet
  facet normal 1 0 0
    outer loop
      vertex 42 -4.33013 6.5
      vertex 42 -16.9282 8
      vertex 42 -4.48436 6.21144
    endloop
  endfacet
  facet normal 1 0 0
    outer loop
      vertex 42 -4.15735 6.77785
      vertex 42 -16.9282 8
      vertex 42 -4.33013 6.5
    endloop
  endfacet
  facet normal 1 0 0
    outer loop
      vertex 42 -3.96677 7.04381
      vertex 42 -16.9282 8
      vertex 42 -4.15735 6.77785
    endloop
  endfacet
  facet normal 1 0 0
    outer loop
      vertex 42 -3.7592 7.29673
      vertex 42 -16.9282 8
      vertex 42 -3.96677 7.04381
    endloop
  endfacet
  facet normal 1 0 0
    outer loop
      vertex 42 -3.53553 7.53553
      vertex 42 -16.9282 8
      vertex 42 -3.7592 7.29673
    endloop
  endfacet
  facet normal 1 0 0
    outer loop
      vertex 42 -3.29673 7.7592
      vertex 42 -16.9282 8
      vertex 42 -3.53553 7.53553
    endloop
  endfacet
  facet normal 1 0 0
    outer loop
      vertex 42 -3.04381 7.96677
      vertex 42 -16.9282 8
      vertex 42 -3.29673 7.7592
    endloop
  endfacet
  facet normal 1 -0 0
    outer loop
      vertex 42 -16.9282 8
      vertex 42 -3.04381 7.96677
      vertex 42 -2.99743 8
    endloop
  endfacet
  facet normal 1 -0 0
    outer loop
      vertex 42 -17.391 7.06147
      vertex 42 -4.98929 4.32701
      vertex 42 -17.175 7.53831
    endloop
  endfacet
  facet normal 1 -0 0
    outer loop
      vertex 42 -17.5754 6.57152
      vertex 42 -4.98929 4.32701
      vertex 42 -17.391 7.06147
    endloop
  endfacet
  facet normal 1 -0 0
    outer loop
      vertex 42 -17.7274 6.07055
      vertex 42 -4.98929 4.32701
      vertex 42 -17.5754 6.57152
    endloop
  endfacet
  facet normal 1 0 0
    outer loop
      vertex 42 -4.98929 4.32701
      vertex 42 -17.7274 6.07055
      vertex 42 -5 4
    endloop
  endfacet
  facet normal 1 -0 0
    outer loop
      vertex 42 -17.8463 5.56072
      vertex 42 -5 4
      vertex 42 -17.7274 6.07055
    endloop
  endfacet
  facet normal 1 -0 0
    outer loop
      vertex 42 -17.9316 5.04421
      vertex 42 -5 4
      vertex 42 -17.8463 5.56072
    endloop
  endfacet
  facet normal 1 -0 0
    outer loop
      vertex 42 -17.9829 4.52322
      vertex 42 -5 4
      vertex 42 -17.9316 5.04421
    endloop
  endfacet
  facet normal 1 0 0
    outer loop
      vertex 42 -18 4
      vertex 42 -5 4
      vertex 42 -17.9829 4.52322
    endloop
  endfacet
  facet normal 1 0 -0
    outer loop
      vertex 42 -17.9829 3.47678
      vertex 42 -5 4
      vertex 42 -18 4
    endloop
  endfacet
  facet normal 1 0 -0
    outer loop
      vertex 42 -17.9316 2.95579
      vertex 42 -5 4
      vertex 42 -17.9829 3.47678
    endloop
  endfacet
  facet normal 1 0 -0
    outer loop
      vertex 42 -17.8463 2.43928
      vertex 42 -5 4
      vertex 42 -17.9316 2.95579
    endloop
  endfacet
  facet normal 1 0 0
    outer loop
      vertex 42 -5 4
      vertex 42 -17.8463 2.43928
      vertex 42 -4.98929 3.67299
    endloop
  endfacet
  facet normal 1 0 -0
    outer loop
      vertex 42 -17.7274 1.92945
      vertex 42 -4.98929 3.67299
      vertex 42 -17.8463 2.43928
    endloop
  endfacet
  facet normal 1 0 -0
    outer loop
      vertex 42 -17.5754 1.42848
      vertex 42 -4.98929 3.67299
      vertex 42 -17.7274 1.92945
    endloop
  endfacet
  facet normal 1 0 0
    outer loop
      vertex 42 -3.29673 0.240802
      vertex 42 -16.9282 0
      vertex 42 -3.04381 0.0332336
    endloop
  endfacet
  facet normal 1 0 0
    outer loop
      vertex 42 -3.04381 0.0332336
      vertex 42 -16.9282 0
      vertex 42 -2.99743 0
    endloop
  endfacet
  facet normal 1 0 -0
    outer loop
      vertex 42 -17.391 0.938533
      vertex 42 -4.98929 3.67299
      vertex 42 -17.5754 1.42848
    endloop
  endfacet
  facet normal 1 0 0
    outer loop
      vertex 42 -3.53553 0.464466
      vertex 42 -16.9282 0
      vertex 42 -3.29673 0.240802
    endloop
  endfacet
  facet normal 1 0 0
    outer loop
      vertex 42 -3.7592 0.703272
      vertex 42 -16.9282 0
      vertex 42 -3.53553 0.464466
    endloop
  endfacet
  facet normal 1 0 0
    outer loop
      vertex 42 -3.96677 0.956193
      vertex 42 -16.9282 0
      vertex 42 -3.7592 0.703272
    endloop
  endfacet
  facet normal 1 0 -0
    outer loop
      vertex 42 -16.9282 0
      vertex 42 -4.98929 3.67299
      vertex 42 -17.175 0.461691
    endloop
  endfacet
  facet normal 1 0 0
    outer loop
      vertex 42 -4.15735 1.22215
      vertex 42 -16.9282 0
      vertex 42 -3.96677 0.956193
    endloop
  endfacet
  facet normal 1 0 0
    outer loop
      vertex 42 -4.98929 3.67299
      vertex 42 -16.9282 0
      vertex 42 -4.95722 3.34737
    endloop
  endfacet
  facet normal 1 0 0
    outer loop
      vertex 42 -4.33013 1.5
      vertex 42 -16.9282 0
      vertex 42 -4.15735 1.22215
    endloop
  endfacet
  facet normal 1 0 0
    outer loop
      vertex 42 -4.6194 2.08658
      vertex 42 -16.9282 0
      vertex 42 -4.48436 1.78856
    endloop
  endfacet
  facet normal 1 0 0
    outer loop
      vertex 42 -4.48436 1.78856
      vertex 42 -16.9282 0
      vertex 42 -4.33013 1.5
    endloop
  endfacet
  facet normal 1 0 0
    outer loop
      vertex 42 -4.82963 2.7059
      vertex 42 -16.9282 0
      vertex 42 -4.73465 2.3928
    endloop
  endfacet
  facet normal 1 0 0
    outer loop
      vertex 42 -4.73465 2.3928
      vertex 42 -16.9282 0
      vertex 42 -4.6194 2.08658
    endloop
  endfacet
  facet normal 1 0 0
    outer loop
      vertex 42 -4.90393 3.02455
      vertex 42 -16.9282 0
      vertex 42 -4.82963 2.7059
    endloop
  endfacet
  facet normal 1 0 0
    outer loop
      vertex 42 -4.95722 3.34737
      vertex 42 -16.9282 0
      vertex 42 -4.90393 3.02455
    endloop
  endfacet
  facet normal 1 0 -0
    outer loop
      vertex 42 -17.175 0.461691
      vertex 42 -4.98929 3.67299
      vertex 42 -17.391 0.938533
    endloop
  endfacet
  facet normal 0 -0.935908 -0.352245
    outer loop
      vertex 37 -17.391 0.938533
      vertex 42 -17.5754 1.42848
      vertex 37 -17.5754 1.42848
    endloop
  endfacet
  facet normal 0 -0.935908 -0.352245
    outer loop
      vertex 42 -17.5754 1.42848
      vertex 37 -17.391 0.938533
      vertex 42 -17.391 0.938533
    endloop
  endfacet
  facet normal 0 -0.986636 0.16294
    outer loop
      vertex 37 -17.9316 5.04421
      vertex 42 -17.8463 5.56072
      vertex 37 -17.8463 5.56072
    endloop
  endfacet
  facet normal 0 -0.986636 0.16294
    outer loop
      vertex 42 -17.8463 5.56072
      vertex 37 -17.9316 5.04421
      vertex 42 -17.9316 5.04421
    endloop
  endfacet
  facet normal 0 0.973875 -0.227084
    outer loop
      vertex 42 8.69333 1.67063
      vertex 37 8.82707 2.24419
      vertex 42 8.82707 2.24419
    endloop
  endfacet
  facet normal 0 0.973875 -0.227084
    outer loop
      vertex 37 8.82707 2.24419
      vertex 42 8.69333 1.67063
      vertex 37 8.69333 1.67063
    endloop
  endfacet
  facet normal 0 -0.881904 0.471429
    outer loop
      vertex 37 -17.175 7.53831
      vertex 42 -16.9282 8
      vertex 37 -16.9282 8
    endloop
  endfacet
  facet normal 0 -0.881904 0.471429
    outer loop
      vertex 42 -16.9282 8
      vertex 37 -17.175 7.53831
      vertex 42 -17.175 7.53831
    endloop
  endfacet
  facet normal 0 -0.910902 0.412622
    outer loop
      vertex 37 -17.391 7.06147
      vertex 42 -17.175 7.53831
      vertex 37 -17.175 7.53831
    endloop
  endfacet
  facet normal 0 -0.910902 0.412622
    outer loop
      vertex 42 -17.175 7.53831
      vertex 37 -17.391 7.06147
      vertex 42 -17.391 7.06147
    endloop
  endfacet
  facet normal 0 -0.956923 0.290341
    outer loop
      vertex 37 -17.7274 6.07055
      vertex 42 -17.5754 6.57152
      vertex 37 -17.5754 6.57152
    endloop
  endfacet
  facet normal 0 -0.956923 0.290341
    outer loop
      vertex 42 -17.5754 6.57152
      vertex 37 -17.7274 6.07055
      vertex 42 -17.7274 6.07055
    endloop
  endfacet
  facet normal 0 0.999465 0.0327195
    outer loop
      vertex 59 9 4
      vertex 54 8.98073 4.58863
      vertex 59 8.98073 4.58863
    endloop
  endfacet
  facet normal 0 0.999465 0.0327195
    outer loop
      vertex 54 8.98073 4.58863
      vertex 59 9 4
      vertex 54 9 4
    endloop
  endfacet
  facet normal 0 -0.999466 0.0326648
    outer loop
      vertex 54 -18 4
      vertex 59 -17.9829 4.52322
      vertex 54 -17.9829 4.52322
    endloop
  endfacet
  facet normal 0 -0.999466 0.0326648
    outer loop
      vertex 59 -17.9829 4.52322
      vertex 54 -18 4
      vertex 59 -18 4
    endloop
  endfacet
  facet normal 0 0.973875 0.227084
    outer loop
      vertex 59 8.82707 5.75581
      vertex 54 8.69333 6.32937
      vertex 59 8.69333 6.32937
    endloop
  endfacet
  facet normal 0 0.973875 0.227084
    outer loop
      vertex 54 8.69333 6.32937
      vertex 59 8.82707 5.75581
      vertex 54 8.82707 5.75581
    endloop
  endfacet
  facet normal 0 0.995184 0.0980225
    outer loop
      vertex 59 8.98073 4.58863
      vertex 54 8.923 5.17474
      vertex 59 8.923 5.17474
    endloop
  endfacet
  facet normal 0 0.995184 0.0980225
    outer loop
      vertex 54 8.923 5.17474
      vertex 59 8.98073 4.58863
      vertex 54 8.98073 4.58863
    endloop
  endfacet
  facet normal 0 -0.935909 0.352243
    outer loop
      vertex 54 -17.5754 6.57152
      vertex 59 -17.391 7.06147
      vertex 54 -17.391 7.06147
    endloop
  endfacet
  facet normal 0 -0.935909 0.352243
    outer loop
      vertex 59 -17.391 7.06147
      vertex 54 -17.5754 6.57152
      vertex 59 -17.5754 6.57152
    endloop
  endfacet
  facet normal 0 -0.956923 -0.290341
    outer loop
      vertex 54 -17.5754 1.42848
      vertex 59 -17.7274 1.92945
      vertex 54 -17.7274 1.92945
    endloop
  endfacet
  facet normal 0 -0.956923 -0.290341
    outer loop
      vertex 59 -17.7274 1.92945
      vertex 54 -17.5754 1.42848
      vertex 59 -17.5754 1.42848
    endloop
  endfacet
  facet normal 0 0.93591 -0.35224
    outer loop
      vertex 59 8.31492 0.55585
      vertex 54 8.52237 1.10705
      vertex 59 8.52237 1.10705
    endloop
  endfacet
  facet normal 0 0.93591 -0.35224
    outer loop
      vertex 54 8.52237 1.10705
      vertex 59 8.31492 0.55585
      vertex 54 8.31492 0.55585
    endloop
  endfacet
  facet normal 0 0.881912 0.471414
    outer loop
      vertex 59 8.07185 7.9806
      vertex 54 8.06148 8
      vertex 59 8.06148 8
    endloop
  endfacet
  facet normal 0 0.881912 0.471414
    outer loop
      vertex 54 8.06148 8
      vertex 59 8.07185 7.9806
      vertex 54 8.07185 7.9806
    endloop
  endfacet
  facet normal 0 0.986645 -0.162887
    outer loop
      vertex 59 8.82707 2.24419
      vertex 54 8.923 2.82526
      vertex 59 8.923 2.82526
    endloop
  endfacet
  facet normal 0 0.986645 -0.162887
    outer loop
      vertex 54 8.923 2.82526
      vertex 59 8.82707 2.24419
      vertex 54 8.82707 2.24419
    endloop
  endfacet
  facet normal 0 0.881937 -0.471367
    outer loop
      vertex 59 8.06148 0
      vertex 54 8.07185 0.0194025
      vertex 59 8.07185 0.0194025
    endloop
  endfacet
  facet normal 0 0.881937 -0.471367
    outer loop
      vertex 54 8.07185 0.0194025
      vertex 59 8.06148 0
      vertex 54 8.06148 0
    endloop
  endfacet
  facet normal 0 0.995184 -0.0980225
    outer loop
      vertex 59 8.923 2.82526
      vertex 54 8.98073 3.41137
      vertex 59 8.98073 3.41137
    endloop
  endfacet
  facet normal 0 0.995184 -0.0980225
    outer loop
      vertex 54 8.98073 3.41137
      vertex 59 8.923 2.82526
      vertex 54 8.923 2.82526
    endloop
  endfacet
  facet normal 0 -0.986636 -0.16294
    outer loop
      vertex 54 -17.8463 2.43928
      vertex 59 -17.9316 2.95579
      vertex 54 -17.9316 2.95579
    endloop
  endfacet
  facet normal 0 -0.986636 -0.16294
    outer loop
      vertex 59 -17.9316 2.95579
      vertex 54 -17.8463 2.43928
      vertex 59 -17.8463 2.43928
    endloop
  endfacet
  facet normal 0 -0.973867 0.22712
    outer loop
      vertex 54 -17.8463 5.56072
      vertex 59 -17.7274 6.07055
      vertex 54 -17.7274 6.07055
    endloop
  endfacet
  facet normal 0 -0.973867 0.22712
    outer loop
      vertex 59 -17.7274 6.07055
      vertex 54 -17.8463 5.56072
      vertex 59 -17.8463 5.56072
    endloop
  endfacet
  facet normal 0 0.910859 0.412718
    outer loop
      vertex 59 8.31492 7.44415
      vertex 54 8.07185 7.9806
      vertex 59 8.07185 7.9806
    endloop
  endfacet
  facet normal 0 0.910859 0.412718
    outer loop
      vertex 54 8.07185 7.9806
      vertex 59 8.31492 7.44415
      vertex 54 8.31492 7.44415
    endloop
  endfacet
  facet normal 0 0.999465 -0.0327195
    outer loop
      vertex 59 8.98073 3.41137
      vertex 54 9 4
      vertex 59 9 4
    endloop
  endfacet
  facet normal 0 0.999465 -0.0327195
    outer loop
      vertex 54 9 4
      vertex 59 8.98073 3.41137
      vertex 54 8.98073 3.41137
    endloop
  endfacet
  facet normal 0 -0.999466 -0.0326648
    outer loop
      vertex 54 -17.9829 3.47678
      vertex 59 -18 4
      vertex 54 -18 4
    endloop
  endfacet
  facet normal 0 -0.999466 -0.0326648
    outer loop
      vertex 59 -18 4
      vertex 54 -17.9829 3.47678
      vertex 59 -17.9829 3.47678
    endloop
  endfacet
  facet normal 0 -0.973867 -0.22712
    outer loop
      vertex 54 -17.7274 1.92945
      vertex 59 -17.8463 2.43928
      vertex 54 -17.8463 2.43928
    endloop
  endfacet
  facet normal 0 -0.973867 -0.22712
    outer loop
      vertex 59 -17.8463 2.43928
      vertex 54 -17.7274 1.92945
      vertex 59 -17.7274 1.92945
    endloop
  endfacet
  facet normal 0 0.95694 -0.290284
    outer loop
      vertex 59 8.52237 1.10705
      vertex 54 8.69333 1.67063
      vertex 59 8.69333 1.67063
    endloop
  endfacet
  facet normal 0 0.95694 -0.290284
    outer loop
      vertex 54 8.69333 1.67063
      vertex 59 8.52237 1.10705
      vertex 54 8.52237 1.10705
    endloop
  endfacet
  facet normal 0 0.95694 0.290284
    outer loop
      vertex 59 8.69333 6.32937
      vertex 54 8.52237 6.89295
      vertex 59 8.52237 6.89295
    endloop
  endfacet
  facet normal 0 0.95694 0.290284
    outer loop
      vertex 54 8.52237 6.89295
      vertex 59 8.69333 6.32937
      vertex 54 8.69333 6.32937
    endloop
  endfacet
  facet normal 0 -0.910903 -0.412621
    outer loop
      vertex 54 -17.175 0.461691
      vertex 59 -17.391 0.938533
      vertex 54 -17.391 0.938533
    endloop
  endfacet
  facet normal 0 -0.910903 -0.412621
    outer loop
      vertex 59 -17.391 0.938533
      vertex 54 -17.175 0.461691
      vertex 59 -17.175 0.461691
    endloop
  endfacet
  facet normal 0 -0.995187 -0.0979925
    outer loop
      vertex 54 -17.9316 2.95579
      vertex 59 -17.9829 3.47678
      vertex 54 -17.9829 3.47678
    endloop
  endfacet
  facet normal 0 -0.995187 -0.0979925
    outer loop
      vertex 59 -17.9829 3.47678
      vertex 54 -17.9316 2.95579
      vertex 59 -17.9316 2.95579
    endloop
  endfacet
  facet normal 0 0.910858 -0.412719
    outer loop
      vertex 59 8.07185 0.0194025
      vertex 54 8.31492 0.55585
      vertex 59 8.31492 0.55585
    endloop
  endfacet
  facet normal 0 0.910858 -0.412719
    outer loop
      vertex 54 8.31492 0.55585
      vertex 59 8.07185 0.0194025
      vertex 54 8.07185 0.0194025
    endloop
  endfacet
  facet normal 0 0.986645 0.162887
    outer loop
      vertex 59 8.923 5.17474
      vertex 54 8.82707 5.75581
      vertex 59 8.82707 5.75581
    endloop
  endfacet
  facet normal 0 0.986645 0.162887
    outer loop
      vertex 54 8.82707 5.75581
      vertex 59 8.923 5.17474
      vertex 54 8.923 5.17474
    endloop
  endfacet
  facet normal 0 0.93591 0.35224
    outer loop
      vertex 59 8.52237 6.89295
      vertex 54 8.31492 7.44415
      vertex 59 8.31492 7.44415
    endloop
  endfacet
  facet normal 0 0.93591 0.35224
    outer loop
      vertex 54 8.31492 7.44415
      vertex 59 8.52237 6.89295
      vertex 54 8.52237 6.89295
    endloop
  endfacet
  facet normal 0 -0.995187 0.0979925
    outer loop
      vertex 54 -17.9829 4.52322
      vertex 59 -17.9316 5.04421
      vertex 54 -17.9316 5.04421
    endloop
  endfacet
  facet normal 0 -0.995187 0.0979925
    outer loop
      vertex 59 -17.9316 5.04421
      vertex 54 -17.9829 4.52322
      vertex 59 -17.9829 4.52322
    endloop
  endfacet
  facet normal 0 -0.881905 -0.471428
    outer loop
      vertex 54 -16.9282 0
      vertex 59 -17.175 0.461691
      vertex 54 -17.175 0.461691
    endloop
  endfacet
  facet normal 0 -0.881905 -0.471428
    outer loop
      vertex 59 -17.175 0.461691
      vertex 54 -16.9282 0
      vertex 59 -16.9282 0
    endloop
  endfacet
  facet normal 1 -0 0
    outer loop
      vertex 59 -17.7274 6.07055
      vertex 59 -14.8296 5.2941
      vertex 59 -17.5754 6.57152
    endloop
  endfacet
  facet normal 1 0 0
    outer loop
      vertex 59 -14.7347 5.6072
      vertex 59 -17.5754 6.57152
      vertex 59 -14.8296 5.2941
    endloop
  endfacet
  facet normal 1 -0 0
    outer loop
      vertex 59 -17.5754 6.57152
      vertex 59 -14.7347 5.6072
      vertex 59 -17.391 7.06147
    endloop
  endfacet
  facet normal 1 0 0
    outer loop
      vertex 59 -14.6194 5.91342
      vertex 59 -17.391 7.06147
      vertex 59 -14.7347 5.6072
    endloop
  endfacet
  facet normal 1 -0 0
    outer loop
      vertex 59 -17.391 7.06147
      vertex 59 -14.6194 5.91342
      vertex 59 -17.175 7.53831
    endloop
  endfacet
  facet normal 1 0 0
    outer loop
      vertex 59 -14.4844 6.21144
      vertex 59 -17.175 7.53831
      vertex 59 -14.6194 5.91342
    endloop
  endfacet
  facet normal 1 -0 0
    outer loop
      vertex 59 -17.175 7.53831
      vertex 59 -14.4844 6.21144
      vertex 59 -16.9282 8
    endloop
  endfacet
  facet normal 1 0 0
    outer loop
      vertex 59 -14.3301 6.5
      vertex 59 -16.9282 8
      vertex 59 -14.4844 6.21144
    endloop
  endfacet
  facet normal 1 0 0
    outer loop
      vertex 59 -14.1573 6.77785
      vertex 59 -16.9282 8
      vertex 59 -14.3301 6.5
    endloop
  endfacet
  facet normal 1 0 0
    outer loop
      vertex 59 -13.9668 7.04381
      vertex 59 -16.9282 8
      vertex 59 -14.1573 6.77785
    endloop
  endfacet
  facet normal 1 0 0
    outer loop
      vertex 59 -13.7592 7.29673
      vertex 59 -16.9282 8
      vertex 59 -13.9668 7.04381
    endloop
  endfacet
  facet normal 1 0 0
    outer loop
      vertex 59 -13.5355 7.53553
      vertex 59 -16.9282 8
      vertex 59 -13.7592 7.29673
    endloop
  endfacet
  facet normal 1 0 0
    outer loop
      vertex 59 -13.2967 7.7592
      vertex 59 -16.9282 8
      vertex 59 -13.5355 7.53553
    endloop
  endfacet
  facet normal 1 0 0
    outer loop
      vertex 59 -13.0438 7.96677
      vertex 59 -16.9282 8
      vertex 59 -13.2967 7.7592
    endloop
  endfacet
  facet normal 1 -0 0
    outer loop
      vertex 59 -16.9282 8
      vertex 59 -13.0438 7.96677
      vertex 59 -12.9974 8
    endloop
  endfacet
  facet normal 1 0 0
    outer loop
      vertex 59 -14.8296 5.2941
      vertex 59 -17.7274 6.07055
      vertex 59 -14.9039 4.97545
    endloop
  endfacet
  facet normal 1 -0 0
    outer loop
      vertex 59 -17.8463 5.56072
      vertex 59 -14.9039 4.97545
      vertex 59 -17.7274 6.07055
    endloop
  endfacet
  facet normal 1 0 0
    outer loop
      vertex 59 -14.9039 4.97545
      vertex 59 -17.8463 5.56072
      vertex 59 -14.9572 4.65263
    endloop
  endfacet
  facet normal 1 -0 0
    outer loop
      vertex 59 -17.9316 5.04421
      vertex 59 -14.9572 4.65263
      vertex 59 -17.8463 5.56072
    endloop
  endfacet
  facet normal 1 0 0
    outer loop
      vertex 59 -14.9572 4.65263
      vertex 59 -17.9316 5.04421
      vertex 59 -14.9893 4.32701
    endloop
  endfacet
  facet normal 1 -0 0
    outer loop
      vertex 59 -17.9829 4.52322
      vertex 59 -14.9893 4.32701
      vertex 59 -17.9316 5.04421
    endloop
  endfacet
  facet normal 1 0 0
    outer loop
      vertex 59 -13.0438 0.0332336
      vertex 59 -16.9282 0
      vertex 59 -12.9974 0
    endloop
  endfacet
  facet normal 1 0 0
    outer loop
      vertex 59 -13.2967 0.240802
      vertex 59 -16.9282 0
      vertex 59 -13.0438 0.0332336
    endloop
  endfacet
  facet normal 1 0 0
    outer loop
      vertex 59 -13.5355 0.464466
      vertex 59 -16.9282 0
      vertex 59 -13.2967 0.240802
    endloop
  endfacet
  facet normal 1 0 0
    outer loop
      vertex 59 -13.7592 0.703272
      vertex 59 -16.9282 0
      vertex 59 -13.5355 0.464466
    endloop
  endfacet
  facet normal 1 0 0
    outer loop
      vertex 59 -13.9668 0.956193
      vertex 59 -16.9282 0
      vertex 59 -13.7592 0.703272
    endloop
  endfacet
  facet normal 1 0 0
    outer loop
      vertex 59 -14.1573 1.22215
      vertex 59 -16.9282 0
      vertex 59 -13.9668 0.956193
    endloop
  endfacet
  facet normal 1 0 0
    outer loop
      vertex 59 -14.3301 1.5
      vertex 59 -16.9282 0
      vertex 59 -14.1573 1.22215
    endloop
  endfacet
  facet normal 1 0 0
    outer loop
      vertex 59 -14.4844 1.78856
      vertex 59 -16.9282 0
      vertex 59 -14.3301 1.5
    endloop
  endfacet
  facet normal 1 0 0
    outer loop
      vertex 59 -17.175 0.461691
      vertex 59 -14.4844 1.78856
      vertex 59 -14.6194 2.08658
    endloop
  endfacet
  facet normal 1 0 0
    outer loop
      vertex 59 -14.9893 4.32701
      vertex 59 -17.9829 4.52322
      vertex 59 -15 4
    endloop
  endfacet
  facet normal 1 0 0
    outer loop
      vertex 59 -18 4
      vertex 59 -15 4
      vertex 59 -17.9829 4.52322
    endloop
  endfacet
  facet normal 1 0 0
    outer loop
      vertex 59 -14.4844 1.78856
      vertex 59 -17.175 0.461691
      vertex 59 -16.9282 0
    endloop
  endfacet
  facet normal 1 0 0
    outer loop
      vertex 59 -15 4
      vertex 59 -18 4
      vertex 59 -14.9893 3.67299
    endloop
  endfacet
  facet normal 1 0 0
    outer loop
      vertex 59 -14.6194 2.08658
      vertex 59 -17.391 0.938533
      vertex 59 -17.175 0.461691
    endloop
  endfacet
  facet normal 1 0 -0
    outer loop
      vertex 59 -17.9829 3.47678
      vertex 59 -14.9893 3.67299
      vertex 59 -18 4
    endloop
  endfacet
  facet normal 1 0 0
    outer loop
      vertex 59 -14.6194 2.08658
      vertex 59 -17.5754 1.42848
      vertex 59 -17.391 0.938533
    endloop
  endfacet
  facet normal 1 0 0
    outer loop
      vertex 59 -14.9893 3.67299
      vertex 59 -17.9829 3.47678
      vertex 59 -14.9572 3.34737
    endloop
  endfacet
  facet normal 1 0 0
    outer loop
      vertex 59 -14.7347 2.3928
      vertex 59 -17.5754 1.42848
      vertex 59 -14.6194 2.08658
    endloop
  endfacet
  facet normal 1 0 -0
    outer loop
      vertex 59 -17.9316 2.95579
      vertex 59 -14.9572 3.34737
      vertex 59 -17.9829 3.47678
    endloop
  endfacet
  facet normal 1 0 -0
    outer loop
      vertex 59 -17.5754 1.42848
      vertex 59 -14.7347 2.3928
      vertex 59 -17.7274 1.92945
    endloop
  endfacet
  facet normal 1 0 0
    outer loop
      vertex 59 -14.9572 3.34737
      vertex 59 -17.9316 2.95579
      vertex 59 -14.9039 3.02455
    endloop
  endfacet
  facet normal 1 0 0
    outer loop
      vertex 59 -14.8296 2.7059
      vertex 59 -17.7274 1.92945
      vertex 59 -14.7347 2.3928
    endloop
  endfacet
  facet normal 1 0 -0
    outer loop
      vertex 59 -17.8463 2.43928
      vertex 59 -14.9039 3.02455
      vertex 59 -17.9316 2.95579
    endloop
  endfacet
  facet normal 1 0 -0
    outer loop
      vertex 59 -17.7274 1.92945
      vertex 59 -14.8296 2.7059
      vertex 59 -17.8463 2.43928
    endloop
  endfacet
  facet normal 1 0 0
    outer loop
      vertex 59 -14.9039 3.02455
      vertex 59 -17.8463 2.43928
      vertex 59 -14.8296 2.7059
    endloop
  endfacet
  facet normal 1 0 0
    outer loop
      vertex 59 -5 4
      vertex 59 9 4
      vertex 59 8.98073 4.58863
    endloop
  endfacet
  facet normal 1 0 0
    outer loop
      vertex 59 -5 4
      vertex 59 8.98073 4.58863
      vertex 59 8.923 5.17474
    endloop
  endfacet
  facet normal 1 0 0
    outer loop
      vertex 59 9 4
      vertex 59 -5 4
      vertex 59 8.98073 3.41137
    endloop
  endfacet
  facet normal 1 0 0
    outer loop
      vertex 59 -5 4
      vertex 59 8.923 5.17474
      vertex 59 8.82707 5.75581
    endloop
  endfacet
  facet normal 1 0 0
    outer loop
      vertex 59 8.98073 3.41137
      vertex 59 -5 4
      vertex 59 8.923 2.82526
    endloop
  endfacet
  facet normal 1 0 0
    outer loop
      vertex 59 -5 4
      vertex 59 8.82707 5.75581
      vertex 59 8.69333 6.32937
    endloop
  endfacet
  facet normal 1 0 0
    outer loop
      vertex 59 8.923 2.82526
      vertex 59 -5 4
      vertex 59 8.82707 2.24419
    endloop
  endfacet
  facet normal 1 0 0
    outer loop
      vertex 59 -5.0107 4.32701
      vertex 59 8.69333 6.32937
      vertex 59 8.52237 6.89295
    endloop
  endfacet
  facet normal 1 0 0
    outer loop
      vertex 59 8.82707 2.24419
      vertex 59 -5 4
      vertex 59 8.69333 1.67063
    endloop
  endfacet
  facet normal 1 0 0
    outer loop
      vertex 59 -5.0107 4.32701
      vertex 59 8.52237 6.89295
      vertex 59 8.31492 7.44415
    endloop
  endfacet
  facet normal 1 -0 0
    outer loop
      vertex 59 -5.0107 3.67299
      vertex 59 8.69333 1.67063
      vertex 59 -5 4
    endloop
  endfacet
  facet normal 1 0 0
    outer loop
      vertex 59 8.06148 8
      vertex 59 8.31492 7.44415
      vertex 59 8.07185 7.9806
    endloop
  endfacet
  facet normal 1 0 0
    outer loop
      vertex 59 8.69333 1.67063
      vertex 59 -5.0107 3.67299
      vertex 59 8.52237 1.10705
    endloop
  endfacet
  facet normal 1 0 0
    outer loop
      vertex 59 8.31492 7.44415
      vertex 59 8.06148 8
      vertex 59 -5.0107 4.32701
    endloop
  endfacet
  facet normal 1 0 0
    outer loop
      vertex 59 8.52237 1.10705
      vertex 59 -5.0107 3.67299
      vertex 59 8.31492 0.55585
    endloop
  endfacet
  facet normal 1 0 -0
    outer loop
      vertex 59 8.06148 0
      vertex 59 8.31492 0.55585
      vertex 59 -5.0107 3.67299
    endloop
  endfacet
  facet normal 1 0 0
    outer loop
      vertex 59 8.69333 6.32937
      vertex 59 -5.0107 4.32701
      vertex 59 -5 4
    endloop
  endfacet
  facet normal 1 0 0
    outer loop
      vertex 59 8.06148 8
      vertex 59 -5.04278 4.65263
      vertex 59 -5.0107 4.32701
    endloop
  endfacet
  facet normal 1 0 0
    outer loop
      vertex 59 8.06148 8
      vertex 59 -5.09607 4.97545
      vertex 59 -5.04278 4.65263
    endloop
  endfacet
  facet normal 1 0 0
    outer loop
      vertex 59 8.06148 8
      vertex 59 -5.17037 5.2941
      vertex 59 -5.09607 4.97545
    endloop
  endfacet
  facet normal 1 0 0
    outer loop
      vertex 59 8.06148 8
      vertex 59 -5.26535 5.6072
      vertex 59 -5.17037 5.2941
    endloop
  endfacet
  facet normal 1 0 0
    outer loop
      vertex 59 8.06148 8
      vertex 59 -5.3806 5.91342
      vertex 59 -5.26535 5.6072
    endloop
  endfacet
  facet normal 1 0 0
    outer loop
      vertex 59 8.06148 8
      vertex 59 -5.51564 6.21144
      vertex 59 -5.3806 5.91342
    endloop
  endfacet
  facet normal 1 0 0
    outer loop
      vertex 59 8.06148 8
      vertex 59 -5.66987 6.5
      vertex 59 -5.51564 6.21144
    endloop
  endfacet
  facet normal 1 0 0
    outer loop
      vertex 59 8.06148 8
      vertex 59 -5.84265 6.77785
      vertex 59 -5.66987 6.5
    endloop
  endfacet
  facet normal 1 0 0
    outer loop
      vertex 59 8.06148 8
      vertex 59 -6.03323 7.04381
      vertex 59 -5.84265 6.77785
    endloop
  endfacet
  facet normal 1 0 0
    outer loop
      vertex 59 8.06148 8
      vertex 59 -6.2408 7.29673
      vertex 59 -6.03323 7.04381
    endloop
  endfacet
  facet normal 1 0 0
    outer loop
      vertex 59 8.06148 8
      vertex 59 -6.46447 7.53553
      vertex 59 -6.2408 7.29673
    endloop
  endfacet
  facet normal 1 0 0
    outer loop
      vertex 59 8.06148 8
      vertex 59 -6.70327 7.7592
      vertex 59 -6.46447 7.53553
    endloop
  endfacet
  facet normal 1 0 0
    outer loop
      vertex 59 8.06148 8
      vertex 59 -6.95619 7.96677
      vertex 59 -6.70327 7.7592
    endloop
  endfacet
  facet normal 1 0 -0
    outer loop
      vertex 59 -6.95619 7.96677
      vertex 59 8.06148 8
      vertex 59 -7.00257 8
    endloop
  endfacet
  facet normal 1 0 0
    outer loop
      vertex 59 8.31492 0.55585
      vertex 59 8.06148 0
      vertex 59 8.07185 0.0194025
    endloop
  endfacet
  facet normal 1 -0 0
    outer loop
      vertex 59 -5.04278 3.34737
      vertex 59 8.06148 0
      vertex 59 -5.0107 3.67299
    endloop
  endfacet
  facet normal 1 -0 0
    outer loop
      vertex 59 -5.09607 3.02455
      vertex 59 8.06148 0
      vertex 59 -5.04278 3.34737
    endloop
  endfacet
  facet normal 1 -0 0
    outer loop
      vertex 59 -5.17037 2.7059
      vertex 59 8.06148 0
      vertex 59 -5.09607 3.02455
    endloop
  endfacet
  facet normal 1 -0 0
    outer loop
      vertex 59 -5.26535 2.3928
      vertex 59 8.06148 0
      vertex 59 -5.17037 2.7059
    endloop
  endfacet
  facet normal 1 -0 0
    outer loop
      vertex 59 -5.3806 2.08658
      vertex 59 8.06148 0
      vertex 59 -5.26535 2.3928
    endloop
  endfacet
  facet normal 1 -0 0
    outer loop
      vertex 59 -5.51564 1.78856
      vertex 59 8.06148 0
      vertex 59 -5.3806 2.08658
    endloop
  endfacet
  facet normal 1 -0 0
    outer loop
      vertex 59 -5.66987 1.5
      vertex 59 8.06148 0
      vertex 59 -5.51564 1.78856
    endloop
  endfacet
  facet normal 1 -0 0
    outer loop
      vertex 59 -5.84265 1.22215
      vertex 59 8.06148 0
      vertex 59 -5.66987 1.5
    endloop
  endfacet
  facet normal 1 -0 0
    outer loop
      vertex 59 -6.03323 0.956193
      vertex 59 8.06148 0
      vertex 59 -5.84265 1.22215
    endloop
  endfacet
  facet normal 1 -0 0
    outer loop
      vertex 59 -6.2408 0.703272
      vertex 59 8.06148 0
      vertex 59 -6.03323 0.956193
    endloop
  endfacet
  facet normal 1 -0 0
    outer loop
      vertex 59 -6.46447 0.464466
      vertex 59 8.06148 0
      vertex 59 -6.2408 0.703272
    endloop
  endfacet
  facet normal 1 -0 0
    outer loop
      vertex 59 -6.70327 0.240802
      vertex 59 8.06148 0
      vertex 59 -6.46447 0.464466
    endloop
  endfacet
  facet normal 1 -0 0
    outer loop
      vertex 59 -6.95619 0.0332336
      vertex 59 8.06148 0
      vertex 59 -6.70327 0.240802
    endloop
  endfacet
  facet normal 1 0 0
    outer loop
      vertex 59 8.06148 0
      vertex 59 -6.95619 0.0332336
      vertex 59 -7.00257 0
    endloop
  endfacet
  facet normal 0 -0.935908 -0.352245
    outer loop
      vertex 54 -17.391 0.938533
      vertex 59 -17.5754 1.42848
      vertex 54 -17.5754 1.42848
    endloop
  endfacet
  facet normal 0 -0.935908 -0.352245
    outer loop
      vertex 59 -17.5754 1.42848
      vertex 54 -17.391 0.938533
      vertex 59 -17.391 0.938533
    endloop
  endfacet
  facet normal 0 -0.986636 0.16294
    outer loop
      vertex 54 -17.9316 5.04421
      vertex 59 -17.8463 5.56072
      vertex 54 -17.8463 5.56072
    endloop
  endfacet
  facet normal 0 -0.986636 0.16294
    outer loop
      vertex 59 -17.8463 5.56072
      vertex 54 -17.9316 5.04421
      vertex 59 -17.9316 5.04421
    endloop
  endfacet
  facet normal 0 0.973875 -0.227084
    outer loop
      vertex 59 8.69333 1.67063
      vertex 54 8.82707 2.24419
      vertex 59 8.82707 2.24419
    endloop
  endfacet
  facet normal 0 0.973875 -0.227084
    outer loop
      vertex 54 8.82707 2.24419
      vertex 59 8.69333 1.67063
      vertex 54 8.69333 1.67063
    endloop
  endfacet
  facet normal 0 -0.881904 0.471429
    outer loop
      vertex 54 -17.175 7.53831
      vertex 59 -16.9282 8
      vertex 54 -16.9282 8
    endloop
  endfacet
  facet normal 0 -0.881904 0.471429
    outer loop
      vertex 59 -16.9282 8
      vertex 54 -17.175 7.53831
      vertex 59 -17.175 7.53831
    endloop
  endfacet
  facet normal 0 -0.910902 0.412622
    outer loop
      vertex 54 -17.391 7.06147
      vertex 59 -17.175 7.53831
      vertex 54 -17.175 7.53831
    endloop
  endfacet
  facet normal 0 -0.910902 0.412622
    outer loop
      vertex 59 -17.175 7.53831
      vertex 54 -17.391 7.06147
      vertex 59 -17.391 7.06147
    endloop
  endfacet
  facet normal -1 0 0
    outer loop
      vertex 54 5 4
      vertex 54 9 4
      vertex 54 8.98073 3.41137
    endloop
  endfacet
  facet normal -1 0 0
    outer loop
      vertex 54 4.98929 3.67299
      vertex 54 8.98073 3.41137
      vertex 54 8.923 2.82526
    endloop
  endfacet
  facet normal -1 0 0
    outer loop
      vertex 54 9 4
      vertex 54 5 4
      vertex 54 8.98073 4.58863
    endloop
  endfacet
  facet normal -1 0 0
    outer loop
      vertex 54 4.95722 3.34737
      vertex 54 8.923 2.82526
      vertex 54 8.82707 2.24419
    endloop
  endfacet
  facet normal -1 0 0
    outer loop
      vertex 54 4.98929 4.32701
      vertex 54 8.98073 4.58863
      vertex 54 5 4
    endloop
  endfacet
  facet normal -1 0 0
    outer loop
      vertex 54 4.90393 3.02455
      vertex 54 8.82707 2.24419
      vertex 54 8.69333 1.67063
    endloop
  endfacet
  facet normal -1 -0 0
    outer loop
      vertex 54 8.98073 4.58863
      vertex 54 4.98929 4.32701
      vertex 54 8.923 5.17474
    endloop
  endfacet
  facet normal -1 0 0
    outer loop
      vertex 54 4.82963 2.7059
      vertex 54 8.69333 1.67063
      vertex 54 8.52237 1.10705
    endloop
  endfacet
  facet normal -1 0 0
    outer loop
      vertex 54 4.95722 4.65263
      vertex 54 8.923 5.17474
      vertex 54 4.98929 4.32701
    endloop
  endfacet
  facet normal -1 0 0
    outer loop
      vertex 54 4.73465 2.3928
      vertex 54 8.52237 1.10705
      vertex 54 8.31492 0.55585
    endloop
  endfacet
  facet normal -1 -0 0
    outer loop
      vertex 54 8.923 5.17474
      vertex 54 4.95722 4.65263
      vertex 54 8.82707 5.75581
    endloop
  endfacet
  facet normal -1 0 0
    outer loop
      vertex 54 4.6194 2.08658
      vertex 54 8.31492 0.55585
      vertex 54 8.07185 0.0194025
    endloop
  endfacet
  facet normal -1 0 0
    outer loop
      vertex 54 4.90393 4.97545
      vertex 54 8.82707 5.75581
      vertex 54 4.95722 4.65263
    endloop
  endfacet
  facet normal -1 0 0
    outer loop
      vertex 54 4.48436 1.78856
      vertex 54 8.07185 0.0194025
      vertex 54 8.06148 0
    endloop
  endfacet
  facet normal -1 -0 0
    outer loop
      vertex 54 8.82707 5.75581
      vertex 54 4.90393 4.97545
      vertex 54 8.69333 6.32937
    endloop
  endfacet
  facet normal -1 0 0
    outer loop
      vertex 54 4.82963 5.2941
      vertex 54 8.69333 6.32937
      vertex 54 4.90393 4.97545
    endloop
  endfacet
  facet normal -1 0 0
    outer loop
      vertex 54 8.98073 3.41137
      vertex 54 4.98929 3.67299
      vertex 54 5 4
    endloop
  endfacet
  facet normal -1 0 0
    outer loop
      vertex 54 8.923 2.82526
      vertex 54 4.95722 3.34737
      vertex 54 4.98929 3.67299
    endloop
  endfacet
  facet normal -1 0 0
    outer loop
      vertex 54 8.82707 2.24419
      vertex 54 4.90393 3.02455
      vertex 54 4.95722 3.34737
    endloop
  endfacet
  facet normal -1 0 0
    outer loop
      vertex 54 8.69333 1.67063
      vertex 54 4.82963 2.7059
      vertex 54 4.90393 3.02455
    endloop
  endfacet
  facet normal -1 0 0
    outer loop
      vertex 54 8.52237 1.10705
      vertex 54 4.73465 2.3928
      vertex 54 4.82963 2.7059
    endloop
  endfacet
  facet normal -1 0 0
    outer loop
      vertex 54 8.31492 0.55585
      vertex 54 4.6194 2.08658
      vertex 54 4.73465 2.3928
    endloop
  endfacet
  facet normal -1 0 0
    outer loop
      vertex 54 8.07185 0.0194025
      vertex 54 4.48436 1.78856
      vertex 54 4.6194 2.08658
    endloop
  endfacet
  facet normal -1 0 0
    outer loop
      vertex 54 8.06148 0
      vertex 54 4.33013 1.5
      vertex 54 4.48436 1.78856
    endloop
  endfacet
  facet normal -1 0 0
    outer loop
      vertex 54 8.06148 0
      vertex 54 4.15735 1.22215
      vertex 54 4.33013 1.5
    endloop
  endfacet
  facet normal -1 0 0
    outer loop
      vertex 54 8.06148 0
      vertex 54 3.96677 0.956193
      vertex 54 4.15735 1.22215
    endloop
  endfacet
  facet normal -1 0 0
    outer loop
      vertex 54 8.06148 0
      vertex 54 3.7592 0.703272
      vertex 54 3.96677 0.956193
    endloop
  endfacet
  facet normal -1 0 0
    outer loop
      vertex 54 8.06148 0
      vertex 54 3.53553 0.464466
      vertex 54 3.7592 0.703272
    endloop
  endfacet
  facet normal -1 0 0
    outer loop
      vertex 54 8.06148 0
      vertex 54 3.29673 0.240802
      vertex 54 3.53553 0.464466
    endloop
  endfacet
  facet normal -1 0 0
    outer loop
      vertex 54 8.06148 0
      vertex 54 3.04381 0.0332336
      vertex 54 3.29673 0.240802
    endloop
  endfacet
  facet normal -1 0 -0
    outer loop
      vertex 54 3.04381 0.0332336
      vertex 54 8.06148 0
      vertex 54 2.99743 0
    endloop
  endfacet
  facet normal -1 -0 0
    outer loop
      vertex 54 8.69333 6.32937
      vertex 54 4.82963 5.2941
      vertex 54 8.52237 6.89295
    endloop
  endfacet
  facet normal -1 0 0
    outer loop
      vertex 54 4.73465 5.6072
      vertex 54 8.52237 6.89295
      vertex 54 4.82963 5.2941
    endloop
  endfacet
  facet normal -1 -0 0
    outer loop
      vertex 54 8.52237 6.89295
      vertex 54 4.73465 5.6072
      vertex 54 8.31492 7.44415
    endloop
  endfacet
  facet normal -1 0 0
    outer loop
      vertex 54 4.6194 5.91342
      vertex 54 8.31492 7.44415
      vertex 54 4.73465 5.6072
    endloop
  endfacet
  facet normal -1 -0 0
    outer loop
      vertex 54 8.31492 7.44415
      vertex 54 4.6194 5.91342
      vertex 54 8.07185 7.9806
    endloop
  endfacet
  facet normal -1 0 0
    outer loop
      vertex 54 4.48436 6.21144
      vertex 54 8.07185 7.9806
      vertex 54 4.6194 5.91342
    endloop
  endfacet
  facet normal -1 -0 0
    outer loop
      vertex 54 8.07185 7.9806
      vertex 54 4.48436 6.21144
      vertex 54 8.06148 8
    endloop
  endfacet
  facet normal -1 0 0
    outer loop
      vertex 54 4.33013 6.5
      vertex 54 8.06148 8
      vertex 54 4.48436 6.21144
    endloop
  endfacet
  facet normal -1 0 0
    outer loop
      vertex 54 4.15735 6.77785
      vertex 54 8.06148 8
      vertex 54 4.33013 6.5
    endloop
  endfacet
  facet normal -1 0 0
    outer loop
      vertex 54 3.96677 7.04381
      vertex 54 8.06148 8
      vertex 54 4.15735 6.77785
    endloop
  endfacet
  facet normal -1 0 0
    outer loop
      vertex 54 3.7592 7.29673
      vertex 54 8.06148 8
      vertex 54 3.96677 7.04381
    endloop
  endfacet
  facet normal -1 0 0
    outer loop
      vertex 54 3.53553 7.53553
      vertex 54 8.06148 8
      vertex 54 3.7592 7.29673
    endloop
  endfacet
  facet normal -1 0 0
    outer loop
      vertex 54 3.29673 7.7592
      vertex 54 8.06148 8
      vertex 54 3.53553 7.53553
    endloop
  endfacet
  facet normal -1 0 0
    outer loop
      vertex 54 3.04381 7.96677
      vertex 54 8.06148 8
      vertex 54 3.29673 7.7592
    endloop
  endfacet
  facet normal -1 -0 0
    outer loop
      vertex 54 8.06148 8
      vertex 54 3.04381 7.96677
      vertex 54 2.99743 8
    endloop
  endfacet
  facet normal -1 0 0
    outer loop
      vertex 54 -17.175 0.461691
      vertex 54 -4.98929 3.67299
      vertex 54 -16.9282 0
    endloop
  endfacet
  facet normal -1 -0 0
    outer loop
      vertex 54 -4.95722 3.34737
      vertex 54 -16.9282 0
      vertex 54 -4.98929 3.67299
    endloop
  endfacet
  facet normal -1 -0 0
    outer loop
      vertex 54 -4.90393 3.02455
      vertex 54 -16.9282 0
      vertex 54 -4.95722 3.34737
    endloop
  endfacet
  facet normal -1 -0 0
    outer loop
      vertex 54 -4.82963 2.7059
      vertex 54 -16.9282 0
      vertex 54 -4.90393 3.02455
    endloop
  endfacet
  facet normal -1 -0 0
    outer loop
      vertex 54 -4.73465 2.3928
      vertex 54 -16.9282 0
      vertex 54 -4.82963 2.7059
    endloop
  endfacet
  facet normal -1 -0 0
    outer loop
      vertex 54 -4.6194 2.08658
      vertex 54 -16.9282 0
      vertex 54 -4.73465 2.3928
    endloop
  endfacet
  facet normal -1 -0 0
    outer loop
      vertex 54 -4.48436 1.78856
      vertex 54 -16.9282 0
      vertex 54 -4.6194 2.08658
    endloop
  endfacet
  facet normal -1 -0 0
    outer loop
      vertex 54 -4.33013 1.5
      vertex 54 -16.9282 0
      vertex 54 -4.48436 1.78856
    endloop
  endfacet
  facet normal -1 -0 0
    outer loop
      vertex 54 -4.15735 1.22215
      vertex 54 -16.9282 0
      vertex 54 -4.33013 1.5
    endloop
  endfacet
  facet normal -1 -0 0
    outer loop
      vertex 54 -3.96677 0.956193
      vertex 54 -16.9282 0
      vertex 54 -4.15735 1.22215
    endloop
  endfacet
  facet normal -1 -0 0
    outer loop
      vertex 54 -3.7592 0.703272
      vertex 54 -16.9282 0
      vertex 54 -3.96677 0.956193
    endloop
  endfacet
  facet normal -1 -0 0
    outer loop
      vertex 54 -3.53553 0.464466
      vertex 54 -16.9282 0
      vertex 54 -3.7592 0.703272
    endloop
  endfacet
  facet normal -1 -0 0
    outer loop
      vertex 54 -3.29673 0.240802
      vertex 54 -16.9282 0
      vertex 54 -3.53553 0.464466
    endloop
  endfacet
  facet normal -1 -0 0
    outer loop
      vertex 54 -3.04381 0.0332336
      vertex 54 -16.9282 0
      vertex 54 -3.29673 0.240802
    endloop
  endfacet
  facet normal -1 0 0
    outer loop
      vertex 54 -16.9282 0
      vertex 54 -3.04381 0.0332336
      vertex 54 -2.99743 0
    endloop
  endfacet
  facet normal -1 0 0
    outer loop
      vertex 54 -17.391 0.938533
      vertex 54 -4.98929 3.67299
      vertex 54 -17.175 0.461691
    endloop
  endfacet
  facet normal -1 0 0
    outer loop
      vertex 54 -17.5754 1.42848
      vertex 54 -4.98929 3.67299
      vertex 54 -17.391 0.938533
    endloop
  endfacet
  facet normal -1 0 0
    outer loop
      vertex 54 -17.7274 1.92945
      vertex 54 -4.98929 3.67299
      vertex 54 -17.5754 1.42848
    endloop
  endfacet
  facet normal -1 -0 0
    outer loop
      vertex 54 -4.98929 3.67299
      vertex 54 -17.7274 1.92945
      vertex 54 -5 4
    endloop
  endfacet
  facet normal -1 0 0
    outer loop
      vertex 54 -17.8463 2.43928
      vertex 54 -5 4
      vertex 54 -17.7274 1.92945
    endloop
  endfacet
  facet normal -1 0 0
    outer loop
      vertex 54 -17.9316 2.95579
      vertex 54 -5 4
      vertex 54 -17.8463 2.43928
    endloop
  endfacet
  facet normal -1 0 0
    outer loop
      vertex 54 -17.9829 3.47678
      vertex 54 -5 4
      vertex 54 -17.9316 2.95579
    endloop
  endfacet
  facet normal -1 0 0
    outer loop
      vertex 54 -18 4
      vertex 54 -5 4
      vertex 54 -17.9829 3.47678
    endloop
  endfacet
  facet normal -1 0 -0
    outer loop
      vertex 54 -17.9829 4.52322
      vertex 54 -5 4
      vertex 54 -18 4
    endloop
  endfacet
  facet normal -1 0 -0
    outer loop
      vertex 54 -17.9316 5.04421
      vertex 54 -5 4
      vertex 54 -17.9829 4.52322
    endloop
  endfacet
  facet normal -1 0 -0
    outer loop
      vertex 54 -17.8463 5.56072
      vertex 54 -5 4
      vertex 54 -17.9316 5.04421
    endloop
  endfacet
  facet normal -1 0 0
    outer loop
      vertex 54 -5 4
      vertex 54 -17.8463 5.56072
      vertex 54 -4.98929 4.32701
    endloop
  endfacet
  facet normal -1 0 -0
    outer loop
      vertex 54 -17.7274 6.07055
      vertex 54 -4.98929 4.32701
      vertex 54 -17.8463 5.56072
    endloop
  endfacet
  facet normal -1 0 -0
    outer loop
      vertex 54 -17.5754 6.57152
      vertex 54 -4.98929 4.32701
      vertex 54 -17.7274 6.07055
    endloop
  endfacet
  facet normal -1 0 0
    outer loop
      vertex 54 -3.29673 7.7592
      vertex 54 -16.9282 8
      vertex 54 -3.04381 7.96677
    endloop
  endfacet
  facet normal -1 0 0
    outer loop
      vertex 54 -3.04381 7.96677
      vertex 54 -16.9282 8
      vertex 54 -2.99743 8
    endloop
  endfacet
  facet normal -1 0 -0
    outer loop
      vertex 54 -17.391 7.06147
      vertex 54 -4.98929 4.32701
      vertex 54 -17.5754 6.57152
    endloop
  endfacet
  facet normal -1 0 0
    outer loop
      vertex 54 -3.53553 7.53553
      vertex 54 -16.9282 8
      vertex 54 -3.29673 7.7592
    endloop
  endfacet
  facet normal -1 0 0
    outer loop
      vertex 54 -3.7592 7.29673
      vertex 54 -16.9282 8
      vertex 54 -3.53553 7.53553
    endloop
  endfacet
  facet normal -1 0 0
    outer loop
      vertex 54 -3.96677 7.04381
      vertex 54 -16.9282 8
      vertex 54 -3.7592 7.29673
    endloop
  endfacet
  facet normal -1 0 -0
    outer loop
      vertex 54 -16.9282 8
      vertex 54 -4.98929 4.32701
      vertex 54 -17.175 7.53831
    endloop
  endfacet
  facet normal -1 0 0
    outer loop
      vertex 54 -4.15735 6.77785
      vertex 54 -16.9282 8
      vertex 54 -3.96677 7.04381
    endloop
  endfacet
  facet normal -1 0 0
    outer loop
      vertex 54 -4.98929 4.32701
      vertex 54 -16.9282 8
      vertex 54 -4.95722 4.65263
    endloop
  endfacet
  facet normal -1 0 0
    outer loop
      vertex 54 -4.33013 6.5
      vertex 54 -16.9282 8
      vertex 54 -4.15735 6.77785
    endloop
  endfacet
  facet normal -1 0 0
    outer loop
      vertex 54 -4.6194 5.91342
      vertex 54 -16.9282 8
      vertex 54 -4.48436 6.21144
    endloop
  endfacet
  facet normal -1 0 0
    outer loop
      vertex 54 -4.48436 6.21144
      vertex 54 -16.9282 8
      vertex 54 -4.33013 6.5
    endloop
  endfacet
  facet normal -1 0 0
    outer loop
      vertex 54 -4.82963 5.2941
      vertex 54 -16.9282 8
      vertex 54 -4.73465 5.6072
    endloop
  endfacet
  facet normal -1 0 0
    outer loop
      vertex 54 -4.73465 5.6072
      vertex 54 -16.9282 8
      vertex 54 -4.6194 5.91342
    endloop
  endfacet
  facet normal -1 0 0
    outer loop
      vertex 54 -4.90393 4.97545
      vertex 54 -16.9282 8
      vertex 54 -4.82963 5.2941
    endloop
  endfacet
  facet normal -1 0 0
    outer loop
      vertex 54 -4.95722 4.65263
      vertex 54 -16.9282 8
      vertex 54 -4.90393 4.97545
    endloop
  endfacet
  facet normal -1 0 -0
    outer loop
      vertex 54 -17.175 7.53831
      vertex 54 -4.98929 4.32701
      vertex 54 -17.391 7.06147
    endloop
  endfacet
  facet normal 0 -0.956923 0.290341
    outer loop
      vertex 54 -17.7274 6.07055
      vertex 59 -17.5754 6.57152
      vertex 54 -17.5754 6.57152
    endloop
  endfacet
  facet normal 0 -0.956923 0.290341
    outer loop
      vertex 59 -17.5754 6.57152
      vertex 54 -17.7274 6.07055
      vertex 59 -17.7274 6.07055
    endloop
  endfacet
  facet normal 0 0.999465 0.0327195
    outer loop
      vertex 74 9 4
      vertex 69 8.98073 4.58863
      vertex 74 8.98073 4.58863
    endloop
  endfacet
  facet normal 0 0.999465 0.0327195
    outer loop
      vertex 69 8.98073 4.58863
      vertex 74 9 4
      vertex 69 9 4
    endloop
  endfacet
  facet normal 0 -0.999466 0.0326648
    outer loop
      vertex 69 -18 4
      vertex 74 -17.9829 4.52322
      vertex 69 -17.9829 4.52322
    endloop
  endfacet
  facet normal 0 -0.999466 0.0326648
    outer loop
      vertex 74 -17.9829 4.52322
      vertex 69 -18 4
      vertex 74 -18 4
    endloop
  endfacet
  facet normal 0 0.973875 0.227084
    outer loop
      vertex 74 8.82707 5.75581
      vertex 69 8.69333 6.32937
      vertex 74 8.69333 6.32937
    endloop
  endfacet
  facet normal 0 0.973875 0.227084
    outer loop
      vertex 69 8.69333 6.32937
      vertex 74 8.82707 5.75581
      vertex 69 8.82707 5.75581
    endloop
  endfacet
  facet normal 0 0.995184 0.0980225
    outer loop
      vertex 74 8.98073 4.58863
      vertex 69 8.923 5.17474
      vertex 74 8.923 5.17474
    endloop
  endfacet
  facet normal 0 0.995184 0.0980225
    outer loop
      vertex 69 8.923 5.17474
      vertex 74 8.98073 4.58863
      vertex 69 8.98073 4.58863
    endloop
  endfacet
  facet normal 0 -0.935909 0.352243
    outer loop
      vertex 69 -17.5754 6.57152
      vertex 74 -17.391 7.06147
      vertex 69 -17.391 7.06147
    endloop
  endfacet
  facet normal 0 -0.935909 0.352243
    outer loop
      vertex 74 -17.391 7.06147
      vertex 69 -17.5754 6.57152
      vertex 74 -17.5754 6.57152
    endloop
  endfacet
  facet normal 0 -0.956923 -0.290341
    outer loop
      vertex 69 -17.5754 1.42848
      vertex 74 -17.7274 1.92945
      vertex 69 -17.7274 1.92945
    endloop
  endfacet
  facet normal 0 -0.956923 -0.290341
    outer loop
      vertex 74 -17.7274 1.92945
      vertex 69 -17.5754 1.42848
      vertex 74 -17.5754 1.42848
    endloop
  endfacet
  facet normal 0 0.93591 -0.35224
    outer loop
      vertex 74 8.31492 0.55585
      vertex 69 8.52237 1.10705
      vertex 74 8.52237 1.10705
    endloop
  endfacet
  facet normal 0 0.93591 -0.35224
    outer loop
      vertex 69 8.52237 1.10705
      vertex 74 8.31492 0.55585
      vertex 69 8.31492 0.55585
    endloop
  endfacet
  facet normal 0 0.881912 0.471414
    outer loop
      vertex 74 8.07185 7.9806
      vertex 69 8.06148 8
      vertex 74 8.06148 8
    endloop
  endfacet
  facet normal 0 0.881912 0.471414
    outer loop
      vertex 69 8.06148 8
      vertex 74 8.07185 7.9806
      vertex 69 8.07185 7.9806
    endloop
  endfacet
  facet normal 0 0.986645 -0.162887
    outer loop
      vertex 74 8.82707 2.24419
      vertex 69 8.923 2.82526
      vertex 74 8.923 2.82526
    endloop
  endfacet
  facet normal 0 0.986645 -0.162887
    outer loop
      vertex 69 8.923 2.82526
      vertex 74 8.82707 2.24419
      vertex 69 8.82707 2.24419
    endloop
  endfacet
  facet normal 0 0.881937 -0.471367
    outer loop
      vertex 74 8.06148 0
      vertex 69 8.07185 0.0194025
      vertex 74 8.07185 0.0194025
    endloop
  endfacet
  facet normal 0 0.881937 -0.471367
    outer loop
      vertex 69 8.07185 0.0194025
      vertex 74 8.06148 0
      vertex 69 8.06148 0
    endloop
  endfacet
  facet normal 0 0.995184 -0.0980225
    outer loop
      vertex 74 8.923 2.82526
      vertex 69 8.98073 3.41137
      vertex 74 8.98073 3.41137
    endloop
  endfacet
  facet normal 0 0.995184 -0.0980225
    outer loop
      vertex 69 8.98073 3.41137
      vertex 74 8.923 2.82526
      vertex 69 8.923 2.82526
    endloop
  endfacet
  facet normal 0 -0.986636 -0.16294
    outer loop
      vertex 69 -17.8463 2.43928
      vertex 74 -17.9316 2.95579
      vertex 69 -17.9316 2.95579
    endloop
  endfacet
  facet normal 0 -0.986636 -0.16294
    outer loop
      vertex 74 -17.9316 2.95579
      vertex 69 -17.8463 2.43928
      vertex 74 -17.8463 2.43928
    endloop
  endfacet
  facet normal 0 -0.973867 0.22712
    outer loop
      vertex 69 -17.8463 5.56072
      vertex 74 -17.7274 6.07055
      vertex 69 -17.7274 6.07055
    endloop
  endfacet
  facet normal 0 -0.973867 0.22712
    outer loop
      vertex 74 -17.7274 6.07055
      vertex 69 -17.8463 5.56072
      vertex 74 -17.8463 5.56072
    endloop
  endfacet
  facet normal 0 0.910859 0.412718
    outer loop
      vertex 74 8.31492 7.44415
      vertex 69 8.07185 7.9806
      vertex 74 8.07185 7.9806
    endloop
  endfacet
  facet normal 0 0.910859 0.412718
    outer loop
      vertex 69 8.07185 7.9806
      vertex 74 8.31492 7.44415
      vertex 69 8.31492 7.44415
    endloop
  endfacet
  facet normal 0 0.999465 -0.0327195
    outer loop
      vertex 74 8.98073 3.41137
      vertex 69 9 4
      vertex 74 9 4
    endloop
  endfacet
  facet normal 0 0.999465 -0.0327195
    outer loop
      vertex 69 9 4
      vertex 74 8.98073 3.41137
      vertex 69 8.98073 3.41137
    endloop
  endfacet
  facet normal 0 -0.999466 -0.0326648
    outer loop
      vertex 69 -17.9829 3.47678
      vertex 74 -18 4
      vertex 69 -18 4
    endloop
  endfacet
  facet normal 0 -0.999466 -0.0326648
    outer loop
      vertex 74 -18 4
      vertex 69 -17.9829 3.47678
      vertex 74 -17.9829 3.47678
    endloop
  endfacet
  facet normal 0 -0.973867 -0.22712
    outer loop
      vertex 69 -17.7274 1.92945
      vertex 74 -17.8463 2.43928
      vertex 69 -17.8463 2.43928
    endloop
  endfacet
  facet normal 0 -0.973867 -0.22712
    outer loop
      vertex 74 -17.8463 2.43928
      vertex 69 -17.7274 1.92945
      vertex 74 -17.7274 1.92945
    endloop
  endfacet
  facet normal 0 0.95694 -0.290284
    outer loop
      vertex 74 8.52237 1.10705
      vertex 69 8.69333 1.67063
      vertex 74 8.69333 1.67063
    endloop
  endfacet
  facet normal 0 0.95694 -0.290284
    outer loop
      vertex 69 8.69333 1.67063
      vertex 74 8.52237 1.10705
      vertex 69 8.52237 1.10705
    endloop
  endfacet
  facet normal 0 0.95694 0.290284
    outer loop
      vertex 74 8.69333 6.32937
      vertex 69 8.52237 6.89295
      vertex 74 8.52237 6.89295
    endloop
  endfacet
  facet normal 0 0.95694 0.290284
    outer loop
      vertex 69 8.52237 6.89295
      vertex 74 8.69333 6.32937
      vertex 69 8.69333 6.32937
    endloop
  endfacet
  facet normal 0 -0.910903 -0.412621
    outer loop
      vertex 69 -17.175 0.461691
      vertex 74 -17.391 0.938533
      vertex 69 -17.391 0.938533
    endloop
  endfacet
  facet normal 0 -0.910903 -0.412621
    outer loop
      vertex 74 -17.391 0.938533
      vertex 69 -17.175 0.461691
      vertex 74 -17.175 0.461691
    endloop
  endfacet
  facet normal 0 -0.995187 -0.0979925
    outer loop
      vertex 69 -17.9316 2.95579
      vertex 74 -17.9829 3.47678
      vertex 69 -17.9829 3.47678
    endloop
  endfacet
  facet normal 0 -0.995187 -0.0979925
    outer loop
      vertex 74 -17.9829 3.47678
      vertex 69 -17.9316 2.95579
      vertex 74 -17.9316 2.95579
    endloop
  endfacet
  facet normal 0 0.910858 -0.412719
    outer loop
      vertex 74 8.07185 0.0194025
      vertex 69 8.31492 0.55585
      vertex 74 8.31492 0.55585
    endloop
  endfacet
  facet normal 0 0.910858 -0.412719
    outer loop
      vertex 69 8.31492 0.55585
      vertex 74 8.07185 0.0194025
      vertex 69 8.07185 0.0194025
    endloop
  endfacet
  facet normal 0 0.986645 0.162887
    outer loop
      vertex 74 8.923 5.17474
      vertex 69 8.82707 5.75581
      vertex 74 8.82707 5.75581
    endloop
  endfacet
  facet normal 0 0.986645 0.162887
    outer loop
      vertex 69 8.82707 5.75581
      vertex 74 8.923 5.17474
      vertex 69 8.923 5.17474
    endloop
  endfacet
  facet normal 0 0.93591 0.35224
    outer loop
      vertex 74 8.52237 6.89295
      vertex 69 8.31492 7.44415
      vertex 74 8.31492 7.44415
    endloop
  endfacet
  facet normal 0 0.93591 0.35224
    outer loop
      vertex 69 8.31492 7.44415
      vertex 74 8.52237 6.89295
      vertex 69 8.52237 6.89295
    endloop
  endfacet
  facet normal 0 -0.995187 0.0979925
    outer loop
      vertex 69 -17.9829 4.52322
      vertex 74 -17.9316 5.04421
      vertex 69 -17.9316 5.04421
    endloop
  endfacet
  facet normal 0 -0.995187 0.0979925
    outer loop
      vertex 74 -17.9316 5.04421
      vertex 69 -17.9829 4.52322
      vertex 74 -17.9829 4.52322
    endloop
  endfacet
  facet normal 0 -0.881905 -0.471428
    outer loop
      vertex 69 -16.9282 0
      vertex 74 -17.175 0.461691
      vertex 69 -17.175 0.461691
    endloop
  endfacet
  facet normal 0 -0.881905 -0.471428
    outer loop
      vertex 74 -17.175 0.461691
      vertex 69 -16.9282 0
      vertex 74 -16.9282 0
    endloop
  endfacet
  facet normal 1 -0 0
    outer loop
      vertex 74 -17.175 7.53831
      vertex 74 -4.98929 4.32701
      vertex 74 -16.9282 8
    endloop
  endfacet
  facet normal 1 0 0
    outer loop
      vertex 74 -4.95722 4.65263
      vertex 74 -16.9282 8
      vertex 74 -4.98929 4.32701
    endloop
  endfacet
  facet normal 1 0 0
    outer loop
      vertex 74 -4.90393 4.97545
      vertex 74 -16.9282 8
      vertex 74 -4.95722 4.65263
    endloop
  endfacet
  facet normal 1 0 0
    outer loop
      vertex 74 -4.82963 5.2941
      vertex 74 -16.9282 8
      vertex 74 -4.90393 4.97545
    endloop
  endfacet
  facet normal 1 0 0
    outer loop
      vertex 74 -4.73465 5.6072
      vertex 74 -16.9282 8
      vertex 74 -4.82963 5.2941
    endloop
  endfacet
  facet normal 1 0 0
    outer loop
      vertex 74 -4.6194 5.91342
      vertex 74 -16.9282 8
      vertex 74 -4.73465 5.6072
    endloop
  endfacet
  facet normal 1 0 0
    outer loop
      vertex 74 -4.48436 6.21144
      vertex 74 -16.9282 8
      vertex 74 -4.6194 5.91342
    endloop
  endfacet
  facet normal 1 0 0
    outer loop
      vertex 74 -4.33013 6.5
      vertex 74 -16.9282 8
      vertex 74 -4.48436 6.21144
    endloop
  endfacet
  facet normal 1 0 0
    outer loop
      vertex 74 -4.15735 6.77785
      vertex 74 -16.9282 8
      vertex 74 -4.33013 6.5
    endloop
  endfacet
  facet normal 1 0 0
    outer loop
      vertex 74 -3.96677 7.04381
      vertex 74 -16.9282 8
      vertex 74 -4.15735 6.77785
    endloop
  endfacet
  facet normal 1 0 0
    outer loop
      vertex 74 -3.7592 7.29673
      vertex 74 -16.9282 8
      vertex 74 -3.96677 7.04381
    endloop
  endfacet
  facet normal 1 0 0
    outer loop
      vertex 74 -3.53553 7.53553
      vertex 74 -16.9282 8
      vertex 74 -3.7592 7.29673
    endloop
  endfacet
  facet normal 1 0 0
    outer loop
      vertex 74 -3.29673 7.7592
      vertex 74 -16.9282 8
      vertex 74 -3.53553 7.53553
    endloop
  endfacet
  facet normal 1 0 0
    outer loop
      vertex 74 -3.04381 7.96677
      vertex 74 -16.9282 8
      vertex 74 -3.29673 7.7592
    endloop
  endfacet
  facet normal 1 -0 0
    outer loop
      vertex 74 -16.9282 8
      vertex 74 -3.04381 7.96677
      vertex 74 -2.99743 8
    endloop
  endfacet
  facet normal 1 -0 0
    outer loop
      vertex 74 -17.391 7.06147
      vertex 74 -4.98929 4.32701
      vertex 74 -17.175 7.53831
    endloop
  endfacet
  facet normal 1 -0 0
    outer loop
      vertex 74 -17.5754 6.57152
      vertex 74 -4.98929 4.32701
      vertex 74 -17.391 7.06147
    endloop
  endfacet
  facet normal 1 -0 0
    outer loop
      vertex 74 -17.7274 6.07055
      vertex 74 -4.98929 4.32701
      vertex 74 -17.5754 6.57152
    endloop
  endfacet
  facet normal 1 0 0
    outer loop
      vertex 74 -4.98929 4.32701
      vertex 74 -17.7274 6.07055
      vertex 74 -5 4
    endloop
  endfacet
  facet normal 1 -0 0
    outer loop
      vertex 74 -17.8463 5.56072
      vertex 74 -5 4
      vertex 74 -17.7274 6.07055
    endloop
  endfacet
  facet normal 1 -0 0
    outer loop
      vertex 74 -17.9316 5.04421
      vertex 74 -5 4
      vertex 74 -17.8463 5.56072
    endloop
  endfacet
  facet normal 1 -0 0
    outer loop
      vertex 74 -17.9829 4.52322
      vertex 74 -5 4
      vertex 74 -17.9316 5.04421
    endloop
  endfacet
  facet normal 1 0 0
    outer loop
      vertex 74 -18 4
      vertex 74 -5 4
      vertex 74 -17.9829 4.52322
    endloop
  endfacet
  facet normal 1 0 -0
    outer loop
      vertex 74 -17.9829 3.47678
      vertex 74 -5 4
      vertex 74 -18 4
    endloop
  endfacet
  facet normal 1 0 -0
    outer loop
      vertex 74 -17.9316 2.95579
      vertex 74 -5 4
      vertex 74 -17.9829 3.47678
    endloop
  endfacet
  facet normal 1 0 -0
    outer loop
      vertex 74 -17.8463 2.43928
      vertex 74 -5 4
      vertex 74 -17.9316 2.95579
    endloop
  endfacet
  facet normal 1 0 0
    outer loop
      vertex 74 -5 4
      vertex 74 -17.8463 2.43928
      vertex 74 -4.98929 3.67299
    endloop
  endfacet
  facet normal 1 0 -0
    outer loop
      vertex 74 -17.7274 1.92945
      vertex 74 -4.98929 3.67299
      vertex 74 -17.8463 2.43928
    endloop
  endfacet
  facet normal 1 0 -0
    outer loop
      vertex 74 -17.5754 1.42848
      vertex 74 -4.98929 3.67299
      vertex 74 -17.7274 1.92945
    endloop
  endfacet
  facet normal 1 0 0
    outer loop
      vertex 74 -3.29673 0.240802
      vertex 74 -16.9282 0
      vertex 74 -3.04381 0.0332336
    endloop
  endfacet
  facet normal 1 0 0
    outer loop
      vertex 74 -3.04381 0.0332336
      vertex 74 -16.9282 0
      vertex 74 -2.99743 0
    endloop
  endfacet
  facet normal 1 0 -0
    outer loop
      vertex 74 -17.391 0.938533
      vertex 74 -4.98929 3.67299
      vertex 74 -17.5754 1.42848
    endloop
  endfacet
  facet normal 1 0 0
    outer loop
      vertex 74 -3.53553 0.464466
      vertex 74 -16.9282 0
      vertex 74 -3.29673 0.240802
    endloop
  endfacet
  facet normal 1 0 0
    outer loop
      vertex 74 -3.7592 0.703272
      vertex 74 -16.9282 0
      vertex 74 -3.53553 0.464466
    endloop
  endfacet
  facet normal 1 0 0
    outer loop
      vertex 74 -3.96677 0.956193
      vertex 74 -16.9282 0
      vertex 74 -3.7592 0.703272
    endloop
  endfacet
  facet normal 1 0 -0
    outer loop
      vertex 74 -16.9282 0
      vertex 74 -4.98929 3.67299
      vertex 74 -17.175 0.461691
    endloop
  endfacet
  facet normal 1 0 0
    outer loop
      vertex 74 -4.15735 1.22215
      vertex 74 -16.9282 0
      vertex 74 -3.96677 0.956193
    endloop
  endfacet
  facet normal 1 0 0
    outer loop
      vertex 74 -4.98929 3.67299
      vertex 74 -16.9282 0
      vertex 74 -4.95722 3.34737
    endloop
  endfacet
  facet normal 1 0 0
    outer loop
      vertex 74 -4.33013 1.5
      vertex 74 -16.9282 0
      vertex 74 -4.15735 1.22215
    endloop
  endfacet
  facet normal 1 0 0
    outer loop
      vertex 74 -4.6194 2.08658
      vertex 74 -16.9282 0
      vertex 74 -4.48436 1.78856
    endloop
  endfacet
  facet normal 1 0 0
    outer loop
      vertex 74 -4.48436 1.78856
      vertex 74 -16.9282 0
      vertex 74 -4.33013 1.5
    endloop
  endfacet
  facet normal 1 0 0
    outer loop
      vertex 74 -4.82963 2.7059
      vertex 74 -16.9282 0
      vertex 74 -4.73465 2.3928
    endloop
  endfacet
  facet normal 1 0 0
    outer loop
      vertex 74 -4.73465 2.3928
      vertex 74 -16.9282 0
      vertex 74 -4.6194 2.08658
    endloop
  endfacet
  facet normal 1 0 0
    outer loop
      vertex 74 -4.90393 3.02455
      vertex 74 -16.9282 0
      vertex 74 -4.82963 2.7059
    endloop
  endfacet
  facet normal 1 0 0
    outer loop
      vertex 74 -4.95722 3.34737
      vertex 74 -16.9282 0
      vertex 74 -4.90393 3.02455
    endloop
  endfacet
  facet normal 1 0 -0
    outer loop
      vertex 74 -17.175 0.461691
      vertex 74 -4.98929 3.67299
      vertex 74 -17.391 0.938533
    endloop
  endfacet
  facet normal 1 0 0
    outer loop
      vertex 74 5 4
      vertex 74 9 4
      vertex 74 8.98073 4.58863
    endloop
  endfacet
  facet normal 1 0 0
    outer loop
      vertex 74 4.98929 4.32701
      vertex 74 8.98073 4.58863
      vertex 74 8.923 5.17474
    endloop
  endfacet
  facet normal 1 0 0
    outer loop
      vertex 74 9 4
      vertex 74 5 4
      vertex 74 8.98073 3.41137
    endloop
  endfacet
  facet normal 1 0 0
    outer loop
      vertex 74 4.95722 4.65263
      vertex 74 8.923 5.17474
      vertex 74 8.82707 5.75581
    endloop
  endfacet
  facet normal 1 -0 0
    outer loop
      vertex 74 4.98929 3.67299
      vertex 74 8.98073 3.41137
      vertex 74 5 4
    endloop
  endfacet
  facet normal 1 0 0
    outer loop
      vertex 74 4.90393 4.97545
      vertex 74 8.82707 5.75581
      vertex 74 8.69333 6.32937
    endloop
  endfacet
  facet normal 1 0 0
    outer loop
      vertex 74 8.98073 3.41137
      vertex 74 4.98929 3.67299
      vertex 74 8.923 2.82526
    endloop
  endfacet
  facet normal 1 0 0
    outer loop
      vertex 74 4.82963 5.2941
      vertex 74 8.69333 6.32937
      vertex 74 8.52237 6.89295
    endloop
  endfacet
  facet normal 1 -0 0
    outer loop
      vertex 74 4.95722 3.34737
      vertex 74 8.923 2.82526
      vertex 74 4.98929 3.67299
    endloop
  endfacet
  facet normal 1 0 0
    outer loop
      vertex 74 4.73465 5.6072
      vertex 74 8.52237 6.89295
      vertex 74 8.31492 7.44415
    endloop
  endfacet
  facet normal 1 0 0
    outer loop
      vertex 74 8.923 2.82526
      vertex 74 4.95722 3.34737
      vertex 74 8.82707 2.24419
    endloop
  endfacet
  facet normal 1 0 0
    outer loop
      vertex 74 4.6194 5.91342
      vertex 74 8.31492 7.44415
      vertex 74 8.07185 7.9806
    endloop
  endfacet
  facet normal 1 -0 0
    outer loop
      vertex 74 4.90393 3.02455
      vertex 74 8.82707 2.24419
      vertex 74 4.95722 3.34737
    endloop
  endfacet
  facet normal 1 0 0
    outer loop
      vertex 74 4.48436 6.21144
      vertex 74 8.07185 7.9806
      vertex 74 8.06148 8
    endloop
  endfacet
  facet normal 1 0 0
    outer loop
      vertex 74 8.82707 2.24419
      vertex 74 4.90393 3.02455
      vertex 74 8.69333 1.67063
    endloop
  endfacet
  facet normal 1 -0 0
    outer loop
      vertex 74 4.82963 2.7059
      vertex 74 8.69333 1.67063
      vertex 74 4.90393 3.02455
    endloop
  endfacet
  facet normal 1 0 0
    outer loop
      vertex 74 8.98073 4.58863
      vertex 74 4.98929 4.32701
      vertex 74 5 4
    endloop
  endfacet
  facet normal 1 0 0
    outer loop
      vertex 74 8.923 5.17474
      vertex 74 4.95722 4.65263
      vertex 74 4.98929 4.32701
    endloop
  endfacet
  facet normal 1 0 0
    outer loop
      vertex 74 8.82707 5.75581
      vertex 74 4.90393 4.97545
      vertex 74 4.95722 4.65263
    endloop
  endfacet
  facet normal 1 0 0
    outer loop
      vertex 74 8.69333 6.32937
      vertex 74 4.82963 5.2941
      vertex 74 4.90393 4.97545
    endloop
  endfacet
  facet normal 1 0 0
    outer loop
      vertex 74 8.52237 6.89295
      vertex 74 4.73465 5.6072
      vertex 74 4.82963 5.2941
    endloop
  endfacet
  facet normal 1 0 0
    outer loop
      vertex 74 8.31492 7.44415
      vertex 74 4.6194 5.91342
      vertex 74 4.73465 5.6072
    endloop
  endfacet
  facet normal 1 0 0
    outer loop
      vertex 74 8.07185 7.9806
      vertex 74 4.48436 6.21144
      vertex 74 4.6194 5.91342
    endloop
  endfacet
  facet normal 1 0 0
    outer loop
      vertex 74 8.06148 8
      vertex 74 4.33013 6.5
      vertex 74 4.48436 6.21144
    endloop
  endfacet
  facet normal 1 0 0
    outer loop
      vertex 74 8.06148 8
      vertex 74 4.15735 6.77785
      vertex 74 4.33013 6.5
    endloop
  endfacet
  facet normal 1 0 0
    outer loop
      vertex 74 8.06148 8
      vertex 74 3.96677 7.04381
      vertex 74 4.15735 6.77785
    endloop
  endfacet
  facet normal 1 0 0
    outer loop
      vertex 74 8.06148 8
      vertex 74 3.7592 7.29673
      vertex 74 3.96677 7.04381
    endloop
  endfacet
  facet normal 1 0 0
    outer loop
      vertex 74 8.06148 8
      vertex 74 3.53553 7.53553
      vertex 74 3.7592 7.29673
    endloop
  endfacet
  facet normal 1 0 0
    outer loop
      vertex 74 8.06148 8
      vertex 74 3.29673 7.7592
      vertex 74 3.53553 7.53553
    endloop
  endfacet
  facet normal 1 0 0
    outer loop
      vertex 74 8.06148 8
      vertex 74 3.04381 7.96677
      vertex 74 3.29673 7.7592
    endloop
  endfacet
  facet normal 1 0 -0
    outer loop
      vertex 74 3.04381 7.96677
      vertex 74 8.06148 8
      vertex 74 2.99743 8
    endloop
  endfacet
  facet normal 1 0 0
    outer loop
      vertex 74 8.69333 1.67063
      vertex 74 4.82963 2.7059
      vertex 74 8.52237 1.10705
    endloop
  endfacet
  facet normal 1 -0 0
    outer loop
      vertex 74 4.73465 2.3928
      vertex 74 8.52237 1.10705
      vertex 74 4.82963 2.7059
    endloop
  endfacet
  facet normal 1 0 0
    outer loop
      vertex 74 8.52237 1.10705
      vertex 74 4.73465 2.3928
      vertex 74 8.31492 0.55585
    endloop
  endfacet
  facet normal 1 -0 0
    outer loop
      vertex 74 4.6194 2.08658
      vertex 74 8.31492 0.55585
      vertex 74 4.73465 2.3928
    endloop
  endfacet
  facet normal 1 0 0
    outer loop
      vertex 74 8.31492 0.55585
      vertex 74 4.6194 2.08658
      vertex 74 8.07185 0.0194025
    endloop
  endfacet
  facet normal 1 -0 0
    outer loop
      vertex 74 4.48436 1.78856
      vertex 74 8.07185 0.0194025
      vertex 74 4.6194 2.08658
    endloop
  endfacet
  facet normal 1 0 0
    outer loop
      vertex 74 8.07185 0.0194025
      vertex 74 4.48436 1.78856
      vertex 74 8.06148 0
    endloop
  endfacet
  facet normal 1 -0 0
    outer loop
      vertex 74 4.33013 1.5
      vertex 74 8.06148 0
      vertex 74 4.48436 1.78856
    endloop
  endfacet
  facet normal 1 -0 0
    outer loop
      vertex 74 4.15735 1.22215
      vertex 74 8.06148 0
      vertex 74 4.33013 1.5
    endloop
  endfacet
  facet normal 1 -0 0
    outer loop
      vertex 74 3.96677 0.956193
      vertex 74 8.06148 0
      vertex 74 4.15735 1.22215
    endloop
  endfacet
  facet normal 1 -0 0
    outer loop
      vertex 74 3.7592 0.703272
      vertex 74 8.06148 0
      vertex 74 3.96677 0.956193
    endloop
  endfacet
  facet normal 1 -0 0
    outer loop
      vertex 74 3.53553 0.464466
      vertex 74 8.06148 0
      vertex 74 3.7592 0.703272
    endloop
  endfacet
  facet normal 1 -0 0
    outer loop
      vertex 74 3.29673 0.240802
      vertex 74 8.06148 0
      vertex 74 3.53553 0.464466
    endloop
  endfacet
  facet normal 1 -0 0
    outer loop
      vertex 74 3.04381 0.0332336
      vertex 74 8.06148 0
      vertex 74 3.29673 0.240802
    endloop
  endfacet
  facet normal 1 0 0
    outer loop
      vertex 74 8.06148 0
      vertex 74 3.04381 0.0332336
      vertex 74 2.99743 0
    endloop
  endfacet
  facet normal 0 -0.935908 -0.352245
    outer loop
      vertex 69 -17.391 0.938533
      vertex 74 -17.5754 1.42848
      vertex 69 -17.5754 1.42848
    endloop
  endfacet
  facet normal 0 -0.935908 -0.352245
    outer loop
      vertex 74 -17.5754 1.42848
      vertex 69 -17.391 0.938533
      vertex 74 -17.391 0.938533
    endloop
  endfacet
  facet normal 0 -0.986636 0.16294
    outer loop
      vertex 69 -17.9316 5.04421
      vertex 74 -17.8463 5.56072
      vertex 69 -17.8463 5.56072
    endloop
  endfacet
  facet normal 0 -0.986636 0.16294
    outer loop
      vertex 74 -17.8463 5.56072
      vertex 69 -17.9316 5.04421
      vertex 74 -17.9316 5.04421
    endloop
  endfacet
  facet normal 0 0.973875 -0.227084
    outer loop
      vertex 74 8.69333 1.67063
      vertex 69 8.82707 2.24419
      vertex 74 8.82707 2.24419
    endloop
  endfacet
  facet normal 0 0.973875 -0.227084
    outer loop
      vertex 69 8.82707 2.24419
      vertex 74 8.69333 1.67063
      vertex 69 8.69333 1.67063
    endloop
  endfacet
  facet normal 0 -0.881904 0.471429
    outer loop
      vertex 69 -17.175 7.53831
      vertex 74 -16.9282 8
      vertex 69 -16.9282 8
    endloop
  endfacet
  facet normal 0 -0.881904 0.471429
    outer loop
      vertex 74 -16.9282 8
      vertex 69 -17.175 7.53831
      vertex 74 -17.175 7.53831
    endloop
  endfacet
  facet normal 0 -0.910902 0.412622
    outer loop
      vertex 69 -17.391 7.06147
      vertex 74 -17.175 7.53831
      vertex 69 -17.175 7.53831
    endloop
  endfacet
  facet normal 0 -0.910902 0.412622
    outer loop
      vertex 74 -17.175 7.53831
      vertex 69 -17.391 7.06147
      vertex 74 -17.391 7.06147
    endloop
  endfacet
  facet normal -1 0 0
    outer loop
      vertex 69 -5 4
      vertex 69 9 4
      vertex 69 8.98073 3.41137
    endloop
  endfacet
  facet normal -1 0 0
    outer loop
      vertex 69 -5 4
      vertex 69 8.98073 3.41137
      vertex 69 8.923 2.82526
    endloop
  endfacet
  facet normal -1 0 0
    outer loop
      vertex 69 9 4
      vertex 69 -5 4
      vertex 69 8.98073 4.58863
    endloop
  endfacet
  facet normal -1 0 0
    outer loop
      vertex 69 -5 4
      vertex 69 8.923 2.82526
      vertex 69 8.82707 2.24419
    endloop
  endfacet
  facet normal -1 -0 0
    outer loop
      vertex 69 8.98073 4.58863
      vertex 69 -5 4
      vertex 69 8.923 5.17474
    endloop
  endfacet
  facet normal -1 0 0
    outer loop
      vertex 69 -5 4
      vertex 69 8.82707 2.24419
      vertex 69 8.69333 1.67063
    endloop
  endfacet
  facet normal -1 -0 0
    outer loop
      vertex 69 8.923 5.17474
      vertex 69 -5 4
      vertex 69 8.82707 5.75581
    endloop
  endfacet
  facet normal -1 0 0
    outer loop
      vertex 69 -5.0107 3.67299
      vertex 69 8.69333 1.67063
      vertex 69 8.52237 1.10705
    endloop
  endfacet
  facet normal -1 -0 0
    outer loop
      vertex 69 8.82707 5.75581
      vertex 69 -5 4
      vertex 69 8.69333 6.32937
    endloop
  endfacet
  facet normal -1 0 0
    outer loop
      vertex 69 -5.0107 3.67299
      vertex 69 8.52237 1.10705
      vertex 69 8.31492 0.55585
    endloop
  endfacet
  facet normal -1 0 0
    outer loop
      vertex 69 -5.0107 4.32701
      vertex 69 8.69333 6.32937
      vertex 69 -5 4
    endloop
  endfacet
  facet normal -1 0 0
    outer loop
      vertex 69 8.06148 0
      vertex 69 8.31492 0.55585
      vertex 69 8.07185 0.0194025
    endloop
  endfacet
  facet normal -1 -0 0
    outer loop
      vertex 69 8.69333 6.32937
      vertex 69 -5.0107 4.32701
      vertex 69 8.52237 6.89295
    endloop
  endfacet
  facet normal -1 -0 0
    outer loop
      vertex 69 8.31492 0.55585
      vertex 69 8.06148 0
      vertex 69 -5.0107 3.67299
    endloop
  endfacet
  facet normal -1 -0 0
    outer loop
      vertex 69 8.52237 6.89295
      vertex 69 -5.0107 4.32701
      vertex 69 8.31492 7.44415
    endloop
  endfacet
  facet normal -1 0 -0
    outer loop
      vertex 69 8.06148 8
      vertex 69 8.31492 7.44415
      vertex 69 -5.0107 4.32701
    endloop
  endfacet
  facet normal -1 0 0
    outer loop
      vertex 69 8.69333 1.67063
      vertex 69 -5.0107 3.67299
      vertex 69 -5 4
    endloop
  endfacet
  facet normal -1 0 0
    outer loop
      vertex 69 8.06148 0
      vertex 69 -5.04278 3.34737
      vertex 69 -5.0107 3.67299
    endloop
  endfacet
  facet normal -1 0 0
    outer loop
      vertex 69 8.06148 0
      vertex 69 -5.09607 3.02455
      vertex 69 -5.04278 3.34737
    endloop
  endfacet
  facet normal -1 0 0
    outer loop
      vertex 69 8.06148 0
      vertex 69 -5.17037 2.7059
      vertex 69 -5.09607 3.02455
    endloop
  endfacet
  facet normal -1 0 0
    outer loop
      vertex 69 8.06148 0
      vertex 69 -5.26535 2.3928
      vertex 69 -5.17037 2.7059
    endloop
  endfacet
  facet normal -1 0 0
    outer loop
      vertex 69 8.06148 0
      vertex 69 -5.3806 2.08658
      vertex 69 -5.26535 2.3928
    endloop
  endfacet
  facet normal -1 0 0
    outer loop
      vertex 69 8.06148 0
      vertex 69 -5.51564 1.78856
      vertex 69 -5.3806 2.08658
    endloop
  endfacet
  facet normal -1 0 0
    outer loop
      vertex 69 8.06148 0
      vertex 69 -5.66987 1.5
      vertex 69 -5.51564 1.78856
    endloop
  endfacet
  facet normal -1 0 0
    outer loop
      vertex 69 8.06148 0
      vertex 69 -5.84265 1.22215
      vertex 69 -5.66987 1.5
    endloop
  endfacet
  facet normal -1 0 0
    outer loop
      vertex 69 8.06148 0
      vertex 69 -6.03323 0.956193
      vertex 69 -5.84265 1.22215
    endloop
  endfacet
  facet normal -1 0 0
    outer loop
      vertex 69 8.06148 0
      vertex 69 -6.2408 0.703272
      vertex 69 -6.03323 0.956193
    endloop
  endfacet
  facet normal -1 0 0
    outer loop
      vertex 69 8.06148 0
      vertex 69 -6.46447 0.464466
      vertex 69 -6.2408 0.703272
    endloop
  endfacet
  facet normal -1 0 0
    outer loop
      vertex 69 8.06148 0
      vertex 69 -6.70327 0.240802
      vertex 69 -6.46447 0.464466
    endloop
  endfacet
  facet normal -1 0 0
    outer loop
      vertex 69 8.06148 0
      vertex 69 -6.95619 0.0332336
      vertex 69 -6.70327 0.240802
    endloop
  endfacet
  facet normal -1 0 -0
    outer loop
      vertex 69 -6.95619 0.0332336
      vertex 69 8.06148 0
      vertex 69 -7.00257 0
    endloop
  endfacet
  facet normal -1 0 0
    outer loop
      vertex 69 8.31492 7.44415
      vertex 69 8.06148 8
      vertex 69 8.07185 7.9806
    endloop
  endfacet
  facet normal -1 0 0
    outer loop
      vertex 69 -5.04278 4.65263
      vertex 69 8.06148 8
      vertex 69 -5.0107 4.32701
    endloop
  endfacet
  facet normal -1 0 0
    outer loop
      vertex 69 -5.09607 4.97545
      vertex 69 8.06148 8
      vertex 69 -5.04278 4.65263
    endloop
  endfacet
  facet normal -1 0 0
    outer loop
      vertex 69 -5.17037 5.2941
      vertex 69 8.06148 8
      vertex 69 -5.09607 4.97545
    endloop
  endfacet
  facet normal -1 0 0
    outer loop
      vertex 69 -5.26535 5.6072
      vertex 69 8.06148 8
      vertex 69 -5.17037 5.2941
    endloop
  endfacet
  facet normal -1 0 0
    outer loop
      vertex 69 -5.3806 5.91342
      vertex 69 8.06148 8
      vertex 69 -5.26535 5.6072
    endloop
  endfacet
  facet normal -1 0 0
    outer loop
      vertex 69 -5.51564 6.21144
      vertex 69 8.06148 8
      vertex 69 -5.3806 5.91342
    endloop
  endfacet
  facet normal -1 0 0
    outer loop
      vertex 69 -5.66987 6.5
      vertex 69 8.06148 8
      vertex 69 -5.51564 6.21144
    endloop
  endfacet
  facet normal -1 0 0
    outer loop
      vertex 69 -5.84265 6.77785
      vertex 69 8.06148 8
      vertex 69 -5.66987 6.5
    endloop
  endfacet
  facet normal -1 0 0
    outer loop
      vertex 69 -6.03323 7.04381
      vertex 69 8.06148 8
      vertex 69 -5.84265 6.77785
    endloop
  endfacet
  facet normal -1 0 0
    outer loop
      vertex 69 -6.2408 7.29673
      vertex 69 8.06148 8
      vertex 69 -6.03323 7.04381
    endloop
  endfacet
  facet normal -1 0 0
    outer loop
      vertex 69 -6.46447 7.53553
      vertex 69 8.06148 8
      vertex 69 -6.2408 7.29673
    endloop
  endfacet
  facet normal -1 0 0
    outer loop
      vertex 69 -6.70327 7.7592
      vertex 69 8.06148 8
      vertex 69 -6.46447 7.53553
    endloop
  endfacet
  facet normal -1 0 0
    outer loop
      vertex 69 -6.95619 7.96677
      vertex 69 8.06148 8
      vertex 69 -6.70327 7.7592
    endloop
  endfacet
  facet normal -1 -0 0
    outer loop
      vertex 69 8.06148 8
      vertex 69 -6.95619 7.96677
      vertex 69 -7.00257 8
    endloop
  endfacet
  facet normal -1 0 0
    outer loop
      vertex 69 -17.7274 1.92945
      vertex 69 -14.8296 2.7059
      vertex 69 -17.5754 1.42848
    endloop
  endfacet
  facet normal -1 -0 0
    outer loop
      vertex 69 -14.7347 2.3928
      vertex 69 -17.5754 1.42848
      vertex 69 -14.8296 2.7059
    endloop
  endfacet
  facet normal -1 0 0
    outer loop
      vertex 69 -17.5754 1.42848
      vertex 69 -14.7347 2.3928
      vertex 69 -17.391 0.938533
    endloop
  endfacet
  facet normal -1 -0 0
    outer loop
      vertex 69 -14.6194 2.08658
      vertex 69 -17.391 0.938533
      vertex 69 -14.7347 2.3928
    endloop
  endfacet
  facet normal -1 0 0
    outer loop
      vertex 69 -17.391 0.938533
      vertex 69 -14.6194 2.08658
      vertex 69 -17.175 0.461691
    endloop
  endfacet
  facet normal -1 -0 0
    outer loop
      vertex 69 -14.4844 1.78856
      vertex 69 -17.175 0.461691
      vertex 69 -14.6194 2.08658
    endloop
  endfacet
  facet normal -1 0 0
    outer loop
      vertex 69 -17.175 0.461691
      vertex 69 -14.4844 1.78856
      vertex 69 -16.9282 0
    endloop
  endfacet
  facet normal -1 -0 0
    outer loop
      vertex 69 -14.3301 1.5
      vertex 69 -16.9282 0
      vertex 69 -14.4844 1.78856
    endloop
  endfacet
  facet normal -1 -0 0
    outer loop
      vertex 69 -14.1573 1.22215
      vertex 69 -16.9282 0
      vertex 69 -14.3301 1.5
    endloop
  endfacet
  facet normal -1 -0 0
    outer loop
      vertex 69 -13.9668 0.956193
      vertex 69 -16.9282 0
      vertex 69 -14.1573 1.22215
    endloop
  endfacet
  facet normal -1 -0 0
    outer loop
      vertex 69 -13.7592 0.703272
      vertex 69 -16.9282 0
      vertex 69 -13.9668 0.956193
    endloop
  endfacet
  facet normal -1 -0 0
    outer loop
      vertex 69 -13.5355 0.464466
      vertex 69 -16.9282 0
      vertex 69 -13.7592 0.703272
    endloop
  endfacet
  facet normal -1 -0 0
    outer loop
      vertex 69 -13.2967 0.240802
      vertex 69 -16.9282 0
      vertex 69 -13.5355 0.464466
    endloop
  endfacet
  facet normal -1 -0 0
    outer loop
      vertex 69 -13.0438 0.0332336
      vertex 69 -16.9282 0
      vertex 69 -13.2967 0.240802
    endloop
  endfacet
  facet normal -1 0 0
    outer loop
      vertex 69 -16.9282 0
      vertex 69 -13.0438 0.0332336
      vertex 69 -12.9974 0
    endloop
  endfacet
  facet normal -1 -0 0
    outer loop
      vertex 69 -14.8296 2.7059
      vertex 69 -17.7274 1.92945
      vertex 69 -14.9039 3.02455
    endloop
  endfacet
  facet normal -1 0 0
    outer loop
      vertex 69 -17.8463 2.43928
      vertex 69 -14.9039 3.02455
      vertex 69 -17.7274 1.92945
    endloop
  endfacet
  facet normal -1 -0 0
    outer loop
      vertex 69 -14.9039 3.02455
      vertex 69 -17.8463 2.43928
      vertex 69 -14.9572 3.34737
    endloop
  endfacet
  facet normal -1 0 0
    outer loop
      vertex 69 -17.9316 2.95579
      vertex 69 -14.9572 3.34737
      vertex 69 -17.8463 2.43928
    endloop
  endfacet
  facet normal -1 -0 0
    outer loop
      vertex 69 -14.9572 3.34737
      vertex 69 -17.9316 2.95579
      vertex 69 -14.9893 3.67299
    endloop
  endfacet
  facet normal -1 0 0
    outer loop
      vertex 69 -17.9829 3.47678
      vertex 69 -14.9893 3.67299
      vertex 69 -17.9316 2.95579
    endloop
  endfacet
  facet normal -1 0 0
    outer loop
      vertex 69 -13.0438 7.96677
      vertex 69 -16.9282 8
      vertex 69 -12.9974 8
    endloop
  endfacet
  facet normal -1 0 0
    outer loop
      vertex 69 -13.2967 7.7592
      vertex 69 -16.9282 8
      vertex 69 -13.0438 7.96677
    endloop
  endfacet
  facet normal -1 0 0
    outer loop
      vertex 69 -13.5355 7.53553
      vertex 69 -16.9282 8
      vertex 69 -13.2967 7.7592
    endloop
  endfacet
  facet normal -1 0 0
    outer loop
      vertex 69 -13.7592 7.29673
      vertex 69 -16.9282 8
      vertex 69 -13.5355 7.53553
    endloop
  endfacet
  facet normal -1 0 0
    outer loop
      vertex 69 -13.9668 7.04381
      vertex 69 -16.9282 8
      vertex 69 -13.7592 7.29673
    endloop
  endfacet
  facet normal -1 0 0
    outer loop
      vertex 69 -14.1573 6.77785
      vertex 69 -16.9282 8
      vertex 69 -13.9668 7.04381
    endloop
  endfacet
  facet normal -1 0 0
    outer loop
      vertex 69 -14.3301 6.5
      vertex 69 -16.9282 8
      vertex 69 -14.1573 6.77785
    endloop
  endfacet
  facet normal -1 0 0
    outer loop
      vertex 69 -14.4844 6.21144
      vertex 69 -16.9282 8
      vertex 69 -14.3301 6.5
    endloop
  endfacet
  facet normal -1 0 0
    outer loop
      vertex 69 -17.175 7.53831
      vertex 69 -14.4844 6.21144
      vertex 69 -14.6194 5.91342
    endloop
  endfacet
  facet normal -1 -0 0
    outer loop
      vertex 69 -14.9893 3.67299
      vertex 69 -17.9829 3.47678
      vertex 69 -15 4
    endloop
  endfacet
  facet normal -1 0 0
    outer loop
      vertex 69 -18 4
      vertex 69 -15 4
      vertex 69 -17.9829 3.47678
    endloop
  endfacet
  facet normal -1 0 0
    outer loop
      vertex 69 -14.4844 6.21144
      vertex 69 -17.175 7.53831
      vertex 69 -16.9282 8
    endloop
  endfacet
  facet normal -1 0 0
    outer loop
      vertex 69 -15 4
      vertex 69 -18 4
      vertex 69 -14.9893 4.32701
    endloop
  endfacet
  facet normal -1 0 0
    outer loop
      vertex 69 -14.6194 5.91342
      vertex 69 -17.391 7.06147
      vertex 69 -17.175 7.53831
    endloop
  endfacet
  facet normal -1 0 -0
    outer loop
      vertex 69 -17.9829 4.52322
      vertex 69 -14.9893 4.32701
      vertex 69 -18 4
    endloop
  endfacet
  facet normal -1 0 0
    outer loop
      vertex 69 -14.6194 5.91342
      vertex 69 -17.5754 6.57152
      vertex 69 -17.391 7.06147
    endloop
  endfacet
  facet normal -1 0 0
    outer loop
      vertex 69 -14.9893 4.32701
      vertex 69 -17.9829 4.52322
      vertex 69 -14.9572 4.65263
    endloop
  endfacet
  facet normal -1 0 0
    outer loop
      vertex 69 -14.7347 5.6072
      vertex 69 -17.5754 6.57152
      vertex 69 -14.6194 5.91342
    endloop
  endfacet
  facet normal -1 0 -0
    outer loop
      vertex 69 -17.9316 5.04421
      vertex 69 -14.9572 4.65263
      vertex 69 -17.9829 4.52322
    endloop
  endfacet
  facet normal -1 0 -0
    outer loop
      vertex 69 -17.5754 6.57152
      vertex 69 -14.7347 5.6072
      vertex 69 -17.7274 6.07055
    endloop
  endfacet
  facet normal -1 0 0
    outer loop
      vertex 69 -14.9572 4.65263
      vertex 69 -17.9316 5.04421
      vertex 69 -14.9039 4.97545
    endloop
  endfacet
  facet normal -1 0 0
    outer loop
      vertex 69 -14.8296 5.2941
      vertex 69 -17.7274 6.07055
      vertex 69 -14.7347 5.6072
    endloop
  endfacet
  facet normal -1 0 -0
    outer loop
      vertex 69 -17.8463 5.56072
      vertex 69 -14.9039 4.97545
      vertex 69 -17.9316 5.04421
    endloop
  endfacet
  facet normal -1 0 -0
    outer loop
      vertex 69 -17.7274 6.07055
      vertex 69 -14.8296 5.2941
      vertex 69 -17.8463 5.56072
    endloop
  endfacet
  facet normal -1 0 0
    outer loop
      vertex 69 -14.9039 4.97545
      vertex 69 -17.8463 5.56072
      vertex 69 -14.8296 5.2941
    endloop
  endfacet
  facet normal 0 -0.956923 0.290341
    outer loop
      vertex 69 -17.7274 6.07055
      vertex 74 -17.5754 6.57152
      vertex 69 -17.5754 6.57152
    endloop
  endfacet
  facet normal 0 -0.956923 0.290341
    outer loop
      vertex 74 -17.5754 6.57152
      vertex 69 -17.7274 6.07055
      vertex 74 -17.7274 6.07055
    endloop
  endfacet
  facet normal 0 0.881904 0.471429
    outer loop
      vertex 91 17.175 7.53831
      vertex 86 16.9282 8
      vertex 91 16.9282 8
    endloop
  endfacet
  facet normal 0 0.881904 0.471429
    outer loop
      vertex 86 16.9282 8
      vertex 91 17.175 7.53831
      vertex 86 17.175 7.53831
    endloop
  endfacet
  facet normal 0 0.995187 -0.0979925
    outer loop
      vertex 91 17.9316 2.95579
      vertex 86 17.9829 3.47678
      vertex 91 17.9829 3.47678
    endloop
  endfacet
  facet normal 0 0.995187 -0.0979925
    outer loop
      vertex 86 17.9829 3.47678
      vertex 91 17.9316 2.95579
      vertex 86 17.9316 2.95579
    endloop
  endfacet
  facet normal 0 0.956923 0.290341
    outer loop
      vertex 91 17.7274 6.07055
      vertex 86 17.5754 6.57152
      vertex 91 17.5754 6.57152
    endloop
  endfacet
  facet normal 0 0.956923 0.290341
    outer loop
      vertex 86 17.5754 6.57152
      vertex 91 17.7274 6.07055
      vertex 86 17.7274 6.07055
    endloop
  endfacet
  facet normal 1 -0 0
    outer loop
      vertex 91 -8.31492 7.44415
      vertex 91 5.0107 4.32701
      vertex 91 -8.06148 8
    endloop
  endfacet
  facet normal 1 0 0
    outer loop
      vertex 91 5.04278 4.65263
      vertex 91 -8.06148 8
      vertex 91 5.0107 4.32701
    endloop
  endfacet
  facet normal 1 0 0
    outer loop
      vertex 91 5.09607 4.97545
      vertex 91 -8.06148 8
      vertex 91 5.04278 4.65263
    endloop
  endfacet
  facet normal 1 0 0
    outer loop
      vertex 91 5.17037 5.2941
      vertex 91 -8.06148 8
      vertex 91 5.09607 4.97545
    endloop
  endfacet
  facet normal 1 0 0
    outer loop
      vertex 91 5.26535 5.6072
      vertex 91 -8.06148 8
      vertex 91 5.17037 5.2941
    endloop
  endfacet
  facet normal 1 0 0
    outer loop
      vertex 91 5.3806 5.91342
      vertex 91 -8.06148 8
      vertex 91 5.26535 5.6072
    endloop
  endfacet
  facet normal 1 0 0
    outer loop
      vertex 91 5.51564 6.21144
      vertex 91 -8.06148 8
      vertex 91 5.3806 5.91342
    endloop
  endfacet
  facet normal 1 0 0
    outer loop
      vertex 91 5.66987 6.5
      vertex 91 -8.06148 8
      vertex 91 5.51564 6.21144
    endloop
  endfacet
  facet normal 1 0 0
    outer loop
      vertex 91 5.84265 6.77785
      vertex 91 -8.06148 8
      vertex 91 5.66987 6.5
    endloop
  endfacet
  facet normal 1 0 0
    outer loop
      vertex 91 6.03323 7.04381
      vertex 91 -8.06148 8
      vertex 91 5.84265 6.77785
    endloop
  endfacet
  facet normal 1 0 0
    outer loop
      vertex 91 6.2408 7.29673
      vertex 91 -8.06148 8
      vertex 91 6.03323 7.04381
    endloop
  endfacet
  facet normal 1 0 0
    outer loop
      vertex 91 6.46447 7.53553
      vertex 91 -8.06148 8
      vertex 91 6.2408 7.29673
    endloop
  endfacet
  facet normal 1 0 0
    outer loop
      vertex 91 6.70327 7.7592
      vertex 91 -8.06148 8
      vertex 91 6.46447 7.53553
    endloop
  endfacet
  facet normal 1 0 0
    outer loop
      vertex 91 6.95619 7.96677
      vertex 91 -8.06148 8
      vertex 91 6.70327 7.7592
    endloop
  endfacet
  facet normal 1 -0 0
    outer loop
      vertex 91 -8.06148 8
      vertex 91 6.95619 7.96677
      vertex 91 7.00257 8
    endloop
  endfacet
  facet normal 1 -0 0
    outer loop
      vertex 91 -8.52237 6.89295
      vertex 91 5.0107 4.32701
      vertex 91 -8.31492 7.44415
    endloop
  endfacet
  facet normal 1 -0 0
    outer loop
      vertex 91 -8.69333 6.32937
      vertex 91 5.0107 4.32701
      vertex 91 -8.52237 6.89295
    endloop
  endfacet
  facet normal 1 0 0
    outer loop
      vertex 91 5.0107 4.32701
      vertex 91 -8.69333 6.32937
      vertex 91 5 4
    endloop
  endfacet
  facet normal 1 -0 0
    outer loop
      vertex 91 -8.82707 5.75581
      vertex 91 5 4
      vertex 91 -8.69333 6.32937
    endloop
  endfacet
  facet normal 1 -0 0
    outer loop
      vertex 91 -8.923 5.17474
      vertex 91 5 4
      vertex 91 -8.82707 5.75581
    endloop
  endfacet
  facet normal 1 -0 0
    outer loop
      vertex 91 -8.98073 4.58863
      vertex 91 5 4
      vertex 91 -8.923 5.17474
    endloop
  endfacet
  facet normal 1 0 0
    outer loop
      vertex 91 -9 4
      vertex 91 5 4
      vertex 91 -8.98073 4.58863
    endloop
  endfacet
  facet normal 1 0 -0
    outer loop
      vertex 91 -8.98073 3.41137
      vertex 91 5 4
      vertex 91 -9 4
    endloop
  endfacet
  facet normal 1 0 -0
    outer loop
      vertex 91 -8.923 2.82526
      vertex 91 5 4
      vertex 91 -8.98073 3.41137
    endloop
  endfacet
  facet normal 1 0 0
    outer loop
      vertex 91 5 4
      vertex 91 -8.923 2.82526
      vertex 91 5.0107 3.67299
    endloop
  endfacet
  facet normal 1 0 -0
    outer loop
      vertex 91 -8.82707 2.24419
      vertex 91 5.0107 3.67299
      vertex 91 -8.923 2.82526
    endloop
  endfacet
  facet normal 1 0 -0
    outer loop
      vertex 91 -8.69333 1.67063
      vertex 91 5.0107 3.67299
      vertex 91 -8.82707 2.24419
    endloop
  endfacet
  facet normal 1 0 -0
    outer loop
      vertex 91 -8.52237 1.10705
      vertex 91 5.0107 3.67299
      vertex 91 -8.69333 1.67063
    endloop
  endfacet
  facet normal 1 0 -0
    outer loop
      vertex 91 -8.31492 0.55585
      vertex 91 5.0107 3.67299
      vertex 91 -8.52237 1.10705
    endloop
  endfacet
  facet normal 1 0 -0
    outer loop
      vertex 91 -8.06148 0
      vertex 91 5.0107 3.67299
      vertex 91 -8.31492 0.55585
    endloop
  endfacet
  facet normal 1 0 0
    outer loop
      vertex 91 5.0107 3.67299
      vertex 91 -8.06148 0
      vertex 91 5.04278 3.34737
    endloop
  endfacet
  facet normal 1 0 0
    outer loop
      vertex 91 -8.31492 7.44415
      vertex 91 -8.06148 8
      vertex 91 -8.07185 7.9806
    endloop
  endfacet
  facet normal 1 0 0
    outer loop
      vertex 91 5.09607 3.02455
      vertex 91 -8.06148 0
      vertex 91 5.17037 2.7059
    endloop
  endfacet
  facet normal 1 0 0
    outer loop
      vertex 91 6.95619 0.0332336
      vertex 91 -8.06148 0
      vertex 91 7.00257 0
    endloop
  endfacet
  facet normal 1 0 0
    outer loop
      vertex 91 -8.06148 0
      vertex 91 -8.31492 0.55585
      vertex 91 -8.07185 0.0194025
    endloop
  endfacet
  facet normal 1 0 0
    outer loop
      vertex 91 5.17037 2.7059
      vertex 91 -8.06148 0
      vertex 91 5.26535 2.3928
    endloop
  endfacet
  facet normal 1 0 0
    outer loop
      vertex 91 6.70327 0.240802
      vertex 91 -8.06148 0
      vertex 91 6.95619 0.0332336
    endloop
  endfacet
  facet normal 1 0 0
    outer loop
      vertex 91 5.26535 2.3928
      vertex 91 -8.06148 0
      vertex 91 5.3806 2.08658
    endloop
  endfacet
  facet normal 1 0 0
    outer loop
      vertex 91 6.46447 0.464466
      vertex 91 -8.06148 0
      vertex 91 6.70327 0.240802
    endloop
  endfacet
  facet normal 1 0 0
    outer loop
      vertex 91 5.66987 1.5
      vertex 91 -8.06148 0
      vertex 91 5.84265 1.22215
    endloop
  endfacet
  facet normal 1 0 0
    outer loop
      vertex 91 6.2408 0.703272
      vertex 91 -8.06148 0
      vertex 91 6.46447 0.464466
    endloop
  endfacet
  facet normal 1 0 0
    outer loop
      vertex 91 6.03323 0.956193
      vertex 91 -8.06148 0
      vertex 91 6.2408 0.703272
    endloop
  endfacet
  facet normal 1 0 0
    outer loop
      vertex 91 5.84265 1.22215
      vertex 91 -8.06148 0
      vertex 91 6.03323 0.956193
    endloop
  endfacet
  facet normal 1 0 0
    outer loop
      vertex 91 5.51564 1.78856
      vertex 91 -8.06148 0
      vertex 91 5.66987 1.5
    endloop
  endfacet
  facet normal 1 0 0
    outer loop
      vertex 91 5.3806 2.08658
      vertex 91 -8.06148 0
      vertex 91 5.51564 1.78856
    endloop
  endfacet
  facet normal 1 0 0
    outer loop
      vertex 91 5.04278 3.34737
      vertex 91 -8.06148 0
      vertex 91 5.09607 3.02455
    endloop
  endfacet
  facet normal 1 0 0
    outer loop
      vertex 91 15 4
      vertex 91 18 4
      vertex 91 17.9829 4.52322
    endloop
  endfacet
  facet normal 1 0 0
    outer loop
      vertex 91 14.9893 4.32701
      vertex 91 17.9829 4.52322
      vertex 91 17.9316 5.04421
    endloop
  endfacet
  facet normal 1 0 0
    outer loop
      vertex 91 18 4
      vertex 91 15 4
      vertex 91 17.9829 3.47678
    endloop
  endfacet
  facet normal 1 0 0
    outer loop
      vertex 91 14.9572 4.65263
      vertex 91 17.9316 5.04421
      vertex 91 17.8463 5.56072
    endloop
  endfacet
  facet normal 1 -0 0
    outer loop
      vertex 91 14.9893 3.67299
      vertex 91 17.9829 3.47678
      vertex 91 15 4
    endloop
  endfacet
  facet normal 1 0 0
    outer loop
      vertex 91 14.9039 4.97545
      vertex 91 17.8463 5.56072
      vertex 91 17.7274 6.07055
    endloop
  endfacet
  facet normal 1 0 0
    outer loop
      vertex 91 17.9829 3.47678
      vertex 91 14.9893 3.67299
      vertex 91 17.9316 2.95579
    endloop
  endfacet
  facet normal 1 0 0
    outer loop
      vertex 91 14.8296 5.2941
      vertex 91 17.7274 6.07055
      vertex 91 17.5754 6.57152
    endloop
  endfacet
  facet normal 1 -0 0
    outer loop
      vertex 91 14.9572 3.34737
      vertex 91 17.9316 2.95579
      vertex 91 14.9893 3.67299
    endloop
  endfacet
  facet normal 1 0 0
    outer loop
      vertex 91 14.7347 5.6072
      vertex 91 17.5754 6.57152
      vertex 91 17.391 7.06147
    endloop
  endfacet
  facet normal 1 0 0
    outer loop
      vertex 91 17.9316 2.95579
      vertex 91 14.9572 3.34737
      vertex 91 17.8463 2.43928
    endloop
  endfacet
  facet normal 1 0 0
    outer loop
      vertex 91 14.6194 5.91342
      vertex 91 17.391 7.06147
      vertex 91 17.175 7.53831
    endloop
  endfacet
  facet normal 1 -0 0
    outer loop
      vertex 91 14.9039 3.02455
      vertex 91 17.8463 2.43928
      vertex 91 14.9572 3.34737
    endloop
  endfacet
  facet normal 1 0 0
    outer loop
      vertex 91 14.4844 6.21144
      vertex 91 17.175 7.53831
      vertex 91 16.9282 8
    endloop
  endfacet
  facet normal 1 0 0
    outer loop
      vertex 91 17.8463 2.43928
      vertex 91 14.9039 3.02455
      vertex 91 17.7274 1.92945
    endloop
  endfacet
  facet normal 1 -0 0
    outer loop
      vertex 91 14.8296 2.7059
      vertex 91 17.7274 1.92945
      vertex 91 14.9039 3.02455
    endloop
  endfacet
  facet normal 1 0 0
    outer loop
      vertex 91 17.9829 4.52322
      vertex 91 14.9893 4.32701
      vertex 91 15 4
    endloop
  endfacet
  facet normal 1 0 0
    outer loop
      vertex 91 17.9316 5.04421
      vertex 91 14.9572 4.65263
      vertex 91 14.9893 4.32701
    endloop
  endfacet
  facet normal 1 0 0
    outer loop
      vertex 91 17.8463 5.56072
      vertex 91 14.9039 4.97545
      vertex 91 14.9572 4.65263
    endloop
  endfacet
  facet normal 1 0 0
    outer loop
      vertex 91 17.7274 6.07055
      vertex 91 14.8296 5.2941
      vertex 91 14.9039 4.97545
    endloop
  endfacet
  facet normal 1 0 0
    outer loop
      vertex 91 17.5754 6.57152
      vertex 91 14.7347 5.6072
      vertex 91 14.8296 5.2941
    endloop
  endfacet
  facet normal 1 0 0
    outer loop
      vertex 91 17.391 7.06147
      vertex 91 14.6194 5.91342
      vertex 91 14.7347 5.6072
    endloop
  endfacet
  facet normal 1 0 0
    outer loop
      vertex 91 17.175 7.53831
      vertex 91 14.4844 6.21144
      vertex 91 14.6194 5.91342
    endloop
  endfacet
  facet normal 1 0 0
    outer loop
      vertex 91 16.9282 8
      vertex 91 14.3301 6.5
      vertex 91 14.4844 6.21144
    endloop
  endfacet
  facet normal 1 0 0
    outer loop
      vertex 91 16.9282 8
      vertex 91 14.1573 6.77785
      vertex 91 14.3301 6.5
    endloop
  endfacet
  facet normal 1 0 0
    outer loop
      vertex 91 16.9282 8
      vertex 91 13.9668 7.04381
      vertex 91 14.1573 6.77785
    endloop
  endfacet
  facet normal 1 0 0
    outer loop
      vertex 91 16.9282 8
      vertex 91 13.7592 7.29673
      vertex 91 13.9668 7.04381
    endloop
  endfacet
  facet normal 1 0 0
    outer loop
      vertex 91 16.9282 8
      vertex 91 13.5355 7.53553
      vertex 91 13.7592 7.29673
    endloop
  endfacet
  facet normal 1 0 0
    outer loop
      vertex 91 16.9282 8
      vertex 91 13.2967 7.7592
      vertex 91 13.5355 7.53553
    endloop
  endfacet
  facet normal 1 0 0
    outer loop
      vertex 91 16.9282 8
      vertex 91 13.0438 7.96677
      vertex 91 13.2967 7.7592
    endloop
  endfacet
  facet normal 1 0 -0
    outer loop
      vertex 91 13.0438 7.96677
      vertex 91 16.9282 8
      vertex 91 12.9974 8
    endloop
  endfacet
  facet normal 1 0 0
    outer loop
      vertex 91 17.7274 1.92945
      vertex 91 14.8296 2.7059
      vertex 91 17.5754 1.42848
    endloop
  endfacet
  facet normal 1 -0 0
    outer loop
      vertex 91 14.7347 2.3928
      vertex 91 17.5754 1.42848
      vertex 91 14.8296 2.7059
    endloop
  endfacet
  facet normal 1 0 0
    outer loop
      vertex 91 17.5754 1.42848
      vertex 91 14.7347 2.3928
      vertex 91 17.391 0.938533
    endloop
  endfacet
  facet normal 1 -0 0
    outer loop
      vertex 91 14.6194 2.08658
      vertex 91 17.391 0.938533
      vertex 91 14.7347 2.3928
    endloop
  endfacet
  facet normal 1 0 0
    outer loop
      vertex 91 17.391 0.938533
      vertex 91 14.6194 2.08658
      vertex 91 17.175 0.461691
    endloop
  endfacet
  facet normal 1 -0 0
    outer loop
      vertex 91 14.4844 1.78856
      vertex 91 17.175 0.461691
      vertex 91 14.6194 2.08658
    endloop
  endfacet
  facet normal 1 0 0
    outer loop
      vertex 91 17.175 0.461691
      vertex 91 14.4844 1.78856
      vertex 91 16.9282 0
    endloop
  endfacet
  facet normal 1 -0 0
    outer loop
      vertex 91 14.3301 1.5
      vertex 91 16.9282 0
      vertex 91 14.4844 1.78856
    endloop
  endfacet
  facet normal 1 -0 0
    outer loop
      vertex 91 14.1573 1.22215
      vertex 91 16.9282 0
      vertex 91 14.3301 1.5
    endloop
  endfacet
  facet normal 1 -0 0
    outer loop
      vertex 91 13.9668 0.956193
      vertex 91 16.9282 0
      vertex 91 14.1573 1.22215
    endloop
  endfacet
  facet normal 1 -0 0
    outer loop
      vertex 91 13.7592 0.703272
      vertex 91 16.9282 0
      vertex 91 13.9668 0.956193
    endloop
  endfacet
  facet normal 1 -0 0
    outer loop
      vertex 91 13.5355 0.464466
      vertex 91 16.9282 0
      vertex 91 13.7592 0.703272
    endloop
  endfacet
  facet normal 1 -0 0
    outer loop
      vertex 91 13.2967 0.240802
      vertex 91 16.9282 0
      vertex 91 13.5355 0.464466
    endloop
  endfacet
  facet normal 1 -0 0
    outer loop
      vertex 91 13.0438 0.0332336
      vertex 91 16.9282 0
      vertex 91 13.2967 0.240802
    endloop
  endfacet
  facet normal 1 0 0
    outer loop
      vertex 91 16.9282 0
      vertex 91 13.0438 0.0332336
      vertex 91 12.9974 0
    endloop
  endfacet
  facet normal 0 0.935909 0.352243
    outer loop
      vertex 91 17.5754 6.57152
      vertex 86 17.391 7.06147
      vertex 91 17.391 7.06147
    endloop
  endfacet
  facet normal 0 0.935909 0.352243
    outer loop
      vertex 86 17.391 7.06147
      vertex 91 17.5754 6.57152
      vertex 86 17.5754 6.57152
    endloop
  endfacet
  facet normal 0 -0.93591 -0.35224
    outer loop
      vertex 86 -8.31492 0.55585
      vertex 91 -8.52237 1.10705
      vertex 86 -8.52237 1.10705
    endloop
  endfacet
  facet normal 0 -0.93591 -0.35224
    outer loop
      vertex 91 -8.52237 1.10705
      vertex 86 -8.31492 0.55585
      vertex 91 -8.31492 0.55585
    endloop
  endfacet
  facet normal 0 0.910903 -0.412621
    outer loop
      vertex 91 17.175 0.461691
      vertex 86 17.391 0.938533
      vertex 91 17.391 0.938533
    endloop
  endfacet
  facet normal 0 0.910903 -0.412621
    outer loop
      vertex 86 17.391 0.938533
      vertex 91 17.175 0.461691
      vertex 86 17.175 0.461691
    endloop
  endfacet
  facet normal 0 -0.995184 0.0980225
    outer loop
      vertex 86 -8.98073 4.58863
      vertex 91 -8.923 5.17474
      vertex 86 -8.923 5.17474
    endloop
  endfacet
  facet normal 0 -0.995184 0.0980225
    outer loop
      vertex 91 -8.923 5.17474
      vertex 86 -8.98073 4.58863
      vertex 91 -8.98073 4.58863
    endloop
  endfacet
  facet normal 0 0.973867 -0.22712
    outer loop
      vertex 91 17.7274 1.92945
      vertex 86 17.8463 2.43928
      vertex 91 17.8463 2.43928
    endloop
  endfacet
  facet normal 0 0.973867 -0.22712
    outer loop
      vertex 86 17.8463 2.43928
      vertex 91 17.7274 1.92945
      vertex 86 17.7274 1.92945
    endloop
  endfacet
  facet normal 0 0.986636 0.16294
    outer loop
      vertex 91 17.9316 5.04421
      vertex 86 17.8463 5.56072
      vertex 91 17.8463 5.56072
    endloop
  endfacet
  facet normal 0 0.986636 0.16294
    outer loop
      vertex 86 17.8463 5.56072
      vertex 91 17.9316 5.04421
      vertex 86 17.9316 5.04421
    endloop
  endfacet
  facet normal 0 -0.995184 -0.0980225
    outer loop
      vertex 86 -8.923 2.82526
      vertex 91 -8.98073 3.41137
      vertex 86 -8.98073 3.41137
    endloop
  endfacet
  facet normal 0 -0.995184 -0.0980225
    outer loop
      vertex 91 -8.98073 3.41137
      vertex 86 -8.923 2.82526
      vertex 91 -8.923 2.82526
    endloop
  endfacet
  facet normal 0 0.995187 0.0979925
    outer loop
      vertex 91 17.9829 4.52322
      vertex 86 17.9316 5.04421
      vertex 91 17.9316 5.04421
    endloop
  endfacet
  facet normal 0 0.995187 0.0979925
    outer loop
      vertex 86 17.9316 5.04421
      vertex 91 17.9829 4.52322
      vertex 86 17.9829 4.52322
    endloop
  endfacet
  facet normal 0 -0.910858 -0.412719
    outer loop
      vertex 86 -8.07185 0.0194025
      vertex 91 -8.31492 0.55585
      vertex 86 -8.31492 0.55585
    endloop
  endfacet
  facet normal 0 -0.910858 -0.412719
    outer loop
      vertex 91 -8.31492 0.55585
      vertex 86 -8.07185 0.0194025
      vertex 91 -8.07185 0.0194025
    endloop
  endfacet
  facet normal 0 -0.999465 -0.0327195
    outer loop
      vertex 86 -8.98073 3.41137
      vertex 91 -9 4
      vertex 86 -9 4
    endloop
  endfacet
  facet normal 0 -0.999465 -0.0327195
    outer loop
      vertex 91 -9 4
      vertex 86 -8.98073 3.41137
      vertex 91 -8.98073 3.41137
    endloop
  endfacet
  facet normal 0 0.999466 -0.0326648
    outer loop
      vertex 91 17.9829 3.47678
      vertex 86 18 4
      vertex 91 18 4
    endloop
  endfacet
  facet normal 0 0.999466 -0.0326648
    outer loop
      vertex 86 18 4
      vertex 91 17.9829 3.47678
      vertex 86 17.9829 3.47678
    endloop
  endfacet
  facet normal 0 -0.999465 0.0327195
    outer loop
      vertex 86 -9 4
      vertex 91 -8.98073 4.58863
      vertex 86 -8.98073 4.58863
    endloop
  endfacet
  facet normal 0 -0.999465 0.0327195
    outer loop
      vertex 91 -8.98073 4.58863
      vertex 86 -9 4
      vertex 91 -9 4
    endloop
  endfacet
  facet normal 0 0.956923 -0.290341
    outer loop
      vertex 91 17.5754 1.42848
      vertex 86 17.7274 1.92945
      vertex 91 17.7274 1.92945
    endloop
  endfacet
  facet normal 0 0.956923 -0.290341
    outer loop
      vertex 86 17.7274 1.92945
      vertex 91 17.5754 1.42848
      vertex 86 17.5754 1.42848
    endloop
  endfacet
  facet normal 0 -0.95694 -0.290284
    outer loop
      vertex 86 -8.52237 1.10705
      vertex 91 -8.69333 1.67063
      vertex 86 -8.69333 1.67063
    endloop
  endfacet
  facet normal 0 -0.95694 -0.290284
    outer loop
      vertex 91 -8.69333 1.67063
      vertex 86 -8.52237 1.10705
      vertex 91 -8.52237 1.10705
    endloop
  endfacet
  facet normal 0 -0.881937 -0.471367
    outer loop
      vertex 86 -8.06148 0
      vertex 91 -8.07185 0.0194025
      vertex 86 -8.07185 0.0194025
    endloop
  endfacet
  facet normal 0 -0.881937 -0.471367
    outer loop
      vertex 91 -8.07185 0.0194025
      vertex 86 -8.06148 0
      vertex 91 -8.06148 0
    endloop
  endfacet
  facet normal 0 -0.986645 -0.162887
    outer loop
      vertex 86 -8.82707 2.24419
      vertex 91 -8.923 2.82526
      vertex 86 -8.923 2.82526
    endloop
  endfacet
  facet normal 0 -0.986645 -0.162887
    outer loop
      vertex 91 -8.923 2.82526
      vertex 86 -8.82707 2.24419
      vertex 91 -8.82707 2.24419
    endloop
  endfacet
  facet normal 0 -0.95694 0.290284
    outer loop
      vertex 86 -8.69333 6.32937
      vertex 91 -8.52237 6.89295
      vertex 86 -8.52237 6.89295
    endloop
  endfacet
  facet normal 0 -0.95694 0.290284
    outer loop
      vertex 91 -8.52237 6.89295
      vertex 86 -8.69333 6.32937
      vertex 91 -8.69333 6.32937
    endloop
  endfacet
  facet normal 0 0.910902 0.412622
    outer loop
      vertex 91 17.391 7.06147
      vertex 86 17.175 7.53831
      vertex 91 17.175 7.53831
    endloop
  endfacet
  facet normal 0 0.910902 0.412622
    outer loop
      vertex 86 17.175 7.53831
      vertex 91 17.391 7.06147
      vertex 86 17.391 7.06147
    endloop
  endfacet
  facet normal 0 -0.973875 0.227084
    outer loop
      vertex 86 -8.82707 5.75581
      vertex 91 -8.69333 6.32937
      vertex 86 -8.69333 6.32937
    endloop
  endfacet
  facet normal 0 -0.973875 0.227084
    outer loop
      vertex 91 -8.69333 6.32937
      vertex 86 -8.82707 5.75581
      vertex 91 -8.82707 5.75581
    endloop
  endfacet
  facet normal 0 0.935908 -0.352245
    outer loop
      vertex 91 17.391 0.938533
      vertex 86 17.5754 1.42848
      vertex 91 17.5754 1.42848
    endloop
  endfacet
  facet normal 0 0.935908 -0.352245
    outer loop
      vertex 86 17.5754 1.42848
      vertex 91 17.391 0.938533
      vertex 86 17.391 0.938533
    endloop
  endfacet
  facet normal -1 0 0
    outer loop
      vertex 86 5 4
      vertex 86 18 4
      vertex 86 17.9829 3.47678
    endloop
  endfacet
  facet normal -1 0 0
    outer loop
      vertex 86 5 4
      vertex 86 17.9829 3.47678
      vertex 86 17.9316 2.95579
    endloop
  endfacet
  facet normal -1 0 0
    outer loop
      vertex 86 18 4
      vertex 86 5 4
      vertex 86 17.9829 4.52322
    endloop
  endfacet
  facet normal -1 0 0
    outer loop
      vertex 86 5 4
      vertex 86 17.9316 2.95579
      vertex 86 17.8463 2.43928
    endloop
  endfacet
  facet normal -1 -0 0
    outer loop
      vertex 86 17.9829 4.52322
      vertex 86 5 4
      vertex 86 17.9316 5.04421
    endloop
  endfacet
  facet normal -1 0 0
    outer loop
      vertex 86 5 4
      vertex 86 17.8463 2.43928
      vertex 86 17.7274 1.92945
    endloop
  endfacet
  facet normal -1 -0 0
    outer loop
      vertex 86 17.9316 5.04421
      vertex 86 5 4
      vertex 86 17.8463 5.56072
    endloop
  endfacet
  facet normal -1 0 0
    outer loop
      vertex 86 4.98929 3.67299
      vertex 86 17.7274 1.92945
      vertex 86 17.5754 1.42848
    endloop
  endfacet
  facet normal -1 -0 0
    outer loop
      vertex 86 17.8463 5.56072
      vertex 86 5 4
      vertex 86 17.7274 6.07055
    endloop
  endfacet
  facet normal -1 0 0
    outer loop
      vertex 86 4.98929 3.67299
      vertex 86 17.5754 1.42848
      vertex 86 17.391 0.938533
    endloop
  endfacet
  facet normal -1 0 0
    outer loop
      vertex 86 4.98929 4.32701
      vertex 86 17.7274 6.07055
      vertex 86 5 4
    endloop
  endfacet
  facet normal -1 0 0
    outer loop
      vertex 86 4.98929 3.67299
      vertex 86 17.391 0.938533
      vertex 86 17.175 0.461691
    endloop
  endfacet
  facet normal -1 -0 0
    outer loop
      vertex 86 17.7274 6.07055
      vertex 86 4.98929 4.32701
      vertex 86 17.5754 6.57152
    endloop
  endfacet
  facet normal -1 0 0
    outer loop
      vertex 86 4.98929 3.67299
      vertex 86 17.175 0.461691
      vertex 86 16.9282 0
    endloop
  endfacet
  facet normal -1 -0 0
    outer loop
      vertex 86 17.5754 6.57152
      vertex 86 4.98929 4.32701
      vertex 86 17.391 7.06147
    endloop
  endfacet
  facet normal -1 -0 0
    outer loop
      vertex 86 17.391 7.06147
      vertex 86 4.98929 4.32701
      vertex 86 17.175 7.53831
    endloop
  endfacet
  facet normal -1 0 0
    outer loop
      vertex 86 17.7274 1.92945
      vertex 86 4.98929 3.67299
      vertex 86 5 4
    endloop
  endfacet
  facet normal -1 0 0
    outer loop
      vertex 86 16.9282 0
      vertex 86 4.95722 3.34737
      vertex 86 4.98929 3.67299
    endloop
  endfacet
  facet normal -1 0 0
    outer loop
      vertex 86 16.9282 0
      vertex 86 4.90393 3.02455
      vertex 86 4.95722 3.34737
    endloop
  endfacet
  facet normal -1 0 0
    outer loop
      vertex 86 16.9282 0
      vertex 86 4.82963 2.7059
      vertex 86 4.90393 3.02455
    endloop
  endfacet
  facet normal -1 0 0
    outer loop
      vertex 86 16.9282 0
      vertex 86 4.73465 2.3928
      vertex 86 4.82963 2.7059
    endloop
  endfacet
  facet normal -1 0 0
    outer loop
      vertex 86 16.9282 0
      vertex 86 4.6194 2.08658
      vertex 86 4.73465 2.3928
    endloop
  endfacet
  facet normal -1 0 0
    outer loop
      vertex 86 16.9282 0
      vertex 86 4.48436 1.78856
      vertex 86 4.6194 2.08658
    endloop
  endfacet
  facet normal -1 0 0
    outer loop
      vertex 86 16.9282 0
      vertex 86 4.33013 1.5
      vertex 86 4.48436 1.78856
    endloop
  endfacet
  facet normal -1 0 0
    outer loop
      vertex 86 16.9282 0
      vertex 86 4.15735 1.22215
      vertex 86 4.33013 1.5
    endloop
  endfacet
  facet normal -1 0 0
    outer loop
      vertex 86 16.9282 0
      vertex 86 3.96677 0.956193
      vertex 86 4.15735 1.22215
    endloop
  endfacet
  facet normal -1 0 0
    outer loop
      vertex 86 16.9282 0
      vertex 86 3.7592 0.703272
      vertex 86 3.96677 0.956193
    endloop
  endfacet
  facet normal -1 0 0
    outer loop
      vertex 86 16.9282 0
      vertex 86 3.53553 0.464466
      vertex 86 3.7592 0.703272
    endloop
  endfacet
  facet normal -1 0 0
    outer loop
      vertex 86 16.9282 0
      vertex 86 3.29673 0.240802
      vertex 86 3.53553 0.464466
    endloop
  endfacet
  facet normal -1 0 0
    outer loop
      vertex 86 16.9282 0
      vertex 86 3.04381 0.0332336
      vertex 86 3.29673 0.240802
    endloop
  endfacet
  facet normal -1 0 -0
    outer loop
      vertex 86 3.04381 0.0332336
      vertex 86 16.9282 0
      vertex 86 2.99743 0
    endloop
  endfacet
  facet normal -1 -0 0
    outer loop
      vertex 86 17.175 7.53831
      vertex 86 4.98929 4.32701
      vertex 86 16.9282 8
    endloop
  endfacet
  facet normal -1 0 0
    outer loop
      vertex 86 4.95722 4.65263
      vertex 86 16.9282 8
      vertex 86 4.98929 4.32701
    endloop
  endfacet
  facet normal -1 0 0
    outer loop
      vertex 86 4.90393 4.97545
      vertex 86 16.9282 8
      vertex 86 4.95722 4.65263
    endloop
  endfacet
  facet normal -1 0 0
    outer loop
      vertex 86 4.82963 5.2941
      vertex 86 16.9282 8
      vertex 86 4.90393 4.97545
    endloop
  endfacet
  facet normal -1 0 0
    outer loop
      vertex 86 4.73465 5.6072
      vertex 86 16.9282 8
      vertex 86 4.82963 5.2941
    endloop
  endfacet
  facet normal -1 0 0
    outer loop
      vertex 86 4.6194 5.91342
      vertex 86 16.9282 8
      vertex 86 4.73465 5.6072
    endloop
  endfacet
  facet normal -1 0 0
    outer loop
      vertex 86 4.48436 6.21144
      vertex 86 16.9282 8
      vertex 86 4.6194 5.91342
    endloop
  endfacet
  facet normal -1 0 0
    outer loop
      vertex 86 4.33013 6.5
      vertex 86 16.9282 8
      vertex 86 4.48436 6.21144
    endloop
  endfacet
  facet normal -1 0 0
    outer loop
      vertex 86 4.15735 6.77785
      vertex 86 16.9282 8
      vertex 86 4.33013 6.5
    endloop
  endfacet
  facet normal -1 0 0
    outer loop
      vertex 86 3.96677 7.04381
      vertex 86 16.9282 8
      vertex 86 4.15735 6.77785
    endloop
  endfacet
  facet normal -1 0 0
    outer loop
      vertex 86 3.7592 7.29673
      vertex 86 16.9282 8
      vertex 86 3.96677 7.04381
    endloop
  endfacet
  facet normal -1 0 0
    outer loop
      vertex 86 3.53553 7.53553
      vertex 86 16.9282 8
      vertex 86 3.7592 7.29673
    endloop
  endfacet
  facet normal -1 0 0
    outer loop
      vertex 86 3.29673 7.7592
      vertex 86 16.9282 8
      vertex 86 3.53553 7.53553
    endloop
  endfacet
  facet normal -1 0 0
    outer loop
      vertex 86 3.04381 7.96677
      vertex 86 16.9282 8
      vertex 86 3.29673 7.7592
    endloop
  endfacet
  facet normal -1 -0 0
    outer loop
      vertex 86 16.9282 8
      vertex 86 3.04381 7.96677
      vertex 86 2.99743 8
    endloop
  endfacet
  facet normal -1 0 0
    outer loop
      vertex 86 -8.69333 1.67063
      vertex 86 -4.82963 2.7059
      vertex 86 -8.52237 1.10705
    endloop
  endfacet
  facet normal -1 -0 0
    outer loop
      vertex 86 -4.73465 2.3928
      vertex 86 -8.52237 1.10705
      vertex 86 -4.82963 2.7059
    endloop
  endfacet
  facet normal -1 0 0
    outer loop
      vertex 86 -8.52237 1.10705
      vertex 86 -4.73465 2.3928
      vertex 86 -8.31492 0.55585
    endloop
  endfacet
  facet normal -1 -0 0
    outer loop
      vertex 86 -4.6194 2.08658
      vertex 86 -8.31492 0.55585
      vertex 86 -4.73465 2.3928
    endloop
  endfacet
  facet normal -1 0 0
    outer loop
      vertex 86 -8.31492 0.55585
      vertex 86 -4.6194 2.08658
      vertex 86 -8.07185 0.0194025
    endloop
  endfacet
  facet normal -1 -0 0
    outer loop
      vertex 86 -4.48436 1.78856
      vertex 86 -8.07185 0.0194025
      vertex 86 -4.6194 2.08658
    endloop
  endfacet
  facet normal -1 0 0
    outer loop
      vertex 86 -8.07185 0.0194025
      vertex 86 -4.48436 1.78856
      vertex 86 -8.06148 0
    endloop
  endfacet
  facet normal -1 -0 0
    outer loop
      vertex 86 -4.33013 1.5
      vertex 86 -8.06148 0
      vertex 86 -4.48436 1.78856
    endloop
  endfacet
  facet normal -1 -0 0
    outer loop
      vertex 86 -4.15735 1.22215
      vertex 86 -8.06148 0
      vertex 86 -4.33013 1.5
    endloop
  endfacet
  facet normal -1 -0 0
    outer loop
      vertex 86 -3.96677 0.956193
      vertex 86 -8.06148 0
      vertex 86 -4.15735 1.22215
    endloop
  endfacet
  facet normal -1 -0 0
    outer loop
      vertex 86 -3.7592 0.703272
      vertex 86 -8.06148 0
      vertex 86 -3.96677 0.956193
    endloop
  endfacet
  facet normal -1 -0 0
    outer loop
      vertex 86 -3.53553 0.464466
      vertex 86 -8.06148 0
      vertex 86 -3.7592 0.703272
    endloop
  endfacet
  facet normal -1 -0 0
    outer loop
      vertex 86 -3.29673 0.240802
      vertex 86 -8.06148 0
      vertex 86 -3.53553 0.464466
    endloop
  endfacet
  facet normal -1 -0 0
    outer loop
      vertex 86 -3.04381 0.0332336
      vertex 86 -8.06148 0
      vertex 86 -3.29673 0.240802
    endloop
  endfacet
  facet normal -1 0 0
    outer loop
      vertex 86 -8.06148 0
      vertex 86 -3.04381 0.0332336
      vertex 86 -2.99743 0
    endloop
  endfacet
  facet normal -1 -0 0
    outer loop
      vertex 86 -4.82963 2.7059
      vertex 86 -8.69333 1.67063
      vertex 86 -4.90393 3.02455
    endloop
  endfacet
  facet normal -1 0 0
    outer loop
      vertex 86 -8.82707 2.24419
      vertex 86 -4.90393 3.02455
      vertex 86 -8.69333 1.67063
    endloop
  endfacet
  facet normal -1 -0 0
    outer loop
      vertex 86 -4.90393 3.02455
      vertex 86 -8.82707 2.24419
      vertex 86 -4.95722 3.34737
    endloop
  endfacet
  facet normal -1 0 0
    outer loop
      vertex 86 -8.923 2.82526
      vertex 86 -4.95722 3.34737
      vertex 86 -8.82707 2.24419
    endloop
  endfacet
  facet normal -1 -0 0
    outer loop
      vertex 86 -4.95722 3.34737
      vertex 86 -8.923 2.82526
      vertex 86 -4.98929 3.67299
    endloop
  endfacet
  facet normal -1 0 0
    outer loop
      vertex 86 -8.98073 3.41137
      vertex 86 -4.98929 3.67299
      vertex 86 -8.923 2.82526
    endloop
  endfacet
  facet normal -1 -0 0
    outer loop
      vertex 86 -4.98929 3.67299
      vertex 86 -8.98073 3.41137
      vertex 86 -5 4
    endloop
  endfacet
  facet normal -1 0 0
    outer loop
      vertex 86 -5 4
      vertex 86 -9 4
      vertex 86 -4.98929 4.32701
    endloop
  endfacet
  facet normal -1 0 0
    outer loop
      vertex 86 -3.04381 7.96677
      vertex 86 -8.06148 8
      vertex 86 -2.99743 8
    endloop
  endfacet
  facet normal -1 0 0
    outer loop
      vertex 86 -3.29673 7.7592
      vertex 86 -8.06148 8
      vertex 86 -3.04381 7.96677
    endloop
  endfacet
  facet normal -1 0 0
    outer loop
      vertex 86 -3.53553 7.53553
      vertex 86 -8.06148 8
      vertex 86 -3.29673 7.7592
    endloop
  endfacet
  facet normal -1 0 0
    outer loop
      vertex 86 -3.7592 7.29673
      vertex 86 -8.06148 8
      vertex 86 -3.53553 7.53553
    endloop
  endfacet
  facet normal -1 0 0
    outer loop
      vertex 86 -3.96677 7.04381
      vertex 86 -8.06148 8
      vertex 86 -3.7592 7.29673
    endloop
  endfacet
  facet normal -1 0 0
    outer loop
      vertex 86 -4.15735 6.77785
      vertex 86 -8.06148 8
      vertex 86 -3.96677 7.04381
    endloop
  endfacet
  facet normal -1 0 0
    outer loop
      vertex 86 -4.33013 6.5
      vertex 86 -8.06148 8
      vertex 86 -4.15735 6.77785
    endloop
  endfacet
  facet normal -1 0 -0
    outer loop
      vertex 86 -8.98073 4.58863
      vertex 86 -4.98929 4.32701
      vertex 86 -9 4
    endloop
  endfacet
  facet normal -1 0 0
    outer loop
      vertex 86 -9 4
      vertex 86 -5 4
      vertex 86 -8.98073 3.41137
    endloop
  endfacet
  facet normal -1 0 0
    outer loop
      vertex 86 -4.98929 4.32701
      vertex 86 -8.98073 4.58863
      vertex 86 -4.95722 4.65263
    endloop
  endfacet
  facet normal -1 0 -0
    outer loop
      vertex 86 -8.06148 8
      vertex 86 -4.48436 6.21144
      vertex 86 -8.07185 7.9806
    endloop
  endfacet
  facet normal -1 0 0
    outer loop
      vertex 86 -4.48436 6.21144
      vertex 86 -8.06148 8
      vertex 86 -4.33013 6.5
    endloop
  endfacet
  facet normal -1 0 -0
    outer loop
      vertex 86 -8.923 5.17474
      vertex 86 -4.95722 4.65263
      vertex 86 -8.98073 4.58863
    endloop
  endfacet
  facet normal -1 0 -0
    outer loop
      vertex 86 -8.07185 7.9806
      vertex 86 -4.48436 6.21144
      vertex 86 -8.31492 7.44415
    endloop
  endfacet
  facet normal -1 0 0
    outer loop
      vertex 86 -4.95722 4.65263
      vertex 86 -8.923 5.17474
      vertex 86 -4.90393 4.97545
    endloop
  endfacet
  facet normal -1 0 0
    outer loop
      vertex 86 -4.6194 5.91342
      vertex 86 -8.31492 7.44415
      vertex 86 -4.48436 6.21144
    endloop
  endfacet
  facet normal -1 0 -0
    outer loop
      vertex 86 -8.82707 5.75581
      vertex 86 -4.90393 4.97545
      vertex 86 -8.923 5.17474
    endloop
  endfacet
  facet normal -1 0 -0
    outer loop
      vertex 86 -8.31492 7.44415
      vertex 86 -4.6194 5.91342
      vertex 86 -8.52237 6.89295
    endloop
  endfacet
  facet normal -1 0 0
    outer loop
      vertex 86 -4.90393 4.97545
      vertex 86 -8.82707 5.75581
      vertex 86 -4.82963 5.2941
    endloop
  endfacet
  facet normal -1 0 0
    outer loop
      vertex 86 -4.73465 5.6072
      vertex 86 -8.52237 6.89295
      vertex 86 -4.6194 5.91342
    endloop
  endfacet
  facet normal -1 0 -0
    outer loop
      vertex 86 -8.69333 6.32937
      vertex 86 -4.82963 5.2941
      vertex 86 -8.82707 5.75581
    endloop
  endfacet
  facet normal -1 0 -0
    outer loop
      vertex 86 -8.52237 6.89295
      vertex 86 -4.73465 5.6072
      vertex 86 -8.69333 6.32937
    endloop
  endfacet
  facet normal -1 0 0
    outer loop
      vertex 86 -4.82963 5.2941
      vertex 86 -8.69333 6.32937
      vertex 86 -4.73465 5.6072
    endloop
  endfacet
  facet normal 0 0.881905 -0.471428
    outer loop
      vertex 91 16.9282 0
      vertex 86 17.175 0.461691
      vertex 91 17.175 0.461691
    endloop
  endfacet
  facet normal 0 0.881905 -0.471428
    outer loop
      vertex 86 17.175 0.461691
      vertex 91 16.9282 0
      vertex 86 16.9282 0
    endloop
  endfacet
  facet normal 0 -0.973875 -0.227084
    outer loop
      vertex 86 -8.69333 1.67063
      vertex 91 -8.82707 2.24419
      vertex 86 -8.82707 2.24419
    endloop
  endfacet
  facet normal 0 -0.973875 -0.227084
    outer loop
      vertex 91 -8.82707 2.24419
      vertex 86 -8.69333 1.67063
      vertex 91 -8.69333 1.67063
    endloop
  endfacet
  facet normal 0 -0.986645 0.162887
    outer loop
      vertex 86 -8.923 5.17474
      vertex 91 -8.82707 5.75581
      vertex 86 -8.82707 5.75581
    endloop
  endfacet
  facet normal 0 -0.986645 0.162887
    outer loop
      vertex 91 -8.82707 5.75581
      vertex 86 -8.923 5.17474
      vertex 91 -8.923 5.17474
    endloop
  endfacet
  facet normal 0 -0.93591 0.35224
    outer loop
      vertex 86 -8.52237 6.89295
      vertex 91 -8.31492 7.44415
      vertex 86 -8.31492 7.44415
    endloop
  endfacet
  facet normal 0 -0.93591 0.35224
    outer loop
      vertex 91 -8.31492 7.44415
      vertex 86 -8.52237 6.89295
      vertex 91 -8.52237 6.89295
    endloop
  endfacet
  facet normal 0 0.973867 0.22712
    outer loop
      vertex 91 17.8463 5.56072
      vertex 86 17.7274 6.07055
      vertex 91 17.7274 6.07055
    endloop
  endfacet
  facet normal 0 0.973867 0.22712
    outer loop
      vertex 86 17.7274 6.07055
      vertex 91 17.8463 5.56072
      vertex 86 17.8463 5.56072
    endloop
  endfacet
  facet normal 0 0.986636 -0.16294
    outer loop
      vertex 91 17.8463 2.43928
      vertex 86 17.9316 2.95579
      vertex 91 17.9316 2.95579
    endloop
  endfacet
  facet normal 0 0.986636 -0.16294
    outer loop
      vertex 86 17.9316 2.95579
      vertex 91 17.8463 2.43928
      vertex 86 17.8463 2.43928
    endloop
  endfacet
  facet normal 0 0.999466 0.0326648
    outer loop
      vertex 91 18 4
      vertex 86 17.9829 4.52322
      vertex 91 17.9829 4.52322
    endloop
  endfacet
  facet normal 0 0.999466 0.0326648
    outer loop
      vertex 86 17.9829 4.52322
      vertex 91 18 4
      vertex 86 18 4
    endloop
  endfacet
  facet normal 0 -0.910859 0.412718
    outer loop
      vertex 86 -8.31492 7.44415
      vertex 91 -8.07185 7.9806
      vertex 86 -8.07185 7.9806
    endloop
  endfacet
  facet normal 0 -0.910859 0.412718
    outer loop
      vertex 91 -8.07185 7.9806
      vertex 86 -8.31492 7.44415
      vertex 91 -8.31492 7.44415
    endloop
  endfacet
  facet normal 0 -0.881912 0.471414
    outer loop
      vertex 86 -8.07185 7.9806
      vertex 91 -8.06148 8
      vertex 86 -8.06148 8
    endloop
  endfacet
  facet normal 0 -0.881912 0.471414
    outer loop
      vertex 91 -8.06148 8
      vertex 86 -8.07185 7.9806
      vertex 91 -8.07185 7.9806
    endloop
  endfacet
  facet normal 0 0.881904 0.471429
    outer loop
      vertex 106 17.175 7.53831
      vertex 101 16.9282 8
      vertex 106 16.9282 8
    endloop
  endfacet
  facet normal 0 0.881904 0.471429
    outer loop
      vertex 101 16.9282 8
      vertex 106 17.175 7.53831
      vertex 101 17.175 7.53831
    endloop
  endfacet
  facet normal 0 0.995187 -0.0979925
    outer loop
      vertex 106 17.9316 2.95579
      vertex 101 17.9829 3.47678
      vertex 106 17.9829 3.47678
    endloop
  endfacet
  facet normal 0 0.995187 -0.0979925
    outer loop
      vertex 101 17.9829 3.47678
      vertex 106 17.9316 2.95579
      vertex 101 17.9316 2.95579
    endloop
  endfacet
  facet normal 0 0.956923 0.290341
    outer loop
      vertex 106 17.7274 6.07055
      vertex 101 17.5754 6.57152
      vertex 106 17.5754 6.57152
    endloop
  endfacet
  facet normal 0 0.956923 0.290341
    outer loop
      vertex 101 17.5754 6.57152
      vertex 106 17.7274 6.07055
      vertex 101 17.7274 6.07055
    endloop
  endfacet
  facet normal 1 -0 0
    outer loop
      vertex 106 -8.69333 6.32937
      vertex 106 -4.82963 5.2941
      vertex 106 -8.52237 6.89295
    endloop
  endfacet
  facet normal 1 0 0
    outer loop
      vertex 106 -4.73465 5.6072
      vertex 106 -8.52237 6.89295
      vertex 106 -4.82963 5.2941
    endloop
  endfacet
  facet normal 1 -0 0
    outer loop
      vertex 106 -8.52237 6.89295
      vertex 106 -4.73465 5.6072
      vertex 106 -8.31492 7.44415
    endloop
  endfacet
  facet normal 1 0 0
    outer loop
      vertex 106 -4.6194 5.91342
      vertex 106 -8.31492 7.44415
      vertex 106 -4.73465 5.6072
    endloop
  endfacet
  facet normal 1 -0 0
    outer loop
      vertex 106 -8.31492 7.44415
      vertex 106 -4.6194 5.91342
      vertex 106 -8.07185 7.9806
    endloop
  endfacet
  facet normal 1 0 0
    outer loop
      vertex 106 -4.48436 6.21144
      vertex 106 -8.07185 7.9806
      vertex 106 -4.6194 5.91342
    endloop
  endfacet
  facet normal 1 -0 0
    outer loop
      vertex 106 -8.07185 7.9806
      vertex 106 -4.48436 6.21144
      vertex 106 -8.06148 8
    endloop
  endfacet
  facet normal 1 0 0
    outer loop
      vertex 106 -4.33013 6.5
      vertex 106 -8.06148 8
      vertex 106 -4.48436 6.21144
    endloop
  endfacet
  facet normal 1 0 0
    outer loop
      vertex 106 -4.15735 6.77785
      vertex 106 -8.06148 8
      vertex 106 -4.33013 6.5
    endloop
  endfacet
  facet normal 1 0 0
    outer loop
      vertex 106 -3.96677 7.04381
      vertex 106 -8.06148 8
      vertex 106 -4.15735 6.77785
    endloop
  endfacet
  facet normal 1 0 0
    outer loop
      vertex 106 -3.7592 7.29673
      vertex 106 -8.06148 8
      vertex 106 -3.96677 7.04381
    endloop
  endfacet
  facet normal 1 0 0
    outer loop
      vertex 106 -3.53553 7.53553
      vertex 106 -8.06148 8
      vertex 106 -3.7592 7.29673
    endloop
  endfacet
  facet normal 1 0 0
    outer loop
      vertex 106 -3.29673 7.7592
      vertex 106 -8.06148 8
      vertex 106 -3.53553 7.53553
    endloop
  endfacet
  facet normal 1 0 0
    outer loop
      vertex 106 -3.04381 7.96677
      vertex 106 -8.06148 8
      vertex 106 -3.29673 7.7592
    endloop
  endfacet
  facet normal 1 -0 0
    outer loop
      vertex 106 -8.06148 8
      vertex 106 -3.04381 7.96677
      vertex 106 -2.99743 8
    endloop
  endfacet
  facet normal 1 0 0
    outer loop
      vertex 106 -4.82963 5.2941
      vertex 106 -8.69333 6.32937
      vertex 106 -4.90393 4.97545
    endloop
  endfacet
  facet normal 1 -0 0
    outer loop
      vertex 106 -8.82707 5.75581
      vertex 106 -4.90393 4.97545
      vertex 106 -8.69333 6.32937
    endloop
  endfacet
  facet normal 1 0 0
    outer loop
      vertex 106 -4.90393 4.97545
      vertex 106 -8.82707 5.75581
      vertex 106 -4.95722 4.65263
    endloop
  endfacet
  facet normal 1 -0 0
    outer loop
      vertex 106 -8.923 5.17474
      vertex 106 -4.95722 4.65263
      vertex 106 -8.82707 5.75581
    endloop
  endfacet
  facet normal 1 0 0
    outer loop
      vertex 106 -4.95722 4.65263
      vertex 106 -8.923 5.17474
      vertex 106 -4.98929 4.32701
    endloop
  endfacet
  facet normal 1 -0 0
    outer loop
      vertex 106 -8.98073 4.58863
      vertex 106 -4.98929 4.32701
      vertex 106 -8.923 5.17474
    endloop
  endfacet
  facet normal 1 0 0
    outer loop
      vertex 106 -4.98929 4.32701
      vertex 106 -8.98073 4.58863
      vertex 106 -5 4
    endloop
  endfacet
  facet normal 1 0 0
    outer loop
      vertex 106 -5 4
      vertex 106 -9 4
      vertex 106 -4.98929 3.67299
    endloop
  endfacet
  facet normal 1 0 0
    outer loop
      vertex 106 -3.04381 0.0332336
      vertex 106 -8.06148 0
      vertex 106 -2.99743 0
    endloop
  endfacet
  facet normal 1 0 0
    outer loop
      vertex 106 -3.29673 0.240802
      vertex 106 -8.06148 0
      vertex 106 -3.04381 0.0332336
    endloop
  endfacet
  facet normal 1 0 0
    outer loop
      vertex 106 -3.53553 0.464466
      vertex 106 -8.06148 0
      vertex 106 -3.29673 0.240802
    endloop
  endfacet
  facet normal 1 0 0
    outer loop
      vertex 106 -3.7592 0.703272
      vertex 106 -8.06148 0
      vertex 106 -3.53553 0.464466
    endloop
  endfacet
  facet normal 1 0 0
    outer loop
      vertex 106 -3.96677 0.956193
      vertex 106 -8.06148 0
      vertex 106 -3.7592 0.703272
    endloop
  endfacet
  facet normal 1 0 0
    outer loop
      vertex 106 -4.15735 1.22215
      vertex 106 -8.06148 0
      vertex 106 -3.96677 0.956193
    endloop
  endfacet
  facet normal 1 0 0
    outer loop
      vertex 106 -4.33013 1.5
      vertex 106 -8.06148 0
      vertex 106 -4.15735 1.22215
    endloop
  endfacet
  facet normal 1 0 -0
    outer loop
      vertex 106 -8.98073 3.41137
      vertex 106 -4.98929 3.67299
      vertex 106 -9 4
    endloop
  endfacet
  facet normal 1 0 0
    outer loop
      vertex 106 -9 4
      vertex 106 -5 4
      vertex 106 -8.98073 4.58863
    endloop
  endfacet
  facet normal 1 0 0
    outer loop
      vertex 106 -4.98929 3.67299
      vertex 106 -8.98073 3.41137
      vertex 106 -4.95722 3.34737
    endloop
  endfacet
  facet normal 1 0 -0
    outer loop
      vertex 106 -8.06148 0
      vertex 106 -4.48436 1.78856
      vertex 106 -8.07185 0.0194025
    endloop
  endfacet
  facet normal 1 0 0
    outer loop
      vertex 106 -4.48436 1.78856
      vertex 106 -8.06148 0
      vertex 106 -4.33013 1.5
    endloop
  endfacet
  facet normal 1 0 -0
    outer loop
      vertex 106 -8.923 2.82526
      vertex 106 -4.95722 3.34737
      vertex 106 -8.98073 3.41137
    endloop
  endfacet
  facet normal 1 0 -0
    outer loop
      vertex 106 -8.07185 0.0194025
      vertex 106 -4.48436 1.78856
      vertex 106 -8.31492 0.55585
    endloop
  endfacet
  facet normal 1 0 0
    outer loop
      vertex 106 -4.95722 3.34737
      vertex 106 -8.923 2.82526
      vertex 106 -4.90393 3.02455
    endloop
  endfacet
  facet normal 1 0 0
    outer loop
      vertex 106 -4.6194 2.08658
      vertex 106 -8.31492 0.55585
      vertex 106 -4.48436 1.78856
    endloop
  endfacet
  facet normal 1 0 -0
    outer loop
      vertex 106 -8.82707 2.24419
      vertex 106 -4.90393 3.02455
      vertex 106 -8.923 2.82526
    endloop
  endfacet
  facet normal 1 0 -0
    outer loop
      vertex 106 -8.31492 0.55585
      vertex 106 -4.6194 2.08658
      vertex 106 -8.52237 1.10705
    endloop
  endfacet
  facet normal 1 0 0
    outer loop
      vertex 106 -4.90393 3.02455
      vertex 106 -8.82707 2.24419
      vertex 106 -4.82963 2.7059
    endloop
  endfacet
  facet normal 1 0 0
    outer loop
      vertex 106 -4.73465 2.3928
      vertex 106 -8.52237 1.10705
      vertex 106 -4.6194 2.08658
    endloop
  endfacet
  facet normal 1 0 -0
    outer loop
      vertex 106 -8.69333 1.67063
      vertex 106 -4.82963 2.7059
      vertex 106 -8.82707 2.24419
    endloop
  endfacet
  facet normal 1 0 -0
    outer loop
      vertex 106 -8.52237 1.10705
      vertex 106 -4.73465 2.3928
      vertex 106 -8.69333 1.67063
    endloop
  endfacet
  facet normal 1 0 0
    outer loop
      vertex 106 -4.82963 2.7059
      vertex 106 -8.69333 1.67063
      vertex 106 -4.73465 2.3928
    endloop
  endfacet
  facet normal 1 0 0
    outer loop
      vertex 106 5 4
      vertex 106 18 4
      vertex 106 17.9829 4.52322
    endloop
  endfacet
  facet normal 1 0 0
    outer loop
      vertex 106 5 4
      vertex 106 17.9829 4.52322
      vertex 106 17.9316 5.04421
    endloop
  endfacet
  facet normal 1 0 0
    outer loop
      vertex 106 18 4
      vertex 106 5 4
      vertex 106 17.9829 3.47678
    endloop
  endfacet
  facet normal 1 0 0
    outer loop
      vertex 106 5 4
      vertex 106 17.9316 5.04421
      vertex 106 17.8463 5.56072
    endloop
  endfacet
  facet normal 1 0 0
    outer loop
      vertex 106 17.9829 3.47678
      vertex 106 5 4
      vertex 106 17.9316 2.95579
    endloop
  endfacet
  facet normal 1 0 0
    outer loop
      vertex 106 5 4
      vertex 106 17.8463 5.56072
      vertex 106 17.7274 6.07055
    endloop
  endfacet
  facet normal 1 0 0
    outer loop
      vertex 106 17.9316 2.95579
      vertex 106 5 4
      vertex 106 17.8463 2.43928
    endloop
  endfacet
  facet normal 1 0 0
    outer loop
      vertex 106 4.98929 4.32701
      vertex 106 17.7274 6.07055
      vertex 106 17.5754 6.57152
    endloop
  endfacet
  facet normal 1 0 0
    outer loop
      vertex 106 17.8463 2.43928
      vertex 106 5 4
      vertex 106 17.7274 1.92945
    endloop
  endfacet
  facet normal 1 0 0
    outer loop
      vertex 106 4.98929 4.32701
      vertex 106 17.5754 6.57152
      vertex 106 17.391 7.06147
    endloop
  endfacet
  facet normal 1 -0 0
    outer loop
      vertex 106 4.98929 3.67299
      vertex 106 17.7274 1.92945
      vertex 106 5 4
    endloop
  endfacet
  facet normal 1 0 0
    outer loop
      vertex 106 4.98929 4.32701
      vertex 106 17.391 7.06147
      vertex 106 17.175 7.53831
    endloop
  endfacet
  facet normal 1 0 0
    outer loop
      vertex 106 17.7274 1.92945
      vertex 106 4.98929 3.67299
      vertex 106 17.5754 1.42848
    endloop
  endfacet
  facet normal 1 0 0
    outer loop
      vertex 106 4.98929 4.32701
      vertex 106 17.175 7.53831
      vertex 106 16.9282 8
    endloop
  endfacet
  facet normal 1 0 0
    outer loop
      vertex 106 17.5754 1.42848
      vertex 106 4.98929 3.67299
      vertex 106 17.391 0.938533
    endloop
  endfacet
  facet normal 1 0 0
    outer loop
      vertex 106 17.391 0.938533
      vertex 106 4.98929 3.67299
      vertex 106 17.175 0.461691
    endloop
  endfacet
  facet normal 1 0 0
    outer loop
      vertex 106 17.7274 6.07055
      vertex 106 4.98929 4.32701
      vertex 106 5 4
    endloop
  endfacet
  facet normal 1 0 0
    outer loop
      vertex 106 16.9282 8
      vertex 106 4.95722 4.65263
      vertex 106 4.98929 4.32701
    endloop
  endfacet
  facet normal 1 0 0
    outer loop
      vertex 106 16.9282 8
      vertex 106 4.90393 4.97545
      vertex 106 4.95722 4.65263
    endloop
  endfacet
  facet normal 1 0 0
    outer loop
      vertex 106 16.9282 8
      vertex 106 4.82963 5.2941
      vertex 106 4.90393 4.97545
    endloop
  endfacet
  facet normal 1 0 0
    outer loop
      vertex 106 16.9282 8
      vertex 106 4.73465 5.6072
      vertex 106 4.82963 5.2941
    endloop
  endfacet
  facet normal 1 0 0
    outer loop
      vertex 106 16.9282 8
      vertex 106 4.6194 5.91342
      vertex 106 4.73465 5.6072
    endloop
  endfacet
  facet normal 1 0 0
    outer loop
      vertex 106 16.9282 8
      vertex 106 4.48436 6.21144
      vertex 106 4.6194 5.91342
    endloop
  endfacet
  facet normal 1 0 0
    outer loop
      vertex 106 16.9282 8
      vertex 106 4.33013 6.5
      vertex 106 4.48436 6.21144
    endloop
  endfacet
  facet normal 1 0 0
    outer loop
      vertex 106 16.9282 8
      vertex 106 4.15735 6.77785
      vertex 106 4.33013 6.5
    endloop
  endfacet
  facet normal 1 0 0
    outer loop
      vertex 106 16.9282 8
      vertex 106 3.96677 7.04381
      vertex 106 4.15735 6.77785
    endloop
  endfacet
  facet normal 1 0 0
    outer loop
      vertex 106 16.9282 8
      vertex 106 3.7592 7.29673
      vertex 106 3.96677 7.04381
    endloop
  endfacet
  facet normal 1 0 0
    outer loop
      vertex 106 16.9282 8
      vertex 106 3.53553 7.53553
      vertex 106 3.7592 7.29673
    endloop
  endfacet
  facet normal 1 0 0
    outer loop
      vertex 106 16.9282 8
      vertex 106 3.29673 7.7592
      vertex 106 3.53553 7.53553
    endloop
  endfacet
  facet normal 1 0 0
    outer loop
      vertex 106 16.9282 8
      vertex 106 3.04381 7.96677
      vertex 106 3.29673 7.7592
    endloop
  endfacet
  facet normal 1 0 -0
    outer loop
      vertex 106 3.04381 7.96677
      vertex 106 16.9282 8
      vertex 106 2.99743 8
    endloop
  endfacet
  facet normal 1 0 0
    outer loop
      vertex 106 17.175 0.461691
      vertex 106 4.98929 3.67299
      vertex 106 16.9282 0
    endloop
  endfacet
  facet normal 1 -0 0
    outer loop
      vertex 106 4.95722 3.34737
      vertex 106 16.9282 0
      vertex 106 4.98929 3.67299
    endloop
  endfacet
  facet normal 1 -0 0
    outer loop
      vertex 106 4.90393 3.02455
      vertex 106 16.9282 0
      vertex 106 4.95722 3.34737
    endloop
  endfacet
  facet normal 1 -0 0
    outer loop
      vertex 106 4.82963 2.7059
      vertex 106 16.9282 0
      vertex 106 4.90393 3.02455
    endloop
  endfacet
  facet normal 1 -0 0
    outer loop
      vertex 106 4.73465 2.3928
      vertex 106 16.9282 0
      vertex 106 4.82963 2.7059
    endloop
  endfacet
  facet normal 1 -0 0
    outer loop
      vertex 106 4.6194 2.08658
      vertex 106 16.9282 0
      vertex 106 4.73465 2.3928
    endloop
  endfacet
  facet normal 1 -0 0
    outer loop
      vertex 106 4.48436 1.78856
      vertex 106 16.9282 0
      vertex 106 4.6194 2.08658
    endloop
  endfacet
  facet normal 1 -0 0
    outer loop
      vertex 106 4.33013 1.5
      vertex 106 16.9282 0
      vertex 106 4.48436 1.78856
    endloop
  endfacet
  facet normal 1 -0 0
    outer loop
      vertex 106 4.15735 1.22215
      vertex 106 16.9282 0
      vertex 106 4.33013 1.5
    endloop
  endfacet
  facet normal 1 -0 0
    outer loop
      vertex 106 3.96677 0.956193
      vertex 106 16.9282 0
      vertex 106 4.15735 1.22215
    endloop
  endfacet
  facet normal 1 -0 0
    outer loop
      vertex 106 3.7592 0.703272
      vertex 106 16.9282 0
      vertex 106 3.96677 0.956193
    endloop
  endfacet
  facet normal 1 -0 0
    outer loop
      vertex 106 3.53553 0.464466
      vertex 106 16.9282 0
      vertex 106 3.7592 0.703272
    endloop
  endfacet
  facet normal 1 -0 0
    outer loop
      vertex 106 3.29673 0.240802
      vertex 106 16.9282 0
      vertex 106 3.53553 0.464466
    endloop
  endfacet
  facet normal 1 -0 0
    outer loop
      vertex 106 3.04381 0.0332336
      vertex 106 16.9282 0
      vertex 106 3.29673 0.240802
    endloop
  endfacet
  facet normal 1 0 0
    outer loop
      vertex 106 16.9282 0
      vertex 106 3.04381 0.0332336
      vertex 106 2.99743 0
    endloop
  endfacet
  facet normal 0 0.935909 0.352243
    outer loop
      vertex 106 17.5754 6.57152
      vertex 101 17.391 7.06147
      vertex 106 17.391 7.06147
    endloop
  endfacet
  facet normal 0 0.935909 0.352243
    outer loop
      vertex 101 17.391 7.06147
      vertex 106 17.5754 6.57152
      vertex 101 17.5754 6.57152
    endloop
  endfacet
  facet normal 0 -0.93591 -0.35224
    outer loop
      vertex 101 -8.31492 0.55585
      vertex 106 -8.52237 1.10705
      vertex 101 -8.52237 1.10705
    endloop
  endfacet
  facet normal 0 -0.93591 -0.35224
    outer loop
      vertex 106 -8.52237 1.10705
      vertex 101 -8.31492 0.55585
      vertex 106 -8.31492 0.55585
    endloop
  endfacet
  facet normal 0 0.910903 -0.412621
    outer loop
      vertex 106 17.175 0.461691
      vertex 101 17.391 0.938533
      vertex 106 17.391 0.938533
    endloop
  endfacet
  facet normal 0 0.910903 -0.412621
    outer loop
      vertex 101 17.391 0.938533
      vertex 106 17.175 0.461691
      vertex 101 17.175 0.461691
    endloop
  endfacet
  facet normal 0 -0.995184 0.0980225
    outer loop
      vertex 101 -8.98073 4.58863
      vertex 106 -8.923 5.17474
      vertex 101 -8.923 5.17474
    endloop
  endfacet
  facet normal 0 -0.995184 0.0980225
    outer loop
      vertex 106 -8.923 5.17474
      vertex 101 -8.98073 4.58863
      vertex 106 -8.98073 4.58863
    endloop
  endfacet
  facet normal 0 0.973867 -0.22712
    outer loop
      vertex 106 17.7274 1.92945
      vertex 101 17.8463 2.43928
      vertex 106 17.8463 2.43928
    endloop
  endfacet
  facet normal 0 0.973867 -0.22712
    outer loop
      vertex 101 17.8463 2.43928
      vertex 106 17.7274 1.92945
      vertex 101 17.7274 1.92945
    endloop
  endfacet
  facet normal 0 0.986636 0.16294
    outer loop
      vertex 106 17.9316 5.04421
      vertex 101 17.8463 5.56072
      vertex 106 17.8463 5.56072
    endloop
  endfacet
  facet normal 0 0.986636 0.16294
    outer loop
      vertex 101 17.8463 5.56072
      vertex 106 17.9316 5.04421
      vertex 101 17.9316 5.04421
    endloop
  endfacet
  facet normal 0 -0.995184 -0.0980225
    outer loop
      vertex 101 -8.923 2.82526
      vertex 106 -8.98073 3.41137
      vertex 101 -8.98073 3.41137
    endloop
  endfacet
  facet normal 0 -0.995184 -0.0980225
    outer loop
      vertex 106 -8.98073 3.41137
      vertex 101 -8.923 2.82526
      vertex 106 -8.923 2.82526
    endloop
  endfacet
  facet normal 0 0.995187 0.0979925
    outer loop
      vertex 106 17.9829 4.52322
      vertex 101 17.9316 5.04421
      vertex 106 17.9316 5.04421
    endloop
  endfacet
  facet normal 0 0.995187 0.0979925
    outer loop
      vertex 101 17.9316 5.04421
      vertex 106 17.9829 4.52322
      vertex 101 17.9829 4.52322
    endloop
  endfacet
  facet normal 0 -0.910858 -0.412719
    outer loop
      vertex 101 -8.07185 0.0194025
      vertex 106 -8.31492 0.55585
      vertex 101 -8.31492 0.55585
    endloop
  endfacet
  facet normal 0 -0.910858 -0.412719
    outer loop
      vertex 106 -8.31492 0.55585
      vertex 101 -8.07185 0.0194025
      vertex 106 -8.07185 0.0194025
    endloop
  endfacet
  facet normal 0 -0.999465 -0.0327195
    outer loop
      vertex 101 -8.98073 3.41137
      vertex 106 -9 4
      vertex 101 -9 4
    endloop
  endfacet
  facet normal 0 -0.999465 -0.0327195
    outer loop
      vertex 106 -9 4
      vertex 101 -8.98073 3.41137
      vertex 106 -8.98073 3.41137
    endloop
  endfacet
  facet normal 0 0.999466 -0.0326648
    outer loop
      vertex 106 17.9829 3.47678
      vertex 101 18 4
      vertex 106 18 4
    endloop
  endfacet
  facet normal 0 0.999466 -0.0326648
    outer loop
      vertex 101 18 4
      vertex 106 17.9829 3.47678
      vertex 101 17.9829 3.47678
    endloop
  endfacet
  facet normal 0 -0.999465 0.0327195
    outer loop
      vertex 101 -9 4
      vertex 106 -8.98073 4.58863
      vertex 101 -8.98073 4.58863
    endloop
  endfacet
  facet normal 0 -0.999465 0.0327195
    outer loop
      vertex 106 -8.98073 4.58863
      vertex 101 -9 4
      vertex 106 -9 4
    endloop
  endfacet
  facet normal 0 0.956923 -0.290341
    outer loop
      vertex 106 17.5754 1.42848
      vertex 101 17.7274 1.92945
      vertex 106 17.7274 1.92945
    endloop
  endfacet
  facet normal 0 0.956923 -0.290341
    outer loop
      vertex 101 17.7274 1.92945
      vertex 106 17.5754 1.42848
      vertex 101 17.5754 1.42848
    endloop
  endfacet
  facet normal 0 -0.95694 -0.290284
    outer loop
      vertex 101 -8.52237 1.10705
      vertex 106 -8.69333 1.67063
      vertex 101 -8.69333 1.67063
    endloop
  endfacet
  facet normal 0 -0.95694 -0.290284
    outer loop
      vertex 106 -8.69333 1.67063
      vertex 101 -8.52237 1.10705
      vertex 106 -8.52237 1.10705
    endloop
  endfacet
  facet normal 0 -0.881937 -0.471367
    outer loop
      vertex 101 -8.06148 0
      vertex 106 -8.07185 0.0194025
      vertex 101 -8.07185 0.0194025
    endloop
  endfacet
  facet normal 0 -0.881937 -0.471367
    outer loop
      vertex 106 -8.07185 0.0194025
      vertex 101 -8.06148 0
      vertex 106 -8.06148 0
    endloop
  endfacet
  facet normal 0 -0.986645 -0.162887
    outer loop
      vertex 101 -8.82707 2.24419
      vertex 106 -8.923 2.82526
      vertex 101 -8.923 2.82526
    endloop
  endfacet
  facet normal 0 -0.986645 -0.162887
    outer loop
      vertex 106 -8.923 2.82526
      vertex 101 -8.82707 2.24419
      vertex 106 -8.82707 2.24419
    endloop
  endfacet
  facet normal 0 -0.95694 0.290284
    outer loop
      vertex 101 -8.69333 6.32937
      vertex 106 -8.52237 6.89295
      vertex 101 -8.52237 6.89295
    endloop
  endfacet
  facet normal 0 -0.95694 0.290284
    outer loop
      vertex 106 -8.52237 6.89295
      vertex 101 -8.69333 6.32937
      vertex 106 -8.69333 6.32937
    endloop
  endfacet
  facet normal 0 0.910902 0.412622
    outer loop
      vertex 106 17.391 7.06147
      vertex 101 17.175 7.53831
      vertex 106 17.175 7.53831
    endloop
  endfacet
  facet normal 0 0.910902 0.412622
    outer loop
      vertex 101 17.175 7.53831
      vertex 106 17.391 7.06147
      vertex 101 17.391 7.06147
    endloop
  endfacet
  facet normal 0 -0.973875 0.227084
    outer loop
      vertex 101 -8.82707 5.75581
      vertex 106 -8.69333 6.32937
      vertex 101 -8.69333 6.32937
    endloop
  endfacet
  facet normal 0 -0.973875 0.227084
    outer loop
      vertex 106 -8.69333 6.32937
      vertex 101 -8.82707 5.75581
      vertex 106 -8.82707 5.75581
    endloop
  endfacet
  facet normal -1 0 0
    outer loop
      vertex 101 15 4
      vertex 101 18 4
      vertex 101 17.9829 3.47678
    endloop
  endfacet
  facet normal -1 0 0
    outer loop
      vertex 101 14.9893 3.67299
      vertex 101 17.9829 3.47678
      vertex 101 17.9316 2.95579
    endloop
  endfacet
  facet normal -1 0 0
    outer loop
      vertex 101 18 4
      vertex 101 15 4
      vertex 101 17.9829 4.52322
    endloop
  endfacet
  facet normal -1 0 0
    outer loop
      vertex 101 14.9572 3.34737
      vertex 101 17.9316 2.95579
      vertex 101 17.8463 2.43928
    endloop
  endfacet
  facet normal -1 0 0
    outer loop
      vertex 101 14.9893 4.32701
      vertex 101 17.9829 4.52322
      vertex 101 15 4
    endloop
  endfacet
  facet normal -1 0 0
    outer loop
      vertex 101 14.9039 3.02455
      vertex 101 17.8463 2.43928
      vertex 101 17.7274 1.92945
    endloop
  endfacet
  facet normal -1 -0 0
    outer loop
      vertex 101 17.9829 4.52322
      vertex 101 14.9893 4.32701
      vertex 101 17.9316 5.04421
    endloop
  endfacet
  facet normal -1 0 0
    outer loop
      vertex 101 14.8296 2.7059
      vertex 101 17.7274 1.92945
      vertex 101 17.5754 1.42848
    endloop
  endfacet
  facet normal -1 0 0
    outer loop
      vertex 101 14.9572 4.65263
      vertex 101 17.9316 5.04421
      vertex 101 14.9893 4.32701
    endloop
  endfacet
  facet normal -1 0 0
    outer loop
      vertex 101 14.7347 2.3928
      vertex 101 17.5754 1.42848
      vertex 101 17.391 0.938533
    endloop
  endfacet
  facet normal -1 -0 0
    outer loop
      vertex 101 17.9316 5.04421
      vertex 101 14.9572 4.65263
      vertex 101 17.8463 5.56072
    endloop
  endfacet
  facet normal -1 0 0
    outer loop
      vertex 101 14.6194 2.08658
      vertex 101 17.391 0.938533
      vertex 101 17.175 0.461691
    endloop
  endfacet
  facet normal -1 0 0
    outer loop
      vertex 101 14.9039 4.97545
      vertex 101 17.8463 5.56072
      vertex 101 14.9572 4.65263
    endloop
  endfacet
  facet normal -1 0 0
    outer loop
      vertex 101 14.4844 1.78856
      vertex 101 17.175 0.461691
      vertex 101 16.9282 0
    endloop
  endfacet
  facet normal -1 -0 0
    outer loop
      vertex 101 17.8463 5.56072
      vertex 101 14.9039 4.97545
      vertex 101 17.7274 6.07055
    endloop
  endfacet
  facet normal -1 0 0
    outer loop
      vertex 101 14.8296 5.2941
      vertex 101 17.7274 6.07055
      vertex 101 14.9039 4.97545
    endloop
  endfacet
  facet normal -1 0 0
    outer loop
      vertex 101 17.9829 3.47678
      vertex 101 14.9893 3.67299
      vertex 101 15 4
    endloop
  endfacet
  facet normal -1 0 0
    outer loop
      vertex 101 17.9316 2.95579
      vertex 101 14.9572 3.34737
      vertex 101 14.9893 3.67299
    endloop
  endfacet
  facet normal -1 0 0
    outer loop
      vertex 101 17.8463 2.43928
      vertex 101 14.9039 3.02455
      vertex 101 14.9572 3.34737
    endloop
  endfacet
  facet normal -1 0 0
    outer loop
      vertex 101 17.7274 1.92945
      vertex 101 14.8296 2.7059
      vertex 101 14.9039 3.02455
    endloop
  endfacet
  facet normal -1 0 0
    outer loop
      vertex 101 17.5754 1.42848
      vertex 101 14.7347 2.3928
      vertex 101 14.8296 2.7059
    endloop
  endfacet
  facet normal -1 0 0
    outer loop
      vertex 101 17.391 0.938533
      vertex 101 14.6194 2.08658
      vertex 101 14.7347 2.3928
    endloop
  endfacet
  facet normal -1 0 0
    outer loop
      vertex 101 17.175 0.461691
      vertex 101 14.4844 1.78856
      vertex 101 14.6194 2.08658
    endloop
  endfacet
  facet normal -1 0 0
    outer loop
      vertex 101 16.9282 0
      vertex 101 14.3301 1.5
      vertex 101 14.4844 1.78856
    endloop
  endfacet
  facet normal -1 0 0
    outer loop
      vertex 101 16.9282 0
      vertex 101 14.1573 1.22215
      vertex 101 14.3301 1.5
    endloop
  endfacet
  facet normal -1 0 0
    outer loop
      vertex 101 16.9282 0
      vertex 101 13.9668 0.956193
      vertex 101 14.1573 1.22215
    endloop
  endfacet
  facet normal -1 0 0
    outer loop
      vertex 101 16.9282 0
      vertex 101 13.7592 0.703272
      vertex 101 13.9668 0.956193
    endloop
  endfacet
  facet normal -1 0 0
    outer loop
      vertex 101 16.9282 0
      vertex 101 13.5355 0.464466
      vertex 101 13.7592 0.703272
    endloop
  endfacet
  facet normal -1 0 0
    outer loop
      vertex 101 16.9282 0
      vertex 101 13.2967 0.240802
      vertex 101 13.5355 0.464466
    endloop
  endfacet
  facet normal -1 0 0
    outer loop
      vertex 101 16.9282 0
      vertex 101 13.0438 0.0332336
      vertex 101 13.2967 0.240802
    endloop
  endfacet
  facet normal -1 0 -0
    outer loop
      vertex 101 13.0438 0.0332336
      vertex 101 16.9282 0
      vertex 101 12.9974 0
    endloop
  endfacet
  facet normal -1 -0 0
    outer loop
      vertex 101 17.7274 6.07055
      vertex 101 14.8296 5.2941
      vertex 101 17.5754 6.57152
    endloop
  endfacet
  facet normal -1 0 0
    outer loop
      vertex 101 14.7347 5.6072
      vertex 101 17.5754 6.57152
      vertex 101 14.8296 5.2941
    endloop
  endfacet
  facet normal -1 -0 0
    outer loop
      vertex 101 17.5754 6.57152
      vertex 101 14.7347 5.6072
      vertex 101 17.391 7.06147
    endloop
  endfacet
  facet normal -1 0 0
    outer loop
      vertex 101 14.6194 5.91342
      vertex 101 17.391 7.06147
      vertex 101 14.7347 5.6072
    endloop
  endfacet
  facet normal -1 -0 0
    outer loop
      vertex 101 17.391 7.06147
      vertex 101 14.6194 5.91342
      vertex 101 17.175 7.53831
    endloop
  endfacet
  facet normal -1 0 0
    outer loop
      vertex 101 14.4844 6.21144
      vertex 101 17.175 7.53831
      vertex 101 14.6194 5.91342
    endloop
  endfacet
  facet normal -1 -0 0
    outer loop
      vertex 101 17.175 7.53831
      vertex 101 14.4844 6.21144
      vertex 101 16.9282 8
    endloop
  endfacet
  facet normal -1 0 0
    outer loop
      vertex 101 14.3301 6.5
      vertex 101 16.9282 8
      vertex 101 14.4844 6.21144
    endloop
  endfacet
  facet normal -1 0 0
    outer loop
      vertex 101 14.1573 6.77785
      vertex 101 16.9282 8
      vertex 101 14.3301 6.5
    endloop
  endfacet
  facet normal -1 0 0
    outer loop
      vertex 101 13.9668 7.04381
      vertex 101 16.9282 8
      vertex 101 14.1573 6.77785
    endloop
  endfacet
  facet normal -1 0 0
    outer loop
      vertex 101 13.7592 7.29673
      vertex 101 16.9282 8
      vertex 101 13.9668 7.04381
    endloop
  endfacet
  facet normal -1 0 0
    outer loop
      vertex 101 13.5355 7.53553
      vertex 101 16.9282 8
      vertex 101 13.7592 7.29673
    endloop
  endfacet
  facet normal -1 0 0
    outer loop
      vertex 101 13.2967 7.7592
      vertex 101 16.9282 8
      vertex 101 13.5355 7.53553
    endloop
  endfacet
  facet normal -1 0 0
    outer loop
      vertex 101 13.0438 7.96677
      vertex 101 16.9282 8
      vertex 101 13.2967 7.7592
    endloop
  endfacet
  facet normal -1 -0 0
    outer loop
      vertex 101 16.9282 8
      vertex 101 13.0438 7.96677
      vertex 101 12.9974 8
    endloop
  endfacet
  facet normal -1 0 0
    outer loop
      vertex 101 -8.31492 0.55585
      vertex 101 5.0107 3.67299
      vertex 101 -8.06148 0
    endloop
  endfacet
  facet normal -1 -0 0
    outer loop
      vertex 101 5.04278 3.34737
      vertex 101 -8.06148 0
      vertex 101 5.0107 3.67299
    endloop
  endfacet
  facet normal -1 -0 0
    outer loop
      vertex 101 5.09607 3.02455
      vertex 101 -8.06148 0
      vertex 101 5.04278 3.34737
    endloop
  endfacet
  facet normal -1 -0 0
    outer loop
      vertex 101 5.17037 2.7059
      vertex 101 -8.06148 0
      vertex 101 5.09607 3.02455
    endloop
  endfacet
  facet normal -1 -0 0
    outer loop
      vertex 101 5.26535 2.3928
      vertex 101 -8.06148 0
      vertex 101 5.17037 2.7059
    endloop
  endfacet
  facet normal -1 -0 0
    outer loop
      vertex 101 5.3806 2.08658
      vertex 101 -8.06148 0
      vertex 101 5.26535 2.3928
    endloop
  endfacet
  facet normal -1 -0 0
    outer loop
      vertex 101 5.51564 1.78856
      vertex 101 -8.06148 0
      vertex 101 5.3806 2.08658
    endloop
  endfacet
  facet normal -1 -0 0
    outer loop
      vertex 101 5.66987 1.5
      vertex 101 -8.06148 0
      vertex 101 5.51564 1.78856
    endloop
  endfacet
  facet normal -1 -0 0
    outer loop
      vertex 101 5.84265 1.22215
      vertex 101 -8.06148 0
      vertex 101 5.66987 1.5
    endloop
  endfacet
  facet normal -1 -0 0
    outer loop
      vertex 101 6.03323 0.956193
      vertex 101 -8.06148 0
      vertex 101 5.84265 1.22215
    endloop
  endfacet
  facet normal -1 -0 0
    outer loop
      vertex 101 6.2408 0.703272
      vertex 101 -8.06148 0
      vertex 101 6.03323 0.956193
    endloop
  endfacet
  facet normal -1 -0 0
    outer loop
      vertex 101 6.46447 0.464466
      vertex 101 -8.06148 0
      vertex 101 6.2408 0.703272
    endloop
  endfacet
  facet normal -1 -0 0
    outer loop
      vertex 101 6.70327 0.240802
      vertex 101 -8.06148 0
      vertex 101 6.46447 0.464466
    endloop
  endfacet
  facet normal -1 -0 0
    outer loop
      vertex 101 6.95619 0.0332336
      vertex 101 -8.06148 0
      vertex 101 6.70327 0.240802
    endloop
  endfacet
  facet normal -1 0 0
    outer loop
      vertex 101 -8.06148 0
      vertex 101 6.95619 0.0332336
      vertex 101 7.00257 0
    endloop
  endfacet
  facet normal -1 0 0
    outer loop
      vertex 101 -8.52237 1.10705
      vertex 101 5.0107 3.67299
      vertex 101 -8.31492 0.55585
    endloop
  endfacet
  facet normal -1 0 0
    outer loop
      vertex 101 -8.69333 1.67063
      vertex 101 5.0107 3.67299
      vertex 101 -8.52237 1.10705
    endloop
  endfacet
  facet normal -1 -0 0
    outer loop
      vertex 101 5.0107 3.67299
      vertex 101 -8.69333 1.67063
      vertex 101 5 4
    endloop
  endfacet
  facet normal -1 0 0
    outer loop
      vertex 101 -8.82707 2.24419
      vertex 101 5 4
      vertex 101 -8.69333 1.67063
    endloop
  endfacet
  facet normal -1 0 0
    outer loop
      vertex 101 -8.923 2.82526
      vertex 101 5 4
      vertex 101 -8.82707 2.24419
    endloop
  endfacet
  facet normal -1 0 0
    outer loop
      vertex 101 -8.98073 3.41137
      vertex 101 5 4
      vertex 101 -8.923 2.82526
    endloop
  endfacet
  facet normal -1 0 0
    outer loop
      vertex 101 -9 4
      vertex 101 5 4
      vertex 101 -8.98073 3.41137
    endloop
  endfacet
  facet normal -1 0 -0
    outer loop
      vertex 101 -8.98073 4.58863
      vertex 101 5 4
      vertex 101 -9 4
    endloop
  endfacet
  facet normal -1 0 -0
    outer loop
      vertex 101 -8.923 5.17474
      vertex 101 5 4
      vertex 101 -8.98073 4.58863
    endloop
  endfacet
  facet normal -1 0 0
    outer loop
      vertex 101 5 4
      vertex 101 -8.923 5.17474
      vertex 101 5.0107 4.32701
    endloop
  endfacet
  facet normal -1 0 -0
    outer loop
      vertex 101 -8.82707 5.75581
      vertex 101 5.0107 4.32701
      vertex 101 -8.923 5.17474
    endloop
  endfacet
  facet normal -1 0 -0
    outer loop
      vertex 101 -8.69333 6.32937
      vertex 101 5.0107 4.32701
      vertex 101 -8.82707 5.75581
    endloop
  endfacet
  facet normal -1 0 -0
    outer loop
      vertex 101 -8.52237 6.89295
      vertex 101 5.0107 4.32701
      vertex 101 -8.69333 6.32937
    endloop
  endfacet
  facet normal -1 0 -0
    outer loop
      vertex 101 -8.31492 7.44415
      vertex 101 5.0107 4.32701
      vertex 101 -8.52237 6.89295
    endloop
  endfacet
  facet normal -1 0 -0
    outer loop
      vertex 101 -8.06148 8
      vertex 101 5.0107 4.32701
      vertex 101 -8.31492 7.44415
    endloop
  endfacet
  facet normal -1 0 0
    outer loop
      vertex 101 5.0107 4.32701
      vertex 101 -8.06148 8
      vertex 101 5.04278 4.65263
    endloop
  endfacet
  facet normal -1 0 0
    outer loop
      vertex 101 -8.31492 0.55585
      vertex 101 -8.06148 0
      vertex 101 -8.07185 0.0194025
    endloop
  endfacet
  facet normal -1 0 0
    outer loop
      vertex 101 5.09607 4.97545
      vertex 101 -8.06148 8
      vertex 101 5.17037 5.2941
    endloop
  endfacet
  facet normal -1 0 0
    outer loop
      vertex 101 6.95619 7.96677
      vertex 101 -8.06148 8
      vertex 101 7.00257 8
    endloop
  endfacet
  facet normal -1 0 0
    outer loop
      vertex 101 -8.06148 8
      vertex 101 -8.31492 7.44415
      vertex 101 -8.07185 7.9806
    endloop
  endfacet
  facet normal -1 0 0
    outer loop
      vertex 101 5.17037 5.2941
      vertex 101 -8.06148 8
      vertex 101 5.26535 5.6072
    endloop
  endfacet
  facet normal -1 0 0
    outer loop
      vertex 101 6.70327 7.7592
      vertex 101 -8.06148 8
      vertex 101 6.95619 7.96677
    endloop
  endfacet
  facet normal -1 0 0
    outer loop
      vertex 101 5.26535 5.6072
      vertex 101 -8.06148 8
      vertex 101 5.3806 5.91342
    endloop
  endfacet
  facet normal -1 0 0
    outer loop
      vertex 101 6.46447 7.53553
      vertex 101 -8.06148 8
      vertex 101 6.70327 7.7592
    endloop
  endfacet
  facet normal -1 0 0
    outer loop
      vertex 101 5.66987 6.5
      vertex 101 -8.06148 8
      vertex 101 5.84265 6.77785
    endloop
  endfacet
  facet normal -1 0 0
    outer loop
      vertex 101 6.2408 7.29673
      vertex 101 -8.06148 8
      vertex 101 6.46447 7.53553
    endloop
  endfacet
  facet normal -1 0 0
    outer loop
      vertex 101 6.03323 7.04381
      vertex 101 -8.06148 8
      vertex 101 6.2408 7.29673
    endloop
  endfacet
  facet normal -1 0 0
    outer loop
      vertex 101 5.84265 6.77785
      vertex 101 -8.06148 8
      vertex 101 6.03323 7.04381
    endloop
  endfacet
  facet normal -1 0 0
    outer loop
      vertex 101 5.51564 6.21144
      vertex 101 -8.06148 8
      vertex 101 5.66987 6.5
    endloop
  endfacet
  facet normal -1 0 0
    outer loop
      vertex 101 5.3806 5.91342
      vertex 101 -8.06148 8
      vertex 101 5.51564 6.21144
    endloop
  endfacet
  facet normal -1 0 0
    outer loop
      vertex 101 5.04278 4.65263
      vertex 101 -8.06148 8
      vertex 101 5.09607 4.97545
    endloop
  endfacet
  facet normal 0 0.881905 -0.471428
    outer loop
      vertex 106 16.9282 0
      vertex 101 17.175 0.461691
      vertex 106 17.175 0.461691
    endloop
  endfacet
  facet normal 0 0.881905 -0.471428
    outer loop
      vertex 101 17.175 0.461691
      vertex 106 16.9282 0
      vertex 101 16.9282 0
    endloop
  endfacet
  facet normal 0 -0.973875 -0.227084
    outer loop
      vertex 101 -8.69333 1.67063
      vertex 106 -8.82707 2.24419
      vertex 101 -8.82707 2.24419
    endloop
  endfacet
  facet normal 0 -0.973875 -0.227084
    outer loop
      vertex 106 -8.82707 2.24419
      vertex 101 -8.69333 1.67063
      vertex 106 -8.69333 1.67063
    endloop
  endfacet
  facet normal 0 -0.986645 0.162887
    outer loop
      vertex 101 -8.923 5.17474
      vertex 106 -8.82707 5.75581
      vertex 101 -8.82707 5.75581
    endloop
  endfacet
  facet normal 0 -0.986645 0.162887
    outer loop
      vertex 106 -8.82707 5.75581
      vertex 101 -8.923 5.17474
      vertex 106 -8.923 5.17474
    endloop
  endfacet
  facet normal 0 -0.93591 0.35224
    outer loop
      vertex 101 -8.52237 6.89295
      vertex 106 -8.31492 7.44415
      vertex 101 -8.31492 7.44415
    endloop
  endfacet
  facet normal 0 -0.93591 0.35224
    outer loop
      vertex 106 -8.31492 7.44415
      vertex 101 -8.52237 6.89295
      vertex 106 -8.52237 6.89295
    endloop
  endfacet
  facet normal 0 0.973867 0.22712
    outer loop
      vertex 106 17.8463 5.56072
      vertex 101 17.7274 6.07055
      vertex 106 17.7274 6.07055
    endloop
  endfacet
  facet normal 0 0.973867 0.22712
    outer loop
      vertex 101 17.7274 6.07055
      vertex 106 17.8463 5.56072
      vertex 101 17.8463 5.56072
    endloop
  endfacet
  facet normal 0 0.986636 -0.16294
    outer loop
      vertex 106 17.8463 2.43928
      vertex 101 17.9316 2.95579
      vertex 106 17.9316 2.95579
    endloop
  endfacet
  facet normal 0 0.986636 -0.16294
    outer loop
      vertex 101 17.9316 2.95579
      vertex 106 17.8463 2.43928
      vertex 101 17.8463 2.43928
    endloop
  endfacet
  facet normal 0 0.999466 0.0326648
    outer loop
      vertex 106 18 4
      vertex 101 17.9829 4.52322
      vertex 106 17.9829 4.52322
    endloop
  endfacet
  facet normal 0 0.999466 0.0326648
    outer loop
      vertex 101 17.9829 4.52322
      vertex 106 18 4
      vertex 101 18 4
    endloop
  endfacet
  facet normal 0 0.935908 -0.352245
    outer loop
      vertex 106 17.391 0.938533
      vertex 101 17.5754 1.42848
      vertex 106 17.5754 1.42848
    endloop
  endfacet
  facet normal 0 0.935908 -0.352245
    outer loop
      vertex 101 17.5754 1.42848
      vertex 106 17.391 0.938533
      vertex 101 17.391 0.938533
    endloop
  endfacet
  facet normal 0 -0.910859 0.412718
    outer loop
      vertex 101 -8.31492 7.44415
      vertex 106 -8.07185 7.9806
      vertex 101 -8.07185 7.9806
    endloop
  endfacet
  facet normal 0 -0.910859 0.412718
    outer loop
      vertex 106 -8.07185 7.9806
      vertex 101 -8.31492 7.44415
      vertex 106 -8.31492 7.44415
    endloop
  endfacet
  facet normal 0 -0.881912 0.471414
    outer loop
      vertex 101 -8.07185 7.9806
      vertex 106 -8.06148 8
      vertex 101 -8.06148 8
    endloop
  endfacet
  facet normal 0 -0.881912 0.471414
    outer loop
      vertex 106 -8.06148 8
      vertex 101 -8.07185 7.9806
      vertex 106 -8.07185 7.9806
    endloop
  endfacet
  facet normal 0 -0.986647 -0.162872
    outer loop
      vertex -5 5.09607 3.02455
      vertex 5 5.04278 3.34737
      vertex -5 5.04278 3.34737
    endloop
  endfacet
  facet normal 0 -0.986647 -0.162872
    outer loop
      vertex 5 5.04278 3.34737
      vertex -5 5.09607 3.02455
      vertex 5 5.09607 3.02455
    endloop
  endfacet
  facet normal 0 -0.995182 0.0980451
    outer loop
      vertex -5 5.0107 4.32701
      vertex 5 5.04278 4.65263
      vertex -5 5.04278 4.65263
    endloop
  endfacet
  facet normal 0 -0.995182 0.0980451
    outer loop
      vertex 5 5.04278 4.65263
      vertex -5 5.0107 4.32701
      vertex 5 5.0107 4.32701
    endloop
  endfacet
  facet normal 0 0.957006 0.290067
    outer loop
      vertex 5 14.8296 5.2941
      vertex -5 14.7347 5.6072
      vertex 5 14.7347 5.6072
    endloop
  endfacet
  facet normal 0 0.957006 0.290067
    outer loop
      vertex -5 14.7347 5.6072
      vertex 5 14.8296 5.2941
      vertex -5 14.8296 5.2941
    endloop
  endfacet
  facet normal 0 0.9109 -0.412628
    outer loop
      vertex 5 14.4844 1.78856
      vertex -5 14.6194 2.08658
      vertex 5 14.6194 2.08658
    endloop
  endfacet
  facet normal 0 0.9109 -0.412628
    outer loop
      vertex -5 14.6194 2.08658
      vertex 5 14.4844 1.78856
      vertex -5 14.4844 1.78856
    endloop
  endfacet
  facet normal 0 0.881843 0.471543
    outer loop
      vertex 5 14.4844 6.21144
      vertex -5 14.3301 6.5
      vertex 5 14.3301 6.5
    endloop
  endfacet
  facet normal 0 0.881843 0.471543
    outer loop
      vertex -5 14.3301 6.5
      vertex 5 14.4844 6.21144
      vertex -5 14.4844 6.21144
    endloop
  endfacet
  facet normal 0 0.772961 -0.634454
    outer loop
      vertex 5 13.7592 0.703272
      vertex -5 13.9668 0.956193
      vertex 5 13.9668 0.956193
    endloop
  endfacet
  facet normal 0 0.772961 -0.634454
    outer loop
      vertex -5 13.9668 0.956193
      vertex 5 13.7592 0.703272
      vertex -5 13.7592 0.703272
    endloop
  endfacet
  facet normal 0 -0.634398 -0.773007
    outer loop
      vertex -5 6.70327 0.240802
      vertex 5 6.95619 0.0332336
      vertex 5 6.70327 0.240802
    endloop
  endfacet
  facet normal -0 -0.634398 -0.773007
    outer loop
      vertex 5 6.95619 0.0332336
      vertex -5 6.70327 0.240802
      vertex -5 6.95619 0.0332336
    endloop
  endfacet
  facet normal 0 0.849172 -0.528116
    outer loop
      vertex 5 14.1573 1.22215
      vertex -5 14.3301 1.5
      vertex 5 14.3301 1.5
    endloop
  endfacet
  facet normal 0 0.849172 -0.528116
    outer loop
      vertex -5 14.3301 1.5
      vertex 5 14.1573 1.22215
      vertex -5 14.1573 1.22215
    endloop
  endfacet
  facet normal 0 -0.999465 -0.0327032
    outer loop
      vertex -5 5.0107 3.67299
      vertex 5 5 4
      vertex -5 5 4
    endloop
  endfacet
  facet normal 0 -0.999465 -0.0327032
    outer loop
      vertex 5 5 4
      vertex -5 5.0107 3.67299
      vertex 5 5.0107 3.67299
    endloop
  endfacet
  facet normal 0 0.957006 -0.290067
    outer loop
      vertex 5 14.7347 2.3928
      vertex -5 14.8296 2.7059
      vertex 5 14.8296 2.7059
    endloop
  endfacet
  facet normal 0 0.957006 -0.290067
    outer loop
      vertex -5 14.8296 2.7059
      vertex 5 14.7347 2.3928
      vertex -5 14.7347 2.3928
    endloop
  endfacet
  facet normal 0 -0.683598 -0.729859
    outer loop
      vertex -5 6.46447 0.464466
      vertex 5 6.70327 0.240802
      vertex 5 6.46447 0.464466
    endloop
  endfacet
  facet normal -0 -0.683598 -0.729859
    outer loop
      vertex 5 6.70327 0.240802
      vertex -5 6.46447 0.464466
      vertex -5 6.70327 0.240802
    endloop
  endfacet
  facet normal 0 0.881843 -0.471543
    outer loop
      vertex 5 14.3301 1.5
      vertex -5 14.4844 1.78856
      vertex 5 14.4844 1.78856
    endloop
  endfacet
  facet normal 0 0.881843 -0.471543
    outer loop
      vertex -5 14.4844 1.78856
      vertex 5 14.3301 1.5
      vertex -5 14.3301 1.5
    endloop
  endfacet
  facet normal 0 -0.956939 0.290291
    outer loop
      vertex -5 5.17037 5.2941
      vertex 5 5.26535 5.6072
      vertex -5 5.26535 5.6072
    endloop
  endfacet
  facet normal 0 -0.956939 0.290291
    outer loop
      vertex 5 5.26535 5.6072
      vertex -5 5.17037 5.2941
      vertex 5 5.17037 5.2941
    endloop
  endfacet
  facet normal 0 -0.973876 -0.22708
    outer loop
      vertex -5 5.17037 2.7059
      vertex 5 5.09607 3.02455
      vertex -5 5.09607 3.02455
    endloop
  endfacet
  facet normal 0 -0.973876 -0.22708
    outer loop
      vertex 5 5.09607 3.02455
      vertex -5 5.17037 2.7059
      vertex 5 5.17037 2.7059
    endloop
  endfacet
  facet normal 0 0.973876 -0.22708
    outer loop
      vertex 5 14.8296 2.7059
      vertex -5 14.9039 3.02455
      vertex 5 14.9039 3.02455
    endloop
  endfacet
  facet normal 0 0.973876 -0.22708
    outer loop
      vertex -5 14.9039 3.02455
      vertex 5 14.8296 2.7059
      vertex -5 14.8296 2.7059
    endloop
  endfacet
  facet normal 0 -0.986647 0.162872
    outer loop
      vertex -5 5.04278 4.65263
      vertex 5 5.09607 4.97545
      vertex -5 5.09607 4.97545
    endloop
  endfacet
  facet normal 0 -0.986647 0.162872
    outer loop
      vertex 5 5.09607 4.97545
      vertex -5 5.04278 4.65263
      vertex 5 5.04278 4.65263
    endloop
  endfacet
  facet normal 0 0.986642 -0.162902
    outer loop
      vertex 5 14.9039 3.02455
      vertex -5 14.9572 3.34737
      vertex 5 14.9572 3.34737
    endloop
  endfacet
  facet normal 0 0.986642 -0.162902
    outer loop
      vertex -5 14.9572 3.34737
      vertex 5 14.9039 3.02455
      vertex -5 14.9039 3.02455
    endloop
  endfacet
  facet normal 0 -0.72985 0.683608
    outer loop
      vertex -5 6.2408 7.29673
      vertex 5 6.46447 7.53553
      vertex -5 6.46447 7.53553
    endloop
  endfacet
  facet normal 0 -0.72985 0.683608
    outer loop
      vertex 5 6.46447 7.53553
      vertex -5 6.2408 7.29673
      vertex 5 6.2408 7.29673
    endloop
  endfacet
  facet normal 0 0.58229 -0.812981
    outer loop
      vertex -5 12.9974 0
      vertex 5 13.0438 0.0332336
      vertex 5 12.9974 0
    endloop
  endfacet
  facet normal 0 0.58229 -0.812981
    outer loop
      vertex 5 13.0438 0.0332336
      vertex -5 12.9974 0
      vertex -5 13.0438 0.0332336
    endloop
  endfacet
  facet normal 0 -0.995182 -0.0980451
    outer loop
      vertex -5 5.04278 3.34737
      vertex 5 5.0107 3.67299
      vertex -5 5.0107 3.67299
    endloop
  endfacet
  facet normal 0 -0.995182 -0.0980451
    outer loop
      vertex 5 5.0107 3.67299
      vertex -5 5.04278 3.34737
      vertex 5 5.04278 3.34737
    endloop
  endfacet
  facet normal 0 0.729813 -0.683647
    outer loop
      vertex 5 13.5355 0.464466
      vertex -5 13.7592 0.703272
      vertex 5 13.7592 0.703272
    endloop
  endfacet
  facet normal 0 0.729813 -0.683647
    outer loop
      vertex -5 13.7592 0.703272
      vertex 5 13.5355 0.464466
      vertex -5 13.5355 0.464466
    endloop
  endfacet
  facet normal 0 0.634427 -0.772982
    outer loop
      vertex -5 13.0438 0.0332336
      vertex 5 13.2967 0.240802
      vertex 5 13.0438 0.0332336
    endloop
  endfacet
  facet normal 0 0.634427 -0.772982
    outer loop
      vertex 5 13.2967 0.240802
      vertex -5 13.0438 0.0332336
      vertex -5 13.2967 0.240802
    endloop
  endfacet
  facet normal -0 0.582249 0.813011
    outer loop
      vertex -5 13.0438 7.96677
      vertex 5 12.9974 8
      vertex 5 13.0438 7.96677
    endloop
  endfacet
  facet normal 0 0.582249 0.813011
    outer loop
      vertex 5 12.9974 8
      vertex -5 13.0438 7.96677
      vertex -5 12.9974 8
    endloop
  endfacet
  facet normal 0 -0.910854 0.41273
    outer loop
      vertex -5 5.3806 5.91342
      vertex 5 5.51564 6.21144
      vertex -5 5.51564 6.21144
    endloop
  endfacet
  facet normal 0 -0.910854 0.41273
    outer loop
      vertex 5 5.51564 6.21144
      vertex -5 5.3806 5.91342
      vertex 5 5.3806 5.91342
    endloop
  endfacet
  facet normal 0 -0.999465 0.0327032
    outer loop
      vertex -5 5 4
      vertex 5 5.0107 4.32701
      vertex -5 5.0107 4.32701
    endloop
  endfacet
  facet normal 0 -0.999465 0.0327032
    outer loop
      vertex 5 5.0107 4.32701
      vertex -5 5 4
      vertex 5 5 4
    endloop
  endfacet
  facet normal 0 -0.582456 -0.812862
    outer loop
      vertex -5 6.95619 0.0332336
      vertex 5 7.00257 0
      vertex 5 6.95619 0.0332336
    endloop
  endfacet
  facet normal -0 -0.582456 -0.812862
    outer loop
      vertex 5 7.00257 0
      vertex -5 6.95619 0.0332336
      vertex -5 7.00257 0
    endloop
  endfacet
  facet normal 0 -0.729858 -0.683598
    outer loop
      vertex -5 6.46447 0.464466
      vertex 5 6.2408 0.703272
      vertex -5 6.2408 0.703272
    endloop
  endfacet
  facet normal 0 -0.729858 -0.683598
    outer loop
      vertex 5 6.2408 0.703272
      vertex -5 6.46447 0.464466
      vertex 5 6.46447 0.464466
    endloop
  endfacet
  facet normal 0 -0.881932 0.471376
    outer loop
      vertex -5 5.51564 6.21144
      vertex 5 5.66987 6.5
      vertex -5 5.66987 6.5
    endloop
  endfacet
  facet normal 0 -0.881932 0.471376
    outer loop
      vertex 5 5.66987 6.5
      vertex -5 5.51564 6.21144
      vertex 5 5.51564 6.21144
    endloop
  endfacet
  facet normal -0 0.683608 0.72985
    outer loop
      vertex -5 13.5355 7.53553
      vertex 5 13.2967 7.7592
      vertex 5 13.5355 7.53553
    endloop
  endfacet
  facet normal 0 0.683608 0.72985
    outer loop
      vertex 5 13.2967 7.7592
      vertex -5 13.5355 7.53553
      vertex -5 13.2967 7.7592
    endloop
  endfacet
  facet normal 0 -0.881932 -0.471376
    outer loop
      vertex -5 5.66987 1.5
      vertex 5 5.51564 1.78856
      vertex -5 5.51564 1.78856
    endloop
  endfacet
  facet normal 0 -0.881932 -0.471376
    outer loop
      vertex 5 5.51564 1.78856
      vertex -5 5.66987 1.5
      vertex 5 5.66987 1.5
    endloop
  endfacet
  facet normal 0 0.729804 0.683656
    outer loop
      vertex 5 13.7592 7.29673
      vertex -5 13.5355 7.53553
      vertex 5 13.5355 7.53553
    endloop
  endfacet
  facet normal 0 0.729804 0.683656
    outer loop
      vertex -5 13.5355 7.53553
      vertex 5 13.7592 7.29673
      vertex -5 13.7592 7.29673
    endloop
  endfacet
  facet normal 0 0.995176 0.0981056
    outer loop
      vertex 5 14.9893 4.32701
      vertex -5 14.9572 4.65263
      vertex 5 14.9572 4.65263
    endloop
  endfacet
  facet normal 0 0.995176 0.0981056
    outer loop
      vertex -5 14.9572 4.65263
      vertex 5 14.9893 4.32701
      vertex -5 14.9893 4.32701
    endloop
  endfacet
  facet normal 0 -0.8492 -0.528072
    outer loop
      vertex -5 5.84265 1.22215
      vertex 5 5.66987 1.5
      vertex -5 5.66987 1.5
    endloop
  endfacet
  facet normal 0 -0.8492 -0.528072
    outer loop
      vertex 5 5.66987 1.5
      vertex -5 5.84265 1.22215
      vertex 5 5.84265 1.22215
    endloop
  endfacet
  facet normal 0 -0.956939 -0.290291
    outer loop
      vertex -5 5.26535 2.3928
      vertex 5 5.17037 2.7059
      vertex -5 5.17037 2.7059
    endloop
  endfacet
  facet normal 0 -0.956939 -0.290291
    outer loop
      vertex 5 5.17037 2.7059
      vertex -5 5.26535 2.3928
      vertex 5 5.26535 2.3928
    endloop
  endfacet
  facet normal 0 0.812965 -0.582312
    outer loop
      vertex 5 13.9668 0.956193
      vertex -5 14.1573 1.22215
      vertex 5 14.1573 1.22215
    endloop
  endfacet
  facet normal 0 0.812965 -0.582312
    outer loop
      vertex -5 14.1573 1.22215
      vertex 5 13.9668 0.956193
      vertex -5 13.9668 0.956193
    endloop
  endfacet
  facet normal -0 0.63443 0.77298
    outer loop
      vertex -5 13.2967 7.7592
      vertex 5 13.0438 7.96677
      vertex 5 13.2967 7.7592
    endloop
  endfacet
  facet normal 0 0.63443 0.77298
    outer loop
      vertex 5 13.0438 7.96677
      vertex -5 13.2967 7.7592
      vertex -5 13.0438 7.96677
    endloop
  endfacet
  facet normal 0 0.999465 0.0327032
    outer loop
      vertex 5 15 4
      vertex -5 14.9893 4.32701
      vertex 5 14.9893 4.32701
    endloop
  endfacet
  facet normal 0 0.999465 0.0327032
    outer loop
      vertex -5 14.9893 4.32701
      vertex 5 15 4
      vertex -5 15 4
    endloop
  endfacet
  facet normal 0 0.935859 -0.352376
    outer loop
      vertex 5 14.6194 2.08658
      vertex -5 14.7347 2.3928
      vertex 5 14.7347 2.3928
    endloop
  endfacet
  facet normal 0 0.935859 -0.352376
    outer loop
      vertex -5 14.7347 2.3928
      vertex 5 14.6194 2.08658
      vertex -5 14.6194 2.08658
    endloop
  endfacet
  facet normal 0 -0.582415 0.812892
    outer loop
      vertex -5 7.00257 8
      vertex 5 6.95619 7.96677
      vertex 5 7.00257 8
    endloop
  endfacet
  facet normal 0 -0.582415 0.812892
    outer loop
      vertex 5 6.95619 7.96677
      vertex -5 7.00257 8
      vertex -5 6.95619 7.96677
    endloop
  endfacet
  facet normal 0 0.849172 0.528116
    outer loop
      vertex 5 14.3301 6.5
      vertex -5 14.1573 6.77785
      vertex 5 14.1573 6.77785
    endloop
  endfacet
  facet normal 0 0.849172 0.528116
    outer loop
      vertex -5 14.1573 6.77785
      vertex 5 14.3301 6.5
      vertex -5 14.3301 6.5
    endloop
  endfacet
  facet normal 0 0.77296 0.634455
    outer loop
      vertex 5 13.9668 7.04381
      vertex -5 13.7592 7.29673
      vertex 5 13.7592 7.29673
    endloop
  endfacet
  facet normal 0 0.77296 0.634455
    outer loop
      vertex -5 13.7592 7.29673
      vertex 5 13.9668 7.04381
      vertex -5 13.9668 7.04381
    endloop
  endfacet
  facet normal 0 0.973876 0.22708
    outer loop
      vertex 5 14.9039 4.97545
      vertex -5 14.8296 5.2941
      vertex 5 14.8296 5.2941
    endloop
  endfacet
  facet normal 0 0.973876 0.22708
    outer loop
      vertex -5 14.8296 5.2941
      vertex 5 14.9039 4.97545
      vertex -5 14.9039 4.97545
    endloop
  endfacet
  facet normal 0 0.935859 0.352376
    outer loop
      vertex 5 14.7347 5.6072
      vertex -5 14.6194 5.91342
      vertex 5 14.6194 5.91342
    endloop
  endfacet
  facet normal 0 0.935859 0.352376
    outer loop
      vertex -5 14.6194 5.91342
      vertex 5 14.7347 5.6072
      vertex -5 14.7347 5.6072
    endloop
  endfacet
  facet normal 0 0.812969 0.582308
    outer loop
      vertex 5 14.1573 6.77785
      vertex -5 13.9668 7.04381
      vertex 5 13.9668 7.04381
    endloop
  endfacet
  facet normal 0 0.812969 0.582308
    outer loop
      vertex -5 13.9668 7.04381
      vertex 5 14.1573 6.77785
      vertex -5 14.1573 6.77785
    endloop
  endfacet
  facet normal 0 -0.935909 -0.352242
    outer loop
      vertex -5 5.3806 2.08658
      vertex 5 5.26535 2.3928
      vertex -5 5.26535 2.3928
    endloop
  endfacet
  facet normal 0 -0.935909 -0.352242
    outer loop
      vertex 5 5.26535 2.3928
      vertex -5 5.3806 2.08658
      vertex 5 5.3806 2.08658
    endloop
  endfacet
  facet normal 0 -0.910854 -0.41273
    outer loop
      vertex -5 5.51564 1.78856
      vertex 5 5.3806 2.08658
      vertex -5 5.3806 2.08658
    endloop
  endfacet
  facet normal 0 -0.910854 -0.41273
    outer loop
      vertex 5 5.3806 2.08658
      vertex -5 5.51564 1.78856
      vertex 5 5.51564 1.78856
    endloop
  endfacet
  facet normal 0 0.9109 0.412628
    outer loop
      vertex 5 14.6194 5.91342
      vertex -5 14.4844 6.21144
      vertex 5 14.4844 6.21144
    endloop
  endfacet
  facet normal 0 0.9109 0.412628
    outer loop
      vertex -5 14.4844 6.21144
      vertex 5 14.6194 5.91342
      vertex -5 14.6194 5.91342
    endloop
  endfacet
  facet normal 0 -0.81285 -0.582473
    outer loop
      vertex -5 6.03323 0.956193
      vertex 5 5.84265 1.22215
      vertex -5 5.84265 1.22215
    endloop
  endfacet
  facet normal 0 -0.81285 -0.582473
    outer loop
      vertex 5 5.84265 1.22215
      vertex -5 6.03323 0.956193
      vertex 5 6.03323 0.956193
    endloop
  endfacet
  facet normal 0 -0.973876 0.22708
    outer loop
      vertex -5 5.09607 4.97545
      vertex 5 5.17037 5.2941
      vertex -5 5.17037 5.2941
    endloop
  endfacet
  facet normal 0 -0.973876 0.22708
    outer loop
      vertex 5 5.17037 5.2941
      vertex -5 5.09607 4.97545
      vertex 5 5.09607 4.97545
    endloop
  endfacet
  facet normal 0 0.986642 0.162902
    outer loop
      vertex 5 14.9572 4.65263
      vertex -5 14.9039 4.97545
      vertex 5 14.9039 4.97545
    endloop
  endfacet
  facet normal 0 0.986642 0.162902
    outer loop
      vertex -5 14.9039 4.97545
      vertex 5 14.9572 4.65263
      vertex -5 14.9572 4.65263
    endloop
  endfacet
  facet normal 0 0.683598 -0.729859
    outer loop
      vertex -5 13.2967 0.240802
      vertex 5 13.5355 0.464466
      vertex 5 13.2967 0.240802
    endloop
  endfacet
  facet normal 0 0.683598 -0.729859
    outer loop
      vertex 5 13.5355 0.464466
      vertex -5 13.2967 0.240802
      vertex -5 13.5355 0.464466
    endloop
  endfacet
  facet normal 0 -0.812853 0.582469
    outer loop
      vertex -5 5.84265 6.77785
      vertex 5 6.03323 7.04381
      vertex -5 6.03323 7.04381
    endloop
  endfacet
  facet normal 0 -0.812853 0.582469
    outer loop
      vertex 5 6.03323 7.04381
      vertex -5 5.84265 6.77785
      vertex 5 5.84265 6.77785
    endloop
  endfacet
  facet normal 0 -0.935909 0.352242
    outer loop
      vertex -5 5.26535 5.6072
      vertex 5 5.3806 5.91342
      vertex -5 5.3806 5.91342
    endloop
  endfacet
  facet normal 0 -0.935909 0.352242
    outer loop
      vertex 5 5.3806 5.91342
      vertex -5 5.26535 5.6072
      vertex 5 5.26535 5.6072
    endloop
  endfacet
  facet normal 0 0.999465 -0.0327032
    outer loop
      vertex 5 14.9893 3.67299
      vertex -5 15 4
      vertex 5 15 4
    endloop
  endfacet
  facet normal 0 0.999465 -0.0327032
    outer loop
      vertex -5 15 4
      vertex 5 14.9893 3.67299
      vertex -5 14.9893 3.67299
    endloop
  endfacet
  facet normal 0 0.995176 -0.0981056
    outer loop
      vertex 5 14.9572 3.34737
      vertex -5 14.9893 3.67299
      vertex 5 14.9893 3.67299
    endloop
  endfacet
  facet normal 0 0.995176 -0.0981056
    outer loop
      vertex -5 14.9893 3.67299
      vertex 5 14.9572 3.34737
      vertex -5 14.9572 3.34737
    endloop
  endfacet
  facet normal 0 -0.773005 0.6344
    outer loop
      vertex -5 6.03323 7.04381
      vertex 5 6.2408 7.29673
      vertex -5 6.2408 7.29673
    endloop
  endfacet
  facet normal 0 -0.773005 0.6344
    outer loop
      vertex 5 6.2408 7.29673
      vertex -5 6.03323 7.04381
      vertex 5 6.03323 7.04381
    endloop
  endfacet
  facet normal 0 -0.6344 0.773005
    outer loop
      vertex -5 6.95619 7.96677
      vertex 5 6.70327 7.7592
      vertex 5 6.95619 7.96677
    endloop
  endfacet
  facet normal 0 -0.6344 0.773005
    outer loop
      vertex 5 6.70327 7.7592
      vertex -5 6.95619 7.96677
      vertex -5 6.70327 7.7592
    endloop
  endfacet
  facet normal 0 -0.683608 0.72985
    outer loop
      vertex -5 6.70327 7.7592
      vertex 5 6.46447 7.53553
      vertex 5 6.70327 7.7592
    endloop
  endfacet
  facet normal 0 -0.683608 0.72985
    outer loop
      vertex 5 6.46447 7.53553
      vertex -5 6.70327 7.7592
      vertex -5 6.46447 7.53553
    endloop
  endfacet
  facet normal 0 -0.8492 0.528072
    outer loop
      vertex -5 5.66987 6.5
      vertex 5 5.84265 6.77785
      vertex -5 5.84265 6.77785
    endloop
  endfacet
  facet normal 0 -0.8492 0.528072
    outer loop
      vertex 5 5.84265 6.77785
      vertex -5 5.66987 6.5
      vertex 5 5.66987 6.5
    endloop
  endfacet
  facet normal 0 -0.773006 -0.634399
    outer loop
      vertex -5 6.2408 0.703272
      vertex 5 6.03323 0.956193
      vertex -5 6.03323 0.956193
    endloop
  endfacet
  facet normal 0 -0.773006 -0.634399
    outer loop
      vertex 5 6.03323 0.956193
      vertex -5 6.2408 0.703272
      vertex 5 6.2408 0.703272
    endloop
  endfacet
  facet normal 0 0.881932 0.471376
    outer loop
      vertex 37 -5.51564 6.21144
      vertex 27 -5.66987 6.5
      vertex 37 -5.66987 6.5
    endloop
  endfacet
  facet normal 0 0.881932 0.471376
    outer loop
      vertex 27 -5.66987 6.5
      vertex 37 -5.51564 6.21144
      vertex 27 -5.51564 6.21144
    endloop
  endfacet
  facet normal 0 -0.9109 -0.412628
    outer loop
      vertex 27 -14.4844 1.78856
      vertex 37 -14.6194 2.08658
      vertex 27 -14.6194 2.08658
    endloop
  endfacet
  facet normal 0 -0.9109 -0.412628
    outer loop
      vertex 37 -14.6194 2.08658
      vertex 27 -14.4844 1.78856
      vertex 37 -14.4844 1.78856
    endloop
  endfacet
  facet normal 0 -0.986642 -0.162902
    outer loop
      vertex 27 -14.9039 3.02455
      vertex 37 -14.9572 3.34737
      vertex 27 -14.9572 3.34737
    endloop
  endfacet
  facet normal 0 -0.986642 -0.162902
    outer loop
      vertex 37 -14.9572 3.34737
      vertex 27 -14.9039 3.02455
      vertex 37 -14.9039 3.02455
    endloop
  endfacet
  facet normal 0 0.72985 0.683608
    outer loop
      vertex 37 -6.2408 7.29673
      vertex 27 -6.46447 7.53553
      vertex 37 -6.46447 7.53553
    endloop
  endfacet
  facet normal 0 0.72985 0.683608
    outer loop
      vertex 27 -6.46447 7.53553
      vertex 37 -6.2408 7.29673
      vertex 27 -6.2408 7.29673
    endloop
  endfacet
  facet normal 0 0.995182 0.0980451
    outer loop
      vertex 37 -5.0107 4.32701
      vertex 27 -5.04278 4.65263
      vertex 37 -5.04278 4.65263
    endloop
  endfacet
  facet normal 0 0.995182 0.0980451
    outer loop
      vertex 27 -5.04278 4.65263
      vertex 37 -5.0107 4.32701
      vertex 27 -5.0107 4.32701
    endloop
  endfacet
  facet normal 0 -0.63443 0.77298
    outer loop
      vertex 27 -13.0438 7.96677
      vertex 37 -13.2967 7.7592
      vertex 37 -13.0438 7.96677
    endloop
  endfacet
  facet normal 0 -0.63443 0.77298
    outer loop
      vertex 37 -13.2967 7.7592
      vertex 27 -13.0438 7.96677
      vertex 27 -13.2967 7.7592
    endloop
  endfacet
  facet normal 0 0.812853 0.582469
    outer loop
      vertex 37 -5.84265 6.77785
      vertex 27 -6.03323 7.04381
      vertex 37 -6.03323 7.04381
    endloop
  endfacet
  facet normal 0 0.812853 0.582469
    outer loop
      vertex 27 -6.03323 7.04381
      vertex 37 -5.84265 6.77785
      vertex 27 -5.84265 6.77785
    endloop
  endfacet
  facet normal 0 -0.812965 -0.582312
    outer loop
      vertex 27 -13.9668 0.956193
      vertex 37 -14.1573 1.22215
      vertex 27 -14.1573 1.22215
    endloop
  endfacet
  facet normal 0 -0.812965 -0.582312
    outer loop
      vertex 37 -14.1573 1.22215
      vertex 27 -13.9668 0.956193
      vertex 37 -13.9668 0.956193
    endloop
  endfacet
  facet normal 0 -0.935859 -0.352376
    outer loop
      vertex 27 -14.6194 2.08658
      vertex 37 -14.7347 2.3928
      vertex 27 -14.7347 2.3928
    endloop
  endfacet
  facet normal 0 -0.935859 -0.352376
    outer loop
      vertex 37 -14.7347 2.3928
      vertex 27 -14.6194 2.08658
      vertex 37 -14.6194 2.08658
    endloop
  endfacet
  facet normal 0 0.773005 0.6344
    outer loop
      vertex 37 -6.03323 7.04381
      vertex 27 -6.2408 7.29673
      vertex 37 -6.2408 7.29673
    endloop
  endfacet
  facet normal 0 0.773005 0.6344
    outer loop
      vertex 27 -6.2408 7.29673
      vertex 37 -6.03323 7.04381
      vertex 27 -6.03323 7.04381
    endloop
  endfacet
  facet normal 0 -0.634427 -0.772982
    outer loop
      vertex 27 -13.2967 0.240802
      vertex 37 -13.0438 0.0332336
      vertex 37 -13.2967 0.240802
    endloop
  endfacet
  facet normal -0 -0.634427 -0.772982
    outer loop
      vertex 37 -13.0438 0.0332336
      vertex 27 -13.2967 0.240802
      vertex 27 -13.0438 0.0332336
    endloop
  endfacet
  facet normal 0 0.910854 -0.41273
    outer loop
      vertex 37 -5.51564 1.78856
      vertex 27 -5.3806 2.08658
      vertex 37 -5.3806 2.08658
    endloop
  endfacet
  facet normal 0 0.910854 -0.41273
    outer loop
      vertex 27 -5.3806 2.08658
      vertex 37 -5.51564 1.78856
      vertex 27 -5.51564 1.78856
    endloop
  endfacet
  facet normal 0 -0.729813 -0.683647
    outer loop
      vertex 27 -13.5355 0.464466
      vertex 37 -13.7592 0.703272
      vertex 27 -13.7592 0.703272
    endloop
  endfacet
  facet normal 0 -0.729813 -0.683647
    outer loop
      vertex 37 -13.7592 0.703272
      vertex 27 -13.5355 0.464466
      vertex 37 -13.5355 0.464466
    endloop
  endfacet
  facet normal -0 0.683608 0.72985
    outer loop
      vertex 27 -6.46447 7.53553
      vertex 37 -6.70327 7.7592
      vertex 37 -6.46447 7.53553
    endloop
  endfacet
  facet normal 0 0.683608 0.72985
    outer loop
      vertex 37 -6.70327 7.7592
      vertex 27 -6.46447 7.53553
      vertex 27 -6.70327 7.7592
    endloop
  endfacet
  facet normal 0 0.956939 0.290291
    outer loop
      vertex 37 -5.17037 5.2941
      vertex 27 -5.26535 5.6072
      vertex 37 -5.26535 5.6072
    endloop
  endfacet
  facet normal 0 0.956939 0.290291
    outer loop
      vertex 27 -5.26535 5.6072
      vertex 37 -5.17037 5.2941
      vertex 27 -5.17037 5.2941
    endloop
  endfacet
  facet normal 0 0.81285 -0.582473
    outer loop
      vertex 37 -6.03323 0.956193
      vertex 27 -5.84265 1.22215
      vertex 37 -5.84265 1.22215
    endloop
  endfacet
  facet normal 0 0.81285 -0.582473
    outer loop
      vertex 27 -5.84265 1.22215
      vertex 37 -6.03323 0.956193
      vertex 27 -6.03323 0.956193
    endloop
  endfacet
  facet normal 0 0.986647 -0.162872
    outer loop
      vertex 37 -5.09607 3.02455
      vertex 27 -5.04278 3.34737
      vertex 37 -5.04278 3.34737
    endloop
  endfacet
  facet normal 0 0.986647 -0.162872
    outer loop
      vertex 27 -5.04278 3.34737
      vertex 37 -5.09607 3.02455
      vertex 27 -5.09607 3.02455
    endloop
  endfacet
  facet normal 0 0.773006 -0.634399
    outer loop
      vertex 37 -6.2408 0.703272
      vertex 27 -6.03323 0.956193
      vertex 37 -6.03323 0.956193
    endloop
  endfacet
  facet normal 0 0.773006 -0.634399
    outer loop
      vertex 27 -6.03323 0.956193
      vertex 37 -6.2408 0.703272
      vertex 27 -6.2408 0.703272
    endloop
  endfacet
  facet normal 0 0.935909 -0.352242
    outer loop
      vertex 37 -5.3806 2.08658
      vertex 27 -5.26535 2.3928
      vertex 37 -5.26535 2.3928
    endloop
  endfacet
  facet normal 0 0.935909 -0.352242
    outer loop
      vertex 27 -5.26535 2.3928
      vertex 37 -5.3806 2.08658
      vertex 27 -5.3806 2.08658
    endloop
  endfacet
  facet normal 0 0.881932 -0.471376
    outer loop
      vertex 37 -5.66987 1.5
      vertex 27 -5.51564 1.78856
      vertex 37 -5.51564 1.78856
    endloop
  endfacet
  facet normal 0 0.881932 -0.471376
    outer loop
      vertex 27 -5.51564 1.78856
      vertex 37 -5.66987 1.5
      vertex 27 -5.66987 1.5
    endloop
  endfacet
  facet normal 0 -0.58229 -0.812981
    outer loop
      vertex 27 -13.0438 0.0332336
      vertex 37 -12.9974 0
      vertex 37 -13.0438 0.0332336
    endloop
  endfacet
  facet normal -0 -0.58229 -0.812981
    outer loop
      vertex 37 -12.9974 0
      vertex 27 -13.0438 0.0332336
      vertex 27 -12.9974 0
    endloop
  endfacet
  facet normal 0 0.729858 -0.683598
    outer loop
      vertex 37 -6.46447 0.464466
      vertex 27 -6.2408 0.703272
      vertex 37 -6.2408 0.703272
    endloop
  endfacet
  facet normal 0 0.729858 -0.683598
    outer loop
      vertex 27 -6.2408 0.703272
      vertex 37 -6.46447 0.464466
      vertex 27 -6.46447 0.464466
    endloop
  endfacet
  facet normal 0 0.986647 0.162872
    outer loop
      vertex 37 -5.04278 4.65263
      vertex 27 -5.09607 4.97545
      vertex 37 -5.09607 4.97545
    endloop
  endfacet
  facet normal 0 0.986647 0.162872
    outer loop
      vertex 27 -5.09607 4.97545
      vertex 37 -5.04278 4.65263
      vertex 27 -5.04278 4.65263
    endloop
  endfacet
  facet normal 0 0.582456 -0.812862
    outer loop
      vertex 27 -7.00257 0
      vertex 37 -6.95619 0.0332336
      vertex 37 -7.00257 0
    endloop
  endfacet
  facet normal 0 0.582456 -0.812862
    outer loop
      vertex 37 -6.95619 0.0332336
      vertex 27 -7.00257 0
      vertex 27 -6.95619 0.0332336
    endloop
  endfacet
  facet normal 0 0.995182 -0.0980451
    outer loop
      vertex 37 -5.04278 3.34737
      vertex 27 -5.0107 3.67299
      vertex 37 -5.0107 3.67299
    endloop
  endfacet
  facet normal 0 0.995182 -0.0980451
    outer loop
      vertex 27 -5.0107 3.67299
      vertex 37 -5.04278 3.34737
      vertex 27 -5.04278 3.34737
    endloop
  endfacet
  facet normal 0 -0.582249 0.813011
    outer loop
      vertex 27 -12.9974 8
      vertex 37 -13.0438 7.96677
      vertex 37 -12.9974 8
    endloop
  endfacet
  facet normal 0 -0.582249 0.813011
    outer loop
      vertex 37 -13.0438 7.96677
      vertex 27 -12.9974 8
      vertex 27 -13.0438 7.96677
    endloop
  endfacet
  facet normal 0 0.634398 -0.773007
    outer loop
      vertex 27 -6.95619 0.0332336
      vertex 37 -6.70327 0.240802
      vertex 37 -6.95619 0.0332336
    endloop
  endfacet
  facet normal 0 0.634398 -0.773007
    outer loop
      vertex 37 -6.70327 0.240802
      vertex 27 -6.95619 0.0332336
      vertex 27 -6.70327 0.240802
    endloop
  endfacet
  facet normal -0 0.6344 0.773005
    outer loop
      vertex 27 -6.70327 7.7592
      vertex 37 -6.95619 7.96677
      vertex 37 -6.70327 7.7592
    endloop
  endfacet
  facet normal 0 0.6344 0.773005
    outer loop
      vertex 37 -6.95619 7.96677
      vertex 27 -6.70327 7.7592
      vertex 27 -6.95619 7.96677
    endloop
  endfacet
  facet normal 0 -0.9109 0.412628
    outer loop
      vertex 27 -14.6194 5.91342
      vertex 37 -14.4844 6.21144
      vertex 27 -14.4844 6.21144
    endloop
  endfacet
  facet normal 0 -0.9109 0.412628
    outer loop
      vertex 37 -14.4844 6.21144
      vertex 27 -14.6194 5.91342
      vertex 37 -14.6194 5.91342
    endloop
  endfacet
  facet normal 0 -0.77296 0.634455
    outer loop
      vertex 27 -13.9668 7.04381
      vertex 37 -13.7592 7.29673
      vertex 27 -13.7592 7.29673
    endloop
  endfacet
  facet normal 0 -0.77296 0.634455
    outer loop
      vertex 37 -13.7592 7.29673
      vertex 27 -13.9668 7.04381
      vertex 37 -13.9668 7.04381
    endloop
  endfacet
  facet normal 0 -0.999465 -0.0327032
    outer loop
      vertex 27 -14.9893 3.67299
      vertex 37 -15 4
      vertex 27 -15 4
    endloop
  endfacet
  facet normal 0 -0.999465 -0.0327032
    outer loop
      vertex 37 -15 4
      vertex 27 -14.9893 3.67299
      vertex 37 -14.9893 3.67299
    endloop
  endfacet
  facet normal 0 -0.999465 0.0327032
    outer loop
      vertex 27 -15 4
      vertex 37 -14.9893 4.32701
      vertex 27 -14.9893 4.32701
    endloop
  endfacet
  facet normal 0 -0.999465 0.0327032
    outer loop
      vertex 37 -14.9893 4.32701
      vertex 27 -15 4
      vertex 37 -15 4
    endloop
  endfacet
  facet normal 0 -0.849172 -0.528116
    outer loop
      vertex 27 -14.1573 1.22215
      vertex 37 -14.3301 1.5
      vertex 27 -14.3301 1.5
    endloop
  endfacet
  facet normal 0 -0.849172 -0.528116
    outer loop
      vertex 37 -14.3301 1.5
      vertex 27 -14.1573 1.22215
      vertex 37 -14.1573 1.22215
    endloop
  endfacet
  facet normal 0 -0.881843 -0.471543
    outer loop
      vertex 27 -14.3301 1.5
      vertex 37 -14.4844 1.78856
      vertex 27 -14.4844 1.78856
    endloop
  endfacet
  facet normal 0 -0.881843 -0.471543
    outer loop
      vertex 37 -14.4844 1.78856
      vertex 27 -14.3301 1.5
      vertex 37 -14.3301 1.5
    endloop
  endfacet
  facet normal 0 -0.772961 -0.634454
    outer loop
      vertex 27 -13.7592 0.703272
      vertex 37 -13.9668 0.956193
      vertex 27 -13.9668 0.956193
    endloop
  endfacet
  facet normal 0 -0.772961 -0.634454
    outer loop
      vertex 37 -13.9668 0.956193
      vertex 27 -13.7592 0.703272
      vertex 37 -13.7592 0.703272
    endloop
  endfacet
  facet normal 0 -0.986642 0.162902
    outer loop
      vertex 27 -14.9572 4.65263
      vertex 37 -14.9039 4.97545
      vertex 27 -14.9039 4.97545
    endloop
  endfacet
  facet normal 0 -0.986642 0.162902
    outer loop
      vertex 37 -14.9039 4.97545
      vertex 27 -14.9572 4.65263
      vertex 37 -14.9572 4.65263
    endloop
  endfacet
  facet normal 0 -0.995176 -0.0981056
    outer loop
      vertex 27 -14.9572 3.34737
      vertex 37 -14.9893 3.67299
      vertex 27 -14.9893 3.67299
    endloop
  endfacet
  facet normal 0 -0.995176 -0.0981056
    outer loop
      vertex 37 -14.9893 3.67299
      vertex 27 -14.9572 3.34737
      vertex 37 -14.9572 3.34737
    endloop
  endfacet
  facet normal 0 0.973876 0.22708
    outer loop
      vertex 37 -5.09607 4.97545
      vertex 27 -5.17037 5.2941
      vertex 37 -5.17037 5.2941
    endloop
  endfacet
  facet normal 0 0.973876 0.22708
    outer loop
      vertex 27 -5.17037 5.2941
      vertex 37 -5.09607 4.97545
      vertex 27 -5.09607 4.97545
    endloop
  endfacet
  facet normal 0 -0.957006 -0.290067
    outer loop
      vertex 27 -14.7347 2.3928
      vertex 37 -14.8296 2.7059
      vertex 27 -14.8296 2.7059
    endloop
  endfacet
  facet normal 0 -0.957006 -0.290067
    outer loop
      vertex 37 -14.8296 2.7059
      vertex 27 -14.7347 2.3928
      vertex 37 -14.7347 2.3928
    endloop
  endfacet
  facet normal 0 0.910854 0.41273
    outer loop
      vertex 37 -5.3806 5.91342
      vertex 27 -5.51564 6.21144
      vertex 37 -5.51564 6.21144
    endloop
  endfacet
  facet normal 0 0.910854 0.41273
    outer loop
      vertex 27 -5.51564 6.21144
      vertex 37 -5.3806 5.91342
      vertex 27 -5.3806 5.91342
    endloop
  endfacet
  facet normal 0 -0.881843 0.471543
    outer loop
      vertex 27 -14.4844 6.21144
      vertex 37 -14.3301 6.5
      vertex 27 -14.3301 6.5
    endloop
  endfacet
  facet normal 0 -0.881843 0.471543
    outer loop
      vertex 37 -14.3301 6.5
      vertex 27 -14.4844 6.21144
      vertex 37 -14.4844 6.21144
    endloop
  endfacet
  facet normal 0 0.8492 0.528072
    outer loop
      vertex 37 -5.66987 6.5
      vertex 27 -5.84265 6.77785
      vertex 37 -5.84265 6.77785
    endloop
  endfacet
  facet normal 0 0.8492 0.528072
    outer loop
      vertex 27 -5.84265 6.77785
      vertex 37 -5.66987 6.5
      vertex 27 -5.66987 6.5
    endloop
  endfacet
  facet normal 0 0.935909 0.352242
    outer loop
      vertex 37 -5.26535 5.6072
      vertex 27 -5.3806 5.91342
      vertex 37 -5.3806 5.91342
    endloop
  endfacet
  facet normal 0 0.935909 0.352242
    outer loop
      vertex 27 -5.3806 5.91342
      vertex 37 -5.26535 5.6072
      vertex 27 -5.26535 5.6072
    endloop
  endfacet
  facet normal 0 -0.973876 -0.22708
    outer loop
      vertex 27 -14.8296 2.7059
      vertex 37 -14.9039 3.02455
      vertex 27 -14.9039 3.02455
    endloop
  endfacet
  facet normal 0 -0.973876 -0.22708
    outer loop
      vertex 37 -14.9039 3.02455
      vertex 27 -14.8296 2.7059
      vertex 37 -14.8296 2.7059
    endloop
  endfacet
  facet normal 0 0.8492 -0.528072
    outer loop
      vertex 37 -5.84265 1.22215
      vertex 27 -5.66987 1.5
      vertex 37 -5.66987 1.5
    endloop
  endfacet
  facet normal 0 0.8492 -0.528072
    outer loop
      vertex 27 -5.66987 1.5
      vertex 37 -5.84265 1.22215
      vertex 27 -5.84265 1.22215
    endloop
  endfacet
  facet normal 0 0.999465 0.0327032
    outer loop
      vertex 37 -5 4
      vertex 27 -5.0107 4.32701
      vertex 37 -5.0107 4.32701
    endloop
  endfacet
  facet normal 0 0.999465 0.0327032
    outer loop
      vertex 27 -5.0107 4.32701
      vertex 37 -5 4
      vertex 27 -5 4
    endloop
  endfacet
  facet normal 0 0.973876 -0.22708
    outer loop
      vertex 37 -5.17037 2.7059
      vertex 27 -5.09607 3.02455
      vertex 37 -5.09607 3.02455
    endloop
  endfacet
  facet normal 0 0.973876 -0.22708
    outer loop
      vertex 27 -5.09607 3.02455
      vertex 37 -5.17037 2.7059
      vertex 27 -5.17037 2.7059
    endloop
  endfacet
  facet normal 0 -0.683598 -0.729859
    outer loop
      vertex 27 -13.5355 0.464466
      vertex 37 -13.2967 0.240802
      vertex 37 -13.5355 0.464466
    endloop
  endfacet
  facet normal -0 -0.683598 -0.729859
    outer loop
      vertex 37 -13.2967 0.240802
      vertex 27 -13.5355 0.464466
      vertex 27 -13.2967 0.240802
    endloop
  endfacet
  facet normal 0 -0.935859 0.352376
    outer loop
      vertex 27 -14.7347 5.6072
      vertex 37 -14.6194 5.91342
      vertex 27 -14.6194 5.91342
    endloop
  endfacet
  facet normal 0 -0.935859 0.352376
    outer loop
      vertex 37 -14.6194 5.91342
      vertex 27 -14.7347 5.6072
      vertex 37 -14.7347 5.6072
    endloop
  endfacet
  facet normal 0 -0.683608 0.72985
    outer loop
      vertex 27 -13.2967 7.7592
      vertex 37 -13.5355 7.53553
      vertex 37 -13.2967 7.7592
    endloop
  endfacet
  facet normal 0 -0.683608 0.72985
    outer loop
      vertex 37 -13.5355 7.53553
      vertex 27 -13.2967 7.7592
      vertex 27 -13.5355 7.53553
    endloop
  endfacet
  facet normal -0 0.582415 0.812892
    outer loop
      vertex 27 -6.95619 7.96677
      vertex 37 -7.00257 8
      vertex 37 -6.95619 7.96677
    endloop
  endfacet
  facet normal 0 0.582415 0.812892
    outer loop
      vertex 37 -7.00257 8
      vertex 27 -6.95619 7.96677
      vertex 27 -7.00257 8
    endloop
  endfacet
  facet normal 0 -0.995176 0.0981056
    outer loop
      vertex 27 -14.9893 4.32701
      vertex 37 -14.9572 4.65263
      vertex 27 -14.9572 4.65263
    endloop
  endfacet
  facet normal 0 -0.995176 0.0981056
    outer loop
      vertex 37 -14.9572 4.65263
      vertex 27 -14.9893 4.32701
      vertex 37 -14.9893 4.32701
    endloop
  endfacet
  facet normal 0 0.956939 -0.290291
    outer loop
      vertex 37 -5.26535 2.3928
      vertex 27 -5.17037 2.7059
      vertex 37 -5.17037 2.7059
    endloop
  endfacet
  facet normal 0 0.956939 -0.290291
    outer loop
      vertex 27 -5.17037 2.7059
      vertex 37 -5.26535 2.3928
      vertex 27 -5.26535 2.3928
    endloop
  endfacet
  facet normal 0 0.999465 -0.0327032
    outer loop
      vertex 37 -5.0107 3.67299
      vertex 27 -5 4
      vertex 37 -5 4
    endloop
  endfacet
  facet normal 0 0.999465 -0.0327032
    outer loop
      vertex 27 -5 4
      vertex 37 -5.0107 3.67299
      vertex 27 -5.0107 3.67299
    endloop
  endfacet
  facet normal 0 -0.957006 0.290067
    outer loop
      vertex 27 -14.8296 5.2941
      vertex 37 -14.7347 5.6072
      vertex 27 -14.7347 5.6072
    endloop
  endfacet
  facet normal 0 -0.957006 0.290067
    outer loop
      vertex 37 -14.7347 5.6072
      vertex 27 -14.8296 5.2941
      vertex 37 -14.8296 5.2941
    endloop
  endfacet
  facet normal 0 0.683598 -0.729859
    outer loop
      vertex 27 -6.70327 0.240802
      vertex 37 -6.46447 0.464466
      vertex 37 -6.70327 0.240802
    endloop
  endfacet
  facet normal 0 0.683598 -0.729859
    outer loop
      vertex 37 -6.46447 0.464466
      vertex 27 -6.70327 0.240802
      vertex 27 -6.46447 0.464466
    endloop
  endfacet
  facet normal 0 -0.812969 0.582308
    outer loop
      vertex 27 -14.1573 6.77785
      vertex 37 -13.9668 7.04381
      vertex 27 -13.9668 7.04381
    endloop
  endfacet
  facet normal 0 -0.812969 0.582308
    outer loop
      vertex 37 -13.9668 7.04381
      vertex 27 -14.1573 6.77785
      vertex 37 -14.1573 6.77785
    endloop
  endfacet
  facet normal 0 -0.973876 0.22708
    outer loop
      vertex 27 -14.9039 4.97545
      vertex 37 -14.8296 5.2941
      vertex 27 -14.8296 5.2941
    endloop
  endfacet
  facet normal 0 -0.973876 0.22708
    outer loop
      vertex 37 -14.8296 5.2941
      vertex 27 -14.9039 4.97545
      vertex 37 -14.9039 4.97545
    endloop
  endfacet
  facet normal 0 -0.849172 0.528116
    outer loop
      vertex 27 -14.3301 6.5
      vertex 37 -14.1573 6.77785
      vertex 27 -14.1573 6.77785
    endloop
  endfacet
  facet normal 0 -0.849172 0.528116
    outer loop
      vertex 37 -14.1573 6.77785
      vertex 27 -14.3301 6.5
      vertex 37 -14.3301 6.5
    endloop
  endfacet
  facet normal 0 -0.729804 0.683656
    outer loop
      vertex 27 -13.7592 7.29673
      vertex 37 -13.5355 7.53553
      vertex 27 -13.5355 7.53553
    endloop
  endfacet
  facet normal 0 -0.729804 0.683656
    outer loop
      vertex 37 -13.5355 7.53553
      vertex 27 -13.7592 7.29673
      vertex 37 -13.7592 7.29673
    endloop
  endfacet
  facet normal 0 -0.77296 0.634455
    outer loop
      vertex 59 -13.9668 7.04381
      vertex 69 -13.7592 7.29673
      vertex 59 -13.7592 7.29673
    endloop
  endfacet
  facet normal 0 -0.77296 0.634455
    outer loop
      vertex 69 -13.7592 7.29673
      vertex 59 -13.9668 7.04381
      vertex 69 -13.9668 7.04381
    endloop
  endfacet
  facet normal 0 -0.973876 -0.22708
    outer loop
      vertex 59 -14.8296 2.7059
      vertex 69 -14.9039 3.02455
      vertex 59 -14.9039 3.02455
    endloop
  endfacet
  facet normal 0 -0.973876 -0.22708
    outer loop
      vertex 69 -14.9039 3.02455
      vertex 59 -14.8296 2.7059
      vertex 69 -14.8296 2.7059
    endloop
  endfacet
  facet normal 0 -0.849172 -0.528116
    outer loop
      vertex 59 -14.1573 1.22215
      vertex 69 -14.3301 1.5
      vertex 59 -14.3301 1.5
    endloop
  endfacet
  facet normal 0 -0.849172 -0.528116
    outer loop
      vertex 69 -14.3301 1.5
      vertex 59 -14.1573 1.22215
      vertex 69 -14.1573 1.22215
    endloop
  endfacet
  facet normal 0 -0.772961 -0.634454
    outer loop
      vertex 59 -13.7592 0.703272
      vertex 69 -13.9668 0.956193
      vertex 59 -13.9668 0.956193
    endloop
  endfacet
  facet normal 0 -0.772961 -0.634454
    outer loop
      vertex 69 -13.9668 0.956193
      vertex 59 -13.7592 0.703272
      vertex 69 -13.7592 0.703272
    endloop
  endfacet
  facet normal 0 0.935909 0.352242
    outer loop
      vertex 69 -5.26535 5.6072
      vertex 59 -5.3806 5.91342
      vertex 69 -5.3806 5.91342
    endloop
  endfacet
  facet normal 0 0.935909 0.352242
    outer loop
      vertex 59 -5.3806 5.91342
      vertex 69 -5.26535 5.6072
      vertex 59 -5.26535 5.6072
    endloop
  endfacet
  facet normal 0 -0.729813 -0.683647
    outer loop
      vertex 59 -13.5355 0.464466
      vertex 69 -13.7592 0.703272
      vertex 59 -13.7592 0.703272
    endloop
  endfacet
  facet normal 0 -0.729813 -0.683647
    outer loop
      vertex 69 -13.7592 0.703272
      vertex 59 -13.5355 0.464466
      vertex 69 -13.5355 0.464466
    endloop
  endfacet
  facet normal 0 0.8492 0.528072
    outer loop
      vertex 69 -5.66987 6.5
      vertex 59 -5.84265 6.77785
      vertex 69 -5.84265 6.77785
    endloop
  endfacet
  facet normal 0 0.8492 0.528072
    outer loop
      vertex 59 -5.84265 6.77785
      vertex 69 -5.66987 6.5
      vertex 59 -5.66987 6.5
    endloop
  endfacet
  facet normal 0 0.956939 0.290291
    outer loop
      vertex 69 -5.17037 5.2941
      vertex 59 -5.26535 5.6072
      vertex 69 -5.26535 5.6072
    endloop
  endfacet
  facet normal 0 0.956939 0.290291
    outer loop
      vertex 59 -5.26535 5.6072
      vertex 69 -5.17037 5.2941
      vertex 59 -5.17037 5.2941
    endloop
  endfacet
  facet normal 0 -0.957006 -0.290067
    outer loop
      vertex 59 -14.7347 2.3928
      vertex 69 -14.8296 2.7059
      vertex 59 -14.8296 2.7059
    endloop
  endfacet
  facet normal 0 -0.957006 -0.290067
    outer loop
      vertex 69 -14.8296 2.7059
      vertex 59 -14.7347 2.3928
      vertex 69 -14.7347 2.3928
    endloop
  endfacet
  facet normal 0 -0.986642 -0.162902
    outer loop
      vertex 59 -14.9039 3.02455
      vertex 69 -14.9572 3.34737
      vertex 59 -14.9572 3.34737
    endloop
  endfacet
  facet normal 0 -0.986642 -0.162902
    outer loop
      vertex 69 -14.9572 3.34737
      vertex 59 -14.9039 3.02455
      vertex 69 -14.9039 3.02455
    endloop
  endfacet
  facet normal 0 0.995182 0.0980451
    outer loop
      vertex 69 -5.0107 4.32701
      vertex 59 -5.04278 4.65263
      vertex 69 -5.04278 4.65263
    endloop
  endfacet
  facet normal 0 0.995182 0.0980451
    outer loop
      vertex 59 -5.04278 4.65263
      vertex 69 -5.0107 4.32701
      vertex 59 -5.0107 4.32701
    endloop
  endfacet
  facet normal 0 -0.634427 -0.772982
    outer loop
      vertex 59 -13.2967 0.240802
      vertex 69 -13.0438 0.0332336
      vertex 69 -13.2967 0.240802
    endloop
  endfacet
  facet normal -0 -0.634427 -0.772982
    outer loop
      vertex 69 -13.0438 0.0332336
      vertex 59 -13.2967 0.240802
      vertex 59 -13.0438 0.0332336
    endloop
  endfacet
  facet normal 0 0.935909 -0.352242
    outer loop
      vertex 69 -5.3806 2.08658
      vertex 59 -5.26535 2.3928
      vertex 69 -5.26535 2.3928
    endloop
  endfacet
  facet normal 0 0.935909 -0.352242
    outer loop
      vertex 59 -5.26535 2.3928
      vertex 69 -5.3806 2.08658
      vertex 59 -5.3806 2.08658
    endloop
  endfacet
  facet normal 0 -0.63443 0.77298
    outer loop
      vertex 59 -13.0438 7.96677
      vertex 69 -13.2967 7.7592
      vertex 69 -13.0438 7.96677
    endloop
  endfacet
  facet normal 0 -0.63443 0.77298
    outer loop
      vertex 69 -13.2967 7.7592
      vertex 59 -13.0438 7.96677
      vertex 59 -13.2967 7.7592
    endloop
  endfacet
  facet normal 0 -0.999465 0.0327032
    outer loop
      vertex 59 -15 4
      vertex 69 -14.9893 4.32701
      vertex 59 -14.9893 4.32701
    endloop
  endfacet
  facet normal 0 -0.999465 0.0327032
    outer loop
      vertex 69 -14.9893 4.32701
      vertex 59 -15 4
      vertex 69 -15 4
    endloop
  endfacet
  facet normal 0 0.881932 -0.471376
    outer loop
      vertex 69 -5.66987 1.5
      vertex 59 -5.51564 1.78856
      vertex 69 -5.51564 1.78856
    endloop
  endfacet
  facet normal 0 0.881932 -0.471376
    outer loop
      vertex 59 -5.51564 1.78856
      vertex 69 -5.66987 1.5
      vertex 59 -5.66987 1.5
    endloop
  endfacet
  facet normal 0 0.995182 -0.0980451
    outer loop
      vertex 69 -5.04278 3.34737
      vertex 59 -5.0107 3.67299
      vertex 69 -5.0107 3.67299
    endloop
  endfacet
  facet normal 0 0.995182 -0.0980451
    outer loop
      vertex 59 -5.0107 3.67299
      vertex 69 -5.04278 3.34737
      vertex 59 -5.04278 3.34737
    endloop
  endfacet
  facet normal 0 0.582456 -0.812862
    outer loop
      vertex 59 -7.00257 0
      vertex 69 -6.95619 0.0332336
      vertex 69 -7.00257 0
    endloop
  endfacet
  facet normal 0 0.582456 -0.812862
    outer loop
      vertex 69 -6.95619 0.0332336
      vertex 59 -7.00257 0
      vertex 59 -6.95619 0.0332336
    endloop
  endfacet
  facet normal -0 0.6344 0.773005
    outer loop
      vertex 59 -6.70327 7.7592
      vertex 69 -6.95619 7.96677
      vertex 69 -6.70327 7.7592
    endloop
  endfacet
  facet normal 0 0.6344 0.773005
    outer loop
      vertex 69 -6.95619 7.96677
      vertex 59 -6.70327 7.7592
      vertex 59 -6.95619 7.96677
    endloop
  endfacet
  facet normal 0 -0.999465 -0.0327032
    outer loop
      vertex 59 -14.9893 3.67299
      vertex 69 -15 4
      vertex 59 -15 4
    endloop
  endfacet
  facet normal 0 -0.999465 -0.0327032
    outer loop
      vertex 69 -15 4
      vertex 59 -14.9893 3.67299
      vertex 69 -14.9893 3.67299
    endloop
  endfacet
  facet normal 0 0.910854 0.41273
    outer loop
      vertex 69 -5.3806 5.91342
      vertex 59 -5.51564 6.21144
      vertex 69 -5.51564 6.21144
    endloop
  endfacet
  facet normal 0 0.910854 0.41273
    outer loop
      vertex 59 -5.51564 6.21144
      vertex 69 -5.3806 5.91342
      vertex 59 -5.3806 5.91342
    endloop
  endfacet
  facet normal 0 0.773005 0.6344
    outer loop
      vertex 69 -6.03323 7.04381
      vertex 59 -6.2408 7.29673
      vertex 69 -6.2408 7.29673
    endloop
  endfacet
  facet normal 0 0.773005 0.6344
    outer loop
      vertex 59 -6.2408 7.29673
      vertex 69 -6.03323 7.04381
      vertex 59 -6.03323 7.04381
    endloop
  endfacet
  facet normal -0 0.683608 0.72985
    outer loop
      vertex 59 -6.46447 7.53553
      vertex 69 -6.70327 7.7592
      vertex 69 -6.46447 7.53553
    endloop
  endfacet
  facet normal 0 0.683608 0.72985
    outer loop
      vertex 69 -6.70327 7.7592
      vertex 59 -6.46447 7.53553
      vertex 59 -6.70327 7.7592
    endloop
  endfacet
  facet normal 0 0.634398 -0.773007
    outer loop
      vertex 59 -6.95619 0.0332336
      vertex 69 -6.70327 0.240802
      vertex 69 -6.95619 0.0332336
    endloop
  endfacet
  facet normal 0 0.634398 -0.773007
    outer loop
      vertex 69 -6.70327 0.240802
      vertex 59 -6.95619 0.0332336
      vertex 59 -6.70327 0.240802
    endloop
  endfacet
  facet normal 0 0.773006 -0.634399
    outer loop
      vertex 69 -6.2408 0.703272
      vertex 59 -6.03323 0.956193
      vertex 69 -6.03323 0.956193
    endloop
  endfacet
  facet normal 0 0.773006 -0.634399
    outer loop
      vertex 59 -6.03323 0.956193
      vertex 69 -6.2408 0.703272
      vertex 59 -6.2408 0.703272
    endloop
  endfacet
  facet normal 0 0.729858 -0.683598
    outer loop
      vertex 69 -6.46447 0.464466
      vertex 59 -6.2408 0.703272
      vertex 69 -6.2408 0.703272
    endloop
  endfacet
  facet normal 0 0.729858 -0.683598
    outer loop
      vertex 59 -6.2408 0.703272
      vertex 69 -6.46447 0.464466
      vertex 59 -6.46447 0.464466
    endloop
  endfacet
  facet normal 0 0.999465 -0.0327032
    outer loop
      vertex 69 -5.0107 3.67299
      vertex 59 -5 4
      vertex 69 -5 4
    endloop
  endfacet
  facet normal 0 0.999465 -0.0327032
    outer loop
      vertex 59 -5 4
      vertex 69 -5.0107 3.67299
      vertex 59 -5.0107 3.67299
    endloop
  endfacet
  facet normal 0 -0.881843 0.471543
    outer loop
      vertex 59 -14.4844 6.21144
      vertex 69 -14.3301 6.5
      vertex 59 -14.3301 6.5
    endloop
  endfacet
  facet normal 0 -0.881843 0.471543
    outer loop
      vertex 69 -14.3301 6.5
      vertex 59 -14.4844 6.21144
      vertex 69 -14.4844 6.21144
    endloop
  endfacet
  facet normal 0 -0.683608 0.72985
    outer loop
      vertex 59 -13.2967 7.7592
      vertex 69 -13.5355 7.53553
      vertex 69 -13.2967 7.7592
    endloop
  endfacet
  facet normal 0 -0.683608 0.72985
    outer loop
      vertex 69 -13.5355 7.53553
      vertex 59 -13.2967 7.7592
      vertex 59 -13.5355 7.53553
    endloop
  endfacet
  facet normal 0 0.973876 0.22708
    outer loop
      vertex 69 -5.09607 4.97545
      vertex 59 -5.17037 5.2941
      vertex 69 -5.17037 5.2941
    endloop
  endfacet
  facet normal 0 0.973876 0.22708
    outer loop
      vertex 59 -5.17037 5.2941
      vertex 69 -5.09607 4.97545
      vertex 59 -5.09607 4.97545
    endloop
  endfacet
  facet normal 0 0.910854 -0.41273
    outer loop
      vertex 69 -5.51564 1.78856
      vertex 59 -5.3806 2.08658
      vertex 69 -5.3806 2.08658
    endloop
  endfacet
  facet normal 0 0.910854 -0.41273
    outer loop
      vertex 59 -5.3806 2.08658
      vertex 69 -5.51564 1.78856
      vertex 59 -5.51564 1.78856
    endloop
  endfacet
  facet normal 0 0.812853 0.582469
    outer loop
      vertex 69 -5.84265 6.77785
      vertex 59 -6.03323 7.04381
      vertex 69 -6.03323 7.04381
    endloop
  endfacet
  facet normal 0 0.812853 0.582469
    outer loop
      vertex 59 -6.03323 7.04381
      vertex 69 -5.84265 6.77785
      vertex 59 -5.84265 6.77785
    endloop
  endfacet
  facet normal 0 0.973876 -0.22708
    outer loop
      vertex 69 -5.17037 2.7059
      vertex 59 -5.09607 3.02455
      vertex 69 -5.09607 3.02455
    endloop
  endfacet
  facet normal 0 0.973876 -0.22708
    outer loop
      vertex 59 -5.09607 3.02455
      vertex 69 -5.17037 2.7059
      vertex 59 -5.17037 2.7059
    endloop
  endfacet
  facet normal 0 0.881932 0.471376
    outer loop
      vertex 69 -5.51564 6.21144
      vertex 59 -5.66987 6.5
      vertex 69 -5.66987 6.5
    endloop
  endfacet
  facet normal 0 0.881932 0.471376
    outer loop
      vertex 59 -5.66987 6.5
      vertex 69 -5.51564 6.21144
      vertex 59 -5.51564 6.21144
    endloop
  endfacet
  facet normal 0 0.683598 -0.729859
    outer loop
      vertex 59 -6.70327 0.240802
      vertex 69 -6.46447 0.464466
      vertex 69 -6.70327 0.240802
    endloop
  endfacet
  facet normal 0 0.683598 -0.729859
    outer loop
      vertex 69 -6.46447 0.464466
      vertex 59 -6.70327 0.240802
      vertex 59 -6.46447 0.464466
    endloop
  endfacet
  facet normal -0 0.582415 0.812892
    outer loop
      vertex 59 -6.95619 7.96677
      vertex 69 -7.00257 8
      vertex 69 -6.95619 7.96677
    endloop
  endfacet
  facet normal 0 0.582415 0.812892
    outer loop
      vertex 69 -7.00257 8
      vertex 59 -6.95619 7.96677
      vertex 59 -7.00257 8
    endloop
  endfacet
  facet normal 0 -0.9109 -0.412628
    outer loop
      vertex 59 -14.4844 1.78856
      vertex 69 -14.6194 2.08658
      vertex 59 -14.6194 2.08658
    endloop
  endfacet
  facet normal 0 -0.9109 -0.412628
    outer loop
      vertex 69 -14.6194 2.08658
      vertex 59 -14.4844 1.78856
      vertex 69 -14.4844 1.78856
    endloop
  endfacet
  facet normal 0 -0.683598 -0.729859
    outer loop
      vertex 59 -13.5355 0.464466
      vertex 69 -13.2967 0.240802
      vertex 69 -13.5355 0.464466
    endloop
  endfacet
  facet normal -0 -0.683598 -0.729859
    outer loop
      vertex 69 -13.2967 0.240802
      vertex 59 -13.5355 0.464466
      vertex 59 -13.2967 0.240802
    endloop
  endfacet
  facet normal 0 -0.881843 -0.471543
    outer loop
      vertex 59 -14.3301 1.5
      vertex 69 -14.4844 1.78856
      vertex 59 -14.4844 1.78856
    endloop
  endfacet
  facet normal 0 -0.881843 -0.471543
    outer loop
      vertex 69 -14.4844 1.78856
      vertex 59 -14.3301 1.5
      vertex 69 -14.3301 1.5
    endloop
  endfacet
  facet normal 0 -0.582249 0.813011
    outer loop
      vertex 59 -12.9974 8
      vertex 69 -13.0438 7.96677
      vertex 69 -12.9974 8
    endloop
  endfacet
  facet normal 0 -0.582249 0.813011
    outer loop
      vertex 69 -13.0438 7.96677
      vertex 59 -12.9974 8
      vertex 59 -13.0438 7.96677
    endloop
  endfacet
  facet normal 0 0.986647 -0.162872
    outer loop
      vertex 69 -5.09607 3.02455
      vertex 59 -5.04278 3.34737
      vertex 69 -5.04278 3.34737
    endloop
  endfacet
  facet normal 0 0.986647 -0.162872
    outer loop
      vertex 59 -5.04278 3.34737
      vertex 69 -5.09607 3.02455
      vertex 59 -5.09607 3.02455
    endloop
  endfacet
  facet normal 0 -0.995176 -0.0981056
    outer loop
      vertex 59 -14.9572 3.34737
      vertex 69 -14.9893 3.67299
      vertex 59 -14.9893 3.67299
    endloop
  endfacet
  facet normal 0 -0.995176 -0.0981056
    outer loop
      vertex 69 -14.9893 3.67299
      vertex 59 -14.9572 3.34737
      vertex 69 -14.9572 3.34737
    endloop
  endfacet
  facet normal 0 -0.58229 -0.812981
    outer loop
      vertex 59 -13.0438 0.0332336
      vertex 69 -12.9974 0
      vertex 69 -13.0438 0.0332336
    endloop
  endfacet
  facet normal -0 -0.58229 -0.812981
    outer loop
      vertex 69 -12.9974 0
      vertex 59 -13.0438 0.0332336
      vertex 59 -12.9974 0
    endloop
  endfacet
  facet normal 0 0.986647 0.162872
    outer loop
      vertex 69 -5.04278 4.65263
      vertex 59 -5.09607 4.97545
      vertex 69 -5.09607 4.97545
    endloop
  endfacet
  facet normal 0 0.986647 0.162872
    outer loop
      vertex 59 -5.09607 4.97545
      vertex 69 -5.04278 4.65263
      vertex 59 -5.04278 4.65263
    endloop
  endfacet
  facet normal 0 -0.935859 -0.352376
    outer loop
      vertex 59 -14.6194 2.08658
      vertex 69 -14.7347 2.3928
      vertex 59 -14.7347 2.3928
    endloop
  endfacet
  facet normal 0 -0.935859 -0.352376
    outer loop
      vertex 69 -14.7347 2.3928
      vertex 59 -14.6194 2.08658
      vertex 69 -14.6194 2.08658
    endloop
  endfacet
  facet normal 0 -0.812969 0.582308
    outer loop
      vertex 59 -14.1573 6.77785
      vertex 69 -13.9668 7.04381
      vertex 59 -13.9668 7.04381
    endloop
  endfacet
  facet normal 0 -0.812969 0.582308
    outer loop
      vertex 69 -13.9668 7.04381
      vertex 59 -14.1573 6.77785
      vertex 69 -14.1573 6.77785
    endloop
  endfacet
  facet normal 0 0.8492 -0.528072
    outer loop
      vertex 69 -5.84265 1.22215
      vertex 59 -5.66987 1.5
      vertex 69 -5.66987 1.5
    endloop
  endfacet
  facet normal 0 0.8492 -0.528072
    outer loop
      vertex 59 -5.66987 1.5
      vertex 69 -5.84265 1.22215
      vertex 59 -5.84265 1.22215
    endloop
  endfacet
  facet normal 0 0.81285 -0.582473
    outer loop
      vertex 69 -6.03323 0.956193
      vertex 59 -5.84265 1.22215
      vertex 69 -5.84265 1.22215
    endloop
  endfacet
  facet normal 0 0.81285 -0.582473
    outer loop
      vertex 59 -5.84265 1.22215
      vertex 69 -6.03323 0.956193
      vertex 59 -6.03323 0.956193
    endloop
  endfacet
  facet normal 0 -0.849172 0.528116
    outer loop
      vertex 59 -14.3301 6.5
      vertex 69 -14.1573 6.77785
      vertex 59 -14.1573 6.77785
    endloop
  endfacet
  facet normal 0 -0.849172 0.528116
    outer loop
      vertex 69 -14.1573 6.77785
      vertex 59 -14.3301 6.5
      vertex 69 -14.3301 6.5
    endloop
  endfacet
  facet normal 0 0.72985 0.683608
    outer loop
      vertex 69 -6.2408 7.29673
      vertex 59 -6.46447 7.53553
      vertex 69 -6.46447 7.53553
    endloop
  endfacet
  facet normal 0 0.72985 0.683608
    outer loop
      vertex 59 -6.46447 7.53553
      vertex 69 -6.2408 7.29673
      vertex 59 -6.2408 7.29673
    endloop
  endfacet
  facet normal 0 0.956939 -0.290291
    outer loop
      vertex 69 -5.26535 2.3928
      vertex 59 -5.17037 2.7059
      vertex 69 -5.17037 2.7059
    endloop
  endfacet
  facet normal 0 0.956939 -0.290291
    outer loop
      vertex 59 -5.17037 2.7059
      vertex 69 -5.26535 2.3928
      vertex 59 -5.26535 2.3928
    endloop
  endfacet
  facet normal 0 -0.935859 0.352376
    outer loop
      vertex 59 -14.7347 5.6072
      vertex 69 -14.6194 5.91342
      vertex 59 -14.6194 5.91342
    endloop
  endfacet
  facet normal 0 -0.935859 0.352376
    outer loop
      vertex 69 -14.6194 5.91342
      vertex 59 -14.7347 5.6072
      vertex 69 -14.7347 5.6072
    endloop
  endfacet
  facet normal 0 -0.986642 0.162902
    outer loop
      vertex 59 -14.9572 4.65263
      vertex 69 -14.9039 4.97545
      vertex 59 -14.9039 4.97545
    endloop
  endfacet
  facet normal 0 -0.986642 0.162902
    outer loop
      vertex 69 -14.9039 4.97545
      vertex 59 -14.9572 4.65263
      vertex 69 -14.9572 4.65263
    endloop
  endfacet
  facet normal 0 -0.973876 0.22708
    outer loop
      vertex 59 -14.9039 4.97545
      vertex 69 -14.8296 5.2941
      vertex 59 -14.8296 5.2941
    endloop
  endfacet
  facet normal 0 -0.973876 0.22708
    outer loop
      vertex 69 -14.8296 5.2941
      vertex 59 -14.9039 4.97545
      vertex 69 -14.9039 4.97545
    endloop
  endfacet
  facet normal 0 -0.812965 -0.582312
    outer loop
      vertex 59 -13.9668 0.956193
      vertex 69 -14.1573 1.22215
      vertex 59 -14.1573 1.22215
    endloop
  endfacet
  facet normal 0 -0.812965 -0.582312
    outer loop
      vertex 69 -14.1573 1.22215
      vertex 59 -13.9668 0.956193
      vertex 69 -13.9668 0.956193
    endloop
  endfacet
  facet normal 0 0.999465 0.0327032
    outer loop
      vertex 69 -5 4
      vertex 59 -5.0107 4.32701
      vertex 69 -5.0107 4.32701
    endloop
  endfacet
  facet normal 0 0.999465 0.0327032
    outer loop
      vertex 59 -5.0107 4.32701
      vertex 69 -5 4
      vertex 59 -5 4
    endloop
  endfacet
  facet normal 0 -0.995176 0.0981056
    outer loop
      vertex 59 -14.9893 4.32701
      vertex 69 -14.9572 4.65263
      vertex 59 -14.9572 4.65263
    endloop
  endfacet
  facet normal 0 -0.995176 0.0981056
    outer loop
      vertex 69 -14.9572 4.65263
      vertex 59 -14.9893 4.32701
      vertex 69 -14.9893 4.32701
    endloop
  endfacet
  facet normal 0 -0.957006 0.290067
    outer loop
      vertex 59 -14.8296 5.2941
      vertex 69 -14.7347 5.6072
      vertex 59 -14.7347 5.6072
    endloop
  endfacet
  facet normal 0 -0.957006 0.290067
    outer loop
      vertex 69 -14.7347 5.6072
      vertex 59 -14.8296 5.2941
      vertex 69 -14.8296 5.2941
    endloop
  endfacet
  facet normal 0 -0.729804 0.683656
    outer loop
      vertex 59 -13.7592 7.29673
      vertex 69 -13.5355 7.53553
      vertex 59 -13.5355 7.53553
    endloop
  endfacet
  facet normal 0 -0.729804 0.683656
    outer loop
      vertex 69 -13.5355 7.53553
      vertex 59 -13.7592 7.29673
      vertex 69 -13.7592 7.29673
    endloop
  endfacet
  facet normal 0 -0.9109 0.412628
    outer loop
      vertex 59 -14.6194 5.91342
      vertex 69 -14.4844 6.21144
      vertex 59 -14.4844 6.21144
    endloop
  endfacet
  facet normal 0 -0.9109 0.412628
    outer loop
      vertex 69 -14.4844 6.21144
      vertex 59 -14.6194 5.91342
      vertex 69 -14.6194 5.91342
    endloop
  endfacet
  facet normal 0 -0.986647 -0.162872
    outer loop
      vertex 91 5.09607 3.02455
      vertex 101 5.04278 3.34737
      vertex 91 5.04278 3.34737
    endloop
  endfacet
  facet normal 0 -0.986647 -0.162872
    outer loop
      vertex 101 5.04278 3.34737
      vertex 91 5.09607 3.02455
      vertex 101 5.09607 3.02455
    endloop
  endfacet
  facet normal 0 -0.995182 0.0980451
    outer loop
      vertex 91 5.0107 4.32701
      vertex 101 5.04278 4.65263
      vertex 91 5.04278 4.65263
    endloop
  endfacet
  facet normal 0 -0.995182 0.0980451
    outer loop
      vertex 101 5.04278 4.65263
      vertex 91 5.0107 4.32701
      vertex 101 5.0107 4.32701
    endloop
  endfacet
  facet normal 0 0.957006 0.290067
    outer loop
      vertex 101 14.8296 5.2941
      vertex 91 14.7347 5.6072
      vertex 101 14.7347 5.6072
    endloop
  endfacet
  facet normal 0 0.957006 0.290067
    outer loop
      vertex 91 14.7347 5.6072
      vertex 101 14.8296 5.2941
      vertex 91 14.8296 5.2941
    endloop
  endfacet
  facet normal 0 0.9109 -0.412628
    outer loop
      vertex 101 14.4844 1.78856
      vertex 91 14.6194 2.08658
      vertex 101 14.6194 2.08658
    endloop
  endfacet
  facet normal 0 0.9109 -0.412628
    outer loop
      vertex 91 14.6194 2.08658
      vertex 101 14.4844 1.78856
      vertex 91 14.4844 1.78856
    endloop
  endfacet
  facet normal 0 0.881843 0.471543
    outer loop
      vertex 101 14.4844 6.21144
      vertex 91 14.3301 6.5
      vertex 101 14.3301 6.5
    endloop
  endfacet
  facet normal 0 0.881843 0.471543
    outer loop
      vertex 91 14.3301 6.5
      vertex 101 14.4844 6.21144
      vertex 91 14.4844 6.21144
    endloop
  endfacet
  facet normal 0 0.772961 -0.634454
    outer loop
      vertex 101 13.7592 0.703272
      vertex 91 13.9668 0.956193
      vertex 101 13.9668 0.956193
    endloop
  endfacet
  facet normal 0 0.772961 -0.634454
    outer loop
      vertex 91 13.9668 0.956193
      vertex 101 13.7592 0.703272
      vertex 91 13.7592 0.703272
    endloop
  endfacet
  facet normal 0 -0.634398 -0.773007
    outer loop
      vertex 91 6.70327 0.240802
      vertex 101 6.95619 0.0332336
      vertex 101 6.70327 0.240802
    endloop
  endfacet
  facet normal -0 -0.634398 -0.773007
    outer loop
      vertex 101 6.95619 0.0332336
      vertex 91 6.70327 0.240802
      vertex 91 6.95619 0.0332336
    endloop
  endfacet
  facet normal 0 0.849172 -0.528116
    outer loop
      vertex 101 14.1573 1.22215
      vertex 91 14.3301 1.5
      vertex 101 14.3301 1.5
    endloop
  endfacet
  facet normal 0 0.849172 -0.528116
    outer loop
      vertex 91 14.3301 1.5
      vertex 101 14.1573 1.22215
      vertex 91 14.1573 1.22215
    endloop
  endfacet
  facet normal 0 -0.999465 -0.0327032
    outer loop
      vertex 91 5.0107 3.67299
      vertex 101 5 4
      vertex 91 5 4
    endloop
  endfacet
  facet normal 0 -0.999465 -0.0327032
    outer loop
      vertex 101 5 4
      vertex 91 5.0107 3.67299
      vertex 101 5.0107 3.67299
    endloop
  endfacet
  facet normal 0 0.957006 -0.290067
    outer loop
      vertex 101 14.7347 2.3928
      vertex 91 14.8296 2.7059
      vertex 101 14.8296 2.7059
    endloop
  endfacet
  facet normal 0 0.957006 -0.290067
    outer loop
      vertex 91 14.8296 2.7059
      vertex 101 14.7347 2.3928
      vertex 91 14.7347 2.3928
    endloop
  endfacet
  facet normal 0 -0.683598 -0.729859
    outer loop
      vertex 91 6.46447 0.464466
      vertex 101 6.70327 0.240802
      vertex 101 6.46447 0.464466
    endloop
  endfacet
  facet normal -0 -0.683598 -0.729859
    outer loop
      vertex 101 6.70327 0.240802
      vertex 91 6.46447 0.464466
      vertex 91 6.70327 0.240802
    endloop
  endfacet
  facet normal 0 0.881843 -0.471543
    outer loop
      vertex 101 14.3301 1.5
      vertex 91 14.4844 1.78856
      vertex 101 14.4844 1.78856
    endloop
  endfacet
  facet normal 0 0.881843 -0.471543
    outer loop
      vertex 91 14.4844 1.78856
      vertex 101 14.3301 1.5
      vertex 91 14.3301 1.5
    endloop
  endfacet
  facet normal 0 -0.956939 0.290291
    outer loop
      vertex 91 5.17037 5.2941
      vertex 101 5.26535 5.6072
      vertex 91 5.26535 5.6072
    endloop
  endfacet
  facet normal 0 -0.956939 0.290291
    outer loop
      vertex 101 5.26535 5.6072
      vertex 91 5.17037 5.2941
      vertex 101 5.17037 5.2941
    endloop
  endfacet
  facet normal 0 -0.973876 -0.22708
    outer loop
      vertex 91 5.17037 2.7059
      vertex 101 5.09607 3.02455
      vertex 91 5.09607 3.02455
    endloop
  endfacet
  facet normal 0 -0.973876 -0.22708
    outer loop
      vertex 101 5.09607 3.02455
      vertex 91 5.17037 2.7059
      vertex 101 5.17037 2.7059
    endloop
  endfacet
  facet normal 0 0.973876 -0.22708
    outer loop
      vertex 101 14.8296 2.7059
      vertex 91 14.9039 3.02455
      vertex 101 14.9039 3.02455
    endloop
  endfacet
  facet normal 0 0.973876 -0.22708
    outer loop
      vertex 91 14.9039 3.02455
      vertex 101 14.8296 2.7059
      vertex 91 14.8296 2.7059
    endloop
  endfacet
  facet normal 0 -0.986647 0.162872
    outer loop
      vertex 91 5.04278 4.65263
      vertex 101 5.09607 4.97545
      vertex 91 5.09607 4.97545
    endloop
  endfacet
  facet normal 0 -0.986647 0.162872
    outer loop
      vertex 101 5.09607 4.97545
      vertex 91 5.04278 4.65263
      vertex 101 5.04278 4.65263
    endloop
  endfacet
  facet normal 0 0.986642 -0.162902
    outer loop
      vertex 101 14.9039 3.02455
      vertex 91 14.9572 3.34737
      vertex 101 14.9572 3.34737
    endloop
  endfacet
  facet normal 0 0.986642 -0.162902
    outer loop
      vertex 91 14.9572 3.34737
      vertex 101 14.9039 3.02455
      vertex 91 14.9039 3.02455
    endloop
  endfacet
  facet normal 0 -0.72985 0.683608
    outer loop
      vertex 91 6.2408 7.29673
      vertex 101 6.46447 7.53553
      vertex 91 6.46447 7.53553
    endloop
  endfacet
  facet normal 0 -0.72985 0.683608
    outer loop
      vertex 101 6.46447 7.53553
      vertex 91 6.2408 7.29673
      vertex 101 6.2408 7.29673
    endloop
  endfacet
  facet normal 0 0.58229 -0.812981
    outer loop
      vertex 91 12.9974 0
      vertex 101 13.0438 0.0332336
      vertex 101 12.9974 0
    endloop
  endfacet
  facet normal 0 0.58229 -0.812981
    outer loop
      vertex 101 13.0438 0.0332336
      vertex 91 12.9974 0
      vertex 91 13.0438 0.0332336
    endloop
  endfacet
  facet normal 0 -0.995182 -0.0980451
    outer loop
      vertex 91 5.04278 3.34737
      vertex 101 5.0107 3.67299
      vertex 91 5.0107 3.67299
    endloop
  endfacet
  facet normal 0 -0.995182 -0.0980451
    outer loop
      vertex 101 5.0107 3.67299
      vertex 91 5.04278 3.34737
      vertex 101 5.04278 3.34737
    endloop
  endfacet
  facet normal 0 0.729813 -0.683647
    outer loop
      vertex 101 13.5355 0.464466
      vertex 91 13.7592 0.703272
      vertex 101 13.7592 0.703272
    endloop
  endfacet
  facet normal 0 0.729813 -0.683647
    outer loop
      vertex 91 13.7592 0.703272
      vertex 101 13.5355 0.464466
      vertex 91 13.5355 0.464466
    endloop
  endfacet
  facet normal 0 0.634427 -0.772982
    outer loop
      vertex 91 13.0438 0.0332336
      vertex 101 13.2967 0.240802
      vertex 101 13.0438 0.0332336
    endloop
  endfacet
  facet normal 0 0.634427 -0.772982
    outer loop
      vertex 101 13.2967 0.240802
      vertex 91 13.0438 0.0332336
      vertex 91 13.2967 0.240802
    endloop
  endfacet
  facet normal -0 0.582249 0.813011
    outer loop
      vertex 91 13.0438 7.96677
      vertex 101 12.9974 8
      vertex 101 13.0438 7.96677
    endloop
  endfacet
  facet normal 0 0.582249 0.813011
    outer loop
      vertex 101 12.9974 8
      vertex 91 13.0438 7.96677
      vertex 91 12.9974 8
    endloop
  endfacet
  facet normal 0 -0.910854 0.41273
    outer loop
      vertex 91 5.3806 5.91342
      vertex 101 5.51564 6.21144
      vertex 91 5.51564 6.21144
    endloop
  endfacet
  facet normal 0 -0.910854 0.41273
    outer loop
      vertex 101 5.51564 6.21144
      vertex 91 5.3806 5.91342
      vertex 101 5.3806 5.91342
    endloop
  endfacet
  facet normal 0 -0.999465 0.0327032
    outer loop
      vertex 91 5 4
      vertex 101 5.0107 4.32701
      vertex 91 5.0107 4.32701
    endloop
  endfacet
  facet normal 0 -0.999465 0.0327032
    outer loop
      vertex 101 5.0107 4.32701
      vertex 91 5 4
      vertex 101 5 4
    endloop
  endfacet
  facet normal 0 -0.582456 -0.812862
    outer loop
      vertex 91 6.95619 0.0332336
      vertex 101 7.00257 0
      vertex 101 6.95619 0.0332336
    endloop
  endfacet
  facet normal -0 -0.582456 -0.812862
    outer loop
      vertex 101 7.00257 0
      vertex 91 6.95619 0.0332336
      vertex 91 7.00257 0
    endloop
  endfacet
  facet normal 0 -0.729858 -0.683598
    outer loop
      vertex 91 6.46447 0.464466
      vertex 101 6.2408 0.703272
      vertex 91 6.2408 0.703272
    endloop
  endfacet
  facet normal 0 -0.729858 -0.683598
    outer loop
      vertex 101 6.2408 0.703272
      vertex 91 6.46447 0.464466
      vertex 101 6.46447 0.464466
    endloop
  endfacet
  facet normal 0 -0.881932 0.471376
    outer loop
      vertex 91 5.51564 6.21144
      vertex 101 5.66987 6.5
      vertex 91 5.66987 6.5
    endloop
  endfacet
  facet normal 0 -0.881932 0.471376
    outer loop
      vertex 101 5.66987 6.5
      vertex 91 5.51564 6.21144
      vertex 101 5.51564 6.21144
    endloop
  endfacet
  facet normal -0 0.683608 0.72985
    outer loop
      vertex 91 13.5355 7.53553
      vertex 101 13.2967 7.7592
      vertex 101 13.5355 7.53553
    endloop
  endfacet
  facet normal 0 0.683608 0.72985
    outer loop
      vertex 101 13.2967 7.7592
      vertex 91 13.5355 7.53553
      vertex 91 13.2967 7.7592
    endloop
  endfacet
  facet normal 0 -0.881932 -0.471376
    outer loop
      vertex 91 5.66987 1.5
      vertex 101 5.51564 1.78856
      vertex 91 5.51564 1.78856
    endloop
  endfacet
  facet normal 0 -0.881932 -0.471376
    outer loop
      vertex 101 5.51564 1.78856
      vertex 91 5.66987 1.5
      vertex 101 5.66987 1.5
    endloop
  endfacet
  facet normal 0 0.995176 0.0981056
    outer loop
      vertex 101 14.9893 4.32701
      vertex 91 14.9572 4.65263
      vertex 101 14.9572 4.65263
    endloop
  endfacet
  facet normal 0 0.995176 0.0981056
    outer loop
      vertex 91 14.9572 4.65263
      vertex 101 14.9893 4.32701
      vertex 91 14.9893 4.32701
    endloop
  endfacet
  facet normal 0 -0.8492 -0.528072
    outer loop
      vertex 91 5.84265 1.22215
      vertex 101 5.66987 1.5
      vertex 91 5.66987 1.5
    endloop
  endfacet
  facet normal 0 -0.8492 -0.528072
    outer loop
      vertex 101 5.66987 1.5
      vertex 91 5.84265 1.22215
      vertex 101 5.84265 1.22215
    endloop
  endfacet
  facet normal 0 -0.956939 -0.290291
    outer loop
      vertex 91 5.26535 2.3928
      vertex 101 5.17037 2.7059
      vertex 91 5.17037 2.7059
    endloop
  endfacet
  facet normal 0 -0.956939 -0.290291
    outer loop
      vertex 101 5.17037 2.7059
      vertex 91 5.26535 2.3928
      vertex 101 5.26535 2.3928
    endloop
  endfacet
  facet normal 0 0.812965 -0.582312
    outer loop
      vertex 101 13.9668 0.956193
      vertex 91 14.1573 1.22215
      vertex 101 14.1573 1.22215
    endloop
  endfacet
  facet normal 0 0.812965 -0.582312
    outer loop
      vertex 91 14.1573 1.22215
      vertex 101 13.9668 0.956193
      vertex 91 13.9668 0.956193
    endloop
  endfacet
  facet normal -0 0.63443 0.77298
    outer loop
      vertex 91 13.2967 7.7592
      vertex 101 13.0438 7.96677
      vertex 101 13.2967 7.7592
    endloop
  endfacet
  facet normal 0 0.63443 0.77298
    outer loop
      vertex 101 13.0438 7.96677
      vertex 91 13.2967 7.7592
      vertex 91 13.0438 7.96677
    endloop
  endfacet
  facet normal 0 0.999465 0.0327032
    outer loop
      vertex 101 15 4
      vertex 91 14.9893 4.32701
      vertex 101 14.9893 4.32701
    endloop
  endfacet
  facet normal 0 0.999465 0.0327032
    outer loop
      vertex 91 14.9893 4.32701
      vertex 101 15 4
      vertex 91 15 4
    endloop
  endfacet
  facet normal 0 0.935859 -0.352376
    outer loop
      vertex 101 14.6194 2.08658
      vertex 91 14.7347 2.3928
      vertex 101 14.7347 2.3928
    endloop
  endfacet
  facet normal 0 0.935859 -0.352376
    outer loop
      vertex 91 14.7347 2.3928
      vertex 101 14.6194 2.08658
      vertex 91 14.6194 2.08658
    endloop
  endfacet
  facet normal 0 -0.582415 0.812892
    outer loop
      vertex 91 7.00257 8
      vertex 101 6.95619 7.96677
      vertex 101 7.00257 8
    endloop
  endfacet
  facet normal 0 -0.582415 0.812892
    outer loop
      vertex 101 6.95619 7.96677
      vertex 91 7.00257 8
      vertex 91 6.95619 7.96677
    endloop
  endfacet
  facet normal 0 0.729804 0.683656
    outer loop
      vertex 101 13.7592 7.29673
      vertex 91 13.5355 7.53553
      vertex 101 13.5355 7.53553
    endloop
  endfacet
  facet normal 0 0.729804 0.683656
    outer loop
      vertex 91 13.5355 7.53553
      vertex 101 13.7592 7.29673
      vertex 91 13.7592 7.29673
    endloop
  endfacet
  facet normal 0 0.849172 0.528116
    outer loop
      vertex 101 14.3301 6.5
      vertex 91 14.1573 6.77785
      vertex 101 14.1573 6.77785
    endloop
  endfacet
  facet normal 0 0.849172 0.528116
    outer loop
      vertex 91 14.1573 6.77785
      vertex 101 14.3301 6.5
      vertex 91 14.3301 6.5
    endloop
  endfacet
  facet normal 0 0.77296 0.634455
    outer loop
      vertex 101 13.9668 7.04381
      vertex 91 13.7592 7.29673
      vertex 101 13.7592 7.29673
    endloop
  endfacet
  facet normal 0 0.77296 0.634455
    outer loop
      vertex 91 13.7592 7.29673
      vertex 101 13.9668 7.04381
      vertex 91 13.9668 7.04381
    endloop
  endfacet
  facet normal 0 0.973876 0.22708
    outer loop
      vertex 101 14.9039 4.97545
      vertex 91 14.8296 5.2941
      vertex 101 14.8296 5.2941
    endloop
  endfacet
  facet normal 0 0.973876 0.22708
    outer loop
      vertex 91 14.8296 5.2941
      vertex 101 14.9039 4.97545
      vertex 91 14.9039 4.97545
    endloop
  endfacet
  facet normal 0 0.935859 0.352376
    outer loop
      vertex 101 14.7347 5.6072
      vertex 91 14.6194 5.91342
      vertex 101 14.6194 5.91342
    endloop
  endfacet
  facet normal 0 0.935859 0.352376
    outer loop
      vertex 91 14.6194 5.91342
      vertex 101 14.7347 5.6072
      vertex 91 14.7347 5.6072
    endloop
  endfacet
  facet normal 0 0.812969 0.582308
    outer loop
      vertex 101 14.1573 6.77785
      vertex 91 13.9668 7.04381
      vertex 101 13.9668 7.04381
    endloop
  endfacet
  facet normal 0 0.812969 0.582308
    outer loop
      vertex 91 13.9668 7.04381
      vertex 101 14.1573 6.77785
      vertex 91 14.1573 6.77785
    endloop
  endfacet
  facet normal 0 -0.683608 0.72985
    outer loop
      vertex 91 6.70327 7.7592
      vertex 101 6.46447 7.53553
      vertex 101 6.70327 7.7592
    endloop
  endfacet
  facet normal 0 -0.683608 0.72985
    outer loop
      vertex 101 6.46447 7.53553
      vertex 91 6.70327 7.7592
      vertex 91 6.46447 7.53553
    endloop
  endfacet
  facet normal 0 -0.935909 -0.352242
    outer loop
      vertex 91 5.3806 2.08658
      vertex 101 5.26535 2.3928
      vertex 91 5.26535 2.3928
    endloop
  endfacet
  facet normal 0 -0.935909 -0.352242
    outer loop
      vertex 101 5.26535 2.3928
      vertex 91 5.3806 2.08658
      vertex 101 5.3806 2.08658
    endloop
  endfacet
  facet normal 0 -0.910854 -0.41273
    outer loop
      vertex 91 5.51564 1.78856
      vertex 101 5.3806 2.08658
      vertex 91 5.3806 2.08658
    endloop
  endfacet
  facet normal 0 -0.910854 -0.41273
    outer loop
      vertex 101 5.3806 2.08658
      vertex 91 5.51564 1.78856
      vertex 101 5.51564 1.78856
    endloop
  endfacet
  facet normal 0 0.9109 0.412628
    outer loop
      vertex 101 14.6194 5.91342
      vertex 91 14.4844 6.21144
      vertex 101 14.4844 6.21144
    endloop
  endfacet
  facet normal 0 0.9109 0.412628
    outer loop
      vertex 91 14.4844 6.21144
      vertex 101 14.6194 5.91342
      vertex 91 14.6194 5.91342
    endloop
  endfacet
  facet normal 0 -0.81285 -0.582473
    outer loop
      vertex 91 6.03323 0.956193
      vertex 101 5.84265 1.22215
      vertex 91 5.84265 1.22215
    endloop
  endfacet
  facet normal 0 -0.81285 -0.582473
    outer loop
      vertex 101 5.84265 1.22215
      vertex 91 6.03323 0.956193
      vertex 101 6.03323 0.956193
    endloop
  endfacet
  facet normal 0 -0.973876 0.22708
    outer loop
      vertex 91 5.09607 4.97545
      vertex 101 5.17037 5.2941
      vertex 91 5.17037 5.2941
    endloop
  endfacet
  facet normal 0 -0.973876 0.22708
    outer loop
      vertex 101 5.17037 5.2941
      vertex 91 5.09607 4.97545
      vertex 101 5.09607 4.97545
    endloop
  endfacet
  facet normal 0 0.986642 0.162902
    outer loop
      vertex 101 14.9572 4.65263
      vertex 91 14.9039 4.97545
      vertex 101 14.9039 4.97545
    endloop
  endfacet
  facet normal 0 0.986642 0.162902
    outer loop
      vertex 91 14.9039 4.97545
      vertex 101 14.9572 4.65263
      vertex 91 14.9572 4.65263
    endloop
  endfacet
  facet normal 0 0.683598 -0.729859
    outer loop
      vertex 91 13.2967 0.240802
      vertex 101 13.5355 0.464466
      vertex 101 13.2967 0.240802
    endloop
  endfacet
  facet normal 0 0.683598 -0.729859
    outer loop
      vertex 101 13.5355 0.464466
      vertex 91 13.2967 0.240802
      vertex 91 13.5355 0.464466
    endloop
  endfacet
  facet normal 0 -0.812853 0.582469
    outer loop
      vertex 91 5.84265 6.77785
      vertex 101 6.03323 7.04381
      vertex 91 6.03323 7.04381
    endloop
  endfacet
  facet normal 0 -0.812853 0.582469
    outer loop
      vertex 101 6.03323 7.04381
      vertex 91 5.84265 6.77785
      vertex 101 5.84265 6.77785
    endloop
  endfacet
  facet normal 0 -0.935909 0.352242
    outer loop
      vertex 91 5.26535 5.6072
      vertex 101 5.3806 5.91342
      vertex 91 5.3806 5.91342
    endloop
  endfacet
  facet normal 0 -0.935909 0.352242
    outer loop
      vertex 101 5.3806 5.91342
      vertex 91 5.26535 5.6072
      vertex 101 5.26535 5.6072
    endloop
  endfacet
  facet normal 0 0.999465 -0.0327032
    outer loop
      vertex 101 14.9893 3.67299
      vertex 91 15 4
      vertex 101 15 4
    endloop
  endfacet
  facet normal 0 0.999465 -0.0327032
    outer loop
      vertex 91 15 4
      vertex 101 14.9893 3.67299
      vertex 91 14.9893 3.67299
    endloop
  endfacet
  facet normal 0 0.995176 -0.0981056
    outer loop
      vertex 101 14.9572 3.34737
      vertex 91 14.9893 3.67299
      vertex 101 14.9893 3.67299
    endloop
  endfacet
  facet normal 0 0.995176 -0.0981056
    outer loop
      vertex 91 14.9893 3.67299
      vertex 101 14.9572 3.34737
      vertex 91 14.9572 3.34737
    endloop
  endfacet
  facet normal 0 -0.773005 0.6344
    outer loop
      vertex 91 6.03323 7.04381
      vertex 101 6.2408 7.29673
      vertex 91 6.2408 7.29673
    endloop
  endfacet
  facet normal 0 -0.773005 0.6344
    outer loop
      vertex 101 6.2408 7.29673
      vertex 91 6.03323 7.04381
      vertex 101 6.03323 7.04381
    endloop
  endfacet
  facet normal 0 -0.6344 0.773005
    outer loop
      vertex 91 6.95619 7.96677
      vertex 101 6.70327 7.7592
      vertex 101 6.95619 7.96677
    endloop
  endfacet
  facet normal 0 -0.6344 0.773005
    outer loop
      vertex 101 6.70327 7.7592
      vertex 91 6.95619 7.96677
      vertex 91 6.70327 7.7592
    endloop
  endfacet
  facet normal 0 -0.8492 0.528072
    outer loop
      vertex 91 5.66987 6.5
      vertex 101 5.84265 6.77785
      vertex 91 5.84265 6.77785
    endloop
  endfacet
  facet normal 0 -0.8492 0.528072
    outer loop
      vertex 101 5.84265 6.77785
      vertex 91 5.66987 6.5
      vertex 101 5.66987 6.5
    endloop
  endfacet
  facet normal 0 -0.773006 -0.634399
    outer loop
      vertex 91 6.2408 0.703272
      vertex 101 6.03323 0.956193
      vertex 91 6.03323 0.956193
    endloop
  endfacet
  facet normal 0 -0.773006 -0.634399
    outer loop
      vertex 101 6.03323 0.956193
      vertex 91 6.2408 0.703272
      vertex 101 6.2408 0.703272
    endloop
  endfacet
  facet normal 0 -0.956939 -0.290291
    outer loop
      vertex -40 -4.73465 2.3928
      vertex -10 -4.82963 2.7059
      vertex -40 -4.82963 2.7059
    endloop
  endfacet
  facet normal 0 -0.956939 -0.290291
    outer loop
      vertex -10 -4.82963 2.7059
      vertex -40 -4.73465 2.3928
      vertex -10 -4.73465 2.3928
    endloop
  endfacet
  facet normal -0 0.582415 0.812892
    outer loop
      vertex -40 3.04381 7.96677
      vertex -10 2.99743 8
      vertex -10 3.04381 7.96677
    endloop
  endfacet
  facet normal 0 0.582415 0.812892
    outer loop
      vertex -10 2.99743 8
      vertex -40 3.04381 7.96677
      vertex -40 2.99743 8
    endloop
  endfacet
  facet normal 0 0.812853 0.582469
    outer loop
      vertex -10 4.15735 6.77785
      vertex -40 3.96677 7.04381
      vertex -10 3.96677 7.04381
    endloop
  endfacet
  facet normal 0 0.812853 0.582469
    outer loop
      vertex -40 3.96677 7.04381
      vertex -10 4.15735 6.77785
      vertex -40 4.15735 6.77785
    endloop
  endfacet
  facet normal 0 -0.683608 0.72985
    outer loop
      vertex -40 -3.29673 7.7592
      vertex -10 -3.53553 7.53553
      vertex -10 -3.29673 7.7592
    endloop
  endfacet
  facet normal 0 -0.683608 0.72985
    outer loop
      vertex -10 -3.53553 7.53553
      vertex -40 -3.29673 7.7592
      vertex -40 -3.53553 7.53553
    endloop
  endfacet
  facet normal 0 0.910854 -0.41273
    outer loop
      vertex -10 4.48436 1.78856
      vertex -40 4.6194 2.08658
      vertex -10 4.6194 2.08658
    endloop
  endfacet
  facet normal 0 0.910854 -0.41273
    outer loop
      vertex -40 4.6194 2.08658
      vertex -10 4.48436 1.78856
      vertex -40 4.48436 1.78856
    endloop
  endfacet
  facet normal 0 0.986647 0.162872
    outer loop
      vertex -10 4.95722 4.65263
      vertex -40 4.90393 4.97545
      vertex -10 4.90393 4.97545
    endloop
  endfacet
  facet normal 0 0.986647 0.162872
    outer loop
      vertex -40 4.90393 4.97545
      vertex -10 4.95722 4.65263
      vertex -40 4.95722 4.65263
    endloop
  endfacet
  facet normal 0 -0.6344 0.773005
    outer loop
      vertex -40 -3.04381 7.96677
      vertex -10 -3.29673 7.7592
      vertex -10 -3.04381 7.96677
    endloop
  endfacet
  facet normal 0 -0.6344 0.773005
    outer loop
      vertex -10 -3.29673 7.7592
      vertex -40 -3.04381 7.96677
      vertex -40 -3.29673 7.7592
    endloop
  endfacet
  facet normal 0 -0.986647 0.162872
    outer loop
      vertex -40 -4.95722 4.65263
      vertex -10 -4.90393 4.97545
      vertex -40 -4.90393 4.97545
    endloop
  endfacet
  facet normal 0 -0.986647 0.162872
    outer loop
      vertex -10 -4.90393 4.97545
      vertex -40 -4.95722 4.65263
      vertex -10 -4.95722 4.65263
    endloop
  endfacet
  facet normal 0 -0.812853 0.582469
    outer loop
      vertex -40 -4.15735 6.77785
      vertex -10 -3.96677 7.04381
      vertex -40 -3.96677 7.04381
    endloop
  endfacet
  facet normal 0 -0.812853 0.582469
    outer loop
      vertex -10 -3.96677 7.04381
      vertex -40 -4.15735 6.77785
      vertex -10 -4.15735 6.77785
    endloop
  endfacet
  facet normal 0 0.956939 0.290291
    outer loop
      vertex -10 4.82963 5.2941
      vertex -40 4.73465 5.6072
      vertex -10 4.73465 5.6072
    endloop
  endfacet
  facet normal 0 0.956939 0.290291
    outer loop
      vertex -40 4.73465 5.6072
      vertex -10 4.82963 5.2941
      vertex -40 4.82963 5.2941
    endloop
  endfacet
  facet normal 0 -0.582415 0.812892
    outer loop
      vertex -40 -2.99743 8
      vertex -10 -3.04381 7.96677
      vertex -10 -2.99743 8
    endloop
  endfacet
  facet normal 0 -0.582415 0.812892
    outer loop
      vertex -10 -3.04381 7.96677
      vertex -40 -2.99743 8
      vertex -40 -3.04381 7.96677
    endloop
  endfacet
  facet normal 0 0.995185 -0.0980148
    outer loop
      vertex -10 4.95722 3.34737
      vertex -40 4.98929 3.67299
      vertex -10 4.98929 3.67299
    endloop
  endfacet
  facet normal 0 0.995185 -0.0980148
    outer loop
      vertex -40 4.98929 3.67299
      vertex -10 4.95722 3.34737
      vertex -40 4.95722 3.34737
    endloop
  endfacet
  facet normal 0 0.935909 -0.352242
    outer loop
      vertex -10 4.6194 2.08658
      vertex -40 4.73465 2.3928
      vertex -10 4.73465 2.3928
    endloop
  endfacet
  facet normal 0 0.935909 -0.352242
    outer loop
      vertex -40 4.73465 2.3928
      vertex -10 4.6194 2.08658
      vertex -40 4.6194 2.08658
    endloop
  endfacet
  facet normal 0 -0.935909 0.352242
    outer loop
      vertex -40 -4.73465 5.6072
      vertex -10 -4.6194 5.91342
      vertex -40 -4.6194 5.91342
    endloop
  endfacet
  facet normal 0 -0.935909 0.352242
    outer loop
      vertex -10 -4.6194 5.91342
      vertex -40 -4.73465 5.6072
      vertex -10 -4.73465 5.6072
    endloop
  endfacet
  facet normal -0 0.683608 0.72985
    outer loop
      vertex -40 3.53553 7.53553
      vertex -10 3.29673 7.7592
      vertex -10 3.53553 7.53553
    endloop
  endfacet
  facet normal 0 0.683608 0.72985
    outer loop
      vertex -10 3.29673 7.7592
      vertex -40 3.53553 7.53553
      vertex -40 3.29673 7.7592
    endloop
  endfacet
  facet normal -1 0 0
    outer loop
      vertex -40 4.98929 3.67299
      vertex -40 4.98929 4.32701
      vertex -40 5 4
    endloop
  endfacet
  facet normal -1 0 0
    outer loop
      vertex -40 4.95722 3.34737
      vertex -40 4.98929 4.32701
      vertex -40 4.98929 3.67299
    endloop
  endfacet
  facet normal -1 0 0
    outer loop
      vertex -40 4.95722 3.34737
      vertex -40 4.95722 4.65263
      vertex -40 4.98929 4.32701
    endloop
  endfacet
  facet normal -1 0 0
    outer loop
      vertex -40 4.90393 3.02455
      vertex -40 4.95722 4.65263
      vertex -40 4.95722 3.34737
    endloop
  endfacet
  facet normal -1 0 0
    outer loop
      vertex -40 4.90393 3.02455
      vertex -40 4.90393 4.97545
      vertex -40 4.95722 4.65263
    endloop
  endfacet
  facet normal -1 0 0
    outer loop
      vertex -40 4.82963 2.7059
      vertex -40 4.90393 4.97545
      vertex -40 4.90393 3.02455
    endloop
  endfacet
  facet normal -1 0 0
    outer loop
      vertex -40 4.82963 2.7059
      vertex -40 4.82963 5.2941
      vertex -40 4.90393 4.97545
    endloop
  endfacet
  facet normal -1 0 0
    outer loop
      vertex -40 4.73465 2.3928
      vertex -40 4.82963 5.2941
      vertex -40 4.82963 2.7059
    endloop
  endfacet
  facet normal -1 0 0
    outer loop
      vertex -40 4.73465 2.3928
      vertex -40 4.73465 5.6072
      vertex -40 4.82963 5.2941
    endloop
  endfacet
  facet normal -1 0 0
    outer loop
      vertex -40 4.6194 2.08658
      vertex -40 4.73465 5.6072
      vertex -40 4.73465 2.3928
    endloop
  endfacet
  facet normal -1 0 0
    outer loop
      vertex -40 4.6194 2.08658
      vertex -40 4.6194 5.91342
      vertex -40 4.73465 5.6072
    endloop
  endfacet
  facet normal -1 0 0
    outer loop
      vertex -40 4.48436 1.78856
      vertex -40 4.6194 5.91342
      vertex -40 4.6194 2.08658
    endloop
  endfacet
  facet normal -1 0 0
    outer loop
      vertex -40 4.48436 1.78856
      vertex -40 4.48436 6.21144
      vertex -40 4.6194 5.91342
    endloop
  endfacet
  facet normal -1 0 0
    outer loop
      vertex -40 4.33013 1.5
      vertex -40 4.48436 6.21144
      vertex -40 4.48436 1.78856
    endloop
  endfacet
  facet normal -1 0 0
    outer loop
      vertex -40 4.33013 1.5
      vertex -40 4.33013 6.5
      vertex -40 4.48436 6.21144
    endloop
  endfacet
  facet normal -1 0 0
    outer loop
      vertex -40 4.15735 1.22215
      vertex -40 4.33013 6.5
      vertex -40 4.33013 1.5
    endloop
  endfacet
  facet normal -1 0 0
    outer loop
      vertex -40 4.15735 1.22215
      vertex -40 4.15735 6.77785
      vertex -40 4.33013 6.5
    endloop
  endfacet
  facet normal -1 0 0
    outer loop
      vertex -40 3.96677 0.956193
      vertex -40 4.15735 6.77785
      vertex -40 4.15735 1.22215
    endloop
  endfacet
  facet normal -1 0 0
    outer loop
      vertex -40 3.96677 0.956193
      vertex -40 3.96677 7.04381
      vertex -40 4.15735 6.77785
    endloop
  endfacet
  facet normal -1 0 0
    outer loop
      vertex -40 3.7592 0.703272
      vertex -40 3.96677 7.04381
      vertex -40 3.96677 0.956193
    endloop
  endfacet
  facet normal -1 0 0
    outer loop
      vertex -40 3.7592 0.703272
      vertex -40 3.7592 7.29673
      vertex -40 3.96677 7.04381
    endloop
  endfacet
  facet normal -1 0 0
    outer loop
      vertex -40 3.53553 0.464466
      vertex -40 3.7592 7.29673
      vertex -40 3.7592 0.703272
    endloop
  endfacet
  facet normal -1 0 0
    outer loop
      vertex -40 3.53553 0.464466
      vertex -40 3.53553 7.53553
      vertex -40 3.7592 7.29673
    endloop
  endfacet
  facet normal -1 0 0
    outer loop
      vertex -40 3.29673 0.240802
      vertex -40 3.53553 7.53553
      vertex -40 3.53553 0.464466
    endloop
  endfacet
  facet normal -1 0 0
    outer loop
      vertex -40 3.29673 0.240802
      vertex -40 3.29673 7.7592
      vertex -40 3.53553 7.53553
    endloop
  endfacet
  facet normal -1 0 0
    outer loop
      vertex -40 2.99743 0
      vertex -40 3.29673 0.240802
      vertex -40 3.04381 0.0332336
    endloop
  endfacet
  facet normal -1 -0 0
    outer loop
      vertex -40 3.29673 0.240802
      vertex -40 2.99743 0
      vertex -40 3.29673 7.7592
    endloop
  endfacet
  facet normal -1 0 0
    outer loop
      vertex -40 2.99743 8
      vertex -40 3.29673 7.7592
      vertex -40 2.99743 0
    endloop
  endfacet
  facet normal -1 0 0
    outer loop
      vertex -40 3.29673 7.7592
      vertex -40 2.99743 8
      vertex -40 3.04381 7.96677
    endloop
  endfacet
  facet normal -1 0 0
    outer loop
      vertex -40 -2.99743 0
      vertex -40 2.99743 8
      vertex -40 2.99743 0
    endloop
  endfacet
  facet normal -1 0 0
    outer loop
      vertex -40 -2.99743 0
      vertex -40 -2.99743 8
      vertex -40 2.99743 8
    endloop
  endfacet
  facet normal -1 0 0
    outer loop
      vertex -40 -3.29673 0.240802
      vertex -40 -2.99743 0
      vertex -40 -3.04381 0.0332336
    endloop
  endfacet
  facet normal -1 0 0
    outer loop
      vertex -40 -2.99743 0
      vertex -40 -3.29673 0.240802
      vertex -40 -2.99743 8
    endloop
  endfacet
  facet normal -1 0 0
    outer loop
      vertex -40 -3.29673 7.7592
      vertex -40 -2.99743 8
      vertex -40 -3.29673 0.240802
    endloop
  endfacet
  facet normal -1 0 0
    outer loop
      vertex -40 -2.99743 8
      vertex -40 -3.29673 7.7592
      vertex -40 -3.04381 7.96677
    endloop
  endfacet
  facet normal -1 0 0
    outer loop
      vertex -40 -3.53553 0.464466
      vertex -40 -3.29673 7.7592
      vertex -40 -3.29673 0.240802
    endloop
  endfacet
  facet normal -1 0 0
    outer loop
      vertex -40 -3.53553 0.464466
      vertex -40 -3.53553 7.53553
      vertex -40 -3.29673 7.7592
    endloop
  endfacet
  facet normal -1 0 0
    outer loop
      vertex -40 -3.7592 0.703272
      vertex -40 -3.53553 7.53553
      vertex -40 -3.53553 0.464466
    endloop
  endfacet
  facet normal -1 0 0
    outer loop
      vertex -40 -3.7592 0.703272
      vertex -40 -3.7592 7.29673
      vertex -40 -3.53553 7.53553
    endloop
  endfacet
  facet normal -1 0 0
    outer loop
      vertex -40 -3.96677 0.956193
      vertex -40 -3.7592 7.29673
      vertex -40 -3.7592 0.703272
    endloop
  endfacet
  facet normal -1 0 0
    outer loop
      vertex -40 -3.96677 0.956193
      vertex -40 -3.96677 7.04381
      vertex -40 -3.7592 7.29673
    endloop
  endfacet
  facet normal -1 0 0
    outer loop
      vertex -40 -4.15735 1.22215
      vertex -40 -3.96677 7.04381
      vertex -40 -3.96677 0.956193
    endloop
  endfacet
  facet normal -1 0 0
    outer loop
      vertex -40 -4.15735 1.22215
      vertex -40 -4.15735 6.77785
      vertex -40 -3.96677 7.04381
    endloop
  endfacet
  facet normal -1 0 0
    outer loop
      vertex -40 -4.33013 1.5
      vertex -40 -4.15735 6.77785
      vertex -40 -4.15735 1.22215
    endloop
  endfacet
  facet normal -1 0 0
    outer loop
      vertex -40 -4.33013 1.5
      vertex -40 -4.33013 6.5
      vertex -40 -4.15735 6.77785
    endloop
  endfacet
  facet normal -1 0 0
    outer loop
      vertex -40 -4.48436 1.78856
      vertex -40 -4.33013 6.5
      vertex -40 -4.33013 1.5
    endloop
  endfacet
  facet normal -1 0 0
    outer loop
      vertex -40 -4.48436 1.78856
      vertex -40 -4.48436 6.21144
      vertex -40 -4.33013 6.5
    endloop
  endfacet
  facet normal -1 0 0
    outer loop
      vertex -40 -4.6194 2.08658
      vertex -40 -4.48436 6.21144
      vertex -40 -4.48436 1.78856
    endloop
  endfacet
  facet normal -1 0 0
    outer loop
      vertex -40 -4.6194 2.08658
      vertex -40 -4.6194 5.91342
      vertex -40 -4.48436 6.21144
    endloop
  endfacet
  facet normal -1 0 0
    outer loop
      vertex -40 -4.73465 2.3928
      vertex -40 -4.6194 5.91342
      vertex -40 -4.6194 2.08658
    endloop
  endfacet
  facet normal -1 0 0
    outer loop
      vertex -40 -4.73465 2.3928
      vertex -40 -4.73465 5.6072
      vertex -40 -4.6194 5.91342
    endloop
  endfacet
  facet normal -1 0 0
    outer loop
      vertex -40 -4.82963 2.7059
      vertex -40 -4.73465 5.6072
      vertex -40 -4.73465 2.3928
    endloop
  endfacet
  facet normal -1 0 0
    outer loop
      vertex -40 -4.82963 2.7059
      vertex -40 -4.82963 5.2941
      vertex -40 -4.73465 5.6072
    endloop
  endfacet
  facet normal -1 0 0
    outer loop
      vertex -40 -4.90393 3.02455
      vertex -40 -4.82963 5.2941
      vertex -40 -4.82963 2.7059
    endloop
  endfacet
  facet normal -1 0 0
    outer loop
      vertex -40 -4.90393 3.02455
      vertex -40 -4.90393 4.97545
      vertex -40 -4.82963 5.2941
    endloop
  endfacet
  facet normal -1 0 0
    outer loop
      vertex -40 -4.95722 3.34737
      vertex -40 -4.90393 4.97545
      vertex -40 -4.90393 3.02455
    endloop
  endfacet
  facet normal -1 0 0
    outer loop
      vertex -40 -4.95722 3.34737
      vertex -40 -4.95722 4.65263
      vertex -40 -4.90393 4.97545
    endloop
  endfacet
  facet normal -1 0 0
    outer loop
      vertex -40 -4.98929 3.67299
      vertex -40 -4.95722 4.65263
      vertex -40 -4.95722 3.34737
    endloop
  endfacet
  facet normal -1 0 0
    outer loop
      vertex -40 -4.98929 3.67299
      vertex -40 -4.98929 4.32701
      vertex -40 -4.95722 4.65263
    endloop
  endfacet
  facet normal -1 0 -0
    outer loop
      vertex -40 -4.98929 4.32701
      vertex -40 -4.98929 3.67299
      vertex -40 -5 4
    endloop
  endfacet
  facet normal 0 -0.995185 -0.0980148
    outer loop
      vertex -40 -4.95722 3.34737
      vertex -10 -4.98929 3.67299
      vertex -40 -4.98929 3.67299
    endloop
  endfacet
  facet normal 0 -0.995185 -0.0980148
    outer loop
      vertex -10 -4.98929 3.67299
      vertex -40 -4.95722 3.34737
      vertex -10 -4.95722 3.34737
    endloop
  endfacet
  facet normal 0 0.81285 -0.582473
    outer loop
      vertex -10 3.96677 0.956193
      vertex -40 4.15735 1.22215
      vertex -10 4.15735 1.22215
    endloop
  endfacet
  facet normal 0 0.81285 -0.582473
    outer loop
      vertex -40 4.15735 1.22215
      vertex -10 3.96677 0.956193
      vertex -40 3.96677 0.956193
    endloop
  endfacet
  facet normal 0 -0.973876 -0.22708
    outer loop
      vertex -40 -4.82963 2.7059
      vertex -10 -4.90393 3.02455
      vertex -40 -4.90393 3.02455
    endloop
  endfacet
  facet normal 0 -0.973876 -0.22708
    outer loop
      vertex -10 -4.90393 3.02455
      vertex -40 -4.82963 2.7059
      vertex -10 -4.82963 2.7059
    endloop
  endfacet
  facet normal 0 -0.8492 0.528072
    outer loop
      vertex -40 -4.33013 6.5
      vertex -10 -4.15735 6.77785
      vertex -40 -4.15735 6.77785
    endloop
  endfacet
  facet normal 0 -0.8492 0.528072
    outer loop
      vertex -10 -4.15735 6.77785
      vertex -40 -4.33013 6.5
      vertex -10 -4.33013 6.5
    endloop
  endfacet
  facet normal 0 0.999464 -0.0327337
    outer loop
      vertex -10 4.98929 3.67299
      vertex -40 5 4
      vertex -10 5 4
    endloop
  endfacet
  facet normal 0 0.999464 -0.0327337
    outer loop
      vertex -40 5 4
      vertex -10 4.98929 3.67299
      vertex -40 4.98929 3.67299
    endloop
  endfacet
  facet normal 0 0.995185 0.0980148
    outer loop
      vertex -10 4.98929 4.32701
      vertex -40 4.95722 4.65263
      vertex -10 4.95722 4.65263
    endloop
  endfacet
  facet normal 0 0.995185 0.0980148
    outer loop
      vertex -40 4.95722 4.65263
      vertex -10 4.98929 4.32701
      vertex -40 4.98929 4.32701
    endloop
  endfacet
  facet normal 0 0.973876 0.22708
    outer loop
      vertex -10 4.90393 4.97545
      vertex -40 4.82963 5.2941
      vertex -10 4.82963 5.2941
    endloop
  endfacet
  facet normal 0 0.973876 0.22708
    outer loop
      vertex -40 4.82963 5.2941
      vertex -10 4.90393 4.97545
      vertex -40 4.90393 4.97545
    endloop
  endfacet
  facet normal 0 0.935909 0.352242
    outer loop
      vertex -10 4.73465 5.6072
      vertex -40 4.6194 5.91342
      vertex -10 4.6194 5.91342
    endloop
  endfacet
  facet normal 0 0.935909 0.352242
    outer loop
      vertex -40 4.6194 5.91342
      vertex -10 4.73465 5.6072
      vertex -40 4.73465 5.6072
    endloop
  endfacet
  facet normal 0 -0.881932 -0.471376
    outer loop
      vertex -40 -4.33013 1.5
      vertex -10 -4.48436 1.78856
      vertex -40 -4.48436 1.78856
    endloop
  endfacet
  facet normal 0 -0.881932 -0.471376
    outer loop
      vertex -10 -4.48436 1.78856
      vertex -40 -4.33013 1.5
      vertex -10 -4.33013 1.5
    endloop
  endfacet
  facet normal 0 -0.8492 -0.528072
    outer loop
      vertex -40 -4.15735 1.22215
      vertex -10 -4.33013 1.5
      vertex -40 -4.33013 1.5
    endloop
  endfacet
  facet normal 0 -0.8492 -0.528072
    outer loop
      vertex -10 -4.33013 1.5
      vertex -40 -4.15735 1.22215
      vertex -10 -4.15735 1.22215
    endloop
  endfacet
  facet normal 0 -0.973876 0.22708
    outer loop
      vertex -40 -4.90393 4.97545
      vertex -10 -4.82963 5.2941
      vertex -40 -4.82963 5.2941
    endloop
  endfacet
  facet normal 0 -0.973876 0.22708
    outer loop
      vertex -10 -4.82963 5.2941
      vertex -40 -4.90393 4.97545
      vertex -10 -4.90393 4.97545
    endloop
  endfacet
  facet normal 0 -0.999464 -0.0327337
    outer loop
      vertex -40 -4.98929 3.67299
      vertex -10 -5 4
      vertex -40 -5 4
    endloop
  endfacet
  facet normal 0 -0.999464 -0.0327337
    outer loop
      vertex -10 -5 4
      vertex -40 -4.98929 3.67299
      vertex -10 -4.98929 3.67299
    endloop
  endfacet
  facet normal 0 0.773006 -0.634399
    outer loop
      vertex -10 3.7592 0.703272
      vertex -40 3.96677 0.956193
      vertex -10 3.96677 0.956193
    endloop
  endfacet
  facet normal 0 0.773006 -0.634399
    outer loop
      vertex -40 3.96677 0.956193
      vertex -10 3.7592 0.703272
      vertex -40 3.7592 0.703272
    endloop
  endfacet
  facet normal 0 0.8492 -0.528072
    outer loop
      vertex -10 4.15735 1.22215
      vertex -40 4.33013 1.5
      vertex -10 4.33013 1.5
    endloop
  endfacet
  facet normal 0 0.8492 -0.528072
    outer loop
      vertex -40 4.33013 1.5
      vertex -10 4.15735 1.22215
      vertex -40 4.15735 1.22215
    endloop
  endfacet
  facet normal 0 0.582456 -0.812862
    outer loop
      vertex -40 2.99743 0
      vertex -10 3.04381 0.0332336
      vertex -10 2.99743 0
    endloop
  endfacet
  facet normal 0 0.582456 -0.812862
    outer loop
      vertex -10 3.04381 0.0332336
      vertex -40 2.99743 0
      vertex -40 3.04381 0.0332336
    endloop
  endfacet
  facet normal 0 -0.986647 -0.162872
    outer loop
      vertex -40 -4.90393 3.02455
      vertex -10 -4.95722 3.34737
      vertex -40 -4.95722 3.34737
    endloop
  endfacet
  facet normal 0 -0.986647 -0.162872
    outer loop
      vertex -10 -4.95722 3.34737
      vertex -40 -4.90393 3.02455
      vertex -10 -4.90393 3.02455
    endloop
  endfacet
  facet normal 0 0.729858 -0.683598
    outer loop
      vertex -10 3.53553 0.464466
      vertex -40 3.7592 0.703272
      vertex -10 3.7592 0.703272
    endloop
  endfacet
  facet normal 0 0.729858 -0.683598
    outer loop
      vertex -40 3.7592 0.703272
      vertex -10 3.53553 0.464466
      vertex -40 3.53553 0.464466
    endloop
  endfacet
  facet normal 0 -0.582456 -0.812862
    outer loop
      vertex -40 -3.04381 0.0332336
      vertex -10 -2.99743 0
      vertex -10 -3.04381 0.0332336
    endloop
  endfacet
  facet normal -0 -0.582456 -0.812862
    outer loop
      vertex -10 -2.99743 0
      vertex -40 -3.04381 0.0332336
      vertex -40 -2.99743 0
    endloop
  endfacet
  facet normal 0 0.773005 0.6344
    outer loop
      vertex -10 3.96677 7.04381
      vertex -40 3.7592 7.29673
      vertex -10 3.7592 7.29673
    endloop
  endfacet
  facet normal 0 0.773005 0.6344
    outer loop
      vertex -40 3.7592 7.29673
      vertex -10 3.96677 7.04381
      vertex -40 3.96677 7.04381
    endloop
  endfacet
  facet normal 0 0.986647 -0.162872
    outer loop
      vertex -10 4.90393 3.02455
      vertex -40 4.95722 3.34737
      vertex -10 4.95722 3.34737
    endloop
  endfacet
  facet normal 0 0.986647 -0.162872
    outer loop
      vertex -40 4.95722 3.34737
      vertex -10 4.90393 3.02455
      vertex -40 4.90393 3.02455
    endloop
  endfacet
  facet normal 0 -0.935909 -0.352242
    outer loop
      vertex -40 -4.6194 2.08658
      vertex -10 -4.73465 2.3928
      vertex -40 -4.73465 2.3928
    endloop
  endfacet
  facet normal 0 -0.935909 -0.352242
    outer loop
      vertex -10 -4.73465 2.3928
      vertex -40 -4.6194 2.08658
      vertex -10 -4.6194 2.08658
    endloop
  endfacet
  facet normal 0 -0.999464 0.0327337
    outer loop
      vertex -40 -5 4
      vertex -10 -4.98929 4.32701
      vertex -40 -4.98929 4.32701
    endloop
  endfacet
  facet normal 0 -0.999464 0.0327337
    outer loop
      vertex -10 -4.98929 4.32701
      vertex -40 -5 4
      vertex -10 -5 4
    endloop
  endfacet
  facet normal 0 -0.683598 -0.729859
    outer loop
      vertex -40 -3.53553 0.464466
      vertex -10 -3.29673 0.240802
      vertex -10 -3.53553 0.464466
    endloop
  endfacet
  facet normal -0 -0.683598 -0.729859
    outer loop
      vertex -10 -3.29673 0.240802
      vertex -40 -3.53553 0.464466
      vertex -40 -3.29673 0.240802
    endloop
  endfacet
  facet normal 0 0.634398 -0.773007
    outer loop
      vertex -40 3.04381 0.0332336
      vertex -10 3.29673 0.240802
      vertex -10 3.04381 0.0332336
    endloop
  endfacet
  facet normal 0 0.634398 -0.773007
    outer loop
      vertex -10 3.29673 0.240802
      vertex -40 3.04381 0.0332336
      vertex -40 3.29673 0.240802
    endloop
  endfacet
  facet normal 0 0.8492 0.528072
    outer loop
      vertex -10 4.33013 6.5
      vertex -40 4.15735 6.77785
      vertex -10 4.15735 6.77785
    endloop
  endfacet
  facet normal 0 0.8492 0.528072
    outer loop
      vertex -40 4.15735 6.77785
      vertex -10 4.33013 6.5
      vertex -40 4.33013 6.5
    endloop
  endfacet
  facet normal 0 0.72985 0.683608
    outer loop
      vertex -10 3.7592 7.29673
      vertex -40 3.53553 7.53553
      vertex -10 3.53553 7.53553
    endloop
  endfacet
  facet normal 0 0.72985 0.683608
    outer loop
      vertex -40 3.53553 7.53553
      vertex -10 3.7592 7.29673
      vertex -40 3.7592 7.29673
    endloop
  endfacet
  facet normal 0 -0.81285 -0.582473
    outer loop
      vertex -40 -3.96677 0.956193
      vertex -10 -4.15735 1.22215
      vertex -40 -4.15735 1.22215
    endloop
  endfacet
  facet normal 0 -0.81285 -0.582473
    outer loop
      vertex -10 -4.15735 1.22215
      vertex -40 -3.96677 0.956193
      vertex -10 -3.96677 0.956193
    endloop
  endfacet
  facet normal 0 0.973876 -0.22708
    outer loop
      vertex -10 4.82963 2.7059
      vertex -40 4.90393 3.02455
      vertex -10 4.90393 3.02455
    endloop
  endfacet
  facet normal 0 0.973876 -0.22708
    outer loop
      vertex -40 4.90393 3.02455
      vertex -10 4.82963 2.7059
      vertex -40 4.82963 2.7059
    endloop
  endfacet
  facet normal 0 0.881932 -0.471376
    outer loop
      vertex -10 4.33013 1.5
      vertex -40 4.48436 1.78856
      vertex -10 4.48436 1.78856
    endloop
  endfacet
  facet normal 0 0.881932 -0.471376
    outer loop
      vertex -40 4.48436 1.78856
      vertex -10 4.33013 1.5
      vertex -40 4.33013 1.5
    endloop
  endfacet
  facet normal 0 -0.634398 -0.773007
    outer loop
      vertex -40 -3.29673 0.240802
      vertex -10 -3.04381 0.0332336
      vertex -10 -3.29673 0.240802
    endloop
  endfacet
  facet normal -0 -0.634398 -0.773007
    outer loop
      vertex -10 -3.04381 0.0332336
      vertex -40 -3.29673 0.240802
      vertex -40 -3.04381 0.0332336
    endloop
  endfacet
  facet normal 0 0.999464 0.0327337
    outer loop
      vertex -10 5 4
      vertex -40 4.98929 4.32701
      vertex -10 4.98929 4.32701
    endloop
  endfacet
  facet normal 0 0.999464 0.0327337
    outer loop
      vertex -40 4.98929 4.32701
      vertex -10 5 4
      vertex -40 5 4
    endloop
  endfacet
  facet normal 0 -0.956939 0.290291
    outer loop
      vertex -40 -4.82963 5.2941
      vertex -10 -4.73465 5.6072
      vertex -40 -4.73465 5.6072
    endloop
  endfacet
  facet normal 0 -0.956939 0.290291
    outer loop
      vertex -10 -4.73465 5.6072
      vertex -40 -4.82963 5.2941
      vertex -10 -4.82963 5.2941
    endloop
  endfacet
  facet normal 0 -0.881932 0.471376
    outer loop
      vertex -40 -4.48436 6.21144
      vertex -10 -4.33013 6.5
      vertex -40 -4.33013 6.5
    endloop
  endfacet
  facet normal 0 -0.881932 0.471376
    outer loop
      vertex -10 -4.33013 6.5
      vertex -40 -4.48436 6.21144
      vertex -10 -4.48436 6.21144
    endloop
  endfacet
  facet normal 0 0.683598 -0.729859
    outer loop
      vertex -40 3.29673 0.240802
      vertex -10 3.53553 0.464466
      vertex -10 3.29673 0.240802
    endloop
  endfacet
  facet normal 0 0.683598 -0.729859
    outer loop
      vertex -10 3.53553 0.464466
      vertex -40 3.29673 0.240802
      vertex -40 3.53553 0.464466
    endloop
  endfacet
  facet normal 0 -0.995185 0.0980148
    outer loop
      vertex -40 -4.98929 4.32701
      vertex -10 -4.95722 4.65263
      vertex -40 -4.95722 4.65263
    endloop
  endfacet
  facet normal 0 -0.995185 0.0980148
    outer loop
      vertex -10 -4.95722 4.65263
      vertex -40 -4.98929 4.32701
      vertex -10 -4.98929 4.32701
    endloop
  endfacet
  facet normal 0 0.956939 -0.290291
    outer loop
      vertex -10 4.73465 2.3928
      vertex -40 4.82963 2.7059
      vertex -10 4.82963 2.7059
    endloop
  endfacet
  facet normal 0 0.956939 -0.290291
    outer loop
      vertex -40 4.82963 2.7059
      vertex -10 4.73465 2.3928
      vertex -40 4.73465 2.3928
    endloop
  endfacet
  facet normal 0 -0.910854 -0.41273
    outer loop
      vertex -40 -4.48436 1.78856
      vertex -10 -4.6194 2.08658
      vertex -40 -4.6194 2.08658
    endloop
  endfacet
  facet normal 0 -0.910854 -0.41273
    outer loop
      vertex -10 -4.6194 2.08658
      vertex -40 -4.48436 1.78856
      vertex -10 -4.48436 1.78856
    endloop
  endfacet
  facet normal -0 0.6344 0.773005
    outer loop
      vertex -40 3.29673 7.7592
      vertex -10 3.04381 7.96677
      vertex -10 3.29673 7.7592
    endloop
  endfacet
  facet normal 0 0.6344 0.773005
    outer loop
      vertex -10 3.04381 7.96677
      vertex -40 3.29673 7.7592
      vertex -40 3.04381 7.96677
    endloop
  endfacet
  facet normal 0 -0.910854 0.41273
    outer loop
      vertex -40 -4.6194 5.91342
      vertex -10 -4.48436 6.21144
      vertex -40 -4.48436 6.21144
    endloop
  endfacet
  facet normal 0 -0.910854 0.41273
    outer loop
      vertex -10 -4.48436 6.21144
      vertex -40 -4.6194 5.91342
      vertex -10 -4.6194 5.91342
    endloop
  endfacet
  facet normal 0 0.910854 0.41273
    outer loop
      vertex -10 4.6194 5.91342
      vertex -40 4.48436 6.21144
      vertex -10 4.48436 6.21144
    endloop
  endfacet
  facet normal 0 0.910854 0.41273
    outer loop
      vertex -40 4.48436 6.21144
      vertex -10 4.6194 5.91342
      vertex -40 4.6194 5.91342
    endloop
  endfacet
  facet normal 0 -0.773006 -0.634399
    outer loop
      vertex -40 -3.7592 0.703272
      vertex -10 -3.96677 0.956193
      vertex -40 -3.96677 0.956193
    endloop
  endfacet
  facet normal 0 -0.773006 -0.634399
    outer loop
      vertex -10 -3.96677 0.956193
      vertex -40 -3.7592 0.703272
      vertex -10 -3.7592 0.703272
    endloop
  endfacet
  facet normal 0 -0.729858 -0.683598
    outer loop
      vertex -40 -3.53553 0.464466
      vertex -10 -3.7592 0.703272
      vertex -40 -3.7592 0.703272
    endloop
  endfacet
  facet normal 0 -0.729858 -0.683598
    outer loop
      vertex -10 -3.7592 0.703272
      vertex -40 -3.53553 0.464466
      vertex -10 -3.53553 0.464466
    endloop
  endfacet
  facet normal 0 -0.773005 0.6344
    outer loop
      vertex -40 -3.96677 7.04381
      vertex -10 -3.7592 7.29673
      vertex -40 -3.7592 7.29673
    endloop
  endfacet
  facet normal 0 -0.773005 0.6344
    outer loop
      vertex -10 -3.7592 7.29673
      vertex -40 -3.96677 7.04381
      vertex -10 -3.96677 7.04381
    endloop
  endfacet
  facet normal 0 0.881932 0.471376
    outer loop
      vertex -10 4.48436 6.21144
      vertex -40 4.33013 6.5
      vertex -10 4.33013 6.5
    endloop
  endfacet
  facet normal 0 0.881932 0.471376
    outer loop
      vertex -40 4.33013 6.5
      vertex -10 4.48436 6.21144
      vertex -40 4.48436 6.21144
    endloop
  endfacet
  facet normal 0 -0.72985 0.683608
    outer loop
      vertex -40 -3.7592 7.29673
      vertex -10 -3.53553 7.53553
      vertex -40 -3.53553 7.53553
    endloop
  endfacet
  facet normal 0 -0.72985 0.683608
    outer loop
      vertex -10 -3.53553 7.53553
      vertex -40 -3.7592 7.29673
      vertex -10 -3.7592 7.29673
    endloop
  endfacet
  facet normal 0 0.773006 -0.634399
    outer loop
      vertex 22 3.7592 0.703272
      vertex 10 3.96677 0.956193
      vertex 22 3.96677 0.956193
    endloop
  endfacet
  facet normal 0 0.773006 -0.634399
    outer loop
      vertex 10 3.96677 0.956193
      vertex 22 3.7592 0.703272
      vertex 10 3.7592 0.703272
    endloop
  endfacet
  facet normal 0 0.81285 -0.582473
    outer loop
      vertex 22 3.96677 0.956193
      vertex 10 4.15735 1.22215
      vertex 22 4.15735 1.22215
    endloop
  endfacet
  facet normal 0 0.81285 -0.582473
    outer loop
      vertex 10 4.15735 1.22215
      vertex 22 3.96677 0.956193
      vertex 10 3.96677 0.956193
    endloop
  endfacet
  facet normal 0 -0.973876 -0.22708
    outer loop
      vertex 10 -4.82963 2.7059
      vertex 22 -4.90393 3.02455
      vertex 10 -4.90393 3.02455
    endloop
  endfacet
  facet normal 0 -0.973876 -0.22708
    outer loop
      vertex 22 -4.90393 3.02455
      vertex 10 -4.82963 2.7059
      vertex 22 -4.82963 2.7059
    endloop
  endfacet
  facet normal 0 0.773005 0.6344
    outer loop
      vertex 22 3.96677 7.04381
      vertex 10 3.7592 7.29673
      vertex 22 3.7592 7.29673
    endloop
  endfacet
  facet normal 0 0.773005 0.6344
    outer loop
      vertex 10 3.7592 7.29673
      vertex 22 3.96677 7.04381
      vertex 10 3.96677 7.04381
    endloop
  endfacet
  facet normal 0 -0.8492 -0.528072
    outer loop
      vertex 10 -4.15735 1.22215
      vertex 22 -4.33013 1.5
      vertex 10 -4.33013 1.5
    endloop
  endfacet
  facet normal 0 -0.8492 -0.528072
    outer loop
      vertex 22 -4.33013 1.5
      vertex 10 -4.15735 1.22215
      vertex 22 -4.15735 1.22215
    endloop
  endfacet
  facet normal 0 0.999464 -0.0327337
    outer loop
      vertex 22 4.98929 3.67299
      vertex 10 5 4
      vertex 22 5 4
    endloop
  endfacet
  facet normal 0 0.999464 -0.0327337
    outer loop
      vertex 10 5 4
      vertex 22 4.98929 3.67299
      vertex 10 4.98929 3.67299
    endloop
  endfacet
  facet normal 0 -0.812853 0.582469
    outer loop
      vertex 10 -4.15735 6.77785
      vertex 22 -3.96677 7.04381
      vertex 10 -3.96677 7.04381
    endloop
  endfacet
  facet normal 0 -0.812853 0.582469
    outer loop
      vertex 22 -3.96677 7.04381
      vertex 10 -4.15735 6.77785
      vertex 22 -4.15735 6.77785
    endloop
  endfacet
  facet normal -0 0.582415 0.812892
    outer loop
      vertex 10 3.04381 7.96677
      vertex 22 2.99743 8
      vertex 22 3.04381 7.96677
    endloop
  endfacet
  facet normal 0 0.582415 0.812892
    outer loop
      vertex 22 2.99743 8
      vertex 10 3.04381 7.96677
      vertex 10 2.99743 8
    endloop
  endfacet
  facet normal 0 -0.986647 -0.162872
    outer loop
      vertex 10 -4.90393 3.02455
      vertex 22 -4.95722 3.34737
      vertex 10 -4.95722 3.34737
    endloop
  endfacet
  facet normal 0 -0.986647 -0.162872
    outer loop
      vertex 22 -4.95722 3.34737
      vertex 10 -4.90393 3.02455
      vertex 22 -4.90393 3.02455
    endloop
  endfacet
  facet normal 0 -0.773006 -0.634399
    outer loop
      vertex 10 -3.7592 0.703272
      vertex 22 -3.96677 0.956193
      vertex 10 -3.96677 0.956193
    endloop
  endfacet
  facet normal 0 -0.773006 -0.634399
    outer loop
      vertex 22 -3.96677 0.956193
      vertex 10 -3.7592 0.703272
      vertex 22 -3.7592 0.703272
    endloop
  endfacet
  facet normal 0 0.935909 0.352242
    outer loop
      vertex 22 4.73465 5.6072
      vertex 10 4.6194 5.91342
      vertex 22 4.6194 5.91342
    endloop
  endfacet
  facet normal 0 0.935909 0.352242
    outer loop
      vertex 10 4.6194 5.91342
      vertex 22 4.73465 5.6072
      vertex 10 4.73465 5.6072
    endloop
  endfacet
  facet normal 0 -0.582456 -0.812862
    outer loop
      vertex 10 -3.04381 0.0332336
      vertex 22 -2.99743 0
      vertex 22 -3.04381 0.0332336
    endloop
  endfacet
  facet normal -0 -0.582456 -0.812862
    outer loop
      vertex 22 -2.99743 0
      vertex 10 -3.04381 0.0332336
      vertex 10 -2.99743 0
    endloop
  endfacet
  facet normal 0 -0.6344 0.773005
    outer loop
      vertex 10 -3.04381 7.96677
      vertex 22 -3.29673 7.7592
      vertex 22 -3.04381 7.96677
    endloop
  endfacet
  facet normal 0 -0.6344 0.773005
    outer loop
      vertex 22 -3.29673 7.7592
      vertex 10 -3.04381 7.96677
      vertex 10 -3.29673 7.7592
    endloop
  endfacet
  facet normal 0 -0.910854 -0.41273
    outer loop
      vertex 10 -4.48436 1.78856
      vertex 22 -4.6194 2.08658
      vertex 10 -4.6194 2.08658
    endloop
  endfacet
  facet normal 0 -0.910854 -0.41273
    outer loop
      vertex 22 -4.6194 2.08658
      vertex 10 -4.48436 1.78856
      vertex 22 -4.48436 1.78856
    endloop
  endfacet
  facet normal 0 0.956939 0.290291
    outer loop
      vertex 22 4.82963 5.2941
      vertex 10 4.73465 5.6072
      vertex 22 4.73465 5.6072
    endloop
  endfacet
  facet normal 0 0.956939 0.290291
    outer loop
      vertex 10 4.73465 5.6072
      vertex 22 4.82963 5.2941
      vertex 10 4.82963 5.2941
    endloop
  endfacet
  facet normal 0 -0.881932 0.471376
    outer loop
      vertex 10 -4.48436 6.21144
      vertex 22 -4.33013 6.5
      vertex 10 -4.33013 6.5
    endloop
  endfacet
  facet normal 0 -0.881932 0.471376
    outer loop
      vertex 22 -4.33013 6.5
      vertex 10 -4.48436 6.21144
      vertex 22 -4.48436 6.21144
    endloop
  endfacet
  facet normal 0 0.683598 -0.729859
    outer loop
      vertex 10 3.29673 0.240802
      vertex 22 3.53553 0.464466
      vertex 22 3.29673 0.240802
    endloop
  endfacet
  facet normal 0 0.683598 -0.729859
    outer loop
      vertex 22 3.53553 0.464466
      vertex 10 3.29673 0.240802
      vertex 10 3.53553 0.464466
    endloop
  endfacet
  facet normal 0 0.8492 -0.528072
    outer loop
      vertex 22 4.15735 1.22215
      vertex 10 4.33013 1.5
      vertex 22 4.33013 1.5
    endloop
  endfacet
  facet normal 0 0.8492 -0.528072
    outer loop
      vertex 10 4.33013 1.5
      vertex 22 4.15735 1.22215
      vertex 10 4.15735 1.22215
    endloop
  endfacet
  facet normal 0 0.881932 -0.471376
    outer loop
      vertex 22 4.33013 1.5
      vertex 10 4.48436 1.78856
      vertex 22 4.48436 1.78856
    endloop
  endfacet
  facet normal 0 0.881932 -0.471376
    outer loop
      vertex 10 4.48436 1.78856
      vertex 22 4.33013 1.5
      vertex 10 4.33013 1.5
    endloop
  endfacet
  facet normal 0 0.910854 -0.41273
    outer loop
      vertex 22 4.48436 1.78856
      vertex 10 4.6194 2.08658
      vertex 22 4.6194 2.08658
    endloop
  endfacet
  facet normal 0 0.910854 -0.41273
    outer loop
      vertex 10 4.6194 2.08658
      vertex 22 4.48436 1.78856
      vertex 10 4.48436 1.78856
    endloop
  endfacet
  facet normal 0 -0.999464 -0.0327337
    outer loop
      vertex 10 -4.98929 3.67299
      vertex 22 -5 4
      vertex 10 -5 4
    endloop
  endfacet
  facet normal 0 -0.999464 -0.0327337
    outer loop
      vertex 22 -5 4
      vertex 10 -4.98929 3.67299
      vertex 22 -4.98929 3.67299
    endloop
  endfacet
  facet normal 0 0.995185 0.0980148
    outer loop
      vertex 22 4.98929 4.32701
      vertex 10 4.95722 4.65263
      vertex 22 4.95722 4.65263
    endloop
  endfacet
  facet normal 0 0.995185 0.0980148
    outer loop
      vertex 10 4.95722 4.65263
      vertex 22 4.98929 4.32701
      vertex 10 4.98929 4.32701
    endloop
  endfacet
  facet normal 0 -0.986647 0.162872
    outer loop
      vertex 10 -4.95722 4.65263
      vertex 22 -4.90393 4.97545
      vertex 10 -4.90393 4.97545
    endloop
  endfacet
  facet normal 0 -0.986647 0.162872
    outer loop
      vertex 22 -4.90393 4.97545
      vertex 10 -4.95722 4.65263
      vertex 22 -4.95722 4.65263
    endloop
  endfacet
  facet normal 0 0.986647 0.162872
    outer loop
      vertex 22 4.95722 4.65263
      vertex 10 4.90393 4.97545
      vertex 22 4.90393 4.97545
    endloop
  endfacet
  facet normal 0 0.986647 0.162872
    outer loop
      vertex 10 4.90393 4.97545
      vertex 22 4.95722 4.65263
      vertex 10 4.95722 4.65263
    endloop
  endfacet
  facet normal 0 0.582456 -0.812862
    outer loop
      vertex 10 2.99743 0
      vertex 22 3.04381 0.0332336
      vertex 22 2.99743 0
    endloop
  endfacet
  facet normal 0 0.582456 -0.812862
    outer loop
      vertex 22 3.04381 0.0332336
      vertex 10 2.99743 0
      vertex 10 3.04381 0.0332336
    endloop
  endfacet
  facet normal 0 0.729858 -0.683598
    outer loop
      vertex 22 3.53553 0.464466
      vertex 10 3.7592 0.703272
      vertex 22 3.7592 0.703272
    endloop
  endfacet
  facet normal 0 0.729858 -0.683598
    outer loop
      vertex 10 3.7592 0.703272
      vertex 22 3.53553 0.464466
      vertex 10 3.53553 0.464466
    endloop
  endfacet
  facet normal 0 0.812853 0.582469
    outer loop
      vertex 22 4.15735 6.77785
      vertex 10 3.96677 7.04381
      vertex 22 3.96677 7.04381
    endloop
  endfacet
  facet normal 0 0.812853 0.582469
    outer loop
      vertex 10 3.96677 7.04381
      vertex 22 4.15735 6.77785
      vertex 10 4.15735 6.77785
    endloop
  endfacet
  facet normal 0 -0.683598 -0.729859
    outer loop
      vertex 10 -3.53553 0.464466
      vertex 22 -3.29673 0.240802
      vertex 22 -3.53553 0.464466
    endloop
  endfacet
  facet normal -0 -0.683598 -0.729859
    outer loop
      vertex 22 -3.29673 0.240802
      vertex 10 -3.53553 0.464466
      vertex 10 -3.29673 0.240802
    endloop
  endfacet
  facet normal 0 -0.729858 -0.683598
    outer loop
      vertex 10 -3.53553 0.464466
      vertex 22 -3.7592 0.703272
      vertex 10 -3.7592 0.703272
    endloop
  endfacet
  facet normal 0 -0.729858 -0.683598
    outer loop
      vertex 22 -3.7592 0.703272
      vertex 10 -3.53553 0.464466
      vertex 22 -3.53553 0.464466
    endloop
  endfacet
  facet normal 0 0.8492 0.528072
    outer loop
      vertex 22 4.33013 6.5
      vertex 10 4.15735 6.77785
      vertex 22 4.15735 6.77785
    endloop
  endfacet
  facet normal 0 0.8492 0.528072
    outer loop
      vertex 10 4.15735 6.77785
      vertex 22 4.33013 6.5
      vertex 10 4.33013 6.5
    endloop
  endfacet
  facet normal 0 0.995185 -0.0980148
    outer loop
      vertex 22 4.95722 3.34737
      vertex 10 4.98929 3.67299
      vertex 22 4.98929 3.67299
    endloop
  endfacet
  facet normal 0 0.995185 -0.0980148
    outer loop
      vertex 10 4.98929 3.67299
      vertex 22 4.95722 3.34737
      vertex 10 4.95722 3.34737
    endloop
  endfacet
  facet normal 0 -0.956939 0.290291
    outer loop
      vertex 10 -4.82963 5.2941
      vertex 22 -4.73465 5.6072
      vertex 10 -4.73465 5.6072
    endloop
  endfacet
  facet normal 0 -0.956939 0.290291
    outer loop
      vertex 22 -4.73465 5.6072
      vertex 10 -4.82963 5.2941
      vertex 22 -4.82963 5.2941
    endloop
  endfacet
  facet normal 0 -0.935909 -0.352242
    outer loop
      vertex 10 -4.6194 2.08658
      vertex 22 -4.73465 2.3928
      vertex 10 -4.73465 2.3928
    endloop
  endfacet
  facet normal 0 -0.935909 -0.352242
    outer loop
      vertex 22 -4.73465 2.3928
      vertex 10 -4.6194 2.08658
      vertex 22 -4.6194 2.08658
    endloop
  endfacet
  facet normal 0 0.986647 -0.162872
    outer loop
      vertex 22 4.90393 3.02455
      vertex 10 4.95722 3.34737
      vertex 22 4.95722 3.34737
    endloop
  endfacet
  facet normal 0 0.986647 -0.162872
    outer loop
      vertex 10 4.95722 3.34737
      vertex 22 4.90393 3.02455
      vertex 10 4.90393 3.02455
    endloop
  endfacet
  facet normal 0 -0.956939 -0.290291
    outer loop
      vertex 10 -4.73465 2.3928
      vertex 22 -4.82963 2.7059
      vertex 10 -4.82963 2.7059
    endloop
  endfacet
  facet normal 0 -0.956939 -0.290291
    outer loop
      vertex 22 -4.82963 2.7059
      vertex 10 -4.73465 2.3928
      vertex 22 -4.73465 2.3928
    endloop
  endfacet
  facet normal 0 -0.634398 -0.773007
    outer loop
      vertex 10 -3.29673 0.240802
      vertex 22 -3.04381 0.0332336
      vertex 22 -3.29673 0.240802
    endloop
  endfacet
  facet normal -0 -0.634398 -0.773007
    outer loop
      vertex 22 -3.04381 0.0332336
      vertex 10 -3.29673 0.240802
      vertex 10 -3.04381 0.0332336
    endloop
  endfacet
  facet normal 0 0.935909 -0.352242
    outer loop
      vertex 22 4.6194 2.08658
      vertex 10 4.73465 2.3928
      vertex 22 4.73465 2.3928
    endloop
  endfacet
  facet normal 0 0.935909 -0.352242
    outer loop
      vertex 10 4.73465 2.3928
      vertex 22 4.6194 2.08658
      vertex 10 4.6194 2.08658
    endloop
  endfacet
  facet normal 0 -0.881932 -0.471376
    outer loop
      vertex 10 -4.33013 1.5
      vertex 22 -4.48436 1.78856
      vertex 10 -4.48436 1.78856
    endloop
  endfacet
  facet normal 0 -0.881932 -0.471376
    outer loop
      vertex 22 -4.48436 1.78856
      vertex 10 -4.33013 1.5
      vertex 22 -4.33013 1.5
    endloop
  endfacet
  facet normal 0 -0.582415 0.812892
    outer loop
      vertex 10 -2.99743 8
      vertex 22 -3.04381 7.96677
      vertex 22 -2.99743 8
    endloop
  endfacet
  facet normal 0 -0.582415 0.812892
    outer loop
      vertex 22 -3.04381 7.96677
      vertex 10 -2.99743 8
      vertex 10 -3.04381 7.96677
    endloop
  endfacet
  facet normal 0 -0.995185 -0.0980148
    outer loop
      vertex 10 -4.95722 3.34737
      vertex 22 -4.98929 3.67299
      vertex 10 -4.98929 3.67299
    endloop
  endfacet
  facet normal 0 -0.995185 -0.0980148
    outer loop
      vertex 22 -4.98929 3.67299
      vertex 10 -4.95722 3.34737
      vertex 22 -4.95722 3.34737
    endloop
  endfacet
  facet normal -0 0.683608 0.72985
    outer loop
      vertex 10 3.53553 7.53553
      vertex 22 3.29673 7.7592
      vertex 22 3.53553 7.53553
    endloop
  endfacet
  facet normal 0 0.683608 0.72985
    outer loop
      vertex 22 3.29673 7.7592
      vertex 10 3.53553 7.53553
      vertex 10 3.29673 7.7592
    endloop
  endfacet
  facet normal 0 -0.8492 0.528072
    outer loop
      vertex 10 -4.33013 6.5
      vertex 22 -4.15735 6.77785
      vertex 10 -4.15735 6.77785
    endloop
  endfacet
  facet normal 0 -0.8492 0.528072
    outer loop
      vertex 22 -4.15735 6.77785
      vertex 10 -4.33013 6.5
      vertex 22 -4.33013 6.5
    endloop
  endfacet
  facet normal 0 0.72985 0.683608
    outer loop
      vertex 22 3.7592 7.29673
      vertex 10 3.53553 7.53553
      vertex 22 3.53553 7.53553
    endloop
  endfacet
  facet normal 0 0.72985 0.683608
    outer loop
      vertex 10 3.53553 7.53553
      vertex 22 3.7592 7.29673
      vertex 10 3.7592 7.29673
    endloop
  endfacet
  facet normal 0 -0.973876 0.22708
    outer loop
      vertex 10 -4.90393 4.97545
      vertex 22 -4.82963 5.2941
      vertex 10 -4.82963 5.2941
    endloop
  endfacet
  facet normal 0 -0.973876 0.22708
    outer loop
      vertex 22 -4.82963 5.2941
      vertex 10 -4.90393 4.97545
      vertex 22 -4.90393 4.97545
    endloop
  endfacet
  facet normal 0 0.999464 0.0327337
    outer loop
      vertex 22 5 4
      vertex 10 4.98929 4.32701
      vertex 22 4.98929 4.32701
    endloop
  endfacet
  facet normal 0 0.999464 0.0327337
    outer loop
      vertex 10 4.98929 4.32701
      vertex 22 5 4
      vertex 10 5 4
    endloop
  endfacet
  facet normal 0 -0.683608 0.72985
    outer loop
      vertex 10 -3.29673 7.7592
      vertex 22 -3.53553 7.53553
      vertex 22 -3.29673 7.7592
    endloop
  endfacet
  facet normal 0 -0.683608 0.72985
    outer loop
      vertex 22 -3.53553 7.53553
      vertex 10 -3.29673 7.7592
      vertex 10 -3.53553 7.53553
    endloop
  endfacet
  facet normal 0 -0.935909 0.352242
    outer loop
      vertex 10 -4.73465 5.6072
      vertex 22 -4.6194 5.91342
      vertex 10 -4.6194 5.91342
    endloop
  endfacet
  facet normal 0 -0.935909 0.352242
    outer loop
      vertex 22 -4.6194 5.91342
      vertex 10 -4.73465 5.6072
      vertex 22 -4.73465 5.6072
    endloop
  endfacet
  facet normal 0 0.910854 0.41273
    outer loop
      vertex 22 4.6194 5.91342
      vertex 10 4.48436 6.21144
      vertex 22 4.48436 6.21144
    endloop
  endfacet
  facet normal 0 0.910854 0.41273
    outer loop
      vertex 10 4.48436 6.21144
      vertex 22 4.6194 5.91342
      vertex 10 4.6194 5.91342
    endloop
  endfacet
  facet normal 0 -0.81285 -0.582473
    outer loop
      vertex 10 -3.96677 0.956193
      vertex 22 -4.15735 1.22215
      vertex 10 -4.15735 1.22215
    endloop
  endfacet
  facet normal 0 -0.81285 -0.582473
    outer loop
      vertex 22 -4.15735 1.22215
      vertex 10 -3.96677 0.956193
      vertex 22 -3.96677 0.956193
    endloop
  endfacet
  facet normal 0 0.973876 0.22708
    outer loop
      vertex 22 4.90393 4.97545
      vertex 10 4.82963 5.2941
      vertex 22 4.82963 5.2941
    endloop
  endfacet
  facet normal 0 0.973876 0.22708
    outer loop
      vertex 10 4.82963 5.2941
      vertex 22 4.90393 4.97545
      vertex 10 4.90393 4.97545
    endloop
  endfacet
  facet normal 0 -0.72985 0.683608
    outer loop
      vertex 10 -3.7592 7.29673
      vertex 22 -3.53553 7.53553
      vertex 10 -3.53553 7.53553
    endloop
  endfacet
  facet normal 0 -0.72985 0.683608
    outer loop
      vertex 22 -3.53553 7.53553
      vertex 10 -3.7592 7.29673
      vertex 22 -3.7592 7.29673
    endloop
  endfacet
  facet normal -0 0.6344 0.773005
    outer loop
      vertex 10 3.29673 7.7592
      vertex 22 3.04381 7.96677
      vertex 22 3.29673 7.7592
    endloop
  endfacet
  facet normal 0 0.6344 0.773005
    outer loop
      vertex 22 3.04381 7.96677
      vertex 10 3.29673 7.7592
      vertex 10 3.04381 7.96677
    endloop
  endfacet
  facet normal 0 0.634398 -0.773007
    outer loop
      vertex 10 3.04381 0.0332336
      vertex 22 3.29673 0.240802
      vertex 22 3.04381 0.0332336
    endloop
  endfacet
  facet normal 0 0.634398 -0.773007
    outer loop
      vertex 22 3.29673 0.240802
      vertex 10 3.04381 0.0332336
      vertex 10 3.29673 0.240802
    endloop
  endfacet
  facet normal 0 -0.999464 0.0327337
    outer loop
      vertex 10 -5 4
      vertex 22 -4.98929 4.32701
      vertex 10 -4.98929 4.32701
    endloop
  endfacet
  facet normal 0 -0.999464 0.0327337
    outer loop
      vertex 22 -4.98929 4.32701
      vertex 10 -5 4
      vertex 22 -5 4
    endloop
  endfacet
  facet normal 0 -0.995185 0.0980148
    outer loop
      vertex 10 -4.98929 4.32701
      vertex 22 -4.95722 4.65263
      vertex 10 -4.95722 4.65263
    endloop
  endfacet
  facet normal 0 -0.995185 0.0980148
    outer loop
      vertex 22 -4.95722 4.65263
      vertex 10 -4.98929 4.32701
      vertex 22 -4.98929 4.32701
    endloop
  endfacet
  facet normal 0 0.973876 -0.22708
    outer loop
      vertex 22 4.82963 2.7059
      vertex 10 4.90393 3.02455
      vertex 22 4.90393 3.02455
    endloop
  endfacet
  facet normal 0 0.973876 -0.22708
    outer loop
      vertex 10 4.90393 3.02455
      vertex 22 4.82963 2.7059
      vertex 10 4.82963 2.7059
    endloop
  endfacet
  facet normal 0 0.956939 -0.290291
    outer loop
      vertex 22 4.73465 2.3928
      vertex 10 4.82963 2.7059
      vertex 22 4.82963 2.7059
    endloop
  endfacet
  facet normal 0 0.956939 -0.290291
    outer loop
      vertex 10 4.82963 2.7059
      vertex 22 4.73465 2.3928
      vertex 10 4.73465 2.3928
    endloop
  endfacet
  facet normal 0 -0.910854 0.41273
    outer loop
      vertex 10 -4.6194 5.91342
      vertex 22 -4.48436 6.21144
      vertex 10 -4.48436 6.21144
    endloop
  endfacet
  facet normal 0 -0.910854 0.41273
    outer loop
      vertex 22 -4.48436 6.21144
      vertex 10 -4.6194 5.91342
      vertex 22 -4.6194 5.91342
    endloop
  endfacet
  facet normal 0 0.881932 0.471376
    outer loop
      vertex 22 4.48436 6.21144
      vertex 10 4.33013 6.5
      vertex 22 4.33013 6.5
    endloop
  endfacet
  facet normal 0 0.881932 0.471376
    outer loop
      vertex 10 4.33013 6.5
      vertex 22 4.48436 6.21144
      vertex 10 4.48436 6.21144
    endloop
  endfacet
  facet normal 0 -0.773005 0.6344
    outer loop
      vertex 10 -3.96677 7.04381
      vertex 22 -3.7592 7.29673
      vertex 10 -3.7592 7.29673
    endloop
  endfacet
  facet normal 0 -0.773005 0.6344
    outer loop
      vertex 22 -3.7592 7.29673
      vertex 10 -3.96677 7.04381
      vertex 22 -3.96677 7.04381
    endloop
  endfacet
  facet normal 0 0.910854 0.41273
    outer loop
      vertex 54 4.6194 5.91342
      vertex 42 4.48436 6.21144
      vertex 54 4.48436 6.21144
    endloop
  endfacet
  facet normal 0 0.910854 0.41273
    outer loop
      vertex 42 4.48436 6.21144
      vertex 54 4.6194 5.91342
      vertex 42 4.6194 5.91342
    endloop
  endfacet
  facet normal 0 0.773006 -0.634399
    outer loop
      vertex 54 3.7592 0.703272
      vertex 42 3.96677 0.956193
      vertex 54 3.96677 0.956193
    endloop
  endfacet
  facet normal 0 0.773006 -0.634399
    outer loop
      vertex 42 3.96677 0.956193
      vertex 54 3.7592 0.703272
      vertex 42 3.7592 0.703272
    endloop
  endfacet
  facet normal 0 0.81285 -0.582473
    outer loop
      vertex 54 3.96677 0.956193
      vertex 42 4.15735 1.22215
      vertex 54 4.15735 1.22215
    endloop
  endfacet
  facet normal 0 0.81285 -0.582473
    outer loop
      vertex 42 4.15735 1.22215
      vertex 54 3.96677 0.956193
      vertex 42 3.96677 0.956193
    endloop
  endfacet
  facet normal 0 -0.973876 -0.22708
    outer loop
      vertex 42 -4.82963 2.7059
      vertex 54 -4.90393 3.02455
      vertex 42 -4.90393 3.02455
    endloop
  endfacet
  facet normal 0 -0.973876 -0.22708
    outer loop
      vertex 54 -4.90393 3.02455
      vertex 42 -4.82963 2.7059
      vertex 54 -4.82963 2.7059
    endloop
  endfacet
  facet normal 0 0.773005 0.6344
    outer loop
      vertex 54 3.96677 7.04381
      vertex 42 3.7592 7.29673
      vertex 54 3.7592 7.29673
    endloop
  endfacet
  facet normal 0 0.773005 0.6344
    outer loop
      vertex 42 3.7592 7.29673
      vertex 54 3.96677 7.04381
      vertex 42 3.96677 7.04381
    endloop
  endfacet
  facet normal 0 -0.8492 -0.528072
    outer loop
      vertex 42 -4.15735 1.22215
      vertex 54 -4.33013 1.5
      vertex 42 -4.33013 1.5
    endloop
  endfacet
  facet normal 0 -0.8492 -0.528072
    outer loop
      vertex 54 -4.33013 1.5
      vertex 42 -4.15735 1.22215
      vertex 54 -4.15735 1.22215
    endloop
  endfacet
  facet normal 0 -0.986647 -0.162872
    outer loop
      vertex 42 -4.90393 3.02455
      vertex 54 -4.95722 3.34737
      vertex 42 -4.95722 3.34737
    endloop
  endfacet
  facet normal 0 -0.986647 -0.162872
    outer loop
      vertex 54 -4.95722 3.34737
      vertex 42 -4.90393 3.02455
      vertex 54 -4.90393 3.02455
    endloop
  endfacet
  facet normal 0 0.935909 0.352242
    outer loop
      vertex 54 4.73465 5.6072
      vertex 42 4.6194 5.91342
      vertex 54 4.6194 5.91342
    endloop
  endfacet
  facet normal 0 0.935909 0.352242
    outer loop
      vertex 42 4.6194 5.91342
      vertex 54 4.73465 5.6072
      vertex 42 4.73465 5.6072
    endloop
  endfacet
  facet normal 0 -0.6344 0.773005
    outer loop
      vertex 42 -3.04381 7.96677
      vertex 54 -3.29673 7.7592
      vertex 54 -3.04381 7.96677
    endloop
  endfacet
  facet normal 0 -0.6344 0.773005
    outer loop
      vertex 54 -3.29673 7.7592
      vertex 42 -3.04381 7.96677
      vertex 42 -3.29673 7.7592
    endloop
  endfacet
  facet normal 0 0.8492 -0.528072
    outer loop
      vertex 54 4.15735 1.22215
      vertex 42 4.33013 1.5
      vertex 54 4.33013 1.5
    endloop
  endfacet
  facet normal 0 0.8492 -0.528072
    outer loop
      vertex 42 4.33013 1.5
      vertex 54 4.15735 1.22215
      vertex 42 4.15735 1.22215
    endloop
  endfacet
  facet normal 0 0.881932 -0.471376
    outer loop
      vertex 54 4.33013 1.5
      vertex 42 4.48436 1.78856
      vertex 54 4.48436 1.78856
    endloop
  endfacet
  facet normal 0 0.881932 -0.471376
    outer loop
      vertex 42 4.48436 1.78856
      vertex 54 4.33013 1.5
      vertex 42 4.33013 1.5
    endloop
  endfacet
  facet normal 0 -0.881932 -0.471376
    outer loop
      vertex 42 -4.33013 1.5
      vertex 54 -4.48436 1.78856
      vertex 42 -4.48436 1.78856
    endloop
  endfacet
  facet normal 0 -0.881932 -0.471376
    outer loop
      vertex 54 -4.48436 1.78856
      vertex 42 -4.33013 1.5
      vertex 54 -4.33013 1.5
    endloop
  endfacet
  facet normal -0 0.6344 0.773005
    outer loop
      vertex 42 3.29673 7.7592
      vertex 54 3.04381 7.96677
      vertex 54 3.29673 7.7592
    endloop
  endfacet
  facet normal 0 0.6344 0.773005
    outer loop
      vertex 54 3.04381 7.96677
      vertex 42 3.29673 7.7592
      vertex 42 3.04381 7.96677
    endloop
  endfacet
  facet normal 0 0.910854 -0.41273
    outer loop
      vertex 54 4.48436 1.78856
      vertex 42 4.6194 2.08658
      vertex 54 4.6194 2.08658
    endloop
  endfacet
  facet normal 0 0.910854 -0.41273
    outer loop
      vertex 42 4.6194 2.08658
      vertex 54 4.48436 1.78856
      vertex 42 4.48436 1.78856
    endloop
  endfacet
  facet normal 0 -0.999464 -0.0327337
    outer loop
      vertex 42 -4.98929 3.67299
      vertex 54 -5 4
      vertex 42 -5 4
    endloop
  endfacet
  facet normal 0 -0.999464 -0.0327337
    outer loop
      vertex 54 -5 4
      vertex 42 -4.98929 3.67299
      vertex 54 -4.98929 3.67299
    endloop
  endfacet
  facet normal 0 0.995185 0.0980148
    outer loop
      vertex 54 4.98929 4.32701
      vertex 42 4.95722 4.65263
      vertex 54 4.95722 4.65263
    endloop
  endfacet
  facet normal 0 0.995185 0.0980148
    outer loop
      vertex 42 4.95722 4.65263
      vertex 54 4.98929 4.32701
      vertex 42 4.98929 4.32701
    endloop
  endfacet
  facet normal 0 -0.986647 0.162872
    outer loop
      vertex 42 -4.95722 4.65263
      vertex 54 -4.90393 4.97545
      vertex 42 -4.90393 4.97545
    endloop
  endfacet
  facet normal 0 -0.986647 0.162872
    outer loop
      vertex 54 -4.90393 4.97545
      vertex 42 -4.95722 4.65263
      vertex 54 -4.95722 4.65263
    endloop
  endfacet
  facet normal 0 -0.910854 0.41273
    outer loop
      vertex 42 -4.6194 5.91342
      vertex 54 -4.48436 6.21144
      vertex 42 -4.48436 6.21144
    endloop
  endfacet
  facet normal 0 -0.910854 0.41273
    outer loop
      vertex 54 -4.48436 6.21144
      vertex 42 -4.6194 5.91342
      vertex 54 -4.6194 5.91342
    endloop
  endfacet
  facet normal 0 0.986647 0.162872
    outer loop
      vertex 54 4.95722 4.65263
      vertex 42 4.90393 4.97545
      vertex 54 4.90393 4.97545
    endloop
  endfacet
  facet normal 0 0.986647 0.162872
    outer loop
      vertex 42 4.90393 4.97545
      vertex 54 4.95722 4.65263
      vertex 42 4.95722 4.65263
    endloop
  endfacet
  facet normal 0 0.582456 -0.812862
    outer loop
      vertex 42 2.99743 0
      vertex 54 3.04381 0.0332336
      vertex 54 2.99743 0
    endloop
  endfacet
  facet normal 0 0.582456 -0.812862
    outer loop
      vertex 54 3.04381 0.0332336
      vertex 42 2.99743 0
      vertex 42 3.04381 0.0332336
    endloop
  endfacet
  facet normal 0 -0.812853 0.582469
    outer loop
      vertex 42 -4.15735 6.77785
      vertex 54 -3.96677 7.04381
      vertex 42 -3.96677 7.04381
    endloop
  endfacet
  facet normal 0 -0.812853 0.582469
    outer loop
      vertex 54 -3.96677 7.04381
      vertex 42 -4.15735 6.77785
      vertex 54 -4.15735 6.77785
    endloop
  endfacet
  facet normal 0 0.729858 -0.683598
    outer loop
      vertex 54 3.53553 0.464466
      vertex 42 3.7592 0.703272
      vertex 54 3.7592 0.703272
    endloop
  endfacet
  facet normal 0 0.729858 -0.683598
    outer loop
      vertex 42 3.7592 0.703272
      vertex 54 3.53553 0.464466
      vertex 42 3.53553 0.464466
    endloop
  endfacet
  facet normal 0 0.812853 0.582469
    outer loop
      vertex 54 4.15735 6.77785
      vertex 42 3.96677 7.04381
      vertex 54 3.96677 7.04381
    endloop
  endfacet
  facet normal 0 0.812853 0.582469
    outer loop
      vertex 42 3.96677 7.04381
      vertex 54 4.15735 6.77785
      vertex 42 4.15735 6.77785
    endloop
  endfacet
  facet normal 0 0.634398 -0.773007
    outer loop
      vertex 42 3.04381 0.0332336
      vertex 54 3.29673 0.240802
      vertex 54 3.04381 0.0332336
    endloop
  endfacet
  facet normal 0 0.634398 -0.773007
    outer loop
      vertex 54 3.29673 0.240802
      vertex 42 3.04381 0.0332336
      vertex 42 3.29673 0.240802
    endloop
  endfacet
  facet normal 0 -0.683598 -0.729859
    outer loop
      vertex 42 -3.53553 0.464466
      vertex 54 -3.29673 0.240802
      vertex 54 -3.53553 0.464466
    endloop
  endfacet
  facet normal -0 -0.683598 -0.729859
    outer loop
      vertex 54 -3.29673 0.240802
      vertex 42 -3.53553 0.464466
      vertex 42 -3.29673 0.240802
    endloop
  endfacet
  facet normal 0 0.973876 0.22708
    outer loop
      vertex 54 4.90393 4.97545
      vertex 42 4.82963 5.2941
      vertex 54 4.82963 5.2941
    endloop
  endfacet
  facet normal 0 0.973876 0.22708
    outer loop
      vertex 42 4.82963 5.2941
      vertex 54 4.90393 4.97545
      vertex 42 4.90393 4.97545
    endloop
  endfacet
  facet normal 0 0.999464 -0.0327337
    outer loop
      vertex 54 4.98929 3.67299
      vertex 42 5 4
      vertex 54 5 4
    endloop
  endfacet
  facet normal 0 0.999464 -0.0327337
    outer loop
      vertex 42 5 4
      vertex 54 4.98929 3.67299
      vertex 42 4.98929 3.67299
    endloop
  endfacet
  facet normal 0 0.995185 -0.0980148
    outer loop
      vertex 54 4.95722 3.34737
      vertex 42 4.98929 3.67299
      vertex 54 4.98929 3.67299
    endloop
  endfacet
  facet normal 0 0.995185 -0.0980148
    outer loop
      vertex 42 4.98929 3.67299
      vertex 54 4.95722 3.34737
      vertex 42 4.95722 3.34737
    endloop
  endfacet
  facet normal 0 -0.935909 -0.352242
    outer loop
      vertex 42 -4.6194 2.08658
      vertex 54 -4.73465 2.3928
      vertex 42 -4.73465 2.3928
    endloop
  endfacet
  facet normal 0 -0.935909 -0.352242
    outer loop
      vertex 54 -4.73465 2.3928
      vertex 42 -4.6194 2.08658
      vertex 54 -4.6194 2.08658
    endloop
  endfacet
  facet normal 0 0.986647 -0.162872
    outer loop
      vertex 54 4.90393 3.02455
      vertex 42 4.95722 3.34737
      vertex 54 4.95722 3.34737
    endloop
  endfacet
  facet normal 0 0.986647 -0.162872
    outer loop
      vertex 42 4.95722 3.34737
      vertex 54 4.90393 3.02455
      vertex 42 4.90393 3.02455
    endloop
  endfacet
  facet normal 0 -0.729858 -0.683598
    outer loop
      vertex 42 -3.53553 0.464466
      vertex 54 -3.7592 0.703272
      vertex 42 -3.7592 0.703272
    endloop
  endfacet
  facet normal 0 -0.729858 -0.683598
    outer loop
      vertex 54 -3.7592 0.703272
      vertex 42 -3.53553 0.464466
      vertex 54 -3.53553 0.464466
    endloop
  endfacet
  facet normal 0 0.956939 0.290291
    outer loop
      vertex 54 4.82963 5.2941
      vertex 42 4.73465 5.6072
      vertex 54 4.73465 5.6072
    endloop
  endfacet
  facet normal 0 0.956939 0.290291
    outer loop
      vertex 42 4.73465 5.6072
      vertex 54 4.82963 5.2941
      vertex 42 4.82963 5.2941
    endloop
  endfacet
  facet normal 0 -0.956939 -0.290291
    outer loop
      vertex 42 -4.73465 2.3928
      vertex 54 -4.82963 2.7059
      vertex 42 -4.82963 2.7059
    endloop
  endfacet
  facet normal 0 -0.956939 -0.290291
    outer loop
      vertex 54 -4.82963 2.7059
      vertex 42 -4.73465 2.3928
      vertex 54 -4.73465 2.3928
    endloop
  endfacet
  facet normal 0 -0.995185 0.0980148
    outer loop
      vertex 42 -4.98929 4.32701
      vertex 54 -4.95722 4.65263
      vertex 42 -4.95722 4.65263
    endloop
  endfacet
  facet normal 0 -0.995185 0.0980148
    outer loop
      vertex 54 -4.95722 4.65263
      vertex 42 -4.98929 4.32701
      vertex 54 -4.98929 4.32701
    endloop
  endfacet
  facet normal 0 -0.881932 0.471376
    outer loop
      vertex 42 -4.48436 6.21144
      vertex 54 -4.33013 6.5
      vertex 42 -4.33013 6.5
    endloop
  endfacet
  facet normal 0 -0.881932 0.471376
    outer loop
      vertex 54 -4.33013 6.5
      vertex 42 -4.48436 6.21144
      vertex 54 -4.48436 6.21144
    endloop
  endfacet
  facet normal 0 -0.634398 -0.773007
    outer loop
      vertex 42 -3.29673 0.240802
      vertex 54 -3.04381 0.0332336
      vertex 54 -3.29673 0.240802
    endloop
  endfacet
  facet normal -0 -0.634398 -0.773007
    outer loop
      vertex 54 -3.04381 0.0332336
      vertex 42 -3.29673 0.240802
      vertex 42 -3.04381 0.0332336
    endloop
  endfacet
  facet normal 0 -0.582415 0.812892
    outer loop
      vertex 42 -2.99743 8
      vertex 54 -3.04381 7.96677
      vertex 54 -2.99743 8
    endloop
  endfacet
  facet normal 0 -0.582415 0.812892
    outer loop
      vertex 54 -3.04381 7.96677
      vertex 42 -2.99743 8
      vertex 42 -3.04381 7.96677
    endloop
  endfacet
  facet normal 0 -0.995185 -0.0980148
    outer loop
      vertex 42 -4.95722 3.34737
      vertex 54 -4.98929 3.67299
      vertex 42 -4.98929 3.67299
    endloop
  endfacet
  facet normal 0 -0.995185 -0.0980148
    outer loop
      vertex 54 -4.98929 3.67299
      vertex 42 -4.95722 3.34737
      vertex 54 -4.95722 3.34737
    endloop
  endfacet
  facet normal 0 0.683598 -0.729859
    outer loop
      vertex 42 3.29673 0.240802
      vertex 54 3.53553 0.464466
      vertex 54 3.29673 0.240802
    endloop
  endfacet
  facet normal 0 0.683598 -0.729859
    outer loop
      vertex 54 3.53553 0.464466
      vertex 42 3.29673 0.240802
      vertex 42 3.53553 0.464466
    endloop
  endfacet
  facet normal 0 -0.956939 0.290291
    outer loop
      vertex 42 -4.82963 5.2941
      vertex 54 -4.73465 5.6072
      vertex 42 -4.73465 5.6072
    endloop
  endfacet
  facet normal 0 -0.956939 0.290291
    outer loop
      vertex 54 -4.73465 5.6072
      vertex 42 -4.82963 5.2941
      vertex 54 -4.82963 5.2941
    endloop
  endfacet
  facet normal 0 -0.81285 -0.582473
    outer loop
      vertex 42 -3.96677 0.956193
      vertex 54 -4.15735 1.22215
      vertex 42 -4.15735 1.22215
    endloop
  endfacet
  facet normal 0 -0.81285 -0.582473
    outer loop
      vertex 54 -4.15735 1.22215
      vertex 42 -3.96677 0.956193
      vertex 54 -3.96677 0.956193
    endloop
  endfacet
  facet normal 0 -0.999464 0.0327337
    outer loop
      vertex 42 -5 4
      vertex 54 -4.98929 4.32701
      vertex 42 -4.98929 4.32701
    endloop
  endfacet
  facet normal 0 -0.999464 0.0327337
    outer loop
      vertex 54 -4.98929 4.32701
      vertex 42 -5 4
      vertex 54 -5 4
    endloop
  endfacet
  facet normal 0 0.935909 -0.352242
    outer loop
      vertex 54 4.6194 2.08658
      vertex 42 4.73465 2.3928
      vertex 54 4.73465 2.3928
    endloop
  endfacet
  facet normal 0 0.935909 -0.352242
    outer loop
      vertex 42 4.73465 2.3928
      vertex 54 4.6194 2.08658
      vertex 42 4.6194 2.08658
    endloop
  endfacet
  facet normal 0 0.72985 0.683608
    outer loop
      vertex 54 3.7592 7.29673
      vertex 42 3.53553 7.53553
      vertex 54 3.53553 7.53553
    endloop
  endfacet
  facet normal 0 0.72985 0.683608
    outer loop
      vertex 42 3.53553 7.53553
      vertex 54 3.7592 7.29673
      vertex 42 3.7592 7.29673
    endloop
  endfacet
  facet normal 0 0.999464 0.0327337
    outer loop
      vertex 54 5 4
      vertex 42 4.98929 4.32701
      vertex 54 4.98929 4.32701
    endloop
  endfacet
  facet normal 0 0.999464 0.0327337
    outer loop
      vertex 42 4.98929 4.32701
      vertex 54 5 4
      vertex 42 5 4
    endloop
  endfacet
  facet normal 0 -0.683608 0.72985
    outer loop
      vertex 42 -3.29673 7.7592
      vertex 54 -3.53553 7.53553
      vertex 54 -3.29673 7.7592
    endloop
  endfacet
  facet normal 0 -0.683608 0.72985
    outer loop
      vertex 54 -3.53553 7.53553
      vertex 42 -3.29673 7.7592
      vertex 42 -3.53553 7.53553
    endloop
  endfacet
  facet normal 0 0.8492 0.528072
    outer loop
      vertex 54 4.33013 6.5
      vertex 42 4.15735 6.77785
      vertex 54 4.15735 6.77785
    endloop
  endfacet
  facet normal 0 0.8492 0.528072
    outer loop
      vertex 42 4.15735 6.77785
      vertex 54 4.33013 6.5
      vertex 42 4.33013 6.5
    endloop
  endfacet
  facet normal 0 -0.935909 0.352242
    outer loop
      vertex 42 -4.73465 5.6072
      vertex 54 -4.6194 5.91342
      vertex 42 -4.6194 5.91342
    endloop
  endfacet
  facet normal 0 -0.935909 0.352242
    outer loop
      vertex 54 -4.6194 5.91342
      vertex 42 -4.73465 5.6072
      vertex 54 -4.73465 5.6072
    endloop
  endfacet
  facet normal 0 -0.973876 0.22708
    outer loop
      vertex 42 -4.90393 4.97545
      vertex 54 -4.82963 5.2941
      vertex 42 -4.82963 5.2941
    endloop
  endfacet
  facet normal 0 -0.973876 0.22708
    outer loop
      vertex 54 -4.82963 5.2941
      vertex 42 -4.90393 4.97545
      vertex 54 -4.90393 4.97545
    endloop
  endfacet
  facet normal 0 -0.582456 -0.812862
    outer loop
      vertex 42 -3.04381 0.0332336
      vertex 54 -2.99743 0
      vertex 54 -3.04381 0.0332336
    endloop
  endfacet
  facet normal -0 -0.582456 -0.812862
    outer loop
      vertex 54 -2.99743 0
      vertex 42 -3.04381 0.0332336
      vertex 42 -2.99743 0
    endloop
  endfacet
  facet normal 0 -0.910854 -0.41273
    outer loop
      vertex 42 -4.48436 1.78856
      vertex 54 -4.6194 2.08658
      vertex 42 -4.6194 2.08658
    endloop
  endfacet
  facet normal 0 -0.910854 -0.41273
    outer loop
      vertex 54 -4.6194 2.08658
      vertex 42 -4.48436 1.78856
      vertex 54 -4.48436 1.78856
    endloop
  endfacet
  facet normal 0 0.956939 -0.290291
    outer loop
      vertex 54 4.73465 2.3928
      vertex 42 4.82963 2.7059
      vertex 54 4.82963 2.7059
    endloop
  endfacet
  facet normal 0 0.956939 -0.290291
    outer loop
      vertex 42 4.82963 2.7059
      vertex 54 4.73465 2.3928
      vertex 42 4.73465 2.3928
    endloop
  endfacet
  facet normal -0 0.582415 0.812892
    outer loop
      vertex 42 3.04381 7.96677
      vertex 54 2.99743 8
      vertex 54 3.04381 7.96677
    endloop
  endfacet
  facet normal 0 0.582415 0.812892
    outer loop
      vertex 54 2.99743 8
      vertex 42 3.04381 7.96677
      vertex 42 2.99743 8
    endloop
  endfacet
  facet normal 0 -0.72985 0.683608
    outer loop
      vertex 42 -3.7592 7.29673
      vertex 54 -3.53553 7.53553
      vertex 42 -3.53553 7.53553
    endloop
  endfacet
  facet normal 0 -0.72985 0.683608
    outer loop
      vertex 54 -3.53553 7.53553
      vertex 42 -3.7592 7.29673
      vertex 54 -3.7592 7.29673
    endloop
  endfacet
  facet normal 0 -0.8492 0.528072
    outer loop
      vertex 42 -4.33013 6.5
      vertex 54 -4.15735 6.77785
      vertex 42 -4.15735 6.77785
    endloop
  endfacet
  facet normal 0 -0.8492 0.528072
    outer loop
      vertex 54 -4.15735 6.77785
      vertex 42 -4.33013 6.5
      vertex 54 -4.33013 6.5
    endloop
  endfacet
  facet normal 0 0.973876 -0.22708
    outer loop
      vertex 54 4.82963 2.7059
      vertex 42 4.90393 3.02455
      vertex 54 4.90393 3.02455
    endloop
  endfacet
  facet normal 0 0.973876 -0.22708
    outer loop
      vertex 42 4.90393 3.02455
      vertex 54 4.82963 2.7059
      vertex 42 4.82963 2.7059
    endloop
  endfacet
  facet normal -0 0.683608 0.72985
    outer loop
      vertex 42 3.53553 7.53553
      vertex 54 3.29673 7.7592
      vertex 54 3.53553 7.53553
    endloop
  endfacet
  facet normal 0 0.683608 0.72985
    outer loop
      vertex 54 3.29673 7.7592
      vertex 42 3.53553 7.53553
      vertex 42 3.29673 7.7592
    endloop
  endfacet
  facet normal 0 -0.773006 -0.634399
    outer loop
      vertex 42 -3.7592 0.703272
      vertex 54 -3.96677 0.956193
      vertex 42 -3.96677 0.956193
    endloop
  endfacet
  facet normal 0 -0.773006 -0.634399
    outer loop
      vertex 54 -3.96677 0.956193
      vertex 42 -3.7592 0.703272
      vertex 54 -3.7592 0.703272
    endloop
  endfacet
  facet normal 0 0.881932 0.471376
    outer loop
      vertex 54 4.48436 6.21144
      vertex 42 4.33013 6.5
      vertex 54 4.33013 6.5
    endloop
  endfacet
  facet normal 0 0.881932 0.471376
    outer loop
      vertex 42 4.33013 6.5
      vertex 54 4.48436 6.21144
      vertex 42 4.48436 6.21144
    endloop
  endfacet
  facet normal 0 -0.773005 0.6344
    outer loop
      vertex 42 -3.96677 7.04381
      vertex 54 -3.7592 7.29673
      vertex 42 -3.7592 7.29673
    endloop
  endfacet
  facet normal 0 -0.773005 0.6344
    outer loop
      vertex 54 -3.7592 7.29673
      vertex 42 -3.96677 7.04381
      vertex 54 -3.96677 7.04381
    endloop
  endfacet
  facet normal 0 0.773006 -0.634399
    outer loop
      vertex 86 3.7592 0.703272
      vertex 74 3.96677 0.956193
      vertex 86 3.96677 0.956193
    endloop
  endfacet
  facet normal 0 0.773006 -0.634399
    outer loop
      vertex 74 3.96677 0.956193
      vertex 86 3.7592 0.703272
      vertex 74 3.7592 0.703272
    endloop
  endfacet
  facet normal 0 0.81285 -0.582473
    outer loop
      vertex 86 3.96677 0.956193
      vertex 74 4.15735 1.22215
      vertex 86 4.15735 1.22215
    endloop
  endfacet
  facet normal 0 0.81285 -0.582473
    outer loop
      vertex 74 4.15735 1.22215
      vertex 86 3.96677 0.956193
      vertex 74 3.96677 0.956193
    endloop
  endfacet
  facet normal 0 -0.973876 -0.22708
    outer loop
      vertex 74 -4.82963 2.7059
      vertex 86 -4.90393 3.02455
      vertex 74 -4.90393 3.02455
    endloop
  endfacet
  facet normal 0 -0.973876 -0.22708
    outer loop
      vertex 86 -4.90393 3.02455
      vertex 74 -4.82963 2.7059
      vertex 86 -4.82963 2.7059
    endloop
  endfacet
  facet normal 0 0.773005 0.6344
    outer loop
      vertex 86 3.96677 7.04381
      vertex 74 3.7592 7.29673
      vertex 86 3.7592 7.29673
    endloop
  endfacet
  facet normal 0 0.773005 0.6344
    outer loop
      vertex 74 3.7592 7.29673
      vertex 86 3.96677 7.04381
      vertex 74 3.96677 7.04381
    endloop
  endfacet
  facet normal 0 -0.8492 -0.528072
    outer loop
      vertex 74 -4.15735 1.22215
      vertex 86 -4.33013 1.5
      vertex 74 -4.33013 1.5
    endloop
  endfacet
  facet normal 0 -0.8492 -0.528072
    outer loop
      vertex 86 -4.33013 1.5
      vertex 74 -4.15735 1.22215
      vertex 86 -4.15735 1.22215
    endloop
  endfacet
  facet normal 0 0.999464 -0.0327337
    outer loop
      vertex 86 4.98929 3.67299
      vertex 74 5 4
      vertex 86 5 4
    endloop
  endfacet
  facet normal 0 0.999464 -0.0327337
    outer loop
      vertex 74 5 4
      vertex 86 4.98929 3.67299
      vertex 74 4.98929 3.67299
    endloop
  endfacet
  facet normal 0 -0.812853 0.582469
    outer loop
      vertex 74 -4.15735 6.77785
      vertex 86 -3.96677 7.04381
      vertex 74 -3.96677 7.04381
    endloop
  endfacet
  facet normal 0 -0.812853 0.582469
    outer loop
      vertex 86 -3.96677 7.04381
      vertex 74 -4.15735 6.77785
      vertex 86 -4.15735 6.77785
    endloop
  endfacet
  facet normal -0 0.582415 0.812892
    outer loop
      vertex 74 3.04381 7.96677
      vertex 86 2.99743 8
      vertex 86 3.04381 7.96677
    endloop
  endfacet
  facet normal 0 0.582415 0.812892
    outer loop
      vertex 86 2.99743 8
      vertex 74 3.04381 7.96677
      vertex 74 2.99743 8
    endloop
  endfacet
  facet normal 0 -0.986647 -0.162872
    outer loop
      vertex 74 -4.90393 3.02455
      vertex 86 -4.95722 3.34737
      vertex 74 -4.95722 3.34737
    endloop
  endfacet
  facet normal 0 -0.986647 -0.162872
    outer loop
      vertex 86 -4.95722 3.34737
      vertex 74 -4.90393 3.02455
      vertex 86 -4.90393 3.02455
    endloop
  endfacet
  facet normal 0 -0.773006 -0.634399
    outer loop
      vertex 74 -3.7592 0.703272
      vertex 86 -3.96677 0.956193
      vertex 74 -3.96677 0.956193
    endloop
  endfacet
  facet normal 0 -0.773006 -0.634399
    outer loop
      vertex 86 -3.96677 0.956193
      vertex 74 -3.7592 0.703272
      vertex 86 -3.7592 0.703272
    endloop
  endfacet
  facet normal 0 0.935909 0.352242
    outer loop
      vertex 86 4.73465 5.6072
      vertex 74 4.6194 5.91342
      vertex 86 4.6194 5.91342
    endloop
  endfacet
  facet normal 0 0.935909 0.352242
    outer loop
      vertex 74 4.6194 5.91342
      vertex 86 4.73465 5.6072
      vertex 74 4.73465 5.6072
    endloop
  endfacet
  facet normal 0 -0.582456 -0.812862
    outer loop
      vertex 74 -3.04381 0.0332336
      vertex 86 -2.99743 0
      vertex 86 -3.04381 0.0332336
    endloop
  endfacet
  facet normal -0 -0.582456 -0.812862
    outer loop
      vertex 86 -2.99743 0
      vertex 74 -3.04381 0.0332336
      vertex 74 -2.99743 0
    endloop
  endfacet
  facet normal 0 -0.910854 -0.41273
    outer loop
      vertex 74 -4.48436 1.78856
      vertex 86 -4.6194 2.08658
      vertex 74 -4.6194 2.08658
    endloop
  endfacet
  facet normal 0 -0.910854 -0.41273
    outer loop
      vertex 86 -4.6194 2.08658
      vertex 74 -4.48436 1.78856
      vertex 86 -4.48436 1.78856
    endloop
  endfacet
  facet normal 0 0.956939 0.290291
    outer loop
      vertex 86 4.82963 5.2941
      vertex 74 4.73465 5.6072
      vertex 86 4.73465 5.6072
    endloop
  endfacet
  facet normal 0 0.956939 0.290291
    outer loop
      vertex 74 4.73465 5.6072
      vertex 86 4.82963 5.2941
      vertex 74 4.82963 5.2941
    endloop
  endfacet
  facet normal 0 -0.881932 0.471376
    outer loop
      vertex 74 -4.48436 6.21144
      vertex 86 -4.33013 6.5
      vertex 74 -4.33013 6.5
    endloop
  endfacet
  facet normal 0 -0.881932 0.471376
    outer loop
      vertex 86 -4.33013 6.5
      vertex 74 -4.48436 6.21144
      vertex 86 -4.48436 6.21144
    endloop
  endfacet
  facet normal 0 0.683598 -0.729859
    outer loop
      vertex 74 3.29673 0.240802
      vertex 86 3.53553 0.464466
      vertex 86 3.29673 0.240802
    endloop
  endfacet
  facet normal 0 0.683598 -0.729859
    outer loop
      vertex 86 3.53553 0.464466
      vertex 74 3.29673 0.240802
      vertex 74 3.53553 0.464466
    endloop
  endfacet
  facet normal 0 0.8492 -0.528072
    outer loop
      vertex 86 4.15735 1.22215
      vertex 74 4.33013 1.5
      vertex 86 4.33013 1.5
    endloop
  endfacet
  facet normal 0 0.8492 -0.528072
    outer loop
      vertex 74 4.33013 1.5
      vertex 86 4.15735 1.22215
      vertex 74 4.15735 1.22215
    endloop
  endfacet
  facet normal 0 0.881932 -0.471376
    outer loop
      vertex 86 4.33013 1.5
      vertex 74 4.48436 1.78856
      vertex 86 4.48436 1.78856
    endloop
  endfacet
  facet normal 0 0.881932 -0.471376
    outer loop
      vertex 74 4.48436 1.78856
      vertex 86 4.33013 1.5
      vertex 74 4.33013 1.5
    endloop
  endfacet
  facet normal 0 0.910854 -0.41273
    outer loop
      vertex 86 4.48436 1.78856
      vertex 74 4.6194 2.08658
      vertex 86 4.6194 2.08658
    endloop
  endfacet
  facet normal 0 0.910854 -0.41273
    outer loop
      vertex 74 4.6194 2.08658
      vertex 86 4.48436 1.78856
      vertex 74 4.48436 1.78856
    endloop
  endfacet
  facet normal 0 -0.999464 -0.0327337
    outer loop
      vertex 74 -4.98929 3.67299
      vertex 86 -5 4
      vertex 74 -5 4
    endloop
  endfacet
  facet normal 0 -0.999464 -0.0327337
    outer loop
      vertex 86 -5 4
      vertex 74 -4.98929 3.67299
      vertex 86 -4.98929 3.67299
    endloop
  endfacet
  facet normal 0 0.995185 0.0980148
    outer loop
      vertex 86 4.98929 4.32701
      vertex 74 4.95722 4.65263
      vertex 86 4.95722 4.65263
    endloop
  endfacet
  facet normal 0 0.995185 0.0980148
    outer loop
      vertex 74 4.95722 4.65263
      vertex 86 4.98929 4.32701
      vertex 74 4.98929 4.32701
    endloop
  endfacet
  facet normal 0 -0.986647 0.162872
    outer loop
      vertex 74 -4.95722 4.65263
      vertex 86 -4.90393 4.97545
      vertex 74 -4.90393 4.97545
    endloop
  endfacet
  facet normal 0 -0.986647 0.162872
    outer loop
      vertex 86 -4.90393 4.97545
      vertex 74 -4.95722 4.65263
      vertex 86 -4.95722 4.65263
    endloop
  endfacet
  facet normal 0 0.986647 0.162872
    outer loop
      vertex 86 4.95722 4.65263
      vertex 74 4.90393 4.97545
      vertex 86 4.90393 4.97545
    endloop
  endfacet
  facet normal 0 0.986647 0.162872
    outer loop
      vertex 74 4.90393 4.97545
      vertex 86 4.95722 4.65263
      vertex 74 4.95722 4.65263
    endloop
  endfacet
  facet normal 0 0.582456 -0.812862
    outer loop
      vertex 74 2.99743 0
      vertex 86 3.04381 0.0332336
      vertex 86 2.99743 0
    endloop
  endfacet
  facet normal 0 0.582456 -0.812862
    outer loop
      vertex 86 3.04381 0.0332336
      vertex 74 2.99743 0
      vertex 74 3.04381 0.0332336
    endloop
  endfacet
  facet normal 0 0.729858 -0.683598
    outer loop
      vertex 86 3.53553 0.464466
      vertex 74 3.7592 0.703272
      vertex 86 3.7592 0.703272
    endloop
  endfacet
  facet normal 0 0.729858 -0.683598
    outer loop
      vertex 74 3.7592 0.703272
      vertex 86 3.53553 0.464466
      vertex 74 3.53553 0.464466
    endloop
  endfacet
  facet normal 0 0.812853 0.582469
    outer loop
      vertex 86 4.15735 6.77785
      vertex 74 3.96677 7.04381
      vertex 86 3.96677 7.04381
    endloop
  endfacet
  facet normal 0 0.812853 0.582469
    outer loop
      vertex 74 3.96677 7.04381
      vertex 86 4.15735 6.77785
      vertex 74 4.15735 6.77785
    endloop
  endfacet
  facet normal 0 -0.683598 -0.729859
    outer loop
      vertex 74 -3.53553 0.464466
      vertex 86 -3.29673 0.240802
      vertex 86 -3.53553 0.464466
    endloop
  endfacet
  facet normal -0 -0.683598 -0.729859
    outer loop
      vertex 86 -3.29673 0.240802
      vertex 74 -3.53553 0.464466
      vertex 74 -3.29673 0.240802
    endloop
  endfacet
  facet normal 0 -0.729858 -0.683598
    outer loop
      vertex 74 -3.53553 0.464466
      vertex 86 -3.7592 0.703272
      vertex 74 -3.7592 0.703272
    endloop
  endfacet
  facet normal 0 -0.729858 -0.683598
    outer loop
      vertex 86 -3.7592 0.703272
      vertex 74 -3.53553 0.464466
      vertex 86 -3.53553 0.464466
    endloop
  endfacet
  facet normal 0 0.8492 0.528072
    outer loop
      vertex 86 4.33013 6.5
      vertex 74 4.15735 6.77785
      vertex 86 4.15735 6.77785
    endloop
  endfacet
  facet normal 0 0.8492 0.528072
    outer loop
      vertex 74 4.15735 6.77785
      vertex 86 4.33013 6.5
      vertex 74 4.33013 6.5
    endloop
  endfacet
  facet normal 0 0.995185 -0.0980148
    outer loop
      vertex 86 4.95722 3.34737
      vertex 74 4.98929 3.67299
      vertex 86 4.98929 3.67299
    endloop
  endfacet
  facet normal 0 0.995185 -0.0980148
    outer loop
      vertex 74 4.98929 3.67299
      vertex 86 4.95722 3.34737
      vertex 74 4.95722 3.34737
    endloop
  endfacet
  facet normal 0 -0.956939 0.290291
    outer loop
      vertex 74 -4.82963 5.2941
      vertex 86 -4.73465 5.6072
      vertex 74 -4.73465 5.6072
    endloop
  endfacet
  facet normal 0 -0.956939 0.290291
    outer loop
      vertex 86 -4.73465 5.6072
      vertex 74 -4.82963 5.2941
      vertex 86 -4.82963 5.2941
    endloop
  endfacet
  facet normal 0 -0.935909 -0.352242
    outer loop
      vertex 74 -4.6194 2.08658
      vertex 86 -4.73465 2.3928
      vertex 74 -4.73465 2.3928
    endloop
  endfacet
  facet normal 0 -0.935909 -0.352242
    outer loop
      vertex 86 -4.73465 2.3928
      vertex 74 -4.6194 2.08658
      vertex 86 -4.6194 2.08658
    endloop
  endfacet
  facet normal 0 0.986647 -0.162872
    outer loop
      vertex 86 4.90393 3.02455
      vertex 74 4.95722 3.34737
      vertex 86 4.95722 3.34737
    endloop
  endfacet
  facet normal 0 0.986647 -0.162872
    outer loop
      vertex 74 4.95722 3.34737
      vertex 86 4.90393 3.02455
      vertex 74 4.90393 3.02455
    endloop
  endfacet
  facet normal 0 -0.956939 -0.290291
    outer loop
      vertex 74 -4.73465 2.3928
      vertex 86 -4.82963 2.7059
      vertex 74 -4.82963 2.7059
    endloop
  endfacet
  facet normal 0 -0.956939 -0.290291
    outer loop
      vertex 86 -4.82963 2.7059
      vertex 74 -4.73465 2.3928
      vertex 86 -4.73465 2.3928
    endloop
  endfacet
  facet normal 0 -0.634398 -0.773007
    outer loop
      vertex 74 -3.29673 0.240802
      vertex 86 -3.04381 0.0332336
      vertex 86 -3.29673 0.240802
    endloop
  endfacet
  facet normal -0 -0.634398 -0.773007
    outer loop
      vertex 86 -3.04381 0.0332336
      vertex 74 -3.29673 0.240802
      vertex 74 -3.04381 0.0332336
    endloop
  endfacet
  facet normal 0 0.935909 -0.352242
    outer loop
      vertex 86 4.6194 2.08658
      vertex 74 4.73465 2.3928
      vertex 86 4.73465 2.3928
    endloop
  endfacet
  facet normal 0 0.935909 -0.352242
    outer loop
      vertex 74 4.73465 2.3928
      vertex 86 4.6194 2.08658
      vertex 74 4.6194 2.08658
    endloop
  endfacet
  facet normal 0 -0.881932 -0.471376
    outer loop
      vertex 74 -4.33013 1.5
      vertex 86 -4.48436 1.78856
      vertex 74 -4.48436 1.78856
    endloop
  endfacet
  facet normal 0 -0.881932 -0.471376
    outer loop
      vertex 86 -4.48436 1.78856
      vertex 74 -4.33013 1.5
      vertex 86 -4.33013 1.5
    endloop
  endfacet
  facet normal 0 -0.582415 0.812892
    outer loop
      vertex 74 -2.99743 8
      vertex 86 -3.04381 7.96677
      vertex 86 -2.99743 8
    endloop
  endfacet
  facet normal 0 -0.582415 0.812892
    outer loop
      vertex 86 -3.04381 7.96677
      vertex 74 -2.99743 8
      vertex 74 -3.04381 7.96677
    endloop
  endfacet
  facet normal 0 -0.995185 -0.0980148
    outer loop
      vertex 74 -4.95722 3.34737
      vertex 86 -4.98929 3.67299
      vertex 74 -4.98929 3.67299
    endloop
  endfacet
  facet normal 0 -0.995185 -0.0980148
    outer loop
      vertex 86 -4.98929 3.67299
      vertex 74 -4.95722 3.34737
      vertex 86 -4.95722 3.34737
    endloop
  endfacet
  facet normal -0 0.683608 0.72985
    outer loop
      vertex 74 3.53553 7.53553
      vertex 86 3.29673 7.7592
      vertex 86 3.53553 7.53553
    endloop
  endfacet
  facet normal 0 0.683608 0.72985
    outer loop
      vertex 86 3.29673 7.7592
      vertex 74 3.53553 7.53553
      vertex 74 3.29673 7.7592
    endloop
  endfacet
  facet normal 0 -0.8492 0.528072
    outer loop
      vertex 74 -4.33013 6.5
      vertex 86 -4.15735 6.77785
      vertex 74 -4.15735 6.77785
    endloop
  endfacet
  facet normal 0 -0.8492 0.528072
    outer loop
      vertex 86 -4.15735 6.77785
      vertex 74 -4.33013 6.5
      vertex 86 -4.33013 6.5
    endloop
  endfacet
  facet normal 0 0.72985 0.683608
    outer loop
      vertex 86 3.7592 7.29673
      vertex 74 3.53553 7.53553
      vertex 86 3.53553 7.53553
    endloop
  endfacet
  facet normal 0 0.72985 0.683608
    outer loop
      vertex 74 3.53553 7.53553
      vertex 86 3.7592 7.29673
      vertex 74 3.7592 7.29673
    endloop
  endfacet
  facet normal 0 -0.973876 0.22708
    outer loop
      vertex 74 -4.90393 4.97545
      vertex 86 -4.82963 5.2941
      vertex 74 -4.82963 5.2941
    endloop
  endfacet
  facet normal 0 -0.973876 0.22708
    outer loop
      vertex 86 -4.82963 5.2941
      vertex 74 -4.90393 4.97545
      vertex 86 -4.90393 4.97545
    endloop
  endfacet
  facet normal 0 0.999464 0.0327337
    outer loop
      vertex 86 5 4
      vertex 74 4.98929 4.32701
      vertex 86 4.98929 4.32701
    endloop
  endfacet
  facet normal 0 0.999464 0.0327337
    outer loop
      vertex 74 4.98929 4.32701
      vertex 86 5 4
      vertex 74 5 4
    endloop
  endfacet
  facet normal 0 -0.683608 0.72985
    outer loop
      vertex 74 -3.29673 7.7592
      vertex 86 -3.53553 7.53553
      vertex 86 -3.29673 7.7592
    endloop
  endfacet
  facet normal 0 -0.683608 0.72985
    outer loop
      vertex 86 -3.53553 7.53553
      vertex 74 -3.29673 7.7592
      vertex 74 -3.53553 7.53553
    endloop
  endfacet
  facet normal 0 -0.935909 0.352242
    outer loop
      vertex 74 -4.73465 5.6072
      vertex 86 -4.6194 5.91342
      vertex 74 -4.6194 5.91342
    endloop
  endfacet
  facet normal 0 -0.935909 0.352242
    outer loop
      vertex 86 -4.6194 5.91342
      vertex 74 -4.73465 5.6072
      vertex 86 -4.73465 5.6072
    endloop
  endfacet
  facet normal 0 -0.6344 0.773005
    outer loop
      vertex 74 -3.04381 7.96677
      vertex 86 -3.29673 7.7592
      vertex 86 -3.04381 7.96677
    endloop
  endfacet
  facet normal 0 -0.6344 0.773005
    outer loop
      vertex 86 -3.29673 7.7592
      vertex 74 -3.04381 7.96677
      vertex 74 -3.29673 7.7592
    endloop
  endfacet
  facet normal 0 0.910854 0.41273
    outer loop
      vertex 86 4.6194 5.91342
      vertex 74 4.48436 6.21144
      vertex 86 4.48436 6.21144
    endloop
  endfacet
  facet normal 0 0.910854 0.41273
    outer loop
      vertex 74 4.48436 6.21144
      vertex 86 4.6194 5.91342
      vertex 74 4.6194 5.91342
    endloop
  endfacet
  facet normal 0 -0.81285 -0.582473
    outer loop
      vertex 74 -3.96677 0.956193
      vertex 86 -4.15735 1.22215
      vertex 74 -4.15735 1.22215
    endloop
  endfacet
  facet normal 0 -0.81285 -0.582473
    outer loop
      vertex 86 -4.15735 1.22215
      vertex 74 -3.96677 0.956193
      vertex 86 -3.96677 0.956193
    endloop
  endfacet
  facet normal 0 0.973876 0.22708
    outer loop
      vertex 86 4.90393 4.97545
      vertex 74 4.82963 5.2941
      vertex 86 4.82963 5.2941
    endloop
  endfacet
  facet normal 0 0.973876 0.22708
    outer loop
      vertex 74 4.82963 5.2941
      vertex 86 4.90393 4.97545
      vertex 74 4.90393 4.97545
    endloop
  endfacet
  facet normal 0 -0.72985 0.683608
    outer loop
      vertex 74 -3.7592 7.29673
      vertex 86 -3.53553 7.53553
      vertex 74 -3.53553 7.53553
    endloop
  endfacet
  facet normal 0 -0.72985 0.683608
    outer loop
      vertex 86 -3.53553 7.53553
      vertex 74 -3.7592 7.29673
      vertex 86 -3.7592 7.29673
    endloop
  endfacet
  facet normal -0 0.6344 0.773005
    outer loop
      vertex 74 3.29673 7.7592
      vertex 86 3.04381 7.96677
      vertex 86 3.29673 7.7592
    endloop
  endfacet
  facet normal 0 0.6344 0.773005
    outer loop
      vertex 86 3.04381 7.96677
      vertex 74 3.29673 7.7592
      vertex 74 3.04381 7.96677
    endloop
  endfacet
  facet normal 0 0.634398 -0.773007
    outer loop
      vertex 74 3.04381 0.0332336
      vertex 86 3.29673 0.240802
      vertex 86 3.04381 0.0332336
    endloop
  endfacet
  facet normal 0 0.634398 -0.773007
    outer loop
      vertex 86 3.29673 0.240802
      vertex 74 3.04381 0.0332336
      vertex 74 3.29673 0.240802
    endloop
  endfacet
  facet normal 0 -0.999464 0.0327337
    outer loop
      vertex 74 -5 4
      vertex 86 -4.98929 4.32701
      vertex 74 -4.98929 4.32701
    endloop
  endfacet
  facet normal 0 -0.999464 0.0327337
    outer loop
      vertex 86 -4.98929 4.32701
      vertex 74 -5 4
      vertex 86 -5 4
    endloop
  endfacet
  facet normal 0 -0.995185 0.0980148
    outer loop
      vertex 74 -4.98929 4.32701
      vertex 86 -4.95722 4.65263
      vertex 74 -4.95722 4.65263
    endloop
  endfacet
  facet normal 0 -0.995185 0.0980148
    outer loop
      vertex 86 -4.95722 4.65263
      vertex 74 -4.98929 4.32701
      vertex 86 -4.98929 4.32701
    endloop
  endfacet
  facet normal 0 0.973876 -0.22708
    outer loop
      vertex 86 4.82963 2.7059
      vertex 74 4.90393 3.02455
      vertex 86 4.90393 3.02455
    endloop
  endfacet
  facet normal 0 0.973876 -0.22708
    outer loop
      vertex 74 4.90393 3.02455
      vertex 86 4.82963 2.7059
      vertex 74 4.82963 2.7059
    endloop
  endfacet
  facet normal 0 0.956939 -0.290291
    outer loop
      vertex 86 4.73465 2.3928
      vertex 74 4.82963 2.7059
      vertex 86 4.82963 2.7059
    endloop
  endfacet
  facet normal 0 0.956939 -0.290291
    outer loop
      vertex 74 4.82963 2.7059
      vertex 86 4.73465 2.3928
      vertex 74 4.73465 2.3928
    endloop
  endfacet
  facet normal 0 -0.910854 0.41273
    outer loop
      vertex 74 -4.6194 5.91342
      vertex 86 -4.48436 6.21144
      vertex 74 -4.48436 6.21144
    endloop
  endfacet
  facet normal 0 -0.910854 0.41273
    outer loop
      vertex 86 -4.48436 6.21144
      vertex 74 -4.6194 5.91342
      vertex 86 -4.6194 5.91342
    endloop
  endfacet
  facet normal 0 0.881932 0.471376
    outer loop
      vertex 86 4.48436 6.21144
      vertex 74 4.33013 6.5
      vertex 86 4.33013 6.5
    endloop
  endfacet
  facet normal 0 0.881932 0.471376
    outer loop
      vertex 74 4.33013 6.5
      vertex 86 4.48436 6.21144
      vertex 74 4.48436 6.21144
    endloop
  endfacet
  facet normal 0 -0.773005 0.6344
    outer loop
      vertex 74 -3.96677 7.04381
      vertex 86 -3.7592 7.29673
      vertex 74 -3.7592 7.29673
    endloop
  endfacet
  facet normal 0 -0.773005 0.6344
    outer loop
      vertex 86 -3.7592 7.29673
      vertex 74 -3.96677 7.04381
      vertex 86 -3.96677 7.04381
    endloop
  endfacet
  facet normal 0 0.999464 -0.0327337
    outer loop
      vertex 118 4.98929 3.67299
      vertex 106 5 4
      vertex 118 5 4
    endloop
  endfacet
  facet normal 0 0.999464 -0.0327337
    outer loop
      vertex 106 5 4
      vertex 118 4.98929 3.67299
      vertex 106 4.98929 3.67299
    endloop
  endfacet
  facet normal 0 0.81285 -0.582473
    outer loop
      vertex 118 3.96677 0.956193
      vertex 106 4.15735 1.22215
      vertex 118 4.15735 1.22215
    endloop
  endfacet
  facet normal 0 0.81285 -0.582473
    outer loop
      vertex 106 4.15735 1.22215
      vertex 118 3.96677 0.956193
      vertex 106 3.96677 0.956193
    endloop
  endfacet
  facet normal -0 0.6344 0.773005
    outer loop
      vertex 106 3.29673 7.7592
      vertex 118 3.04381 7.96677
      vertex 118 3.29673 7.7592
    endloop
  endfacet
  facet normal 0 0.6344 0.773005
    outer loop
      vertex 118 3.04381 7.96677
      vertex 106 3.29673 7.7592
      vertex 106 3.04381 7.96677
    endloop
  endfacet
  facet normal 0 -0.973876 0.22708
    outer loop
      vertex 106 -4.90393 4.97545
      vertex 118 -4.82963 5.2941
      vertex 106 -4.82963 5.2941
    endloop
  endfacet
  facet normal 0 -0.973876 0.22708
    outer loop
      vertex 118 -4.82963 5.2941
      vertex 106 -4.90393 4.97545
      vertex 118 -4.90393 4.97545
    endloop
  endfacet
  facet normal 0 -0.956939 -0.290291
    outer loop
      vertex 106 -4.73465 2.3928
      vertex 118 -4.82963 2.7059
      vertex 106 -4.82963 2.7059
    endloop
  endfacet
  facet normal 0 -0.956939 -0.290291
    outer loop
      vertex 118 -4.82963 2.7059
      vertex 106 -4.73465 2.3928
      vertex 118 -4.73465 2.3928
    endloop
  endfacet
  facet normal 0 0.881932 -0.471376
    outer loop
      vertex 118 4.33013 1.5
      vertex 106 4.48436 1.78856
      vertex 118 4.48436 1.78856
    endloop
  endfacet
  facet normal 0 0.881932 -0.471376
    outer loop
      vertex 106 4.48436 1.78856
      vertex 118 4.33013 1.5
      vertex 106 4.33013 1.5
    endloop
  endfacet
  facet normal 0 -0.8492 0.528072
    outer loop
      vertex 106 -4.33013 6.5
      vertex 118 -4.15735 6.77785
      vertex 106 -4.15735 6.77785
    endloop
  endfacet
  facet normal 0 -0.8492 0.528072
    outer loop
      vertex 118 -4.15735 6.77785
      vertex 106 -4.33013 6.5
      vertex 118 -4.33013 6.5
    endloop
  endfacet
  facet normal 0 -0.986647 -0.162872
    outer loop
      vertex 106 -4.90393 3.02455
      vertex 118 -4.95722 3.34737
      vertex 106 -4.95722 3.34737
    endloop
  endfacet
  facet normal 0 -0.986647 -0.162872
    outer loop
      vertex 118 -4.95722 3.34737
      vertex 106 -4.90393 3.02455
      vertex 118 -4.90393 3.02455
    endloop
  endfacet
  facet normal -0 0.582415 0.812892
    outer loop
      vertex 106 3.04381 7.96677
      vertex 118 2.99743 8
      vertex 118 3.04381 7.96677
    endloop
  endfacet
  facet normal 0 0.582415 0.812892
    outer loop
      vertex 118 2.99743 8
      vertex 106 3.04381 7.96677
      vertex 106 2.99743 8
    endloop
  endfacet
  facet normal 0 0.935909 0.352242
    outer loop
      vertex 118 4.73465 5.6072
      vertex 106 4.6194 5.91342
      vertex 118 4.6194 5.91342
    endloop
  endfacet
  facet normal 0 0.935909 0.352242
    outer loop
      vertex 106 4.6194 5.91342
      vertex 118 4.73465 5.6072
      vertex 106 4.73465 5.6072
    endloop
  endfacet
  facet normal 0 0.773006 -0.634399
    outer loop
      vertex 118 3.7592 0.703272
      vertex 106 3.96677 0.956193
      vertex 118 3.96677 0.956193
    endloop
  endfacet
  facet normal 0 0.773006 -0.634399
    outer loop
      vertex 106 3.96677 0.956193
      vertex 118 3.7592 0.703272
      vertex 106 3.7592 0.703272
    endloop
  endfacet
  facet normal 0 -0.956939 0.290291
    outer loop
      vertex 106 -4.82963 5.2941
      vertex 118 -4.73465 5.6072
      vertex 106 -4.73465 5.6072
    endloop
  endfacet
  facet normal 0 -0.956939 0.290291
    outer loop
      vertex 118 -4.73465 5.6072
      vertex 106 -4.82963 5.2941
      vertex 118 -4.82963 5.2941
    endloop
  endfacet
  facet normal 0 0.986647 -0.162872
    outer loop
      vertex 118 4.90393 3.02455
      vertex 106 4.95722 3.34737
      vertex 118 4.95722 3.34737
    endloop
  endfacet
  facet normal 0 0.986647 -0.162872
    outer loop
      vertex 106 4.95722 3.34737
      vertex 118 4.90393 3.02455
      vertex 106 4.90393 3.02455
    endloop
  endfacet
  facet normal 0 -0.81285 -0.582473
    outer loop
      vertex 106 -3.96677 0.956193
      vertex 118 -4.15735 1.22215
      vertex 106 -4.15735 1.22215
    endloop
  endfacet
  facet normal 0 -0.81285 -0.582473
    outer loop
      vertex 118 -4.15735 1.22215
      vertex 106 -3.96677 0.956193
      vertex 118 -3.96677 0.956193
    endloop
  endfacet
  facet normal 0 -0.582415 0.812892
    outer loop
      vertex 106 -2.99743 8
      vertex 118 -3.04381 7.96677
      vertex 118 -2.99743 8
    endloop
  endfacet
  facet normal 0 -0.582415 0.812892
    outer loop
      vertex 118 -3.04381 7.96677
      vertex 106 -2.99743 8
      vertex 106 -3.04381 7.96677
    endloop
  endfacet
  facet normal 0 -0.999464 -0.0327337
    outer loop
      vertex 106 -4.98929 3.67299
      vertex 118 -5 4
      vertex 106 -5 4
    endloop
  endfacet
  facet normal 0 -0.999464 -0.0327337
    outer loop
      vertex 118 -5 4
      vertex 106 -4.98929 3.67299
      vertex 118 -4.98929 3.67299
    endloop
  endfacet
  facet normal 0 0.582456 -0.812862
    outer loop
      vertex 106 2.99743 0
      vertex 118 3.04381 0.0332336
      vertex 118 2.99743 0
    endloop
  endfacet
  facet normal 0 0.582456 -0.812862
    outer loop
      vertex 118 3.04381 0.0332336
      vertex 106 2.99743 0
      vertex 106 3.04381 0.0332336
    endloop
  endfacet
  facet normal 0 -0.634398 -0.773007
    outer loop
      vertex 106 -3.29673 0.240802
      vertex 118 -3.04381 0.0332336
      vertex 118 -3.29673 0.240802
    endloop
  endfacet
  facet normal -0 -0.634398 -0.773007
    outer loop
      vertex 118 -3.04381 0.0332336
      vertex 106 -3.29673 0.240802
      vertex 106 -3.04381 0.0332336
    endloop
  endfacet
  facet normal 0 0.910854 -0.41273
    outer loop
      vertex 118 4.48436 1.78856
      vertex 106 4.6194 2.08658
      vertex 118 4.6194 2.08658
    endloop
  endfacet
  facet normal 0 0.910854 -0.41273
    outer loop
      vertex 106 4.6194 2.08658
      vertex 118 4.48436 1.78856
      vertex 106 4.48436 1.78856
    endloop
  endfacet
  facet normal 0 -0.986647 0.162872
    outer loop
      vertex 106 -4.95722 4.65263
      vertex 118 -4.90393 4.97545
      vertex 106 -4.90393 4.97545
    endloop
  endfacet
  facet normal 0 -0.986647 0.162872
    outer loop
      vertex 118 -4.90393 4.97545
      vertex 106 -4.95722 4.65263
      vertex 118 -4.95722 4.65263
    endloop
  endfacet
  facet normal 0 0.995185 0.0980148
    outer loop
      vertex 118 4.98929 4.32701
      vertex 106 4.95722 4.65263
      vertex 118 4.95722 4.65263
    endloop
  endfacet
  facet normal 0 0.995185 0.0980148
    outer loop
      vertex 106 4.95722 4.65263
      vertex 118 4.98929 4.32701
      vertex 106 4.98929 4.32701
    endloop
  endfacet
  facet normal 0 0.8492 -0.528072
    outer loop
      vertex 118 4.15735 1.22215
      vertex 106 4.33013 1.5
      vertex 118 4.33013 1.5
    endloop
  endfacet
  facet normal 0 0.8492 -0.528072
    outer loop
      vertex 106 4.33013 1.5
      vertex 118 4.15735 1.22215
      vertex 106 4.15735 1.22215
    endloop
  endfacet
  facet normal 0 0.812853 0.582469
    outer loop
      vertex 118 4.15735 6.77785
      vertex 106 3.96677 7.04381
      vertex 118 3.96677 7.04381
    endloop
  endfacet
  facet normal 0 0.812853 0.582469
    outer loop
      vertex 106 3.96677 7.04381
      vertex 118 4.15735 6.77785
      vertex 106 4.15735 6.77785
    endloop
  endfacet
  facet normal 0 0.956939 0.290291
    outer loop
      vertex 118 4.82963 5.2941
      vertex 106 4.73465 5.6072
      vertex 118 4.73465 5.6072
    endloop
  endfacet
  facet normal 0 0.956939 0.290291
    outer loop
      vertex 106 4.73465 5.6072
      vertex 118 4.82963 5.2941
      vertex 106 4.82963 5.2941
    endloop
  endfacet
  facet normal 0 0.995185 -0.0980148
    outer loop
      vertex 118 4.95722 3.34737
      vertex 106 4.98929 3.67299
      vertex 118 4.98929 3.67299
    endloop
  endfacet
  facet normal 0 0.995185 -0.0980148
    outer loop
      vertex 106 4.98929 3.67299
      vertex 118 4.95722 3.34737
      vertex 106 4.95722 3.34737
    endloop
  endfacet
  facet normal 0 0.8492 0.528072
    outer loop
      vertex 118 4.33013 6.5
      vertex 106 4.15735 6.77785
      vertex 118 4.15735 6.77785
    endloop
  endfacet
  facet normal 0 0.8492 0.528072
    outer loop
      vertex 106 4.15735 6.77785
      vertex 118 4.33013 6.5
      vertex 106 4.33013 6.5
    endloop
  endfacet
  facet normal 0 0.729858 -0.683598
    outer loop
      vertex 118 3.53553 0.464466
      vertex 106 3.7592 0.703272
      vertex 118 3.7592 0.703272
    endloop
  endfacet
  facet normal 0 0.729858 -0.683598
    outer loop
      vertex 106 3.7592 0.703272
      vertex 118 3.53553 0.464466
      vertex 106 3.53553 0.464466
    endloop
  endfacet
  facet normal 0 -0.881932 -0.471376
    outer loop
      vertex 106 -4.33013 1.5
      vertex 118 -4.48436 1.78856
      vertex 106 -4.48436 1.78856
    endloop
  endfacet
  facet normal 0 -0.881932 -0.471376
    outer loop
      vertex 118 -4.48436 1.78856
      vertex 106 -4.33013 1.5
      vertex 118 -4.33013 1.5
    endloop
  endfacet
  facet normal -0 0.683608 0.72985
    outer loop
      vertex 106 3.53553 7.53553
      vertex 118 3.29673 7.7592
      vertex 118 3.53553 7.53553
    endloop
  endfacet
  facet normal 0 0.683608 0.72985
    outer loop
      vertex 118 3.29673 7.7592
      vertex 106 3.53553 7.53553
      vertex 106 3.29673 7.7592
    endloop
  endfacet
  facet normal 0 -0.935909 0.352242
    outer loop
      vertex 106 -4.73465 5.6072
      vertex 118 -4.6194 5.91342
      vertex 106 -4.6194 5.91342
    endloop
  endfacet
  facet normal 0 -0.935909 0.352242
    outer loop
      vertex 118 -4.6194 5.91342
      vertex 106 -4.73465 5.6072
      vertex 118 -4.73465 5.6072
    endloop
  endfacet
  facet normal 0 -0.8492 -0.528072
    outer loop
      vertex 106 -4.15735 1.22215
      vertex 118 -4.33013 1.5
      vertex 106 -4.33013 1.5
    endloop
  endfacet
  facet normal 0 -0.8492 -0.528072
    outer loop
      vertex 118 -4.33013 1.5
      vertex 106 -4.15735 1.22215
      vertex 118 -4.15735 1.22215
    endloop
  endfacet
  facet normal 0 0.986647 0.162872
    outer loop
      vertex 118 4.95722 4.65263
      vertex 106 4.90393 4.97545
      vertex 118 4.90393 4.97545
    endloop
  endfacet
  facet normal 0 0.986647 0.162872
    outer loop
      vertex 106 4.90393 4.97545
      vertex 118 4.95722 4.65263
      vertex 106 4.95722 4.65263
    endloop
  endfacet
  facet normal 0 0.973876 0.22708
    outer loop
      vertex 118 4.90393 4.97545
      vertex 106 4.82963 5.2941
      vertex 118 4.82963 5.2941
    endloop
  endfacet
  facet normal 0 0.973876 0.22708
    outer loop
      vertex 106 4.82963 5.2941
      vertex 118 4.90393 4.97545
      vertex 106 4.90393 4.97545
    endloop
  endfacet
  facet normal 0 -0.6344 0.773005
    outer loop
      vertex 106 -3.04381 7.96677
      vertex 118 -3.29673 7.7592
      vertex 118 -3.04381 7.96677
    endloop
  endfacet
  facet normal 0 -0.6344 0.773005
    outer loop
      vertex 118 -3.29673 7.7592
      vertex 106 -3.04381 7.96677
      vertex 106 -3.29673 7.7592
    endloop
  endfacet
  facet normal 0 -0.935909 -0.352242
    outer loop
      vertex 106 -4.6194 2.08658
      vertex 118 -4.73465 2.3928
      vertex 106 -4.73465 2.3928
    endloop
  endfacet
  facet normal 0 -0.935909 -0.352242
    outer loop
      vertex 118 -4.73465 2.3928
      vertex 106 -4.6194 2.08658
      vertex 118 -4.6194 2.08658
    endloop
  endfacet
  facet normal 0 -0.683608 0.72985
    outer loop
      vertex 106 -3.29673 7.7592
      vertex 118 -3.53553 7.53553
      vertex 118 -3.29673 7.7592
    endloop
  endfacet
  facet normal 0 -0.683608 0.72985
    outer loop
      vertex 118 -3.53553 7.53553
      vertex 106 -3.29673 7.7592
      vertex 106 -3.53553 7.53553
    endloop
  endfacet
  facet normal 0 0.634398 -0.773007
    outer loop
      vertex 106 3.04381 0.0332336
      vertex 118 3.29673 0.240802
      vertex 118 3.04381 0.0332336
    endloop
  endfacet
  facet normal 0 0.634398 -0.773007
    outer loop
      vertex 118 3.29673 0.240802
      vertex 106 3.04381 0.0332336
      vertex 106 3.29673 0.240802
    endloop
  endfacet
  facet normal 0 0.72985 0.683608
    outer loop
      vertex 118 3.7592 7.29673
      vertex 106 3.53553 7.53553
      vertex 118 3.53553 7.53553
    endloop
  endfacet
  facet normal 0 0.72985 0.683608
    outer loop
      vertex 106 3.53553 7.53553
      vertex 118 3.7592 7.29673
      vertex 106 3.7592 7.29673
    endloop
  endfacet
  facet normal 1 0 0
    outer loop
      vertex 118 4.98929 4.32701
      vertex 118 4.98929 3.67299
      vertex 118 5 4
    endloop
  endfacet
  facet normal 1 0 0
    outer loop
      vertex 118 4.95722 4.65263
      vertex 118 4.98929 3.67299
      vertex 118 4.98929 4.32701
    endloop
  endfacet
  facet normal 1 0 0
    outer loop
      vertex 118 4.95722 4.65263
      vertex 118 4.95722 3.34737
      vertex 118 4.98929 3.67299
    endloop
  endfacet
  facet normal 1 0 0
    outer loop
      vertex 118 4.90393 4.97545
      vertex 118 4.95722 3.34737
      vertex 118 4.95722 4.65263
    endloop
  endfacet
  facet normal 1 0 0
    outer loop
      vertex 118 4.90393 4.97545
      vertex 118 4.90393 3.02455
      vertex 118 4.95722 3.34737
    endloop
  endfacet
  facet normal 1 0 0
    outer loop
      vertex 118 4.82963 5.2941
      vertex 118 4.90393 3.02455
      vertex 118 4.90393 4.97545
    endloop
  endfacet
  facet normal 1 0 0
    outer loop
      vertex 118 4.82963 5.2941
      vertex 118 4.82963 2.7059
      vertex 118 4.90393 3.02455
    endloop
  endfacet
  facet normal 1 0 0
    outer loop
      vertex 118 4.73465 5.6072
      vertex 118 4.82963 2.7059
      vertex 118 4.82963 5.2941
    endloop
  endfacet
  facet normal 1 0 0
    outer loop
      vertex 118 4.73465 5.6072
      vertex 118 4.73465 2.3928
      vertex 118 4.82963 2.7059
    endloop
  endfacet
  facet normal 1 0 0
    outer loop
      vertex 118 4.6194 5.91342
      vertex 118 4.73465 2.3928
      vertex 118 4.73465 5.6072
    endloop
  endfacet
  facet normal 1 0 0
    outer loop
      vertex 118 4.6194 5.91342
      vertex 118 4.6194 2.08658
      vertex 118 4.73465 2.3928
    endloop
  endfacet
  facet normal 1 0 0
    outer loop
      vertex 118 4.48436 6.21144
      vertex 118 4.6194 2.08658
      vertex 118 4.6194 5.91342
    endloop
  endfacet
  facet normal 1 0 0
    outer loop
      vertex 118 4.48436 6.21144
      vertex 118 4.48436 1.78856
      vertex 118 4.6194 2.08658
    endloop
  endfacet
  facet normal 1 0 0
    outer loop
      vertex 118 4.33013 6.5
      vertex 118 4.48436 1.78856
      vertex 118 4.48436 6.21144
    endloop
  endfacet
  facet normal 1 0 0
    outer loop
      vertex 118 4.33013 6.5
      vertex 118 4.33013 1.5
      vertex 118 4.48436 1.78856
    endloop
  endfacet
  facet normal 1 0 0
    outer loop
      vertex 118 4.15735 6.77785
      vertex 118 4.33013 1.5
      vertex 118 4.33013 6.5
    endloop
  endfacet
  facet normal 1 0 0
    outer loop
      vertex 118 4.15735 6.77785
      vertex 118 4.15735 1.22215
      vertex 118 4.33013 1.5
    endloop
  endfacet
  facet normal 1 0 0
    outer loop
      vertex 118 3.96677 7.04381
      vertex 118 4.15735 1.22215
      vertex 118 4.15735 6.77785
    endloop
  endfacet
  facet normal 1 0 0
    outer loop
      vertex 118 3.96677 7.04381
      vertex 118 3.96677 0.956193
      vertex 118 4.15735 1.22215
    endloop
  endfacet
  facet normal 1 0 0
    outer loop
      vertex 118 3.7592 7.29673
      vertex 118 3.96677 0.956193
      vertex 118 3.96677 7.04381
    endloop
  endfacet
  facet normal 1 0 0
    outer loop
      vertex 118 3.7592 7.29673
      vertex 118 3.7592 0.703272
      vertex 118 3.96677 0.956193
    endloop
  endfacet
  facet normal 1 0 0
    outer loop
      vertex 118 3.53553 7.53553
      vertex 118 3.7592 0.703272
      vertex 118 3.7592 7.29673
    endloop
  endfacet
  facet normal 1 0 0
    outer loop
      vertex 118 3.53553 7.53553
      vertex 118 3.53553 0.464466
      vertex 118 3.7592 0.703272
    endloop
  endfacet
  facet normal 1 0 0
    outer loop
      vertex 118 3.29673 7.7592
      vertex 118 3.53553 0.464466
      vertex 118 3.53553 7.53553
    endloop
  endfacet
  facet normal 1 0 0
    outer loop
      vertex 118 3.29673 7.7592
      vertex 118 3.29673 0.240802
      vertex 118 3.53553 0.464466
    endloop
  endfacet
  facet normal 1 0 0
    outer loop
      vertex 118 2.99743 8
      vertex 118 3.29673 7.7592
      vertex 118 3.04381 7.96677
    endloop
  endfacet
  facet normal 1 0 0
    outer loop
      vertex 118 3.29673 7.7592
      vertex 118 2.99743 8
      vertex 118 3.29673 0.240802
    endloop
  endfacet
  facet normal 1 0 0
    outer loop
      vertex 118 2.99743 0
      vertex 118 3.29673 0.240802
      vertex 118 2.99743 8
    endloop
  endfacet
  facet normal 1 0 0
    outer loop
      vertex 118 3.29673 0.240802
      vertex 118 2.99743 0
      vertex 118 3.04381 0.0332336
    endloop
  endfacet
  facet normal 1 -0 0
    outer loop
      vertex 118 -2.99743 8
      vertex 118 2.99743 0
      vertex 118 2.99743 8
    endloop
  endfacet
  facet normal 1 0 0
    outer loop
      vertex 118 -2.99743 8
      vertex 118 -2.99743 0
      vertex 118 2.99743 0
    endloop
  endfacet
  facet normal 1 0 0
    outer loop
      vertex 118 -3.29673 7.7592
      vertex 118 -2.99743 8
      vertex 118 -3.04381 7.96677
    endloop
  endfacet
  facet normal 1 0 0
    outer loop
      vertex 118 -2.99743 8
      vertex 118 -3.29673 7.7592
      vertex 118 -2.99743 0
    endloop
  endfacet
  facet normal 1 -0 0
    outer loop
      vertex 118 -3.29673 0.240802
      vertex 118 -2.99743 0
      vertex 118 -3.29673 7.7592
    endloop
  endfacet
  facet normal 1 0 0
    outer loop
      vertex 118 -2.99743 0
      vertex 118 -3.29673 0.240802
      vertex 118 -3.04381 0.0332336
    endloop
  endfacet
  facet normal 1 -0 0
    outer loop
      vertex 118 -3.53553 7.53553
      vertex 118 -3.29673 0.240802
      vertex 118 -3.29673 7.7592
    endloop
  endfacet
  facet normal 1 0 0
    outer loop
      vertex 118 -3.53553 7.53553
      vertex 118 -3.53553 0.464466
      vertex 118 -3.29673 0.240802
    endloop
  endfacet
  facet normal 1 -0 0
    outer loop
      vertex 118 -3.7592 7.29673
      vertex 118 -3.53553 0.464466
      vertex 118 -3.53553 7.53553
    endloop
  endfacet
  facet normal 1 0 0
    outer loop
      vertex 118 -3.7592 7.29673
      vertex 118 -3.7592 0.703272
      vertex 118 -3.53553 0.464466
    endloop
  endfacet
  facet normal 1 -0 0
    outer loop
      vertex 118 -3.96677 7.04381
      vertex 118 -3.7592 0.703272
      vertex 118 -3.7592 7.29673
    endloop
  endfacet
  facet normal 1 0 0
    outer loop
      vertex 118 -3.96677 7.04381
      vertex 118 -3.96677 0.956193
      vertex 118 -3.7592 0.703272
    endloop
  endfacet
  facet normal 1 -0 0
    outer loop
      vertex 118 -4.15735 6.77785
      vertex 118 -3.96677 0.956193
      vertex 118 -3.96677 7.04381
    endloop
  endfacet
  facet normal 1 0 0
    outer loop
      vertex 118 -4.15735 6.77785
      vertex 118 -4.15735 1.22215
      vertex 118 -3.96677 0.956193
    endloop
  endfacet
  facet normal 1 -0 0
    outer loop
      vertex 118 -4.33013 6.5
      vertex 118 -4.15735 1.22215
      vertex 118 -4.15735 6.77785
    endloop
  endfacet
  facet normal 1 0 0
    outer loop
      vertex 118 -4.33013 6.5
      vertex 118 -4.33013 1.5
      vertex 118 -4.15735 1.22215
    endloop
  endfacet
  facet normal 1 -0 0
    outer loop
      vertex 118 -4.48436 6.21144
      vertex 118 -4.33013 1.5
      vertex 118 -4.33013 6.5
    endloop
  endfacet
  facet normal 1 0 0
    outer loop
      vertex 118 -4.48436 6.21144
      vertex 118 -4.48436 1.78856
      vertex 118 -4.33013 1.5
    endloop
  endfacet
  facet normal 1 -0 0
    outer loop
      vertex 118 -4.6194 5.91342
      vertex 118 -4.48436 1.78856
      vertex 118 -4.48436 6.21144
    endloop
  endfacet
  facet normal 1 0 0
    outer loop
      vertex 118 -4.6194 5.91342
      vertex 118 -4.6194 2.08658
      vertex 118 -4.48436 1.78856
    endloop
  endfacet
  facet normal 1 -0 0
    outer loop
      vertex 118 -4.73465 5.6072
      vertex 118 -4.6194 2.08658
      vertex 118 -4.6194 5.91342
    endloop
  endfacet
  facet normal 1 0 0
    outer loop
      vertex 118 -4.73465 5.6072
      vertex 118 -4.73465 2.3928
      vertex 118 -4.6194 2.08658
    endloop
  endfacet
  facet normal 1 -0 0
    outer loop
      vertex 118 -4.82963 5.2941
      vertex 118 -4.73465 2.3928
      vertex 118 -4.73465 5.6072
    endloop
  endfacet
  facet normal 1 0 0
    outer loop
      vertex 118 -4.82963 5.2941
      vertex 118 -4.82963 2.7059
      vertex 118 -4.73465 2.3928
    endloop
  endfacet
  facet normal 1 -0 0
    outer loop
      vertex 118 -4.90393 4.97545
      vertex 118 -4.82963 2.7059
      vertex 118 -4.82963 5.2941
    endloop
  endfacet
  facet normal 1 0 0
    outer loop
      vertex 118 -4.90393 4.97545
      vertex 118 -4.90393 3.02455
      vertex 118 -4.82963 2.7059
    endloop
  endfacet
  facet normal 1 -0 0
    outer loop
      vertex 118 -4.95722 4.65263
      vertex 118 -4.90393 3.02455
      vertex 118 -4.90393 4.97545
    endloop
  endfacet
  facet normal 1 0 0
    outer loop
      vertex 118 -4.95722 4.65263
      vertex 118 -4.95722 3.34737
      vertex 118 -4.90393 3.02455
    endloop
  endfacet
  facet normal 1 -0 0
    outer loop
      vertex 118 -4.98929 4.32701
      vertex 118 -4.95722 3.34737
      vertex 118 -4.95722 4.65263
    endloop
  endfacet
  facet normal 1 0 0
    outer loop
      vertex 118 -4.98929 4.32701
      vertex 118 -4.98929 3.67299
      vertex 118 -4.95722 3.34737
    endloop
  endfacet
  facet normal 1 0 -0
    outer loop
      vertex 118 -4.98929 3.67299
      vertex 118 -4.98929 4.32701
      vertex 118 -5 4
    endloop
  endfacet
  facet normal 0 0.773005 0.6344
    outer loop
      vertex 118 3.96677 7.04381
      vertex 106 3.7592 7.29673
      vertex 118 3.7592 7.29673
    endloop
  endfacet
  facet normal 0 0.773005 0.6344
    outer loop
      vertex 106 3.7592 7.29673
      vertex 118 3.96677 7.04381
      vertex 106 3.96677 7.04381
    endloop
  endfacet
  facet normal 0 -0.995185 -0.0980148
    outer loop
      vertex 106 -4.95722 3.34737
      vertex 118 -4.98929 3.67299
      vertex 106 -4.98929 3.67299
    endloop
  endfacet
  facet normal 0 -0.995185 -0.0980148
    outer loop
      vertex 118 -4.98929 3.67299
      vertex 106 -4.95722 3.34737
      vertex 118 -4.95722 3.34737
    endloop
  endfacet
  facet normal 0 -0.910854 -0.41273
    outer loop
      vertex 106 -4.48436 1.78856
      vertex 118 -4.6194 2.08658
      vertex 106 -4.6194 2.08658
    endloop
  endfacet
  facet normal 0 -0.910854 -0.41273
    outer loop
      vertex 118 -4.6194 2.08658
      vertex 106 -4.48436 1.78856
      vertex 118 -4.48436 1.78856
    endloop
  endfacet
  facet normal 0 0.973876 -0.22708
    outer loop
      vertex 118 4.82963 2.7059
      vertex 106 4.90393 3.02455
      vertex 118 4.90393 3.02455
    endloop
  endfacet
  facet normal 0 0.973876 -0.22708
    outer loop
      vertex 106 4.90393 3.02455
      vertex 118 4.82963 2.7059
      vertex 106 4.82963 2.7059
    endloop
  endfacet
  facet normal 0 0.910854 0.41273
    outer loop
      vertex 118 4.6194 5.91342
      vertex 106 4.48436 6.21144
      vertex 118 4.48436 6.21144
    endloop
  endfacet
  facet normal 0 0.910854 0.41273
    outer loop
      vertex 106 4.48436 6.21144
      vertex 118 4.6194 5.91342
      vertex 106 4.6194 5.91342
    endloop
  endfacet
  facet normal 0 0.999464 0.0327337
    outer loop
      vertex 118 5 4
      vertex 106 4.98929 4.32701
      vertex 118 4.98929 4.32701
    endloop
  endfacet
  facet normal 0 0.999464 0.0327337
    outer loop
      vertex 106 4.98929 4.32701
      vertex 118 5 4
      vertex 106 5 4
    endloop
  endfacet
  facet normal 0 -0.812853 0.582469
    outer loop
      vertex 106 -4.15735 6.77785
      vertex 118 -3.96677 7.04381
      vertex 106 -3.96677 7.04381
    endloop
  endfacet
  facet normal 0 -0.812853 0.582469
    outer loop
      vertex 118 -3.96677 7.04381
      vertex 106 -4.15735 6.77785
      vertex 118 -4.15735 6.77785
    endloop
  endfacet
  facet normal 0 -0.582456 -0.812862
    outer loop
      vertex 106 -3.04381 0.0332336
      vertex 118 -2.99743 0
      vertex 118 -3.04381 0.0332336
    endloop
  endfacet
  facet normal -0 -0.582456 -0.812862
    outer loop
      vertex 118 -2.99743 0
      vertex 106 -3.04381 0.0332336
      vertex 106 -2.99743 0
    endloop
  endfacet
  facet normal 0 -0.910854 0.41273
    outer loop
      vertex 106 -4.6194 5.91342
      vertex 118 -4.48436 6.21144
      vertex 106 -4.48436 6.21144
    endloop
  endfacet
  facet normal 0 -0.910854 0.41273
    outer loop
      vertex 118 -4.48436 6.21144
      vertex 106 -4.6194 5.91342
      vertex 118 -4.6194 5.91342
    endloop
  endfacet
  facet normal 0 -0.881932 0.471376
    outer loop
      vertex 106 -4.48436 6.21144
      vertex 118 -4.33013 6.5
      vertex 106 -4.33013 6.5
    endloop
  endfacet
  facet normal 0 -0.881932 0.471376
    outer loop
      vertex 118 -4.33013 6.5
      vertex 106 -4.48436 6.21144
      vertex 118 -4.48436 6.21144
    endloop
  endfacet
  facet normal 0 -0.683598 -0.729859
    outer loop
      vertex 106 -3.53553 0.464466
      vertex 118 -3.29673 0.240802
      vertex 118 -3.53553 0.464466
    endloop
  endfacet
  facet normal -0 -0.683598 -0.729859
    outer loop
      vertex 118 -3.29673 0.240802
      vertex 106 -3.53553 0.464466
      vertex 106 -3.29673 0.240802
    endloop
  endfacet
  facet normal 0 -0.973876 -0.22708
    outer loop
      vertex 106 -4.82963 2.7059
      vertex 118 -4.90393 3.02455
      vertex 106 -4.90393 3.02455
    endloop
  endfacet
  facet normal 0 -0.973876 -0.22708
    outer loop
      vertex 118 -4.90393 3.02455
      vertex 106 -4.82963 2.7059
      vertex 118 -4.82963 2.7059
    endloop
  endfacet
  facet normal 0 0.683598 -0.729859
    outer loop
      vertex 106 3.29673 0.240802
      vertex 118 3.53553 0.464466
      vertex 118 3.29673 0.240802
    endloop
  endfacet
  facet normal 0 0.683598 -0.729859
    outer loop
      vertex 118 3.53553 0.464466
      vertex 106 3.29673 0.240802
      vertex 106 3.53553 0.464466
    endloop
  endfacet
  facet normal 0 -0.995185 0.0980148
    outer loop
      vertex 106 -4.98929 4.32701
      vertex 118 -4.95722 4.65263
      vertex 106 -4.95722 4.65263
    endloop
  endfacet
  facet normal 0 -0.995185 0.0980148
    outer loop
      vertex 118 -4.95722 4.65263
      vertex 106 -4.98929 4.32701
      vertex 118 -4.98929 4.32701
    endloop
  endfacet
  facet normal 0 0.956939 -0.290291
    outer loop
      vertex 118 4.73465 2.3928
      vertex 106 4.82963 2.7059
      vertex 118 4.82963 2.7059
    endloop
  endfacet
  facet normal 0 0.956939 -0.290291
    outer loop
      vertex 106 4.82963 2.7059
      vertex 118 4.73465 2.3928
      vertex 106 4.73465 2.3928
    endloop
  endfacet
  facet normal 0 0.935909 -0.352242
    outer loop
      vertex 118 4.6194 2.08658
      vertex 106 4.73465 2.3928
      vertex 118 4.73465 2.3928
    endloop
  endfacet
  facet normal 0 0.935909 -0.352242
    outer loop
      vertex 106 4.73465 2.3928
      vertex 118 4.6194 2.08658
      vertex 106 4.6194 2.08658
    endloop
  endfacet
  facet normal 0 -0.999464 0.0327337
    outer loop
      vertex 106 -5 4
      vertex 118 -4.98929 4.32701
      vertex 106 -4.98929 4.32701
    endloop
  endfacet
  facet normal 0 -0.999464 0.0327337
    outer loop
      vertex 118 -4.98929 4.32701
      vertex 106 -5 4
      vertex 118 -5 4
    endloop
  endfacet
  facet normal 0 -0.773006 -0.634399
    outer loop
      vertex 106 -3.7592 0.703272
      vertex 118 -3.96677 0.956193
      vertex 106 -3.96677 0.956193
    endloop
  endfacet
  facet normal 0 -0.773006 -0.634399
    outer loop
      vertex 118 -3.96677 0.956193
      vertex 106 -3.7592 0.703272
      vertex 118 -3.7592 0.703272
    endloop
  endfacet
  facet normal 0 -0.729858 -0.683598
    outer loop
      vertex 106 -3.53553 0.464466
      vertex 118 -3.7592 0.703272
      vertex 106 -3.7592 0.703272
    endloop
  endfacet
  facet normal 0 -0.729858 -0.683598
    outer loop
      vertex 118 -3.7592 0.703272
      vertex 106 -3.53553 0.464466
      vertex 118 -3.53553 0.464466
    endloop
  endfacet
  facet normal 0 -0.773005 0.6344
    outer loop
      vertex 106 -3.96677 7.04381
      vertex 118 -3.7592 7.29673
      vertex 106 -3.7592 7.29673
    endloop
  endfacet
  facet normal 0 -0.773005 0.6344
    outer loop
      vertex 118 -3.7592 7.29673
      vertex 106 -3.96677 7.04381
      vertex 118 -3.96677 7.04381
    endloop
  endfacet
  facet normal 0 0.881932 0.471376
    outer loop
      vertex 118 4.48436 6.21144
      vertex 106 4.33013 6.5
      vertex 118 4.33013 6.5
    endloop
  endfacet
  facet normal 0 0.881932 0.471376
    outer loop
      vertex 106 4.33013 6.5
      vertex 118 4.48436 6.21144
      vertex 106 4.48436 6.21144
    endloop
  endfacet
  facet normal 0 -0.72985 0.683608
    outer loop
      vertex 106 -3.7592 7.29673
      vertex 118 -3.53553 7.53553
      vertex 106 -3.53553 7.53553
    endloop
  endfacet
  facet normal 0 -0.72985 0.683608
    outer loop
      vertex 118 -3.53553 7.53553
      vertex 106 -3.7592 7.29673
      vertex 118 -3.7592 7.29673
    endloop
  endfacet
  facet normal -0 0 1
    outer loop
      vertex -40 2.99743 8
      vertex -10 -2.99743 8
      vertex -10 2.99743 8
    endloop
  endfacet
  facet normal 0 0 1
    outer loop
      vertex -10 -2.99743 8
      vertex -40 2.99743 8
      vertex -40 -2.99743 8
    endloop
  endfacet
  facet normal -0 0 1
    outer loop
      vertex -10 16.9282 8
      vertex -5 12.9974 8
      vertex -5 16.9282 8
    endloop
  endfacet
  facet normal 0 0 1
    outer loop
      vertex -5 12.9974 8
      vertex -10 16.9282 8
      vertex -5 7.00257 8
    endloop
  endfacet
  facet normal 0 0 1
    outer loop
      vertex -5 7.00257 8
      vertex -10 16.9282 8
      vertex -10 2.99743 8
    endloop
  endfacet
  facet normal 0 0 1
    outer loop
      vertex -10 -2.99743 8
      vertex -5 7.00257 8
      vertex -10 2.99743 8
    endloop
  endfacet
  facet normal 0 0 1
    outer loop
      vertex -5 7.00257 8
      vertex -10 -2.99743 8
      vertex -5 -8.06148 8
    endloop
  endfacet
  facet normal 0 0 1
    outer loop
      vertex -5 -8.06148 8
      vertex -10 -2.99743 8
      vertex -10 -8.06148 8
    endloop
  endfacet
  facet normal -0 0 1
    outer loop
      vertex -5 12.9974 8
      vertex 5 7.00257 8
      vertex 5 12.9974 8
    endloop
  endfacet
  facet normal 0 0 1
    outer loop
      vertex 5 7.00257 8
      vertex -5 12.9974 8
      vertex -5 7.00257 8
    endloop
  endfacet
  facet normal -0 0 1
    outer loop
      vertex 5 7.00257 8
      vertex 10 2.99743 8
      vertex 10 16.9282 8
    endloop
  endfacet
  facet normal 0 0 1
    outer loop
      vertex 10 2.99743 8
      vertex 5 7.00257 8
      vertex 10 -2.99743 8
    endloop
  endfacet
  facet normal 0 0 1
    outer loop
      vertex 5 12.9974 8
      vertex 10 16.9282 8
      vertex 5 16.9282 8
    endloop
  endfacet
  facet normal 0 0 1
    outer loop
      vertex 5 7.00257 8
      vertex 10 16.9282 8
      vertex 5 12.9974 8
    endloop
  endfacet
  facet normal 0 0 1
    outer loop
      vertex 5 -8.06148 8
      vertex 10 -2.99743 8
      vertex 5 7.00257 8
    endloop
  endfacet
  facet normal 0 0 1
    outer loop
      vertex 10 -2.99743 8
      vertex 5 -8.06148 8
      vertex 10 -8.06148 8
    endloop
  endfacet
  facet normal -0 0 1
    outer loop
      vertex 10 2.99743 8
      vertex 22 -2.99743 8
      vertex 22 2.99743 8
    endloop
  endfacet
  facet normal 0 0 1
    outer loop
      vertex 22 -2.99743 8
      vertex 10 2.99743 8
      vertex 10 -2.99743 8
    endloop
  endfacet
  facet normal -0 0 1
    outer loop
      vertex 22 2.99743 8
      vertex 27 -7.00257 8
      vertex 27 8.06148 8
    endloop
  endfacet
  facet normal 0 0 1
    outer loop
      vertex 27 -7.00257 8
      vertex 22 -2.99743 8
      vertex 27 -12.9974 8
    endloop
  endfacet
  facet normal 0 0 1
    outer loop
      vertex 22 2.99743 8
      vertex 27 8.06148 8
      vertex 22 8.06148 8
    endloop
  endfacet
  facet normal 0 0 1
    outer loop
      vertex 27 -7.00257 8
      vertex 22 2.99743 8
      vertex 22 -2.99743 8
    endloop
  endfacet
  facet normal 0 0 1
    outer loop
      vertex 22 -16.9282 8
      vertex 27 -12.9974 8
      vertex 22 -2.99743 8
    endloop
  endfacet
  facet normal 0 0 1
    outer loop
      vertex 27 -12.9974 8
      vertex 22 -16.9282 8
      vertex 27 -16.9282 8
    endloop
  endfacet
  facet normal -0 0 1
    outer loop
      vertex 27 -7.00257 8
      vertex 37 -12.9974 8
      vertex 37 -7.00257 8
    endloop
  endfacet
  facet normal 0 0 1
    outer loop
      vertex 37 -12.9974 8
      vertex 27 -7.00257 8
      vertex 27 -12.9974 8
    endloop
  endfacet
  facet normal -0 0 1
    outer loop
      vertex 37 8.06148 8
      vertex 42 2.99743 8
      vertex 42 8.06148 8
    endloop
  endfacet
  facet normal 0 0 1
    outer loop
      vertex 37 -7.00257 8
      vertex 42 2.99743 8
      vertex 37 8.06148 8
    endloop
  endfacet
  facet normal 0 0 1
    outer loop
      vertex 42 2.99743 8
      vertex 37 -7.00257 8
      vertex 42 -2.99743 8
    endloop
  endfacet
  facet normal 0 0 1
    outer loop
      vertex 42 -2.99743 8
      vertex 37 -7.00257 8
      vertex 42 -16.9282 8
    endloop
  endfacet
  facet normal -0 0 1
    outer loop
      vertex 37 -12.9974 8
      vertex 42 -16.9282 8
      vertex 37 -7.00257 8
    endloop
  endfacet
  facet normal 0 0 1
    outer loop
      vertex 42 -16.9282 8
      vertex 37 -12.9974 8
      vertex 37 -16.9282 8
    endloop
  endfacet
  facet normal -0 0 1
    outer loop
      vertex 42 2.99743 8
      vertex 54 -2.99743 8
      vertex 54 2.99743 8
    endloop
  endfacet
  facet normal 0 0 1
    outer loop
      vertex 54 -2.99743 8
      vertex 42 2.99743 8
      vertex 42 -2.99743 8
    endloop
  endfacet
  facet normal -0 0 1
    outer loop
      vertex 54 2.99743 8
      vertex 59 -7.00257 8
      vertex 59 8.06148 8
    endloop
  endfacet
  facet normal 0 0 1
    outer loop
      vertex 59 -7.00257 8
      vertex 54 -2.99743 8
      vertex 59 -12.9974 8
    endloop
  endfacet
  facet normal 0 0 1
    outer loop
      vertex 54 2.99743 8
      vertex 59 8.06148 8
      vertex 54 8.06148 8
    endloop
  endfacet
  facet normal 0 0 1
    outer loop
      vertex 59 -7.00257 8
      vertex 54 2.99743 8
      vertex 54 -2.99743 8
    endloop
  endfacet
  facet normal 0 0 1
    outer loop
      vertex 54 -16.9282 8
      vertex 59 -12.9974 8
      vertex 54 -2.99743 8
    endloop
  endfacet
  facet normal 0 0 1
    outer loop
      vertex 59 -12.9974 8
      vertex 54 -16.9282 8
      vertex 59 -16.9282 8
    endloop
  endfacet
  facet normal -0 0 1
    outer loop
      vertex 59 -7.00257 8
      vertex 69 -12.9974 8
      vertex 69 -7.00257 8
    endloop
  endfacet
  facet normal 0 0 1
    outer loop
      vertex 69 -12.9974 8
      vertex 59 -7.00257 8
      vertex 59 -12.9974 8
    endloop
  endfacet
  facet normal -0 0 1
    outer loop
      vertex 69 8.06148 8
      vertex 74 2.99743 8
      vertex 74 8.06148 8
    endloop
  endfacet
  facet normal 0 0 1
    outer loop
      vertex 69 -7.00257 8
      vertex 74 2.99743 8
      vertex 69 8.06148 8
    endloop
  endfacet
  facet normal 0 0 1
    outer loop
      vertex 74 2.99743 8
      vertex 69 -7.00257 8
      vertex 74 -2.99743 8
    endloop
  endfacet
  facet normal 0 0 1
    outer loop
      vertex 74 -2.99743 8
      vertex 69 -7.00257 8
      vertex 74 -16.9282 8
    endloop
  endfacet
  facet normal -0 0 1
    outer loop
      vertex 69 -12.9974 8
      vertex 74 -16.9282 8
      vertex 69 -7.00257 8
    endloop
  endfacet
  facet normal 0 0 1
    outer loop
      vertex 74 -16.9282 8
      vertex 69 -12.9974 8
      vertex 69 -16.9282 8
    endloop
  endfacet
  facet normal -0 0 1
    outer loop
      vertex 74 2.99743 8
      vertex 86 -2.99743 8
      vertex 86 2.99743 8
    endloop
  endfacet
  facet normal 0 0 1
    outer loop
      vertex 86 -2.99743 8
      vertex 74 2.99743 8
      vertex 74 -2.99743 8
    endloop
  endfacet
  facet normal -0 0 1
    outer loop
      vertex 86 16.9282 8
      vertex 91 12.9974 8
      vertex 91 16.9282 8
    endloop
  endfacet
  facet normal 0 0 1
    outer loop
      vertex 91 12.9974 8
      vertex 86 16.9282 8
      vertex 91 7.00257 8
    endloop
  endfacet
  facet normal 0 0 1
    outer loop
      vertex 91 7.00257 8
      vertex 86 16.9282 8
      vertex 86 2.99743 8
    endloop
  endfacet
  facet normal 0 0 1
    outer loop
      vertex 86 -2.99743 8
      vertex 91 7.00257 8
      vertex 86 2.99743 8
    endloop
  endfacet
  facet normal 0 0 1
    outer loop
      vertex 91 7.00257 8
      vertex 86 -2.99743 8
      vertex 91 -8.06148 8
    endloop
  endfacet
  facet normal 0 0 1
    outer loop
      vertex 91 -8.06148 8
      vertex 86 -2.99743 8
      vertex 86 -8.06148 8
    endloop
  endfacet
  facet normal -0 0 1
    outer loop
      vertex 91 12.9974 8
      vertex 101 7.00257 8
      vertex 101 12.9974 8
    endloop
  endfacet
  facet normal 0 0 1
    outer loop
      vertex 101 7.00257 8
      vertex 91 12.9974 8
      vertex 91 7.00257 8
    endloop
  endfacet
  facet normal -0 0 1
    outer loop
      vertex 101 7.00257 8
      vertex 106 2.99743 8
      vertex 106 16.9282 8
    endloop
  endfacet
  facet normal 0 0 1
    outer loop
      vertex 106 2.99743 8
      vertex 101 7.00257 8
      vertex 106 -2.99743 8
    endloop
  endfacet
  facet normal 0 0 1
    outer loop
      vertex 101 12.9974 8
      vertex 106 16.9282 8
      vertex 101 16.9282 8
    endloop
  endfacet
  facet normal 0 0 1
    outer loop
      vertex 101 7.00257 8
      vertex 106 16.9282 8
      vertex 101 12.9974 8
    endloop
  endfacet
  facet normal 0 0 1
    outer loop
      vertex 101 -8.06148 8
      vertex 106 -2.99743 8
      vertex 101 7.00257 8
    endloop
  endfacet
  facet normal 0 0 1
    outer loop
      vertex 106 -2.99743 8
      vertex 101 -8.06148 8
      vertex 106 -8.06148 8
    endloop
  endfacet
  facet normal -0 0 1
    outer loop
      vertex 106 2.99743 8
      vertex 118 -2.99743 8
      vertex 118 2.99743 8
    endloop
  endfacet
  facet normal 0 0 1
    outer loop
      vertex 118 -2.99743 8
      vertex 106 2.99743 8
      vertex 106 -2.99743 8
    endloop
  endfacet
  facet normal 0 0 -1
    outer loop
      vertex -40 -2.99743 0
      vertex -10 2.99743 0
      vertex -10 -2.99743 0
    endloop
  endfacet
  facet normal -0 0 -1
    outer loop
      vertex -10 2.99743 0
      vertex -40 -2.99743 0
      vertex -40 2.99743 0
    endloop
  endfacet
  facet normal 0 0 -1
    outer loop
      vertex -10 -2.99743 0
      vertex -5 7.00257 0
      vertex -5 -8.06148 0
    endloop
  endfacet
  facet normal -0 0 -1
    outer loop
      vertex -5 7.00257 0
      vertex -10 2.99743 0
      vertex -5 12.9974 0
    endloop
  endfacet
  facet normal 0 0 -1
    outer loop
      vertex -10 -2.99743 0
      vertex -5 -8.06148 0
      vertex -10 -8.06148 0
    endloop
  endfacet
  facet normal 0 0 -1
    outer loop
      vertex -5 7.00257 0
      vertex -10 -2.99743 0
      vertex -10 2.99743 0
    endloop
  endfacet
  facet normal 0 0 -1
    outer loop
      vertex -10 16.9282 0
      vertex -5 12.9974 0
      vertex -10 2.99743 0
    endloop
  endfacet
  facet normal 0 0 -1
    outer loop
      vertex -5 12.9974 0
      vertex -10 16.9282 0
      vertex -5 16.9282 0
    endloop
  endfacet
  facet normal 0 0 -1
    outer loop
      vertex -5 7.00257 0
      vertex 5 12.9974 0
      vertex 5 7.00257 0
    endloop
  endfacet
  facet normal -0 0 -1
    outer loop
      vertex 5 12.9974 0
      vertex -5 7.00257 0
      vertex -5 12.9974 0
    endloop
  endfacet
  facet normal 0 0 -1
    outer loop
      vertex 5 -8.06148 0
      vertex 10 -2.99743 0
      vertex 10 -8.06148 0
    endloop
  endfacet
  facet normal 0 0 -1
    outer loop
      vertex 5 7.00257 0
      vertex 10 -2.99743 0
      vertex 5 -8.06148 0
    endloop
  endfacet
  facet normal 0 0 -1
    outer loop
      vertex 10 -2.99743 0
      vertex 5 7.00257 0
      vertex 10 2.99743 0
    endloop
  endfacet
  facet normal 0 0 -1
    outer loop
      vertex 10 2.99743 0
      vertex 5 7.00257 0
      vertex 10 16.9282 0
    endloop
  endfacet
  facet normal 0 0 -1
    outer loop
      vertex 5 12.9974 0
      vertex 10 16.9282 0
      vertex 5 7.00257 0
    endloop
  endfacet
  facet normal -0 0 -1
    outer loop
      vertex 10 16.9282 0
      vertex 5 12.9974 0
      vertex 5 16.9282 0
    endloop
  endfacet
  facet normal 0 0 -1
    outer loop
      vertex 10 -2.99743 0
      vertex 22 2.99743 0
      vertex 22 -2.99743 0
    endloop
  endfacet
  facet normal -0 0 -1
    outer loop
      vertex 22 2.99743 0
      vertex 10 -2.99743 0
      vertex 10 2.99743 0
    endloop
  endfacet
  facet normal 0 0 -1
    outer loop
      vertex 22 -16.9282 0
      vertex 27 -12.9974 0
      vertex 27 -16.9282 0
    endloop
  endfacet
  facet normal -0 0 -1
    outer loop
      vertex 27 -12.9974 0
      vertex 22 -16.9282 0
      vertex 27 -7.00257 0
    endloop
  endfacet
  facet normal -0 0 -1
    outer loop
      vertex 27 -7.00257 0
      vertex 22 -16.9282 0
      vertex 22 -2.99743 0
    endloop
  endfacet
  facet normal 0 0 -1
    outer loop
      vertex 22 2.99743 0
      vertex 27 -7.00257 0
      vertex 22 -2.99743 0
    endloop
  endfacet
  facet normal 0 0 -1
    outer loop
      vertex 27 -7.00257 0
      vertex 22 2.99743 0
      vertex 27 8.06148 0
    endloop
  endfacet
  facet normal -0 0 -1
    outer loop
      vertex 27 8.06148 0
      vertex 22 2.99743 0
      vertex 22 8.06148 0
    endloop
  endfacet
  facet normal 0 0 -1
    outer loop
      vertex 27 -12.9974 0
      vertex 37 -7.00257 0
      vertex 37 -12.9974 0
    endloop
  endfacet
  facet normal -0 0 -1
    outer loop
      vertex 37 -7.00257 0
      vertex 27 -12.9974 0
      vertex 27 -7.00257 0
    endloop
  endfacet
  facet normal 0 0 -1
    outer loop
      vertex 37 -7.00257 0
      vertex 42 -2.99743 0
      vertex 42 -16.9282 0
    endloop
  endfacet
  facet normal -0 0 -1
    outer loop
      vertex 42 -2.99743 0
      vertex 37 -7.00257 0
      vertex 42 2.99743 0
    endloop
  endfacet
  facet normal 0 0 -1
    outer loop
      vertex 37 -12.9974 0
      vertex 42 -16.9282 0
      vertex 37 -16.9282 0
    endloop
  endfacet
  facet normal 0 0 -1
    outer loop
      vertex 37 -7.00257 0
      vertex 42 -16.9282 0
      vertex 37 -12.9974 0
    endloop
  endfacet
  facet normal 0 0 -1
    outer loop
      vertex 37 8.06148 0
      vertex 42 2.99743 0
      vertex 37 -7.00257 0
    endloop
  endfacet
  facet normal 0 0 -1
    outer loop
      vertex 42 2.99743 0
      vertex 37 8.06148 0
      vertex 42 8.06148 0
    endloop
  endfacet
  facet normal 0 0 -1
    outer loop
      vertex 42 -2.99743 0
      vertex 54 2.99743 0
      vertex 54 -2.99743 0
    endloop
  endfacet
  facet normal -0 0 -1
    outer loop
      vertex 54 2.99743 0
      vertex 42 -2.99743 0
      vertex 42 2.99743 0
    endloop
  endfacet
  facet normal 0 0 -1
    outer loop
      vertex 54 -16.9282 0
      vertex 59 -12.9974 0
      vertex 59 -16.9282 0
    endloop
  endfacet
  facet normal -0 0 -1
    outer loop
      vertex 59 -12.9974 0
      vertex 54 -16.9282 0
      vertex 59 -7.00257 0
    endloop
  endfacet
  facet normal -0 0 -1
    outer loop
      vertex 59 -7.00257 0
      vertex 54 -16.9282 0
      vertex 54 -2.99743 0
    endloop
  endfacet
  facet normal 0 0 -1
    outer loop
      vertex 54 2.99743 0
      vertex 59 -7.00257 0
      vertex 54 -2.99743 0
    endloop
  endfacet
  facet normal 0 0 -1
    outer loop
      vertex 59 -7.00257 0
      vertex 54 2.99743 0
      vertex 59 8.06148 0
    endloop
  endfacet
  facet normal -0 0 -1
    outer loop
      vertex 59 8.06148 0
      vertex 54 2.99743 0
      vertex 54 8.06148 0
    endloop
  endfacet
  facet normal 0 0 -1
    outer loop
      vertex 59 -12.9974 0
      vertex 69 -7.00257 0
      vertex 69 -12.9974 0
    endloop
  endfacet
  facet normal -0 0 -1
    outer loop
      vertex 69 -7.00257 0
      vertex 59 -12.9974 0
      vertex 59 -7.00257 0
    endloop
  endfacet
  facet normal 0 0 -1
    outer loop
      vertex 69 -7.00257 0
      vertex 74 -2.99743 0
      vertex 74 -16.9282 0
    endloop
  endfacet
  facet normal -0 0 -1
    outer loop
      vertex 74 -2.99743 0
      vertex 69 -7.00257 0
      vertex 74 2.99743 0
    endloop
  endfacet
  facet normal 0 0 -1
    outer loop
      vertex 69 -12.9974 0
      vertex 74 -16.9282 0
      vertex 69 -16.9282 0
    endloop
  endfacet
  facet normal 0 0 -1
    outer loop
      vertex 69 -7.00257 0
      vertex 74 -16.9282 0
      vertex 69 -12.9974 0
    endloop
  endfacet
  facet normal 0 0 -1
    outer loop
      vertex 69 8.06148 0
      vertex 74 2.99743 0
      vertex 69 -7.00257 0
    endloop
  endfacet
  facet normal 0 0 -1
    outer loop
      vertex 74 2.99743 0
      vertex 69 8.06148 0
      vertex 74 8.06148 0
    endloop
  endfacet
  facet normal 0 0 -1
    outer loop
      vertex 74 -2.99743 0
      vertex 86 2.99743 0
      vertex 86 -2.99743 0
    endloop
  endfacet
  facet normal -0 0 -1
    outer loop
      vertex 86 2.99743 0
      vertex 74 -2.99743 0
      vertex 74 2.99743 0
    endloop
  endfacet
  facet normal 0 0 -1
    outer loop
      vertex 86 -2.99743 0
      vertex 91 7.00257 0
      vertex 91 -8.06148 0
    endloop
  endfacet
  facet normal -0 0 -1
    outer loop
      vertex 91 7.00257 0
      vertex 86 2.99743 0
      vertex 91 12.9974 0
    endloop
  endfacet
  facet normal 0 0 -1
    outer loop
      vertex 86 -2.99743 0
      vertex 91 -8.06148 0
      vertex 86 -8.06148 0
    endloop
  endfacet
  facet normal 0 0 -1
    outer loop
      vertex 91 7.00257 0
      vertex 86 -2.99743 0
      vertex 86 2.99743 0
    endloop
  endfacet
  facet normal 0 0 -1
    outer loop
      vertex 86 16.9282 0
      vertex 91 12.9974 0
      vertex 86 2.99743 0
    endloop
  endfacet
  facet normal 0 0 -1
    outer loop
      vertex 91 12.9974 0
      vertex 86 16.9282 0
      vertex 91 16.9282 0
    endloop
  endfacet
  facet normal 0 0 -1
    outer loop
      vertex 91 7.00257 0
      vertex 101 12.9974 0
      vertex 101 7.00257 0
    endloop
  endfacet
  facet normal -0 0 -1
    outer loop
      vertex 101 12.9974 0
      vertex 91 7.00257 0
      vertex 91 12.9974 0
    endloop
  endfacet
  facet normal 0 0 -1
    outer loop
      vertex 101 -8.06148 0
      vertex 106 -2.99743 0
      vertex 106 -8.06148 0
    endloop
  endfacet
  facet normal 0 0 -1
    outer loop
      vertex 101 7.00257 0
      vertex 106 -2.99743 0
      vertex 101 -8.06148 0
    endloop
  endfacet
  facet normal 0 0 -1
    outer loop
      vertex 106 -2.99743 0
      vertex 101 7.00257 0
      vertex 106 2.99743 0
    endloop
  endfacet
  facet normal 0 0 -1
    outer loop
      vertex 106 2.99743 0
      vertex 101 7.00257 0
      vertex 106 16.9282 0
    endloop
  endfacet
  facet normal 0 0 -1
    outer loop
      vertex 101 12.9974 0
      vertex 106 16.9282 0
      vertex 101 7.00257 0
    endloop
  endfacet
  facet normal -0 0 -1
    outer loop
      vertex 106 16.9282 0
      vertex 101 12.9974 0
      vertex 101 16.9282 0
    endloop
  endfacet
  facet normal 0 0 -1
    outer loop
      vertex 106 -2.99743 0
      vertex 118 2.99743 0
      vertex 118 -2.99743 0
    endloop
  endfacet
  facet normal -0 0 -1
    outer loop
      vertex 118 2.99743 0
      vertex 106 -2.99743 0
      vertex 106 2.99743 0
    endloop
  endfacet
endsolid OpenSCAD_Model
